method,mission,k,g,chart,mode,reset_failed,nominal_feasible,budget_before,budget_after,risk,reserve,horizon_escape,first_escape,state_violation,input_violation,x0,x1,next_x0,next_x1,nominal_x0,nominal_x1,u,stage_cost,state_tightening,input_tightening
calibrate_then_close,0,0,0,0,certified_reset,0,1,0.1,0.09600612548161347,0.003993874518386541,0.08387136488611735,0.0,0.0,0,0,3.1989900460688343,0.08983629918754388,2.507140638038389,-1.4597093670982157,3.1989900460688343,0.08983629918754388,-1.5499999999997849,10.295052515764775,0.09247055884616479,0.4692718888022016
calibrate_then_close,0,1,0,0,certified_reset,0,1,0.09600612548161347,0.09201225096322693,0.003993874518386541,0.07987749036773081,0.0,0.0,0,0,2.507140638038389,-1.4597093670982157,0.9481919741261481,-1.6606582155501086,2.507140638038389,-1.4597093670982157,-0.20228979524843585,6.670312466486051,0.09247055884616479,0.4692718888022016
calibrate_then_close,0,2,0,0,certified_reset,0,1,0.09201225096322693,0.0880183764448404,0.003993874518386541,0.07588361584934428,0.0,0.0,0,0,0.9481919741261481,-1.6606582155501086,0.04311035182488928,-0.17780161850634807,0.9481919741261481,-1.6606582155501086,1.5021305811185481,1.4518793544628632,0.09247055884616479,0.4692718888022016
calibrate_then_close,0,3,0,0,certified_reset,0,1,0.0880183764448404,0.08402450192645386,0.003993874518386541,0.07188974133095774,0.0,0.0,0,0,0.04311035182488928,-0.17780161850634807,-0.021837363569180104,0.04104715546468592,0.04311035182488928,-0.17780161850634807,0.21898961868725922,0.008747828559611363,0.09247055884616479,0.4692718888022016
calibrate_then_close,0,4,0,0,certified_reset,0,1,0.08402450192645386,0.08003062740806732,0.003993874518386541,0.0678958668125712,0.0,0.0,0,0,-0.021837363569180104,0.04104715546468592,0.00401285369291026,-0.012282931060877949,-0.021837363569180104,0.04104715546468592,-0.0387253958242325,0.0008176382696097185,0.09247055884616479,0.4692718888022016
calibrate_then_close,0,5,0,0,certified_reset,0,1,0.08003062740806732,0.07603675288968079,0.003993874518386541,0.06390199229418467,0.0,0.0,0,0,0.00401285369291026,-0.012282931060877949,-0.00651290611301272,0.0019086342237794192,0.00401285369291026,-0.012282931060877949,0.014098772592836073,4.8229050656646604e-05,0.09247055884616479,0.4692718888022016
calibrate_then_close,0,6,0,0,certified_reset,0,1,0.07603675288968079,0.07204287837129425,0.003993874518386541,0.05990811777579813,0.0,0.0,0,0,-0.00651290611301272,0.0019086342237794192,-0.00013519268630386022,0.010723953401104911,-0.00651290611301272,0.0019086342237794192,0.0036723988999139757,4.341082810695346e-05,0.09247055884616479,0.4692718888022016
calibrate_then_close,0,7,0,0,certified_reset,0,1,0.07204287837129425,0.06804900385290771,0.003993874518386541,0.05591424325741159,0.0,0.0,0,0,-0.00013519268630386022,0.010723953401104911,-0.0014133984418134545,-0.0018285601203490219,-0.00013519268630386022,0.010723953401104911,-0.015662928499379426,2.6852032070679384e-05,0.09247055884616479,0.4692718888022016
calibrate_then_close,0,8,0,0,certified_reset,0,1,0.06804900385290771,0.06405512933452118,0.003993874518386541,0.051920368739025044,0.0,0.0,0,0,-0.0014133984418134545,-0.0018285601203490219,-0.0013847807551676248,-0.0005841997569957058,-0.0014133984418134545,-0.0018285601203490219,0.004101704257274494,3.020148381145843e-06,0.09247055884616479,0.4692718888022016
calibrate_then_close,0,9,0,0,certified_reset,0,1,0.06405512933452118,0.060061254816134634,0.003993874518386541,0.0479264942206385,0.0,0.0,0,0,-0.0013847807551676248,-0.0005841997569957058,-0.00018399684110913445,-0.001900728982232963,-0.0013847807551676248,-0.0005841997569957058,0.002238536224601357,2.1043259346972214e-06,0.09247055884616479,0.4692718888022016
calibrate_then_close,0,10,0,0,certified_reset,0,1,0.060061254816134634,0.05606738029774809,0.003993874518386541,0.04393261970225196,0.0,0.0,0,0,-0.00018399684110913445,-0.001900728982232963,-0.011143494184467657,0.0043313621992816,-0.00018399684110913445,-0.001900728982232963,0.002982270171498376,9.065019414354277e-07,0.09247055884616479,0.4692718888022016
calibrate_then_close,0,11,0,0,certified_reset,0,1,0.05606738029774809,0.05207350577936155,0.003993874518386541,0.039938745183865414,0.0,0.0,0,0,-0.011143494184467657,0.0043313621992816,0.00701911652700947,0.008872309391179405,-0.011143494184467657,0.0043313621992816,0.004713336142797689,0.00012810977680938537,0.09247055884616479,0.4692718888022016
calibrate_then_close,0,12,0,0,certified_reset,0,1,0.05207350577936155,0.048079631260975,0.003993874518386541,0.03594487066547887,0.0,0.0,0,0,0.00701911652700947,0.008872309391179405,0.008088613264082403,0.00030888584225585367,0.00701911652700947,0.008872309391179405,-0.02006178270358158,7.349909225878645e-05,0.09247055884616479,0.4692718888022016
calibrate_then_close,0,13,0,0,certified_reset,0,1,0.048079631260975,0.04408575674258846,0.003993874518386541,0.03195099614709233,0.0,0.0,0,0,0.008088613264082403,0.00030888584225585367,-0.0001552163657740583,-0.0028760071733326875,0.008088613264082403,0.00030888584225585367,-0.00851049633528697,6.725355211615141e-05,0.09247055884616479,0.4692718888022016
calibrate_then_close,0,14,0,0,certified_reset,0,1,0.04408575674258846,0.040091882224201916,0.003993874518386541,0.027957121628705783,0.0,0.0,0,0,-0.0001552163657740583,-0.0028760071733326875,-0.0024935967862658366,-0.0012391299769585772,-0.0001552163657740583,-0.0028760071733326875,0.004391331062047176,1.995041939607609e-06,0.09247055884616479,0.4692718888022016
calibrate_then_close,0,15,0,0,certified_reset,0,1,0.040091882224201916,0.03609800770581537,0.003993874518386541,0.023963247110319243,0.0,0.0,0,0,-0.0024935967862658366,-0.0012391299769585772,-0.014169160538820388,0.02027561660320904,-0.0024935967862658366,-0.0012391299769585772,0.004306539046407674,6.958061654394681e-06,0.09247055884616479,0.4692718888022016
calibrate_then_close,0,16,0,0,certified_reset,0,1,0.03609800770581537,0.03210413318742883,0.003993874518386541,0.019969372591932703,0.0,0.0,0,0,-0.014169160538820388,0.02027561660320904,0.0013352946775593223,0.008928913976211102,-0.014169160538820388,0.02027561660320904,-0.015754674784057836,0.00028096846796890927,0.09247055884616479,0.4692718888022016
calibrate_then_close,0,17,1,1,certified_reset,0,1,0.03210413318742883,0.02811025866904229,0.003993874518386541,0.015975498073546163,0.0,0.0,0,0,0.0013352946775593223,0.008928913976211102,0.0016558720807677962,-0.017084628422063864,0.0013352946775593223,0.008928913976211102,-0.01448255187034622,2.1377210455874003e-05,0.09744082949644373,0.49914169846942547
calibrate_then_close,0,18,1,1,certified_reset,0,1,0.02811025866904229,0.02411638415065575,0.003993874518386541,0.011981623555159623,0.0,0.0,0,0,0.0016558720807677962,-0.017084628422063864,-0.002387245307779015,0.012460547238009602,0.0016558720807677962,-0.017084628422063864,0.02351978300143919,6.91106322563346e-05,0.09744082949644373,0.49914169846942547
calibrate_then_close,0,19,1,1,certified_reset,0,1,0.02411638415065575,0.02012250963226921,0.003993874518386541,0.007987749036773082,0.0,0.0,0,0,-0.002387245307779015,0.012460547238009602,0.012609819009167146,0.024910889882627643,-0.002387245307779015,0.012460547238009602,-0.015980728453169814,4.0031274951582074e-05,0.09744082949644373,0.49914169846942547
calibrate_then_close,0,20,1,1,certified_reset,0,1,0.02012250963226921,0.01612863511388267,0.003993874518386541,0.003993874518386541,0.0,0.0,0,0,0.012609819009167146,0.024910889882627643,0.028157167308730476,-0.02429236150138307,0.012609819009167146,0.024910889882627643,-0.049255395458826845,0.00033135932324308067,0.09744082949644373,0.49914169846942547
calibrate_then_close,0,21,1,1,certified_reset,0,1,0.01612863511388267,0.01213476059549613,0.003993874518386541,0.0,0.0,0.0,0,0,0.028157167308730476,-0.02429236150138307,0.008337965651506156,-0.05383212532207546,0.028157167308730476,-0.02429236150138307,0.007742567320275588,0.0009005461434860632,0.09744082949644373,0.49914169846942547
calibrate_then_close,1,0,0,0,certified_reset,0,1,0.1,0.09600612548161347,0.003993874518386541,0.08387136488611735,0.0,0.0,0,0,-3.330746672366392,0.5974032371171546,-1.959931977089996,2.1389301136898955,-3.330746672366392,0.5974032371171546,1.5499999999999992,11.218176208469044,0.09247055884616479,0.4692718888022016
calibrate_then_close,1,1,0,0,certified_reset,0,1,0.09600612548161347,0.09201225096322693,0.003993874518386541,0.07987749036773081,0.0,0.0,0,0,-1.959931977089996,2.1389301136898955,-0.42247134826704347,0.9365745293888823,-1.959931977089996,2.1389301136898955,-1.1992162489704732,4.7007903107396745,0.09247055884616479,0.4692718888022016
calibrate_then_close,1,2,0,0,certified_reset,0,1,0.09201225096322693,0.0880183764448404,0.003993874518386541,0.07588361584934428,0.0,0.0,0,0,-0.42247134826704347,0.9365745293888823,0.02976794237679257,-0.015569318416534944,-0.42247134826704347,0.9365745293888823,-0.9589803003475341,0.35936405335594085,0.09247055884616479,0.4692718888022016
calibrate_then_close,1,3,0,0,certified_reset,0,1,0.0880183764448404,0.08402450192645386,0.003993874518386541,0.07188974133095774,0.0,0.0,0,0,0.02976794237679257,-0.015569318416534944,0.013842873154767144,-0.02948142965695021,0.02976794237679257,-0.015569318416534944,-0.006703721701359503,0.0009308865521362568,0.09247055884616479,0.4692718888022016
calibrate_then_close,1,4,0,0,certified_reset,0,1,0.08402450192645386,0.08003062740806732,0.003993874518386541,0.0678958668125712,0.0,0.0,0,0,0.013842873154767144,-0.02948142965695021,-0.0015373176042071898,-0.0019002793388358638,0.013842873154767144,-0.02948142965695021,0.029647776136206016,0.00037004774795572413,0.09247055884616479,0.4692718888022016
calibrate_then_close,1,5,0,0,certified_reset,0,1,0.08003062740806732,0.07603675288968079,0.003993874518386541,0.06390199229418467,0.0,0.0,0,0,-0.0015373176042071898,-0.0019002793388358638,-0.004502988817113864,-0.011656898642853172,-0.0015373176042071898,-0.0019002793388358638,0.004335581817487524,3.4832682404177085e-06,0.09247055884616479,0.4692718888022016
calibrate_then_close,1,6,0,0,certified_reset,0,1,0.07603675288968079,0.07204287837129425,0.003993874518386541,0.05990811777579813,0.0,0.0,0,0,-0.004502988817113864,-0.011656898642853172,-0.004951474768541044,0.011159673797327673,-0.004502988817113864,-0.011656898642853172,0.021653069597464422,5.6457285336423846e-05,0.09247055884616479,0.4692718888022016
calibrate_then_close,1,7,0,0,certified_reset,0,1,0.07204287837129425,0.06804900385290771,0.003993874518386541,0.05591424325741159,0.0,0.0,0,0,-0.004951474768541044,0.011159673797327673,-0.0018532814367037574,0.010656031568738915,-0.004951474768541044,0.011159673797327673,-0.011509423089627897,5.024567034719721e-05,0.09247055884616479,0.4692718888022016
calibrate_then_close,1,8,0,0,certified_reset,0,1,0.06804900385290771,0.06405512933452118,0.003993874518386541,0.051920368739025044,0.0,0.0,0,0,-0.0018532814367037574,0.010656031568738915,0.008247966890025587,0.000622528103766402,-0.0018532814367037574,0.010656031568738915,-0.013849863334290457,2.8669301526006684e-05,0.09247055884616479,0.4692718888022016
calibrate_then_close,1,9,0,0,certified_reset,0,1,0.06405512933452118,0.060061254816134634,0.003993874518386541,0.0479264942206385,0.0,0.0,0,0,0.008247966890025587,0.000622528103766402,0.008281760161534445,-0.015233704805918086,0.008247966890025587,0.000622528103766402,-0.009127864261153912,7.018166289140584e-05,0.09247055884616479,0.4692718888022016
calibrate_then_close,1,10,0,0,certified_reset,0,1,0.060061254816134634,0.05606738029774809,0.003993874518386541,0.04393261970225196,0.0,0.0,0,0,0.008281760161534445,-0.015233704805918086,0.0010101874773359542,-0.0057421295973012505,0.008281760161534445,-0.015233704805918086,0.01419340582723891,0.00011539570777808984,0.09247055884616479,0.4692718888022016
calibrate_then_close,1,11,0,0,certified_reset,0,1,0.05606738029774809,0.05207350577936155,0.003993874518386541,0.039938745183865414,0.0,0.0,0,0,0.0010101874773359542,-0.0057421295973012505,-0.0041401303540694705,-0.00332705600076253,0.0010101874773359542,-0.0057421295973012505,0.007447407990490247,8.342045299983371e-06,0.09247055884616479,0.4692718888022016
calibrate_then_close,1,12,0,0,certified_reset,0,1,0.05207350577936155,0.048079631260975,0.003993874518386541,0.03594487066547887,0.0,0.0,0,0,-0.0041401303540694705,-0.00332705600076253,-0.002793561507011165,0.00083037891161729,-0.0041401303540694705,-0.00332705600076253,0.009021082239362224,2.1167651761718606e-05,0.09247055884616479,0.4692718888022016
calibrate_then_close,1,13,0,0,certified_reset,0,1,0.048079631260975,0.04408575674258846,0.003993874518386541,0.03195099614709233,0.0,0.0,0,0,-0.002793561507011165,0.00083037891161729,0.004364268693702069,0.007644106703687233,-0.002793561507011165,0.00083037891161729,0.0015595414252571834,7.98890537451639e-06,0.09247055884616479,0.4692718888022016
calibrate_then_close,1,14,0,0,certified_reset,0,1,0.04408575674258846,0.040091882224201916,0.003993874518386541,0.027957121628705783,0.0,0.0,0,0,0.004364268693702069,0.007644106703687233,-0.004879618706043285,-0.005617997433827538,0.004364268693702069,0.007644106703687233,-0.015605304569502806,3.565280561202569e-05,0.09247055884616479,0.4692718888022016
calibrate_then_close,1,15,0,0,certified_reset,0,1,0.040091882224201916,0.03609800770581537,0.003993874518386541,0.023963247110319243,0.0,0.0,0,0,-0.004879618706043285,-0.005617997433827538,-0.00821376403703506,0.010841480793137863,-0.004879618706043285,-0.005617997433827538,0.013137671102590938,3.380677989633257e-05,0.09247055884616479,0.4692718888022016
calibrate_then_close,1,16,0,0,certified_reset,0,1,0.03609800770581537,0.03210413318742883,0.003993874518386541,0.019969372591932703,0.0,0.0,0,0,-0.00821376403703506,0.010841480793137863,0.00628825344136011,0.00718057300177949,-0.00821376403703506,0.010841480793137863,-0.0077897378951865305,9.0139707109819e-05,0.09247055884616479,0.4692718888022016
calibrate_then_close,1,17,0,0,certified_reset,0,1,0.03210413318742883,0.02811025866904229,0.003993874518386541,0.015975498073546163,0.0,0.0,0,0,0.00628825344136011,0.00718057300177949,0.010779742177757758,0.0007336866770610209,0.00628825344136011,0.00718057300177949,-0.016838971429464288,5.591181846693434e-05,0.09247055884616479,0.4692718888022016
calibrate_then_close,1,18,0,0,certified_reset,0,1,0.02811025866904229,0.02411638415065575,0.003993874518386541,0.011981623555159623,0.0,0.0,0,0,0.010779742177757758,0.0007336866770610209,0.011727157735675127,-0.011212454938604817,0.010779742177757758,0.0007336866770610209,-0.011809582441159502,0.00011978639066001057,0.09247055884616479,0.4692718888022016
calibrate_then_close,1,19,0,0,certified_reset,0,1,0.02411638415065575,0.02012250963226921,0.003993874518386541,0.007987749036773082,0.0,0.0,0,0,0.011727157735675127,-0.011212454938604817,-0.00010753826761346298,-0.012482166606460454,0.011727157735675127,-0.011212454938604817,0.004837140004936716,0.0001607406228781328,0.09247055884616479,0.4692718888022016
calibrate_then_close,1,20,0,0,certified_reset,0,1,0.02012250963226921,0.01612863511388267,0.003993874518386541,0.003993874518386541,0.0,0.0,0,0,-0.00010753826761346298,-0.012482166606460454,-0.010930320905258226,0.002581839666521595,-0.00010753826761346298,-0.012482166606460454,0.018494293004021046,3.660734329642442e-05,0.09247055884616479,0.4692718888022016
calibrate_then_close,1,21,0,0,certified_reset,0,1,0.01612863511388267,0.01213476059549613,0.003993874518386541,0.0,0.0,0.0,0,0,-0.010930320905258226,0.002581839666521595,-0.003956637737263597,0.02083425830648522,-0.010930320905258226,0.002581839666521595,0.007083427994526355,0.00012192615018721839,0.09247055884616479,0.4692718888022016
calibrate_then_close,2,0,0,0,certified_reset,0,1,0.1,0.09600612548161347,0.003993874518386541,0.08387136488611735,0.0,0.0,0,0,-5.707789416035064,0.09001766264646471,-4.845851119490548,1.6396337289283565,-5.707789416035064,0.09001766264646471,1.5499999999991863,32.64038109012774,0.09247055884616479,0.4692718888022016
calibrate_then_close,2,1,0,0,certified_reset,0,1,0.09600612548161347,0.09201225096322693,0.003993874518386541,0.07987749036773081,0.0,0.0,0,0,-4.845851119490548,1.6396337289283565,-2.6264561127026864,2.7983286971312076,-4.845851119490548,1.6396337289283565,1.1499908295539072,23.99924682267636,0.09247055884616479,0.4692718888022016
calibrate_then_close,2,2,0,0,certified_reset,0,1,0.09201225096322693,0.0880183764448404,0.003993874518386541,0.07588361584934428,0.0,0.0,0,0,-2.6264561127026864,2.7983286971312076,-0.5778224862325625,1.286500327159934,-2.6264561127026864,2.7983286971312076,-1.5068715801119161,8.364554090420878,0.09247055884616479,0.4692718888022016
calibrate_then_close,2,3,0,0,certified_reset,0,1,0.0880183764448404,0.08402450192645386,0.003993874518386541,0.07188974133095774,0.0,0.0,0,0,-0.5778224862325625,1.286500327159934,0.056398645759192886,-0.026846252364546637,-0.5778224862325625,1.286500327159934,-1.3197603252772439,0.6753379650212484,0.09247055884616479,0.4692718888022016
calibrate_then_close,2,4,0,0,certified_reset,0,1,0.08402450192645386,0.08003062740806732,0.003993874518386541,0.0678958668125712,0.0,0.0,0,0,0.056398645759192886,-0.026846252364546637,0.01741043048975274,-0.05790523848326604,0.056398645759192886,-0.026846252364546637,-0.01661092694019426,0.003317435143700004,0.09247055884616479,0.4692718888022016
calibrate_then_close,2,5,0,0,certified_reset,0,1,0.08003062740806732,0.07603675288968079,0.003993874518386541,0.06390199229418467,0.0,0.0,0,0,0.01741043048975274,-0.05790523848326604,-0.0053164569847305495,0.018368957700736592,0.01741043048975274,-0.05790523848326604,0.06796452470499167,0.001022145501182602,0.09247055884616479,0.4692718888022016
calibrate_then_close,2,6,0,0,certified_reset,0,1,0.07603675288968079,0.07204287837129425,0.003993874518386541,0.05990811777579813,0.0,0.0,0,0,-0.0053164569847305495,0.018368957700736592,0.003938587433728099,0.006358631236034877,-0.0053164569847305495,0.018368957700736592,-0.021767395145352534,0.00010084555141789919,0.09247055884616479,0.4692718888022016
calibrate_then_close,2,7,0,0,certified_reset,0,1,0.07204287837129425,0.06804900385290771,0.003993874518386541,0.05591424325741159,0.0,0.0,0,0,0.003938587433728099,0.006358631236034877,-0.0015004745598273424,-0.010816010406970252,0.003938587433728099,0.006358631236034877,-0.01328562523572227,2.720296133598052e-05,0.09247055884616479,0.4692718888022016
calibrate_then_close,2,8,0,0,certified_reset,0,1,0.06804900385290771,0.06405512933452118,0.003993874518386541,0.051920368739025044,0.0,0.0,0,0,-0.0015004745598273424,-0.010816010406970252,-0.007232201048322296,0.0007154862465193401,-0.0015004745598273424,-0.010816010406970252,0.01742865647959016,3.090287017404204e-05,0.09247055884616479,0.4692718888022016
calibrate_then_close,2,9,0,0,certified_reset,0,1,0.06405512933452118,0.060061254816134634,0.003993874518386541,0.0479264942206385,0.0,0.0,0,0,-0.007232201048322296,0.0007154862465193401,-0.002291680875498475,0.00030738190054673247,-0.007232201048322296,0.0007154862465193401,0.006145396632606467,5.33410252000679e-05,0.09247055884616479,0.4692718888022016
calibrate_then_close,2,10,0,0,certified_reset,0,1,0.060061254816134634,0.05606738029774809,0.003993874518386541,0.04393261970225196,0.0,0.0,0,0,-0.002291680875498475,0.00030738190054673247,-0.006934781689278299,0.005450854982920882,-0.002291680875498475,0.00030738190054673247,0.001829917399233308,5.352523231226946e-06,0.09247055884616479,0.4692718888022016
calibrate_then_close,2,11,0,0,certified_reset,0,1,0.05606738029774809,0.05207350577936155,0.003993874518386541,0.039938745183865414,0.0,0.0,0,0,-0.006934781689278299,0.005450854982920882,-0.00070509618967738,0.01830933037948302,-0.006934781689278299,0.005450854982920882,-0.0011220017719564053,5.347079688542642e-05,0.09247055884616479,0.4692718888022016
calibrate_then_close,2,12,0,0,certified_reset,0,1,0.05207350577936155,0.048079631260975,0.003993874518386541,0.03594487066547887,0.0,0.0,0,0,-0.00070509618967738,0.01830933037948302,0.006591729118528745,-0.0013720155037330387,-0.00070509618967738,0.01830933037948302,-0.02627125340596016,7.809331373481265e-05,0.09247055884616479,0.4692718888022016
calibrate_then_close,2,13,0,0,certified_reset,0,1,0.048079631260975,0.04408575674258846,0.003993874518386541,0.03195099614709233,0.0,0.0,0,0,0.006591729118528745,-0.0013720155037330387,0.0013998149809431241,-0.0020914336056830217,0.006591729118528745,-0.0013720155037330387,-0.00454433666804976,4.4306004443521376e-05,0.09247055884616479,0.4692718888022016
calibrate_then_close,2,14,0,0,certified_reset,0,1,0.04408575674258846,0.040091882224201916,0.003993874518386541,0.027957121628705783,0.0,0.0,0,0,0.0013998149809431241,-0.0020914336056830217,0.0024059110645628383,-0.019547409932070995,0.0013998149809431241,-0.0020914336056830217,0.0016860042999579973,2.817884258216172e-06,0.09247055884616479,0.4692718888022016
calibrate_then_close,2,15,0,0,certified_reset,0,1,0.040091882224201916,0.03609800770581537,0.003993874518386541,0.023963247110319243,0.0,0.0,0,0,0.0024059110645628383,-0.019547409932070995,-0.001268302955919245,-0.0016036484295236502,0.0024059110645628383,-0.019547409932070995,0.026397993861919124,9.198798235837088e-05,0.09247055884616479,0.4692718888022016
calibrate_then_close,2,16,0,0,certified_reset,0,1,0.03609800770581537,0.03210413318742883,0.003993874518386541,0.019969372591932703,0.0,0.0,0,0,-0.001268302955919245,-0.0016036484295236502,0.005919513506043814,0.02706906955303566,-0.001268302955919245,-0.0016036484295236502,0.003628605757148629,2.4006657729062593e-06,0.09247055884616479,0.4692718888022016
calibrate_then_close,2,17,0,0,certified_reset,0,1,0.03210413318742883,0.02811025866904229,0.003993874518386541,0.015975498073546163,0.0,0.0,0,0,0.005919513506043814,0.02706906955303566,0.016528774852924828,-0.02192811887985076,0.005919513506043814,0.02706906955303566,-0.045773161600926066,0.00021931241298592222,0.09247055884616479,0.4692718888022016
calibrate_then_close,2,18,0,0,certified_reset,0,1,0.02811025866904229,0.02411638415065575,0.003993874518386541,0.011981623555159623,0.0,0.0,0,0,0.016528774852924828,-0.02192811887985076,0.012746858688444272,-0.009296636153348102,0.016528774852924828,-0.02192811887985076,0.01583810983691925,0.0003660231727884342,0.09247055884616479,0.4692718888022016
calibrate_then_close,2,19,0,0,certified_reset,0,1,0.02411638415065575,0.02012250963226921,0.003993874518386541,0.007987749036773082,0.0,0.0,0,0,0.012746858688444272,-0.009296636153348102,0.004373327516268323,-0.012417742430076793,0.012746858688444272,-0.009296636153348102,0.0010035974156809577,0.0001780645264956793,0.09247055884616479,0.4692718888022016
calibrate_then_close,2,20,0,0,certified_reset,0,1,0.02012250963226921,0.01612863511388267,0.003993874518386541,0.003993874518386541,0.0,0.0,0,0,0.004373327516268323,-0.012417742430076793,-0.00445442466764198,-0.005485128151955154,0.004373327516268323,-0.012417742430076793,0.013937789177005866,5.173860161386751e-05,0.09247055884616479,0.4692718888022016
calibrate_then_close,2,21,0,0,certified_reset,0,1,0.01612863511388267,0.01213476059549613,0.003993874518386541,0.0,0.0,0.0,0,0,-0.00445442466764198,-0.005485128151955154,-0.00995261499974076,0.01054163918253752,-0.00445442466764198,-0.005485128151955154,0.012512684955430122,2.9171674791350322e-05,0.09247055884616479,0.4692718888022016
calibrate_then_close,3,0,0,0,certified_reset,0,1,0.1,0.09600612548161347,0.003993874518386541,0.08387136488611735,0.0,0.0,0,0,3.5443418707685304,-0.30877697907899543,2.461297477046612,-1.8530337279439246,3.5443418707685304,-0.30877697907899543,-1.55,12.639583576988613,0.09247055884616479,0.4692718888022016
calibrate_then_close,3,1,0,0,certified_reset,0,1,0.09600612548161347,0.09201225096322693,0.003993874518386541,0.07987749036773081,0.0,0.0,0,0,2.461297477046612,-1.8530337279439246,0.7817433644860218,-1.5099122085487793,2.461297477046612,-1.8530337279439246,0.3359083313027285,6.67887825013358,0.09247055884616479,0.4692718888022016
calibrate_then_close,3,2,0,0,certified_reset,0,1,0.09201225096322693,0.0880183764448404,0.003993874518386541,0.07588361584934428,0.0,0.0,0,0,0.7817433644860218,-1.5099122085487793,-0.007816761678047556,-0.04791569820280146,0.7817433644860218,-1.5099122085487793,1.4458099536828206,1.0737521264265706,0.09247055884616479,0.4692718888022016
calibrate_then_close,3,3,0,0,certified_reset,0,1,0.0880183764448404,0.08402450192645386,0.003993874518386541,0.07188974133095774,0.0,0.0,0,0,-0.007816761678047556,-0.04791569820280146,-0.010096434229371037,0.028079866990894296,-0.007816761678047556,-0.04791569820280146,0.07836374217863841,0.0006278882095045469,0.09247055884616479,0.4692718888022016
calibrate_then_close,3,4,0,0,certified_reset,0,1,0.08402450192645386,0.08003062740806732,0.003993874518386541,0.0678958668125712,0.0,0.0,0,0,-0.010096434229371037,0.028079866990894296,0.0006531006161775335,-0.003813337593731562,-0.010096434229371037,0.028079866990894296,-0.031314229239354514,0.000268378715410123,0.09247055884616479,0.4692718888022016
calibrate_then_close,3,5,0,0,certified_reset,0,1,0.08003062740806732,0.07603675288968079,0.003993874518386541,0.06390199229418467,0.0,0.0,0,0,0.0006531006161775335,-0.003813337593731562,-0.0014651209307390092,-0.0010903582419722344,0.0006531006161775335,-0.003813337593731562,0.004968553388297965,3.661181332838609e-06,0.09247055884616479,0.4692718888022016
calibrate_then_close,3,6,0,0,certified_reset,0,1,0.07603675288968079,0.07204287837129425,0.003993874518386541,0.05990811777579813,0.0,0.0,0,0,-0.0014651209307390092,-0.0010903582419722344,-0.0029396529545258746,0.0012913968818349015,-0.0014651209307390092,-0.0010903582419722344,0.003063661244683295,2.595228444494521e-06,0.09247055884616479,0.4692718888022016
calibrate_then_close,3,7,0,0,certified_reset,0,1,0.07204287837129425,0.06804900385290771,0.003993874518386541,0.05591424325741159,0.0,0.0,0,0,-0.0029396529545258746,0.0012913968818349015,0.0005211427795134066,0.007262428014708189,-0.0029396529545258746,0.0012913968818349015,0.0010265300265410407,8.968090653591785e-06,0.09247055884616479,0.4692718888022016
calibrate_then_close,3,8,0,0,certified_reset,0,1,0.06804900385290771,0.06405512933452118,0.003993874518386541,0.051920368739025044,0.0,0.0,0,0,0.0005211427795134066,0.007262428014708189,0.006037197222464848,-0.00593382855369559,0.0005211427795134066,0.007262428014708189,-0.01121582927005294,1.2910175372400665e-05,0.09247055884616479,0.4692718888022016
calibrate_then_close,3,9,0,0,certified_reset,0,1,0.06405512933452118,0.060061254816134634,0.003993874518386541,0.0479264942206385,0.0,0.0,0,0,0.006037197222464848,-0.00593382855369559,0.012125656246465787,-0.009575053912649593,0.006037197222464848,-0.00593382855369559,0.002728555186832153,4.2971733472964554e-05,0.09247055884616479,0.4692718888022016
calibrate_then_close,3,10,0,0,certified_reset,0,1,0.060061254816134634,0.05606738029774809,0.003993874518386541,0.04393261970225196,0.0,0.0,0,0,0.012125656246465787,-0.009575053912649593,0.00011717553827943856,-0.0019773506771962393,0.012125656246465787,-0.009575053912649593,0.002031299001232468,0.00016363739213569127,0.09247055884616479,0.4692718888022016
calibrate_then_close,3,11,0,0,certified_reset,0,1,0.05606738029774809,0.05207350577936155,0.003993874518386541,0.039938745183865414,0.0,0.0,0,0,0.00011717553827943856,-0.0019773506771962393,0.00015653805180434305,0.01388549883760411,0.00011717553827943856,-0.0019773506771962393,0.0027954099844144957,9.128728574046992e-07,0.09247055884616479,0.4692718888022016
calibrate_then_close,3,12,0,0,certified_reset,0,1,0.05207350577936155,0.048079631260975,0.003993874518386541,0.03594487066547887,0.0,0.0,0,0,0.00015653805180434305,0.01388549883760411,0.009087428468920335,-0.018163051848338607,0.00015653805180434305,0.01388549883760411,-0.020609903597222017,4.534898135327124e-05,0.09247055884616479,0.4692718888022016
calibrate_then_close,3,13,0,0,certified_reset,0,1,0.048079631260975,0.04408575674258846,0.003993874518386541,0.03195099614709233,0.0,0.0,0,0,0.009087428468920335,-0.018163051848338607,0.003029057214789915,-0.0016074114882705804,0.009087428468920335,-0.018163051848338607,0.017709408324668167,0.000149803296198168,0.09247055884616479,0.4692718888022016
calibrate_then_close,3,14,0,0,certified_reset,0,1,0.04408575674258846,0.040091882224201916,0.003993874518386541,0.027957121628705783,0.0,0.0,0,0,0.003029057214789915,-0.0016074114882705804,-0.003102874060715297,0.0011154906880506497,0.003029057214789915,-0.0016074114882705804,-0.0006430379269684869,9.650603959531198e-06,0.09247055884616479,0.4692718888022016
calibrate_then_close,3,15,0,0,certified_reset,0,1,0.040091882224201916,0.03609800770581537,0.003993874518386541,0.023963247110319243,0.0,0.0,0,0,-0.003102874060715297,0.0011154906880506497,0.002606989394303065,-0.005058799642411924,-0.003102874060715297,0.0011154906880506497,0.0014459424208286067,9.90407367929162e-06,0.09247055884616479,0.4692718888022016
calibrate_then_close,3,16,0,0,certified_reset,0,1,0.03609800770581537,0.03210413318742883,0.003993874518386541,0.019969372591932703,0.0,0.0,0,0,0.002606989394303065,-0.005058799642411924,0.0008214575057556517,-0.006781777760691313,0.002606989394303065,-0.005058799642411924,0.004855581048919506,1.199227207304638e-05,0.09247055884616479,0.4692718888022016
calibrate_then_close,3,17,0,0,certified_reset,0,1,0.03210413318742883,0.02811025866904229,0.003993874518386541,0.015975498073546163,0.0,0.0,0,0,0.0008214575057556517,-0.006781777760691313,-0.0017385140178339188,0.0007952368802107152,0.0008214575057556517,-0.006781777760691313,0.009169444937793305,1.1055412172616189e-05,0.09247055884616479,0.4692718888022016
calibrate_then_close,3,18,0,0,certified_reset,0,1,0.02811025866904229,0.02411638415065575,0.003993874518386541,0.011981623555159623,0.0,0.0,0,0,-0.0017385140178339188,0.0007952368802107152,-0.006296890075358233,0.00560453655815768,-0.0017385140178339188,0.0007952368802107152,0.0005636456579220541,3.1442057061139035e-06,0.09247055884616479,0.4692718888022016
calibrate_then_close,3,19,0,0,certified_reset,0,1,0.02411638415065575,0.02012250963226921,0.003993874518386541,0.007987749036773082,0.0,0.0,0,0,-0.006296890075358233,0.00560453655815768,0.00031119651152642096,-0.0020444976537481465,-0.006296890075358233,0.00560453655815768,-0.001985961468915134,4.5403375100756065e-05,0.09247055884616479,0.4692718888022016
calibrate_then_close,3,20,0,0,certified_reset,0,1,0.02012250963226921,0.01612863511388267,0.003993874518386541,0.003993874518386541,0.0,0.0,0,0,0.00031119651152642096,-0.0020444976537481465,-0.003100475390462115,0.0052862656407203275,0.00031119651152642096,-0.0020444976537481465,0.0026996843138975494,1.0314453717665275e-06,0.09247055884616479,0.4692718888022016
calibrate_then_close,3,21,0,0,certified_reset,0,1,0.01612863511388267,0.01213476059549613,0.003993874518386541,0.0,0.0,0.0,0,0,-0.003100475390462115,0.0052862656407203275,-0.0076488685585203295,0.005003383764644001,-0.003100475390462115,0.0052862656407203275,-0.00469656195701308,1.519441879862962e-05,0.09247055884616479,0.4692718888022016
calibrate_then_close,4,0,1,1,certified_reset,0,1,0.1,0.09600612548161347,0.003993874518386541,0.08387136488611735,0.0,0.0,0,0,-2.4049046545749464,-0.11299298131480928,-1.7511671803635929,1.395445337589293,-2.4049046545749464,-0.11299298131480928,1.5499999999999967,5.845927032084996,0.09744082949644373,0.49914169846942547
calibrate_then_close,4,1,1,1,certified_reset,0,1,0.09600612548161347,0.09201225096322693,0.003993874518386541,0.07987749036773081,0.0,0.0,0,0,-1.7511671803635929,1.395445337589293,-0.5058124237772966,1.093992039899626,-1.7511671803635929,1.395445337589293,-0.3118722040658527,3.4195262846102437,0.09744082949644373,0.49914169846942547
calibrate_then_close,4,2,0,0,certified_reset,0,1,0.09201225096322693,0.0880183764448404,0.003993874518386541,0.07588361584934428,0.0,0.0,0,0,-0.5058124237772966,1.093992039899626,0.038281704063976234,-0.026692199116391542,-0.5058124237772966,1.093992039899626,-1.1078813346091319,0.5019585793423202,0.09247055884616479,0.4692718888022016
calibrate_then_close,4,3,0,0,certified_reset,0,1,0.0880183764448404,0.08402450192645386,0.003993874518386541,0.07188974133095774,0.0,0.0,0,0,0.038281704063976234,-0.026692199116391542,0.006168594307613276,-0.008683641718791612,0.038281704063976234,-0.026692199116391542,0.0012053268898068264,0.0015937704152250737,0.09247055884616479,0.4692718888022016
calibrate_then_close,4,4,0,0,certified_reset,0,1,0.08402450192645386,0.08003062740806732,0.003993874518386541,0.0678958668125712,0.0,0.0,0,0,0.006168594307613276,-0.008683641718791612,-0.001773577057047559,-0.008656684765393906,0.006168594307613276,-0.008683641718791612,0.006651410330204549,5.273060124649858e-05,0.09247055884616479,0.4692718888022016
calibrate_then_close,4,5,0,0,certified_reset,0,1,0.08003062740806732,0.07603675288968079,0.003993874518386541,0.06390199229418467,0.0,0.0,0,0,-0.001773577057047559,-0.008656684765393906,0.001342013730781918,0.007833466190414216,-0.001773577057047559,-0.008656684765393906,0.014516399469151623,2.1902596318917647e-05,0.09247055884616479,0.4692718888022016
calibrate_then_close,4,6,0,0,certified_reset,0,1,0.07603675288968079,0.07204287837129425,0.003993874518386541,0.05990811777579813,0.0,0.0,0,0,0.001342013730781918,0.007833466190414216,0.003929809855369972,-0.013761474556193642,0.001342013730781918,0.007833466190414216,-0.012876211943839956,1.699129636431964e-05,0.09247055884616479,0.4692718888022016
calibrate_then_close,4,7,0,0,certified_reset,0,1,0.07204287837129425,0.06804900385290771,0.003993874518386541,0.05591424325741159,0.0,0.0,0,0,0.003929809855369972,-0.013761474556193642,0.0018567379541846907,-0.0018983558657160561,0.003929809855369972,-0.013761474556193642,0.016359301581561455,5.622214695821264e-05,0.09247055884616479,0.4692718888022016
calibrate_then_close,4,8,1,1,certified_reset,0,1,0.06804900385290771,0.06405512933452118,0.003993874518386541,0.051920368739025044,0.0,0.0,0,0,0.0018567379541846907,-0.0018983558657160561,0.012195629988702612,-0.008819957692858838,0.0018567379541846907,-0.0018983558657160561,0.0009489423680015949,4.1186640196764025e-06,0.09744082949644373,0.49914169846942547
calibrate_then_close,4,9,0,0,certified_reset,0,1,0.06405512933452118,0.060061254816134634,0.003993874518386541,0.0479264942206385,0.0,0.0,0,0,0.012195629988702612,-0.008819957692858838,-0.0014185128517741484,-0.012715535152276598,0.012195629988702612,-0.008819957692858838,0.0008500443256547918,0.0001627539528719195,0.09247055884616479,0.4692718888022016
calibrate_then_close,4,10,0,0,certified_reset,0,1,0.060061254816134634,0.05606738029774809,0.003993874518386541,0.04393261970225196,0.0,0.0,0,0,-0.0014185128517741484,-0.012715535152276598,-0.0010099354532433088,0.006049744989787256,-0.0014185128517741484,-0.012715535152276598,0.02014572473500416,4.1261704495693116e-05,0.09247055884616479,0.4692718888022016
calibrate_then_close,4,11,0,0,certified_reset,0,1,0.05606738029774809,0.05207350577936155,0.003993874518386541,0.039938745183865414,0.0,0.0,0,0,-0.0010099354532433088,0.006049744989787256,0.005082443691247037,0.004572691579279955,-0.0010099354532433088,0.006049744989787256,-0.007904857794242952,9.170033637859937e-06,0.09247055884616479,0.4692718888022016
calibrate_then_close,4,12,0,0,certified_reset,0,1,0.05207350577936155,0.048079631260975,0.003993874518386541,0.03594487066547887,0.0,0.0,0,0,0.005082443691247037,0.004572691579279955,0.004902717578336849,0.0010868894267276252,0.005082443691247037,0.004572691579279955,-0.01179614971325852,3.307367406639624e-05,0.09247055884616479,0.4692718888022016
calibrate_then_close,4,13,0,0,certified_reset,0,1,0.048079631260975,0.04408575674258846,0.003993874518386541,0.03195099614709233,0.0,0.0,0,0,0.004902717578336849,0.0010868894267276252,-0.005014989460918335,-0.009927751831601642,0.004902717578336849,0.0010868894267276252,-0.006485663762185567,2.530087466650413e-05,0.09247055884616479,0.4692718888022016
calibrate_then_close,4,14,0,0,certified_reset,0,1,0.04408575674258846,0.040091882224201916,0.003993874518386541,0.027957121628705783,0.0,0.0,0,0,-0.005014989460918335,-0.009927751831601642,-0.009827010843486403,0.010403258317750906,-0.005014989460918335,-0.009927751831601642,0.019618529824006116,5.251313326188396e-05,0.09247055884616479,0.4692718888022016
calibrate_then_close,4,15,0,0,certified_reset,0,1,0.040091882224201916,0.03609800770581537,0.003993874518386541,0.023963247110319243,0.0,0.0,0,0,-0.009827010843486403,0.010403258317750906,0.0010505747162016313,0.005101325280065202,-0.009827010843486403,0.010403258317750906,-0.005539490613468549,0.0001168182920770706,0.09247055884616479,0.4692718888022016
calibrate_then_close,4,16,0,0,certified_reset,0,1,0.03609800770581537,0.03210413318742883,0.003993874518386541,0.019969372591932703,0.0,0.0,0,0,0.0010505747162016313,0.005101325280065202,-0.0030102308854631915,-0.01846797869811701,0.0010505747162016313,0.005101325280065202,-0.00855969169563603,7.619648812776465e-06,0.09247055884616479,0.4692718888022016
calibrate_then_close,4,17,0,0,certified_reset,0,1,0.03210413318742883,0.02811025866904229,0.003993874518386541,0.015975498073546163,0.0,0.0,0,0,-0.0030102308854631915,-0.01846797869811701,-0.0055785425007806805,0.009310702110409835,-0.0030102308854631915,-0.01846797869811701,0.030205617088986312,9.326289527189673e-05,0.09247055884616479,0.4692718888022016
calibrate_then_close,4,18,0,0,certified_reset,0,1,0.02811025866904229,0.02411638415065575,0.003993874518386541,0.011981623555159623,0.0,0.0,0,0,-0.0055785425007806805,0.009310702110409835,0.0027040288574888406,0.0054399378295872875,-0.0055785425007806805,0.009310702110409835,-0.008163712506482356,4.8390342762211e-05,0.09247055884616479,0.4692718888022016
calibrate_then_close,4,19,1,1,certified_reset,0,1,0.02411638415065575,0.02012250963226921,0.003993874518386541,0.007987749036773082,0.0,0.0,0,0,0.0027040288574888406,0.0054399378295872875,-0.0007000981236387855,-0.022039537111670608,0.0027040288574888406,0.0054399378295872875,-0.010705589431881636,1.550373943539227e-05,0.09744082949644373,0.49914169846942547
calibrate_then_close,4,20,1,1,certified_reset,0,1,0.02012250963226921,0.01612863511388267,0.003993874518386541,0.003993874518386541,0.0,0.0,0,0,-0.0007000981236387855,-0.022039537111670608,-0.04502072836702068,-0.04166809258042125,-0.0007000981236387855,-0.022039537111670608,0.033166936903133874,0.00011542469526854121,0.09744082949644373,0.49914169846942547
calibrate_then_close,4,21,1,1,certified_reset,0,1,0.01612863511388267,0.01213476059549613,0.003993874518386541,0.0,0.0,0.0,0,0,-0.04502072836702068,-0.04166809258042125,-0.013830887100297184,0.11060644209020984,-0.04502072836702068,-0.04166809258042125,0.1062132924001392,0.0026214189588312973,0.09744082949644373,0.49914169846942547
calibrate_then_close,5,0,1,1,certified_reset,0,1,0.1,0.09600612548161347,0.003993874518386541,0.08387136488611735,0.0,0.0,0,0,1.2918766968016193,0.41913066884242445,0.9096750003894399,-1.1598253118057171,1.2918766968016193,0.41913066884242445,-1.55,1.7606285929006367,0.09744082949644373,0.49914169846942547
calibrate_then_close,5,1,1,1,certified_reset,0,1,0.09600612548161347,0.09201225096322693,0.003993874518386541,0.07987749036773081,0.0,0.0,0,0,0.9096750003894399,-1.1598253118057171,0.16352909220547396,-0.34373237997029743,0.9096750003894399,-1.1598253118057171,0.8027106417827542,1.0857522713972507,0.09744082949644373,0.49914169846942547
calibrate_then_close,5,2,1,1,certified_reset,0,1,0.09201225096322693,0.0880183764448404,0.003993874518386541,0.07588361584934428,0.0,0.0,0,0,0.16352909220547396,-0.34373237997029743,-0.01809428206586893,0.008354403569528523,0.16352909220547396,-0.34373237997029743,0.34351288997231405,0.050959142464182774,0.09744082949644373,0.49914169846942547
calibrate_then_close,5,3,1,1,certified_reset,0,1,0.0880183764448404,0.08402450192645386,0.003993874518386541,0.07188974133095774,0.0,0.0,0,0,-0.01809428206586893,0.008354403569528523,0.00010305437110974189,0.018943523599372507,-0.01809428206586893,0.008354403569528523,0.005707073458845947,0.00034078060128630184,0.09744082949644373,0.49914169846942547
calibrate_then_close,5,4,1,1,certified_reset,0,1,0.08402450192645386,0.08003062740806732,0.003993874518386541,0.0678958668125712,0.0,0.0,0,0,0.00010305437110974189,0.018943523599372507,0.005255606083969128,0.009555591652371881,0.00010305437110974189,0.018943523599372507,-0.028011447288581966,8.422092522822692e-05,0.09744082949644373,0.49914169846942547
calibrate_then_close,5,5,0,0,certified_reset,0,1,0.08003062740806732,0.07603675288968079,0.003993874518386541,0.06390199229418467,0.0,0.0,0,0,0.005255606083969128,0.009555591652371881,0.00301140712837548,-0.016389404001361404,0.005255606083969128,0.009555591652371881,-0.019309412155361586,5.337840998333221e-05,0.09247055884616479,0.4692718888022016
calibrate_then_close,5,6,0,0,certified_reset,0,1,0.07603675288968079,0.07204287837129425,0.003993874518386541,0.05990811777579813,0.0,0.0,0,0,0.00301140712837548,-0.016389404001361404,-0.0004974951402684016,-0.0017603939255708898,0.00301140712837548,-0.016389404001361404,0.02114612772685202,6.859780227241055e-05,0.09247055884616479,0.4692718888022016
calibrate_then_close,5,7,0,0,certified_reset,0,1,0.07204287837129425,0.06804900385290771,0.003993874518386541,0.05591424325741159,0.0,0.0,0,0,-0.0004974951402684016,-0.0017603939255708898,0.0028280520787262713,-0.0041877716048954235,-0.0004974951402684016,-0.0017603939255708898,0.003090643380211811,1.0441209463554936e-06,0.09247055884616479,0.4692718888022016
calibrate_then_close,5,8,0,0,certified_reset,0,1,0.06804900385290771,0.06405512933452118,0.003993874518386541,0.051920368739025044,0.0,0.0,0,0,0.0028280520787262713,-0.0041877716048954235,0.005326265276061423,0.006460032358436616,0.0028280520787262713,-0.0041877716048954235,0.003355367194852112,1.1436078367953539e-05,0.09247055884616479,0.4692718888022016
calibrate_then_close,5,9,0,0,certified_reset,0,1,0.06405512933452118,0.060061254816134634,0.003993874518386541,0.0479264942206385,0.0,0.0,0,0,0.005326265276061423,0.006460032358436616,0.004045262722915309,-0.006606006689195535,0.005326265276061423,0.006460032358436616,-0.01481987123525435,4.137157962968432e-05,0.09247055884616479,0.4692718888022016
calibrate_then_close,5,10,0,0,certified_reset,0,1,0.060061254816134634,0.05606738029774809,0.003993874518386541,0.04393261970225196,0.0,0.0,0,0,0.004045262722915309,-0.006606006689195535,-0.0026987456311767517,0.004489852820013912,0.004045262722915309,-0.006606006689195535,0.005704120709538433,2.503265371211812e-05,0.09247055884616479,0.4692718888022016
calibrate_then_close,5,11,0,0,certified_reset,0,1,0.05606738029774809,0.05207350577936155,0.003993874518386541,0.039938745183865414,0.0,0.0,0,0,-0.0026987456311767517,0.004489852820013912,-0.0014912271111042002,-0.015768829918759088,-0.0026987456311767517,0.004489852820013912,-0.00392363998491641,1.1296681852246114e-05,0.09247055884616479,0.4692718888022016
calibrate_then_close,5,12,0,0,certified_reset,0,1,0.05207350577936155,0.048079631260975,0.003993874518386541,0.03594487066547887,0.0,0.0,0,0,-0.0014912271111042002,-0.015768829918759088,-0.004278262889097872,0.004157628045220431,-0.0014912271111042002,-0.015768829918759088,0.024713700520228993,6.225101259319667e-05,0.09247055884616479,0.4692718888022016
calibrate_then_close,5,13,0,0,certified_reset,0,1,0.048079631260975,0.04408575674258846,0.003993874518386541,0.03195099614709233,0.0,0.0,0,0,-0.004278262889097872,0.004157628045220431,-0.006229513104292022,-0.007155604511253197,-0.004278262889097872,0.004157628045220431,-0.0018640297370132685,2.1501855292976437e-05,0.09247055884616479,0.4692718888022016
calibrate_then_close,5,14,0,0,certified_reset,0,1,0.04408575674258846,0.040091882224201916,0.003993874518386541,0.027957121628705783,0.0,0.0,0,0,-0.006229513104292022,-0.007155604511253197,0.0017924132405944754,0.0037965246519336736,-0.006229513104292022,-0.007155604511253197,0.016739342856403466,5.502845516401575e-05,0.09247055884616479,0.4692718888022016
calibrate_then_close,5,15,0,0,certified_reset,0,1,0.040091882224201916,0.03609800770581537,0.003993874518386541,0.023963247110319243,0.0,0.0,0,0,0.0017924132405944754,0.0037965246519336736,0.008435989546335959,-0.013434197896651914,0.0017924132405944754,0.0037965246519336736,-0.007377481029225427,7.167873781366134e-06,0.09247055884616479,0.4692718888022016
calibrate_then_close,5,16,0,0,certified_reset,0,1,0.03609800770581537,0.03210413318742883,0.003993874518386541,0.019969372591932703,0.0,0.0,0,0,0.008435989546335959,-0.013434197896651914,0.013784798535135555,0.00258065098265058,0.008435989546335959,-0.013434197896651914,0.011384186488067456,0.00010689189333852023,0.09247055884616479,0.4692718888022016
calibrate_then_close,5,17,0,0,certified_reset,0,1,0.03210413318742883,0.02811025866904229,0.003993874518386541,0.015975498073546163,0.0,0.0,0,0,0.013784798535135555,0.00258065098265058,0.00931750989069475,-0.022858501407912603,0.013784798535135555,0.00258065098265058,-0.017528996350015272,0.00019890107018921251,0.09247055884616479,0.4692718888022016
calibrate_then_close,5,18,0,0,certified_reset,0,1,0.02811025866904229,0.02411638415065575,0.003993874518386541,0.011981623555159623,0.0,0.0,0,0,0.00931750989069475,-0.022858501407912603,0.0054341818740990455,0.003452436949468977,0.00931750989069475,-0.022858501407912603,0.024397894310407047,0.00019574941732353695,0.09247055884616479,0.4692718888022016
calibrate_then_close,5,19,0,0,certified_reset,0,1,0.02411638415065575,0.02012250963226921,0.003993874518386541,0.007987749036773082,0.0,0.0,0,0,0.0054341818740990455,0.003452436949468977,0.006911379771209117,-0.004935805519355416,0.0054341818740990455,0.003452436949468977,-0.010500473980434435,3.443230924634169e-05,0.09247055884616479,0.4692718888022016
calibrate_then_close,5,20,0,0,certified_reset,0,1,0.02012250963226921,0.01612863511388267,0.003993874518386541,0.003993874518386541,0.0,0.0,0,0,0.006911379771209117,-0.004935805519355416,-0.0003118768092182397,0.005289802582262327,0.006911379771209117,-0.004935805519355416,0.00038780414407423524,5.215612184571451e-05,0.09247055884616479,0.4692718888022016
calibrate_then_close,5,21,0,0,certified_reset,0,1,0.01612863511388267,0.01213476059549613,0.003993874518386541,0.0,0.0,0.0,0,0,-0.0003118768092182397,0.005289802582262327,-0.00032853242557862473,0.005103564663417888,-0.0003118768092182397,0.005289802582262327,-0.007486319378855606,6.535153634859527e-06,0.09247055884616479,0.4692718888022016
calibrate_then_close,6,0,0,0,certified_reset,0,1,0.1,0.09600612548161347,0.003993874518386541,0.08387136488611735,0.0,0.0,0,0,0.9912426327995778,-0.28934276901811157,0.42446043656793025,-0.8515117117682552,0.9912426327995778,-0.28934276901811157,-0.5608129418205269,1.0054941988092259,0.09247055884616479,0.4692718888022016
calibrate_then_close,6,1,0,0,certified_reset,0,1,0.09600612548161347,0.09201225096322693,0.003993874518386541,0.07987749036773081,0.0,0.0,0,0,0.42446043656793025,-0.8515117117682552,-0.010120726789452035,-0.005634230597593678,0.42446043656793025,-0.8515117117682552,0.8316939434393522,0.32797252775041125,0.09247055884616479,0.4692718888022016
calibrate_then_close,6,2,0,0,certified_reset,0,1,0.09201225096322693,0.0880183764448404,0.003993874518386541,0.07588361584934428,0.0,0.0,0,0,-0.010120726789452035,-0.005634230597593678,-0.01088093328317206,0.012566952453646777,-0.010120726789452035,-0.005634230597593678,0.018378532987323396,0.0001165873924127204,0.09247055884616479,0.4692718888022016
calibrate_then_close,6,3,0,0,certified_reset,0,1,0.0880183764448404,0.08402450192645386,0.003993874518386541,0.07188974133095774,0.0,0.0,0,0,-0.01088093328317206,0.012566952453646777,0.0004000649647166151,-0.0015248066662962275,-0.01088093328317206,0.012566952453646777,-0.007675857245178823,0.00014829477163904998,0.09247055884616479,0.4692718888022016
calibrate_then_close,6,4,0,0,certified_reset,0,1,0.08402450192645386,0.08003062740806732,0.003993874518386541,0.0678958668125712,0.0,0.0,0,0,0.0004000649647166151,-0.0015248066662962275,-0.0014912622831337883,0.004126382131109202,0.0004000649647166151,-0.0015248066662962275,0.0018454739223381928,6.637026924691189e-07,0.09247055884616479,0.4692718888022016
calibrate_then_close,6,5,0,0,certified_reset,0,1,0.08003062740806732,0.07603675288968079,0.003993874518386541,0.06390199229418467,0.0,0.0,0,0,-0.0014912622831337883,0.004126382131109202,0.0019350048231902472,-0.002902004061071428,-0.0014912622831337883,0.004126382131109202,-0.004592141040629757,5.815922489072021e-06,0.09247055884616479,0.4692718888022016
calibrate_then_close,6,6,0,0,certified_reset,0,1,0.07603675288968079,0.07204287837129425,0.003993874518386541,0.05990811777579813,0.0,0.0,0,0,0.0019350048231902472,-0.002902004061071428,-0.002617357730239209,-0.006469318071472118,0.0019350048231902472,-0.002902004061071428,0.0023451781621392953,5.397633143759407e-06,0.09247055884616479,0.4692718888022016
calibrate_then_close,6,7,0,0,certified_reset,0,1,0.07204287837129425,0.06804900385290771,0.003993874518386541,0.05591424325741159,0.0,0.0,0,0,-0.002617357730239209,-0.006469318071472118,-0.011450635445195837,0.0060347953603068286,-0.002617357730239209,-0.006469318071472118,0.01213333896966906,1.806438308764282e-05,0.09247055884616479,0.4692718888022016
calibrate_then_close,6,8,0,0,certified_reset,0,1,0.06804900385290771,0.06405512933452118,0.003993874518386541,0.051920368739025044,0.0,0.0,0,0,-0.011450635445195837,0.0060347953603068286,-0.001076418123686214,0.0043112947214287755,-0.011450635445195837,0.0060347953603068286,0.002510298499763301,0.00013782996797006368,0.09247055884616479,0.4692718888022016
calibrate_then_close,6,9,0,0,certified_reset,0,1,0.06405512933452118,0.060061254816134634,0.003993874518386541,0.0479264942206385,0.0,0.0,0,0,-0.001076418123686214,0.0043112947214287755,-0.005815497252841289,-0.00835018782016391,-0.001076418123686214,0.0043112947214287755,-0.005277679640850726,5.200730728289938e-06,0.09247055884616479,0.4692718888022016
calibrate_then_close,6,10,0,0,certified_reset,0,1,0.060061254816134634,0.05606738029774809,0.003993874518386541,0.04393261970225196,0.0,0.0,0,0,-0.005815497252841289,-0.00835018782016391,-0.008633158235424307,0.013646288541017449,-0.005815497252841289,-0.00835018782016391,0.018093004231460385,5.4554542944558135e-05,0.09247055884616479,0.4692718888022016
calibrate_then_close,6,11,0,0,certified_reset,0,1,0.05606738029774809,0.05207350577936155,0.003993874518386541,0.039938745183865414,0.0,0.0,0,0,-0.008633158235424307,0.013646288541017449,-0.000190857629977772,-4.997774799086856e-05,-0.008633158235424307,0.013646288541017449,-0.011505737908034325,0.00011136078560813073,0.09247055884616479,0.4692718888022016
calibrate_then_close,6,12,0,0,certified_reset,0,1,0.05207350577936155,0.048079631260975,0.003993874518386541,0.03594487066547887,0.0,0.0,0,0,-0.000190857629977772,-4.997774799086856e-05,-0.002593569837283756,0.009561800805597332,-0.000190857629977772,-4.997774799086856e-05,0.00026302967450810894,3.8605849715491156e-08,0.09247055884616479,0.4692718888022016
calibrate_then_close,6,13,0,0,certified_reset,0,1,0.048079631260975,0.04408575674258846,0.003993874518386541,0.03195099614709233,0.0,0.0,0,0,-0.002593569837283756,0.009561800805597332,0.011645727145025792,-0.01061023878682629,-0.002593569837283756,0.009561800805597332,-0.011500312487071831,2.649008041964152e-05,0.09247055884616479,0.4692718888022016
calibrate_then_close,6,14,0,0,certified_reset,0,1,0.04408575674258846,0.040091882224201916,0.003993874518386541,0.027957121628705783,0.0,0.0,0,0,0.011645727145025792,-0.01061023878682629,0.00946588266615769,-0.020732169931557333,0.011645727145025792,-0.01061023878682629,0.004029535361077753,0.0001562927796974701,0.09247055884616479,0.4692718888022016
calibrate_then_close,6,15,0,0,certified_reset,0,1,0.040091882224201916,0.03609800770581537,0.003993874518386541,0.023963247110319243,0.0,0.0,0,0,0.00946588266615769,-0.020732169931557333,0.010105132673086575,0.004020892806105349,0.00946588266615769,-0.020732169931557333,0.02111488054309689,0.0001781170057709705,0.09247055884616479,0.4692718888022016
calibrate_then_close,6,16,0,0,certified_reset,0,1,0.03609800770581537,0.03210413318742883,0.003993874518386541,0.019969372591932703,0.0,0.0,0,0,0.010105132673086575,0.004020892806105349,0.0073697740431048755,-0.017212895580197823,0.010105132673086575,0.004020892806105349,-0.015986492810639186,0.00011141306936277144,0.09247055884616479,0.4692718888022016
calibrate_then_close,6,17,0,0,certified_reset,0,1,0.03210413318742883,0.02811025866904229,0.003993874518386541,0.015975498073546163,0.0,0.0,0,0,0.0073697740431048755,-0.017212895580197823,-0.0036239509488521083,-0.0023896286724106714,0.0073697740431048755,-0.017212895580197823,0.018017357487073844,0.00011576027808271066,0.09247055884616479,0.4692718888022016
calibrate_then_close,6,18,0,0,certified_reset,0,1,0.02811025866904229,0.02411638415065575,0.003993874518386541,0.011981623555159623,0.0,0.0,0,0,-0.0036239509488521083,-0.0023896286724106714,0.0028519405868443494,0.00721054624666255,-0.0036239509488521083,-0.0023896286724106714,0.007130336284387148,1.543192140245859e-05,0.09247055884616479,0.4692718888022016
calibrate_then_close,6,19,0,0,certified_reset,0,1,0.02411638415065575,0.02012250963226921,0.003993874518386541,0.007987749036773082,0.0,0.0,0,0,0.0028519405868443494,0.00721054624666255,-0.0017819102272962125,-7.241037905694227e-05,0.0028519405868443494,0.00721054624666255,-0.013462934101782382,2.202338586816016e-05,0.09247055884616479,0.4692718888022016
calibrate_then_close,6,20,0,0,certified_reset,0,1,0.02012250963226921,0.01612863511388267,0.003993874518386541,0.003993874518386541,0.0,0.0,0,0,-0.0017819102272962125,-7.241037905694227e-05,-4.722725457599684e-05,0.00960762422226579,-0.0017819102272962125,-7.241037905694227e-05,0.0018814572882448267,3.2646448836692097e-06,0.09247055884616479,0.4692718888022016
calibrate_then_close,6,21,0,0,certified_reset,0,1,0.01612863511388267,0.01213476059549613,0.003993874518386541,0.0,0.0,0.0,0,0,-4.722725457599684e-05,0.00960762422226579,-0.0035082417177499867,-0.007937829718137142,-4.722725457599684e-05,0.00960762422226579,-0.014103046953627034,2.15897885233083e-05,0.09247055884616479,0.4692718888022016
calibrate_then_close,7,0,0,0,certified_reset,0,1,0.1,0.09600612548161347,0.003993874518386541,0.08387136488611735,0.0,0.0,0,0,5.907687006891171,0.27271147567623066,5.4083188921249254,-1.2759440678930216,5.907687006891171,0.27271147567623066,-1.55,34.97421515020456,0.09247055884616479,0.4692718888022016
calibrate_then_close,7,1,0,0,certified_reset,0,1,0.09600612548161347,0.09201225096322693,0.003993874518386541,0.07987749036773081,0.0,0.0,0,0,5.4083188921249254,-1.2759440678930216,3.3620775000363428,-2.8249498270790085,5.4083188921249254,-1.2759440678930216,-1.5499999999999983,29.60302172650583,0.09247055884616479,0.4692718888022016
calibrate_then_close,7,2,0,0,certified_reset,0,1,0.09201225096322693,0.0880183764448404,0.003993874518386541,0.07588361584934428,0.0,0.0,0,0,3.3620775000363428,-2.8249498270790085,1.0574632233110979,-1.7650308017724121,3.3620775000363428,-2.8249498270790085,1.0516607875943615,12.767676351147184,0.09247055884616479,0.4692718888022016
calibrate_then_close,7,3,0,0,certified_reset,0,1,0.0880183764448404,0.08402450192645386,0.003993874518386541,0.07188974133095774,0.0,0.0,0,0,1.0574632233110979,-1.7650308017724121,0.051516671983763626,-0.22903537348687533,1.0574632233110979,-1.7650308017724121,1.54707194552406,1.7388243303881525,0.09247055884616479,0.4692718888022016
calibrate_then_close,7,4,0,0,certified_reset,0,1,0.08402450192645386,0.08003062740806732,0.003993874518386541,0.0678958668125712,0.0,0.0,0,0,0.051516671983763626,-0.22903537348687533,-0.04509538160626686,0.06511810612147037,0.051516671983763626,-0.22903537348687533,0.2860907748505968,0.014142462194137114,0.09247055884616479,0.4692718888022016
calibrate_then_close,7,5,0,0,certified_reset,0,1,0.08003062740806732,0.07603675288968079,0.003993874518386541,0.06390199229418467,0.0,0.0,0,0,-0.04509538160626686,0.06511810612147037,-0.008647148342115501,0.01716652143830457,-0.04509538160626686,0.06511810612147037,-0.05102124713406546,0.00286193882776519,0.09247055884616479,0.4692718888022016
calibrate_then_close,7,6,0,0,certified_reset,0,1,0.07603675288968079,0.07204287837129425,0.003993874518386541,0.05990811777579813,0.0,0.0,0,0,-0.008647148342115501,0.01716652143830457,0.003249354005588202,-0.011817396670805945,-0.008647148342115501,0.01716652143830457,-0.01667945243327849,0.00013477238027991952,0.09247055884616479,0.4692718888022016
calibrate_then_close,7,7,0,0,certified_reset,0,1,0.07204287837129425,0.06804900385290771,0.003993874518386541,0.05591424325741159,0.0,0.0,0,0,0.003249354005588202,-0.011817396670805945,0.001184332451155884,-0.0001655921414945266,0.003249354005588202,-0.011817396670805945,0.01416953156729443,4.0714847608077506e-05,0.09247055884616479,0.4692718888022016
calibrate_then_close,7,8,0,0,certified_reset,0,1,0.06804900385290771,0.06405512933452118,0.003993874518386541,0.051920368739025044,0.0,0.0,0,0,0.001184332451155884,-0.0001655921414945266,-0.0007427386637550296,-0.017585469164327797,0.001184332451155884,-0.0001655921414945266,-0.0009326109849959742,1.4293231724127376e-06,0.09247055884616479,0.4692718888022016
calibrate_then_close,7,9,0,0,certified_reset,0,1,0.06405512933452118,0.060061254816134634,0.003993874518386541,0.0479264942206385,0.0,0.0,0,0,-0.0007427386637550296,-0.017585469164327797,-0.005276491310976555,0.0203239306332468,-0.0007427386637550296,-0.017585469164327797,0.026643553783168288,7.39634053088654e-05,0.09247055884616479,0.4692718888022016
calibrate_then_close,7,10,0,0,certified_reset,0,1,0.060061254816134634,0.05606738029774809,0.003993874518386541,0.04393261970225196,0.0,0.0,0,0,-0.005276491310976555,0.0203239306332468,-0.00010298816225872819,0.002795277886050233,-0.005276491310976555,0.0203239306332468,-0.024687829613308277,0.00011742977197950958,0.09247055884616479,0.4692718888022016
calibrate_then_close,7,11,0,0,certified_reset,0,1,0.05606738029774809,0.05207350577936155,0.003993874518386541,0.039938745183865414,0.0,0.0,0,0,-0.00010298816225872819,0.002795277886050233,0.0035579147474678035,0.009583679391723186,-0.00010298816225872819,0.002795277886050233,-0.004020989929685937,1.8212596847747854e-06,0.09247055884616479,0.4692718888022016
calibrate_then_close,7,12,0,0,certified_reset,0,1,0.05207350577936155,0.048079631260975,0.003993874518386541,0.03594487066547887,0.0,0.0,0,0,0.0035579147474678035,0.009583679391723186,0.009718960167939019,-0.002374152202092957,0.0035579147474678035,0.009583679391723186,-0.017659160385321532,3.698734991111276e-05,0.09247055884616479,0.4692718888022016
calibrate_then_close,7,13,0,0,certified_reset,0,1,0.048079631260975,0.04408575674258846,0.003993874518386541,0.03195099614709233,0.0,0.0,0,0,0.009718960167939019,-0.002374152202092957,0.009786728610090138,-0.004726069125697582,0.009718960167939019,-0.002374152202092957,-0.0061765508175451855,9.642651900819471e-05,0.09247055884616479,0.4692718888022016
calibrate_then_close,7,14,0,0,certified_reset,0,1,0.04408575674258846,0.040091882224201916,0.003993874518386541,0.027957121628705783,0.0,0.0,0,0,0.009786728610090138,-0.004726069125697582,0.0017096435049909976,-0.009694624961573039,0.009786728610090138,-0.004726069125697582,-0.0027860513922402246,9.999454023511888e-05,0.09247055884616479,0.4692718888022016
calibrate_then_close,7,15,0,0,certified_reset,0,1,0.040091882224201916,0.03609800770581537,0.003993874518386541,0.023963247110319243,0.0,0.0,0,0,0.0017096435049909976,-0.009694624961573039,-0.00900948037275873,0.005423380620682577,0.0017096435049909976,-0.009694624961573039,0.012577341922145067,2.3795054726021503e-05,0.09247055884616479,0.4692718888022016
calibrate_then_close,7,16,0,0,certified_reset,0,1,0.03609800770581537,0.03210413318742883,0.003993874518386541,0.019969372591932703,0.0,0.0,0,0,-0.00900948037275873,0.005423380620682577,5.824539657519256e-05,0.004696398242845687,-0.00900948037275873,0.005423380620682577,0.0009852805024384533,8.648935635306008e-05,0.09247055884616479,0.4692718888022016
calibrate_then_close,7,17,0,0,certified_reset,0,1,0.03210413318742883,0.02811025866904229,0.003993874518386541,0.015975498073546163,0.0,0.0,0,0,5.824539657519256e-05,0.004696398242845687,0.0008536673474470222,0.015130110727742115,5.824539657519256e-05,0.004696398242845687,-0.006973075750701322,5.189095323820402e-06,0.09247055884616479,0.4692718888022016
calibrate_then_close,7,18,0,0,certified_reset,0,1,0.02811025866904229,0.02411638415065575,0.003993874518386541,0.011981623555159623,0.0,0.0,0,0,0.0008536673474470222,0.015130110727742115,0.003363316725580134,-0.0030025304027476944,0.0008536673474470222,0.015130110727742115,-0.023138068614061633,5.5318648533895506e-05,0.09247055884616479,0.4692718888022016
calibrate_then_close,7,19,0,0,certified_reset,0,1,0.02411638415065575,0.02012250963226921,0.003993874518386541,0.007987749036773082,0.0,0.0,0,0,0.003363316725580134,-0.0030025304027476944,-9.264025696735035e-06,-0.001912766154871407,0.003363316725580134,-0.0030025304027476944,0.0010703851142136451,1.296327649138169e-05,0.09247055884616479,0.4692718888022016
calibrate_then_close,7,20,0,0,certified_reset,0,1,0.02012250963226921,0.01612863511388267,0.003993874518386541,0.003993874518386541,0.0,0.0,0,0,-9.264025696735035e-06,-0.001912766154871407,0.008643183011504435,0.0048710974849982495,-9.264025696735035e-06,-0.001912766154871407,0.002824745758216486,8.581269225160391e-07,0.09247055884616479,0.4692718888022016
calibrate_then_close,7,21,0,0,certified_reset,0,1,0.01612863511388267,0.01213476059549613,0.003993874518386541,0.0,0.0,0.0,0,0,0.008643183011504435,0.0048710974849982495,-0.0010435759227573416,0.006151749797048635,0.008643183011504435,0.0048710974849982495,-0.015780415535077166,8.520111675935563e-05,0.09247055884616479,0.4692718888022016
calibrate_then_close,8,0,0,0,certified_reset,0,1,0.1,0.09600612548161347,0.003993874518386541,0.08387136488611735,0.0,0.0,0,0,-3.1873625576370053,0.5765851855220697,-1.8371572221752532,2.123966692237674,-3.1873625576370053,0.5765851855220697,1.5499999999994565,10.279183659535702,0.09247055884616479,0.4692718888022016
calibrate_then_close,8,1,0,0,certified_reset,0,1,0.09600612548161347,0.09201225096322693,0.003993874518386541,0.07987749036773081,0.0,0.0,0,0,-1.8371572221752532,2.123966692237674,-0.3637247375895809,0.819102984207428,-1.8371572221752532,2.123966692237674,-1.2994279634559422,4.229381696548282,0.09247055884616479,0.4692718888022016
calibrate_then_close,8,2,1,1,certified_reset,0,1,0.09201225096322693,0.0880183764448404,0.003993874518386541,0.07588361584934428,0.0,0.0,0,0,-0.3637247375895809,0.819102984207428,0.04074551839680628,-0.038991170243613885,-0.3637247375895809,0.819102984207428,-0.8444307090675146,0.27088961106776865,0.09744082949644373,0.49914169846942547
calibrate_then_close,8,3,2,2,certified_reset,0,1,0.0880183764448404,0.08402450192645386,0.003993874518386541,0.07188974133095774,0.0,0.0,0,0,0.04074551839680628,-0.038991170243613885,0.045694087416641625,-0.04049267936199716,0.04074551839680628,-0.038991170243613885,0.01686836219828237,0.0019409668547597564,0.10372612354602789,0.5374732092193446
calibrate_then_close,8,4,0,0,certified_reset,0,1,0.08402450192645386,0.08003062740806732,0.003993874518386541,0.0678958668125712,0.0,0.0,0,0,0.045694087416641625,-0.04049267936199716,0.0063209191334659,-0.020918338294537823,0.045694087416641625,-0.04049267936199716,0.01414916011043071,0.0023880928678798835,0.09247055884616479,0.4692718888022016
calibrate_then_close,8,5,0,0,certified_reset,0,1,0.08003062740806732,0.07603675288968079,0.003993874518386541,0.06390199229418467,0.0,0.0,0,0,0.0063209191334659,-0.020918338294537823,-0.007819309598357607,-0.000420528782984389,0.0063209191334659,-0.020918338294537823,0.02452280306686848,0.0001337520533090766,0.09247055884616479,0.4692718888022016
calibrate_then_close,8,6,0,0,certified_reset,0,1,0.07603675288968079,0.07204287837129425,0.003993874518386541,0.05990811777579813,0.0,0.0,0,0,-0.007819309598357607,-0.000420528782984389,-0.012910520330511162,0.01401330859706293,-0.007819309598357607,-0.000420528782984389,0.008409345498705376,6.29413618901996e-05,0.09247055884616479,0.4692718888022016
calibrate_then_close,8,7,0,0,certified_reset,0,1,0.07204287837129425,0.06804900385290771,0.003993874518386541,0.05591424325741159,0.0,0.0,0,0,-0.012910520330511162,0.01401330859706293,-0.001379239405226105,0.023145170789088454,-0.012910520330511162,0.01401330859706293,-0.007784968772165711,0.00020354378588470514,0.09247055884616479,0.4692718888022016
calibrate_then_close,8,8,0,0,certified_reset,0,1,0.06804900385290771,0.06405512933452118,0.003993874518386541,0.051920368739025044,0.0,0.0,0,0,-0.001379239405226105,0.023145170789088454,0.0027817380087228156,-0.022080282128453463,-0.001379239405226105,0.023145170789088454,-0.032723832340620755,0.00012509933896744812,0.09247055884616479,0.4692718888022016
calibrate_then_close,8,9,0,0,certified_reset,0,1,0.06405512933452118,0.060061254816134634,0.003993874518386541,0.0479264942206385,0.0,0.0,0,0,0.0027817380087228156,-0.022080282128453463,-0.002439870964674783,0.010367156069904203,0.0027817380087228156,-0.022080282128453463,0.029755764620274246,0.00011763019914958054,0.09247055884616479,0.4692718888022016
calibrate_then_close,8,10,0,0,certified_reset,0,1,0.060061254816134634,0.05606738029774809,0.003993874518386541,0.04393261970225196,0.0,0.0,0,0,-0.002439870964674783,0.010367156069904203,0.005311317765615317,-0.003051292933294806,-0.002439870964674783,0.010367156069904203,-0.012845970215704114,2.9424470589827267e-05,0.09247055884616479,0.4692718888022016
calibrate_then_close,8,11,0,0,certified_reset,0,1,0.05606738029774809,0.05207350577936155,0.003993874518386541,0.039938745183865414,0.0,0.0,0,0,0.005311317765615317,-0.003051292933294806,0.002610818330655948,-0.011660702036764661,0.005311317765615317,-0.003051292933294806,-0.000793577975292544,2.9901710499072086e-05,0.09247055884616479,0.4692718888022016
calibrate_then_close,8,12,0,0,certified_reset,0,1,0.05207350577936155,0.048079631260975,0.003993874518386541,0.03594487066547887,0.0,0.0,0,0,0.002610818330655948,-0.011660702036764661,0.0026060551987510923,-0.003510063716860682,0.002610818330655948,-0.011660702036764661,0.014577173058654838,3.660367667347578e-05,0.09247055884616479,0.4692718888022016
calibrate_then_close,8,13,0,0,certified_reset,0,1,0.048079631260975,0.04408575674258846,0.003993874518386541,0.03195099614709233,0.0,0.0,0,0,0.0026060551987510923,-0.003510063716860682,-0.003080503134496488,0.0009195480476295607,0.0026060551987510923,-0.003510063716860682,0.002575720709994979,9.175080641690951e-06,0.09247055884616479,0.4692718888022016
calibrate_then_close,8,14,0,0,certified_reset,0,1,0.04408575674258846,0.040091882224201916,0.003993874518386541,0.027957121628705783,0.0,0.0,0,0,-0.003080503134496488,0.0009195480476295607,-0.009583725122794198,-0.002033435846654075,-0.003080503134496488,0.0009195480476295607,0.0017121618622928732,9.714989367851822e-06,0.09247055884616479,0.4692718888022016
calibrate_then_close,8,15,0,0,certified_reset,0,1,0.040091882224201916,0.03609800770581537,0.003993874518386541,0.023963247110319243,0.0,0.0,0,0,-0.009583725122794198,-0.002033435846654075,-0.012740131055975039,0.0008012821752431086,-0.009583725122794198,-0.002033435846654075,0.01253772712908715,9.652192731000527e-05,0.09247055884616479,0.4692718888022016
calibrate_then_close,8,16,0,0,certified_reset,0,1,0.03609800770581537,0.03210413318742883,0.003993874518386541,0.019969372591932703,0.0,0.0,0,0,-0.012740131055975039,0.0008012821752431086,-0.012054753893756383,0.007431950212450395,-0.012740131055975039,0.0008012821752431086,0.011505009166741147,0.0001657356397839748,0.09247055884616479,0.4692718888022016
calibrate_then_close,8,17,0,0,certified_reset,0,1,0.03210413318742883,0.02811025866904229,0.003993874518386541,0.015975498073546163,0.0,0.0,0,0,-0.012054753893756383,0.007431950212450395,-0.0008005535489595955,0.0011889306506767134,-0.012054753893756383,0.007431950212450395,0.0010545323268101097,0.00015528699151260333,0.09247055884616479,0.4692718888022016
calibrate_then_close,8,18,0,0,certified_reset,0,1,0.02811025866904229,0.02411638415065575,0.003993874518386541,0.011981623555159623,0.0,0.0,0,0,-0.0008005535489595955,0.0011889306506767134,0.003892341586501621,0.007930418163753124,-0.0008005535489595955,0.0011889306506767134,-0.0009519809059767733,9.179827724667521e-07,0.09247055884616479,0.4692718888022016
calibrate_then_close,8,19,0,0,certified_reset,0,1,0.02411638415065575,0.02012250963226921,0.003993874518386541,0.007987749036773082,0.0,0.0,0,0,0.003892341586501621,0.007930418163753124,0.005992305278268094,-0.013019923099465754,0.003892341586501621,0.007930418163753124,-0.015555230973586097,3.251992909740764e-05,0.09247055884616479,0.4692718888022016
calibrate_then_close,8,20,0,0,certified_reset,0,1,0.02012250963226921,0.01612863511388267,0.003993874518386541,0.003993874518386541,0.0,0.0,0,0,0.005992305278268094,-0.013019923099465754,-0.0018884009305754409,-0.0021643352813112303,0.005992305278268094,-0.013019923099465754,0.013213134759111102,7.078570735490076e-05,0.09247055884616479,0.4692718888022016
calibrate_then_close,8,21,0,0,certified_reset,0,1,0.01612863511388267,0.01213476059549613,0.003993874518386541,0.0,0.0,0.0,0,0,-0.0018884009305754409,-0.0021643352813112303,-0.001624077787399298,-0.00741240217773433,-0.0018884009305754409,-0.0021643352813112303,0.005062661932480065,5.050004218449901e-06,0.09247055884616479,0.4692718888022016
calibrate_then_close,9,0,0,0,certified_reset,0,1,0.1,0.09600612548161347,0.003993874518386541,0.08387136488611735,0.0,0.0,0,0,-3.5424820836509805,-0.48428187167293735,-3.2530282654908618,1.0532805195836763,-3.5424820836509805,-0.48428187167293735,1.5499999999996148,12.651457020609751,0.09247055884616479,0.4692718888022016
calibrate_then_close,9,1,0,0,certified_reset,0,1,0.09600612548161347,0.09201225096322693,0.003993874518386541,0.07987749036773081,0.0,0.0,0,0,-3.2530282654908618,1.0532805195836763,-1.6114354762012555,2.2322961912046266,-3.2530282654908618,1.0532805195836763,1.1738270616018687,10.81633161887441,0.09247055884616479,0.4692718888022016
calibrate_then_close,9,2,0,0,certified_reset,0,1,0.09201225096322693,0.0880183764448404,0.003993874518386541,0.07588361584934428,0.0,0.0,0,0,-1.6114354762012555,2.2322961912046266,-0.1439581620753749,0.6826940421093459,-1.6114354762012555,2.2322961912046266,-1.55,3.5537531253079697,0.09247055884616479,0.4692718888022016
calibrate_then_close,9,3,0,0,certified_reset,0,1,0.0880183764448404,0.08402450192645386,0.003993874518386541,0.07188974133095774,0.0,0.0,0,0,-0.1439581620753749,0.6826940421093459,0.11529520216091438,-0.1787826478807872,-0.1439581620753749,0.6826940421093459,-0.8623251718816031,0.12320687790332334,0.09247055884616479,0.4692718888022016
calibrate_then_close,9,4,0,0,certified_reset,0,1,0.08402450192645386,0.08003062740806732,0.003993874518386541,0.0678958668125712,0.0,0.0,0,0,0.11529520216091438,-0.1787826478807872,0.0070895926918919,-0.02565838137807372,0.11529520216091438,-0.1787826478807872,0.14856072091203215,0.019598123169261482,0.09247055884616479,0.4692718888022016
calibrate_then_close,9,5,0,0,certified_reset,0,1,0.08003062740806732,0.07603675288968079,0.003993874518386541,0.06390199229418467,0.0,0.0,0,0,0.0070895926918919,-0.02565838137807372,-0.008454924926554204,0.0014868277256806488,0.0070895926918919,-0.02565838137807372,0.030735842612615152,0.00019238308135429571,0.09247055884616479,0.4692718888022016
calibrate_then_close,9,6,0,0,certified_reset,0,1,0.07603675288968079,0.07204287837129425,0.003993874518386541,0.05990811777579813,0.0,0.0,0,0,-0.008454924926554204,0.0014868277256806488,-0.012778700785884257,-0.0032996998186362887,-0.008454924926554204,0.0014868277256806488,0.006234281000760487,7.285533020703219e-05,0.09247055884616479,0.4692718888022016
calibrate_then_close,9,7,0,0,certified_reset,0,1,0.07204287837129425,0.06804900385290771,0.003993874518386541,0.05591424325741159,0.0,0.0,0,0,-0.012778700785884257,-0.0032996998186362887,-0.007713920890827859,0.005238720080879855,-0.012778700785884257,-0.0032996998186362887,0.017583964159368647,0.00017298493206486745,0.09247055884616479,0.4692718888022016
calibrate_then_close,9,8,0,0,certified_reset,0,1,0.06804900385290771,0.06405512933452118,0.003993874518386541,0.051920368739025044,0.0,0.0,0,0,-0.007713920890827859,0.005238720080879855,-0.0010400136081780672,0.00626197710333437,-0.007713920890827859,0.005238720080879855,-3.47290600024323e-05,6.444455951808718e-05,0.09247055884616479,0.4692718888022016
calibrate_then_close,9,9,0,0,certified_reset,0,1,0.06405512933452118,0.060061254816134634,0.003993874518386541,0.0479264942206385,0.0,0.0,0,0,-0.0010400136081780672,0.00626197710333437,0.0032854065557454044,-0.007257234875297463,-0.0010400136081780672,0.00626197710333437,-0.008186874899709255,9.815475624465899e-06,0.09247055884616479,0.4692718888022016
calibrate_then_close,9,10,0,0,certified_reset,0,1,0.060061254816134634,0.05606738029774809,0.003993874518386541,0.04393261970225196,0.0,0.0,0,0,0.0032854065557454044,-0.007257234875297463,-0.005600338674572167,0.013629535833022654,0.0032854065557454044,-0.007257234875297463,0.007417211289851765,2.1649414265834573e-05,0.09247055884616479,0.4692718888022016
calibrate_then_close,9,11,0,0,certified_reset,0,1,0.05606738029774809,0.05207350577936155,0.003993874518386541,0.039938745183865414,0.0,0.0,0,0,-0.005600338674572167,0.013629535833022654,0.00022830720001653878,-0.006710169322007818,-0.005600338674572167,0.013629535833022654,-0.014497737602672662,7.005596762406419e-05,0.09247055884616479,0.4692718888022016
calibrate_then_close,9,12,0,0,certified_reset,0,1,0.05207350577936155,0.048079631260975,0.003993874518386541,0.03594487066547887,0.0,0.0,0,0,0.00022830720001653878,-0.006710169322007818,-0.0037909361532761383,0.01201642543462492,0.00022830720001653878,-0.006710169322007818,0.009656998133295043,1.0488311520643664e-05,0.09247055884616479,0.4692718888022016
calibrate_then_close,9,13,0,0,certified_reset,0,1,0.048079631260975,0.04408575674258846,0.003993874518386541,0.03195099614709233,0.0,0.0,0,0,-0.0037909361532761383,0.01201642543462492,-0.005358252622954683,-0.01841442260938557,-0.0037909361532761383,0.01201642543462492,-0.013924672228279601,4.520961577550374e-05,0.09247055884616479,0.4692718888022016
calibrate_then_close,9,14,0,0,certified_reset,0,1,0.04408575674258846,0.040091882224201916,0.003993874518386541,0.027957121628705783,0.0,0.0,0,0,-0.005358252622954683,-0.01841442260938557,-0.01113418583428501,0.01390226990521273,-0.005358252622954683,-0.01841442260938557,0.03246266225289524,0.00011609285499170855,0.09247055884616479,0.4692718888022016
calibrate_then_close,9,15,0,0,certified_reset,0,1,0.040091882224201916,0.03609800770581537,0.003993874518386541,0.023963247110319243,0.0,0.0,0,0,-0.01113418583428501,0.01390226990521273,0.003451810969985907,-0.0026192377013497655,-0.01113418583428501,0.01390226990521273,-0.00939582891243547,0.00016096629374931599,0.09247055884616479,0.4692718888022016
calibrate_then_close,9,16,0,0,certified_reset,0,1,0.03609800770581537,0.03210413318742883,0.003993874518386541,0.019969372591932703,0.0,0.0,0,0,0.003451810969985907,-0.0026192377013497655,0.00035551502009206835,-0.006653453418642631,0.003451810969985907,-0.0026192377013497655,0.00041987059757055963,1.3154279359993615e-05,0.09247055884616479,0.4692718888022016
calibrate_then_close,9,17,0,0,certified_reset,0,1,0.03210413318742883,0.02811025866904229,0.003993874518386541,0.015975498073546163,0.0,0.0,0,0,0.00035551502009206835,-0.006653453418642631,-0.004984461622742188,-0.00010023032586250211,0.00035551502009206835,-0.006653453418642631,0.009444941743749378,1.032488367401007e-05,0.09247055884616479,0.4692718888022016
calibrate_then_close,9,18,0,0,certified_reset,0,1,0.02811025866904229,0.02411638415065575,0.003993874518386541,0.011981623555159623,0.0,0.0,0,0,-0.004984461622742188,-0.00010023032586250211,-0.0003728969252246718,0.009674122772510507,-0.004984461622742188,-0.00010023032586250211,0.005113990359776924,2.5500488404867015e-05,0.09247055884616479,0.4692718888022016
calibrate_then_close,9,19,0,0,certified_reset,0,1,0.02411638415065575,0.02012250963226921,0.003993874518386541,0.007987749036773082,0.0,0.0,0,0,-0.0003728969252246718,0.009674122772510507,-3.7479610166452505e-05,0.006265383944260964,-0.0003728969252246718,0.009674122772510507,-0.013878920611240379,2.180062030533899e-05,0.09247055884616479,0.4692718888022016
calibrate_then_close,9,20,0,0,certified_reset,0,1,0.02012250963226921,0.01612863511388267,0.003993874518386541,0.003993874518386541,0.0,0.0,0,0,-3.7479610166452505e-05,0.006265383944260964,-0.0033756028862401742,0.0004233022720022744,-3.7479610166452505e-05,0.006265383944260964,-0.00919426713539661,9.180674899524637e-06,0.09247055884616479,0.4692718888022016
calibrate_then_close,9,21,0,0,certified_reset,0,1,0.01612863511388267,0.01213476059549613,0.003993874518386541,0.0,0.0,0.0,0,0,-0.0033756028862401742,0.0004233022720022744,-0.0018132994334557181,-0.0009305500868600517,-0.0033756028862401742,0.0004233022720022744,0.002736389200704426,1.1614143758463102e-05,0.09247055884616479,0.4692718888022016
calibrate_then_close,10,0,0,0,certified_reset,0,1,0.1,0.09600612548161347,0.003993874518386541,0.08387136488611735,0.0,0.0,0,0,3.1204107643910266,-0.4173444610021785,1.9233474302065732,-1.9734382976040243,3.1204107643910266,-0.4173444610021785,-1.55,9.828377590370646,0.09247055884616479,0.4692718888022016
calibrate_then_close,10,1,0,0,certified_reset,0,1,0.09600612548161347,0.09201225096322693,0.003993874518386541,0.07987749036773081,0.0,0.0,0,0,1.9233474302065732,-1.9734382976040243,0.4465408136267385,-0.9751572863836917,1.9233474302065732,-1.9734382976040243,0.991859880960039,4.424862556469729,0.09247055884616479,0.4692718888022016
calibrate_then_close,10,2,0,0,certified_reset,0,1,0.09201225096322693,0.0880183764448404,0.003993874518386541,0.07588361584934428,0.0,0.0,0,0,0.4465408136267385,-0.9751572863836917,-0.030405944912183944,0.012495984792399384,0.4465408136267385,-0.9751572863836917,0.9918486635294735,0.3951605044917566,0.09247055884616479,0.4692718888022016
calibrate_then_close,10,3,0,0,certified_reset,0,1,0.0880183764448404,0.08402450192645386,0.003993874518386541,0.07188974133095774,0.0,0.0,0,0,-0.030405944912183944,0.012495984792399384,-0.010149324976591283,0.02494670633789851,-0.030405944912183944,0.012495984792399384,0.011865811082943057,0.0009561483572869047,0.09247055884616479,0.4692718888022016
calibrate_then_close,10,4,0,0,certified_reset,0,1,0.08402450192645386,0.08003062740806732,0.003993874518386541,0.0678958668125712,0.0,0.0,0,0,-0.010149324976591283,0.02494670633789851,0.004742857506264879,-0.01979543385958786,-0.010149324976591283,0.02494670633789851,-0.026644732122215558,0.00023277820950675754,0.09247055884616479,0.4692718888022016
calibrate_then_close,10,5,0,0,certified_reset,0,1,0.08003062740806732,0.07603675288968079,0.003993874518386541,0.06390199229418467,0.0,0.0,0,0,0.004742857506264879,-0.01979543385958786,0.0024658969064026435,0.014765286357568125,0.004742857506264879,-0.01979543385958786,0.024434117763443425,0.0001079550064007558,0.09247055884616479,0.4692718888022016
calibrate_then_close,10,6,0,0,certified_reset,0,1,0.07603675288968079,0.07204287837129425,0.003993874518386541,0.05990811777579813,0.0,0.0,0,0,0.0024658969064026435,0.014765286357568125,0.008836198667631868,-0.002311523265571165,0.0024658969064026435,0.014765286357568125,-0.024208588343753522,5.997450391271683e-05,0.09247055884616479,0.4692718888022016
calibrate_then_close,10,7,0,0,certified_reset,0,1,0.07204287837129425,0.06804900385290771,0.003993874518386541,0.05591424325741159,0.0,0.0,0,0,0.008836198667631868,-0.002311523265571165,-0.0034035601399903096,-0.01965974613853406,0.008836198667631868,-0.002311523265571165,-0.005399759484663569,7.976910712147438e-05,0.09247055884616479,0.4692718888022016
calibrate_then_close,10,8,0,0,certified_reset,0,1,0.06804900385290771,0.06405512933452118,0.003993874518386541,0.051920368739025044,0.0,0.0,0,0,-0.0034035601399903096,-0.01965974613853406,-0.0011732394439655652,0.014476320061209358,-0.0034035601399903096,-0.01965974613853406,0.03235315682310347,0.00010732340181872791,0.09247055884616479,0.4692718888022016
calibrate_then_close,10,9,0,0,certified_reset,0,1,0.06405512933452118,0.060061254816134634,0.003993874518386541,0.0479264942206385,0.0,0.0,0,0,-0.0011732394439655652,0.014476320061209358,0.001987109192210037,0.00841704255057044,-0.0011732394439655652,0.014476320061209358,-0.02015890104270396,4.9257514726737944e-05,0.09247055884616479,0.4692718888022016
calibrate_then_close,10,10,0,0,certified_reset,0,1,0.060061254816134634,0.05606738029774809,0.003993874518386541,0.04393261970225196,0.0,0.0,0,0,0.001987109192210037,0.00841704255057044,0.005504454540105146,0.0033963392482582993,0.001987109192210037,0.00841704255057044,-0.014378458607105621,2.1869493693332265e-05,0.09247055884616479,0.4692718888022016
calibrate_then_close,10,11,0,0,certified_reset,0,1,0.05606738029774809,0.05207350577936155,0.003993874518386541,0.039938745183865414,0.0,0.0,0,0,0.005504454540105146,0.0033963392482582993,0.0051930185954700975,-0.012435626043661545,0.005504454540105146,0.0033963392482582993,-0.010480200609264311,3.512120655641151e-05,0.09247055884616479,0.4692718888022016
calibrate_then_close,10,12,1,1,certified_reset,0,1,0.05207350577936155,0.048079631260975,0.003993874518386541,0.03594487066547887,0.0,0.0,0,0,0.0051930185954700975,-0.012435626043661545,-0.007349900094040753,0.02452680340090404,0.0051930185954700975,-0.012435626043661545,0.013152031568220488,5.912790360978772e-05,0.09744082949644373,0.49914169846942547
calibrate_then_close,10,13,0,0,certified_reset,0,1,0.048079631260975,0.04408575674258846,0.003993874518386541,0.03195099614709233,0.0,0.0,0,0,-0.007349900094040753,0.02452680340090404,0.000674189760188116,0.012872087441260477,-0.007349900094040753,0.02452680340090404,-0.028807200955013414,0.00018304893737593103,0.09247055884616479,0.4692718888022016
calibrate_then_close,10,14,0,0,certified_reset,0,1,0.04408575674258846,0.040091882224201916,0.003993874518386541,0.027957121628705783,0.0,0.0,0,0,0.000674189760188116,0.012872087441260477,-0.001691341109835238,-0.0016400933791552424,0.000674189760188116,0.012872087441260477,-0.019631680477949266,3.9913918109631895e-05,0.09247055884616479,0.4692718888022016
calibrate_then_close,10,15,0,0,certified_reset,0,1,0.040091882224201916,0.03609800770581537,0.003993874518386541,0.023963247110319243,0.0,0.0,0,0,-0.001691341109835238,-0.0016400933791552424,0.0011570989660426878,-0.0015467973370340915,-0.001691341109835238,-0.0016400933791552424,0.004099676880406507,3.7650016455349804e-06,0.09247055884616479,0.4692718888022016
calibrate_then_close,10,16,0,0,certified_reset,0,1,0.03609800770581537,0.03210413318742883,0.003993874518386541,0.019969372591932703,0.0,0.0,0,0,0.0011570989660426878,-0.0015467973370340915,-0.011142220530660423,-0.01252425112918945,0.0011570989660426878,-0.0015467973370340915,0.0011286574743036208,1.8013894699086292e-06,0.09247055884616479,0.4692718888022016
calibrate_then_close,10,17,0,0,certified_reset,0,1,0.03210413318742883,0.02811025866904229,0.003993874518386541,0.015975498073546163,0.0,0.0,0,0,-0.011142220530660423,-0.01252425112918945,-0.0029375752619542747,0.005343822286142696,-0.011142220530660423,-0.01252425112918945,0.02954735118079344,0.00017420946334135962,0.09247055884616479,0.4692718888022016
calibrate_then_close,10,18,0,0,certified_reset,0,1,0.02811025866904229,0.02411638415065575,0.003993874518386541,0.011981623555159623,0.0,0.0,0,0,-0.0029375752619542747,0.005343822286142696,-0.004241164062550274,-0.0007010935770809814,-0.0029375752619542747,0.005343822286142696,-0.0049491011421292684,1.4381847065178918e-05,0.09247055884616479,0.4692718888022016
calibrate_then_close,10,19,0,0,certified_reset,0,1,0.02411638415065575,0.02012250963226921,0.003993874518386541,0.007987749036773082,0.0,0.0,0,0,-0.004241164062550274,-0.0007010935770809814,-0.0008256906971620015,-0.0021683171161093273,-0.004241164062550274,-0.0007010935770809814,0.005255163913801239,1.8766367096179273e-05,0.09247055884616479,0.4692718888022016
calibrate_then_close,10,20,0,0,certified_reset,0,1,0.02012250963226921,0.01612863511388267,0.003993874518386541,0.003993874518386541,0.0,0.0,0,0,-0.0008256906971620015,-0.0021683171161093273,-0.004153328629012996,0.0015587945653368221,-0.0008256906971620015,-0.0021683171161093273,0.004018241560006876,1.931709599126315e-06,0.09247055884616479,0.4692718888022016
calibrate_then_close,10,21,0,0,certified_reset,0,1,0.01612863511388267,0.01213476059549613,0.003993874518386541,0.0,0.0,0.0,0,0,-0.004153328629012996,0.0015587945653368221,0.0012265928573876026,0.002129236719055151,-0.004153328629012996,0.0015587945653368221,0.0018415282884087566,1.7772290650950463e-05,0.09247055884616479,0.4692718888022016
calibrate_then_close,11,0,1,1,certified_reset,0,1,0.1,0.09600612548161347,0.003993874518386541,0.08387136488611735,0.0,0.0,0,0,-3.5287970408445357,-0.21555036776732966,-2.9719297005436203,1.3176354401770236,-3.5287970408445357,-0.21555036776732966,1.55,12.520834208461187,0.09744082949644373,0.49914169846942547
calibrate_then_close,11,1,0,0,certified_reset,0,1,0.09600612548161347,0.09201225096322693,0.003993874518386541,0.07987749036773081,0.0,0.0,0,0,-2.9719297005436203,1.3176354401770236,-1.311804795804239,1.98763686058669,-2.9719297005436203,1.3176354401770236,0.6681595077104625,9.15603644074478,0.09247055884616479,0.4692718888022016
calibrate_then_close,11,2,0,0,certified_reset,0,1,0.09201225096322693,0.0880183764448404,0.003993874518386541,0.07588361584934428,0.0,0.0,0,0,-1.311804795804239,1.98763686058669,-0.09090878229589998,0.43402975643493347,-1.311804795804239,1.98763686058669,-1.55,2.492020374416325,0.09247055884616479,0.4692718888022016
calibrate_then_close,11,3,0,0,certified_reset,0,1,0.0880183764448404,0.08402450192645386,0.003993874518386541,0.07188974133095774,0.0,0.0,0,0,-0.09090878229589998,0.43402975643493347,0.06970256112167966,-0.12194923439945798,-0.09090878229589998,0.43402975643493347,-0.5488433122773713,0.049703860539087416,0.09247055884616479,0.4692718888022016
calibrate_then_close,11,4,0,0,certified_reset,0,1,0.08402450192645386,0.08003062740806732,0.003993874518386541,0.0678958668125712,0.0,0.0,0,0,0.06970256112167966,-0.12194923439945798,0.00989597156243839,-0.02075883766432193,0.06970256112167966,-0.12194923439945798,0.11023570136022709,0.00783913561199153,0.09247055884616479,0.4692718888022016
calibrate_then_close,11,5,0,0,certified_reset,0,1,0.08003062740806732,0.07603675288968079,0.003993874518386541,0.06390199229418467,0.0,0.0,0,0,0.00989597156243839,-0.02075883766432193,-0.002040990604080325,-0.011877205102500772,0.00989597156243839,-0.02075883766432193,0.020727257067810968,0.000186238014214728,0.09247055884616479,0.4692718888022016
calibrate_then_close,11,6,0,0,certified_reset,0,1,0.07603675288968079,0.07204287837129425,0.003993874518386541,0.05990811777579813,0.0,0.0,0,0,-0.002040990604080325,-0.011877205102500772,-0.013799206318111394,0.010276864946382715,-0.002040990604080325,-0.011877205102500772,0.019527812803967617,3.9091269657050875e-05,0.09247055884616479,0.4692718888022016
calibrate_then_close,11,7,0,0,certified_reset,0,1,0.07204287837129425,0.06804900385290771,0.003993874518386541,0.05591424325741159,0.0,0.0,0,0,-0.013799206318111394,0.010276864946382715,0.0012279745975628826,-0.0012317874577360347,-0.013799206318111394,0.010276864946382715,-0.0013939171486561147,0.00020947718169795254,0.09247055884616479,0.4692718888022016
calibrate_then_close,11,8,0,0,certified_reset,0,1,0.06804900385290771,0.06405512933452118,0.003993874518386541,0.051920368739025044,0.0,0.0,0,0,0.0012279745975628826,-0.0012317874577360347,-0.005092436954279344,-0.0029005144034100227,0.0012279745975628826,-0.0012317874577360347,0.0005922879518582323,1.7898057990940786e-06,0.09247055884616479,0.4692718888022016
calibrate_then_close,11,9,0,0,certified_reset,0,1,0.06405512933452118,0.060061254816134634,0.003993874518386541,0.0479264942206385,0.0,0.0,0,0,-0.005092436954279344,-0.0029005144034100227,0.0011832400999117962,0.008882219906499256,-0.005092436954279344,-0.0029005144034100227,0.009343470981975004,2.962976246787512e-05,0.09247055884616479,0.4692718888022016
calibrate_then_close,11,10,0,0,certified_reset,0,1,0.060061254816134634,0.05606738029774809,0.003993874518386541,0.04393261970225196,0.0,0.0,0,0,0.0011832400999117962,0.008882219906499256,-0.0036527292912262093,-0.013786378684456592,0.0011832400999117962,0.008882219906499256,-0.014263955817836923,2.068745750750347e-05,0.09247055884616479,0.4692718888022016
calibrate_then_close,11,11,0,0,certified_reset,0,1,0.05606738029774809,0.05207350577936155,0.003993874518386541,0.039938745183865414,0.0,0.0,0,0,-0.0036527292912262093,-0.013786378684456592,0.0008313229252584443,0.010547168699258124,-0.0036527292912262093,-0.013786378684456592,0.02394810214516179,6.189178388548253e-05,0.09247055884616479,0.4692718888022016
calibrate_then_close,11,12,0,0,certified_reset,0,1,0.05207350577936155,0.048079631260975,0.003993874518386541,0.03594487066547887,0.0,0.0,0,0,0.0008313229252584443,0.010547168699258124,0.006546269750977718,-0.009617233031489534,0.0008313229252584443,0.010547168699258124,-0.016367508249644537,2.7412179126324665e-05,0.09247055884616479,0.4692718888022016
calibrate_then_close,11,13,0,0,certified_reset,0,1,0.048079631260975,0.04408575674258846,0.003993874518386541,0.03195099614709233,0.0,0.0,0,0,0.006546269750977718,-0.009617233031489534,0.0025057660675666983,0.0019135404780140004,0.006546269750977718,-0.009617233031489534,0.007648120269035568,6.096440205656189e-05,0.09247055884616479,0.4692718888022016
calibrate_then_close,11,14,1,1,certified_reset,0,1,0.04408575674258846,0.040091882224201916,0.003993874518386541,0.027957121628705783,0.0,0.0,0,0,0.0025057660675666983,0.0019135404780140004,-0.008121832636587398,-0.018827201957816005,0.0025057660675666983,0.0019135404780140004,-0.005313730151841178,7.643851477512977e-06,0.09744082949644373,0.49914169846942547
calibrate_then_close,11,15,2,2,certified_reset,0,1,0.040091882224201916,0.03609800770581537,0.003993874518386541,0.023963247110319243,0.0,0.0,0,0,-0.008121832636587398,-0.018827201957816005,-0.024794827411214533,0.025247089368037948,-0.008121832636587398,-0.018827201957816005,0.03582431327467743,0.00016185213695766231,0.10372612354602789,0.5374732092193446
calibrate_then_close,11,16,2,2,certified_reset,0,1,0.03609800770581537,0.03210413318742883,0.003993874518386541,0.019969372591932703,0.0,0.0,0,0,-0.024794827411214533,0.025247089368037948,-0.014915098928440937,0.014743699242137462,-0.024794827411214533,0.025247089368037948,-0.012499423088114773,0.000733424149670693,0.10372612354602789,0.5374732092193446
calibrate_then_close,11,17,2,2,certified_reset,0,1,0.03210413318742883,0.02811025866904229,0.003993874518386541,0.015975498073546163,0.0,0.0,0,0,-0.014915098928440937,0.014743699242137462,-0.052618346581003124,-0.010557469248990339,-0.014915098928440937,0.014743699242137462,-0.00686429744830317,0.00026276594065331835,0.10372612354602789,0.5374732092193446
calibrate_then_close,11,18,2,2,certified_reset,0,1,0.02811025866904229,0.02411638415065575,0.003993874518386541,0.011981623555159623,0.0,0.0,0,0,-0.052618346581003124,-0.010557469248990339,-0.021468935410094894,0.056032276903855815,-0.052618346581003124,-0.010557469248990339,0.0679487489706166,0.0029041790373351673,0.10372612354602789,0.5374732092193446
calibrate_then_close,11,19,2,2,certified_reset,0,1,0.02411638415065575,0.02012250963226921,0.003993874518386541,0.007987749036773082,0.0,0.0,0,0,-0.021468935410094894,0.056032276903855815,0.0033848432916751513,-0.037165602881224724,-0.021468935410094894,0.056032276903855815,-0.061167129739136364,0.001119581521561402,0.10372612354602789,0.5374732092193446
calibrate_then_close,11,20,2,2,certified_reset,0,1,0.02012250963226921,0.01612863511388267,0.003993874518386541,0.003993874518386541,0.0,0.0,0,0,0.0033848432916751513,-0.037165602881224724,-0.035906653433558894,-0.006798550893497391,0.0033848432916751513,-0.037165602881224724,0.051382251219500706,0.00032609132437327724,0.10372612354602789,0.5374732092193446
calibrate_then_close,11,21,1,1,certified_reset,0,1,0.01612863511388267,0.01213476059549613,0.003993874518386541,0.0,0.0,0.0,0,0,-0.035906653433558894,-0.006798550893497391,-0.02162858664923654,0.02689669982816384,-0.035906653433558894,-0.006798550893497391,0.0457726298532091,0.0013499857548549443,0.09744082949644373,0.49914169846942547
calibrate_then_close,12,0,0,0,certified_reset,0,1,0.1,0.09600612548161347,0.003993874518386541,0.08387136488611735,0.0,0.0,0,0,-1.032516828937279,0.2836257800087125,-0.439352430902756,0.8979040966436307,-1.032516828937279,0.2836257800087125,0.61033447380871,1.0898835512420773,0.09247055884616479,0.4692718888022016
calibrate_then_close,12,1,0,0,certified_reset,0,1,0.09600612548161347,0.09201225096322693,0.003993874518386541,0.07987749036773081,0.0,0.0,0,0,-0.439352430902756,0.8979040966436307,0.009679762762022762,0.01530173717501767,-0.439352430902756,0.8979040966436307,-0.8852055015879448,0.3577419960596947,0.09247055884616479,0.4692718888022016
calibrate_then_close,12,2,0,0,certified_reset,0,1,0.09201225096322693,0.0880183764448404,0.003993874518386541,0.07588361584934428,0.0,0.0,0,0,0.009679762762022762,0.01530173717501767,0.010218765936442458,-0.01107606934188999,0.009679762762022762,0.01530173717501767,-0.03217613423568877,0.0001617261663910663,0.09247055884616479,0.4692718888022016
calibrate_then_close,12,3,0,0,certified_reset,0,1,0.0880183764448404,0.08402450192645386,0.003993874518386541,0.07188974133095774,0.0,0.0,0,0,0.010218765936442458,-0.01107606934188999,0.00782809645407746,-0.011131961472322826,0.010218765936442458,-0.01107606934188999,0.0061426675956625125,0.0001274487625655107,0.09247055884616479,0.4692718888022016
calibrate_then_close,12,4,0,0,certified_reset,0,1,0.08402450192645386,0.08003062740806732,0.003993874518386541,0.0678958668125712,0.0,0.0,0,0,0.00782809645407746,-0.011131961472322826,0.0010414132736193472,-0.004720361440928873,0.00782809645407746,-0.011131961472322826,0.00860162075868432,8.543449300607617e-05,0.09247055884616479,0.4692718888022016
calibrate_then_close,12,5,0,0,certified_reset,0,1,0.08003062740806732,0.07603675288968079,0.003993874518386541,0.06390199229418467,0.0,0.0,0,0,0.0010414132736193472,-0.004720361440928873,-0.0016418274902850285,0.005298779311673596,0.0010414132736193472,-0.004720361440928873,0.005913470127420375,5.969496014109352e-06,0.09247055884616479,0.4692718888022016
calibrate_then_close,12,6,0,0,certified_reset,0,1,0.07603675288968079,0.07204287837129425,0.003993874518386541,0.05990811777579813,0.0,0.0,0,0,-0.0016418274902850285,0.005298779311673596,0.0025279212230936324,-0.012118690218566595,-0.0016418274902850285,0.005298779311673596,-0.006167908673595149,8.700546137888512e-06,0.09247055884616479,0.4692718888022016
calibrate_then_close,12,7,0,0,certified_reset,0,1,0.07204287837129425,0.06804900385290771,0.003993874518386541,0.05591424325741159,0.0,0.0,0,0,0.0025279212230936324,-0.012118690218566595,0.003673156642928624,0.013832295196715713,0.0025279212230936324,-0.012118690218566595,0.01533090764122917,3.870158140820938e-05,0.09247055884616479,0.4692718888022016
calibrate_then_close,12,8,0,0,certified_reset,0,1,0.06804900385290771,0.06405512933452118,0.003993874518386541,0.051920368739025044,0.0,0.0,0,0,0.003673156642928624,0.013832295196715713,-0.0012893349268127512,-0.013649984211466579,0.003673156642928624,0.013832295196715713,-0.024035035466641604,6.23739832441939e-05,0.09247055884616479,0.4692718888022016
calibrate_then_close,12,9,0,0,certified_reset,0,1,0.06405512933452118,0.060061254816134634,0.003993874518386541,0.0479264942206385,0.0,0.0,0,0,-0.0012893349268127512,-0.013649984211466579,-0.01360398580961253,0.008834135598247885,-0.0012893349268127512,-0.013649984211466579,0.0213928963086432,4.664175728049988e-05,0.09247055884616479,0.4692718888022016
calibrate_then_close,12,10,0,0,certified_reset,0,1,0.060061254816134634,0.05606738029774809,0.003993874518386541,0.04393261970225196,0.0,0.0,0,0,-0.01360398580961253,0.008834135598247885,-0.001662059933626136,0.012761826775739893,-0.01360398580961253,0.008834135598247885,0.0005371942217792101,0.00019912319566721843,0.09247055884616479,0.4692718888022016
calibrate_then_close,12,11,0,0,certified_reset,0,1,0.05606738029774809,0.05207350577936155,0.003993874518386541,0.039938745183865414,0.0,0.0,0,0,-0.001662059933626136,0.012761826775739893,0.006055318380565831,-3.122386815779428e-06,-0.001662059933626136,0.012761826775739893,-0.017146150177832175,3.9427764948703176e-05,0.09247055884616479,0.4692718888022016
calibrate_then_close,12,12,0,0,certified_reset,0,1,0.05207350577936155,0.048079631260975,0.003993874518386541,0.03594487066547887,0.0,0.0,0,0,0.006055318380565831,-3.122386815779428e-06,0.00494542074355833,0.006453160167888859,0.006055318380565831,-3.122386815779428e-06,-0.006024045465299648,3.7574110539092226e-05,0.09247055884616479,0.4692718888022016
calibrate_then_close,12,13,0,0,certified_reset,0,1,0.048079631260975,0.04408575674258846,0.003993874518386541,0.03195099614709233,0.0,0.0,0,0,0.00494542074355833,0.006453160167888859,0.010923192093988126,0.013882467213773588,0.00494542074355833,0.006453160167888859,-0.01442705809879412,3.7156476172903484e-05,0.09247055884616479,0.4692718888022016
calibrate_then_close,12,14,0,0,certified_reset,0,1,0.04408575674258846,0.040091882224201916,0.003993874518386541,0.027957121628705783,0.0,0.0,0,0,0.010923192093988126,0.013882467213773588,0.010295087867850427,-0.013712827579501034,0.010923192093988126,0.013882467213773588,-0.031326205481737944,0.00017853952553873617,0.09247055884616479,0.4692718888022016
calibrate_then_close,12,15,0,0,certified_reset,0,1,0.040091882224201916,0.03609800770581537,0.003993874518386541,0.023963247110319243,0.0,0.0,0,0,0.010295087867850427,-0.013712827579501034,0.005770744401923996,-0.010875057498887723,0.010295087867850427,-0.013712827579501034,0.00995238981173198,0.00014231258102140006,0.09247055884616479,0.4692718888022016
calibrate_then_close,12,16,0,0,certified_reset,0,1,0.03609800770581537,0.03210413318742883,0.003993874518386541,0.019969372591932703,0.0,0.0,0,0,0.005770744401923996,-0.010875057498887723,-0.005757314778500509,-0.007719675055849088,0.005770744401923996,-0.010875057498887723,0.010271565676828503,5.7227155097412716e-05,0.09247055884616479,0.4692718888022016
calibrate_then_close,12,17,0,0,certified_reset,0,1,0.03210413318742883,0.02811025866904229,0.003993874518386541,0.015975498073546163,0.0,0.0,0,0,-0.005757314778500509,-0.007719675055849088,-0.013693260259560002,-0.006906427903631003,-0.005757314778500509,-0.007719675055849088,0.017103895119170445,5.118706309915168e-05,0.09247055884616479,0.4692718888022016
calibrate_then_close,12,18,0,0,certified_reset,0,1,0.02811025866904229,0.02411638415065575,0.003993874518386541,0.011981623555159623,0.0,0.0,0,0,-0.013693260259560002,-0.006906427903631003,-0.008411473429344755,0.004892517550144708,-0.013693260259560002,-0.006906427903631003,0.02380767579017174,0.00021026128654914305,0.09247055884616479,0.4692718888022016
calibrate_then_close,12,19,0,0,certified_reset,0,1,0.02411638415065575,0.02012250963226921,0.003993874518386541,0.007987749036773082,0.0,0.0,0,0,-0.008411473429344755,0.004892517550144708,-0.004652219976535322,0.014016133264563864,-0.008411473429344755,0.004892517550144708,0.0011675633123115032,7.509557639090453e-05,0.09247055884616479,0.4692718888022016
calibrate_then_close,12,20,0,0,certified_reset,0,1,0.02012250963226921,0.01612863511388267,0.003993874518386541,0.003993874518386541,0.0,0.0,0,0,-0.004652219976535322,0.014016133264563864,0.003583435152168855,-0.0003384050938474387,-0.004652219976535322,0.014016133264563864,-0.016014090750931884,6.341578677875383e-05,0.09247055884616479,0.4692718888022016
calibrate_then_close,12,21,0,0,certified_reset,0,1,0.01612863511388267,0.01213476059549613,0.003993874518386541,0.0,0.0,0.0,0,0,0.003583435152168855,-0.0003384050938474387,-0.004489379317046196,-0.004511566477453168,0.003583435152168855,-0.0003384050938474387,-0.003071783086105087,1.3097517014358997e-05,0.09247055884616479,0.4692718888022016
calibrate_then_close,13,0,0,0,certified_reset,0,1,0.1,0.09600612548161347,0.003993874518386541,0.08387136488611735,0.0,0.0,0,0,2.81951983944451,0.23388537479212967,2.280830251765312,-1.3203646587987137,2.81951983944451,0.23388537479212967,-1.55,8.019601051358695,0.09247055884616479,0.4692718888022016
calibrate_then_close,13,1,0,0,certified_reset,0,1,0.09600612548161347,0.09201225096322693,0.003993874518386541,0.07987749036773081,0.0,0.0,0,0,2.280830251765312,-1.3203646587987137,0.8332609270403367,-1.5580825249574592,2.280830251765312,-1.3203646587987137,-0.24606165776448788,5.517505605650197,0.09247055884616479,0.4692718888022016
calibrate_then_close,13,2,0,0,certified_reset,0,1,0.09201225096322693,0.0880183764448404,0.003993874518386541,0.07588361584934428,0.0,0.0,0,0,0.8332609270403367,-1.5580825249574592,0.00850044157463403,-0.09780032440021834,0.8332609270403367,-1.5580825249574592,1.465473629482415,1.1849859043238364,0.09247055884616479,0.4692718888022016
calibrate_then_close,13,3,0,0,certified_reset,0,1,0.0880183764448404,0.08402450192645386,0.003993874518386541,0.07188974133095774,0.0,0.0,0,0,0.00850044157463403,-0.09780032440021834,-0.026020158626569777,0.04302976967059956,0.00850044157463403,-0.09780032440021834,0.13560397468320146,0.002253651077212655,0.09247055884616479,0.4692718888022016
calibrate_then_close,13,4,0,0,certified_reset,0,1,0.08402450192645386,0.08003062740806732,0.003993874518386541,0.0678958668125712,0.0,0.0,0,0,-0.026020158626569777,0.04302976967059956,3.329584635145444e-05,0.0101437862839235,-0.026020158626569777,0.04302976967059956,-0.037480257599207915,0.0010454488917173012,0.09247055884616479,0.4692718888022016
calibrate_then_close,13,5,0,0,certified_reset,0,1,0.08003062740806732,0.07603675288968079,0.003993874518386541,0.06390199229418467,0.0,0.0,0,0,3.329584635145444e-05,0.0101437862839235,0.0038386877731001936,0.001588916219865912,3.329584635145444e-05,0.0101437862839235,-0.014974891865266265,2.4128645304099317e-05,0.09247055884616479,0.4692718888022016
calibrate_then_close,13,6,0,0,certified_reset,0,1,0.07603675288968079,0.07204287837129425,0.003993874518386541,0.05990811777579813,0.0,0.0,0,0,0.0038386877731001936,0.001588916219865912,0.0002715750775372115,0.002596212844357239,0.0038386877731001936,0.001588916219865912,-0.006167103462926653,1.6140790803085506e-05,0.09247055884616479,0.4692718888022016
calibrate_then_close,13,7,0,0,certified_reset,0,1,0.07204287837129425,0.06804900385290771,0.003993874518386541,0.05591424325741159,0.0,0.0,0,0,0.0002715750775372115,0.002596212844357239,-0.005089476862982192,-0.009288853180431763,0.0002715750775372115,0.002596212844357239,-0.004097065778386343,1.7066595265269456e-06,0.09247055884616479,0.4692718888022016
calibrate_then_close,13,8,0,0,certified_reset,0,1,0.06804900385290771,0.06405512933452118,0.003993874518386541,0.051920368739025044,0.0,0.0,0,0,-0.005089476862982192,-0.009288853180431763,0.0029546106837297463,0.019725503273957876,-0.005089476862982192,-0.009288853180431763,0.018752481553335924,5.0225066662407264e-05,0.09247055884616479,0.4692718888022016
calibrate_then_close,13,9,0,0,certified_reset,0,1,0.06405512933452118,0.060061254816134634,0.003993874518386541,0.0479264942206385,0.0,0.0,0,0,0.0029546106837297463,0.019725503273957876,0.0035964237521078786,-0.021105679569579698,0.0029546106837297463,0.019725503273957876,-0.032001934211274626,0.00010437000541794481,0.09247055884616479,0.4692718888022016
calibrate_then_close,13,10,0,0,certified_reset,0,1,0.060061254816134634,0.05606738029774809,0.003993874518386541,0.04393261970225196,0.0,0.0,0,0,0.0035964237521078786,-0.021105679569579698,-0.0086838166326152,0.013445011949725347,0.0035964237521078786,-0.021105679569579698,0.027511603175589226,0.00011203741935388228,0.09247055884616479,0.4692718888022016
calibrate_then_close,13,11,1,1,certified_reset,0,1,0.05606738029774809,0.05207350577936155,0.003993874518386541,0.039938745183865414,0.0,0.0,0,0,-0.0086838166326152,0.013445011949725347,0.02322724975282344,0.04132665326234094,-0.0086838166326152,0.013445011949725347,-0.011161061097463553,0.00011106120576850358,0.09744082949644373,0.49914169846942547
calibrate_then_close,13,12,1,1,certified_reset,0,1,0.05207350577936155,0.048079631260975,0.003993874518386541,0.03594487066547887,0.0,0.0,0,0,0.02322724975282344,0.04132665326234094,0.025557116524424096,-0.015332713111962819,0.02322724975282344,0.04132665326234094,-0.08400766750303838,0.0010233579446383987,0.09744082949644373,0.49914169846942547
calibrate_then_close,13,13,1,1,certified_reset,0,1,0.048079631260975,0.04408575674258846,0.003993874518386541,0.03195099614709233,0.0,0.0,0,0,0.025557116524424096,-0.015332713111962819,0.01419803396867702,-0.02729905122201417,0.025557116524424096,-0.015332713111962819,-0.002858284640287615,0.0006956870262673899,0.09744082949644373,0.49914169846942547
calibrate_then_close,13,14,1,1,certified_reset,0,1,0.04408575674258846,0.040091882224201916,0.003993874518386541,0.027957121628705783,0.0,0.0,0,0,0.01419803396867702,-0.02729905122201417,0.02525162949303901,0.029224179019912123,0.01419803396867702,-0.02729905122201417,0.026079233955069944,0.0003527302052397759,0.09744082949644373,0.49914169846942547
calibrate_then_close,13,15,0,0,certified_reset,0,1,0.040091882224201916,0.03609800770581537,0.003993874518386541,0.023963247110319243,0.0,0.0,0,0,0.02525162949303901,0.029224179019912123,0.018319548447141655,-0.022826508140406626,0.02525162949303901,0.029224179019912123,-0.06819792105701575,0.0009076481780560082,0.09247055884616479,0.4692718888022016
calibrate_then_close,13,16,0,0,certified_reset,0,1,0.03609800770581537,0.03210413318742883,0.003993874518386541,0.019969372591932703,0.0,0.0,0,0,0.018319548447141655,-0.022826508140406626,-0.004841518913896873,-0.0038251820595338257,0.018319548447141655,-0.022826508140406626,0.015387415510925834,0.0004353140745089463,0.09247055884616479,0.4692718888022016
calibrate_then_close,13,17,0,0,certified_reset,0,1,0.03210413318742883,0.02811025866904229,0.003993874518386541,0.015975498073546163,0.0,0.0,0,0,-0.004841518913896873,-0.0038251820595338257,-0.004802945291534223,0.006302324504176336,-0.004841518913896873,-0.0038251820595338257,0.010451797532338478,2.880507038699037e-05,0.09247055884616479,0.4692718888022016
calibrate_then_close,13,18,0,0,certified_reset,0,1,0.02811025866904229,0.02411638415065575,0.003993874518386541,0.011981623555159623,0.0,0.0,0,0,-0.004802945291534223,0.006302324504176336,0.009063090031948905,-0.006131115373311266,-0.004802945291534223,0.006302324504176336,-0.004501329613453943,3.072430562876417e-05,0.09247055884616479,0.4692718888022016
calibrate_then_close,13,19,0,0,certified_reset,0,1,0.02411638415065575,0.02012250963226921,0.003993874518386541,0.007987749036773082,0.0,0.0,0,0,0.009063090031948905,-0.006131115373311266,-0.003640846799577898,-0.0075745509218963746,0.009063090031948905,-0.006131115373311266,5.414804256953896e-06,8.890590528996791e-05,0.09247055884616479,0.4692718888022016
calibrate_then_close,13,20,0,0,certified_reset,0,1,0.02012250963226921,0.01612863511388267,0.003993874518386541,0.003993874518386541,0.0,0.0,0,0,-0.003640846799577898,-0.0075745509218963746,-0.0005601988265566886,0.015707585451498515,-0.003640846799577898,-0.0075745509218963746,0.014784470927629608,2.904756783355697e-05,0.09247055884616479,0.4692718888022016
calibrate_then_close,13,21,0,0,certified_reset,0,1,0.01612863511388267,0.01213476059549613,0.003993874518386541,0.0,0.0,0.0,0,0,-0.0005601988265566886,0.015707585451498515,-0.0028195133853593894,-0.0017397126525310414,-0.0005601988265566886,0.015707585451498515,-0.022583558528114434,5.7475333948997756e-05,0.09247055884616479,0.4692718888022016
calibrate_then_close,14,0,0,0,certified_reset,0,1,0.1,0.09600612548161347,0.003993874518386541,0.08387136488611735,0.0,0.0,0,0,2.46429192545723,0.033364521471101805,1.7245970418283767,-1.51661795469029,2.46429192545723,0.033364521471101805,-1.55,6.132997568306442,0.09247055884616479,0.4692718888022016
calibrate_then_close,14,1,0,0,certified_reset,0,1,0.09600612548161347,0.09201225096322693,0.003993874518386541,0.07987749036773081,0.0,0.0,0,0,1.7245970418283767,-1.51661795469029,0.46199033974827813,-1.0141807316760707,1.7245970418283767,-1.51661795469029,0.5168295047559063,3.3949361787958563,0.09247055884616479,0.4692718888022016
calibrate_then_close,14,2,0,0,certified_reset,0,1,0.09201225096322693,0.0880183764448404,0.003993874518386541,0.07588361584934428,0.0,0.0,0,0,0.46199033974827813,-1.0141807316760707,-0.0360252602666926,0.013052335352332821,0.46199033974827813,-1.0141807316760707,1.033948788057864,0.4253025865994294,0.09247055884616479,0.4692718888022016
calibrate_then_close,14,3,0,0,certified_reset,0,1,0.0880183764448404,0.08402450192645386,0.003993874518386541,0.07188974133095774,0.0,0.0,0,0,-0.0360252602666926,0.013052335352332821,-0.011757814436187048,0.02891704933631914,-0.0360252602666926,0.013052335352332821,0.01664126604227517,0.0013354080931371414,0.09247055884616479,0.4692718888022016
calibrate_then_close,14,4,0,0,certified_reset,0,1,0.08402450192645386,0.08003062740806732,0.003993874518386541,0.0678958668125712,0.0,0.0,0,0,-0.011757814436187048,0.02891704933631914,0.0010059752561143295,-0.007788356234023385,-0.011757814436187048,0.02891704933631914,-0.030891560028800426,0.0003126186459585738,0.09247055884616479,0.4692718888022016
calibrate_then_close,14,5,0,0,certified_reset,0,1,0.08003062740806732,0.07603675288968079,0.003993874518386541,0.06390199229418467,0.0,0.0,0,0,0.0010059752561143295,-0.007788356234023385,-0.0018811865872659125,0.007407924149625742,0.0010059752561143295,-0.007788356234023385,0.010470428051971424,1.4671261514751209e-05,0.09247055884616479,0.4692718888022016
calibrate_then_close,14,6,0,0,certified_reset,0,1,0.07603675288968079,0.07204287837129425,0.003993874518386541,0.05990811777579813,0.0,0.0,0,0,-0.0018811865872659125,0.007407924149625742,0.0042336263447181,-0.011955187682616896,-0.0018811865872659125,0.007407924149625742,-0.009037331103134774,1.545861804999084e-05,0.09247055884616479,0.4692718888022016
calibrate_then_close,14,7,0,0,certified_reset,0,1,0.07204287837129425,0.06804900385290771,0.003993874518386541,0.05591424325741159,0.0,0.0,0,0,0.0042336263447181,-0.011955187682616896,-0.007090833722642155,-0.007258736197258076,0.0042336263447181,-0.011955187682616896,0.013393977078042931,4.813532983065669e-05,0.09247055884616479,0.4692718888022016
calibrate_then_close,14,8,0,0,certified_reset,0,1,0.06804900385290771,0.06405512933452118,0.003993874518386541,0.051920368739025044,0.0,0.0,0,0,-0.007090833722642155,-0.007258736197258076,-0.013029774745830797,0.011388164560035104,-0.007090833722642155,-0.007258736197258076,0.01775238693558996,6.764266914258105e-05,0.09247055884616479,0.4692718888022016
calibrate_then_close,14,9,0,0,certified_reset,0,1,0.06405512933452118,0.060061254816134634,0.003993874518386541,0.0479264942206385,0.0,0.0,0,0,-0.013029774745830797,0.011388164560035104,0.008284806228233934,0.010806315117839296,-0.013029774745830797,0.011388164560035104,-0.0037992216106397425,0.00019348013461661793,0.09247055884616479,0.4692718888022016
calibrate_then_close,14,10,0,0,certified_reset,0,1,0.060061254816134634,0.05606738029774809,0.003993874518386541,0.04393261970225196,0.0,0.0,0,0,0.008284806228233934,0.010806315117839296,0.018637950100217432,-0.000796311833586966,0.008284806228233934,0.010806315117839296,-0.024170511726394443,0.00010426311552396564,0.09247055884616479,0.4692718888022016
calibrate_then_close,14,11,0,0,certified_reset,0,1,0.05606738029774809,0.05207350577936155,0.003993874518386541,0.039938745183865414,0.0,0.0,0,0,0.018637950100217432,-0.000796311833586966,0.0010242200960677971,-0.003505199249723751,0.018637950100217432,-0.000796311833586966,-0.017388993231983466,0.0003550467513352801,0.09247055884616479,0.4692718888022016
calibrate_then_close,14,12,0,0,certified_reset,0,1,0.05207350577936155,0.048079631260975,0.003993874518386541,0.03594487066547887,0.0,0.0,0,0,0.0010242200960677971,-0.003505199249723751,-0.009578041194507815,-0.0037998716550218534,0.0010242200960677971,-0.003505199249723751,0.004145810502005968,3.690276343600212e-06,0.09247055884616479,0.4692718888022016
calibrate_then_close,14,13,0,0,certified_reset,0,1,0.048079631260975,0.04408575674258846,0.003993874518386541,0.03195099614709233,0.0,0.0,0,0,-0.009578041194507815,-0.0037998716550218534,-0.0009953788716555046,0.012342369761920493,-0.009578041194507815,-0.0037998716550218534,0.01513481546783993,0.00010006446353186279,0.09247055884616479,0.4692718888022016
calibrate_then_close,14,14,0,0,certified_reset,0,1,0.04408575674258846,0.040091882224201916,0.003993874518386541,0.027957121628705783,0.0,0.0,0,0,-0.0009953788716555046,0.012342369761920493,0.006531350353175969,-0.014547409954285084,-0.0009953788716555046,0.012342369761920493,-0.01719277366365787,3.5800702195576855e-05,0.09247055884616479,0.4692718888022016
calibrate_then_close,14,15,0,0,certified_reset,0,1,0.040091882224201916,0.03609800770581537,0.003993874518386541,0.023963247110319243,0.0,0.0,0,0,0.006531350353175969,-0.014547409954285084,0.007127929377727173,-0.0008469987283601537,0.006531350353175969,-0.014547409954285084,0.014926491887132715,8.632142598539372e-05,0.09247055884616479,0.4692718888022016
calibrate_then_close,14,16,0,0,certified_reset,0,1,0.03609800770581537,0.03210413318742883,0.003993874518386541,0.019969372591932703,0.0,0.0,0,0,0.007127929377727173,-0.0008469987283601537,0.009007849045384675,-0.007393440214053302,0.007127929377727173,-0.0008469987283601537,-0.005851083601312423,5.179238992885664e-05,0.09247055884616479,0.4692718888022016
calibrate_then_close,14,17,0,0,certified_reset,0,1,0.03210413318742883,0.02811025866904229,0.003993874518386541,0.015975498073546163,0.0,0.0,0,0,0.009007849045384675,-0.007393440214053302,0.008317079878811591,-0.002458011288968353,0.009007849045384675,-0.007393440214053302,0.001917998726163384,9.107264487805722e-05,0.09247055884616479,0.4692718888022016
calibrate_then_close,14,18,0,0,certified_reset,0,1,0.02811025866904229,0.02411638415065575,0.003993874518386541,0.011981623555159623,0.0,0.0,0,0,0.008317079878811591,-0.002458011288968353,-0.005858758650041098,-0.0008421007998699838,0.008317079878811591,-0.002458011288968353,-0.00465970295916861,7.080416601163e-05,0.09247055884616479,0.4692718888022016
calibrate_then_close,14,19,0,0,certified_reset,0,1,0.02411638415065575,0.02012250963226921,0.003993874518386541,0.007987749036773082,0.0,0.0,0,0,-0.005858758650041098,-0.0008421007998699838,0.004643319772685786,0.006941441853564784,-0.005858758650041098,-0.0008421007998699838,0.007074565520122731,3.570393392817962e-05,0.09247055884616479,0.4692718888022016
calibrate_then_close,14,20,0,0,certified_reset,0,1,0.02012250963226921,0.01612863511388267,0.003993874518386541,0.003993874518386541,0.0,0.0,0,0,0.004643319772685786,0.006941441853564784,-0.0012051653006553524,0.006372457614805151,0.004643319772685786,0.006941441853564784,-0.014851762757659754,3.5747840637815775e-05,0.09247055884616479,0.4692718888022016
calibrate_then_close,14,21,0,0,certified_reset,0,1,0.01612863511388267,0.01213476059549613,0.003993874518386541,0.0,0.0,0.0,0,0,-0.0012051653006553524,0.006372457614805151,0.00848577146195852,-0.0009482134420068675,-0.0012051653006553524,0.006372457614805151,-0.008188321916720082,1.0438117686647534e-05,0.09247055884616479,0.4692718888022016
calibrate_then_close,15,0,1,1,certified_reset,0,1,0.1,0.09600612548161347,0.003993874518386541,0.08387136488611735,0.0,0.0,0,0,3.9674875486466767,-0.16476252185542445,3.0309272280678976,-1.7352383665707947,3.9674875486466767,-0.16476252185542445,-1.55,15.805906352615885,0.09744082949644373,0.49914169846942547
calibrate_then_close,15,1,1,1,certified_reset,0,1,0.09600612548161347,0.09201225096322693,0.003993874518386541,0.07987749036773081,0.0,0.0,0,0,3.0309272280678976,-1.7352383665707947,1.2563153312903157,-1.8128478326647866,3.0309272280678976,-1.7352383665707947,-0.10759316692470274,9.728798663070041,0.09744082949644373,0.49914169846942547
calibrate_then_close,15,2,1,1,certified_reset,0,1,0.09201225096322693,0.0880183764448404,0.003993874518386541,0.07588361584934428,0.0,0.0,0,0,1.2563153312903157,-1.8128478326647866,0.154003715447189,-0.36006287275210713,1.2563153312903157,-1.8128478326647866,1.4195004033824794,2.2202578541067055,0.09744082949644373,0.49914169846942547
calibrate_then_close,15,3,1,1,certified_reset,0,1,0.0880183764448404,0.08402450192645386,0.003993874518386541,0.07188974133095774,0.0,0.0,0,0,0.154003715447189,-0.36006287275210713,0.004717364468929838,0.050738735279848776,0.154003715447189,-0.36006287275210713,0.37705513794567114,0.0506075578180295,0.09744082949644373,0.49914169846942547
calibrate_then_close,15,4,1,1,certified_reset,0,1,0.08402450192645386,0.08003062740806732,0.003993874518386541,0.0678958668125712,0.0,0.0,0,0,0.004717364468929838,0.050738735279848776,0.03591804116099996,0.018236551083381743,0.004717364468929838,0.050738735279848776,-0.07944091248740641,0.0006434204583572585,0.09744082949644373,0.49914169846942547
calibrate_then_close,15,5,1,1,certified_reset,0,1,0.08003062740806732,0.07603675288968079,0.003993874518386541,0.06390199229418467,0.0,0.0,0,0,0.03591804116099996,0.018236551083381743,0.023619313318449315,-0.036945969674099834,0.03591804116099996,0.018236551083381743,-0.06262626009946629,0.0014480198153694601,0.09744082949644373,0.49914169846942547
calibrate_then_close,15,6,1,1,certified_reset,0,1,0.07603675288968079,0.07204287837129425,0.003993874518386541,0.05990811777579813,0.0,0.0,0,0,0.023619313318449315,-0.036945969674099834,-0.009635677934515495,-0.02526955029656037,0.023619313318449315,-0.036945969674099834,0.03091052767108674,0.0008274593211864134,0.09744082949644373,0.49914169846942547
calibrate_then_close,15,7,0,0,certified_reset,0,1,0.07204287837129425,0.06804900385290771,0.003993874518386541,0.05591424325741159,0.0,0.0,0,0,-0.009635677934515495,-0.02526955029656037,-0.011999052491705306,0.023865120610554916,-0.009635677934515495,-0.02526955029656037,0.04682028494746152,0.00026258879731601704,0.09247055884616479,0.4692718888022016
calibrate_then_close,15,8,0,0,certified_reset,0,1,0.06804900385290771,0.06405512933452118,0.003993874518386541,0.051920368739025044,0.0,0.0,0,0,-0.011999052491705306,0.023865120610554916,0.010738537253226453,-0.0003457306198396135,-0.011999052491705306,0.023865120610554916,-0.023209845194145724,0.0002599626002632445,0.09247055884616479,0.4692718888022016
calibrate_then_close,15,9,1,1,certified_reset,0,1,0.06405512933452118,0.060061254816134634,0.003993874518386541,0.0479264942206385,0.0,0.0,0,0,0.010738537253226453,-0.0003457306198396135,0.020840773828523514,-0.028795783926263783,0.010738537253226453,-0.0003457306198396135,-0.010182448339648171,0.00011792975403274148,0.09744082949644373,0.49914169846942547
calibrate_then_close,15,10,1,1,certified_reset,0,1,0.060061254816134634,0.05606738029774809,0.003993874518386541,0.04393261970225196,0.0,0.0,0,0,0.020840773828523514,-0.028795783926263783,0.0027335049268322185,-0.016103472321125602,0.020840773828523514,-0.028795783926263783,0.021666573396705018,0.0005953293547875936,0.09744082949644373,0.49914169846942547
calibrate_then_close,15,11,0,0,certified_reset,0,1,0.05606738029774809,0.05207350577936155,0.003993874518386541,0.039938745183865414,0.0,0.0,0,0,0.0027335049268322185,-0.016103472321125602,0.002443278813822642,0.00588637255500182,0.0027335049268322185,-0.016103472321125602,0.020998826552829527,6.517374484341799e-05,0.09247055884616479,0.4692718888022016
calibrate_then_close,15,12,0,0,certified_reset,0,1,0.05207350577936155,0.048079631260975,0.003993874518386541,0.03594487066547887,0.0,0.0,0,0,0.002443278813822642,0.00588637255500182,0.004570423624320554,-0.007024058740213542,0.002443278813822642,0.00588637255500182,-0.011105760831045731,1.5289948187114473e-05,0.09247055884616479,0.4692718888022016
calibrate_then_close,15,13,0,0,certified_reset,0,1,0.048079631260975,0.04408575674258846,0.003993874518386541,0.03195099614709233,0.0,0.0,0,0,0.004570423624320554,-0.007024058740213542,-0.004555660584523915,-0.00741206147220773,0.004570423624320554,-0.007024058740213542,0.005796277618453902,3.060942517497682e-05,0.09247055884616479,0.4692718888022016
calibrate_then_close,15,14,0,0,certified_reset,0,1,0.04408575674258846,0.040091882224201916,0.003993874518386541,0.027957121628705783,0.0,0.0,0,0,-0.004555660584523915,-0.00741206147220773,-0.005734149256516997,0.009063374791824692,-0.004555660584523915,-0.00741206147220773,0.015451185802053211,3.661147987682557e-05,0.09247055884616479,0.4692718888022016
calibrate_then_close,15,15,0,0,certified_reset,0,1,0.040091882224201916,0.03609800770581537,0.003993874518386541,0.023963247110319243,0.0,0.0,0,0,-0.005734149256516997,0.009063374791824692,-0.00010800110615858196,-0.0056928980152630955,-0.005734149256516997,0.009063374791824692,-0.007639327608818126,4.912550812496069e-05,0.09247055884616479,0.4692718888022016
calibrate_then_close,15,16,0,0,certified_reset,0,1,0.03609800770581537,0.03210413318742883,0.003993874518386541,0.019969372591932703,0.0,0.0,0,0,-0.00010800110615858196,-0.0056928980152630955,0.004687961714360712,-0.0009999533137834264,-0.00010800110615858196,-0.0056928980152630955,0.008491488334943285,7.647934398686993e-06,0.09247055884616479,0.4692718888022016
calibrate_then_close,15,17,0,0,certified_reset,0,1,0.03210413318742883,0.02811025866904229,0.003993874518386541,0.015975498073546163,0.0,0.0,0,0,0.004687961714360712,-0.0009999533137834264,-0.0007709565637160389,0.0033073988242333773,0.004687961714360712,-0.0009999533137834264,-0.003193776279787979,2.2411973401799597e-05,0.09247055884616479,0.4692718888022016
calibrate_then_close,15,18,0,0,certified_reset,0,1,0.02811025866904229,0.02411638415065575,0.003993874518386541,0.011981623555159623,0.0,0.0,0,0,-0.0007709565637160389,0.0033073988242333773,0.00019227007594354044,0.008134853402849222,-0.0007709565637160389,0.0033073988242333773,-0.004105097680460201,2.9846693541470945e-06,0.09247055884616479,0.4692718888022016
calibrate_then_close,15,19,0,0,certified_reset,0,1,0.02411638415065575,0.02012250963226921,0.003993874518386541,0.007987749036773082,0.0,0.0,0,0,0.00019227007594354044,0.008134853402849222,0.0028355003654636397,0.005563824836361763,0.00019227007594354044,0.008134853402849222,-0.012171795300313534,1.5652433982374263e-05,0.09247055884616479,0.4692718888022016
calibrate_then_close,15,20,0,0,certified_reset,0,1,0.02012250963226921,0.01612863511388267,0.003993874518386541,0.003993874518386541,0.0,0.0,0,0,0.0028355003654636397,0.005563824836361763,0.006233434304843648,-0.004216244248007861,0.0028355003654636397,0.005563824836361763,-0.011020529498015378,1.664847050870899e-05,0.09247055884616479,0.4692718888022016
calibrate_then_close,15,21,0,0,certified_reset,0,1,0.01612863511388267,0.01213476059549613,0.003993874518386541,0.0,0.0,0.0,0,0,0.006233434304843648,-0.004216244248007861,0.006448376936314779,-0.005484968652309852,0.006233434304843648,-0.004216244248007861,1.6937444088716296e-06,4.205551210511556e-05,0.09247055884616479,0.4692718888022016
calibrate_then_close,16,0,0,0,certified_reset,0,1,0.1,0.09600612548161347,0.003993874518386541,0.08387136488611735,0.0,0.0,0,0,-3.283122162523033,0.2380169315542804,-2.2748945230185154,1.7866503714086457,-3.283122162523033,0.2380169315542804,1.549999999999882,10.84915100479708,0.09247055884616479,0.4692718888022016
calibrate_then_close,16,1,0,0,certified_reset,0,1,0.09600612548161347,0.09201225096322693,0.003993874518386541,0.07987749036773081,0.0,0.0,0,0,-2.2748945230185154,1.7866503714086457,-0.673465587118788,1.4303854777779332,-2.2748945230185154,1.7866503714086457,-0.3666486750702325,5.7530873910707445,0.09247055884616479,0.4692718888022016
calibrate_then_close,16,2,0,0,certified_reset,0,1,0.09201225096322693,0.0880183764448404,0.003993874518386541,0.07588361584934428,0.0,0.0,0,0,-0.673465587118788,1.4303854777779332,0.0411200183389994,-0.006460803952846494,-0.673465587118788,1.4303854777779332,-1.436478240817941,0.8734231111486801,0.09247055884616479,0.4692718888022016
calibrate_then_close,16,3,0,0,certified_reset,0,1,0.0880183764448404,0.08402450192645386,0.003993874518386541,0.07188974133095774,0.0,0.0,0,0,0.0411200183389994,-0.006460803952846494,0.019100114994299585,-0.028293971237364934,0.0411200183389994,-0.006460803952846494,-0.0314257323060246,0.001723058882262976,0.09247055884616479,0.4692718888022016
calibrate_then_close,16,4,0,0,certified_reset,0,1,0.08402450192645386,0.08003062740806732,0.003993874518386541,0.0678958668125712,0.0,0.0,0,0,0.019100114994299585,-0.028293971237364934,-0.0018191982271679088,-0.006420221816520291,0.019100114994299585,-0.028293971237364934,0.022664187974583683,0.0005217548137176996,0.09247055884616479,0.4692718888022016
calibrate_then_close,16,5,0,0,certified_reset,0,1,0.08003062740806732,0.07603675288968079,0.003993874518386541,0.06390199229418467,0.0,0.0,0,0,-0.0018191982271679088,-0.006420221816520291,-0.0053365636846018916,-0.006336831695891613,-0.0018191982271679088,-0.006420221816520291,0.011268251517620058,1.390328416753769e-05,0.09247055884616479,0.4692718888022016
calibrate_then_close,16,6,0,0,certified_reset,0,1,0.07603675288968079,0.07204287837129425,0.003993874518386541,0.05990811777579813,0.0,0.0,0,0,-0.0053365636846018916,-0.006336831695891613,-0.008791717974073564,0.005165630959742106,-0.0053365636846018916,-0.006336831695891613,0.014648086785922733,4.107105159158001e-05,0.09247055884616479,0.4692718888022016
calibrate_then_close,16,7,0,0,certified_reset,0,1,0.07204287837129425,0.06804900385290771,0.003993874518386541,0.05591424325741159,0.0,0.0,0,0,-0.008791717974073564,0.005165630959742106,-0.0015771642636942126,0.012143691493777368,-0.008791717974073564,0.005165630959742106,0.0011474312252075778,8.213029367426702e-05,0.09247055884616479,0.4692718888022016
calibrate_then_close,16,8,0,0,certified_reset,0,1,0.06804900385290771,0.06405512933452118,0.003993874518386541,0.051920368739025044,0.0,0.0,0,0,-0.0015771642636942126,0.012143691493777368,0.005888670382498826,-0.009449005289422597,-0.0015771642636942126,0.012143691493777368,-0.01631599215756517,3.5687200874104655e-05,0.09247055884616479,0.4692718888022016
calibrate_then_close,16,9,0,0,certified_reset,0,1,0.06405512933452118,0.060061254816134634,0.003993874518386541,0.0479264942206385,0.0,0.0,0,0,0.005888670382498826,-0.009449005289422597,-0.0006247341844482631,0.00726771453302901,0.005888670382498826,-0.009449005289422597,0.008053035552462784,5.236878958666613e-05,0.09247055884616479,0.4692718888022016
calibrate_then_close,16,10,0,0,certified_reset,0,1,0.060061254816134634,0.05606738029774809,0.003993874518386541,0.04393261970225196,0.0,0.0,0,0,-0.0006247341844482631,0.00726771453302901,0.00039213738004193724,-0.017809702951238352,-0.0006247341844482631,0.00726771453302901,-0.010078330528659156,1.2437152873389008e-05,0.09247055884616479,0.4692718888022016
calibrate_then_close,16,11,0,0,certified_reset,0,1,0.05606738029774809,0.05207350577936155,0.003993874518386541,0.039938745183865414,0.0,0.0,0,0,0.00039213738004193724,-0.017809702951238352,-0.0029103755787144654,0.019032678223938303,0.00039213738004193724,-0.017809702951238352,0.02584867900800805,7.39510203443447e-05,0.09247055884616479,0.4692718888022016
calibrate_then_close,16,12,0,0,certified_reset,0,1,0.05207350577936155,0.048079631260975,0.003993874518386541,0.03594487066547887,0.0,0.0,0,0,-0.0029103755787144654,0.019032678223938303,0.007227738742197923,-0.009119603092100867,-0.0029103755787144654,0.019032678223938303,-0.02514118622355298,8.947597839503737e-05,0.09247055884616479,0.4692718888022016
calibrate_then_close,16,13,0,0,certified_reset,0,1,0.048079631260975,0.04408575674258846,0.003993874518386541,0.03195099614709233,0.0,0.0,0,0,0.007227738742197923,-0.009119603092100867,-0.002258732410640285,0.005571536422412931,0.007227738742197923,-0.009119603092100867,0.006236881568363011,6.818276351825549e-05,0.09247055884616479,0.4692718888022016
calibrate_then_close,16,14,0,0,certified_reset,0,1,0.04408575674258846,0.040091882224201916,0.003993874518386541,0.027957121628705783,0.0,0.0,0,0,-0.002258732410640285,0.005571536422412931,0.003451270647649595,-0.00012938292342463238,-0.002258732410640285,0.005571536422412931,-0.005954715394950118,1.157590124787757e-05,0.09247055884616479,0.4692718888022016
calibrate_then_close,16,15,0,0,certified_reset,0,1,0.040091882224201916,0.03609800770581537,0.003993874518386541,0.023963247110319243,0.0,0.0,0,0,0.003451270647649595,-0.00012938292342463238,0.002039238119531122,0.0028744076618136207,0.003451270647649595,-0.00012938292342463238,-0.003244370191095176,1.2177430721106633e-05,0.09247055884616479,0.4692718888022016
calibrate_then_close,16,16,0,0,certified_reset,0,1,0.03609800770581537,0.03210413318742883,0.003993874518386541,0.019969372591932703,0.0,0.0,0,0,0.002039238119531122,0.0028744076618136207,0.0030063905945232955,-0.0024361560221807434,0.002039238119531122,0.0028744076618136207,-0.006265460421296221,6.6270914585522746e-06,0.09247055884616479,0.4692718888022016
calibrate_then_close,16,17,0,0,certified_reset,0,1,0.03210413318742883,0.02811025866904229,0.003993874518386541,0.015975498073546163,0.0,0.0,0,0,0.0030063905945232955,-0.0024361560221807434,-0.0015940136545237395,-0.006362096661058312,0.0030063905945232955,-0.0024361560221807434,0.0005926423673203406,1.011543914082006e-05,0.09247055884616479,0.4692718888022016
calibrate_then_close,16,18,0,0,certified_reset,0,1,0.02811025866904229,0.02411638415065575,0.003993874518386541,0.011981623555159623,0.0,0.0,0,0,-0.0015940136545237395,-0.006362096661058312,-0.008109620230430622,0.006076796586111668,-0.0015940136545237395,-0.006362096661058312,0.010955775907873718,1.282733448083366e-05,0.09247055884616479,0.4692718888022016
calibrate_then_close,16,19,0,0,certified_reset,0,1,0.02411638415065575,0.02012250963226921,0.003993874518386541,0.007987749036773082,0.0,0.0,0,0,-0.008109620230430622,0.006076796586111668,-0.008538024525640574,0.003235545508685554,-0.008109620230430622,0.006076796586111668,-0.0008794096801600424,7.243221653126471e-05,0.09247055884616479,0.4692718888022016
calibrate_then_close,16,20,0,0,certified_reset,0,1,0.02012250963226921,0.01612863511388267,0.003993874518386541,0.003993874518386541,0.0,0.0,0,0,-0.008538024525640574,0.003235545508685554,-0.0028102039079859957,0.013689436350857002,-0.008538024525640574,0.003235545508685554,0.003733139189704388,7.513064685866217e-05,0.09247055884616479,0.4692718888022016
calibrate_then_close,16,21,0,0,certified_reset,0,1,0.01612863511388267,0.01213476059549613,0.003993874518386541,0.0,0.0,0.0,0,0,-0.0028102039079859957,0.013689436350857002,-0.0027137061089729363,-0.0021834974118986362,-0.0028102039079859957,0.013689436350857002,-0.01736811552646612,4.917065209672631e-05,0.09247055884616479,0.4692718888022016
calibrate_then_close,17,0,0,0,certified_reset,0,1,0.1,0.09600612548161347,0.003993874518386541,0.08387136488611735,0.0,0.0,0,0,-4.838313936104413,-0.019718544779384173,-4.073174523750806,1.5285724424455256,-4.838313936104413,-0.019718544779384173,1.549999999996839,23.469414232083412,0.09247055884616479,0.4692718888022016
calibrate_then_close,17,1,0,0,certified_reset,0,1,0.09600612548161347,0.09201225096322693,0.003993874518386541,0.07987749036773081,0.0,0.0,0,0,-4.073174523750806,1.5285724424455256,-2.080941003205608,2.474669069917508,-4.073174523750806,1.5285724424455256,0.9510403313207054,17.03393871185227,0.09247055884616479,0.4692718888022016
calibrate_then_close,17,2,0,0,certified_reset,0,1,0.09201225096322693,0.0880183764448404,0.003993874518386541,0.07588361584934428,0.0,0.0,0,0,-2.080941003205608,2.474669069917508,-0.3819726858967015,0.9292400525823539,-2.080941003205608,2.474669069917508,-1.55,5.492695619831511,0.09247055884616479,0.4692718888022016
calibrate_then_close,17,3,0,0,certified_reset,0,1,0.0880183764448404,0.08402450192645386,0.003993874518386541,0.07188974133095774,0.0,0.0,0,0,-0.3819726858967015,0.9292400525823539,0.049069896517025445,-0.06194620029832571,-0.3819726858967015,0.9292400525823539,-0.9885027136371526,0.32575924670102663,0.09247055884616479,0.4692718888022016
calibrate_then_close,17,4,0,0,certified_reset,0,1,0.08402450192645386,0.08003062740806732,0.003993874518386541,0.0678958668125712,0.0,0.0,0,0,0.049069896517025445,-0.06194620029832571,0.003868932973574375,-0.021208238526818676,0.049069896517025445,-0.06194620029832571,0.04238732374679868,0.003143491586204036,0.09247055884616479,0.4692718888022016
calibrate_then_close,17,5,0,0,certified_reset,0,1,0.08003062740806732,0.07603675288968079,0.003993874518386541,0.06390199229418467,0.0,0.0,0,0,0.003868932973574375,-0.021208238526818676,-0.007829253115874825,0.005991531199343046,0.003868932973574375,-0.021208238526818676,0.027385707245836454,0.00011468015504175601,0.09247055884616479,0.4692718888022016
calibrate_then_close,17,6,0,0,certified_reset,0,1,0.07603675288968079,0.07204287837129425,0.003993874518386541,0.05990811777579813,0.0,0.0,0,0,-0.007829253115874825,0.005991531199343046,0.01015944229867486,0.006310264338485257,-0.007829253115874825,0.005991531199343046,-0.0010255604756783387,6.77852190099537e-05,0.09247055884616479,0.4692718888022016
calibrate_then_close,17,7,0,0,certified_reset,0,1,0.07204287837129425,0.06804900385290771,0.003993874518386541,0.05591424325741159,0.0,0.0,0,0,0.01015944229867486,0.006310264338485257,-0.0056427871202765455,0.010667477159661095,0.01015944229867486,0.006310264338485257,-0.019413913553341954,0.00011980426729040038,0.09247055884616479,0.4692718888022016
calibrate_then_close,17,8,0,0,certified_reset,0,1,0.06804900385290771,0.06405512933452118,0.003993874518386541,0.051920368739025044,0.0,0.0,0,0,-0.0056427871202765455,0.010667477159661095,-0.004863964428799699,-0.012605645871634912,-0.0056427871202765455,0.010667477159661095,-0.010095522977737014,5.487214850094967e-05,0.09247055884616479,0.4692718888022016
calibrate_then_close,17,9,0,0,certified_reset,0,1,0.06405512933452118,0.060061254816134634,0.003993874518386541,0.0479264942206385,0.0,0.0,0,0,-0.004863964428799699,-0.012605645871634912,-0.005612263806111631,0.010768722744011427,-0.004863964428799699,-0.012605645871634912,0.023414596631514826,6.596664876143436e-05,0.09247055884616479,0.4692718888022016
calibrate_then_close,17,10,0,0,certified_reset,0,1,0.060061254816134634,0.05606738029774809,0.003993874518386541,0.04393261970225196,0.0,0.0,0,0,-0.005612263806111631,0.010768722744011427,0.0026941050579700246,0.00026728646063735057,-0.005612263806111631,0.010768722744011427,-0.010277422715114516,5.501191058774942e-05,0.09247055884616479,0.4692718888022016
calibrate_then_close,17,11,0,0,certified_reset,0,1,0.05606738029774809,0.05207350577936155,0.003993874518386541,0.039938745183865414,0.0,0.0,0,0,0.0026941050579700246,0.00026728646063735057,-0.008637069039071478,-0.0013259046819243383,0.0026941050579700246,0.00026728646063735057,-0.0030745686517909244,7.507385942611264e-06,0.09247055884616479,0.4692718888022016
calibrate_then_close,17,12,0,0,certified_reset,0,1,0.05207350577936155,0.048079631260975,0.003993874518386541,0.03594487066547887,0.0,0.0,0,0,-0.008637069039071478,-0.0013259046819243383,-0.006466750147858397,0.01614251055624197,-0.008637069039071478,-0.0013259046819243383,0.010553634044610944,7.769988555497518e-05,0.09247055884616479,0.4692718888022016
calibrate_then_close,17,13,0,0,certified_reset,0,1,0.048079631260975,0.04408575674258846,0.003993874518386541,0.03195099614709233,0.0,0.0,0,0,-0.006466750147858397,0.01614251055624197,0.0025711145616688805,0.00013283168799670315,-0.006466750147858397,0.01614251055624197,-0.01733899626474887,9.623939373206e-05,0.09247055884616479,0.4692718888022016
calibrate_then_close,17,14,0,0,certified_reset,0,1,0.04408575674258846,0.040091882224201916,0.003993874518386541,0.027957121628705783,0.0,0.0,0,0,0.0025711145616688805,0.00013283168799670315,0.001250298003583965,-0.005837054991170771,0.0025711145616688805,0.00013283168799670315,-0.00276138326065345,6.804436993351676e-06,0.09247055884616479,0.4692718888022016
calibrate_then_close,17,15,0,0,certified_reset,0,1,0.040091882224201916,0.03609800770581537,0.003993874518386541,0.023963247110319243,0.0,0.0,0,0,0.001250298003583965,-0.005837054991170771,0.0059007964572185545,-0.012525921943905172,0.001250298003583965,-0.005837054991170771,0.007352656457305267,9.04760199683616e-06,0.09247055884616479,0.4692718888022016
calibrate_then_close,17,16,0,0,certified_reset,0,1,0.03609800770581537,0.03210413318742883,0.003993874518386541,0.019969372591932703,0.0,0.0,0,0,0.0059007964572185545,-0.012525921943905172,-0.00628698609448758,0.004197915455745644,0.0059007964572185545,-0.012525921943905172,0.012582011174941865,6.701884365774702e-05,0.09247055884616479,0.4692718888022016
calibrate_then_close,17,17,0,0,certified_reset,0,1,0.03210413318742883,0.02811025866904229,0.003993874518386541,0.015975498073546163,0.0,0.0,0,0,-0.00628698609448758,0.004197915455745644,0.0012746630837864653,0.01875178406613301,-0.00628698609448758,0.004197915455745644,8.171310047248485e-05,4.2698410029295785e-05,0.09247055884616479,0.4692718888022016
calibrate_then_close,17,18,0,0,certified_reset,0,1,0.02811025866904229,0.02411638415065575,0.003993874518386541,0.011981623555159623,0.0,0.0,0,0,0.0012746630837864653,0.01875178406613301,0.01329158737463259,-0.0035383357416504365,0.0012746630837864653,0.01875178406613301,-0.028893811269913125,8.578936723902035e-05,0.09247055884616479,0.4692718888022016
calibrate_then_close,17,19,0,0,certified_reset,0,1,0.02411638415065575,0.02012250963226921,0.003993874518386541,0.007987749036773082,0.0,0.0,0,0,0.01329158737463259,-0.0035383357416504365,0.008873870902671839,-0.009772800504817498,0.01329158737463259,-0.0035383357416504365,-0.008027175748941493,0.00018053075126781768,0.09247055884616479,0.4692718888022016
calibrate_then_close,17,20,0,0,certified_reset,0,1,0.02012250963226921,0.01612863511388267,0.003993874518386541,0.003993874518386541,0.0,0.0,0,0,0.008873870902671839,-0.009772800504817498,-0.006650996357694011,-0.013735841974881157,0.008873870902671839,-0.009772800504817498,0.005558304214629697,9.670932678809818e-05,0.09247055884616479,0.4692718888022016
calibrate_then_close,17,21,0,0,certified_reset,0,1,0.01612863511388267,0.01213476059549613,0.003993874518386541,0.0,0.0,0.0,0,0,-0.006650996357694011,-0.013735841974881157,-0.010792872610630763,0.009112364814108053,-0.006650996357694011,-0.013735841974881157,0.02685886572508678,9.623192310761832e-05,0.09247055884616479,0.4692718888022016
calibrate_then_close,18,0,0,0,certified_reset,0,1,0.1,0.09600612548161347,0.003993874518386541,0.08387136488611735,0.0,0.0,0,0,0.5071070861676166,0.5981473422838198,0.4127621938545356,-0.7924440167564407,0.5071070861676166,0.5981473422838198,-1.3860851511282675,0.36958884175048273,0.09247055884616479,0.4692718888022016
calibrate_then_close,18,1,0,0,certified_reset,0,1,0.09600612548161347,0.09201225096322693,0.003993874518386541,0.07987749036773081,0.0,0.0,0,0,0.4127621938545356,-0.7924440167564407,0.007503116098960785,-0.033852726059291134,0.4127621938545356,-0.7924440167564407,0.7563305916841381,0.297707681318296,0.09247055884616479,0.4692718888022016
calibrate_then_close,18,2,0,0,certified_reset,0,1,0.09201225096322693,0.0880183764448404,0.003993874518386541,0.07588361584934428,0.0,0.0,0,0,0.007503116098960785,-0.033852726059291134,-0.006690140463822474,0.006489291561725285,0.007503116098960785,-0.033852726059291134,0.04239822555331645,0.0003075182605424055,0.09247055884616479,0.4692718888022016
calibrate_then_close,18,3,0,0,certified_reset,0,1,0.0880183764448404,0.08402450192645386,0.003993874518386541,0.07188974133095774,0.0,0.0,0,0,-0.006690140463822474,0.006489291561725285,-0.012417590524566823,0.014487521492739257,-0.006690140463822474,0.006489291561725285,-0.0028954529415389898,5.254753351424568e-05,0.09247055884616479,0.4692718888022016
calibrate_then_close,18,4,0,0,certified_reset,0,1,0.08402450192645386,0.08003062740806732,0.003993874518386541,0.0678958668125712,0.0,0.0,0,0,-0.012417590524566823,0.014487521492739257,0.0005949224906037932,0.00027665207386827484,-0.012417590524566823,0.014487521492739257,-0.008979137922937757,0.00019399206760225497,0.09247055884616479,0.4692718888022016
calibrate_then_close,18,5,0,0,certified_reset,0,1,0.08003062740806732,0.07603675288968079,0.003993874518386541,0.06390199229418467,0.0,0.0,0,0,0.0005949224906037932,0.00027665207386827484,-0.0016538684831544632,-0.0034167581443080575,0.0005949224906037932,0.00027665207386827484,-0.0010025588085336452,3.928374205360416e-07,0.09247055884616479,0.4692718888022016
calibrate_then_close,18,6,0,0,certified_reset,0,1,0.07603675288968079,0.07204287837129425,0.003993874518386541,0.05990811777579813,0.0,0.0,0,0,-0.0016538684831544632,-0.0034167581443080575,-0.005175731832683973,0.007991646100544396,-0.0016538684831544632,-0.0034167581443080575,0.006678781818816121,5.951796643160543e-06,0.09247055884616479,0.4692718888022016
calibrate_then_close,18,7,0,0,certified_reset,0,1,0.07204287837129425,0.06804900385290771,0.003993874518386541,0.05591424325741159,0.0,0.0,0,0,-0.005175731832683973,0.007991646100544396,-8.401861150956016e-05,0.01362552266823266,-0.005175731832683973,0.007991646100544396,-0.006616204875824623,3.93785075091727e-05,0.09247055884616479,0.4692718888022016
calibrate_then_close,18,8,2,2,certified_reset,0,1,0.06804900385290771,0.06405512933452118,0.003993874518386541,0.051920368739025044,0.0,0.0,0,0,-8.401861150956016e-05,0.01362552266823266,0.025703371772864757,0.04416441214177887,-8.401861150956016e-05,0.01362552266823266,-0.019991103703430265,4.3416041045966545e-05,0.10372612354602789,0.5374732092193446
calibrate_then_close,18,9,2,2,certified_reset,0,1,0.06405512933452118,0.060061254816134634,0.003993874518386541,0.0479264942206385,0.0,0.0,0,0,0.025703371772864757,0.04416441214177887,0.017357769965905444,-0.07215676597292998,0.025703371772864757,0.04416441214177887,-0.09065629173488145,0.0012172165552413019,0.10372612354602789,0.5374732092193446
calibrate_then_close,18,10,2,2,certified_reset,0,1,0.060061254816134634,0.05606738029774809,0.003993874518386541,0.04393261970225196,0.0,0.0,0,0,0.017357769965905444,-0.07215676597292998,-0.04605990092455766,0.01032410812054868,0.017357769965905444,-0.07215676597292998,0.08901036137183652,0.0014365510865989059,0.10372612354602789,0.5374732092193446
calibrate_then_close,18,11,2,2,certified_reset,0,1,0.05606738029774809,0.05207350577936155,0.003993874518386541,0.039938745183865414,0.0,0.0,0,0,-0.04605990092455766,0.01032410812054868,-0.038204744440142574,0.009825174937081075,-0.04605990092455766,0.01032410812054868,0.030651795743986097,0.0021641884852656042,0.10372612354602789,0.5374732092193446
calibrate_then_close,18,12,0,0,certified_reset,0,1,0.05207350577936155,0.048079631260975,0.003993874518386541,0.03594487066547887,0.0,0.0,0,0,-0.038204744440142574,0.009825174937081075,-0.01851501653117455,0.03387616541530965,-0.038204744440142574,0.009825174937081075,0.023571348166186775,0.0014908688403538592,0.09247055884616479,0.4692718888022016
calibrate_then_close,18,13,0,0,certified_reset,0,1,0.048079631260975,0.04408575674258846,0.003993874518386541,0.03195099614709233,0.0,0.0,0,0,-0.01851501653117455,0.03387616541530965,-0.004698161848267454,0.0027546411164204553,-0.01851501653117455,0.03387616541530965,-0.0314673654336509,0.000574127739317216,0.09247055884616479,0.4692718888022016
calibrate_then_close,18,14,0,0,certified_reset,0,1,0.04408575674258846,0.040091882224201916,0.003993874518386541,0.027957121628705783,0.0,0.0,0,0,-0.004698161848267454,0.0027546411164204553,-0.006690095538269696,0.000883259424175642,-0.004698161848267454,0.0027546411164204553,0.0006187058055371438,2.3448143256810335e-05,0.09247055884616479,0.4692718888022016
calibrate_then_close,18,15,0,0,certified_reset,0,1,0.040091882224201916,0.03609800770581537,0.003993874518386541,0.023963247110319243,0.0,0.0,0,0,-0.006690095538269696,0.000883259424175642,-0.008284002456358224,0.012285649726343856,-0.006690095538269696,0.000883259424175642,0.005357385949149434,4.5615344414250804e-05,0.09247055884616479,0.4692718888022016
calibrate_then_close,18,16,0,0,certified_reset,0,1,0.03609800770581537,0.03210413318742883,0.003993874518386541,0.019969372591932703,0.0,0.0,0,0,-0.008284002456358224,0.012285649726343856,0.0053881625623479505,-0.010157858559524781,-0.008284002456358224,0.012285649726343856,-0.009845568545552871,9.82167712522929e-05,0.09247055884616479,0.4692718888022016
calibrate_then_close,18,17,0,0,certified_reset,0,1,0.03210413318742883,0.02811025866904229,0.003993874518386541,0.015975498073546163,0.0,0.0,0,0,0.0053881625623479505,-0.010157858559524781,-0.000699424817346614,0.003796672768827971,0.0053881625623479505,-0.010157858559524781,0.009593809621858775,4.9906101667555735e-05,0.09247055884616479,0.4692718888022016
calibrate_then_close,18,18,0,0,certified_reset,0,1,0.02811025866904229,0.02411638415065575,0.003993874518386541,0.011981623555159623,0.0,0.0,0,0,-0.000699424817346614,0.003796672768827971,0.004313916618986224,0.0007988765175440202,-0.000699424817346614,0.003796672768827971,-0.004894591735435264,3.6827711219758974e-06,0.09247055884616479,0.4692718888022016
calibrate_then_close,18,19,0,0,certified_reset,0,1,0.02411638415065575,0.02012250963226921,0.003993874518386541,0.007987749036773082,0.0,0.0,0,0,0.004313916618986224,0.0007988765175440202,0.014825879052640654,0.016355675425394567,0.004313916618986224,0.0007988765175440202,-0.005469995899052803,1.9472774638207887e-05,0.09247055884616479,0.4692718888022016
calibrate_then_close,18,20,0,0,certified_reset,0,1,0.02012250963226921,0.01612863511388267,0.003993874518386541,0.003993874518386541,0.0,0.0,0,0,0.014825879052640654,0.016355675425394567,0.010253771125233334,-0.027375768405946473,0.014825879052640654,0.016355675425394567,-0.038859328934270077,0.00030570933716582795,0.09247055884616479,0.4692718888022016
calibrate_then_close,18,21,1,1,certified_reset,0,1,0.01612863511388267,0.01213476059549613,0.003993874518386541,0.0,0.0,0.0,0,0,0.010253771125233334,-0.027375768405946473,0.00044682643951531606,0.004705689393129568,0.010253771125233334,-0.027375768405946473,0.03011525955875248,0.00026271092899282774,0.09744082949644373,0.49914169846942547
calibrate_then_close,19,0,0,0,certified_reset,0,1,0.1,0.09600612548161347,0.003993874518386541,0.08387136488611735,0.0,0.0,0,0,3.281464075278002,0.06301148477375917,2.5617056448358153,-1.4855691128433022,3.281464075278002,0.06301148477375917,-1.5499999999995315,10.828783657838489,0.09247055884616479,0.4692718888022016
calibrate_then_close,19,1,0,0,certified_reset,0,1,0.09600612548161347,0.09201225096322693,0.003993874518386541,0.07987749036773081,0.0,0.0,0,0,2.5617056448358153,-1.4855691128433022,0.9728195860662643,-1.696757983929855,2.5617056448358153,-1.4855691128433022,-0.20177663743962,6.960598462095217,0.09247055884616479,0.4692718888022016
calibrate_then_close,19,2,0,0,certified_reset,0,1,0.09201225096322693,0.0880183764448404,0.003993874518386541,0.07588361584934428,0.0,0.0,0,0,0.9728195860662643,-1.696757983929855,0.05342008427084627,-0.1702472399368299,0.9728195860662643,-1.696757983929855,1.5307850475263645,1.523178296662742,0.09247055884616479,0.4692718888022016
calibrate_then_close,19,3,0,0,certified_reset,0,1,0.0880183764448404,0.08402450192645386,0.003993874518386541,0.07188974133095774,0.0,0.0,0,0,0.05342008427084627,-0.1702472399368299,-0.012750518773959808,0.019523123485953028,0.05342008427084627,-0.1702472399368299,0.19760017087689627,0.00904699317886832,0.09247055884616479,0.4692718888022016
calibrate_then_close,19,4,0,0,certified_reset,0,1,0.08402450192645386,0.08003062740806732,0.003993874518386541,0.0678958668125712,0.0,0.0,0,0,-0.012750518773959808,0.019523123485953028,0.00026773332179808344,0.00563007787957042,-0.012750518773959808,0.019523123485953028,-0.01606445542499353,0.00023763482032424036,0.09247055884616479,0.4692718888022016
calibrate_then_close,19,5,0,0,certified_reset,0,1,0.08003062740806732,0.07603675288968079,0.003993874518386541,0.06390199229418467,0.0,0.0,0,0,0.00026773332179808344,0.00563007787957042,0.007288649153089838,-0.0007696325854595495,0.00026773332179808344,0.00563007787957042,-0.008560730850823817,7.60943379651227e-06,0.09247055884616479,0.4692718888022016
calibrate_then_close,19,6,0,0,certified_reset,0,1,0.07603675288968079,0.07204287837129425,0.003993874518386541,0.05990811777579813,0.0,0.0,0,0,0.007288649153089838,-0.0007696325854595495,0.0021811033205595127,-0.024396035862660086,0.007288649153089838,-0.0007696325854595495,-0.006122120816576629,5.4168035736144445e-05,0.09247055884616479,0.4692718888022016
calibrate_then_close,19,7,0,0,certified_reset,0,1,0.07204287837129425,0.06804900385290771,0.003993874518386541,0.05591424325741159,0.0,0.0,0,0,0.0021811033205595127,-0.024396035862660086,-0.004431632559634935,0.0009401483016893836,0.0021811033205595127,-0.024396035862660086,0.03376857910240802,0.00014039511690604086,0.09247055884616479,0.4692718888022016
calibrate_then_close,19,8,0,0,certified_reset,0,1,0.06804900385290771,0.06405512933452118,0.003993874518386541,0.051920368739025044,0.0,0.0,0,0,-0.004431632559634935,0.0009401483016893836,0.001499012462559607,0.002564639136032513,-0.004431632559634935,0.0009401483016893836,0.003030109959974081,2.002800449210534e-05,0.09247055884616479,0.4692718888022016
calibrate_then_close,19,9,0,0,certified_reset,0,1,0.06405512933452118,0.060061254816134634,0.003993874518386541,0.0479264942206385,0.0,0.0,0,0,0.001499012462559607,0.002564639136032513,0.005959213294065632,-0.021400179663310086,0.001499012462559607,0.002564639136032513,-0.005270505048286984,4.125421251162009e-06,0.09247055884616479,0.4692718888022016
calibrate_then_close,19,10,0,0,certified_reset,0,1,0.060061254816134634,0.05606738029774809,0.003993874518386541,0.04393261970225196,0.0,0.0,0,0,0.005959213294065632,-0.021400179663310086,0.006214156678093741,0.0005642727754426725,0.005959213294065632,-0.021400179663310086,0.02559113809264054,0.00013431906593803459,0.09247055884616479,0.4692718888022016
calibrate_then_close,19,11,0,0,certified_reset,0,1,0.05606738029774809,0.05207350577936155,0.003993874518386541,0.039938745183865414,0.0,0.0,0,0,0.006214156678093741,0.0005642727754426725,-0.00850849405286443,0.0011289517585417116,0.006214156678093741,0.0005642727754426725,-0.007020400908529406,3.990520662052809e-05,0.09247055884616479,0.4692718888022016
calibrate_then_close,19,12,0,0,certified_reset,0,1,0.05207350577936155,0.048079631260975,0.003993874518386541,0.03594487066547887,0.0,0.0,0,0,-0.00850849405286443,0.0011289517585417116,-0.0035150993277931345,0.010420512260521368,-0.00850849405286443,0.0011289517585417116,0.006809411487253322,7.37830889408584e-05,0.09247055884616479,0.4692718888022016
calibrate_then_close,19,13,0,0,certified_reset,0,1,0.048079631260975,0.04408575674258846,0.003993874518386541,0.03195099614709233,0.0,0.0,0,0,-0.0035150993277931345,0.010420512260521368,0.012557972592210514,0.008364242927749455,-0.0035150993277931345,0.010420512260521368,-0.011849469598644647,3.541184516738355e-05,0.09247055884616479,0.4692718888022016
calibrate_then_close,19,14,0,0,certified_reset,0,1,0.04408575674258846,0.040091882224201916,0.003993874518386541,0.027957121628705783,0.0,0.0,0,0,0.012557972592210514,0.008364242927749455,0.011911902341760403,-0.012377640463760692,0.012557972592210514,0.008364242927749455,-0.02482438361946704,0.00018570182693466525,0.09247055884616479,0.4692718888022016
calibrate_then_close,19,15,0,0,certified_reset,0,1,0.040091882224201916,0.03609800770581537,0.003993874518386541,0.023963247110319243,0.0,0.0,0,0,0.011911902341760403,-0.012377640463760692,0.005882295029937142,0.0023453076707000264,0.011911902341760403,-0.012377640463760692,0.006371246990157843,0.00017048531412589953,0.09247055884616479,0.4692718888022016
calibrate_then_close,19,16,0,0,certified_reset,0,1,0.03609800770581537,0.03210413318742883,0.003993874518386541,0.019969372591932703,0.0,0.0,0,0,0.005882295029937142,0.0023453076707000264,0.005183497770341406,-0.006758995555855064,0.005882295029937142,0.0023453076707000264,-0.009309998721949006,3.7758380976934496e-05,0.09247055884616479,0.4692718888022016
calibrate_then_close,19,17,0,0,certified_reset,0,1,0.03210413318742883,0.02811025866904229,0.003993874518386541,0.015975498073546163,0.0,0.0,0,0,0.005183497770341406,-0.006758995555855064,0.005172580569968372,0.0004730732202939099,0.005183497770341406,-0.006758995555855064,0.004793547387264809,3.5666225315315485e-05,0.09247055884616479,0.4692718888022016
calibrate_then_close,19,18,0,0,certified_reset,0,1,0.02811025866904229,0.02411638415065575,0.003993874518386541,0.011981623555159623,0.0,0.0,0,0,0.005172580569968372,0.0004730732202939099,0.0015947477355063501,-0.003342076623300733,0.005172580569968372,0.0004730732202939099,-0.005844043888378586,2.7649694665963376e-05,0.09247055884616479,0.4692718888022016
calibrate_then_close,19,19,0,0,certified_reset,0,1,0.02411638415065575,0.02012250963226921,0.003993874518386541,0.007987749036773082,0.0,0.0,0,0,0.0015947477355063501,-0.003342076623300733,0.002004845828557028,-0.003562285853158539,0.0015947477355063501,-0.003342076623300733,0.0033329748111948086,4.831444075286489e-06,0.09247055884616479,0.4692718888022016
calibrate_then_close,19,20,0,0,certified_reset,0,1,0.02012250963226921,0.01612863511388267,0.003993874518386541,0.003993874518386541,0.0,0.0,0,0,0.002004845828557028,-0.003562285853158539,0.002042302212702356,-0.004135548570918409,0.002004845828557028,-0.003562285853158539,0.0032503985803505144,6.567712559491555e-06,0.09247055884616479,0.4692718888022016
calibrate_then_close,19,21,0,0,certified_reset,0,1,0.01612863511388267,0.01213476059549613,0.003993874518386541,0.0,0.0,0.0,0,0,0.002042302212702356,-0.004135548570918409,-0.003983812880014247,0.010105569878064422,0.002042302212702356,-0.004135548570918409,0.004058260619160145,7.661232466171145e-06,0.09247055884616479,0.4692718888022016
calibrate_then_close,20,0,0,0,certified_reset,0,1,0.1,0.09600612548161347,0.003993874518386541,0.08387136488611735,0.0,0.0,0,0,-1.141205538363696,0.5423363750571178,-0.4262426159132804,0.8717566865315495,-1.141205538363696,0.5423363750571178,0.3374559064367401,1.3581401668795166,0.09247055884616479,0.4692718888022016
calibrate_then_close,20,1,0,0,certified_reset,0,1,0.09600612548161347,0.09201225096322693,0.003993874518386541,0.07987749036773081,0.0,0.0,0,0,-0.4262426159132804,0.8717566865315495,0.017399605693958164,0.010133988781149433,-0.4262426159132804,0.8717566865315495,-0.8597417379272622,0.3369544137111949,0.09247055884616479,0.4692718888022016
calibrate_then_close,20,2,0,0,certified_reset,0,1,0.09201225096322693,0.0880183764448404,0.003993874518386541,0.07588361584934428,0.0,0.0,0,0,0.017399605693958164,0.010133988781149433,0.009765421565439907,-0.023759126543222396,0.017399605693958164,0.010133988781149433,-0.032250591487174636,0.00034723438573800017,0.09247055884616479,0.4692718888022016
calibrate_then_close,20,3,0,0,certified_reset,0,1,0.0880183764448404,0.08402450192645386,0.003993874518386541,0.07188974133095774,0.0,0.0,0,0,0.009765421565439907,-0.023759126543222396,0.014707083811395386,-0.015073352385367337,0.009765421565439907,-0.023759126543222396,0.025278534271460585,0.00021294786266102788,0.09247055884616479,0.4692718888022016
calibrate_then_close,20,4,0,0,certified_reset,0,1,0.08402450192645386,0.08003062740806732,0.003993874518386541,0.0678958668125712,0.0,0.0,0,0,0.014707083811395386,-0.015073352385367337,0.004857682193003035,-0.01147341363393208,0.014707083811395386,-0.015073352385367337,0.0075603673152456145,0.0002586243644679667,0.09247055884616479,0.4692718888022016
calibrate_then_close,20,5,1,1,certified_reset,0,1,0.08003062740806732,0.07603675288968079,0.003993874518386541,0.06390199229418467,0.0,0.0,0,0,0.004857682193003035,-0.01147341363393208,0.02280857226554774,0.003729378634249514,0.004857682193003035,-0.01147341363393208,0.012067276073652874,5.0932614758916394e-05,0.09744082949644373,0.49914169846942547
calibrate_then_close,20,6,1,1,certified_reset,0,1,0.07603675288968079,0.07204287837129425,0.003993874518386541,0.05990811777579813,0.0,0.0,0,0,0.02280857226554774,0.003729378634249514,0.00918658042314876,-0.022863119336562748,0.02280857226554774,0.003729378634249514,-0.028207734985864485,0.0005426263643180999,0.09744082949644373,0.49914169846942547
calibrate_then_close,20,7,1,1,certified_reset,0,1,0.07204287837129425,0.06804900385290771,0.003993874518386541,0.05591424325741159,0.0,0.0,0,0,0.00918658042314876,-0.022863119336562748,0.009457618251419215,0.0016303366721996423,0.00918658042314876,-0.022863119336562748,0.024533187660762845,0.0001935301929345589,0.09744082949644373,0.49914169846942547
calibrate_then_close,20,8,1,1,certified_reset,0,1,0.06804900385290771,0.06405512933452118,0.003993874518386541,0.051920368739025044,0.0,0.0,0,0,0.009457618251419215,0.0016303366721996423,0.0040207685680281905,-0.015297716484328736,0.009457618251419215,0.0016303366721996423,-0.011819210260349308,9.341732584868593e-05,0.09744082949644373,0.49914169846942547
calibrate_then_close,20,9,1,1,certified_reset,0,1,0.06405512933452118,0.060061254816134634,0.003993874518386541,0.0479264942206385,0.0,0.0,0,0,0.0040207685680281905,-0.015297716484328736,-0.013808914524634092,-0.01649455267685046,0.0040207685680281905,-0.015297716484328736,0.018532940252478917,6.687695007197486e-05,0.09744082949644373,0.49914169846942547
calibrate_then_close,20,10,1,1,certified_reset,0,1,0.060061254816134634,0.05606738029774809,0.003993874518386541,0.04393261970225196,0.0,0.0,0,0,-0.013808914524634092,-0.01649455267685046,0.016585120351483535,-0.0012836316359638618,-0.013808914524634092,-0.01649455267685046,0.03805014812225787,0.00027585411289348554,0.09744082949644373,0.49914169846942547
calibrate_then_close,20,11,1,1,certified_reset,0,1,0.05606738029774809,0.05207350577936155,0.003993874518386541,0.039938745183865414,0.0,0.0,0,0,0.016585120351483535,-0.0012836316359638618,0.02103592049153124,-0.025650108503618645,0.016585120351483535,-0.0012836316359638618,-0.014626000015279295,0.0002807108018161996,0.09744082949644373,0.49914169846942547
calibrate_then_close,20,12,0,0,certified_reset,0,1,0.05207350577936155,0.048079631260975,0.003993874518386541,0.03594487066547887,0.0,0.0,0,0,0.02103592049153124,-0.025650108503618645,0.005116862417783516,-0.01116182721169693,0.02103592049153124,-0.025650108503618645,0.016835085622832865,0.0005680225055487605,0.09247055884616479,0.4692718888022016
calibrate_then_close,20,13,0,0,certified_reset,0,1,0.048079631260975,0.04408575674258846,0.003993874518386541,0.03195099614709233,0.0,0.0,0,0,0.005116862417783516,-0.01116182721169693,-0.010073122405264905,-0.008265053559071716,0.005116862417783516,-0.01116182721169693,0.011347050368055212,5.1826719410584966e-05,0.09247055884616479,0.4692718888022016
calibrate_then_close,20,14,0,0,certified_reset,0,1,0.04408575674258846,0.040091882224201916,0.003993874518386541,0.027957121628705783,0.0,0.0,0,0,-0.010073122405264905,-0.008265053559071716,-0.002129443923485885,0.01192733720023114,-0.010073122405264905,-0.008265053559071716,0.02220492708251225,0.0001260902645201203,0.09247055884616479,0.4692718888022016
calibrate_then_close,20,15,0,0,certified_reset,0,1,0.040091882224201916,0.03609800770581537,0.003993874518386541,0.023963247110319243,0.0,0.0,0,0,-0.002129443923485885,0.01192733720023114,0.0029061060309624716,-0.00957757225173686,-0.002129443923485885,0.01192733720023114,-0.01545156824429284,3.61103525373151e-05,0.09247055884616479,0.4692718888022016
calibrate_then_close,20,16,0,0,certified_reset,0,1,0.03609800770581537,0.03210413318742883,0.003993874518386541,0.019969372591932703,0.0,0.0,0,0,0.0029061060309624716,-0.00957757225173686,-0.0009311848015637497,0.007726459807777005,0.0029061060309624716,-0.00957757225173686,0.01121513551656737,2.8101314122273895e-05,0.09247055884616479,0.4692718888022016
calibrate_then_close,20,17,0,0,certified_reset,0,1,0.03210413318742883,0.02811025866904229,0.003993874518386541,0.015975498073546163,0.0,0.0,0,0,-0.0009311848015637497,0.007726459807777005,-0.005851335932182826,0.004110222977017965,-0.0009311848015637497,0.007726459807777005,-0.010450644163630132,1.4343176829548557e-05,0.09247055884616479,0.4692718888022016
calibrate_then_close,20,18,0,0,certified_reset,0,1,0.02811025866904229,0.02411638415065575,0.003993874518386541,0.011981623555159623,0.0,0.0,0,0,-0.005851335932182826,0.004110222977017965,-0.00549164310777308,-0.01918713703013643,-0.005851335932182826,0.004110222977017965,-0.00023119749531800118,3.7280376424045053e-05,0.09247055884616479,0.4692718888022016
calibrate_then_close,20,19,2,2,certified_reset,0,1,0.02411638415065575,0.02012250963226921,0.003993874518386541,0.007987749036773082,0.0,0.0,0,0,-0.00549164310777308,-0.01918713703013643,-0.047852737918304154,0.009610043798158755,-0.00549164310777308,-0.01918713703013643,0.03373625321177678,0.00012487783447676142,0.10372612354602789,0.5374732092193446
calibrate_then_close,20,20,0,0,certified_reset,0,1,0.02012250963226921,0.01612863511388267,0.003993874518386541,0.003993874518386541,0.0,0.0,0,0,-0.047852737918304154,0.009610043798158755,-0.014526821632630128,0.050799030271208856,-0.047852737918304154,0.009610043798158755,0.0334962785561844,0.0023345580727301973,0.09247055884616479,0.4692718888022016
calibrate_then_close,20,21,0,0,certified_reset,0,1,0.01612863511388267,0.01213476059549613,0.003993874518386541,0.0,0.0,0.0,0,0,-0.014526821632630128,0.050799030271208856,0.013048540568982104,-0.01421557262060564,-0.014526821632630128,0.050799030271208856,-0.06036722522686933,0.0007666310595551747,0.09247055884616479,0.4692718888022016
calibrate_then_close,21,0,0,0,certified_reset,0,1,0.1,0.09600612548161347,0.003993874518386541,0.08387136488611735,0.0,0.0,0,0,3.6457221740895527,0.17253374478817018,3.051378309871488,-1.3680229707478704,3.6457221740895527,0.17253374478817018,-1.5499999999999672,13.356710891404566,0.09247055884616479,0.4692718888022016
calibrate_then_close,21,1,0,0,certified_reset,0,1,0.09600612548161347,0.09201225096322693,0.003993874518386541,0.07987749036773081,0.0,0.0,0,0,3.051378309871488,-1.3680229707478704,1.3572458619204633,-2.0200988963475393,3.051378309871488,-1.3680229707478704,-0.6508864105527995,9.658368550669127,0.09247055884616479,0.4692718888022016
calibrate_then_close,21,2,0,0,certified_reset,0,1,0.09201225096322693,0.0880183764448404,0.003993874518386541,0.07588361584934428,0.0,0.0,0,0,1.3572458619204633,-2.0200988963475393,0.10313807052140886,-0.4721012787525331,1.3572458619204633,-2.0200988963475393,1.55,2.6367227488846394,0.09247055884616479,0.4692718888022016
calibrate_then_close,21,3,0,0,certified_reset,0,1,0.0880183764448404,0.08402450192645386,0.003993874518386541,0.07188974133095774,0.0,0.0,0,0,0.10313807052140886,-0.4721012787525331,-0.07538535629767684,0.11516115679985511,0.10313807052140886,-0.4721012787525331,0.5927485330240261,0.05953956330789234,0.09247055884616479,0.4692718888022016
calibrate_then_close,21,4,0,0,certified_reset,0,1,0.08402450192645386,0.08003062740806732,0.003993874518386541,0.0678958668125712,0.0,0.0,0,0,-0.07538535629767684,0.11516115679985511,-0.005090786495031015,0.01611116423415128,-0.07538535629767684,0.11516115679985511,-0.09457782104072242,0.008293752616334506,0.09247055884616479,0.4692718888022016
calibrate_then_close,21,5,0,0,certified_reset,0,1,0.08003062740806732,0.07603675288968079,0.003993874518386541,0.06390199229418467,0.0,0.0,0,0,-0.005090786495031015,0.01611116423415128,-0.001133488427028314,-0.003751964631670969,-0.005090786495031015,0.01611116423415128,-0.01866423436853689,8.134747858844517e-05,0.09247055884616479,0.4692718888022016
calibrate_then_close,21,6,0,0,certified_reset,0,1,0.07603675288968079,0.07204287837129425,0.003993874518386541,0.05990811777579813,0.0,0.0,0,0,-0.001133488427028314,-0.003751964631670969,0.0007698295365700736,-0.00203657361789666,-0.001133488427028314,-0.003751964631670969,0.006655190037066458,4.9259878224596145e-06,0.09247055884616479,0.4692718888022016
calibrate_then_close,21,7,0,0,certified_reset,0,1,0.07204287837129425,0.06804900385290771,0.003993874518386541,0.05591424325741159,0.0,0.0,0,0,0.0007698295365700736,-0.00203657361789666,0.0005713614653721728,0.003422752506731095,0.0007698295365700736,-0.00203657361789666,0.002236352850440642,1.4642431453678283e-06,0.09247055884616479,0.4692718888022016
calibrate_then_close,21,8,0,0,certified_reset,0,1,0.06804900385290771,0.06405512933452118,0.003993874518386541,0.051920368739025044,0.0,0.0,0,0,0.0005713614653721728,0.003422752506731095,0.004670568768782199,-0.005840360961885241,0.0005713614653721728,0.003422752506731095,-0.005607553070416168,3.2213124600707004e-06,0.09247055884616479,0.4692718888022016
calibrate_then_close,21,9,0,0,certified_reset,0,1,0.06405512933452118,0.060061254816134634,0.003993874518386541,0.0479264942206385,0.0,0.0,0,0,0.004670568768782199,-0.005840360961885241,0.004794235284117081,0.006479402252782597,0.004670568768782199,-0.005840360961885241,0.003951273746455673,2.834429363912977e-05,0.09247055884616479,0.4692718888022016
calibrate_then_close,21,10,0,0,certified_reset,0,1,0.060061254816134634,0.05606738029774809,0.003993874518386541,0.04393261970225196,0.0,0.0,0,0,0.004794235284117081,0.006479402252782597,0.005600779043869051,-0.012213550431747319,0.004794235284117081,0.006479402252782597,-0.014318902028516965,3.566734348163542e-05,0.09247055884616479,0.4692718888022016
calibrate_then_close,21,11,0,0,certified_reset,0,1,0.05606738029774809,0.05207350577936155,0.003993874518386541,0.039938745183865414,0.0,0.0,0,0,0.005600779043869051,-0.012213550431747319,0.0001296893978293659,-0.00536796994010515,0.005600779043869051,-0.012213550431747319,0.012413290532333263,6.20717169910359e-05,0.09247055884616479,0.4692718888022016
calibrate_then_close,21,12,1,1,certified_reset,0,1,0.05207350577936155,0.048079631260975,0.003993874518386541,0.03594487066547887,0.0,0.0,0,0,0.0001296893978293659,-0.00536796994010515,0.0038153393733634153,0.005456667311417484,0.0001296893978293659,-0.00536796994010515,0.007780330016214092,6.71687594895644e-06,0.09744082949644373,0.49914169846942547
calibrate_then_close,21,13,1,1,certified_reset,0,1,0.048079631260975,0.04408575674258846,0.003993874518386541,0.03195099614709233,0.0,0.0,0,0,0.0038153393733634153,0.005456667311417484,0.010264986142500581,-0.035971515342452576,0.0038153393733634153,0.005456667311417484,-0.011832280477926425,2.3416425333193688e-05,0.09744082949644373,0.49914169846942547
calibrate_then_close,21,14,1,1,certified_reset,0,1,0.04408575674258846,0.040091882224201916,0.003993874518386541,0.027957121628705783,0.0,0.0,0,0,0.010264986142500581,-0.035971515342452576,0.0035896025261080416,0.024043382507282888,0.010264986142500581,-0.035971515342452576,0.0427688674149417,0.0003840103258904647,0.09744082949644373,0.49914169846942547
calibrate_then_close,21,15,1,1,certified_reset,0,1,0.040091882224201916,0.03609800770581537,0.003993874518386541,0.023963247110319243,0.0,0.0,0,0,0.0035896025261080416,0.024043382507282888,0.02126972431383966,0.0002906627146474824,0.0035896025261080416,0.024043382507282888,-0.038994754645314704,0.00015495518217212157,0.09744082949644373,0.49914169846942547
calibrate_then_close,21,16,1,1,certified_reset,0,1,0.03609800770581537,0.03210413318742883,0.003993874518386541,0.019969372591932703,0.0,0.0,0,0,0.02126972431383966,0.0002906627146474824,0.03302287172941998,-0.013125562899900774,0.02126972431383966,0.0002906627146474824,-0.0216110588570763,0.0004640923262763059,0.09744082949644373,0.49914169846942547
calibrate_then_close,21,17,1,1,certified_reset,0,1,0.03210413318742883,0.02811025866904229,0.003993874518386541,0.015975498073546163,0.0,0.0,0,0,0.03302287172941998,-0.013125562899900774,0.03212150740583962,-0.009512965396564193,0.03302287172941998,-0.013125562899900774,-0.01355009336537606,0.0011261106552720509,0.09744082949644373,0.49914169846942547
calibrate_then_close,21,18,1,1,certified_reset,0,1,0.02811025866904229,0.02411638415065575,0.003993874518386541,0.011981623555159623,0.0,0.0,0,0,0.03212150740583962,-0.009512965396564193,0.0514589158340973,-0.02395801798319868,0.03212150740583962,-0.009512965396564193,-0.017968461556206135,0.001056152250205352,0.09744082949644373,0.49914169846942547
calibrate_then_close,21,19,1,1,certified_reset,0,1,0.02411638415065575,0.02012250963226921,0.003993874518386541,0.007987749036773082,0.0,0.0,0,0,0.0514589158340973,-0.02395801798319868,0.020786275476566213,-0.044639920403029956,0.0514589158340973,-0.02395801798319868,-0.015949762425124872,0.002757697484479147,0.09744082949644373,0.49914169846942547
calibrate_then_close,21,20,1,1,certified_reset,0,1,0.02012250963226921,0.01612863511388267,0.003993874518386541,0.003993874518386541,0.0,0.0,0,0,0.020786275476566213,-0.044639920403029956,0.00036527190209221074,0.012031324876063444,0.020786275476566213,-0.044639920403029956,0.04506198999004324,0.0008415238705802598,0.09744082949644373,0.49914169846942547
calibrate_then_close,21,21,1,1,certified_reset,0,1,0.01612863511388267,0.01213476059549613,0.003993874518386541,0.0,0.0,0.0,0,0,0.00036527190209221074,0.012031324876063444,0.01764034411314578,0.015277490740358765,0.00036527190209221074,0.012031324876063444,-0.018084630960990465,3.436527057654738e-05,0.09744082949644373,0.49914169846942547
calibrate_then_close,22,0,0,0,certified_reset,0,1,0.1,0.09600612548161347,0.003993874518386541,0.08387136488611735,0.0,0.0,0,0,-4.23032352445154,-0.08676366623933807,-3.53527627176774,1.4665639768529484,-4.23032352445154,-0.08676366623933807,1.5499999999995604,17.957054649608338,0.09247055884616479,0.4692718888022016
calibrate_then_close,22,1,0,0,certified_reset,0,1,0.09600612548161347,0.09201225096322693,0.003993874518386541,0.07987749036773081,0.0,0.0,0,0,-3.53527627176774,1.4665639768529484,-1.669980938805304,2.272487507998111,-3.53527627176774,1.4665639768529484,0.7939546045462705,12.90108319725251,0.09247055884616479,0.4692718888022016
calibrate_then_close,22,2,0,0,certified_reset,0,1,0.09201225096322693,0.0880183764448404,0.003993874518386541,0.07588361584934428,0.0,0.0,0,0,-1.669980938805304,2.272487507998111,-0.17524031864930287,0.7289068728753612,-1.669980938805304,2.272487507998111,-1.5499999999999996,3.778454741294388,0.09247055884616479,0.4692718888022016
calibrate_then_close,22,3,0,0,certified_reset,0,1,0.0880183764448404,0.08402450192645386,0.003993874518386541,0.07188974133095774,0.0,0.0,0,0,-0.17524031864930287,0.7289068728753612,0.10050662809271994,-0.18244224483923935,-0.17524031864930287,0.7289068728753612,-0.8992501634091242,0.14656038196858145,0.09247055884616479,0.4692718888022016
calibrate_then_close,22,4,0,0,certified_reset,0,1,0.08402450192645386,0.08003062740806732,0.003993874518386541,0.0678958668125712,0.0,0.0,0,0,0.10050662809271994,-0.18244224483923935,0.005534454071337944,-0.009535166795931799,0.10050662809271994,-0.18244224483923935,0.1686784354826895,0.01680422374184709,0.09247055884616479,0.4692718888022016
calibrate_then_close,22,5,0,0,certified_reset,0,1,0.08003062740806732,0.07603675288968079,0.003993874518386541,0.06390199229418467,0.0,0.0,0,0,0.005534454071337944,-0.009535166795931799,-0.003938171595756841,-0.007131421384181268,0.005534454071337944,-0.009535166795931799,0.008533530680104725,4.8816203563179606e-05,0.09247055884616479,0.4692718888022016
calibrate_then_close,22,6,0,0,certified_reset,0,1,0.07603675288968079,0.07204287837129425,0.003993874518386541,0.05990811777579813,0.0,0.0,0,0,-0.003938171595756841,-0.007131421384181268,0.004187471000730213,0.015173983049417559,-0.003938171595756841,-0.007131421384181268,0.014425980998335499,2.9866209484310827e-05,0.09247055884616479,0.4692718888022016
calibrate_then_close,22,7,0,0,certified_reset,0,1,0.07204287837129425,0.06804900385290771,0.003993874518386541,0.05591424325741159,0.0,0.0,0,0,0.004187471000730213,0.015173983049417559,0.005703515432886397,-0.019924110309812025,0.004187471000730213,0.015173983049417559,-0.026524721943224652,7.656889232121312e-05,0.09247055884616479,0.4692718888022016
calibrate_then_close,22,8,0,0,certified_reset,0,1,0.06804900385290771,0.06405512933452118,0.003993874518386541,0.051920368739025044,0.0,0.0,0,0,0.005703515432886397,-0.019924110309812025,-0.0006977169923244838,-0.0011392313533486942,0.005703515432886397,-0.019924110309812025,0.02367401899078038,0.00011799619856732948,0.09247055884616479,0.4692718888022016
calibrate_then_close,22,9,0,0,certified_reset,0,1,0.06405512933452118,0.060061254816134634,0.003993874518386541,0.0479264942206385,0.0,0.0,0,0,-0.0006977169923244838,-0.0011392313533486942,0.00018488624795811768,-0.0014155130499878587,-0.0006977169923244838,-0.0011392313533486942,0.002375139762757504,8.614538774556036e-07,0.09247055884616479,0.4692718888022016
calibrate_then_close,22,10,0,0,certified_reset,0,1,0.060061254816134634,0.05606738029774809,0.003993874518386541,0.04393261970225196,0.0,0.0,0,0,0.00018488624795811768,-0.0014155130499878587,0.0005811773913818184,-0.007054388389284003,0.00018488624795811768,-0.0014155130499878587,0.0019003544743680263,4.851284979337624e-07,0.09247055884616479,0.4692718888022016
calibrate_then_close,22,11,0,0,certified_reset,0,1,0.05606738029774809,0.05207350577936155,0.003993874518386541,0.039938745183865414,0.0,0.0,0,0,0.0005811773913818184,-0.007054388389284003,0.0018564051153695449,-0.002449409371890302,0.0005811773913818184,-0.007054388389284003,0.009809808095145844,1.1701166730278789e-05,0.09247055884616479,0.4692718888022016
calibrate_then_close,22,12,0,0,certified_reset,0,1,0.05207350577936155,0.048079631260975,0.003993874518386541,0.03594487066547887,0.0,0.0,0,0,0.0018564051153695449,-0.002449409371890302,0.0013513129672757802,-0.0038410107360021444,0.0018564051153695449,-0.002449409371890302,0.001761979561806735,4.603783380574558e-06,0.09247055884616479,0.4692718888022016
calibrate_then_close,22,13,0,0,certified_reset,0,1,0.048079631260975,0.04408575674258846,0.003993874518386541,0.03195099614709233,0.0,0.0,0,0,0.0013513129672757802,-0.0038410107360021444,0.006529890698507464,0.003626368272926472,0.0013513129672757802,-0.0038410107360021444,0.004311404023404708,4.9463572771885035e-06,0.09247055884616479,0.4692718888022016
calibrate_then_close,22,14,0,0,certified_reset,0,1,0.04408575674258846,0.040091882224201916,0.003993874518386541,0.027957121628705783,0.0,0.0,0,0,0.006529890698507464,0.003626368272926472,0.013362145625102295,-0.009878905444563041,0.006529890698507464,0.003626368272926472,-0.011844398205454793,4.8513815188848595e-05,0.09247055884616479,0.4692718888022016
calibrate_then_close,22,15,0,0,certified_reset,0,1,0.040091882224201916,0.03609800770581537,0.003993874518386541,0.023963247110319243,0.0,0.0,0,0,0.013362145625102295,-0.009878905444563041,0.002330233130820149,-0.0022621142109892434,0.013362145625102295,-0.009878905444563041,0.0012463920462041928,0.00019615247213563254,0.09247055884616479,0.4692718888022016
calibrate_then_close,22,16,0,0,certified_reset,0,1,0.03609800770581537,0.03210413318742883,0.003993874518386541,0.019969372591932703,0.0,0.0,0,0,0.002330233130820149,-0.0022621142109892434,0.005070893175534959,-0.00423908779993,0.002330233130820149,-0.0022621142109892434,0.0010082063440734095,6.376487371418329e-06,0.09247055884616479,0.4692718888022016
calibrate_then_close,22,17,0,0,certified_reset,0,1,0.03210413318742883,0.02811025866904229,0.003993874518386541,0.015975498073546163,0.0,0.0,0,0,0.005070893175534959,-0.00423908779993,0.0031218797820723385,-0.0021794496776721076,0.005070893175534959,-0.00423908779993,0.0011963544903519795,2.898431496694442e-05,0.09247055884616479,0.4692718888022016
calibrate_then_close,22,18,0,0,certified_reset,0,1,0.02811025866904229,0.02411638415065575,0.003993874518386541,0.011981623555159623,0.0,0.0,0,0,0.0031218797820723385,-0.0021794496776721076,0.007056687837445785,-0.009199748699620768,0.0031218797820723385,-0.0021794496776721076,0.00010197240718147326,1.06013934945586e-05,0.09247055884616479,0.4692718888022016
calibrate_then_close,22,19,0,0,certified_reset,0,1,0.02411638415065575,0.02012250963226921,0.003993874518386541,0.007987749036773082,0.0,0.0,0,0,0.007056687837445785,-0.009199748699620768,0.004287187722200577,-0.007367444735928572,0.007056687837445785,-0.009199748699620768,0.006523157644728154,6.609500058111598e-05,0.09247055884616479,0.4692718888022016
calibrate_then_close,22,20,0,0,certified_reset,0,1,0.02012250963226921,0.01612863511388267,0.003993874518386541,0.003993874518386541,0.0,0.0,0,0,0.004287187722200577,-0.007367444735928572,0.007046850487744974,-0.0024046363428426795,0.004287187722200577,-0.007367444735928572,0.006582190079556866,2.9233372770125883e-05,0.09247055884616479,0.4692718888022016
calibrate_then_close,22,21,0,0,certified_reset,0,1,0.01612863511388267,0.01213476059549613,0.003993874518386541,0.0,0.0,0.0,0,0,0.007046850487744974,-0.0024046363428426795,-0.0020094338664788996,-0.012583864114245988,0.007046850487744974,-0.0024046363428426795,-0.0034738045442609944,5.1000594416362357e-05,0.09247055884616479,0.4692718888022016
calibrate_then_close,23,0,0,0,certified_reset,0,1,0.1,0.09600612548161347,0.003993874518386541,0.08387136488611735,0.0,0.0,0,0,2.1840194723485222,0.019496948374617573,1.4325555122929847,-1.5349232571511877,2.1840194723485222,0.019496948374617573,-1.55,4.8300719791767825,0.09247055884616479,0.4692718888022016
calibrate_then_close,23,1,0,0,certified_reset,0,1,0.09600612548161347,0.09201225096322693,0.003993874518386541,0.07987749036773081,0.0,0.0,0,0,1.4325555122929847,-1.5349232571511877,0.3140903207197763,-0.7022932711874695,1.4325555122929847,-1.5349232571511877,0.8346002771047007,2.493707329326447,0.09247055884616479,0.4692718888022016
calibrate_then_close,23,2,0,0,certified_reset,0,1,0.09201225096322693,0.0880183764448404,0.003993874518386541,0.07588361584934428,0.0,0.0,0,0,0.3140903207197763,-0.7022932711874695,-0.02902143388814732,0.0179007472141875,0.3140903207197763,-0.7022932711874695,0.7217843021487383,0.20045589501649586,0.09247055884616479,0.4692718888022016
calibrate_then_close,23,3,1,1,certified_reset,0,1,0.0880183764448404,0.08402450192645386,0.003993874518386541,0.07188974133095774,0.0,0.0,0,0,-0.02902143388814732,0.0179007472141875,0.008434561454447362,0.0011736686525959834,-0.02902143388814732,0.0179007472141875,0.0025312995437521985,0.0009000824270073341,0.09744082949644373,0.49914169846942547
calibrate_then_close,23,4,1,1,certified_reset,0,1,0.08402450192645386,0.08003062740806732,0.003993874518386541,0.0678958668125712,0.0,0.0,0,0,0.008434561454447362,0.0011736686525959834,-0.0004088456758713343,-0.0224782991909543,0.008434561454447362,0.0011736686525959834,-0.01013168467648808,7.395605244753935e-05,0.09744082949644373,0.49914169846942547
calibrate_then_close,23,5,1,1,certified_reset,0,1,0.08003062740806732,0.07603675288968079,0.003993874518386541,0.06390199229418467,0.0,0.0,0,0,-0.0004088456758713343,-0.0224782991909543,-0.012004773696907037,-0.023955983440482727,-0.0004088456758713343,-0.0224782991909543,0.03352378490157776,0.00011921256685311024,0.09744082949644373,0.49914169846942547
calibrate_then_close,23,6,0,0,certified_reset,0,1,0.07603675288968079,0.07204287837129425,0.003993874518386541,0.05990811777579813,0.0,0.0,0,0,-0.012004773696907037,-0.023955983440482727,-0.012152940270067072,0.02289745443128145,-0.012004773696907037,-0.023955983440482727,0.04724325266891957,0.00030321276025055833,0.09247055884616479,0.4692718888022016
calibrate_then_close,23,7,0,0,certified_reset,0,1,0.07204287837129425,0.06804900385290771,0.003993874518386541,0.05591424325741159,0.0,0.0,0,0,-0.012152940270067072,0.02289745443128145,-0.004891092336656173,0.005409688650082536,-0.012152940270067072,0.02289745443128145,-0.021630746958813136,0.0002537640030555929,0.09247055884616479,0.4692718888022016
calibrate_then_close,23,8,0,0,certified_reset,0,1,0.06804900385290771,0.06405512933452118,0.003993874518386541,0.051920368739025044,0.0,0.0,0,0,-0.004891092336656173,0.005409688650082536,-0.003847279442471471,0.0011745646542041922,-0.004891092336656173,0.005409688650082536,-0.0031023339850740957,2.9431047781920114e-05,0.09247055884616479,0.4692718888022016
calibrate_then_close,23,9,0,0,certified_reset,0,1,0.06405512933452118,0.060061254816134634,0.003993874518386541,0.0479264942206385,0.0,0.0,0,0,-0.003847279442471471,0.0011745646542041922,-0.0028242564360766217,-7.333290381068619e-05,-0.003847279442471471,0.0011745646542041922,0.002098798434571356,1.5160011363030617e-05,0.09247055884616479,0.4692718888022016
calibrate_then_close,23,10,1,1,certified_reset,0,1,0.060061254816134634,0.05606738029774809,0.003993874518386541,0.04393261970225196,0.0,0.0,0,0,-0.0028242564360766217,-7.333290381068619e-05,-0.012007611297041114,-0.03492517140549255,-0.0028242564360766217,-7.333290381068619e-05,0.002919519289522035,8.190482227428138e-06,0.09744082949644373,0.49914169846942547
calibrate_then_close,23,11,1,1,certified_reset,0,1,0.05606738029774809,0.05207350577936155,0.003993874518386541,0.039938745183865414,0.0,0.0,0,0,-0.012007611297041114,-0.03492517140549255,-0.017710647409192336,0.07979455650032068,-0.012007611297041114,-0.03492517140549255,0.06340729711682055,0.00046425302983889457,0.09744082949644373,0.49914169846942547
calibrate_then_close,23,12,1,1,certified_reset,0,1,0.05207350577936155,0.048079631260975,0.003993874518386541,0.03594487066547887,0.0,0.0,0,0,-0.017710647409192336,0.07979455650032068,-0.006085607249547233,-0.06215971407369581,-0.017710647409192336,0.07979455650032068,-0.09991017383766305,0.0017093089270344489,0.09744082949644373,0.49914169846942547
calibrate_then_close,23,13,1,1,certified_reset,0,1,0.048079631260975,0.04408575674258846,0.003993874518386541,0.03195099614709233,0.0,0.0,0,0,-0.006085607249547233,-0.06215971407369581,0.00014365125200696202,0.07526302874000859,-0.006085607249547233,-0.06215971407369581,0.09763013711100066,0.0009708151170738128,0.09744082949644373,0.49914169846942547
calibrate_then_close,23,14,1,1,certified_reset,0,1,0.04408575674258846,0.040091882224201916,0.003993874518386541,0.027957121628705783,0.0,0.0,0,0,0.00014365125200696202,0.07526302874000859,0.015403546376096611,-0.05680784658344474,0.00014365125200696202,0.07526302874000859,-0.1110155062649709,0.0013277459305853826,0.09744082949644373,0.49914169846942547
calibrate_then_close,23,15,0,0,certified_reset,0,1,0.040091882224201916,0.03609800770581537,0.003993874518386541,0.023963247110319243,0.0,0.0,0,0,0.015403546376096611,-0.05680784658344474,-0.001095770545856042,0.010899146787043405,0.015403546376096611,-0.05680784658344474,0.06834242819476388,0.0009349200862701453,0.09247055884616479,0.4692718888022016
calibrate_then_close,23,16,0,0,certified_reset,0,1,0.03609800770581537,0.03210413318742883,0.003993874518386541,0.019969372591932703,0.0,0.0,0,0,-0.001095770545856042,0.010899146787043405,0.008368000717033443,0.0004294679526136132,-0.001095770545856042,0.010899146787043405,-0.014966148303739348,2.8182805088796996e-05,0.09247055884616479,0.4692718888022016
calibrate_then_close,23,17,0,0,certified_reset,0,1,0.03210413318742883,0.02811025866904229,0.003993874518386541,0.015975498073546163,0.0,0.0,0,0,0.008368000717033443,0.0004294679526136132,0.005131671650907955,-0.019471580139012658,0.008368000717033443,0.0004294679526136132,-0.008965383488434722,7.206608821765766e-05,0.09247055884616479,0.4692718888022016
calibrate_then_close,23,18,0,0,certified_reset,0,1,0.02811025866904229,0.02411638415065575,0.003993874518386541,0.011981623555159623,0.0,0.0,0,0,0.005131671650907955,-0.019471580139012658,-0.0026659693467676565,-0.00022197591257714071,0.005131671650907955,-0.019471580139012658,0.023573171707048094,0.0001084720525007803,0.09247055884616479,0.4692718888022016
calibrate_then_close,23,19,0,0,certified_reset,0,1,0.02411638415065575,0.02012250963226921,0.003993874518386541,0.007987749036773082,0.0,0.0,0,0,-0.0026659693467676565,-0.00022197591257714071,-0.0019139304570915789,-0.0060071488817032,-0.0026659693467676565,-0.00022197591257714071,0.002984249693691383,7.338905408799794e-06,0.09247055884616479,0.4692718888022016
calibrate_then_close,23,20,0,0,certified_reset,0,1,0.02012250963226921,0.01612863511388267,0.003993874518386541,0.003993874518386541,0.0,0.0,0,0,-0.0019139304570915789,-0.0060071488817032,0.002858398867134941,0.014891263141076192,-0.0019139304570915789,-0.0060071488817032,0.010752430937564422,1.3048949854910734e-05,0.09247055884616479,0.4692718888022016
calibrate_then_close,23,21,1,1,certified_reset,0,1,0.01612863511388267,0.01213476059549613,0.003993874518386541,0.0,0.0,0.0,0,0,0.002858398867134941,0.014891263141076192,-0.013000722867385392,-0.017152192659694185,0.002858398867134941,0.014891263141076192,-0.024779931540915644,6.343651849156935e-05,0.09744082949644373,0.49914169846942547
calibrate_then_close,24,0,1,1,certified_reset,0,1,0.1,0.09600612548161347,0.003993874518386541,0.08387136488611735,0.0,0.0,0,0,5.394640034777684,0.519724882893089,5.121863612654087,-1.0813977529037075,5.394640034777684,0.519724882893089,-1.55,29.21082411652785,0.09744082949644373,0.49914169846942547
calibrate_then_close,24,1,1,1,certified_reset,0,1,0.09600612548161347,0.09201225096322693,0.003993874518386541,0.07987749036773081,0.0,0.0,0,0,5.121863612654087,-1.0813977529037075,3.2727176582494164,-2.6271342969033284,5.121863612654087,-1.0813977529037075,-1.549999999999994,26.50404516462731,0.09744082949644373,0.49914169846942547
calibrate_then_close,24,2,1,1,certified_reset,0,1,0.09201225096322693,0.0880183764448404,0.003993874518386541,0.07588361584934428,0.0,0.0,0,0,3.2727176582494164,-2.6271342969033284,1.1013584938636043,-1.7500511994515706,3.2727176582494164,-2.6271342969033284,0.9034221238868884,11.973415389479586,0.09744082949644373,0.49914169846942547
calibrate_then_close,24,3,1,1,certified_reset,0,1,0.0880183764448404,0.08402450192645386,0.003993874518386541,0.07188974133095774,0.0,0.0,0,0,1.1013584938636043,-1.7500511994515706,0.1276781651277255,-0.2236236311704185,1.1013584938636043,-1.7500511994515706,1.481296225427702,1.8191287508185046,0.09744082949644373,0.49914169846942547
calibrate_then_close,24,4,1,1,certified_reset,0,1,0.08402450192645386,0.08003062740806732,0.003993874518386541,0.0678958668125712,0.0,0.0,0,0,0.1276781651277255,-0.2236236311704185,0.0030410578768314865,-0.012048109505566638,0.1276781651277255,-0.2236236311704185,0.2022776824300817,0.026325975485826675,0.09744082949644373,0.49914169846942547
calibrate_then_close,24,5,1,1,certified_reset,0,1,0.08003062740806732,0.07603675288968079,0.003993874518386541,0.06390199229418467,0.0,0.0,0,0,0.0030410578768314865,-0.012048109505566638,-0.007875046544155783,-0.012126123653037002,0.0030410578768314865,-0.012048109505566638,0.014718659628003951,4.079225621982719e-05,0.09744082949644373,0.49914169846942547
calibrate_then_close,24,6,0,0,certified_reset,0,1,0.07603675288968079,0.07204287837129425,0.003993874518386541,0.05990811777579813,0.0,0.0,0,0,-0.007875046544155783,-0.012126123653037002,-0.011047972930792491,0.010103566419290192,-0.007875046544155783,-0.012126123653037002,0.025704807622202376,0.0001050025039177546,0.09247055884616479,0.4692718888022016
calibrate_then_close,24,7,0,0,certified_reset,0,1,0.07204287837129425,0.06804900385290771,0.003993874518386541,0.05591424325741159,0.0,0.0,0,0,-0.011047972930792491,0.010103566419290192,-1.4672124638451765e-05,0.003971684181843307,-0.011047972930792491,0.010103566419290192,-0.003884788059974369,0.0001408097651263181,0.09247055884616479,0.4692718888022016
calibrate_then_close,24,8,0,0,certified_reset,0,1,0.06804900385290771,0.06405512933452118,0.003993874518386541,0.051920368739025044,0.0,0.0,0,0,-1.4672124638451765e-05,0.003971684181843307,0.005235370803299107,0.009867061959106497,-1.4672124638451765e-05,0.003971684181843307,-0.005833832332084284,3.690424806467987e-06,0.09247055884616479,0.4692718888022016
calibrate_then_close,24,9,0,0,certified_reset,0,1,0.06405512933452118,0.060061254816134634,0.003993874518386541,0.0479264942206385,0.0,0.0,0,0,0.005235370803299107,0.009867061959106497,0.010261120451681267,-0.02048068304869472,0.005235370803299107,0.009867061959106497,-0.019746147679377206,5.468147025930346e-05,0.09247055884616479,0.4692718888022016
calibrate_then_close,24,10,0,0,certified_reset,0,1,0.060061254816134634,0.05606738029774809,0.003993874518386541,0.04393261970225196,0.0,0.0,0,0,0.010261120451681267,-0.02048068304869472,-0.002910694961463595,-0.0070115265271524715,0.010261120451681267,-0.02048068304869472,0.019951340758029873,0.00019074450094038362,0.09247055884616479,0.4692718888022016
calibrate_then_close,24,11,0,0,certified_reset,0,1,0.05606738029774809,0.05207350577936155,0.003993874518386541,0.039938745183865414,0.0,0.0,0,0,-0.002910694961463595,-0.0070115265271524715,-0.0038568588864545217,0.008738352535429114,-0.002910694961463595,-0.0070115265271524715,0.01322805678366192,2.1695753078857468e-05,0.09247055884616479,0.4692718888022016
calibrate_then_close,24,12,0,0,certified_reset,0,1,0.05207350577936155,0.048079631260975,0.003993874518386541,0.03594487066547887,0.0,0.0,0,0,-0.0038568588864545217,0.008738352535429114,0.008437281739969875,0.010150343036620872,-0.0038568588864545217,0.008738352535429114,-0.009030494400120642,3.0658691103807744e-05,0.09247055884616479,0.4692718888022016
calibrate_then_close,24,13,0,0,certified_reset,0,1,0.048079631260975,0.04408575674258846,0.003993874518386541,0.03195099614709233,0.0,0.0,0,0,0.008437281739969875,0.010150343036620872,0.018958117920214224,-0.029195672546700968,0.008437281739969875,0.010150343036620872,-0.02335384974898485,0.0001033680840890771,0.09247055884616479,0.4692718888022016
calibrate_then_close,24,14,0,0,certified_reset,0,1,0.04408575674258846,0.040091882224201916,0.003993874518386541,0.027957121628705783,0.0,0.0,0,0,0.018958117920214224,-0.029195672546700968,-0.0027357783499277295,-0.01451449955143823,0.018958117920214224,-0.029195672546700968,0.024128295424066453,0.0005273943142602772,0.09247055884616479,0.4692718888022016
calibrate_then_close,24,15,0,0,certified_reset,0,1,0.040091882224201916,0.03609800770581537,0.003993874518386541,0.023963247110319243,0.0,0.0,0,0,-0.0027357783499277295,-0.01451449955143823,-0.01375390724568304,0.015454950367988479,-0.0027357783499277295,-0.01451449955143823,0.024106071662107435,5.993277595556587e-05,0.09247055884616479,0.4692718888022016
calibrate_then_close,24,16,0,0,certified_reset,0,1,0.03609800770581537,0.03210413318742883,0.003993874518386541,0.019969372591932703,0.0,0.0,0,0,-0.01375390724568304,0.015454950367988479,-0.00550487306547595,0.0042233572087381765,-0.01375390724568304,0.015454950367988479,-0.009072413749491037,0.000234221670161759,0.09247055884616479,0.4692718888022016
calibrate_then_close,24,17,0,0,certified_reset,0,1,0.03210413318742883,0.02811025866904229,0.003993874518386541,0.015975498073546163,0.0,0.0,0,0,-0.00550487306547595,0.0042233572087381765,-0.00506921784881546,0.015480752962264917,-0.00550487306547595,0.0042233572087381765,-0.0007326221708822369,3.352766014840241e-05,0.09247055884616479,0.4692718888022016
calibrate_then_close,24,18,0,0,certified_reset,0,1,0.02811025866904229,0.02411638415065575,0.003993874518386541,0.011981623555159623,0.0,0.0,0,0,-0.00506921784881546,0.015480752962264917,0.005705412828527892,-0.006802137939858887,-0.00506921784881546,0.015480752962264917,-0.017752509474224142,7.6713427624721e-05,0.09247055884616479,0.4692718888022016
calibrate_then_close,24,19,0,0,certified_reset,0,1,0.02411638415065575,0.02012250963226921,0.003993874518386541,0.007987749036773082,0.0,0.0,0,0,0.005705412828527892,-0.006802137939858887,0.00767132428960181,0.004897134814138721,0.005705412828527892,-0.006802137939858887,0.004334928805132576,4.134996023708603e-05,0.09247055884616479,0.4692718888022016
calibrate_then_close,24,20,0,0,certified_reset,0,1,0.02012250963226921,0.01612863511388267,0.003993874518386541,0.003993874518386541,0.0,0.0,0,0,0.00767132428960181,0.004897134814138721,0.011168349351621806,-0.0076719809290857624,0.00767132428960181,0.004897134814138721,-0.014849169102816077,6.867840922214831e-05,0.09247055884616479,0.4692718888022016
calibrate_then_close,24,21,0,0,certified_reset,0,1,0.01612863511388267,0.01213476059549613,0.003993874518386541,0.0,0.0,0.0,0,0,0.011168349351621806,-0.0076719809290857624,0.007502114271971461,0.00013481477170174463,0.011168349351621806,-0.0076719809290857624,0.00017872473433094298,0.00013532749825086374,0.09247055884616479,0.4692718888022016
calibrate_then_close,25,0,0,0,certified_reset,0,1,0.1,0.09600612548161347,0.003993874518386541,0.08387136488611735,0.0,0.0,0,0,1.5150864595749658,-0.11388668936544155,0.7310373114557327,-1.4726219050949825,1.5150864595749658,-0.11388668936544155,-1.3409013066193853,2.342772019882376,0.09247055884616479,0.4692718888022016
calibrate_then_close,25,1,1,1,certified_reset,0,1,0.09600612548161347,0.09201225096322693,0.003993874518386541,0.07987749036773081,0.0,0.0,0,0,0.7310373114557327,-1.4726219050949825,0.019460597471387578,-0.04223505587391523,0.7310373114557327,-1.4726219050949825,1.4413690232183343,0.9767049168335639,0.09744082949644373,0.49914169846942547
calibrate_then_close,25,2,0,0,certified_reset,0,1,0.09201225096322693,0.0880183764448404,0.003993874518386541,0.07588361584934428,0.0,0.0,0,0,0.019460597471387578,-0.04223505587391523,-0.0028976509155300345,0.006648656638966672,0.019460597471387578,-0.04223505587391523,0.04283794986735529,0.0007456760927054212,0.09247055884616479,0.4692718888022016
calibrate_then_close,25,3,0,0,certified_reset,0,1,0.0880183764448404,0.08402450192645386,0.003993874518386541,0.07188974133095774,0.0,0.0,0,0,-0.0028976509155300345,0.006648656638966672,-0.004209430175402019,-0.006608524503307474,-0.0028976509155300345,0.006648656638966672,-0.00690645289788804,1.754569243755831e-05,0.09247055884616479,0.4692718888022016
calibrate_then_close,25,4,0,0,certified_reset,0,1,0.08402450192645386,0.08003062740806732,0.003993874518386541,0.0678958668125712,0.0,0.0,0,0,-0.004209430175402019,-0.006608524503307474,0.002081576463932558,0.0068917748881758,-0.004209430175402019,-0.006608524503307474,0.013927640875146715,3.0429849210208267e-05,0.09247055884616479,0.4692718888022016
calibrate_then_close,25,5,0,0,certified_reset,0,1,0.08003062740806732,0.07603675288968079,0.003993874518386541,0.06390199229418467,0.0,0.0,0,0,0.002081576463932558,0.0068917748881758,-0.00584516691673323,-0.010009559468443337,0.002081576463932558,0.0068917748881758,-0.012227229178504818,1.6619969909462262e-05,0.09247055884616479,0.4692718888022016
calibrate_then_close,25,6,0,0,certified_reset,0,1,0.07603675288968079,0.07204287837129425,0.003993874518386541,0.05990811777579813,0.0,0.0,0,0,-0.00584516691673323,-0.010009559468443337,-0.011671118458940241,-0.0031600347572352753,-0.00584516691673323,-0.010009559468443337,0.02056765097035992,6.2776113480851e-05,0.09247055884616479,0.4692718888022016
calibrate_then_close,25,7,0,0,certified_reset,0,1,0.07204287837129425,0.06804900385290771,0.003993874518386541,0.05591424325741159,0.0,0.0,0,0,-0.011671118458940241,-0.0031600347572352753,-0.007840363256319404,0.006778339858789584,-0.011671118458940241,-0.0031600347572352753,0.016279541728322525,0.0001446380405947688,0.09247055884616479,0.4692718888022016
calibrate_then_close,25,8,0,0,certified_reset,0,1,0.06804900385290771,0.06405512933452118,0.003993874518386541,0.051920368739025044,0.0,0.0,0,0,-0.007840363256319404,0.006778339858789584,-0.0010651177290456966,0.010896016052967548,-0.007840363256319404,0.006778339858789584,-0.0021786732645700376,6.986022184431322e-05,0.09247055884616479,0.4692718888022016
calibrate_then_close,25,9,0,0,certified_reset,0,1,0.06405512933452118,0.060061254816134634,0.003993874518386541,0.0479264942206385,0.0,0.0,0,0,-0.0010651177290456966,0.010896016052967548,0.0035233204908135924,-0.005969658860021644,-0.0010651177290456966,0.010896016052967548,-0.014989918891393218,2.8122087334765914e-05,0.09247055884616479,0.4692718888022016
calibrate_then_close,25,10,0,0,certified_reset,0,1,0.060061254816134634,0.05606738029774809,0.003993874518386541,0.04393261970225196,0.0,0.0,0,0,0.0035233204908135924,-0.005969658860021644,-0.002327287553817444,0.0026687488230161534,0.0035233204908135924,-0.005969658860021644,0.00528264409613754,1.9526074340054636e-05,0.09247055884616479,0.4692718888022016
calibrate_then_close,25,11,0,0,certified_reset,0,1,0.05606738029774809,0.05207350577936155,0.003993874518386541,0.039938745183865414,0.0,0.0,0,0,-0.002327287553817444,0.0026687488230161534,0.001933186183140414,-0.01288294509988248,-0.002327287553817444,0.0026687488230161534,-0.0016171964743848526,6.763650119535671e-06,0.09247055884616479,0.4692718888022016
calibrate_then_close,25,12,0,0,certified_reset,0,1,0.05207350577936155,0.048079631260975,0.003993874518386541,0.03594487066547887,0.0,0.0,0,0,0.001933186183140414,-0.01288294509988248,-0.008212710849805464,0.004108567903466579,0.001933186183140414,-0.01288294509988248,0.017050277007215123,4.08796568696397e-05,0.09247055884616479,0.4692718888022016
calibrate_then_close,25,13,0,0,certified_reset,0,1,0.048079631260975,0.04408575674258846,0.003993874518386541,0.03195099614709233,0.0,0.0,0,0,-0.008212710849805464,0.004108567903466579,-0.001614174948579463,-0.0030041462621218495,-0.008212710849805464,0.004108567903466579,0.0021323135600033274,7.060074796959797e-05,0.09247055884616479,0.4692718888022016
calibrate_then_close,25,14,0,0,certified_reset,0,1,0.04408575674258846,0.040091882224201916,0.003993874518386541,0.027957121628705783,0.0,0.0,0,0,-0.001614174948579463,-0.0030041462621218495,-0.009939913090814264,0.005839060520863694,-0.001614174948579463,-0.0030041462621218495,0.006033557245611154,5.140137148082906e-06,0.09247055884616479,0.4692718888022016
calibrate_then_close,25,15,0,0,certified_reset,0,1,0.040091882224201916,0.03609800770581537,0.003993874518386541,0.023963247110319243,0.0,0.0,0,0,-0.009939913090814264,0.005839060520863694,-0.0029704886764918255,0.005880808286101548,-0.009939913090814264,0.005839060520863694,0.001293825872357554,0.00010498075488557594,0.09247055884616479,0.4692718888022016
calibrate_then_close,25,16,1,1,certified_reset,0,1,0.03609800770581537,0.03210413318742883,0.003993874518386541,0.019969372591932703,0.0,0.0,0,0,-0.0029704886764918255,0.005880808286101548,-0.013606712236689281,-0.01254615358296763,-0.0029704886764918255,0.005880808286101548,-0.005706362150453862,1.586297029958798e-05,0.09744082949644373,0.49914169846942547
calibrate_then_close,25,17,1,1,certified_reset,0,1,0.03210413318742883,0.02811025866904229,0.003993874518386541,0.015975498073546163,0.0,0.0,0,0,-0.013606712236689281,-0.01254615358296763,-0.0021241410583135723,0.014696460849130743,-0.013606712236689281,-0.01254615358296763,0.03203396812129049,0.00023913007028290026,0.09744082949644373,0.49914169846942547
calibrate_then_close,25,18,0,0,certified_reset,0,1,0.02811025866904229,0.02411638415065575,0.003993874518386541,0.011981623555159623,0.0,0.0,0,0,-0.0021241410583135723,0.014696460849130743,0.007882886120050869,-0.0011485674850710602,-0.0021241410583135723,0.014696460849130743,-0.01953405417411455,5.292893011575045e-05,0.09247055884616479,0.4692718888022016
calibrate_then_close,25,19,0,0,certified_reset,0,1,0.02411638415065575,0.02012250963226921,0.003993874518386541,0.007987749036773082,0.0,0.0,0,0,0.007882886120050869,-0.0011485674850710602,0.0037764920294243646,0.007412296801632533,0.007882886120050869,-0.0011485674850710602,-0.006161434533755135,6.332643277773164e-05,0.09247055884616479,0.4692718888022016
calibrate_then_close,25,20,0,0,certified_reset,0,1,0.02012250963226921,0.01612863511388267,0.003993874518386541,0.003993874518386541,0.0,0.0,0,0,0.0037764920294243646,0.007412296801632533,0.011499009292904587,-0.015335255565201425,0.0037764920294243646,0.007412296801632533,-0.01467588664406766,2.9536019165632385e-05,0.09247055884616479,0.4692718888022016
calibrate_then_close,25,21,0,0,certified_reset,0,1,0.01612863511388267,0.01213476059549613,0.003993874518386541,0.0,0.0,0.0,0,0,0.011499009292904587,-0.015335255565201425,-0.0013098379243278984,-0.0016195053294397834,0.011499009292904587,-0.015335255565201425,0.011137081389562084,0.00017765869065025674,0.09247055884616479,0.4692718888022016
calibrate_then_close,26,0,0,0,certified_reset,0,1,0.1,0.09600612548161347,0.003993874518386541,0.08387136488611735,0.0,0.0,0,0,3.737492987581449,0.2698124203435066,3.2390103861105746,-1.2761440372055806,3.737492987581449,0.2698124203435066,-1.5499999999998646,14.042020105811389,0.09247055884616479,0.4692718888022016
calibrate_then_close,26,1,0,0,certified_reset,0,1,0.09600612548161347,0.09201225096322693,0.003993874518386541,0.07987749036773081,0.0,0.0,0,0,3.2390103861105746,-1.2761440372055806,1.515834191424925,-2.1646451571552685,3.2390103861105746,-1.2761440372055806,-0.88375894771464,10.80385187693898,0.09247055884616479,0.4692718888022016
calibrate_then_close,26,2,0,0,certified_reset,0,1,0.09201225096322693,0.0880183764448404,0.003993874518386541,0.07588361584934428,0.0,0.0,0,0,1.515834191424925,-2.1646451571552685,0.12523148281774962,-0.6028785744819559,1.515834191424925,-2.1646451571552685,1.5499999999999998,3.2012397540440922,0.09247055884616479,0.4692718888022016
calibrate_then_close,26,3,0,0,certified_reset,0,1,0.0880183764448404,0.08402450192645386,0.003993874518386541,0.07188974133095774,0.0,0.0,0,0,0.12523148281774962,-0.6028785744819559,-0.09177455982813007,0.16255244160201432,0.12523148281774962,-0.6028785744819559,0.7633950630006913,0.0956754884465692,0.09247055884616479,0.4692718888022016
calibrate_then_close,26,4,0,0,certified_reset,0,1,0.08402450192645386,0.08003062740806732,0.003993874518386541,0.0678958668125712,0.0,0.0,0,0,-0.09177455982813007,0.16255244160201432,-0.006789785231494429,0.017362209804722573,-0.09177455982813007,0.16255244160201432,-0.14807014356326656,0.013726882345757915,0.09247055884616479,0.4692718888022016
calibrate_then_close,26,5,0,0,certified_reset,0,1,0.08003062740806732,0.07603675288968079,0.003993874518386541,0.06390199229418467,0.0,0.0,0,0,-0.006789785231494429,0.017362209804722573,0.003936354448673361,-0.007478425111977668,-0.006789785231494429,0.017362209804722573,-0.01881224168516855,0.00010920903369492653,0.09247055884616479,0.4692718888022016
calibrate_then_close,26,6,0,0,certified_reset,0,1,0.07603675288968079,0.07204287837129425,0.003993874518386541,0.05990811777579813,0.0,0.0,0,0,0.003936354448673361,-0.007478425111977668,0.002898619999192206,-0.008321038381300307,0.003936354448673361,-0.007478425111977668,0.007091499307699526,2.6818951994350603e-05,0.09247055884616479,0.4692718888022016
calibrate_then_close,26,7,0,0,certified_reset,0,1,0.07204287837129425,0.06804900385290771,0.003993874518386541,0.05591424325741159,0.0,0.0,0,0,0.002898619999192206,-0.008321038381300307,0.005625939693941453,0.008922606372401437,0.002898619999192206,-0.008321038381300307,0.009369858726471142,2.3059996567320816e-05,0.09247055884616479,0.4692718888022016
calibrate_then_close,26,8,0,0,certified_reset,0,1,0.06804900385290771,0.06405512933452118,0.003993874518386541,0.051920368739025044,0.0,0.0,0,0,0.005625939693941453,0.008922606372401437,0.008395010084669304,-0.01616133277350482,0.005625939693941453,0.008922606372401437,-0.018745074008948766,5.476596523571759e-05,0.09247055884616479,0.4692718888022016
calibrate_then_close,26,9,0,0,certified_reset,0,1,0.06405512933452118,0.060061254816134634,0.003993874518386541,0.0479264942206385,0.0,0.0,0,0,0.008395010084669304,-0.01616133277350482,0.0020808860892860713,0.011568803410021356,0.008395010084669304,-0.01616133277350482,0.015448111632561871,0.00012345626000987464,0.09247055884616479,0.4692718888022016
calibrate_then_close,26,10,0,0,certified_reset,0,1,0.060061254816134634,0.05606738029774809,0.003993874518386541,0.04393261970225196,0.0,0.0,0,0,0.0020808860892860713,0.011568803410021356,0.006731321853226457,0.000604437558242724,0.0020808860892860713,0.011568803410021356,-0.019114273205329903,3.755467114193401e-05,0.09247055884616479,0.4692718888022016
calibrate_then_close,26,11,0,0,certified_reset,0,1,0.05606738029774809,0.05207350577936155,0.003993874518386541,0.039938745183865414,0.0,0.0,0,0,0.006731321853226457,0.000604437558242724,0.005969687861324247,0.0005666193407840563,0.006731321853226457,0.000604437558242724,-0.00759540574501134,4.6818710659634436e-05,0.09247055884616479,0.4692718888022016
calibrate_then_close,26,12,0,0,certified_reset,0,1,0.05207350577936155,0.048079631260975,0.003993874518386541,0.03594487066547887,0.0,0.0,0,0,0.005969687861324247,0.0005666193407840563,-0.0001193717401961089,-0.0018424435769932926,0.005969687861324247,0.0005666193407840563,-0.006778483546571363,3.684365948734363e-05,0.09247055884616479,0.4692718888022016
calibrate_then_close,26,13,0,0,certified_reset,0,1,0.048079631260975,0.04408575674258846,0.003993874518386541,0.03195099614709233,0.0,0.0,0,0,-0.0001193717401961089,-0.0018424435769932926,0.0022209724613592692,-0.0007310599187821672,-0.0001193717401961089,-0.0018424435769932926,0.002832181116580464,8.258085594780125e-07,0.09247055884616479,0.4692718888022016
calibrate_then_close,26,14,0,0,certified_reset,0,1,0.04408575674258846,0.040091882224201916,0.003993874518386541,0.027957121628705783,0.0,0.0,0,0,0.0022209724613592692,-0.0007310599187821672,-0.006072368633096173,-0.007009423429908388,0.0022209724613592692,-0.0007310599187821672,-0.0011324058981506053,5.06097800094337e-06,0.09247055884616479,0.4692718888022016
calibrate_then_close,26,15,0,0,certified_reset,0,1,0.040091882224201916,0.03609800770581537,0.003993874518386541,0.023963247110319243,0.0,0.0,0,0,-0.006072368633096173,-0.007009423429908388,0.0038995619694224912,0.0072300704930489505,-0.006072368633096173,-0.007009423429908388,0.016371842485943502,5.2418354503378664e-05,0.09247055884616479,0.4692718888022016
calibrate_then_close,26,16,0,0,certified_reset,0,1,0.03609800770581537,0.03210413318742883,0.003993874518386541,0.019969372591932703,0.0,0.0,0,0,0.0038995619694224912,0.0072300704930489505,0.0034939933973172324,0.0013167002821384728,0.0038995619694224912,0.0072300704930489505,-0.014535729464476987,2.989807481018011e-05,0.09247055884616479,0.4692718888022016
calibrate_then_close,26,17,0,0,certified_reset,0,1,0.03210413318742883,0.02811025866904229,0.003993874518386541,0.015975498073546163,0.0,0.0,0,0,0.0034939933973172324,0.0013167002821384728,0.009458315949159857,-0.004727567823566112,0.0034939933973172324,0.0013167002821384728,-0.005423136274152674,1.3255315970634217e-05,0.09247055884616479,0.4692718888022016
calibrate_then_close,26,18,0,0,certified_reset,0,1,0.02811025866904229,0.02411638415065575,0.003993874518386541,0.011981623555159623,0.0,0.0,0,0,0.009458315949159857,-0.004727567823566112,0.011835597095004084,-0.0006643896926025825,0.009458315949159857,-0.004727567823566112,-0.0024533843070668544,9.363319951284094e-05,0.09247055884616479,0.4692718888022016
calibrate_then_close,26,19,0,0,certified_reset,0,1,0.02411638415065575,0.02012250963226921,0.003993874518386541,0.007987749036773082,0.0,0.0,0,0,0.011835597095004084,-0.0006643896926025825,0.0036116053540377366,-0.0223324933052899,0.011835597095004084,-0.0006643896926025825,-0.010805083384881294,0.00014307955872857963,0.09247055884616479,0.4692718888022016
calibrate_then_close,26,20,0,0,certified_reset,0,1,0.02012250963226921,0.01612863511388267,0.003993874518386541,0.003993874518386541,0.0,0.0,0,0,0.0036116053540377366,-0.0223324933052899,-0.009939811275093028,0.008359363726889765,0.0036116053540377366,-0.0223324933052899,0.02930525149368914,0.00012428688366257056,0.09247055884616479,0.4692718888022016
calibrate_then_close,26,21,0,0,certified_reset,0,1,0.01612863511388267,0.01213476059549613,0.003993874518386541,0.0,0.0,0.0,0,0,-0.009939811275093028,0.008359363726889765,0.0010896217539330178,0.0006046964195375341,-0.009939811275093028,0.008359363726889765,-0.00241436568412982,0.00011152379037120334,0.09247055884616479,0.4692718888022016
calibrate_then_close,27,0,0,0,certified_reset,0,1,0.1,0.09600612548161347,0.003993874518386541,0.08387136488611735,0.0,0.0,0,0,-1.944095104214929,0.29858930812855644,-0.9507619301572153,1.6833752676624598,-1.944095104214929,0.29858930812855644,1.3681251930167293,3.842347941313797,0.09247055884616479,0.4692718888022016
calibrate_then_close,27,1,0,0,certified_reset,0,1,0.09600612548161347,0.09201225096322693,0.003993874518386541,0.07987749036773081,0.0,0.0,0,0,-0.9507619301572153,1.6833752676624598,-0.03799711289813052,0.15259665210605183,-0.9507619301572153,1.6833752676624598,-1.533035120711717,1.4727785773896416,0.09247055884616479,0.4692718888022016
calibrate_then_close,27,2,0,0,certified_reset,0,1,0.09201225096322693,0.0880183764448404,0.003993874518386541,0.07588361584934428,0.0,0.0,0,0,-0.03799711289813052,0.15259665210605183,0.030062251698072966,-0.03827299344218961,-0.03799711289813052,0.15259665210605183,-0.18695248886351756,0.006508994298015443,0.09247055884616479,0.4692718888022016
calibrate_then_close,27,3,0,0,certified_reset,0,1,0.0880183764448404,0.08402450192645386,0.003993874518386541,0.07188974133095774,0.0,0.0,0,0,0.030062251698072966,-0.03827299344218961,0.007419202699491048,-0.012169214232190754,0.030062251698072966,-0.03827299344218961,0.026445561655288812,0.001184891135304543,0.09247055884616479,0.4692718888022016
calibrate_then_close,27,4,0,0,certified_reset,0,1,0.08402450192645386,0.08003062740806732,0.003993874518386541,0.0678958668125712,0.0,0.0,0,0,0.007419202699491048,-0.012169214232190754,0.0035472717939805396,-0.00046494110514753214,0.007419202699491048,-0.012169214232190754,0.010539951531261155,8.447799265838034e-05,0.09247055884616479,0.4692718888022016
calibrate_then_close,27,5,0,0,certified_reset,0,1,0.08003062740806732,0.07603675288968079,0.003993874518386541,0.06390199229418467,0.0,0.0,0,0,0.0035472717939805396,-0.00046494110514753214,0.003474258710019798,0.003244974779429227,0.0035472717939805396,-0.00046494110514753214,-0.0028453019536047036,1.282444140217563e-05,0.09247055884616479,0.4692718888022016
calibrate_then_close,27,6,0,0,certified_reset,0,1,0.07603675288968079,0.07204287837129425,0.003993874518386541,0.05990811777579813,0.0,0.0,0,0,0.003474258710019798,0.003244974779429227,0.002184899606355597,-0.007957401019135044,0.003474258710019798,0.003244974779429227,-0.008237140208645554,1.5662110592014282e-05,0.09247055884616479,0.4692718888022016
calibrate_then_close,27,7,0,0,certified_reset,0,1,0.07204287837129425,0.06804900385290771,0.003993874518386541,0.05591424325741159,0.0,0.0,0,0,0.002184899606355597,-0.007957401019135044,-0.007540232024108622,0.003291668386537746,0.002184899606355597,-0.007957401019135044,0.009541692069715859,1.8447525054964463e-05,0.09247055884616479,0.4692718888022016
calibrate_then_close,27,8,0,0,certified_reset,0,1,0.06804900385290771,0.06405512933452118,0.003993874518386541,0.051920368739025044,0.0,0.0,0,0,-0.007540232024108622,0.003291668386537746,-0.0027355618609466357,0.011518641344518885,-0.007540232024108622,0.003291668386537746,0.002660047449469618,5.898230982627672e-05,0.09247055884616479,0.4692718888022016
calibrate_then_close,27,9,0,0,certified_reset,0,1,0.06405512933452118,0.060061254816134634,0.003993874518386541,0.0479264942206385,0.0,0.0,0,0,-0.0027355618609466357,0.011518641344518885,0.0057083563158277,0.0012996763078414447,-0.0027355618609466357,0.011518641344518885,-0.014243062010547682,3.643715679723225e-05,0.09247055884616479,0.4692718888022016
calibrate_then_close,27,10,0,0,certified_reset,0,1,0.060061254816134634,0.05606738029774809,0.003993874518386541,0.04393261970225196,0.0,0.0,0,0,0.0057083563158277,0.0012996763078414447,-0.0015345396993385317,-0.010394596870719554,0.0057083563158277,0.0012996763078414447,-0.007599731622078886,3.433327837757023e-05,0.09247055884616479,0.4692718888022016
calibrate_then_close,27,11,0,0,certified_reset,0,1,0.05606738029774809,0.05207350577936155,0.003993874518386541,0.039938745183865414,0.0,0.0,0,0,-0.0015345396993385317,-0.010394596870719554,-0.010119360429886603,0.0011210525884305126,-0.0015345396993385317,-0.010394596870719554,0.016841859288858712,2.8894593635347996e-05,0.09247055884616479,0.4692718888022016
calibrate_then_close,27,12,0,0,certified_reset,0,1,0.05207350577936155,0.048079631260975,0.003993874518386541,0.03594487066547887,0.0,0.0,0,0,-0.010119360429886603,0.0011210525884305126,-0.013736155788849524,0.011579824668997103,-0.010119360429886603,0.0011210525884305126,0.008421586040885698,0.0001044007498991406,0.09247055884616479,0.4692718888022016
calibrate_then_close,27,13,0,0,certified_reset,0,1,0.048079631260975,0.04408575674258846,0.003993874518386541,0.03195099614709233,0.0,0.0,0,0,-0.013736155788849524,0.011579824668997103,-0.0017353224510862986,0.009741637304048605,-0.013736155788849524,0.011579824668997103,-0.0033776158999550628,0.0002131038041703835,0.09247055884616479,0.4692718888022016
calibrate_then_close,27,14,0,0,certified_reset,0,1,0.04408575674258846,0.040091882224201916,0.003993874518386541,0.027957121628705783,0.0,0.0,0,0,-0.0017353224510862986,0.009741637304048605,0.008641300292612331,0.005131253618265632,-0.0017353224510862986,0.009741637304048605,-0.012620708527054634,2.4075310627819544e-05,0.09247055884616479,0.4692718888022016
calibrate_then_close,27,15,0,0,certified_reset,0,1,0.040091882224201916,0.03609800770581537,0.003993874518386541,0.023963247110319243,0.0,0.0,0,0,0.008641300292612331,0.005131253618265632,0.00016867720779751866,-0.007451159426358416,0.008641300292612331,0.005131253618265632,-0.016162449819235564,8.594204781617821e-05,0.09247055884616479,0.4692718888022016
calibrate_then_close,27,16,0,0,certified_reset,0,1,0.03609800770581537,0.03210413318742883,0.003993874518386541,0.019969372591932703,0.0,0.0,0,0,0.00016867720779751866,-0.007451159426358416,-0.014823911818044665,0.006930718186004116,0.00016867720779751866,-0.007451159426358416,0.010810764560339876,1.2943827583369662e-05,0.09247055884616479,0.4692718888022016
calibrate_then_close,27,17,0,0,certified_reset,0,1,0.03210413318742883,0.02811025866904229,0.003993874518386541,0.015975498073546163,0.0,0.0,0,0,-0.014823911818044665,0.006930718186004116,-0.00589906741662816,0.0031840022962303545,-0.014823911818044665,0.006930718186004116,0.004551499653908944,0.0002289125391399381,0.09247055884616479,0.4692718888022016
calibrate_then_close,27,18,0,0,certified_reset,0,1,0.02811025866904229,0.02411638415065575,0.003993874518386541,0.011981623555159623,0.0,0.0,0,0,-0.00589906741662816,0.0031840022962303545,-0.0012538339870142492,-0.00550293541006704,-0.00589906741662816,0.0031840022962303545,0.001184652257030469,3.665889812220825e-05,0.09247055884616479,0.4692718888022016
calibrate_then_close,27,19,0,0,certified_reset,0,1,0.02411638415065575,0.02012250963226921,0.003993874518386541,0.007987749036773082,0.0,0.0,0,0,-0.0012538339870142492,-0.00550293541006704,-0.005719337851150934,0.011414041968691285,-0.0012538339870142492,-0.00550293541006704,0.009351950861786189,9.20938795295018e-06,0.09247055884616479,0.4692718888022016
calibrate_then_close,27,20,0,0,certified_reset,0,1,0.02012250963226921,0.01612863511388267,0.003993874518386541,0.003993874518386541,0.0,0.0,0,0,-0.005719337851150934,0.011414041968691285,-0.002918422837395294,-0.0010670059668086201,-0.005719337851150934,0.011414041968691285,-0.011115851866429417,5.925034325486613e-05,0.09247055884616479,0.4692718888022016
calibrate_then_close,27,21,0,0,certified_reset,0,1,0.01612863511388267,0.01213476059549613,0.003993874518386541,0.0,0.0,0.0,0,0,-0.002918422837395294,-0.0010670059668086201,0.0015823854377189535,-8.38290433324688e-05,-0.002918422837395294,-0.0010670059668086201,0.004475700060518693,9.222919445600511e-06,0.09247055884616479,0.4692718888022016
calibrate_then_close,28,0,0,0,certified_reset,0,1,0.1,0.09600612548161347,0.003993874518386541,0.08387136488611735,0.0,0.0,0,0,-4.9572092077441905,0.18938232523830878,-3.993827617827142,1.7285393628290031,-4.9572092077441905,0.18938232523830878,1.549999999997521,24.640441449063875,0.09247055884616479,0.4692718888022016
calibrate_then_close,28,1,0,0,certified_reset,0,1,0.09600612548161347,0.09201225096322693,0.003993874518386541,0.07987749036773081,0.0,0.0,0,0,-3.993827617827142,1.7285393628290031,-1.9213818111789625,2.4179431967423537,-3.993827617827142,1.7285393628290031,0.6739630855560801,16.499827396129007,0.09247055884616479,0.4692718888022016
calibrate_then_close,28,2,0,0,certified_reset,0,1,0.09201225096322693,0.0880183764448404,0.003993874518386541,0.07588361584934428,0.0,0.0,0,0,-1.9213818111789625,2.4179431967423537,-0.2784209178704715,0.8661348688890652,-1.9213818111789625,2.4179431967423537,-1.55,4.8041314388104235,0.09247055884616479,0.4692718888022016
calibrate_then_close,28,3,0,0,certified_reset,0,1,0.0880183764448404,0.08402450192645386,0.003993874518386541,0.07188974133095774,0.0,0.0,0,0,-0.2784209178704715,0.8661348688890652,0.08406514883778024,-0.13402584701097045,-0.2784209178704715,0.8661348688890652,-0.9986557852044982,0.23748517193988225,0.09247055884616479,0.4692718888022016
calibrate_then_close,28,4,0,0,certified_reset,0,1,0.08402450192645386,0.08003062740806732,0.003993874518386541,0.0678958668125712,0.0,0.0,0,0,0.08406514883778024,-0.13402584701097045,0.001803090529958691,-0.024725874984228263,0.08406514883778024,-0.13402584701097045,0.11372923182700913,0.010623634683478635,0.09247055884616479,0.4692718888022016
calibrate_then_close,28,5,0,0,certified_reset,0,1,0.08003062740806732,0.07603675288968079,0.003993874518386541,0.06390199229418467,0.0,0.0,0,0,0.001803090529958691,-0.024725874984228263,-0.006929495305364339,0.012725142189650561,0.001803090529958691,-0.024725874984228263,0.03462820539430982,0.0001432753515524127,0.09247055884616479,0.4692718888022016
calibrate_then_close,28,6,0,0,certified_reset,0,1,0.07603675288968079,0.07204287837129425,0.003993874518386541,0.05990811777579813,0.0,0.0,0,0,-0.006929495305364339,0.012725142189650561,-0.004618584654451555,0.0012561815055702956,-0.006929495305364339,0.012725142189650561,-0.011846462896179652,8.067363614025888e-05,0.09247055884616479,0.4692718888022016
calibrate_then_close,28,7,0,0,certified_reset,0,1,0.07204287837129425,0.06804900385290771,0.003993874518386541,0.05591424325741159,0.0,0.0,0,0,-0.004618584654451555,0.0012561815055702956,-0.002052344170299485,-0.0025921413579871027,-0.004618584654451555,0.0012561815055702956,0.0027454978335233206,2.180380672467105e-05,0.09247055884616479,0.4692718888022016
calibrate_then_close,28,8,0,0,certified_reset,0,1,0.06804900385290771,0.06405512933452118,0.003993874518386541,0.051920368739025044,0.0,0.0,0,0,-0.002052344170299485,-0.0025921413579871027,-0.003150423337875373,0.008166050434324279,-0.002052344170299485,-0.0025921413579871027,0.005863584153388772,6.281112499020778e-06,0.09247055884616479,0.4692718888022016
calibrate_then_close,28,9,0,0,certified_reset,0,1,0.06405512933452118,0.060061254816134634,0.003993874518386541,0.0479264942206385,0.0,0.0,0,0,-0.003150423337875373,0.008166050434324279,-0.009132712401339246,0.012061492039560268,-0.003150423337875373,0.008166050434324279,-0.00889216847754205,2.390512205892161e-05,0.09247055884616479,0.4692718888022016
calibrate_then_close,28,10,0,0,certified_reset,0,1,0.060061254816134634,0.05606738029774809,0.003993874518386541,0.04393261970225196,0.0,0.0,0,0,-0.009132712401339246,0.012061492039560268,-0.0008125354681132709,0.0035865916133544836,-0.009132712401339246,0.012061492039560268,-0.008674351849812034,0.00011147387154560173,0.09247055884616479,0.4692718888022016
calibrate_then_close,28,11,0,0,certified_reset,0,1,0.05606738029774809,0.05207350577936155,0.003993874518386541,0.039938745183865414,0.0,0.0,0,0,-0.0008125354681132709,0.0035865916133544836,0.0012514118529178692,-0.004757732338907908,-0.0008125354681132709,0.0035865916133544836,-0.004471135408458291,3.475445275138539e-06,0.09247055884616479,0.4692718888022016
calibrate_then_close,28,12,0,0,certified_reset,0,1,0.05207350577936155,0.048079631260975,0.003993874518386541,0.03594487066547887,0.0,0.0,0,0,0.0012514118529178692,-0.004757732338907908,-0.00446361103627939,-0.014861888174324295,0.0012514118529178692,-0.004757732338907908,0.0057614455748906295,6.470371064998225e-06,0.09247055884616479,0.4692718888022016
calibrate_then_close,28,13,0,0,certified_reset,0,1,0.048079631260975,0.04408575674258846,0.003993874518386541,0.03195099614709233,0.0,0.0,0,0,-0.00446361103627939,-0.014861888174324295,0.000627882724063669,0.012148160335467499,-0.00446361103627939,-0.014861888174324295,0.02633891873326242,7.702491910323189e-05,0.09247055884616479,0.4692718888022016
calibrate_then_close,28,14,0,0,certified_reset,0,1,0.04408575674258846,0.040091882224201916,0.003993874518386541,0.027957121628705783,0.0,0.0,0,0,0.000627882724063669,0.012148160335467499,-0.002772531169181347,-0.009153161450585198,0.000627882724063669,0.012148160335467499,-0.018522384375273617,3.5535208705332765e-05,0.09247055884616479,0.4692718888022016
calibrate_then_close,28,15,0,0,certified_reset,0,1,0.040091882224201916,0.03609800770581537,0.003993874518386541,0.023963247110319243,0.0,0.0,0,0,-0.002772531169181347,-0.009153161450585198,-0.00828594630517895,0.012887470592746218,-0.002772531169181347,-0.009153161450585198,0.016243792886727917,2.93639148850411e-05,0.09247055884616479,0.4692718888022016
calibrate_then_close,28,16,0,0,certified_reset,0,1,0.03609800770581537,0.03210413318742883,0.003993874518386541,0.019969372591932703,0.0,0.0,0,0,-0.00828594630517895,0.012887470592746218,-0.006489644271851359,0.016024026760939062,-0.00828594630517895,0.012887470592746218,-0.010733009283575288,0.00010143248506954328,0.09247055884616479,0.4692718888022016
calibrate_then_close,28,17,0,0,certified_reset,0,1,0.03210413318742883,0.02811025866904229,0.003993874518386541,0.015975498073546163,0.0,0.0,0,0,-0.006489644271851359,0.016024026760939062,0.009989666198850033,0.018061307251353614,-0.006489644271851359,0.016024026760939062,-0.01713874788984297,9.567739781031549e-05,0.09247055884616479,0.4692718888022016
calibrate_then_close,28,18,0,0,certified_reset,0,1,0.02811025866904229,0.02411638415065575,0.003993874518386541,0.011981623555159623,0.0,0.0,0,0,0.009989666198850033,0.018061307251353614,0.013037238996438244,-0.027253669566038904,0.009989666198850033,0.018061307251353614,-0.03655517413488416,0.00019191839719824322,0.09247055884616479,0.4692718888022016
calibrate_then_close,28,19,0,0,certified_reset,0,1,0.02411638415065575,0.02012250963226921,0.003993874518386541,0.007987749036773082,0.0,0.0,0,0,0.013037238996438244,-0.027253669566038904,0.004920635604149581,0.0026680472227099974,0.013037238996438244,-0.027253669566038904,0.02716470596557724,0.0003221148827718271,0.09247055884616479,0.4692718888022016
calibrate_then_close,28,20,0,0,certified_reset,0,1,0.02012250963226921,0.01612863511388267,0.003993874518386541,0.003993874518386541,0.0,0.0,0,0,0.004920635604149581,0.0026680472227099974,0.006519522442861092,-0.0174168216686229,0.004920635604149581,0.0026680472227099974,-0.008833029160423788,2.744454052941683e-05,0.09247055884616479,0.4692718888022016
calibrate_then_close,28,21,0,0,certified_reset,0,1,0.01612863511388267,0.01213476059549613,0.003993874518386541,0.0,0.0,0.0,0,0,0.006519522442861092,-0.0174168216686229,0.00029095913966743943,0.011531532075666543,0.006519522442861092,-0.0174168216686229,0.019164384974434165,0.0001062882360357676,0.09247055884616479,0.4692718888022016
calibrate_then_close,29,0,0,0,certified_reset,0,1,0.1,0.09600612548161347,0.003993874518386541,0.08387136488611735,0.0,0.0,0,0,5.768102933079863,0.34908552221597444,5.342770702226602,-1.1933342249404966,5.768102933079863,0.34908552221597444,-1.5499999999979392,33.3530088729321,0.09247055884616479,0.4692718888022016
calibrate_then_close,29,1,0,0,certified_reset,0,1,0.09600612548161347,0.09201225096322693,0.003993874518386541,0.07987749036773081,0.0,0.0,0,0,5.342770702226602,-1.1933342249404966,3.383766346287936,-2.7372779049819127,5.342770702226602,-1.1933342249404966,-1.5499999999999967,28.86158965960552,0.09247055884616479,0.4692718888022016
calibrate_then_close,29,2,0,0,certified_reset,0,1,0.09201225096322693,0.0880183764448404,0.003993874518386541,0.07588361584934428,0.0,0.0,0,0,3.383766346287936,-2.7372779049819127,1.1104160690378435,-1.8232069215338735,3.383766346287936,-2.7372779049819127,0.9247495232189128,12.81993798752654,0.09247055884616479,0.4692718888022016
calibrate_then_close,29,3,0,0,certified_reset,0,1,0.0880183764448404,0.08402450192645386,0.003993874518386541,0.07188974133095774,0.0,0.0,0,0,1.1104160690378435,-1.8232069215338735,0.060764711998276204,-0.27791614402126624,1.1104160690378435,-1.8232069215338735,1.55,1.891421372548681,0.09247055884616479,0.4692718888022016
calibrate_then_close,29,4,0,0,certified_reset,0,1,0.08402450192645386,0.08003062740806732,0.003993874518386541,0.0678958668125712,0.0,0.0,0,0,0.060764711998276204,-0.27791614402126624,-0.046373466003456175,0.07246441921219203,0.060764711998276204,-0.27791614402126624,0.348889952466169,0.02063818415690645,0.09247055884616479,0.4692718888022016
calibrate_then_close,29,5,0,0,certified_reset,0,1,0.08003062740806732,0.07603675288968079,0.003993874518386541,0.06390199229418467,0.0,0.0,0,0,-0.046373466003456175,0.07246441921219203,0.0026731280682976005,0.02002280707510195,-0.046373466003456175,0.07246441921219203,-0.06057446863751703,0.003187426574758499,0.09247055884616479,0.4692718888022016
calibrate_then_close,29,6,0,0,certified_reset,0,1,0.07603675288968079,0.07204287837129425,0.003993874518386541,0.05990811777579813,0.0,0.0,0,0,0.0026731280682976005,0.02002280707510195,0.010969667077230075,-0.004243393518696029,0.0026731280682976005,0.02002280707510195,-0.03215971455824444,0.00010516609925122992,0.09247055884616479,0.4692718888022016
calibrate_then_close,29,7,0,0,certified_reset,0,1,0.07204287837129425,0.06804900385290771,0.003993874518386541,0.05591424325741159,0.0,0.0,0,0,0.010969667077230075,-0.004243393518696029,-0.003316822287677712,-0.011532320175202854,0.010969667077230075,-0.004243393518696029,-0.00467444067561663,0.00012412100561582398,0.09247055884616479,0.4692718888022016
calibrate_then_close,29,8,0,0,certified_reset,0,1,0.06804900385290771,0.06405512933452118,0.003993874518386541,0.051920368739025044,0.0,0.0,0,0,-0.003316822287677712,-0.011532320175202854,-0.010079606054548506,0.006345092097552332,-0.003316822287677712,-0.011532320175202854,0.020292874329908995,4.523532235448295e-05,0.09247055884616479,0.4692718888022016
calibrate_then_close,29,9,0,0,certified_reset,0,1,0.06405512933452118,0.060061254816134634,0.003993874518386541,0.0479264942206385,0.0,0.0,0,0,-0.010079606054548506,0.006345092097552332,0.005185296695000466,0.005598317929230154,-0.010079606054548506,0.006345092097552332,0.0006927775459337837,0.00010885729160385043,0.09247055884616479,0.4692718888022016
calibrate_then_close,29,10,0,0,certified_reset,0,1,0.060061254816134634,0.05606738029774809,0.003993874518386541,0.04393261970225196,0.0,0.0,0,0,0.005185296695000466,0.005598317929230154,-0.006241418945609374,-0.005384051676373246,0.005185296695000466,0.005598317929230154,-0.013411366591654164,3.7025330116189354e-05,0.09247055884616479,0.4692718888022016
calibrate_then_close,29,11,1,1,certified_reset,0,1,0.05606738029774809,0.05207350577936155,0.003993874518386541,0.039938745183865414,0.0,0.0,0,0,-0.006241418945609374,-0.005384051676373246,-0.020287749504459555,0.04681321118816646,-0.006241418945609374,-0.005384051676373246,0.014145587672708059,4.917559396146275e-05,0.09744082949644373,0.49914169846942547
calibrate_then_close,29,12,1,1,certified_reset,0,1,0.05207350577936155,0.048079631260975,0.003993874518386541,0.03594487066547887,0.0,0.0,0,0,-0.020287749504459555,0.04681321118816646,0.015191603983735246,-0.004671124527255247,-0.020287749504459555,0.04681321118816646,-0.048752446822853186,0.0008654786202506943,0.09744082949644373,0.49914169846942547
calibrate_then_close,29,13,1,1,certified_reset,0,1,0.048079631260975,0.04408575674258846,0.003993874518386541,0.03195099614709233,0.0,0.0,0,0,0.015191603983735246,-0.004671124527255247,-0.000947254695397786,0.03386393189071607,0.015191603983735246,-0.004671124527255247,-0.008249639173186621,0.00023641373804367757,0.09744082949644373,0.49914169846942547
calibrate_then_close,29,14,1,1,certified_reset,0,1,0.04408575674258846,0.040091882224201916,0.003993874518386541,0.027957121628705783,0.0,0.0,0,0,-0.000947254695397786,0.03386393189071607,0.010914156447144652,-0.036397323397616435,-0.000947254695397786,0.03386393189071607,-0.04894129831458793,0.0002671964174337206,0.09744082949644373,0.49914169846942547
calibrate_then_close,29,15,1,1,certified_reset,0,1,0.040091882224201916,0.03609800770581537,0.003993874518386541,0.023963247110319243,0.0,0.0,0,0,0.010914156447144652,-0.036397323397616435,-0.015794507939556765,-0.00281978200055656,0.010914156447144652,-0.036397323397616435,0.04275141371575305,0.00040326862241205796,0.09744082949644373,0.49914169846942547
calibrate_then_close,29,16,1,1,certified_reset,0,1,0.03609800770581537,0.03210413318742883,0.003993874518386541,0.019969372591932703,0.0,0.0,0,0,-0.015794507939556765,-0.00281978200055656,0.019105910052140483,0.071527032187745,-0.015794507939556765,-0.00281978200055656,0.019882808934377376,0.0002607808440262649,0.09744082949644373,0.49914169846942547
calibrate_then_close,29,17,1,1,certified_reset,0,1,0.03210413318742883,0.02811025866904229,0.003993874518386541,0.015975498073546163,0.0,0.0,0,0,0.019105910052140483,0.071527032187745,0.03850188782621336,-0.07373092828311663,0.019105910052140483,0.071527032187745,-0.1243913745749384,0.0016727670906821564,0.09744082949644373,0.49914169846942547
calibrate_then_close,29,18,1,1,certified_reset,0,1,0.02811025866904229,0.02411638415065575,0.003993874518386541,0.011981623555159623,0.0,0.0,0,0,0.03850188782621336,-0.07373092828311663,-0.01852368449483618,0.014855690980399083,0.03850188782621336,-0.07373092828311663,0.07027713708796368,0.002584392227502543,0.09744082949644373,0.49914169846942547
calibrate_then_close,29,19,1,1,certified_reset,0,1,0.02411638415065575,0.02012250963226921,0.003993874518386541,0.007987749036773082,0.0,0.0,0,0,-0.01852368449483618,0.014855690980399083,0.004031109293234209,0.05053548784630991,-0.01852368449483618,0.014855690980399083,-0.0034353460883514877,0.00038314640714382306,0.09744082949644373,0.49914169846942547
calibrate_then_close,29,20,1,1,certified_reset,0,1,0.02012250963226921,0.01612863511388267,0.003993874518386541,0.003993874518386541,0.0,0.0,0,0,0.004031109293234209,0.05053548784630991,-0.007237339360787649,-0.057370795319706056,0.004031109293234209,0.05053548784630991,-0.07845949025553936,0.0006298375281485926,0.09744082949644373,0.49914169846942547
calibrate_then_close,29,21,1,1,certified_reset,0,1,0.01612863511388267,0.01213476059549613,0.003993874518386541,0.0,0.0,0.0,0,0,-0.007237339360787649,-0.057370795319706056,-0.0046002790577387345,0.029072196701619615,-0.007237339360787649,-0.057370795319706056,0.09171996674851418,0.0008551463565427289,0.09744082949644373,0.49914169846942547
calibrate_then_close,30,0,0,0,certified_reset,0,1,0.1,0.09600612548161347,0.003993874518386541,0.08387136488611735,0.0,0.0,0,0,-2.442372063369161,0.5267494774480533,-1.2292448513936347,1.8943223550534867,-2.442372063369161,0.5267494774480533,1.3738075347251972,6.0623086766463485,0.09247055884616479,0.4692718888022016
calibrate_then_close,30,1,0,0,certified_reset,0,1,0.09600612548161347,0.09201225096322693,0.003993874518386541,0.07987749036773081,0.0,0.0,0,0,-1.2292448513936347,1.8943223550534867,-0.10793197237078583,0.3424338422083344,-1.2292448513936347,1.8943223550534867,-1.55,2.2170276979517287,0.09247055884616479,0.4692718888022016
calibrate_then_close,30,2,0,0,certified_reset,0,1,0.09201225096322693,0.0880183764448404,0.003993874518386541,0.07588361584934428,0.0,0.0,0,0,-0.10793197237078583,0.3424338422083344,0.03665066171906068,-0.04908816017357775,-0.10793197237078583,0.3424338422083344,-0.3969628937937645,0.03669576766819731,0.09247055884616479,0.4692718888022016
calibrate_then_close,30,3,0,0,certified_reset,0,1,0.0880183764448404,0.08402450192645386,0.003993874518386541,0.07188974133095774,0.0,0.0,0,0,0.03665066171906068,-0.04908816017357775,0.0021099240168131438,0.002900522472344246,0.03665066171906068,-0.04908816017357775,0.03582042719484584,0.0018090851240163796,0.09247055884616479,0.4692718888022016
calibrate_then_close,30,4,0,0,certified_reset,0,1,0.08402450192645386,0.08003062740806732,0.003993874518386541,0.0678958668125712,0.0,0.0,0,0,0.0021099240168131438,0.002900522472344246,0.004395670933699532,-0.003089110362431722,0.0021099240168131438,0.002900522472344246,-0.006373111449840892,6.981538605790555e-06,0.09247055884616479,0.4692718888022016
calibrate_then_close,30,5,0,0,certified_reset,0,1,0.08003062740806732,0.07603675288968079,0.003993874518386541,0.06390199229418467,0.0,0.0,0,0,0.004395670933699532,-0.003089110362431722,0.006533034300591783,-0.0034197882048046307,0.004395670933699532,-0.003089110362431722,0.00017254642679001602,2.104033577373681e-05,0.09247055884616479,0.4692718888022016
calibrate_then_close,30,6,0,0,certified_reset,0,1,0.07603675288968079,0.07204287837129425,0.003993874518386541,0.05990811777579813,0.0,0.0,0,0,0.006533034300591783,-0.0034197882048046307,-0.0023242738884340897,-0.0047540232870437685,0.006533034300591783,-0.0034197882048046307,-0.0014657977763576316,4.4839342496567906e-05,0.09247055884616479,0.4692718888022016
calibrate_then_close,30,7,0,0,certified_reset,0,1,0.07204287837129425,0.06804900385290771,0.003993874518386541,0.05591424325741159,0.0,0.0,0,0,-0.0023242738884340897,-0.0047540232870437685,-0.0003783543842975695,0.0028743288037444137,-0.0023242738884340897,-0.0047540232870437685,0.00931729023900768,1.1640679277880017e-05,0.09247055884616479,0.4692718888022016
calibrate_then_close,30,8,0,0,certified_reset,0,1,0.06804900385290771,0.06405512933452118,0.003993874518386541,0.051920368739025044,0.0,0.0,0,0,-0.0003783543842975695,0.0028743288037444137,0.00947832742805194,0.005559936069386305,-0.0003783543842975695,0.0028743288037444137,-0.0038567863051807115,2.0021399481791927e-06,0.09247055884616479,0.4692718888022016
calibrate_then_close,30,9,0,0,certified_reset,0,1,0.06405512933452118,0.060061254816134634,0.003993874518386541,0.0479264942206385,0.0,0.0,0,0,0.00947832742805194,0.005559936069386305,0.0005376192342710293,-0.016123601214859697,0.00947832742805194,0.005559936069386305,-0.017627925941430665,0.00010317160519549512,0.09247055884616479,0.4692718888022016
calibrate_then_close,30,10,0,0,certified_reset,0,1,0.060061254816134634,0.05606738029774809,0.003993874518386541,0.04393261970225196,0.0,0.0,0,0,0.0005376192342710293,-0.016123601214859697,-0.002510356396782128,0.0034463142761683397,0.0005376192342710293,-0.016123601214859697,0.023218312517791915,6.0560978249853006e-05,0.09247055884616479,0.4692718888022016
calibrate_then_close,30,11,0,0,certified_reset,0,1,0.05606738029774809,0.05207350577936155,0.003993874518386541,0.039938745183865414,0.0,0.0,0,0,-0.002510356396782128,0.0034463142761683397,-0.004605321929153472,-0.000558995751619575,-0.002510356396782128,0.0034463142761683397,-0.0025763333120377074,8.605701348454735e-06,0.09247055884616479,0.4692718888022016
calibrate_then_close,30,12,0,0,certified_reset,0,1,0.05207350577936155,0.048079631260975,0.003993874518386541,0.03594487066547887,0.0,0.0,0,0,-0.004605321929153472,-0.000558995751619575,-0.0019054710611986453,0.01044765588197671,-0.004605321929153472,-0.000558995751619575,0.00540791120069123,2.199637338506507e-05,0.09247055884616479,0.4692718888022016
calibrate_then_close,30,13,0,0,certified_reset,0,1,0.048079631260975,0.04408575674258846,0.003993874518386541,0.03195099614709233,0.0,0.0,0,0,-0.0019054710611986453,0.01044765588197671,-0.006345143283597184,-0.008613248823277034,-0.0019054710611986453,0.01044765588197671,-0.013487863925036965,2.782651421364979e-05,0.09247055884616479,0.4692718888022016
calibrate_then_close,30,14,0,0,certified_reset,0,1,0.04408575674258846,0.040091882224201916,0.003993874518386541,0.027957121628705783,0.0,0.0,0,0,-0.006345143283597184,-0.008613248823277034,-0.008688845223397555,0.018319189000229,-0.006345143283597184,-0.008613248823277034,0.01900540195306797,6.264482582682343e-05,0.09247055884616479,0.4692718888022016
calibrate_then_close,30,15,0,0,certified_reset,0,1,0.040091882224201916,0.03609800770581537,0.003993874518386541,0.023963247110319243,0.0,0.0,0,0,-0.008688845223397555,0.018319189000229,0.0034822381226828716,-9.529341389435825e-05,-0.008688845223397555,0.018319189000229,-0.018335820187395768,0.00014430777227747126,0.09247055884616479,0.4692718888022016
calibrate_then_close,30,16,0,0,certified_reset,0,1,0.03609800770581537,0.03210413318742883,0.003993874518386541,0.019969372591932703,0.0,0.0,0,0,0.0034822381226828716,-9.529341389435825e-05,-0.0015363356619600506,0.0006201926088574431,0.0034822381226828716,-9.529341389435825e-05,-0.003330818825744848,1.2404975744566032e-05,0.09247055884616479,0.4692718888022016
calibrate_then_close,30,17,0,0,certified_reset,0,1,0.03210413318742883,0.02811025866904229,0.003993874518386541,0.015975498073546163,0.0,0.0,0,0,-0.0015363356619600506,0.0006201926088574431,-0.000201507159826499,-0.007398282917024259,-0.0015363356619600506,0.0006201926088574431,0.0006155572601819521,2.439035031698947e-06,0.09247055884616479,0.4692718888022016
calibrate_then_close,30,18,0,0,certified_reset,0,1,0.02811025866904229,0.02411638415065575,0.003993874518386541,0.011981623555159623,0.0,0.0,0,0,-0.000201507159826499,-0.007398282917024259,-0.0023612272268723747,-0.00586526978036225,-0.000201507159826499,-0.007398282917024259,0.011099108552074398,1.2972586623389554e-05,0.09247055884616479,0.4692718888022016
calibrate_then_close,30,19,0,0,certified_reset,0,1,0.02411638415065575,0.02012250963226921,0.003993874518386541,0.007987749036773082,0.0,0.0,0,0,-0.0023612272268723747,-0.00586526978036225,-0.003750339072222636,-0.01729237476017619,-0.0023612272268723747,-0.00586526978036225,0.010989564507583385,1.478690734593933e-05,0.09247055884616479,0.4692718888022016
calibrate_then_close,30,20,0,0,certified_reset,0,1,0.02012250963226921,0.01612863511388267,0.003993874518386541,0.003993874518386541,0.0,0.0,0,0,-0.003750339072222636,-0.01729237476017619,-0.004183678631715411,0.013494331000093203,-0.003750339072222636,-0.01729237476017619,0.02920341836069108,8.92107547277266e-05,0.09247055884616479,0.4692718888022016
calibrate_then_close,30,21,0,0,certified_reset,0,1,0.01612863511388267,0.01213476059549613,0.003993874518386541,0.0,0.0,0.0,0,0,-0.004183678631715411,0.013494331000093203,0.00739373606401817,-0.005095041014880606,-0.004183678631715411,0.013494331000093203,-0.0157151879932819,5.6454799680290674e-05,0.09247055884616479,0.4692718888022016
calibrate_then_close,31,0,0,0,certified_reset,0,1,0.1,0.09600612548161347,0.003993874518386541,0.08387136488611735,0.0,0.0,0,0,2.4405563412912326,-0.5693700508538949,1.2151082918222387,-1.8960597456586608,2.4405563412912326,-0.5693700508538949,-1.317396964171979,6.058056429912772,0.09247055884616479,0.4692718888022016
calibrate_then_close,31,1,0,0,certified_reset,0,1,0.09600612548161347,0.09201225096322693,0.003993874518386541,0.07987749036773081,0.0,0.0,0,0,1.2151082918222387,-1.8960597456586608,0.08918265578394682,-0.35629774806502185,1.2151082918222387,-1.8960597456586608,1.55,2.183658321494452,0.09247055884616479,0.4692718888022016
calibrate_then_close,31,2,0,0,certified_reset,0,1,0.09201225096322693,0.0880183764448404,0.003993874518386541,0.07588361584934428,0.0,0.0,0,0,0.08918265578394682,-0.35629774806502185,-0.04578584942459879,0.08289226890664751,0.08918265578394682,-0.35629774806502185,0.4360552654941817,0.03555780630652501,0.09247055884616479,0.4692718888022016
calibrate_then_close,31,3,0,0,certified_reset,0,1,0.0880183764448404,0.08402450192645386,0.003993874518386541,0.07188974133095774,0.0,0.0,0,0,-0.04578584942459879,0.08289226890664751,0.00689588023542536,0.000628753751453031,-0.04578584942459879,0.08289226890664751,-0.0765168175970184,0.003479517675919971,0.09247055884616479,0.4692718888022016
calibrate_then_close,31,4,0,0,certified_reset,0,1,0.08402450192645386,0.08003062740806732,0.003993874518386541,0.0678958668125712,0.0,0.0,0,0,0.00689588023542536,0.000628753751453031,0.001969996606903998,-0.018199571881801376,0.00689588023542536,0.000628753751453031,-0.0077918233157916955,4.9142136616336914e-05,0.09247055884616479,0.4692718888022016
calibrate_then_close,31,5,0,0,certified_reset,0,1,0.08003062740806732,0.07603675288968079,0.003993874518386541,0.06390199229418467,0.0,0.0,0,0,0.001969996606903998,-0.018199571881801376,-0.0016359198054192036,0.008146267280883357,0.001969996606903998,-0.018199571881801376,0.0248469039683228,7.89354975540436e-05,0.09247055884616479,0.4692718888022016
calibrate_then_close,31,6,0,0,certified_reset,0,1,0.07603675288968079,0.07204287837129425,0.003993874518386541,0.05990811777579813,0.0,0.0,0,0,-0.0016359198054192036,0.008146267280883357,0.007598162697793322,-0.0007302456787183758,-0.0016359198054192036,0.008146267280883357,-0.010374683235179386,1.731218562560694e-05,0.09247055884616479,0.4692718888022016
calibrate_then_close,31,7,0,0,certified_reset,0,1,0.07204287837129425,0.06804900385290771,0.003993874518386541,0.05591424325741159,0.0,0.0,0,0,0.007598162697793322,-0.0007302456787183758,0.0045634014925780295,-0.012131507211054503,0.007598162697793322,-0.0007302456787183758,-0.0064876869540714385,5.8880315007720245e-05,0.09247055884616479,0.4692718888022016
calibrate_then_close,31,8,0,0,certified_reset,0,1,0.06804900385290771,0.06405512933452118,0.003993874518386541,0.051920368739025044,0.0,0.0,0,0,0.0045634014925780295,-0.012131507211054503,-0.0008556382903373216,0.004398922967729252,0.0045634014925780295,-0.012131507211054503,0.013322136591992535,5.175284036499218e-05,0.09247055884616479,0.4692718888022016
calibrate_then_close,31,9,0,0,certified_reset,0,1,0.06405512933452118,0.060061254816134634,0.003993874518386541,0.0479264942206385,0.0,0.0,0,0,-0.0008556382903373216,0.004398922967729252,0.00564469572661046,-0.007136723959750638,-0.0008556382903373216,0.004398922967729252,-0.005622800255688995,5.005608141458648e-06,0.09247055884616479,0.4692718888022016
calibrate_then_close,31,10,1,1,certified_reset,0,1,0.060061254816134634,0.05606738029774809,0.003993874518386541,0.04393261970225196,0.0,0.0,0,0,0.00564469572661046,-0.007136723959750638,0.0029626055925010618,0.03015611398888708,0.00564469572661046,-0.007136723959750638,0.004888632521801954,4.162796724232708e-05,0.09744082949644373,0.49914169846942547
calibrate_then_close,31,11,1,1,certified_reset,0,1,0.05606738029774809,0.05207350577936155,0.003993874518386541,0.039938745183865414,0.0,0.0,0,0,0.0029626055925010618,0.03015611398888708,-0.0041983611238503825,-0.018882149940617276,0.0029626055925010618,0.03015611398888708,-0.04737505605627348,0.00022857734826903011,0.09744082949644373,0.49914169846942547
calibrate_then_close,31,12,1,1,certified_reset,0,1,0.05207350577936155,0.048079631260975,0.003993874518386541,0.03594487066547887,0.0,0.0,0,0,-0.0041983611238503825,-0.018882149940617276,0.0031943750457057475,-0.003515056636958936,-0.0041983611238503825,-0.018882149940617276,0.031998856977687645,0.00010740081287161252,0.09744082949644373,0.49914169846942547
calibrate_then_close,31,13,0,0,certified_reset,0,1,0.048079631260975,0.04408575674258846,0.003993874518386541,0.03195099614709233,0.0,0.0,0,0,0.0031943750457057475,-0.003515056636958936,-0.006687333143907801,0.02233462215731602,0.0031943750457057475,-0.003515056636958936,0.0019945099915066157,1.2527495854268321e-05,0.09247055884616479,0.4692718888022016
calibrate_then_close,31,14,0,0,certified_reset,0,1,0.04408575674258846,0.040091882224201916,0.003993874518386541,0.027957121628705783,0.0,0.0,0,0,-0.006687333143907801,0.02233462215731602,0.00424854537318838,-0.0065893275457419,-0.006687333143907801,0.02233462215731602,-0.026237742651378817,0.00015172126550742026,0.09247055884616479,0.4692718888022016
calibrate_then_close,31,15,0,0,certified_reset,0,1,0.040091882224201916,0.03609800770581537,0.003993874518386541,0.023963247110319243,0.0,0.0,0,0,0.00424854537318838,-0.0065893275457419,0.0019440601164747644,-0.0017112871659591047,0.00424854537318838,-0.0065893275457419,0.005473813831907142,2.6614666485612972e-05,0.09247055884616479,0.4692718888022016
calibrate_then_close,31,16,0,0,certified_reset,0,1,0.03609800770581537,0.03210413318742883,0.003993874518386541,0.019969372591932703,0.0,0.0,0,0,0.0019440601164747644,-0.0017112871659591047,-0.006299360916752211,0.0012952446726705949,0.0019440601164747644,-0.0017112871659591047,0.0005879360250064839,4.315142133293127e-06,0.09247055884616479,0.4692718888022016
calibrate_then_close,31,17,0,0,certified_reset,0,1,0.03210413318742883,0.02811025866904229,0.003993874518386541,0.015975498073546163,0.0,0.0,0,0,-0.006299360916752211,0.0012952446726705949,-0.004888272222407192,0.007081478198538123,-0.006299360916752211,0.0012952446726705949,0.004361710742255764,4.0459539551657665e-05,0.09247055884616479,0.4692718888022016
calibrate_then_close,31,18,0,0,certified_reset,0,1,0.02811025866904229,0.02411638415065575,0.003993874518386541,0.011981623555159623,0.0,0.0,0,0,-0.004888272222407192,0.007081478198538123,0.0014933591087276732,0.0002345026655836489,-0.004888272222407192,0.007081478198538123,-0.005563120005811498,3.3695432951080994e-05,0.09247055884616479,0.4692718888022016
calibrate_then_close,31,19,0,0,certified_reset,0,1,0.02411638415065575,0.02012250963226921,0.003993874518386541,0.007987749036773082,0.0,0.0,0,0,0.0014933591087276732,0.0002345026655836489,0.0009955468647860348,0.002943484517015129,0.0014933591087276732,0.0002345026655836489,-0.0018339407944475325,2.324103368588232e-06,0.09247055884616479,0.4692718888022016
calibrate_then_close,31,20,0,0,certified_reset,0,1,0.02012250963226921,0.01612863511388267,0.003993874518386541,0.003993874518386541,0.0,0.0,0,0,0.0009955468647860348,0.002943484517015129,0.000728160290213797,0.003782888139256168,0.0009955468647860348,0.002943484517015129,-0.005324663953043346,3.259452913649685e-06,0.09247055884616479,0.4692718888022016
calibrate_then_close,31,21,0,0,certified_reset,0,1,0.01612863511388267,0.01213476059549613,0.003993874518386541,0.0,0.0,0.0,0,0,0.000728160290213797,0.003782888139256168,-0.002833131054003039,-0.0013400355489832378,0.000728160290213797,0.003782888139256168,-0.0062977201645986105,4.097593071376539e-06,0.09247055884616479,0.4692718888022016
calibrate_then_close,32,0,1,1,certified_reset,0,1,0.1,0.09600612548161347,0.003993874518386541,0.08387136488611735,0.0,0.0,0,0,0.7966004950619734,-0.5195632011304012,0.24785846983550605,-0.5858360842805768,0.7966004950619734,-0.5195632011304012,-0.02785893753014485,0.6831820173373853,0.09744082949644373,0.49914169846942547
calibrate_then_close,32,1,1,1,certified_reset,0,1,0.09600612548161347,0.09201225096322693,0.003993874518386541,0.07987749036773081,0.0,0.0,0,0,0.24785846983550605,-0.5858360842805768,-0.04361895951289539,0.03786344168792842,0.24785846983550605,-0.5858360842805768,0.6161830368858845,0.13270256461898208,0.09744082949644373,0.49914169846942547
calibrate_then_close,32,2,1,1,certified_reset,0,1,0.09201225096322693,0.0880183764448404,0.003993874518386541,0.07588361584934428,0.0,0.0,0,0,-0.04361895951289539,0.03786344168792842,-0.027032307485304337,0.015774603967661914,-0.04361895951289539,0.03786344168792842,-0.012341031210157841,0.0021644763942327877,0.09744082949644373,0.49914169846942547
calibrate_then_close,32,3,1,1,certified_reset,0,1,0.0880183764448404,0.08402450192645386,0.003993874518386541,0.07188974133095774,0.0,0.0,0,0,-0.027032307485304337,0.015774603967661914,-0.0004611227215861359,0.009904501117933808,-0.027032307485304337,0.015774603967661914,0.0036767880930632154,0.0007758744807076567,0.09744082949644373,0.49914169846942547
calibrate_then_close,32,4,1,1,certified_reset,0,1,0.08402450192645386,0.08003062740806732,0.003993874518386541,0.0678958668125712,0.0,0.0,0,0,-0.0004611227215861359,0.009904501117933808,-0.0015389175501208385,0.010418999106141169,-0.0004611227215861359,0.009904501117933808,-0.014132269144916304,2.286350557509921e-05,0.09744082949644373,0.49914169846942547
calibrate_then_close,32,5,1,1,certified_reset,0,1,0.08003062740806732,0.07603675288968079,0.003993874518386541,0.06390199229418467,0.0,0.0,0,0,-0.0015389175501208385,0.010418999106141169,0.0064936770207160285,0.0020543949898803576,-0.0015389175501208385,0.010418999106141169,-0.013815382952137596,2.667988500620396e-05,0.09744082949644373,0.49914169846942547
calibrate_then_close,32,6,0,0,certified_reset,0,1,0.07603675288968079,0.07204287837129425,0.003993874518386541,0.05990811777579813,0.0,0.0,0,0,0.0064936770207160285,0.0020543949898803576,0.00043340475003405795,-0.01024285026763108,0.0064936770207160285,0.0020543949898803576,-0.009491025669858915,4.5179527435423606e-05,0.09247055884616479,0.4692718888022016
calibrate_then_close,32,7,0,0,certified_reset,0,1,0.07204287837129425,0.06804900385290771,0.003993874518386541,0.05591424325741159,0.0,0.0,0,0,0.00043340475003405795,-0.01024285026763108,0.002210839672108074,0.011650054992366342,0.00043340475003405795,-0.01024285026763108,0.014658781891814385,2.4444713530066532e-05,0.09247055884616479,0.4692718888022016
calibrate_then_close,32,8,0,0,certified_reset,0,1,0.06804900385290771,0.06405512933452118,0.003993874518386541,0.051920368739025044,0.0,0.0,0,0,0.002210839672108074,0.011650054992366342,-0.0007554967432368267,-0.014027100133441713,0.002210839672108074,0.011650054992366342,-0.019363476840619752,3.869169857822616e-05,0.09247055884616479,0.4692718888022016
calibrate_then_close,32,9,0,0,certified_reset,0,1,0.06405512933452118,0.060061254816134634,0.003993874518386541,0.0479264942206385,0.0,0.0,0,0,-0.0007554967432368267,-0.014027100133441713,-0.00794244623034326,-0.0006674640681090978,-0.0007554967432368267,-0.014027100133441713,0.02141846886896663,4.745626241396186e-05,0.09247055884616479,0.4692718888022016
calibrate_then_close,32,10,0,0,certified_reset,0,1,0.060061254816134634,0.05606738029774809,0.003993874518386541,0.04393261970225196,0.0,0.0,0,0,-0.00794244623034326,-0.0006674640681090978,-0.0029254004890215766,0.0032250589964245516,-0.00794244623034326,-0.0006674640681090978,0.008892194172193658,6.513942154259276e-05,0.09247055884616479,0.4692718888022016
calibrate_then_close,32,11,0,0,certified_reset,0,1,0.05606738029774809,0.05207350577936155,0.003993874518386541,0.039938745183865414,0.0,0.0,0,0,-0.0029254004890215766,0.0032250589964245516,0.0007013484369406808,0.0025855216483553142,-0.0029254004890215766,0.0032250589964245516,-0.0018340369559816335,1.0514241305540746e-05,0.09247055884616479,0.4692718888022016
calibrate_then_close,32,12,0,0,certified_reset,0,1,0.05207350577936155,0.048079631260975,0.003993874518386541,0.03594487066547887,0.0,0.0,0,0,0.0007013484369406808,0.0025855216483553142,-0.0016480745410470512,-0.008974043492604373,0.0007013484369406808,0.0025855216483553142,-0.0045053497767804,2.2026300402180326e-06,0.09247055884616479,0.4692718888022016
calibrate_then_close,32,13,0,0,certified_reset,0,1,0.048079631260975,0.04408575674258846,0.003993874518386541,0.03195099614709233,0.0,0.0,0,0,-0.0016480745410470512,-0.008974043492604373,-0.0025255641698875677,0.009062763181042257,-0.0016480745410470512,-0.008974043492604373,0.014856587232972727,2.2730126487408534e-05,0.09247055884616479,0.4692718888022016
calibrate_then_close,32,14,0,0,certified_reset,0,1,0.04408575674258846,0.040091882224201916,0.003993874518386541,0.027957121628705783,0.0,0.0,0,0,-0.0025255641698875677,0.009062763181042257,0.000996211283144661,-0.013098992870155438,-0.0025255641698875677,0.009062763181042257,-0.010833802018144158,2.409681779604642e-05,0.09247055884616479,0.4692718888022016
calibrate_then_close,32,15,0,0,certified_reset,0,1,0.040091882224201916,0.03609800770581537,0.003993874518386541,0.023963247110319243,0.0,0.0,0,0,0.000996211283144661,-0.013098992870155438,-0.003253367157546697,-0.007324040751613312,0.000996211283144661,-0.013098992870155438,0.018303574541007925,4.025300850334951e-05,0.09247055884616479,0.4692718888022016
calibrate_then_close,32,16,0,0,certified_reset,0,1,0.03609800770581537,0.03210413318742883,0.003993874518386541,0.019969372591932703,0.0,0.0,0,0,-0.003253367157546697,-0.007324040751613312,-0.003969176199644941,-0.0015231910746273478,-0.003253367157546697,-0.007324040751613312,0.014021192377363552,2.515472688151207e-05,0.09247055884616479,0.4692718888022016
calibrate_then_close,32,17,0,0,certified_reset,0,1,0.03210413318742883,0.02811025866904229,0.003993874518386541,0.015975498073546163,0.0,0.0,0,0,-0.003969176199644941,-0.0015231910746273478,-0.007920459554572429,0.0057745919405901925,-0.003969176199644941,-0.0015231910746273478,0.006198632186411549,1.713255571735668e-05,0.09247055884616479,0.4692718888022016
calibrate_then_close,32,18,0,0,certified_reset,0,1,0.02811025866904229,0.02411638415065575,0.003993874518386541,0.011981623555159623,0.0,0.0,0,0,-0.007920459554572429,0.0057745919405901925,-0.0007572030487708725,0.00615447592886002,-0.007920459554572429,0.0057745919405901925,-0.0006164055278964494,6.874544262444748e-05,0.09247055884616479,0.4692718888022016
calibrate_then_close,32,19,0,0,certified_reset,0,1,0.02411638415065575,0.02012250963226921,0.003993874518386541,0.007987749036773082,0.0,0.0,0,0,-0.0007572030487708725,0.00615447592886002,0.00924562992726828,-0.008293816392725525,-0.0007572030487708725,0.00615447592886002,-0.00831115970178748,9.11820415938844e-06,0.09247055884616479,0.4692718888022016
calibrate_then_close,32,20,0,0,certified_reset,0,1,0.02012250963226921,0.01612863511388267,0.003993874518386541,0.003993874518386541,0.0,0.0,0,0,0.00924562992726828,-0.008293816392725525,0.001191518641096833,-0.008357229454149042,0.00924562992726828,-0.008293816392725525,0.0030091127767514444,9.808977200870274e-05,0.09247055884616479,0.4692718888022016
calibrate_then_close,32,21,0,0,certified_reset,0,1,0.01612863511388267,0.01213476059549613,0.003993874518386541,0.0,0.0,0.0,0,0,0.001191518641096833,-0.008357229454149042,-0.006828643103860608,-0.00044384258883224757,0.001191518641096833,-0.008357229454149042,0.011122532079250978,1.7084275815303754e-05,0.09247055884616479,0.4692718888022016
calibrate_then_close,33,0,0,0,certified_reset,0,1,0.1,0.09600612548161347,0.003993874518386541,0.08387136488611735,0.0,0.0,0,0,-5.595427676240964,0.3731410108748583,-4.45086454705346,1.9217271486534082,-5.595427676240964,0.3731410108748583,1.55,31.393935538562758,0.09247055884616479,0.4692718888022016
calibrate_then_close,33,1,1,1,certified_reset,0,1,0.09600612548161347,0.09201225096322693,0.003993874518386541,0.07987749036773081,0.0,0.0,0,0,-4.45086454705346,1.9217271486534082,-2.2494811526596465,2.4373998206099525,-4.45086454705346,1.9217271486534082,0.5378359852777677,20.48217324699077,0.09744082949644373,0.49914169846942547
calibrate_then_close,33,2,0,0,certified_reset,0,1,0.09201225096322693,0.0880183764448404,0.003993874518386541,0.07588361584934428,0.0,0.0,0,0,-2.2494811526596465,2.4373998206099525,-0.48659105076710885,1.0900003664709235,-2.2494811526596465,2.4373998206099525,-1.3505680103938642,6.1751315243301494,0.09247055884616479,0.4692718888022016
calibrate_then_close,33,3,0,0,certified_reset,0,1,0.0880183764448404,0.08402450192645386,0.003993874518386541,0.07188974133095774,0.0,0.0,0,0,-0.48659105076710885,1.0900003664709235,0.03985604817267721,-0.021999011458567037,-0.48659105076710885,1.0900003664709235,-1.1211425200963865,0.48205300824905556,0.09247055884616479,0.4692718888022016
calibrate_then_close,33,4,0,0,certified_reset,0,1,0.08402450192645386,0.08003062740806732,0.003993874518386541,0.0678958668125712,0.0,0.0,0,0,0.03985604817267721,-0.021999011458567037,0.013899141630735913,-0.03327421039800686,0.03985604817267721,-0.021999011458567037,-0.007275872539308775,0.0016769402049007227,0.09247055884616479,0.4692718888022016
calibrate_then_close,33,5,0,0,certified_reset,0,1,0.08003062740806732,0.07603675288968079,0.003993874518386541,0.06390199229418467,0.0,0.0,0,0,0.013899141630735913,-0.03327421039800686,-0.008769894270123473,0.004824308176479388,0.013899141630735913,-0.03327421039800686,0.035177695025392725,0.0004234140477236937,0.09247055884616479,0.4692718888022016
calibrate_then_close,33,6,0,0,certified_reset,0,1,0.07603675288968079,0.07204287837129425,0.003993874518386541,0.05990811777579813,0.0,0.0,0,0,-0.008769894270123473,0.004824308176479388,0.00042925597162068313,0.011539373059131644,-0.008769894270123473,0.004824308176479388,0.0016258972384853316,8.116644494359362e-05,0.09247055884616479,0.4692718888022016
calibrate_then_close,33,7,0,0,certified_reset,0,1,0.07204287837129425,0.06804900385290771,0.003993874518386541,0.05591424325741159,0.0,0.0,0,0,0.00042925597162068313,0.011539373059131644,0.0008057630774026799,0.0009268611056306312,0.00042925597162068313,0.011539373059131644,-0.017425967061300614,3.1744152397316744e-05,0.09247055884616479,0.4692718888022016
calibrate_then_close,33,8,0,0,certified_reset,0,1,0.06804900385290771,0.06405512933452118,0.003993874518386541,0.051920368739025044,0.0,0.0,0,0,0.0008057630774026799,0.0009268611056306312,0.004079581136809399,0.011312559011794138,0.0008057630774026799,0.0009268611056306312,-0.0021678281802184124,9.213739840227144e-07,0.09247055884616479,0.4692718888022016
calibrate_then_close,33,9,0,0,certified_reset,0,1,0.06405512933452118,0.060061254816134634,0.003993874518386541,0.0479264942206385,0.0,0.0,0,0,0.004079581136809399,0.011312559011794138,0.012189915591298433,-0.011477699873716718,0.004079581136809399,0.011312559011794138,-0.020726925066690424,5.0418436270974524e-05,0.09247055884616479,0.4692718888022016
calibrate_then_close,33,10,0,0,certified_reset,0,1,0.060061254816134634,0.05606738029774809,0.003993874518386541,0.04393261970225196,0.0,0.0,0,0,0.012189915591298433,-0.011477699873716718,3.415475219217118e-05,-0.001876785683100215,0.012189915591298433,-0.011477699873716718,0.0047664207210929045,0.00017287477827564326,0.09247055884616479,0.4692718888022016
calibrate_then_close,33,11,0,0,certified_reset,0,1,0.05606738029774809,0.05207350577936155,0.003993874518386541,0.039938745183865414,0.0,0.0,0,0,3.415475219217118e-05,-0.001876785683100215,-0.004563090876931405,0.015238802162400296,3.415475219217118e-05,-0.001876785683100215,0.0027295947508921736,8.214521447519507e-07,0.09247055884616479,0.4692718888022016
calibrate_then_close,33,12,0,0,certified_reset,0,1,0.05207350577936155,0.048079631260975,0.003993874518386541,0.03594487066547887,0.0,0.0,0,0,-0.004563090876931405,0.015238802162400296,0.004755264803456316,-0.0052510786085335675,-0.004563090876931405,0.015238802162400296,-0.017900929322568617,7.06326765584842e-05,0.09247055884616479,0.4692718888022016
calibrate_then_close,33,13,0,0,certified_reset,0,1,0.048079631260975,0.04408575674258846,0.003993874518386541,0.03195099614709233,0.0,0.0,0,0,0.004755264803456316,-0.0052510786085335675,-0.007084359211139089,-0.01712519757459648,0.004755264803456316,-0.0052510786085335675,0.0029965725030002854,2.7800318299673658e-05,0.09247055884616479,0.4692718888022016
calibrate_then_close,33,14,0,0,certified_reset,0,1,0.04408575674258846,0.040091882224201916,0.003993874518386541,0.027957121628705783,0.0,0.0,0,0,-0.007084359211139089,-0.01712519757459648,-0.008769310689532643,0.015397475783686134,-0.007084359211139089,-0.01712519757459648,0.03228433474133013,0.00012903413272912135,0.09247055884616479,0.4692718888022016
calibrate_then_close,33,15,0,0,certified_reset,0,1,0.040091882224201916,0.03609800770581537,0.003993874518386541,0.023963247110319243,0.0,0.0,0,0,-0.008769310689532643,0.015397475783686134,-0.0021489371818161273,0.0013769258766048965,-0.008769310689532643,0.015397475783686134,-0.013952188131358638,0.00012444220570252828,0.09247055884616479,0.4692718888022016
calibrate_then_close,33,16,0,0,certified_reset,0,1,0.03609800770581537,0.03210413318742883,0.003993874518386541,0.019969372591932703,0.0,0.0,0,0,-0.0021489371818161273,0.0013769258766048965,-0.003470993706042395,0.004220441455651614,-0.0021489371818161273,0.0013769258766048965,0.00010973404861791415,4.959498526967041e-06,0.09247055884616479,0.4692718888022016
calibrate_then_close,33,17,0,0,certified_reset,0,1,0.03210413318742883,0.02811025866904229,0.003993874518386541,0.015975498073546163,0.0,0.0,0,0,-0.003470993706042395,0.004220441455651614,0.005559737069676221,-0.012341629631627979,-0.003470993706042395,0.004220441455651614,-0.002761276560881125,1.5444596208032596e-05,0.09247055884616479,0.4692718888022016
calibrate_then_close,33,18,0,0,certified_reset,0,1,0.02811025866904229,0.02411638415065575,0.003993874518386541,0.011981623555159623,0.0,0.0,0,0,0.005559737069676221,-0.012341629631627979,-0.0018112502721272928,-0.004586177688578791,0.005559737069676221,-0.012341629631627979,0.012640035513011494,6.232178668175671e-05,0.09247055884616479,0.4692718888022016
calibrate_then_close,33,19,0,0,certified_reset,0,1,0.02411638415065575,0.02012250963226921,0.003993874518386541,0.007987749036773082,0.0,0.0,0,0,-0.0018112502721272928,-0.004586177688578791,0.004546256302118327,0.015545783250802137,-0.0018112502721272928,-0.004586177688578791,0.008557050309317934,8.897149940605369e-06,0.09247055884616479,0.4692718888022016
calibrate_then_close,33,20,0,0,certified_reset,0,1,0.02012250963226921,0.01612863511388267,0.003993874518386541,0.003993874518386541,0.0,0.0,0,0,0.004546256302118327,0.015545783250802137,-0.0027565502234560904,0.0030449560429045616,0.004546256302118327,0.015545783250802137,-0.027428283205177626,8.297706219270197e-05,0.09247055884616479,0.4692718888022016
calibrate_then_close,33,21,0,0,certified_reset,0,1,0.01612863511388267,0.01213476059549613,0.003993874518386541,0.0,0.0,0.0,0,0,-0.0027565502234560904,0.0030449560429045616,0.006250410282423496,0.0014240417152478564,-0.0027565502234560904,0.0030449560429045616,-0.001738500767311983,9.34304507196421e-06,0.09247055884616479,0.4692718888022016
calibrate_then_close,34,0,0,0,certified_reset,0,1,0.1,0.09600612548161347,0.003993874518386541,0.08387136488611735,0.0,0.0,0,0,1.8919844532979049,-0.2598168746909454,0.9439783192172433,-1.6397621698952944,1.8919844532979049,-0.2598168746909454,-1.3868825087425258,3.639842114354722,0.09247055884616479,0.4692718888022016
calibrate_then_close,34,1,0,0,certified_reset,0,1,0.09600612548161347,0.09201225096322693,0.003993874518386541,0.07987749036773081,0.0,0.0,0,0,0.9439783192172433,-1.6397621698952944,0.0447956862466407,-0.16131835157843302,0.9439783192172433,-1.6397621698952944,1.4755435728371031,1.4295133833232843,0.09247055884616479,0.4692718888022016
calibrate_then_close,34,2,0,0,certified_reset,0,1,0.09201225096322693,0.0880183764448404,0.003993874518386541,0.07588361584934428,0.0,0.0,0,0,0.0447956862466407,-0.16131835157843302,-0.02316735816442612,0.016512067599304372,0.0447956862466407,-0.16131835157843302,0.19303305169086196,0.0076224473825115754,0.09247055884616479,0.4692718888022016
calibrate_then_close,34,3,0,0,certified_reset,0,1,0.0880183764448404,0.08402450192645386,0.003993874518386541,0.07188974133095774,0.0,0.0,0,0,-0.02316735816442612,0.016512067599304372,-0.010444820316045175,0.019128760081641955,-0.02316735816442612,0.016512067599304372,-0.0012570881756891728,0.0005858426988385575,0.09247055884616479,0.4692718888022016
calibrate_then_close,34,4,0,0,certified_reset,0,1,0.08402450192645386,0.08003062740806732,0.003993874518386541,0.0678958668125712,0.0,0.0,0,0,-0.010444820316045175,0.019128760081641955,0.005813637855037046,-0.0018312125991107602,-0.010444820316045175,0.019128760081641955,-0.017780380994936344,0.00018286152334958072,0.09247055884616479,0.4692718888022016
calibrate_then_close,34,5,0,0,certified_reset,0,1,0.08003062740806732,0.07603675288968079,0.003993874518386541,0.06390199229418467,0.0,0.0,0,0,0.005813637855037046,-0.0018312125991107602,0.010031873862380636,-0.011896169124560547,0.005813637855037046,-0.0018312125991107602,-0.003094178541918486,3.464133475571703e-05,0.09247055884616479,0.4692718888022016
calibrate_then_close,34,6,0,0,certified_reset,0,1,0.07603675288968079,0.07204287837129425,0.003993874518386541,0.05990811777579813,0.0,0.0,0,0,0.010031873862380636,-0.011896169124560547,-0.0029940965371523607,-0.010861195992041155,0.010031873862380636,-0.011896169124560547,0.0075329023046794095,0.00012753049979023846,0.09247055884616479,0.4692718888022016
calibrate_then_close,34,7,1,1,certified_reset,0,1,0.07204287837129425,0.06804900385290771,0.003993874518386541,0.05591424325741159,0.0,0.0,0,0,-0.0029940965371523607,-0.010861195992041155,-0.012805227968519349,-0.004485033077984783,-0.0029940965371523607,-0.010861195992041155,0.0189807524713006,3.92051422911629e-05,0.09744082949644373,0.49914169846942547
calibrate_then_close,34,8,1,1,certified_reset,0,1,0.06804900385290771,0.06405512933452118,0.003993874518386541,0.051920368739025044,0.0,0.0,0,0,-0.012805227968519349,-0.004485033077984783,-0.0038123433304981013,0.02077435163917237,-0.012805227968519349,-0.004485033077984783,0.01935487188122842,0.0001769599338721305,0.09744082949644373,0.49914169846942547
calibrate_then_close,34,9,1,1,certified_reset,0,1,0.06405512933452118,0.060061254816134634,0.003993874518386541,0.0479264942206385,0.0,0.0,0,0,-0.0038123433304981013,0.02077435163917237,0.02000048908700847,-0.004413105454477921,-0.0038123433304981013,0.02077435163917237,-0.02680875810991131,0.00011018496293952383,0.09744082949644373,0.49914169846942547
calibrate_then_close,34,10,1,1,certified_reset,0,1,0.060061254816134634,0.05606738029774809,0.003993874518386541,0.04393261970225196,0.0,0.0,0,0,0.02000048908700847,-0.004413105454477921,0.044604953477765025,-0.04144989961023543,0.02000048908700847,-0.004413105454477921,-0.013413780065607278,0.00040802339106617866,0.09744082949644373,0.49914169846942547
calibrate_then_close,34,11,0,0,certified_reset,0,1,0.05606738029774809,0.05207350577936155,0.003993874518386541,0.039938745183865414,0.0,0.0,0,0,0.044604953477765025,-0.04144989961023543,0.012976962438798131,-0.03807168726043676,0.044604953477765025,-0.04144989961023543,0.016645988337482084,0.002305786049932619,0.09247055884616479,0.4692718888022016
calibrate_then_close,34,12,0,0,certified_reset,0,1,0.05207350577936155,0.048079631260975,0.003993874518386541,0.03594487066547887,0.0,0.0,0,0,0.012976962438798131,-0.03807168726043676,-0.009653116864981331,0.008800582483027966,0.012976962438798131,-0.03807168726043676,0.0431631114554986,0.0004758795156551429,0.09247055884616479,0.4692718888022016
calibrate_then_close,34,13,0,0,certified_reset,0,1,0.048079631260975,0.04408575674258846,0.003993874518386541,0.03195099614709233,0.0,0.0,0,0,-0.009653116864981331,0.008800582483027966,-0.00406307194980979,0.002868815523288012,-0.009653116864981331,0.008800582483027966,-0.003350155495866087,0.00010740429912245321,0.09247055884616479,0.4692718888022016
calibrate_then_close,34,14,0,0,certified_reset,0,1,0.04408575674258846,0.040091882224201916,0.003993874518386541,0.027957121628705783,0.0,0.0,0,0,-0.00406307194980979,0.002868815523288012,-0.013476895348313868,0.009648025373301559,-0.00406307194980979,0.002868815523288012,-0.00018078403796391779,1.7990789192239183e-05,0.09247055884616479,0.4692718888022016
calibrate_then_close,34,15,0,0,certified_reset,0,1,0.040091882224201916,0.03609800770581537,0.003993874518386541,0.023963247110319243,0.0,0.0,0,0,-0.013476895348313868,0.009648025373301559,-0.0025962749111500144,0.002578042566252323,-0.013476895348313868,0.009648025373301559,-0.0007962771970183352,0.000198397750512463,0.09247055884616479,0.4692718888022016
calibrate_then_close,34,16,0,0,certified_reset,0,1,0.03609800770581537,0.03210413318742883,0.003993874518386541,0.019969372591932703,0.0,0.0,0,0,-0.0025962749111500144,0.002578042566252323,-0.003395099808674206,0.009088407400771669,-0.0025962749111500144,0.002578042566252323,-0.0012081978322625968,7.973471589527711e-06,0.09247055884616479,0.4692718888022016
calibrate_then_close,34,17,0,0,certified_reset,0,1,0.03210413318742883,0.02811025866904229,0.003993874518386541,0.015975498073546163,0.0,0.0,0,0,-0.003395099808674206,0.009088407400771669,0.005084521886205536,0.0013543446533272794,-0.003395099808674206,0.009088407400771669,-0.010003580752250371,2.8896340242361706e-05,0.09247055884616479,0.4692718888022016
calibrate_then_close,34,18,0,0,certified_reset,0,1,0.02811025866904229,0.02411638415065575,0.003993874518386541,0.011981623555159623,0.0,0.0,0,0,0.005084521886205536,0.0013543446533272794,-0.010401156741532575,0.0033508505967489305,0.005084521886205536,0.0013543446533272794,-0.007057179937050747,2.7427622427100207e-05,0.09247055884616479,0.4692718888022016
calibrate_then_close,34,19,0,0,certified_reset,0,1,0.02411638415065575,0.02012250963226921,0.003993874518386541,0.007987749036773082,0.0,0.0,0,0,-0.010401156741532575,0.0033508505967489305,0.000334659004950613,0.01169079012466921,-0.010401156741532575,0.0033508505967489305,0.005422247256103479,0.00011094015664449846,0.09247055884616479,0.4692718888022016
calibrate_then_close,34,20,0,0,certified_reset,0,1,0.02012250963226921,0.01612863511388267,0.003993874518386541,0.003993874518386541,0.0,0.0,0,0,0.000334659004950613,0.01169079012466921,0.0015322064931437118,0.0022370398959826038,0.000334659004950613,0.01169079012466921,-0.01755769524378079,3.242023647946296e-05,0.09247055884616479,0.4692718888022016
calibrate_then_close,34,21,0,0,certified_reset,0,1,0.01612863511388267,0.01213476059549613,0.003993874518386541,0.0,0.0,0.0,0,0,0.0015322064931437118,0.0022370398959826038,0.011537654469492436,-0.01639202825357297,0.0015322064931437118,0.0022370398959826038,-0.00482374635339455,3.8301525089981465e-06,0.09247055884616479,0.4692718888022016
calibrate_then_close,35,0,0,0,certified_reset,0,1,0.1,0.09600612548161347,0.003993874518386541,0.08387136488611735,0.0,0.0,0,0,-5.5723671944729,-0.3702141032456294,-5.166366845196384,1.1773892456009103,-5.5723671944729,-0.3702141032456294,1.55,31.13600917684133,0.09247055884616479,0.4692718888022016
calibrate_then_close,35,1,0,0,certified_reset,0,1,0.09600612548161347,0.09201225096322693,0.003993874518386541,0.07987749036773081,0.0,0.0,0,0,-5.166366845196384,1.1773892456009103,-3.217027489053713,2.721853783014434,-5.166366845196384,1.1773892456009103,1.5499999999999958,27.00093305756264,0.09247055884616479,0.4692718888022016
calibrate_then_close,35,2,0,0,certified_reset,0,1,0.09201225096322693,0.0880183764448404,0.003993874518386541,0.07588361584934428,0.0,0.0,0,0,-3.217027489053713,2.721853783014434,-1.003715124472085,1.7201110775430557,-3.217027489053713,2.721853783014434,-1.0057162376988513,11.708080336996312,0.09247055884616479,0.4692718888022016
calibrate_then_close,35,3,0,0,certified_reset,0,1,0.0880183764448404,0.08402450192645386,0.003993874518386541,0.07188974133095774,0.0,0.0,0,0,-1.003715124472085,1.7201110775430557,-0.05047636258087542,0.1809331731540933,-1.003715124472085,1.7201110775430557,-1.5344214191805012,1.5988860598205505,0.09247055884616479,0.4692718888022016
calibrate_then_close,35,4,0,0,certified_reset,0,1,0.08402450192645386,0.08003062740806732,0.003993874518386541,0.0678958668125712,0.0,0.0,0,0,-0.05047636258087542,0.1809331731540933,0.018148924278681623,-0.020994594818820413,-0.05047636258087542,0.1809331731540933,-0.21626776307004777,0.009609783179548697,0.09247055884616479,0.4692718888022016
calibrate_then_close,35,5,0,0,certified_reset,0,1,0.08003062740806732,0.07603675288968079,0.003993874518386541,0.06390199229418467,0.0,0.0,0,0,0.018148924278681623,-0.020994594818820413,0.005309446322815096,-0.0002416920615063798,0.018148924278681623,-0.020994594818820413,0.012857092005240777,0.0004128552149332593,0.09247055884616479,0.4692718888022016
calibrate_then_close,35,6,0,0,certified_reset,0,1,0.07603675288968079,0.07204287837129425,0.003993874518386541,0.05990811777579813,0.0,0.0,0,0,0.005309446322815096,-0.0002416920615063798,0.0002216411677222591,-0.010817773816133342,0.005309446322815096,-0.0002416920615063798,-0.00492782790231112,2.8807822160191778e-05,0.09247055884616479,0.4692718888022016
calibrate_then_close,35,7,0,0,certified_reset,0,1,0.07204287837129425,0.06804900385290771,0.003993874518386541,0.05591424325741159,0.0,0.0,0,0,0.0002216411677222591,-0.010817773816133342,-0.0046460545220013355,0.008792507448055622,0.0002216411677222591,-0.010817773816133342,0.015710684859810857,2.7284126737000165e-05,0.09247055884616479,0.4692718888022016
calibrate_then_close,35,8,0,0,certified_reset,0,1,0.06804900385290771,0.06405512933452118,0.003993874518386541,0.051920368739025044,0.0,0.0,0,0,-0.0046460545220013355,0.008792507448055622,0.00015652269441887465,-0.0028981279728542194,-0.0046460545220013355,0.008792507448055622,-0.008325045590497744,3.723395592384615e-05,0.09247055884616479,0.4692718888022016
calibrate_then_close,35,9,0,0,certified_reset,0,1,0.06405512933452118,0.060061254816134634,0.003993874518386541,0.0479264942206385,0.0,0.0,0,0,0.00015652269441887465,-0.0028981279728542194,0.004492886259618772,0.0052461500857293964,0.00015652269441887465,-0.0028981279728542194,0.004116003282411284,1.959882663855875e-06,0.09247055884616479,0.4692718888022016
calibrate_then_close,35,10,0,0,certified_reset,0,1,0.060061254816134634,0.05606738029774809,0.003993874518386541,0.04393261970225196,0.0,0.0,0,0,0.004492886259618772,0.0052461500857293964,0.007326661049881853,-0.005492319153421197,0.004492886259618772,0.0052461500857293964,-0.012201064952851991,2.8861652921423735e-05,0.09247055884616479,0.4692718888022016
calibrate_then_close,35,11,0,0,certified_reset,0,1,0.05606738029774809,0.05207350577936155,0.003993874518386541,0.039938745183865414,0.0,0.0,0,0,0.007326661049881853,-0.005492319153421197,-0.003641627704856089,-0.0016462729338910633,0.007326661049881853,-0.005492319153421197,0.0007917775014986553,5.912543747309956e-05,0.09247055884616479,0.4692718888022016
calibrate_then_close,35,12,0,0,certified_reset,0,1,0.05207350577936155,0.048079631260975,0.003993874518386541,0.03594487066547887,0.0,0.0,0,0,-0.003641627704856089,-0.0016462729338910633,-0.0025280680096939753,0.002330198856880638,-0.003641627704856089,-0.0016462729338910633,0.006050213029620468,1.466441790648537e-05,0.09247055884616479,0.4692718888022016
calibrate_then_close,35,13,0,0,certified_reset,0,1,0.048079631260975,0.04408575674258846,0.003993874518386541,0.03195099614709233,0.0,0.0,0,0,-0.0025280680096939753,0.002330198856880638,-0.0035728426878647067,-0.003582509587118558,-0.0025280680096939753,0.002330198856880638,-0.0009144904253007576,7.389403988356636e-06,0.09247055884616479,0.4692718888022016
calibrate_then_close,35,14,0,0,certified_reset,0,1,0.04408575674258846,0.040091882224201916,0.003993874518386541,0.027957121628705783,0.0,0.0,0,0,-0.0035728426878647067,-0.003582509587118558,-0.005271842563335431,0.0007624992313448242,-0.0035728426878647067,-0.003582509587118558,0.008834317236414532,1.7026521387591924e-05,0.09247055884616479,0.4692718888022016
calibrate_then_close,35,15,0,0,certified_reset,0,1,0.040091882224201916,0.03609800770581537,0.003993874518386541,0.023963247110319243,0.0,0.0,0,0,-0.005271842563335431,0.0007624992313448242,-0.000617323759980205,-0.00283427015869093,-0.005271842563335431,0.0007624992313448242,0.00412935675902672,2.8323266607682335e-05,0.09247055884616479,0.4692718888022016
calibrate_then_close,35,16,0,0,certified_reset,0,1,0.03609800770581537,0.03210413318742883,0.003993874518386541,0.019969372591932703,0.0,0.0,0,0,-0.000617323759980205,-0.00283427015869093,0.002562496240356449,0.002933817587614876,-0.000617323759980205,-0.00283427015869093,0.004791404834494622,2.4009833516768223e-06,0.09247055884616479,0.4692718888022016
calibrate_then_close,35,17,0,0,certified_reset,0,1,0.03210413318742883,0.02811025866904229,0.003993874518386541,0.015975498073546163,0.0,0.0,0,0,0.002562496240356449,0.002933817587614876,0.0019459106983191927,0.009416975095510597,0.002562496240356449,0.002933817587614876,-0.006872071698051106,9.296332632151519e-06,0.09247055884616479,0.4692718888022016
calibrate_then_close,35,18,0,0,certified_reset,0,1,0.02811025866904229,0.02411638415065575,0.003993874518386541,0.011981623555159623,0.0,0.0,0,0,0.0019459106983191927,0.009416975095510597,-9.546216177240465e-05,-0.005210190066745354,0.0019459106983191927,0.009416975095510597,-0.01580626507849086,2.5994814430025107e-05,0.09247055884616479,0.4692718888022016
calibrate_then_close,35,19,0,0,certified_reset,0,1,0.02411638415065575,0.02012250963226921,0.003993874518386541,0.007987749036773082,0.0,0.0,0,0,-9.546216177240465e-05,-0.005210190066745354,0.003977722412589611,0.013912171956070116,-9.546216177240465e-05,-0.005210190066745354,0.007769605764286531,6.404576863331275e-06,0.09247055884616479,0.4692718888022016
calibrate_then_close,35,20,0,0,certified_reset,0,1,0.02012250963226921,0.01612863511388267,0.003993874518386541,0.003993874518386541,0.0,0.0,0,0,0.003977722412589611,0.013912171956070116,0.006470841308510736,-0.006703343064774014,0.003977722412589611,0.013912171956070116,-0.024453813848641513,6.561073602156549e-05,0.09247055884616479,0.4692718888022016
calibrate_then_close,35,21,0,0,certified_reset,0,1,0.01612863511388267,0.01213476059549613,0.003993874518386541,0.0,0.0,0.0,0,0,0.006470841308510736,-0.006703343064774014,0.00021871761800373976,-0.012124560202108765,0.006470841308510736,-0.006703343064774014,0.0034314661566333606,5.025442672346163e-05,0.09247055884616479,0.4692718888022016
calibrate_then_close,36,0,0,0,certified_reset,0,1,0.1,0.09600612548161347,0.003993874518386541,0.08387136488611735,0.0,0.0,0,0,3.1372321991767294,-0.42731107761452297,1.930619406845559,-1.976214512560045,3.1372321991767294,-0.42731107761452297,-1.5499999999999845,9.93515542782063,0.09247055884616479,0.4692718888022016
calibrate_then_close,36,1,0,0,certified_reset,0,1,0.09600612548161347,0.09201225096322693,0.003993874518386541,0.07987749036773081,0.0,0.0,0,0,1.930619406845559,-1.976214512560045,0.4487115652717872,-0.9958295578037447,1.930619406845559,-1.976214512560045,0.988709212961781,4.4547062257211145,0.09247055884616479,0.4692718888022016
calibrate_then_close,36,2,0,0,certified_reset,0,1,0.09201225096322693,0.0880183764448404,0.003993874518386541,0.07588361584934428,0.0,0.0,0,0,0.4487115652717872,-0.9958295578037447,-0.0363134802095356,0.03780243731258921,0.4487115652717872,-0.9958295578037447,1.0201395081367435,0.4058609556854026,0.09247055884616479,0.4692718888022016
calibrate_then_close,36,3,0,0,certified_reset,0,1,0.0880183764448404,0.08402450192645386,0.003993874518386541,0.07188974133095774,0.0,0.0,0,0,-0.0363134802095356,0.03780243731258921,-0.01006817333564164,0.028797426421265718,-0.0363134802095356,0.03780243731258921,-0.01953111569279871,0.0015854298249524737,0.09247055884616479,0.4692718888022016
calibrate_then_close,36,4,0,0,certified_reset,0,1,0.08402450192645386,0.08003062740806732,0.003993874518386541,0.0678958668125712,0.0,0.0,0,0,-0.01006817333564164,0.028797426421265718,-0.001212624652321393,-0.0005019944093513358,-0.01006817333564164,0.028797426421265718,-0.0323979020170192,0.000276881234022013,0.09247055884616479,0.4692718888022016
calibrate_then_close,36,5,0,0,certified_reset,0,1,0.08003062740806732,0.07603675288968079,0.003993874518386541,0.06390199229418467,0.0,0.0,0,0,-0.001212624652321393,-0.0005019944093513358,-0.0029100693780965275,0.006428615386114099,-0.001212624652321393,-0.0005019944093513358,0.0019487664136559855,1.6107605204560186e-06,0.09247055884616479,0.4692718888022016
calibrate_then_close,36,6,0,0,certified_reset,0,1,0.07603675288968079,0.07204287837129425,0.003993874518386541,0.05990811777579813,0.0,0.0,0,0,-0.0029100693780965275,0.006428615386114099,-0.004587318646530287,-0.004028377517438399,-0.0029100693780965275,0.006428615386114099,-0.006570426999313228,1.6986643800032643e-05,0.09247055884616479,0.4692718888022016
calibrate_then_close,36,7,0,0,certified_reset,0,1,0.07204287837129425,0.06804900385290771,0.003993874518386541,0.05591424325741159,0.0,0.0,0,0,-0.004587318646530287,-0.004028377517438399,-0.0061462862710000565,0.00705328304526706,-0.004587318646530287,-0.004028377517438399,0.01050202807853594,2.6721815785003962e-05,0.09247055884616479,0.4692718888022016
calibrate_then_close,36,8,0,0,certified_reset,0,1,0.06804900385290771,0.06405512933452118,0.003993874518386541,0.051920368739025044,0.0,0.0,0,0,-0.0061462862710000565,0.00705328304526706,-0.0015685929503163698,0.0029958507220490876,-0.0061462862710000565,0.00705328304526706,-0.004266760195432981,4.718675029821438e-05,0.09247055884616479,0.4692718888022016
calibrate_then_close,36,9,0,0,certified_reset,0,1,0.06405512933452118,0.060061254816134634,0.003993874518386541,0.0479264942206385,0.0,0.0,0,0,-0.0015685929503163698,0.0029958507220490876,0.0015059512016505822,0.010571691435155833,-0.0015685929503163698,0.0029958507220490876,-0.0028502181730219595,4.279099313412196e-06,0.09247055884616479,0.4692718888022016
calibrate_then_close,36,10,0,0,certified_reset,0,1,0.060061254816134634,0.05606738029774809,0.003993874518386541,0.04393261970225196,0.0,0.0,0,0,0.0015059512016505822,0.010571691435155833,0.009206498826584957,0.005189293107244393,0.0015059512016505822,0.010571691435155833,-0.01707070736537563,2.967003403463657e-05,0.09247055884616479,0.4692718888022016
calibrate_then_close,36,11,0,0,certified_reset,0,1,0.05606738029774809,0.05207350577936155,0.003993874518386541,0.039938745183865414,0.0,0.0,0,0,0.009206498826584957,0.005189293107244393,0.009981634290659578,-0.006165560927810848,0.009206498826584957,0.005189293107244393,-0.016810012705471916,9.667121115438433e-05,0.09247055884616479,0.4692718888022016
calibrate_then_close,36,12,0,0,certified_reset,0,1,0.05207350577936155,0.048079631260975,0.003993874518386541,0.03594487066547887,0.0,0.0,0,0,0.009981634290659578,-0.006165560927810848,0.005691490545715172,-0.009698880685300644,0.009981634290659578,-0.006165560927810848,-0.0008606882995808923,0.00010649408820101561,0.09247055884616479,0.4692718888022016
calibrate_then_close,36,13,0,0,certified_reset,0,1,0.048079631260975,0.04408575674258846,0.003993874518386541,0.03195099614709233,0.0,0.0,0,0,0.005691490545715172,-0.009698880685300644,0.006303360875950028,-0.012367530112289188,0.005691490545715172,-0.009698880685300644,0.008617252536451821,5.118178224247545e-05,0.09247055884616479,0.4692718888022016
calibrate_then_close,36,14,0,0,certified_reset,0,1,0.04408575674258846,0.040091882224201916,0.003993874518386541,0.027957121628705783,0.0,0.0,0,0,0.006303360875950028,-0.012367530112289188,-0.00035682228997077956,0.001751108091827391,0.006303360875950028,-0.012367530112289188,0.011939256290804418,7.082804854600369e-05,0.09247055884616479,0.4692718888022016
calibrate_then_close,36,15,0,0,certified_reset,0,1,0.040091882224201916,0.03609800770581537,0.003993874518386541,0.023963247110319243,0.0,0.0,0,0,-0.00035682228997077956,0.001751108091827391,0.001382207809226886,0.006378658439882277,-0.00035682228997077956,0.001751108091827391,-0.0022223397727644725,8.027403171276682e-07,0.09247055884616479,0.4692718888022016
calibrate_then_close,36,16,0,0,certified_reset,0,1,0.03609800770581537,0.03210413318742883,0.003993874518386541,0.019969372591932703,0.0,0.0,0,0,0.001382207809226886,0.006378658439882277,5.302520874232459e-05,-0.016627815395084684,0.001382207809226886,0.006378658439882277,-0.010769584286828324,1.213380809934793e-05,0.09247055884616479,0.4692718888022016
calibrate_then_close,36,17,0,0,certified_reset,0,1,0.03210413318742883,0.02811025866904229,0.003993874518386541,0.015975498073546163,0.0,0.0,0,0,5.302520874232459e-05,-0.016627815395084684,-0.0005247925213234367,-0.0023304810680641348,5.302520874232459e-05,-0.016627815395084684,0.02444239826392145,6.470574656140867e-05,0.09247055884616479,0.4692718888022016
calibrate_then_close,36,18,0,0,certified_reset,0,1,0.02811025866904229,0.02411638415065575,0.003993874518386541,0.011981623555159623,0.0,0.0,0,0,-0.0005247925213234367,-0.0023304810680641348,0.004926284345931183,0.004196614519726763,-0.0005247925213234367,-0.0023304810680641348,0.0039572217825873885,1.6445028579005758e-06,0.09247055884616479,0.4692718888022016
calibrate_then_close,36,19,0,0,certified_reset,0,1,0.02411638415065575,0.02012250963226921,0.003993874518386541,0.007987749036773082,0.0,0.0,0,0,0.004926284345931183,0.004196614519726763,0.008355300043162352,0.0017894442712027107,0.004926284345931183,0.004196614519726763,-0.011085540191830006,3.0510590707476258e-05,0.09247055884616479,0.4692718888022016
calibrate_then_close,36,20,0,0,certified_reset,0,1,0.02012250963226921,0.01612863511388267,0.003993874518386541,0.003993874518386541,0.0,0.0,0,0,0.008355300043162352,0.0017894442712027107,0.004793760137661376,-0.006862154901218812,0.008355300043162352,0.0017894442712027107,-0.01095328677749406,7.338678103597269e-05,0.09247055884616479,0.4692718888022016
calibrate_then_close,36,21,0,0,certified_reset,0,1,0.01612863511388267,0.01213476059549613,0.003993874518386541,0.0,0.0,0.0,0,0,0.004793760137661376,-0.006862154901218812,-0.002102130411309961,-0.011235217216206319,0.004793760137661376,-0.006862154901218812,0.005334667934551275,3.21676538866273e-05,0.09247055884616479,0.4692718888022016
calibrate_then_close,37,0,0,0,certified_reset,0,1,0.1,0.09600612548161347,0.003993874518386541,0.08387136488611735,0.0,0.0,0,0,-0.41146469976490074,0.02523682086547563,-0.1978372769304025,0.400481105613912,-0.41146469976490074,0.02523682086547563,0.37254420120163434,0.1728875701817753,0.09247055884616479,0.4692718888022016
calibrate_then_close,37,1,2,2,certified_reset,0,1,0.09600612548161347,0.09201225096322693,0.003993874518386541,0.07987749036773081,0.0,0.0,0,0,-0.1978372769304025,0.400481105613912,-0.0078065905042427886,0.04621920330857057,-0.1978372769304025,0.400481105613912,-0.3929469825109547,0.07186909229152182,0.10372612354602789,0.5374732092193446
calibrate_then_close,37,2,1,1,certified_reset,0,1,0.09201225096322693,0.0880183764448404,0.003993874518386541,0.07588361584934428,0.0,0.0,0,0,-0.0078065905042427886,0.04621920330857057,0.01524002563039966,-0.055298675782827995,-0.0078065905042427886,0.04621920330857057,-0.06031077835518642,0.0005363962607523607,0.09744082949644373,0.49914169846942547
calibrate_then_close,37,3,1,1,certified_reset,0,1,0.0880183764448404,0.08402450192645386,0.003993874518386541,0.07188974133095774,0.0,0.0,0,0,0.01524002563039966,-0.055298675782827995,-0.008373303480549175,0.020965528043211685,0.01524002563039966,-0.055298675782827995,0.06628547653764465,0.0008925323290109834,0.09744082949644373,0.49914169846942547
calibrate_then_close,37,4,1,1,certified_reset,0,1,0.08402450192645386,0.08003062740806732,0.003993874518386541,0.0678958668125712,0.0,0.0,0,0,-0.008373303480549175,0.020965528043211685,-0.02216190298000608,-0.007688987808987307,-0.008373303480549175,0.020965528043211685,-0.022548667806979547,0.00016194287757764002,0.09744082949644373,0.49914169846942547
calibrate_then_close,37,5,1,1,certified_reset,0,1,0.08003062740806732,0.07603675288968079,0.003993874518386541,0.06390199229418467,0.0,0.0,0,0,-0.02216190298000608,-0.007688987808987307,-0.044618920145690855,0.003746618030080952,-0.02216190298000608,-0.007688987808987307,0.033395985972049486,0.0005296739367061515,0.09744082949644373,0.49914169846942547
calibrate_then_close,37,6,0,0,certified_reset,0,1,0.07603675288968079,0.07204287837129425,0.003993874518386541,0.05990811777579813,0.0,0.0,0,0,-0.044618920145690855,0.003746618030080952,-0.025155427904883072,0.04158271514927996,-0.044618920145690855,0.003746618030080952,0.0389107307851161,0.0020312258456227305,0.09247055884616479,0.4692718888022016
calibrate_then_close,37,7,0,0,certified_reset,0,1,0.07204287837129425,0.06804900385290771,0.003993874518386541,0.05591424325741159,0.0,0.0,0,0,-0.025155427904883072,0.04158271514927996,-0.007875455689388173,0.002502371945072304,-0.025155427904883072,0.04158271514927996,-0.036209186078475515,0.0009768151778429199,0.09247055884616479,0.4692718888022016
calibrate_then_close,37,8,0,0,certified_reset,0,1,0.06804900385290771,0.06405512933452118,0.003993874518386541,0.051920368739025044,0.0,0.0,0,0,-0.007875455689388173,0.002502371945072304,-0.009560338712222505,0.011799785577039385,-0.007875455689388173,0.002502371945072304,0.0041534402053318995,6.358121471726553e-05,0.09247055884616479,0.4692718888022016
calibrate_then_close,37,9,0,0,certified_reset,0,1,0.06405512933452118,0.060061254816134634,0.003993874518386541,0.0479264942206385,0.0,0.0,0,0,-0.009560338712222505,0.011799785577039385,0.00789418369466487,0.010253853745444404,-0.009560338712222505,0.011799785577039385,-0.007860022922487228,0.00011800686444051007,0.09247055884616479,0.4692718888022016
calibrate_then_close,37,10,0,0,certified_reset,0,1,0.060061254816134634,0.05606738029774809,0.003993874518386541,0.04393261970225196,0.0,0.0,0,0,0.00789418369466487,0.010253853745444404,0.01711830214947122,-0.01326947656384126,0.00789418369466487,0.010253853745444404,-0.022967022609117323,9.443071238723891e-05,0.09247055884616479,0.4692718888022016
calibrate_then_close,37,11,0,0,certified_reset,0,1,0.05606738029774809,0.05207350577936155,0.003993874518386541,0.039938745183865414,0.0,0.0,0,0,0.01711830214947122,-0.01326947656384126,0.0032084183822529084,-0.005169791871502436,0.01711830214947122,-0.01326947656384126,0.0024980291568616406,0.00032488649371240405,0.09247055884616479,0.4692718888022016
calibrate_then_close,37,12,0,0,certified_reset,0,1,0.05207350577936155,0.048079631260975,0.003993874518386541,0.03594487066547887,0.0,0.0,0,0,0.0032084183822529084,-0.005169791871502436,-0.005089404895194323,0.0021056148022889957,0.0032084183822529084,-0.005169791871502436,0.004419897309352669,1.5593150460246423e-05,0.09247055884616479,0.4692718888022016
calibrate_then_close,37,13,0,0,certified_reset,0,1,0.048079631260975,0.04408575674258846,0.003993874518386541,0.03195099614709233,0.0,0.0,0,0,-0.005089404895194323,0.0021056148022889957,-0.0009886750636490245,0.008580738671981851,-0.005089404895194323,0.0021056148022889957,0.001965222505017108,2.6796645139794914e-05,0.09247055884616479,0.4692718888022016
calibrate_then_close,37,14,0,0,certified_reset,0,1,0.04408575674258846,0.040091882224201916,0.003993874518386541,0.027957121628705783,0.0,0.0,0,0,-0.0009886750636490245,0.008580738671981851,-0.0010502963793642358,-0.00023674119651672255,-0.0009886750636490245,0.008580738671981851,-0.011653300208350733,1.762569723336216e-05,0.09247055884616479,0.4692718888022016
calibrate_then_close,37,15,0,0,certified_reset,0,1,0.040091882224201916,0.03609800770581537,0.003993874518386541,0.023963247110319243,0.0,0.0,0,0,-0.0010502963793642358,-0.00023674119651672255,0.00542698719038377,-0.01777009908471312,-0.0010502963793642358,-0.00023674119651672255,0.0013933770136245064,1.161748323001122e-06,0.09247055884616479,0.4692718888022016
calibrate_then_close,37,16,0,0,certified_reset,0,1,0.03609800770581537,0.03210413318742883,0.003993874518386541,0.019969372591932703,0.0,0.0,0,0,0.00542698719038377,-0.01777009908471312,0.0038086898596158304,0.001807518981690475,0.00542698719038377,-0.01777009908471312,0.020768716184362702,9.707543512974872e-05,0.09247055884616479,0.4692718888022016
calibrate_then_close,37,17,0,0,certified_reset,0,1,0.03210413318742883,0.02811025866904229,0.003993874518386541,0.015975498073546163,0.0,0.0,0,0,0.0038086898596158304,0.001807518981690475,0.004147962139026753,0.004193703245782069,0.0038086898596158304,0.001807518981690475,-0.006454398430952363,1.613568240082831e-05,0.09247055884616479,0.4692718888022016
calibrate_then_close,37,18,0,0,certified_reset,0,1,0.02811025866904229,0.02411638415065575,0.003993874518386541,0.011981623555159623,0.0,0.0,0,0,0.004147962139026753,0.004193703245782069,0.005199437984213169,-0.010950871961631421,0.004147962139026753,0.004193703245782069,-0.0103046927750619,2.3025943680972667e-05,0.09247055884616479,0.4692718888022016
calibrate_then_close,37,19,0,0,certified_reset,0,1,0.02411638415065575,0.02012250963226921,0.003993874518386541,0.007987749036773082,0.0,0.0,0,0,0.005199437984213169,-0.010950871961631421,-0.0012735810328296394,-0.008089183571293098,0.005199437984213169,-0.010950871961631421,0.010952767438352556,5.161912062525274e-05,0.09247055884616479,0.4692718888022016
calibrate_then_close,37,20,0,0,certified_reset,0,1,0.02012250963226921,0.01612863511388267,0.003993874518386541,0.003993874518386541,0.0,0.0,0,0,-0.0012735810328296394,-0.008089183571293098,-0.002096406318468044,0.005482163389266983,-0.0012735810328296394,-0.008089183571293098,0.013183684996527447,1.7745527752389052e-05,0.09247055884616479,0.4692718888022016
calibrate_then_close,37,21,0,0,certified_reset,0,1,0.01612863511388267,0.01213476059549613,0.003993874518386541,0.0,0.0,0.0,0,0,-0.002096406318468044,0.005482163389266983,0.003275573271867841,-0.003040057478024003,-0.002096406318468044,0.005482163389266983,-0.005988970173429675,1.070135432235996e-05,0.09247055884616479,0.4692718888022016
calibrate_then_close,38,0,0,0,certified_reset,0,1,0.1,0.09600612548161347,0.003993874518386541,0.08387136488611735,0.0,0.0,0,0,3.455258033154795,0.2887573130161387,2.974161252548268,-1.2697822265580454,3.455258033154795,0.2887573130161387,-1.5499999999996257,12.013879117128369,0.09247055884616479,0.4692718888022016
calibrate_then_close,38,1,0,0,certified_reset,0,1,0.09600612548161347,0.09201225096322693,0.003993874518386541,0.07987749036773081,0.0,0.0,0,0,2.974161252548268,-1.2697822265580454,1.3437306157764917,-1.9943511627924335,2.974161252548268,-1.2697822265580454,-0.7316122075366931,9.149239009233789,0.09247055884616479,0.4692718888022016
calibrate_then_close,38,2,0,0,certified_reset,0,1,0.09201225096322693,0.0880183764448404,0.003993874518386541,0.07588361584934428,0.0,0.0,0,0,1.3437306157764917,-1.9943511627924335,0.1223939371636905,-0.4456577074097559,1.3437306157764917,-1.9943511627924335,1.55,2.581613048670745,0.09247055884616479,0.4692718888022016
calibrate_then_close,38,3,0,0,certified_reset,0,1,0.0880183764448404,0.08402450192645386,0.003993874518386541,0.07188974133095774,0.0,0.0,0,0,0.1223939371636905,-0.4456577074097559,-0.054344348198121145,0.10607517075456385,0.1223939371636905,-0.4456577074097559,0.5346206692224661,0.05787569994469589,0.09247055884616479,0.4692718888022016
calibrate_then_close,38,4,0,0,certified_reset,0,1,0.08402450192645386,0.08003062740806732,0.003993874518386541,0.0678958668125712,0.0,0.0,0,0,-0.054344348198121145,0.10607517075456385,-0.0015259583507209904,0.005748848861422028,-0.054344348198121145,0.10607517075456385,-0.10214554036333362,0.005239500499591346,0.09247055884616479,0.4692718888022016
calibrate_then_close,38,5,0,0,certified_reset,0,1,0.08003062740806732,0.07603675288968079,0.003993874518386541,0.06390199229418467,0.0,0.0,0,0,-0.0015259583507209904,0.005748848861422028,-0.005192015706550687,0.005029731371217377,-0.0015259583507209904,0.005748848861422028,-0.006946310973344618,9.483697173260525e-06,0.09247055884616479,0.4692718888022016
calibrate_then_close,38,6,0,0,certified_reset,0,1,0.07603675288968079,0.07204287837129425,0.003993874518386541,0.05990811777579813,0.0,0.0,0,0,-0.005192015706550687,0.005029731371217377,-0.0022729911345864915,0.0037154734347016123,-0.005192015706550687,0.005029731371217377,-0.0022414944409630514,3.163631011028022e-05,0.09247055884616479,0.4692718888022016
calibrate_then_close,38,7,0,0,certified_reset,0,1,0.07204287837129425,0.06804900385290771,0.003993874518386541,0.05591424325741159,0.0,0.0,0,0,-0.0022729911345864915,0.0037154734347016123,-0.0064548846840354335,-0.0013068653193161691,-0.0022729911345864915,0.0037154734347016123,-0.0032067817264983373,7.908428635859089e-06,0.09247055884616479,0.4692718888022016
calibrate_then_close,38,8,0,0,certified_reset,0,1,0.06804900385290771,0.06405512933452118,0.003993874518386541,0.051920368739025044,0.0,0.0,0,0,-0.0064548846840354335,-0.0013068653193161691,-0.0030160476656405366,0.005164852583631759,-0.0064548846840354335,-0.0013068653193161691,0.008350977946776394,4.37164285541935e-05,0.09247055884616479,0.4692718888022016
calibrate_then_close,38,9,0,0,certified_reset,0,1,0.06405512933452118,0.060061254816134634,0.003993874518386541,0.0479264942206385,0.0,0.0,0,0,-0.0030160476656405366,0.005164852583631759,-0.008135117250806534,0.014070699123201632,-0.0030160476656405366,0.005164852583631759,-0.00460303752952793,1.4427868781788373e-05,0.09247055884616479,0.4692718888022016
calibrate_then_close,38,10,0,0,certified_reset,0,1,0.060061254816134634,0.05606738029774809,0.003993874518386541,0.04393261970225196,0.0,0.0,0,0,-0.008135117250806534,0.014070699123201632,-0.00897053260471999,0.006398434883080118,-0.008135117250806534,0.014070699123201632,-0.012623483420207528,0.0001058011643126965,0.09247055884616479,0.4692718888022016
calibrate_then_close,38,11,0,0,certified_reset,0,1,0.05606738029774809,0.05207350577936155,0.003993874518386541,0.039938745183865414,0.0,0.0,0,0,-0.00897053260471999,0.006398434883080118,0.0013568117458939342,0.010043726591696205,-0.00897053260471999,0.006398434883080118,-0.000493016333874263,8.784572625152403e-05,0.09247055884616479,0.4692718888022016
calibrate_then_close,38,12,0,0,certified_reset,0,1,0.05207350577936155,0.048079631260975,0.003993874518386541,0.03594487066547887,0.0,0.0,0,0,0.0013568117458939342,0.010043726591696205,0.004517801372812052,-0.0027177073564874556,0.0013568117458939342,0.010043726591696205,-0.01614650543404162,2.6516438949858322e-05,0.09247055884616479,0.4692718888022016
calibrate_then_close,38,13,0,0,certified_reset,0,1,0.048079631260975,0.04408575674258846,0.003993874518386541,0.03195099614709233,0.0,0.0,0,0,0.004517801372812052,-0.0027177073564874556,-0.00770579711201692,-0.007250251466051816,0.004517801372812052,-0.0027177073564874556,-0.00049727545076472,2.1746179305621882e-05,0.09247055884616479,0.4692718888022016
calibrate_then_close,38,14,0,0,certified_reset,0,1,0.04408575674258846,0.040091882224201916,0.003993874518386541,0.027957121628705783,0.0,0.0,0,0,-0.00770579711201692,-0.007250251466051816,-0.0019440294585926989,0.017164283266820395,-0.00770579711201692,-0.007250251466051816,0.018355277043255618,7.726412035271255e-05,0.09247055884616479,0.4692718888022016
calibrate_then_close,38,15,0,0,certified_reset,0,1,0.040091882224201916,0.03609800770581537,0.003993874518386541,0.023963247110319243,0.0,0.0,0,0,-0.0019440294585926989,0.017164283266820395,-0.00474893016723572,-0.007277479904031322,-0.0019440294585926989,0.017164283266820395,-0.023351816582673934,7.044220559010446e-05,0.09247055884616479,0.4692718888022016
calibrate_then_close,38,16,0,0,certified_reset,0,1,0.03609800770581537,0.03210413318742883,0.003993874518386541,0.019969372591932703,0.0,0.0,0,0,-0.00474893016723572,-0.007277479904031322,0.00033460994307429794,0.0026797492136622766,-0.00474893016723572,-0.007277479904031322,0.015449886037690326,3.80529206733663e-05,0.09247055884616479,0.4692718888022016
calibrate_then_close,38,17,0,0,certified_reset,0,1,0.03210413318742883,0.02811025866904229,0.003993874518386541,0.015975498073546163,0.0,0.0,0,0,0.00033460994307429794,0.0026797492136622766,0.007079673938637376,-0.006108847207988363,0.00033460994307429794,0.0026797492136622766,-0.004281920921113948,1.862925036033264e-06,0.09247055884616479,0.4692718888022016
calibrate_then_close,38,18,0,0,certified_reset,0,1,0.02811025866904229,0.02411638415065575,0.003993874518386541,0.011981623555159623,0.0,0.0,0,0,0.007079673938637376,-0.006108847207988363,0.0015127643021681768,-0.0034712775494012593,0.007079673938637376,-0.006108847207988363,0.0019539879104260344,5.693447735417203e-05,0.09247055884616479,0.4692718888022016
calibrate_then_close,38,19,1,1,certified_reset,0,1,0.02411638415065575,0.02012250963226921,0.003993874518386541,0.007987749036773082,0.0,0.0,0,0,0.0015127643021681768,-0.0034712775494012593,0.009009896152709033,0.03830845539040293,0.0015127643021681768,-0.0034712775494012593,0.00360453557146366,4.78223095955894e-06,0.09744082949644373,0.49914169846942547
calibrate_then_close,38,20,1,1,certified_reset,0,1,0.02012250963226921,0.01612863511388267,0.003993874518386541,0.003993874518386541,0.0,0.0,0,0,0.009009896152709033,0.03830845539040293,0.002819223252747421,-0.03816958023743895,0.009009896152709033,0.03830845539040293,-0.06540446174766984,0.00045227861488688964,0.09744082949644373,0.49914169846942547
calibrate_then_close,38,21,1,1,certified_reset,0,1,0.01612863511388267,0.01213476059549613,0.003993874518386541,0.0,0.0,0.0,0,0,0.002819223252747421,-0.03816958023743895,-0.004386514909271795,0.030721140881010495,0.002819223252747421,-0.03816958023743895,0.053424299735800616,0.0003415469487957607,0.09744082949644373,0.49914169846942547
calibrate_then_close,39,0,0,0,certified_reset,0,1,0.1,0.09600612548161347,0.003993874518386541,0.08387136488611735,0.0,0.0,0,0,4.858349375226014,-0.49866264622130524,3.58990387512782,-2.044328218264112,4.858349375226014,-0.49866264622130524,-1.55,23.70838075001156,0.09247055884616479,0.4692718888022016
calibrate_then_close,39,1,1,1,certified_reset,0,1,0.09600612548161347,0.09201225096322693,0.003993874518386541,0.07987749036773081,0.0,0.0,0,0,3.58990387512782,-2.044328218264112,1.516098005443249,-2.0637918939730677,3.58990387512782,-2.044328218264112,-0.017034617864234852,13.639687102631248,0.09744082949644373,0.49914169846942547
calibrate_then_close,39,2,1,1,certified_reset,0,1,0.09201225096322693,0.0880183764448404,0.003993874518386541,0.07588361584934428,0.0,0.0,0,0,1.516098005443249,-2.0637918939730677,0.22220897641315857,-0.5618880372984654,1.516098005443249,-2.0637918939730677,1.5304830911124625,3.1237752811067363,0.09744082949644373,0.49914169846942547
calibrate_then_close,39,3,1,1,certified_reset,0,1,0.0880183764448404,0.08402450192645386,0.003993874518386541,0.07188974133095774,0.0,0.0,0,0,0.22220897641315857,-0.5618880372984654,-0.047464196030655506,-0.004650699639704381,0.22220897641315857,-0.5618880372984654,0.6064461435312986,0.11540052228632515,0.09744082949644373,0.49914169846942547
calibrate_then_close,39,4,0,0,certified_reset,0,1,0.08402450192645386,0.08003062740806732,0.003993874518386541,0.0678958668125712,0.0,0.0,0,0,-0.047464196030655506,-0.004650699639704381,-0.028147981968047388,0.04457800659748551,-0.047464196030655506,-0.004650699639704381,0.05411091308632935,0.0023299428989973755,0.09247055884616479,0.4692718888022016
calibrate_then_close,39,5,0,0,certified_reset,0,1,0.08003062740806732,0.07603675288968079,0.003993874518386541,0.06390199229418467,0.0,0.0,0,0,-0.028147981968047388,0.04457800659748551,-0.001388519637493229,0.006005162545088967,-0.028147981968047388,0.04457800659748551,-0.03764180282367648,0.0011854272828659175,0.09247055884616479,0.4692718888022016
calibrate_then_close,39,6,0,0,certified_reset,0,1,0.07603675288968079,0.07204287837129425,0.003993874518386541,0.05990811777579813,0.0,0.0,0,0,-0.001388519637493229,0.006005162545088967,-0.0008527867170878844,-0.015317397715730475,-0.001388519637493229,0.006005162545088967,-0.007463198536858263,9.811625988447503e-06,0.09247055884616479,0.4692718888022016
calibrate_then_close,39,7,0,0,certified_reset,0,1,0.07204287837129425,0.06804900385290771,0.003993874518386541,0.05591424325741159,0.0,0.0,0,0,-0.0008527867170878844,-0.015317397715730475,-0.004815760233188384,0.00571885996628577,-0.0008527867170878844,-0.015317397715730475,0.023414493143253674,5.666528851446409e-05,0.09247055884616479,0.4692718888022016
calibrate_then_close,39,8,0,0,certified_reset,0,1,0.06804900385290771,0.06405512933452118,0.003993874518386541,0.051920368739025044,0.0,0.0,0,0,-0.004815760233188384,0.00571885996628577,-0.00014357349176066163,0.006803081160300162,-0.004815760233188384,0.00571885996628577,-0.003629459952341575,2.9407835788717415e-05,0.09247055884616479,0.4692718888022016
calibrate_then_close,39,9,0,0,certified_reset,0,1,0.06405512933452118,0.060061254816134634,0.003993874518386541,0.0479264942206385,0.0,0.0,0,0,-0.00014357349176066163,0.006803081160300162,-0.0022762097964500036,-0.016121622593835417,-0.00014357349176066163,0.006803081160300162,-0.0098771316300781,1.079030096773716e-05,0.09247055884616479,0.4692718888022016
calibrate_then_close,39,10,0,0,certified_reset,0,1,0.060061254816134634,0.05606738029774809,0.003993874518386541,0.04393261970225196,0.0,0.0,0,0,-0.0022762097964500036,-0.016121622593835417,0.006324367278633761,0.009792661478810688,-0.0022762097964500036,-0.016121622593835417,0.02601752747627394,6.888713314737333e-05,0.09247055884616479,0.4692718888022016
calibrate_then_close,39,11,0,0,certified_reset,0,1,0.05606738029774809,0.05207350577936155,0.003993874518386541,0.039938745183865414,0.0,0.0,0,0,0.006324367278633761,0.009792661478810688,-0.00030038951639728157,-0.008305116061485566,0.006324367278633761,0.009792661478810688,-0.02072476977561166,6.799684292230096e-05,0.09247055884616479,0.4692718888022016
calibrate_then_close,39,12,0,0,certified_reset,0,1,0.05207350577936155,0.048079631260975,0.003993874518386541,0.03594487066547887,0.0,0.0,0,0,-0.00030038951639728157,-0.008305116061485566,0.0009388986951388706,0.0074079983859265276,-0.00030038951639728157,-0.008305116061485566,0.012535088955254136,1.643393674251894e-05,0.09247055884616479,0.4692718888022016
calibrate_then_close,39,13,0,0,certified_reset,0,1,0.048079631260975,0.04408575674258846,0.003993874518386541,0.03195099614709233,0.0,0.0,0,0,0.0009388986951388706,0.0074079983859265276,0.008930834875616009,-0.006416826296634842,0.0009388986951388706,0.0074079983859265276,-0.011847141745676639,1.4268519163747535e-05,0.09247055884616479,0.4692718888022016
calibrate_then_close,39,14,0,0,certified_reset,0,1,0.04408575674258846,0.040091882224201916,0.003993874518386541,0.027957121628705783,0.0,0.0,0,0,0.008930834875616009,-0.006416826296634842,0.009977769808028055,-0.01039263224280099,0.008930834875616009,-0.006416826296634842,0.0005582595168764167,8.717922166753699e-05,0.09247055884616479,0.4692718888022016
calibrate_then_close,39,15,0,0,certified_reset,0,1,0.040091882224201916,0.03609800770581537,0.003993874518386541,0.023963247110319243,0.0,0.0,0,0,0.009977769808028055,-0.01039263224280099,0.0028966944595536117,-0.004555729742722014,0.009977769808028055,-0.01039263224280099,0.005370101259317678,0.00011971806491851855,0.09247055884616479,0.4692718888022016
calibrate_then_close,39,16,0,0,certified_reset,0,1,0.03609800770581537,0.03210413318742883,0.003993874518386541,0.019969372591932703,0.0,0.0,0,0,0.0028966944595536117,-0.004555729742722014,-0.00028683496456388647,-0.023988418672890303,0.0028966944595536117,-0.004555729742722014,0.003822719538020975,1.249200963663773e-05,0.09247055884616479,0.4692718888022016
calibrate_then_close,39,17,0,0,certified_reset,0,1,0.03210413318742883,0.02811025866904229,0.003993874518386541,0.015975498073546163,0.0,0.0,0,0,-0.00028683496456388647,-0.023988418672890303,-0.004971930762539579,0.011462217603985062,-0.00028683496456388647,-0.023988418672890303,0.0356219249183066,0.00013538527414569016,0.09247055884616479,0.4692718888022016
calibrate_then_close,39,18,0,0,certified_reset,0,1,0.02811025866904229,0.02411638415065575,0.003993874518386541,0.011981623555159623,0.0,0.0,0,0,-0.004971930762539579,0.011462217603985062,0.0018871344746166517,-0.004734913329845771,-0.004971930762539579,0.011462217603985062,-0.011936672346672004,5.1931037007481404e-05,0.09247055884616479,0.4692718888022016
calibrate_then_close,39,19,0,0,certified_reset,0,1,0.02411638415065575,0.02012250963226921,0.003993874518386541,0.007987749036773082,0.0,0.0,0,0,0.0018871344746166517,-0.004734913329845771,0.005350471923440341,-0.0033359701608849136,0.0018871344746166517,-0.004734913329845771,0.0050924260546972855,8.24508936675787e-06,0.09247055884616479,0.4692718888022016
calibrate_then_close,39,20,0,0,certified_reset,0,1,0.02012250963226921,0.01612863511388267,0.003993874518386541,0.003993874518386541,0.0,0.0,0,0,0.005350471923440341,-0.0033359701608849136,0.0016957207067533483,-0.00548436755658963,0.005350471923440341,-0.0033359701608849136,-0.0004111851093002204,3.0634942077952756e-05,0.09247055884616479,0.4692718888022016
calibrate_then_close,39,21,0,0,certified_reset,0,1,0.01612863511388267,0.01213476059549613,0.003993874518386541,0.0,0.0,0.0,0,0,0.0016957207067533483,-0.00548436755658963,7.187946715777617e-05,-0.008561219471241045,0.0016957207067533483,-0.00548436755658963,0.006386116954982035,9.309122708618923e-06,0.09247055884616479,0.4692718888022016
calibrate_then_close,40,0,0,0,certified_reset,0,1,0.1,0.09600612548161347,0.003993874518386541,0.08387136488611735,0.0,0.0,0,0,5.954108729391779,-0.4827762025537019,4.690278840977508,-2.04003262176495,5.954108729391779,-0.4827762025537019,-1.55,35.55342637653477,0.09247055884616479,0.4692718888022016
calibrate_then_close,40,1,0,0,certified_reset,0,1,0.09600612548161347,0.09201225096322693,0.003993874518386541,0.07987749036773081,0.0,0.0,0,0,4.690278840977508,-2.04003262176495,2.3453112465581,-2.642898260426329,4.690278840977508,-2.04003262176495,-0.5966214682327744,22.75672649314596,0.09247055884616479,0.4692718888022016
calibrate_then_close,40,2,0,0,certified_reset,0,1,0.09201225096322693,0.0880183764448404,0.003993874518386541,0.07588361584934428,0.0,0.0,0,0,2.3453112465581,-2.642898260426329,0.4751857966997469,-1.0936205682961477,2.3453112465581,-2.642898260426329,1.55,6.8178313619255215,0.09247055884616479,0.4692718888022016
calibrate_then_close,40,3,0,0,certified_reset,0,1,0.0880183764448404,0.08402450192645386,0.003993874518386541,0.07188974133095774,0.0,0.0,0,0,0.4751857966997469,-1.0936205682961477,-0.0563896335384176,0.04965156481133195,0.4751857966997469,-1.0936205682961477,1.1378324381679998,0.4734491783509266,0.09247055884616479,0.4692718888022016
calibrate_then_close,40,4,0,0,certified_reset,0,1,0.08402450192645386,0.08003062740806732,0.003993874518386541,0.0678958668125712,0.0,0.0,0,0,-0.0563896335384176,0.04965156481133195,-0.013884063686715926,0.029335968561165847,-0.0563896335384176,0.04965156481133195,-0.01699514920142552,0.003630761667885,0.09247055884616479,0.4692718888022016
calibrate_then_close,40,5,0,0,certified_reset,0,1,0.08003062740806732,0.07603675288968079,0.003993874518386541,0.06390199229418467,0.0,0.0,0,0,-0.013884063686715926,0.029335968561165847,-0.005821756439712407,-0.008318709993268485,-0.013884063686715926,0.029335968561165847,-0.029391607442918195,0.00036927171841465693,0.09247055884616479,0.4692718888022016
calibrate_then_close,40,6,0,0,certified_reset,0,1,0.07603675288968079,0.07204287837129425,0.003993874518386541,0.05990811777579813,0.0,0.0,0,0,-0.005821756439712407,-0.008318709993268485,-0.007306705392197966,0.004158065366927547,-0.005821756439712407,-0.008318709993268485,0.018052540806620717,5.449637225407943e-05,0.09247055884616479,0.4692718888022016
calibrate_then_close,40,7,0,0,certified_reset,0,1,0.07204287837129425,0.06804900385290771,0.003993874518386541,0.05591424325741159,0.0,0.0,0,0,-0.007306705392197966,0.004158065366927547,-0.009311342607456622,0.0060413138280198545,-0.007306705392197966,0.004158065366927547,0.0011505024509531946,5.653314645283169e-05,0.09247055884616479,0.4692718888022016
calibrate_then_close,40,8,0,0,certified_reset,0,1,0.06804900385290771,0.06405512933452118,0.003993874518386541,0.051920368739025044,0.0,0.0,0,0,-0.009311342607456622,0.0060413138280198545,-0.005309679771205752,0.004755157654564572,-0.009311342607456622,0.0060413138280198545,0.0003737605528703886,9.327413867556143e-05,0.09247055884616479,0.4692718888022016
calibrate_then_close,40,9,0,0,certified_reset,0,1,0.06405512933452118,0.060061254816134634,0.003993874518386541,0.0479264942206385,0.0,0.0,0,0,-0.005309679771205752,0.004755157654564572,-0.0012966535692175206,-0.009168912455132384,-0.005309679771205752,0.004755157654564572,-0.001716747404078034,3.2336454191544316e-05,0.09247055884616479,0.4692718888022016
calibrate_then_close,40,10,0,0,certified_reset,0,1,0.060061254816134634,0.05606738029774809,0.003993874518386541,0.04393261970225196,0.0,0.0,0,0,-0.0012966535692175206,-0.009168912455132384,-0.004493168885476398,0.00199952924865552,-0.0012966535692175206,-0.009168912455132384,0.014795717257210819,2.2286553717226404e-05,0.09247055884616479,0.4692718888022016
calibrate_then_close,40,11,0,0,certified_reset,0,1,0.05606738029774809,0.05207350577936155,0.003993874518386541,0.039938745183865414,0.0,0.0,0,0,-0.004493168885476398,0.00199952924865552,0.005909563423962414,0.0035383560092682054,-0.004493168885476398,0.00199952924865552,0.0015311568684913683,2.0966838766232622e-05,0.09247055884616479,0.4692718888022016
calibrate_then_close,40,12,0,0,certified_reset,0,1,0.05207350577936155,0.048079631260975,0.003993874518386541,0.03594487066547887,0.0,0.0,0,0,0.005909563423962414,0.0035383560092682054,-0.0003803613435473287,-0.006152195132682026,0.005909563423962414,0.0035383560092682054,-0.011096774314038443,4.025499325095035e-05,0.09247055884616479,0.4692718888022016
calibrate_then_close,40,13,2,2,certified_reset,0,1,0.048079631260975,0.04408575674258846,0.003993874518386541,0.03195099614709233,0.0,0.0,0,0,-0.0003803613435473287,-0.006152195132682026,-0.013050158236937464,0.07545447234204922,-0.0003803613435473287,-0.006152195132682026,0.009443047565258291,9.186864325765748e-06,0.10372612354602789,0.5374732092193446
calibrate_then_close,40,14,2,2,certified_reset,0,1,0.04408575674258846,0.040091882224201916,0.003993874518386541,0.027957121628705783,0.0,0.0,0,0,-0.013050158236937464,0.07545447234204922,0.04269035518384402,0.03645548212505931,-0.013050158236937464,0.07545447234204922,-0.09816033052609587,0.0014360008235889889,0.10372612354602789,0.5374732092193446
calibrate_then_close,40,15,2,2,certified_reset,0,1,0.040091882224201916,0.03609800770581537,0.003993874518386541,0.023963247110319243,0.0,0.0,0,0,0.04269035518384402,0.03645548212505931,0.040911923388192585,-0.04411045470897376,0.04269035518384402,0.03645548212505931,-0.09621541237371778,0.0022931219570335656,0.10372612354602789,0.5374732092193446
calibrate_then_close,40,16,2,2,certified_reset,0,1,0.03609800770581537,0.03210413318742883,0.003993874518386541,0.019969372591932703,0.0,0.0,0,0,0.040911923388192585,-0.04411045470897376,-0.021264367349285173,0.07349256567769097,0.040911923388192585,-0.04411045470897376,0.024244587969603035,0.0020387122751005715,0.10372612354602789,0.5374732092193446
calibrate_then_close,40,17,0,0,certified_reset,0,1,0.03210413318742883,0.02811025866904229,0.003993874518386541,0.015975498073546163,0.0,0.0,0,0,-0.021264367349285173,0.07349256567769097,0.00654541134840571,-0.013944080441454378,-0.021264367349285173,0.07349256567769097,-0.08708394383648582,0.0016139719483984005,0.09247055884616479,0.4692718888022016
calibrate_then_close,40,18,0,0,certified_reset,0,1,0.02811025866904229,0.02411638415065575,0.003993874518386541,0.011981623555159623,0.0,0.0,0,0,0.00654541134840571,-0.013944080441454378,-0.00240131833110077,-0.007693371115565377,0.00654541134840571,-0.013944080441454378,0.014026430484788298,8.27596568078483e-05,0.09247055884616479,0.4692718888022016
calibrate_then_close,40,19,0,0,certified_reset,0,1,0.02411638415065575,0.02012250963226921,0.003993874518386541,0.007987749036773082,0.0,0.0,0,0,-0.00240131833110077,-0.007693371115565377,-0.017262474961004262,0.005537744630456052,-0.00240131833110077,-0.007693371115565377,0.013721550575536232,2.1127186124132372e-05,0.09247055884616479,0.4692718888022016
calibrate_then_close,40,20,0,0,certified_reset,0,1,0.02012250963226921,0.01612863511388267,0.003993874518386541,0.003993874518386541,0.0,0.0,0,0,-0.017262474961004262,0.005537744630456052,0.0010745808896242088,0.011219659021236046,-0.017262474961004262,0.005537744630456052,0.009033070986525732,0.0003055529418720755,0.09247055884616479,0.4692718888022016
calibrate_then_close,40,21,0,0,certified_reset,0,1,0.01612863511388267,0.01213476059549613,0.003993874518386541,0.0,0.0,0.0,0,0,0.0010745808896242088,0.011219659021236046,-0.001318773322962286,-0.004529140498018392,0.0010745808896242088,0.011219659021236046,-0.017600523685654176,3.1557719678082004e-05,0.09247055884616479,0.4692718888022016
calibrate_then_close,41,0,0,0,certified_reset,0,1,0.1,0.09600612548161347,0.003993874518386541,0.08387136488611735,0.0,0.0,0,0,-3.4455384888984306,0.4015975688894572,-2.260242641326451,1.9418456017057242,-3.4455384888984306,0.4015975688894572,1.55,11.960828487801308,0.09247055884616479,0.4692718888022016
calibrate_then_close,41,1,0,0,certified_reset,0,1,0.09600612548161347,0.09201225096322693,0.003993874518386541,0.07987749036773081,0.0,0.0,0,0,-2.260242641326451,1.9418456017057242,-0.6218755490479354,1.3225272571569324,-2.260242641326451,1.9418456017057242,-0.6098526303607449,5.796732384794816,0.09247055884616479,0.4692718888022016
calibrate_then_close,41,2,0,0,certified_reset,0,1,0.09201225096322693,0.0880183764448404,0.003993874518386541,0.07588361584934428,0.0,0.0,0,0,-0.6218755490479354,1.3225272571569324,0.03988035049482146,-0.009177155295920588,-0.6218755490479354,1.3225272571569324,-1.3289649536560548,0.7457169969709692,0.09247055884616479,0.4692718888022016
calibrate_then_close,41,3,0,0,certified_reset,0,1,0.0880183764448404,0.08402450192645386,0.003993874518386541,0.07188974133095774,0.0,0.0,0,0,0.03988035049482146,-0.009177155295920588,0.011213079609208244,-0.03894590887125502,0.03988035049482146,-0.009177155295920588,-0.02618953628249415,0.0016227492831356876,0.09247055884616479,0.4692718888022016
calibrate_then_close,41,4,0,0,certified_reset,0,1,0.08402450192645386,0.08003062740806732,0.003993874518386541,0.0678958668125712,0.0,0.0,0,0,0.011213079609208244,-0.03894590887125502,-0.009446981471881947,0.001986738567160878,0.011213079609208244,-0.03894590887125502,0.046206211376298566,0.00045212959077167936,0.09247055884616479,0.4692718888022016
calibrate_then_close,41,5,0,0,certified_reset,0,1,0.08003062740806732,0.07603675288968079,0.003993874518386541,0.06390199229418467,0.0,0.0,0,0,-0.009446981471881947,0.001986738567160878,-0.004920519830316584,-0.0008196337968914471,-0.009446981471881947,0.001986738567160878,0.006481394551924583,9.100615423768774e-05,0.09247055884616479,0.4692718888022016
calibrate_then_close,41,6,0,0,certified_reset,0,1,0.07603675288968079,0.07204287837129425,0.003993874518386541,0.05990811777579813,0.0,0.0,0,0,-0.004920519830316584,-0.0008196337968914471,-0.005672767967990795,0.013892072974982928,-0.004920519830316584,-0.0008196337968914471,0.006109212157584337,2.5265501151179352e-05,0.09247055884616479,0.4692718888022016
calibrate_then_close,41,7,0,0,certified_reset,0,1,0.07204287837129425,0.06804900385290771,0.003993874518386541,0.05591424325741159,0.0,0.0,0,0,-0.005672767967990795,0.013892072974982928,-0.011477705890277603,-0.005846076252928563,-0.005672767967990795,0.013892072974982928,-0.01481408072733372,7.24048655911666e-05,0.09247055884616479,0.4692718888022016
calibrate_then_close,41,8,0,0,certified_reset,0,1,0.06804900385290771,0.06405512933452118,0.003993874518386541,0.051920368739025044,0.0,0.0,0,0,-0.011477705890277603,-0.005846076252928563,0.003738223362607738,0.005987829327073684,-0.011477705890277603,-0.005846076252928563,0.020041109943667243,0.0001479306740579771,0.09247055884616479,0.4692718888022016
calibrate_then_close,41,9,0,0,certified_reset,0,1,0.06405512933452118,0.060061254816134634,0.003993874518386541,0.0479264942206385,0.0,0.0,0,0,0.003738223362607738,0.005987829327073684,0.008977949999541792,-0.00730359451575311,0.003738223362607738,0.005987829327073684,-0.01254608736921293,2.4363159624673875e-05,0.09247055884616479,0.4692718888022016
calibrate_then_close,41,10,0,0,certified_reset,0,1,0.060061254816134634,0.05606738029774809,0.003993874518386541,0.04393261970225196,0.0,0.0,0,0,0.008977949999541792,-0.00730359451575311,0.002019906954476103,0.0067423657606852,0.008977949999541792,-0.00730359451575311,0.0018177360480665398,9.028783901588046e-05,0.09247055884616479,0.4692718888022016
calibrate_then_close,41,11,0,0,certified_reset,0,1,0.05606738029774809,0.05207350577936155,0.003993874518386541,0.039938745183865414,0.0,0.0,0,0,0.002019906954476103,0.0067423657606852,0.005023480695105057,-0.007645079349235731,0.002019906954476103,0.0067423657606852,-0.011941741761169678,1.582786330115734e-05,0.09247055884616479,0.4692718888022016
calibrate_then_close,41,12,0,0,certified_reset,0,1,0.05207350577936155,0.048079631260975,0.003993874518386541,0.03594487066547887,0.0,0.0,0,0,0.005023480695105057,-0.007645079349235731,-0.0007342983303987125,0.00808845529372311,0.005023480695105057,-0.007645079349235731,0.006257673230401614,3.6734823036655224e-05,0.09247055884616479,0.4692718888022016
calibrate_then_close,41,13,0,0,certified_reset,0,1,0.048079631260975,0.04408575674258846,0.003993874518386541,0.03195099614709233,0.0,0.0,0,0,-0.0007342983303987125,0.00808845529372311,0.001105530027544559,-0.0025869835438412287,-0.0007342983303987125,0.00808845529372311,-0.011180979646862486,1.5440711311555496e-05,0.09247055884616479,0.4692718888022016
calibrate_then_close,41,14,0,0,certified_reset,0,1,0.04408575674258846,0.040091882224201916,0.003993874518386541,0.027957121628705783,0.0,0.0,0,0,0.001105530027544559,-0.0025869835438412287,-0.0035315393360991552,0.007679906144150683,0.001105530027544559,-0.0025869835438412287,0.0027061560780481083,2.6099257538705495e-06,0.09247055884616479,0.4692718888022016
calibrate_then_close,41,15,0,0,certified_reset,0,1,0.040091882224201916,0.03609800770581537,0.003993874518386541,0.023963247110319243,0.0,0.0,0,0,-0.0035315393360991552,0.007679906144150683,-0.0028367356917555512,0.0027105006460032594,-0.0035315393360991552,0.007679906144150683,-0.007794888657414842,2.4607349820886438e-05,0.09247055884616479,0.4692718888022016
calibrate_then_close,41,16,0,0,certified_reset,0,1,0.03609800770581537,0.03210413318742883,0.003993874518386541,0.019969372591932703,0.0,0.0,0,0,-0.0028367356917555512,0.0027105006460032594,0.00936629668411687,-0.0015582481510836728,-0.0028367356917555512,0.0027105006460032594,-0.0011695066657256277,9.403689506266398e-06,0.09247055884616479,0.4692718888022016
calibrate_then_close,41,17,0,0,certified_reset,0,1,0.03210413318742883,0.02811025866904229,0.003993874518386541,0.015975498073546163,0.0,0.0,0,0,0.00936629668411687,-0.0015582481510836728,0.007718087281654417,-0.01234561203187687,0.00936629668411687,-0.0015582481510836728,-0.0070298942340452164,8.940006361250925e-05,0.09247055884616479,0.4692718888022016
calibrate_then_close,41,18,0,0,certified_reset,0,1,0.02811025866904229,0.02411638415065575,0.003993874518386541,0.011981623555159623,0.0,0.0,0,0,0.007718087281654417,-0.01234561203187687,0.0057696942773400525,-0.0007946107863202017,0.007718087281654417,-0.01234561203187687,0.010500690430872676,8.976002833485331e-05,0.09247055884616479,0.4692718888022016
calibrate_then_close,41,19,0,0,certified_reset,0,1,0.02411638415065575,0.02012250963226921,0.003993874518386541,0.007987749036773082,0.0,0.0,0,0,0.0057696942773400525,-0.0007946107863202017,-0.0031306763513757013,0.011064755719484815,0.0057696942773400525,-0.0007946107863202017,-0.004571683127799902,3.3925532353808366e-05,0.09247055884616479,0.4692718888022016
calibrate_then_close,41,20,0,0,certified_reset,0,1,0.02012250963226921,0.01612863511388267,0.003993874518386541,0.003993874518386541,0.0,0.0,0,0,-0.0031306763513757013,0.011064755719484815,0.006796942823658368,-0.004555110551673202,-0.0031306763513757013,0.011064755719484815,-0.013185236346226278,3.618458329844618e-05,0.09247055884616479,0.4692718888022016
calibrate_then_close,41,21,0,0,certified_reset,0,1,0.01612863511388267,0.01213476059549613,0.003993874518386541,0.0,0.0,0.0,0,0,0.006796942823658368,-0.004555110551673202,0.008590116795345711,-0.0009049910078355486,0.006796942823658368,-0.004555110551673202,-6.223402619674086e-05,4.9933354359765026e-05,0.09247055884616479,0.4692718888022016
calibrate_then_close,42,0,0,0,certified_reset,0,1,0.1,0.09600612548161347,0.003993874518386541,0.08387136488611735,0.0,0.0,0,0,1.0842627299816083,-0.45149001661357224,0.41376243247596395,-0.8663385229151757,1.0842627299816083,-0.45149001661357224,-0.4145837397832456,1.2166144418777969,0.09247055884616479,0.4692718888022016
calibrate_then_close,42,1,0,0,certified_reset,0,1,0.09600612548161347,0.09201225096322693,0.003993874518386541,0.07987749036773081,0.0,0.0,0,0,0.41376243247596395,-0.8663385229151757,-0.021392836836380446,0.0007651220256341849,0.41376243247596395,-0.8663385229151757,0.8641886012566069,0.3249675375236056,0.09247055884616479,0.4692718888022016
calibrate_then_close,42,2,0,0,certified_reset,0,1,0.09201225096322693,0.0880183764448404,0.003993874518386541,0.07588361584934428,0.0,0.0,0,0,-0.021392836836380446,0.0007651220256341849,-0.010921066656967996,0.020073087088538562,-0.021392836836380446,0.0007651220256341849,0.020171400047986513,0.0004679309765139338,0.09247055884616479,0.4692718888022016
calibrate_then_close,42,3,0,0,certified_reset,0,1,0.0880183764448404,0.08402450192645386,0.003993874518386541,0.07188974133095774,0.0,0.0,0,0,-0.010921066656967996,0.020073087088538562,0.0007472560668069239,-0.0063666691900906534,-0.010921066656967996,0.020073087088538562,-0.018697984129296234,0.00020053725073595309,0.09247055884616479,0.4692718888022016
calibrate_then_close,42,4,0,0,certified_reset,0,1,0.08402450192645386,0.08003062740806732,0.003993874518386541,0.0678958668125712,0.0,0.0,0,0,0.0007472560668069239,-0.0063666691900906534,0.0037938759420401277,-0.0029353396152599813,0.0007472560668069239,-0.0063666691900906534,0.008629744637904042,9.716409725954516e-06,0.09247055884616479,0.4692718888022016
calibrate_then_close,42,5,0,0,certified_reset,0,1,0.08003062740806732,0.07603675288968079,0.003993874518386541,0.06390199229418467,0.0,0.0,0,0,0.0037938759420401277,-0.0029353396152599813,-0.0029655323433132037,0.001173697911488239,0.0037938759420401277,-0.0029353396152599813,0.0005482495048117616,1.5951928459823655e-05,0.09247055884616479,0.4692718888022016
calibrate_then_close,42,6,0,0,certified_reset,0,1,0.07603675288968079,0.07204287837129425,0.003993874518386541,0.05990811777579813,0.0,0.0,0,0,-0.0029655323433132037,0.001173697911488239,0.007217328528657896,0.0059678131519747685,-0.0029655323433132037,0.001173697911488239,0.0012232690794556046,9.07975378199324e-06,0.09247055884616479,0.4692718888022016
calibrate_then_close,42,7,0,0,certified_reset,0,1,0.07204287837129425,0.06804900385290771,0.003993874518386541,0.05591424325741159,0.0,0.0,0,0,0.007217328528657896,0.0059678131519747685,0.0014694144880336426,-0.012128927148215753,0.007217328528657896,0.0059678131519747685,-0.01597701216912491,6.488211692392724e-05,0.09247055884616479,0.4692718888022016
calibrate_then_close,42,8,0,0,certified_reset,0,1,0.06804900385290771,0.06405512933452118,0.003993874518386541,0.051920368739025044,0.0,0.0,0,0,0.0014694144880336426,-0.012128927148215753,-0.008889924907052949,0.008021110426702702,0.0014694144880336426,-0.012128927148215753,0.016405337252890555,3.536751347518066e-05,0.09247055884616479,0.4692718888022016
calibrate_then_close,42,9,0,0,certified_reset,0,1,0.06405512933452118,0.060061254816134634,0.003993874518386541,0.0479264942206385,0.0,0.0,0,0,-0.008889924907052949,0.008021110426702702,-0.0072868631502805235,0.0069200829194918335,-0.008889924907052949,0.008021110426702702,-0.00296060729931593,9.083077298848404e-05,0.09247055884616479,0.4692718888022016
calibrate_then_close,42,10,0,0,certified_reset,0,1,0.060061254816134634,0.05606738029774809,0.003993874518386541,0.04393261970225196,0.0,0.0,0,0,-0.0072868631502805235,0.0069200829194918335,0.003376955618394333,-0.0013838690161297896,-0.0072868631502805235,0.0069200829194918335,-0.0029387835266042437,6.193404435659787e-05,0.09247055884616479,0.4692718888022016
calibrate_then_close,42,11,0,0,certified_reset,0,1,0.05606738029774809,0.05207350577936155,0.003993874518386541,0.039938745183865414,0.0,0.0,0,0,0.003376955618394333,-0.0013838690161297896,0.00024834401090519033,-0.00012510839661950468,0.003376955618394333,-0.0013838690161297896,-0.0013230445618746937,1.1792307243107434e-05,0.09247055884616479,0.4692718888022016
calibrate_then_close,42,12,0,0,certified_reset,0,1,0.05207350577936155,0.048079631260975,0.003993874518386541,0.03594487066547887,0.0,0.0,0,0,0.00024834401090519033,-0.00012510839661950468,-0.0077925078122232285,0.010707023147033163,0.00024834401090519033,-0.00012510839661950468,-6.596206392767796e-05,6.460090256226386e-08,0.09247055884616479,0.4692718888022016
calibrate_then_close,42,13,0,0,certified_reset,0,1,0.048079631260975,0.04408575674258846,0.003993874518386541,0.03195099614709233,0.0,0.0,0,0,-0.0077925078122232285,0.010707023147033163,0.009239829877345545,-0.00375629236992128,-0.0077925078122232285,0.010707023147033163,-0.008020850776007006,8.296679122363306e-05,0.09247055884616479,0.4692718888022016
calibrate_then_close,42,14,0,0,certified_reset,0,1,0.04408575674258846,0.040091882224201916,0.003993874518386541,0.027957121628705783,0.0,0.0,0,0,0.009239829877345545,-0.00375629236992128,0.011346779886551356,-0.013448592374084549,0.009239829877345545,-0.00375629236992128,-0.0036672097857191758,8.825041867889844e-05,0.09247055884616479,0.4692718888022016
calibrate_then_close,42,15,0,0,certified_reset,0,1,0.040091882224201916,0.03609800770581537,0.003993874518386541,0.023963247110319243,0.0,0.0,0,0,0.011346779886551356,-0.013448592374084549,6.5972166079847e-05,0.0022491096418687405,0.011346779886551356,-0.013448592374084549,0.008509574022033714,0.0001631153696767295,0.09247055884616479,0.4692718888022016
calibrate_then_close,42,16,0,0,certified_reset,0,1,0.03609800770581537,0.03210413318742883,0.003993874518386541,0.019969372591932703,0.0,0.0,0,0,6.5972166079847e-05,0.0022491096418687405,-0.005104385025449514,0.008584755888762521,6.5972166079847e-05,0.0022491096418687405,-0.0033754412294861812,1.1997213666465946e-06,0.09247055884616479,0.4692718888022016
calibrate_then_close,42,17,0,0,certified_reset,0,1,0.03210413318742883,0.02811025866904229,0.003993874518386541,0.015975498073546163,0.0,0.0,0,0,-0.005104385025449514,0.008584755888762521,-0.0018637174143672256,-0.006736517357222085,-0.005104385025449514,0.008584755888762521,-0.0075616695226737585,4.074986369782227e-05,0.09247055884616479,0.4692718888022016
calibrate_then_close,42,18,0,0,certified_reset,0,1,0.02811025866904229,0.02411638415065575,0.003993874518386541,0.011981623555159623,0.0,0.0,0,0,-0.0018637174143672256,-0.006736517357222085,-0.00012186331271844819,0.009166529362020321,-0.0018637174143672256,-0.006736517357222085,0.011777152726599925,1.5109495658004956e-05,0.09247055884616479,0.4692718888022016
calibrate_then_close,42,19,0,0,certified_reset,0,1,0.02411638415065575,0.02012250963226921,0.003993874518386541,0.007987749036773082,0.0,0.0,0,0,-0.00012186331271844819,0.009166529362020321,0.008593047525002898,0.008543352037945956,-0.00012186331271844819,0.009166529362020321,-0.013382860613070523,1.9616921519769092e-05,0.09247055884616479,0.4692718888022016
calibrate_then_close,42,20,0,0,certified_reset,0,1,0.02012250963226921,0.01612863511388267,0.003993874518386541,0.003993874518386541,0.0,0.0,0,0,0.008593047525002898,0.008543352037945956,0.006878698673696164,-0.002077168599034066,0.008593047525002898,0.008543352037945956,-0.02114038856721874,9.81513620142528e-05,0.09247055884616479,0.4692718888022016
calibrate_then_close,42,21,0,0,certified_reset,0,1,0.01612863511388267,0.01213476059549613,0.003993874518386541,0.0,0.0,0.0,0,0,0.006878698673696164,-0.002077168599034066,0.00507887112110059,-0.010772841154310417,0.006878698673696164,-0.002077168599034066,-0.0037897852209814726,4.845219053402497e-05,0.09247055884616479,0.4692718888022016
calibrate_then_close,43,0,1,1,certified_reset,0,1,0.1,0.09600612548161347,0.003993874518386541,0.08387136488611735,0.0,0.0,0,0,3.2111821346932086,0.060016833844726225,2.496227952552219,-1.5117772174989526,3.2111821346932086,0.060016833844726225,-1.55,10.372401565834886,0.09744082949644373,0.49914169846942547
calibrate_then_close,43,1,0,0,certified_reset,0,1,0.09600612548161347,0.09201225096322693,0.003993874518386541,0.07987749036773081,0.0,0.0,0,0,2.496227952552219,-1.5117772174989526,0.9180282142445192,-1.6396933541263274,2.496227952552219,-1.5117772174989526,-0.1281101801817389,6.642948960522497,0.09247055884616479,0.4692718888022016
calibrate_then_close,43,2,0,0,certified_reset,0,1,0.09201225096322693,0.0880183764448404,0.003993874518386541,0.07588361584934428,0.0,0.0,0,0,0.9180282142445192,-1.6396933541263274,0.02358772467407466,-0.14387106158214216,0.9180282142445192,-1.6396933541263274,1.501282546768972,1.3830690074816974,0.09247055884616479,0.4692718888022016
calibrate_then_close,43,3,0,0,certified_reset,0,1,0.0880183764448404,0.08402450192645386,0.003993874518386541,0.07188974133095774,0.0,0.0,0,0,0.02358772467407466,-0.14387106158214216,-0.030480982783022616,0.0412072474663127,0.02358772467407466,-0.14387106158214216,0.18844770993791476,0.005169993064760119,0.09247055884616479,0.4692718888022016
calibrate_then_close,43,4,0,0,certified_reset,0,1,0.08402450192645386,0.08003062740806732,0.003993874518386541,0.0678958668125712,0.0,0.0,0,0,-0.030480982783022616,0.0412072474663127,0.0010801774638402699,0.014668230946489195,-0.030480982783022616,0.0412072474663127,-0.030352586228472124,0.00125776900256283,0.09247055884616479,0.4692718888022016
calibrate_then_close,43,5,0,0,certified_reset,0,1,0.08003062740806732,0.07603675288968079,0.003993874518386541,0.06390199229418467,0.0,0.0,0,0,0.0010801774638402699,0.014668230946489195,0.020054838701804037,-0.014889991159116118,0.0010801774638402699,0.014668230946489195,-0.02267768663832,5.275197997295212e-05,0.09247055884616479,0.4692718888022016
calibrate_then_close,43,6,0,0,certified_reset,0,1,0.07603675288968079,0.07204287837129425,0.003993874518386541,0.05990811777579813,0.0,0.0,0,0,0.020054838701804037,-0.014889991159116118,0.004458336314534696,-0.005397885374159476,0.020054838701804037,-0.014889991159116118,0.001959575627369129,0.0004422006843807016,0.09247055884616479,0.4692718888022016
calibrate_then_close,43,7,0,0,certified_reset,0,1,0.07204287837129425,0.06804900385290771,0.003993874518386541,0.05591424325741159,0.0,0.0,0,0,0.004458336314534696,-0.005397885374159476,0.006874294749962487,-0.0035318636688633264,0.004458336314534696,-0.005397885374159476,0.003511799778339648,2.5429771107839138e-05,0.09247055884616479,0.4692718888022016
calibrate_then_close,43,8,0,0,certified_reset,0,1,0.06804900385290771,0.06405512933452118,0.003993874518386541,0.051920368739025044,0.0,0.0,0,0,0.006874294749962487,-0.0035318636688633264,0.001557640631669821,-0.013415776260202131,0.006874294749962487,-0.0035318636688633264,-0.0016388487403252887,4.956840491478206e-05,0.09247055884616479,0.4692718888022016
calibrate_then_close,43,9,0,0,certified_reset,0,1,0.06405512933452118,0.060061254816134634,0.003993874518386541,0.0479264942206385,0.0,0.0,0,0,0.001557640631669821,-0.013415776260202131,-0.0008827217024489232,0.016337044089584547,0.001557640631669821,-0.013415776260202131,0.018212862034803018,4.311590240438254e-05,0.09247055884616479,0.4692718888022016
calibrate_then_close,43,10,0,0,certified_reset,0,1,0.060061254816134634,0.05606738029774809,0.003993874518386541,0.04393261970225196,0.0,0.0,0,0,-0.0008827217024489232,0.016337044089584547,4.843022080353943e-05,-0.015673805862144972,-0.0008827217024489232,0.016337044089584547,-0.02318933395081409,6.226464955633908e-05,0.09247055884616479,0.4692718888022016
calibrate_then_close,43,11,0,0,certified_reset,0,1,0.05606738029774809,0.05207350577936155,0.003993874518386541,0.039938745183865414,0.0,0.0,0,0,4.843022080353943e-05,-0.015673805862144972,-0.0015578524976641176,0.006281177513995479,4.843022080353943e-05,-0.015673805862144972,0.023042774807812538,5.74968564941339e-05,0.09247055884616479,0.4692718888022016
calibrate_then_close,43,12,0,0,certified_reset,0,1,0.05207350577936155,0.048079631260975,0.003993874518386541,0.03594487066547887,0.0,0.0,0,0,-0.0015578524976641176,0.006281177513995479,0.0032787105657476772,-0.00037644990691033074,-0.0015578524976641176,0.006281177513995479,-0.007703788139477389,1.1012187570145177e-05,0.09247055884616479,0.4692718888022016
calibrate_then_close,43,13,0,0,certified_reset,0,1,0.048079631260975,0.04408575674258846,0.003993874518386541,0.03195099614709233,0.0,0.0,0,0,0.0032787105657476772,-0.00037644990691033074,0.004860430197154901,-0.007611898102050896,0.0032787105657476772,-0.00037644990691033074,-0.002703673890663772,1.0958197902456181e-05,0.09247055884616479,0.4692718888022016
calibrate_then_close,43,14,0,0,certified_reset,0,1,0.04408575674258846,0.040091882224201916,0.003993874518386541,0.027957121628705783,0.0,0.0,0,0,0.004860430197154901,-0.007611898102050896,0.0029937734234019887,-0.002294866344723591,0.004860430197154901,-0.007611898102050896,0.006370730559026399,3.5067815586689135e-05,0.09247055884616479,0.4692718888022016
calibrate_then_close,43,15,0,0,certified_reset,0,1,0.040091882224201916,0.03609800770581537,0.003993874518386541,0.023963247110319243,0.0,0.0,0,0,0.0029937734234019887,-0.002294866344723591,-3.9592065782921505e-05,-0.007587637186786022,0.0029937734234019887,-0.002294866344723591,0.0004036348694707215,9.914706415590481e-06,0.09247055884616479,0.4692718888022016
calibrate_then_close,43,16,0,0,certified_reset,0,1,0.03609800770581537,0.03210413318742883,0.003993874518386541,0.019969372591932703,0.0,0.0,0,0,-3.9592065782921505e-05,-0.007587637186786022,-0.004857881795575104,0.005446168381336092,-3.9592065782921505e-05,-0.007587637186786022,0.011215295979073158,1.3509141983221982e-05,0.09247055884616479,0.4692718888022016
calibrate_then_close,43,17,0,0,certified_reset,0,1,0.03210413318742883,0.02811025866904229,0.003993874518386541,0.015975498073546163,0.0,0.0,0,0,-0.004857881795575104,0.005446168381336092,0.0035274019515557035,0.013615860686446865,-0.004857881795575104,0.005446168381336092,-0.0031842043577644478,2.9191429481395843e-05,0.09247055884616479,0.4692718888022016
calibrate_then_close,43,18,0,0,certified_reset,0,1,0.02811025866904229,0.02411638415065575,0.003993874518386541,0.011981623555159623,0.0,0.0,0,0,0.0035274019515557035,0.013615860686446865,0.001726031985352264,-0.005437853189182948,0.0035274019515557035,0.013615860686446865,-0.023572434910170654,5.9704555919586064e-05,0.09247055884616479,0.4692718888022016
calibrate_then_close,43,19,0,0,certified_reset,0,1,0.02411638415065575,0.02012250963226921,0.003993874518386541,0.007987749036773082,0.0,0.0,0,0,0.001726031985352264,-0.005437853189182948,-0.00568278770750383,0.0006436805047788785,0.001726031985352264,-0.005437853189182948,0.0062905547949929745,9.291107920458594e-06,0.09247055884616479,0.4692718888022016
calibrate_then_close,43,20,0,0,certified_reset,0,1,0.02012250963226921,0.01612863511388267,0.003993874518386541,0.003993874518386541,0.0,0.0,0,0,-0.00568278770750383,0.0006436805047788785,-0.001584887582844935,0.015580991412600071,-0.00568278770750383,0.0006436805047788785,0.004708923358755678,3.292300353512433e-05,0.09247055884616479,0.4692718888022016
calibrate_then_close,43,21,0,0,certified_reset,0,1,0.01612863511388267,0.01213476059549613,0.003993874518386541,0.0,0.0,0.0,0,0,-0.001584887582844935,0.015580991412600071,-0.006428267963063304,-0.012183801970050319,-0.001584887582844935,0.015580991412600071,-0.02137448543260652,5.7631697149886855e-05,0.09247055884616479,0.4692718888022016
calibrate_then_close,44,0,0,0,certified_reset,0,1,0.1,0.09600612548161347,0.003993874518386541,0.08387136488611735,0.0,0.0,0,0,-2.951132122374328,0.5005194957763083,-1.6754063404995019,2.047053855595475,-2.951132122374328,0.5005194957763083,1.55,8.814336861526996,0.09247055884616479,0.4692718888022016
calibrate_then_close,44,1,0,0,certified_reset,0,1,0.09600612548161347,0.09201225096322693,0.003993874518386541,0.07987749036773081,0.0,0.0,0,0,-1.6754063404995019,2.047053855595475,-0.29748568347677573,0.6891159580311028,-1.6754063404995019,2.047053855595475,-1.3471942060976596,3.606637019297004,0.09247055884616479,0.4692718888022016
calibrate_then_close,44,2,0,0,certified_reset,0,1,0.09201225096322693,0.0880183764448404,0.003993874518386541,0.07588361584934428,0.0,0.0,0,0,-0.29748568347677573,0.6891159580311028,0.03581998759049264,-0.030130754658629244,-0.29748568347677573,0.6891159580311028,-0.718908198748313,0.18689700147969543,0.09247055884616479,0.4692718888022016
calibrate_then_close,44,3,0,0,certified_reset,0,1,0.0880183764448404,0.08402450192645386,0.003993874518386541,0.07188974133095774,0.0,0.0,0,0,0.03581998759049264,-0.030130754658629244,-0.002624545550907985,-0.02594820288594465,0.03581998759049264,-0.030130754658629244,0.008717295315840439,0.0014483865196573676,0.09247055884616479,0.4692718888022016
calibrate_then_close,44,4,0,0,certified_reset,0,1,0.08402450192645386,0.08003062740806732,0.003993874518386541,0.0678958668125712,0.0,0.0,0,0,-0.002624545550907985,-0.02594820288594465,-0.007757331234311877,0.00848206133226884,-0.002624545550907985,-0.02594820288594465,0.04083923003386304,0.00016977996903458676,0.09247055884616479,0.4692718888022016
calibrate_then_close,44,5,2,2,certified_reset,0,1,0.08003062740806732,0.07603675288968079,0.003993874518386541,0.06390199229418467,0.0,0.0,0,0,-0.007757331234311877,0.00848206133226884,0.0030599391478110857,0.05390719308120656,-0.007757331234311877,0.00848206133226884,-0.004769148413762546,7.369497289362962e-05,0.10372612354602789,0.5374732092193446
calibrate_then_close,44,6,2,2,certified_reset,0,1,0.07603675288968079,0.07204287837129425,0.003993874518386541,0.05990811777579813,0.0,0.0,0,0,0.0030599391478110857,0.05390719308120656,0.039760309169814004,-0.002434026470050029,0.0030599391478110857,0.05390719308120656,-0.08245882227505956,0.0007024270457240605,0.10372612354602789,0.5374732092193446
calibrate_then_close,44,7,2,2,certified_reset,0,1,0.07204287837129425,0.06804900385290771,0.003993874518386541,0.05591424325741159,0.0,0.0,0,0,0.039760309169814004,-0.002434026470050029,-0.027266777168590627,-0.04286378950294825,0.039760309169814004,-0.002434026470050029,-0.03600678145781196,0.001614360800327204,0.10372612354602789,0.5374732092193446
calibrate_then_close,44,8,2,2,certified_reset,0,1,0.06804900385290771,0.06405512933452118,0.003993874518386541,0.051920368739025044,0.0,0.0,0,0,-0.027266777168590627,-0.04286378950294825,-0.04051514708102376,0.07468311767561531,-0.027266777168590627,-0.04286378950294825,0.09029445847491846,0.0012780191690430947,0.10372612354602789,0.5374732092193446
calibrate_then_close,44,9,2,2,certified_reset,0,1,0.06405512933452118,0.060061254816134634,0.003993874518386541,0.0479264942206385,0.0,0.0,0,0,-0.04051514708102376,0.07468311767561531,0.04827418086089366,0.018666345992109028,-0.04051514708102376,0.07468311767561531,-0.06967292661271694,0.0027667973124014785,0.10372612354602789,0.5374732092193446
calibrate_then_close,44,10,2,2,certified_reset,0,1,0.060061254816134634,0.05606738029774809,0.003993874518386541,0.04393261970225196,0.0,0.0,0,0,0.04827418086089366,0.018666345992109028,-0.005206563847987525,-0.07153361773699721,0.04827418086089366,0.018666345992109028,-0.07556885392760866,0.0025358806749740605,0.10372612354602789,0.5374732092193446
calibrate_then_close,44,11,2,2,certified_reset,0,1,0.05606738029774809,0.05207350577936155,0.003993874518386541,0.039938745183865414,0.0,0.0,0,0,-0.005206563847987525,-0.07153361773699721,-0.057564569582385386,0.029559259506789407,-0.005206563847987525,-0.07153361773699721,0.11056057039727367,0.0012537698242451449,0.10372612354602789,0.5374732092193446
calibrate_then_close,44,12,1,1,certified_reset,0,1,0.05207350577936155,0.048079631260975,0.003993874518386541,0.03594487066547887,0.0,0.0,0,0,-0.057564569582385386,0.029559259506789407,-0.010181972063038426,0.050577504294433674,-0.057564569582385386,0.029559259506789407,0.013776135937275169,0.0034756991873054954,0.09744082949644373,0.49914169846942547
calibrate_then_close,44,13,1,1,certified_reset,0,1,0.048079631260975,0.04408575674258846,0.003993874518386541,0.03195099614709233,0.0,0.0,0,0,-0.010181972063038426,0.050577504294433674,0.0008681973366646677,-0.036685588175178696,-0.010181972063038426,0.050577504294433674,-0.06436858362129085,0.000667710528345395,0.09744082949644373,0.49914169846942547
calibrate_then_close,44,14,2,2,certified_reset,0,1,0.04408575674258846,0.040091882224201916,0.003993874518386541,0.027957121628705783,0.0,0.0,0,0,0.0008681973366646677,-0.036685588175178696,-0.03846611271452349,0.016531818609555222,0.0008681973366646677,-0.036685588175178696,0.053174709095454506,0.00031369233715663287,0.10372612354602789,0.5374732092193446
calibrate_then_close,44,15,2,2,certified_reset,0,1,0.040091882224201916,0.03609800770581537,0.003993874518386541,0.023963247110319243,0.0,0.0,0,0,-0.03846611271452349,0.016531818609555222,-0.07310414240137297,0.037117737701984795,-0.03846611271452349,0.016531818609555222,0.013946329053989008,0.0015336985144955419,0.10372612354602789,0.5374732092193446
calibrate_then_close,44,16,2,2,certified_reset,0,1,0.03609800770581537,0.03210413318742883,0.003993874518386541,0.019969372591932703,0.0,0.0,0,0,-0.07310414240137297,0.037117737701984795,-0.010817447343956042,0.1263383414545366,-0.07310414240137297,0.037117737701984795,0.01811784597312484,0.005600412806188266,0.10372612354602789,0.5374732092193446
calibrate_then_close,44,17,2,2,certified_reset,0,1,0.03210413318742883,0.02811025866904229,0.003993874518386541,0.015975498073546163,0.0,0.0,0,0,-0.010817447343956042,0.1263383414545366,0.020518879754646946,-0.06164454238328905,-0.010817447343956042,0.1263383414545366,-0.17533702173932006,0.003758641720716586,0.10372612354602789,0.5374732092193446
calibrate_then_close,44,18,2,2,certified_reset,0,1,0.02811025866904229,0.02411638415065575,0.003993874518386541,0.011981623555159623,0.0,0.0,0,0,0.020518879754646946,-0.06164454238328905,-0.039395060833781116,0.04863164580046973,0.020518879754646946,-0.06164454238328905,0.07037742723794015,0.001228857912017571,0.10372612354602789,0.5374732092193446
calibrate_then_close,44,19,1,1,certified_reset,0,1,0.02411638415065575,0.02012250963226921,0.003993874518386541,0.007987749036773082,0.0,0.0,0,0,-0.039395060833781116,0.04863164580046973,-0.01429204156290888,0.027288508195530067,-0.039395060833781116,0.04863164580046973,-0.03240927409335585,0.0020039364994659937,0.09744082949644373,0.49914169846942547
calibrate_then_close,44,20,1,1,certified_reset,0,1,0.02012250963226921,0.01612863511388267,0.003993874518386541,0.003993874518386541,0.0,0.0,0,0,-0.01429204156290888,0.027288508195530067,0.03369297853669173,0.030934600867229406,-0.01429204156290888,0.027288508195530067,-0.025962566296987778,0.00035515310557080414,0.09744082949644373,0.49914169846942547
calibrate_then_close,44,21,1,1,certified_reset,0,1,0.01612863511388267,0.01213476059549613,0.003993874518386541,0.0,0.0,0.0,0,0,0.03369297853669173,0.030934600867229406,0.03581263292508517,-0.03657928289545537,0.03369297853669173,0.030934600867229406,-0.07912312011707445,0.0014639794216471567,0.09744082949644373,0.49914169846942547
calibrate_then_close,45,0,0,0,certified_reset,0,1,0.1,0.09600612548161347,0.003993874518386541,0.08387136488611735,0.0,0.0,0,0,3.3139931475550117,-0.5057954883275143,2.0380582882394975,-2.0661631569397008,3.3139931475550117,-0.5057954883275143,-1.55,11.08866231572382,0.09247055884616479,0.4692718888022016
calibrate_then_close,45,1,0,0,certified_reset,0,1,0.09600612548161347,0.09201225096322693,0.003993874518386541,0.07987749036773081,0.0,0.0,0,0,2.0380582882394975,-2.0661631569397008,0.4787391371742404,-1.0417939372288108,2.0380582882394975,-2.0661631569397008,1.0142297985468751,4.947823572765327,0.09247055884616479,0.4692718888022016
calibrate_then_close,45,2,0,0,certified_reset,0,1,0.09201225096322693,0.0880183764448404,0.003993874518386541,0.07588361584934428,0.0,0.0,0,0,0.4787391371742404,-1.0417939372288108,-0.03946479665033453,0.009687750100770939,0.4787391371742404,-1.0417939372288108,1.0579490814938124,0.45253279731458346,0.09247055884616479,0.4692718888022016
calibrate_then_close,45,3,0,0,certified_reset,0,1,0.0880183764448404,0.08402450192645386,0.003993874518386541,0.07188974133095774,0.0,0.0,0,0,-0.03946479665033453,0.009687750100770939,-0.014456465662891048,0.03262605532080135,-0.03946479665033453,0.009687750100770939,0.02502246165539526,0.0015900167146973467,0.09247055884616479,0.4692718888022016
calibrate_then_close,45,4,0,0,certified_reset,0,1,0.08402450192645386,0.08003062740806732,0.003993874518386541,0.0678958668125712,0.0,0.0,0,0,-0.014456465662891048,0.03262605532080135,-0.004729793162990434,0.0021926150585198727,-0.014456465662891048,0.03262605532080135,-0.03366755443762675,0.0004289297124508901,0.09247055884616479,0.4692718888022016
calibrate_then_close,45,5,0,0,certified_reset,0,1,0.08003062740806732,0.07603675288968079,0.003993874518386541,0.06390199229418467,0.0,0.0,0,0,-0.004729793162990434,0.0021926150585198727,-0.005368638003540611,0.004018148456902152,-0.004729793162990434,0.0021926150585198727,0.0014799003672508102,2.329105693516844e-05,0.09247055884616479,0.4692718888022016
calibrate_then_close,45,6,0,0,certified_reset,0,1,0.07603675288968079,0.07204287837129425,0.003993874518386541,0.05990811777579813,0.0,0.0,0,0,-0.005368638003540611,0.004018148456902152,0.005112214167280242,-0.006608620066112453,-0.005368638003540611,0.004018148456902152,-0.00057546690426245,3.1736746130914976e-05,0.09247055884616479,0.4692718888022016
calibrate_then_close,45,7,0,0,certified_reset,0,1,0.07204287837129425,0.06804900385290771,0.003993874518386541,0.05591424325741159,0.0,0.0,0,0,0.005112214167280242,-0.006608620066112453,-0.009099337990651744,-0.000588272553700551,0.005112214167280242,-0.006608620066112453,0.004646460769724106,3.4535768286335796e-05,0.09247055884616479,0.4692718888022016
calibrate_then_close,45,8,0,0,certified_reset,0,1,0.06804900385290771,0.06405512933452118,0.003993874518386541,0.051920368739025044,0.0,0.0,0,0,-0.009099337990651744,-0.000588272553700551,-0.0026774973322026695,0.012484032603714133,-0.009099337990651744,-0.000588272553700551,0.009925839223639835,8.532330060299552e-05,0.09247055884616479,0.4692718888022016
calibrate_then_close,45,9,0,0,certified_reset,0,1,0.06405512933452118,0.060061254816134634,0.003993874518386541,0.0479264942206385,0.0,0.0,0,0,-0.0026774973322026695,0.012484032603714133,0.007454247630765387,0.0170352325406589,-0.0026774973322026695,0.012484032603714133,-0.015726138490853272,4.1404970368897376e-05,0.09247055884616479,0.4692718888022016
calibrate_then_close,45,10,0,0,certified_reset,0,1,0.060061254816134634,0.05606738029774809,0.003993874518386541,0.04393261970225196,0.0,0.0,0,0,0.007454247630765387,0.0170352325406589,0.0061203346958966336,-0.007486539826008283,0.007454247630765387,0.0170352325406589,-0.0325176382166425,0.00013423657420906092,0.09247055884616479,0.4692718888022016
calibrate_then_close,45,11,0,0,certified_reset,0,1,0.05606738029774809,0.05207350577936155,0.003993874518386541,0.039938745183865414,0.0,0.0,0,0,0.0061203346958966336,-0.007486539826008283,0.005131040844515074,0.002189714261588094,0.0061203346958966336,-0.007486539826008283,0.004934857212095311,4.815600732434383e-05,0.09247055884616479,0.4692718888022016
calibrate_then_close,45,12,0,0,certified_reset,0,1,0.05207350577936155,0.048079631260975,0.003993874518386541,0.03594487066547887,0.0,0.0,0,0,0.005131040844515074,0.002189714261588094,0.002833282710434947,-0.005523243851804624,0.005131040844515074,0.002189714261588094,-0.008331868792858816,2.8926153826149745e-05,0.09247055884616479,0.4692718888022016
calibrate_then_close,45,13,0,0,certified_reset,0,1,0.048079631260975,0.04408575674258846,0.003993874518386541,0.03195099614709233,0.0,0.0,0,0,0.002833282710434947,-0.005523243851804624,0.004109498886497439,-0.012215297151854008,0.002833282710434947,-0.005523243851804624,0.005314363135709538,1.4224672382073877e-05,0.09247055884616479,0.4692718888022016
calibrate_then_close,45,14,0,0,certified_reset,0,1,0.04408575674258846,0.040091882224201916,0.003993874518386541,0.027957121628705783,0.0,0.0,0,0,0.004109498886497439,-0.012215297151854008,0.0036212318305859957,0.0017300880066942613,0.004109498886497439,-0.012215297151854008,0.013897550439713757,4.8574956015190074e-05,0.09247055884616479,0.4692718888022016
calibrate_then_close,45,15,0,0,certified_reset,0,1,0.040091882224201916,0.03609800770581537,0.003993874518386541,0.023963247110319243,0.0,0.0,0,0,0.0036212318305859957,0.0017300880066942613,-0.0014378182160959155,-0.0053202875440271045,0.0036212318305859957,0.0017300880066942613,-0.006155353696169842,1.4599306260936313e-05,0.09247055884616479,0.4692718888022016
calibrate_then_close,45,16,0,0,certified_reset,0,1,0.03609800770581537,0.03210413318742883,0.003993874518386541,0.019969372591932703,0.0,0.0,0,0,-0.0014378182160959155,-0.0053202875440271045,-0.006068832244698591,0.01728318772041291,-0.0014378182160959155,-0.0053202875440271045,0.00926696025204259,9.309217749564065e-06,0.09247055884616479,0.4692718888022016
calibrate_then_close,45,17,0,0,certified_reset,0,1,0.03210413318742883,0.02811025866904229,0.003993874518386541,0.015975498073546163,0.0,0.0,0,0,-0.006068832244698591,0.01728318772041291,0.0189834852376208,0.011724375133469684,-0.006068832244698591,0.01728318772041291,-0.01941496146052211,0.00010002178702735798,0.09247055884616479,0.4692718888022016
calibrate_then_close,45,18,0,0,certified_reset,0,1,0.02811025866904229,0.02411638415065575,0.003993874518386541,0.011981623555159623,0.0,0.0,0,0,0.0189834852376208,0.011724375133469684,0.010229675009726446,-0.029590053330152608,0.0189834852376208,0.011724375133469684,-0.036175633431369085,0.0004178325981296446,0.09247055884616479,0.4692718888022016
calibrate_then_close,45,19,0,0,certified_reset,0,1,0.02411638415065575,0.02012250963226921,0.003993874518386541,0.007987749036773082,0.0,0.0,0,0,0.010229675009726446,-0.029590053330152608,-0.0035779795072917943,0.0008319514111942501,0.010229675009726446,-0.029590053330152608,0.033402262691643425,0.00029014185572229017,0.09247055884616479,0.4692718888022016
calibrate_then_close,45,20,0,0,certified_reset,0,1,0.02012250963226921,0.01612863511388267,0.003993874518386541,0.003993874518386541,0.0,0.0,0,0,-0.0035779795072917943,0.0008319514111942501,-0.0019016551287677264,-0.006872182837551635,-0.0035779795072917943,0.0008319514111942501,0.0023397344299830166,1.306338205177709e-05,0.09247055884616479,0.4692718888022016
calibrate_then_close,45,21,0,0,certified_reset,0,1,0.01612863511388267,0.01213476059549613,0.003993874518386541,0.0,0.0,0.0,0,0,-0.0019016551287677264,-0.006872182837551635,8.053740760862859e-06,-0.005789753101044185,-0.0019016551287677264,-0.006872182837551635,0.012014107749129803,1.572560330545418e-05,0.09247055884616479,0.4692718888022016
calibrate_then_close,46,0,1,1,certified_reset,0,1,0.1,0.09600612548161347,0.003993874518386541,0.08387136488611735,0.0,0.0,0,0,-5.30340262191142,0.03927288925164629,-4.473584769961756,1.6204413495526917,-5.30340262191142,0.03927288925164629,1.55,28.18641949486636,0.09744082949644373,0.49914169846942547
calibrate_then_close,46,1,0,0,certified_reset,0,1,0.09600612548161347,0.09201225096322693,0.003993874518386541,0.07987749036773081,0.0,0.0,0,0,-4.473584769961756,1.6204413495526917,-2.351245436331017,2.629706925370114,-4.473584769961756,1.6204413495526917,1.012472667713317,20.51123764672667,0.09247055884616479,0.4692718888022016
calibrate_then_close,46,2,0,0,certified_reset,0,1,0.09201225096322693,0.0880183764448404,0.003993874518386541,0.07588361584934428,0.0,0.0,0,0,-2.351245436331017,2.629706925370114,-0.49467528931385263,1.1102226110899676,-2.351245436331017,2.629706925370114,-1.5325211691195313,6.831835162613539,0.09247055884616479,0.4692718888022016
calibrate_then_close,46,3,0,0,certified_reset,0,1,0.0880183764448404,0.08402450192645386,0.003993874518386541,0.07188974133095774,0.0,0.0,0,0,-0.49467528931385263,1.1102226110899676,0.03666824978607565,-0.02228888426214317,-0.49467528931385263,1.1102226110899676,-1.1428818841225084,0.4992250811957057,0.09247055884616479,0.4692718888022016
calibrate_then_close,46,4,0,0,certified_reset,0,1,0.08402450192645386,0.08003062740806732,0.003993874518386541,0.0678958668125712,0.0,0.0,0,0,0.03666824978607565,-0.02228888426214317,0.007130759351858377,-0.017400466339186408,0.03666824978607565,-0.02228888426214317,-0.0036745451527734007,0.0014343210845232496,0.09247055884616479,0.4692718888022016
calibrate_then_close,46,5,0,0,certified_reset,0,1,0.08003062740806732,0.07603675288968079,0.003993874518386541,0.06390199229418467,0.0,0.0,0,0,0.007130759351858377,-0.017400466339186408,-0.0023480969613883084,0.013892230545398173,0.007130759351858377,-0.017400466339186408,0.018535590212124902,0.00011393665273471987,0.09247055884616479,0.4692718888022016
calibrate_then_close,46,6,0,0,certified_reset,0,1,0.07603675288968079,0.07204287837129425,0.003993874518386541,0.05990811777579813,0.0,0.0,0,0,-0.0023480969613883084,0.013892230545398173,0.006368980712841179,-0.0009782985528182576,-0.0023480969613883084,0.013892230545398173,-0.018127271597771062,4.8467441244333865e-05,0.09247055884616479,0.4692718888022016
calibrate_then_close,46,7,0,0,certified_reset,0,1,0.07204287837129425,0.06804900385290771,0.003993874518386541,0.05591424325741159,0.0,0.0,0,0,0.006368980712841179,-0.0009782985528182576,-0.007727304348237473,-0.005718249876009493,0.006368980712841179,-0.0009782985528182576,-0.004903250385682747,4.133723417968072e-05,0.09247055884616479,0.4692718888022016
calibrate_then_close,46,8,0,0,certified_reset,0,1,0.06804900385290771,0.06405512933452118,0.003993874518386541,0.051920368739025044,0.0,0.0,0,0,-0.007727304348237473,-0.005718249876009493,-0.004734548941954075,0.009429303166289649,-0.007727304348237473,-0.005718249876009493,0.0161206027433164,7.209378700649214e-05,0.09247055884616479,0.4692718888022016
calibrate_then_close,46,9,0,0,certified_reset,0,1,0.06405512933452118,0.060061254816134634,0.003993874518386541,0.0479264942206385,0.0,0.0,0,0,-0.004734548941954075,0.009429303166289649,-0.0003443700660751941,-0.007277730944727566,-0.004734548941954075,0.009429303166289649,-0.009175867258491016,4.0524983658718634e-05,0.09247055884616479,0.4692718888022016
calibrate_then_close,46,10,0,0,certified_reset,0,1,0.060061254816134634,0.05606738029774809,0.003993874518386541,0.04393261970225196,0.0,0.0,0,0,-0.0003443700660751941,-0.007277730944727566,-0.007890003013324964,-0.002693407739623458,-0.0003443700660751941,-0.007277730944727566,0.011061237511100951,1.2711131311025437e-05,0.09247055884616479,0.4692718888022016
calibrate_then_close,46,11,0,0,certified_reset,0,1,0.05606738029774809,0.05207350577936155,0.003993874518386541,0.039938745183865414,0.0,0.0,0,0,-0.007890003013324964,-0.002693407739623458,-0.006556916133951412,0.01243975381802898,-0.007890003013324964,-0.002693407739623458,0.011823383959339488,6.70527579018616e-05,0.09247055884616479,0.4692718888022016
calibrate_then_close,46,12,0,0,certified_reset,0,1,0.05207350577936155,0.048079631260975,0.003993874518386541,0.03594487066547887,0.0,0.0,0,0,-0.006556916133951412,0.01243975381802898,0.0029843763243692484,0.004119355208805233,-0.006556916133951412,0.01243975381802898,-0.011795231597171224,7.432588190801498e-05,0.09247055884616479,0.4692718888022016
calibrate_then_close,46,13,0,0,certified_reset,0,1,0.048079631260975,0.04408575674258846,0.003993874518386541,0.03195099614709233,0.0,0.0,0,0,0.0029843763243692484,0.004119355208805233,0.0016409427655957743,-0.008848712269579395,0.0029843763243692484,0.004119355208805233,-0.009038865575429775,1.4003465038258887e-05,0.09247055884616479,0.4692718888022016
calibrate_then_close,46,14,0,0,certified_reset,0,1,0.04408575674258846,0.040091882224201916,0.003993874518386541,0.027957121628705783,0.0,0.0,0,0,0.0016409427655957743,-0.008848712269579395,0.000522577706678067,0.004680218645325215,0.0016409427655957743,-0.008848712269579395,0.011401925235950537,2.0036738226481138e-05,0.09247055884616479,0.4692718888022016
calibrate_then_close,46,15,0,0,certified_reset,0,1,0.040091882224201916,0.03609800770581537,0.003993874518386541,0.023963247110319243,0.0,0.0,0,0,0.000522577706678067,0.004680218645325215,0.006040424015324992,-1.1787714102538035e-05,0.000522577706678067,0.004680218645325215,-0.0074154490382001125,5.590609952719444e-06,0.09247055884616479,0.4692718888022016
calibrate_then_close,46,16,0,0,certified_reset,0,1,0.03609800770581537,0.03210413318742883,0.003993874518386541,0.019969372591932703,0.0,0.0,0,0,0.006040424015324992,-1.1787714102538035e-05,-0.0010911051657061868,0.005295840685090069,0.006040424015324992,-1.1787714102538035e-05,-0.00599575006153198,3.73854727659606e-05,0.09247055884616479,0.4692718888022016
calibrate_then_close,46,17,0,0,certified_reset,0,1,0.03210413318742883,0.02811025866904229,0.003993874518386541,0.015975498073546163,0.0,0.0,0,0,-0.0010911051657061868,0.005295840685090069,0.002818506876620587,-0.0032058479442422043,-0.0010911051657061868,0.005295840685090069,-0.006716411059328031,7.366532061711268e-06,0.09247055884616479,0.4692718888022016
calibrate_then_close,46,18,0,0,certified_reset,0,1,0.02811025866904229,0.02411638415065575,0.003993874518386541,0.011981623555159623,0.0,0.0,0,0,0.002818506876620587,-0.0032058479442422043,0.0011877416970481653,-0.002990537054675865,0.002818506876620587,-0.0032058479442422043,0.0019121147296215005,9.885328569526778e-06,0.09247055884616479,0.4692718888022016
calibrate_then_close,46,19,0,0,certified_reset,0,1,0.02411638415065575,0.02012250963226921,0.003993874518386541,0.007987749036773082,0.0,0.0,0,0,0.0011877416970481653,-0.002990537054675865,0.005758854902675779,-0.009042065447629442,0.0011877416970481653,-0.002990537054675865,0.003220970614868488,3.2798927690231046e-06,0.09247055884616479,0.4692718888022016
calibrate_then_close,46,20,0,0,certified_reset,0,1,0.02012250963226921,0.01612863511388267,0.003993874518386541,0.003993874518386541,0.0,0.0,0,0,0.005758854902675779,-0.009042065447629442,0.006539855392824771,-0.002820525011549548,0.005758854902675779,-0.009042065447629442,0.007588500319014563,4.9320653778023515e-05,0.09247055884616479,0.4692718888022016
calibrate_then_close,46,21,0,0,certified_reset,0,1,0.01612863511388267,0.01213476059549613,0.003993874518386541,0.0,0.0,0.0,0,0,0.006539855392824771,-0.002820525011549548,-0.0026793644927281166,-0.011472013344740083,0.006539855392824771,-0.002820525011549548,-0.0023536862876373087,4.434016957891431e-05,0.09247055884616479,0.4692718888022016
calibrate_then_close,47,0,0,0,certified_reset,0,1,0.1,0.09600612548161347,0.003993874518386541,0.08387136488611735,0.0,0.0,0,0,-4.146211244934049,0.24885967722323143,-3.1177081947486975,1.8155550945627565,-4.146211244934049,0.24885967722323143,1.55,17.262277792628137,0.09247055884616479,0.4692718888022016
calibrate_then_close,47,1,0,0,certified_reset,0,1,0.09600612548161347,0.09201225096322693,0.003993874518386541,0.07987749036773081,0.0,0.0,0,0,-3.1177081947486975,1.8155550945627565,-1.2527571868638312,1.9278467549836658,-3.1177081947486975,1.8155550945627565,0.11027609088807662,10.313731662259421,0.09247055884616479,0.4692718888022016
calibrate_then_close,47,2,0,0,certified_reset,0,1,0.09201225096322693,0.0880183764448404,0.003993874518386541,0.07588361584934428,0.0,0.0,0,0,-1.2527571868638312,1.9278467549836658,-0.09289543277969654,0.3745598053631165,-1.2527571868638312,1.9278467549836658,-1.55,2.298449829165169,0.09247055884616479,0.4692718888022016
calibrate_then_close,47,3,0,0,certified_reset,0,1,0.0880183764448404,0.08402450192645386,0.003993874518386541,0.07188974133095774,0.0,0.0,0,0,-0.09289543277969654,0.3745598053631165,0.05790081022441456,-0.08187245428875928,-0.09289543277969654,0.3745598053631165,-0.45925997955074704,0.03915566325460896,0.09247055884616479,0.4692718888022016
calibrate_then_close,47,4,0,0,certified_reset,0,1,0.08402450192645386,0.08003062740806732,0.003993874518386541,0.0678958668125712,0.0,0.0,0,0,0.05790081022441456,-0.08187245428875928,0.012208326523636879,-0.01695592246513325,0.05790081022441456,-0.08187245428875928,0.06295094897661539,0.004658132152897777,0.09247055884616479,0.4692718888022016
calibrate_then_close,47,5,0,0,certified_reset,0,1,0.08003062740806732,0.07603675288968079,0.003993874518386541,0.06390199229418467,0.0,0.0,0,0,0.012208326523636879,-0.01695592246513325,-0.0009478590310741993,-0.014003496695599532,0.012208326523636879,-0.01695592246513325,0.012823200122077919,0.00020490469323785707,0.09247055884616479,0.4692718888022016
calibrate_then_close,47,6,0,0,certified_reset,0,1,0.07603675288968079,0.07204287837129425,0.003993874518386541,0.05990811777579813,0.0,0.0,0,0,-0.0009478590310741993,-0.014003496695599532,-0.010111216407258835,0.00176878393949312,-0.0009478590310741993,-0.014003496695599532,0.021570805113296277,4.78285531203442e-05,0.09247055884616479,0.4692718888022016
calibrate_then_close,47,7,0,0,certified_reset,0,1,0.07204287837129425,0.06804900385290771,0.003993874518386541,0.05591424325741159,0.0,0.0,0,0,-0.010111216407258835,0.00176878393949312,-0.004050080118172511,-0.0011044887267288427,-0.010111216407258835,0.00176878393949312,0.007467466510045644,0.00010419392102881619,0.09247055884616479,0.4692718888022016
calibrate_then_close,47,8,0,0,certified_reset,0,1,0.06804900385290771,0.06405512933452118,0.003993874518386541,0.051920368739025044,0.0,0.0,0,0,-0.004050080118172511,-0.0011044887267288427,-0.004812427772421022,0.005845659759733272,-0.004050080118172511,-0.0011044887267288427,0.005660510665690811,1.7423764651071044e-05,0.09247055884616479,0.4692718888022016
calibrate_then_close,47,9,0,0,certified_reset,0,1,0.06405512933452118,0.060061254816134634,0.003993874518386541,0.0479264942206385,0.0,0.0,0,0,-0.004812427772421022,0.005845659759733272,-0.006087483623919884,-0.005346747129619961,-0.004812427772421022,0.005845659759733272,-0.003817887517524197,2.9674780536962515e-05,0.09247055884616479,0.4692718888022016
calibrate_then_close,47,10,0,0,certified_reset,0,1,0.060061254816134634,0.05606738029774809,0.003993874518386541,0.04393261970225196,0.0,0.0,0,0,-0.006087483623919884,-0.005346747129619961,-0.00695274019375022,0.0005962547900347833,-0.006087483623919884,-0.005346747129619961,0.01393327022339079,4.705664422570134e-05,0.09247055884616479,0.4692718888022016
calibrate_then_close,47,11,0,0,certified_reset,0,1,0.05606738029774809,0.05207350577936155,0.003993874518386541,0.039938745183865414,0.0,0.0,0,0,-0.00695274019375022,0.0005962547900347833,-0.010137754578801226,-0.012309559379464,-0.00695274019375022,0.0005962547900347833,0.006046416833022759,4.931856867419147e-05,0.09247055884616479,0.4692718888022016
calibrate_then_close,47,12,0,0,certified_reset,0,1,0.05207350577936155,0.048079631260975,0.003993874518386541,0.03594487066547887,0.0,0.0,0,0,-0.010137754578801226,-0.012309559379464,0.00041550051749003093,0.013730254854827975,-0.010137754578801226,-0.012309559379464,0.028229231895015038,0.00014997085161554761,0.09247055884616479,0.4692718888022016
calibrate_then_close,47,13,0,0,certified_reset,0,1,0.048079631260975,0.04408575674258846,0.003993874518386541,0.03195099614709233,0.0,0.0,0,0,0.00041550051749003093,0.013730254854827975,-0.0021406277759858467,-0.0003833169185031059,0.00041550051749003093,0.013730254854827975,-0.020641300608967912,4.4757804658913846e-05,0.09247055884616479,0.4692718888022016
calibrate_then_close,47,14,0,0,certified_reset,0,1,0.04408575674258846,0.040091882224201916,0.003993874518386541,0.027957121628705783,0.0,0.0,0,0,-0.0021406277759858467,-0.0003833169185031059,-0.0019143083157916955,0.008497631675220454,-0.0021406277759858467,-0.0003833169185031059,0.002695429044449194,4.7903684534655485e-06,0.09247055884616479,0.4692718888022016
calibrate_then_close,47,15,0,0,certified_reset,0,1,0.040091882224201916,0.03609800770581537,0.003993874518386541,0.023963247110319243,0.0,0.0,0,0,-0.0019143083157916955,0.008497631675220454,0.0054728827617198834,-0.014567742564220224,-0.0019143083157916955,0.008497631675220454,-0.010610346456741691,1.947681656199931e-05,0.09247055884616479,0.4692718888022016
calibrate_then_close,47,16,0,0,certified_reset,0,1,0.03609800770581537,0.03210413318742883,0.003993874518386541,0.019969372591932703,0.0,0.0,0,0,0.0054728827617198834,-0.014567742564220224,-0.0029884231415369797,0.0002524674617586089,0.0054728827617198834,-0.014567742564220224,0.016006599073438394,7.455716828610648e-05,0.09247055884616479,0.4692718888022016
calibrate_then_close,47,17,0,0,certified_reset,0,1,0.03210413318742883,0.02811025866904229,0.003993874518386541,0.015975498073546163,0.0,0.0,0,0,-0.0029884231415369797,0.0002524674617586089,0.0006858025669769325,0.0012922685035810593,-0.0029884231415369797,0.0002524674617586089,0.002606255252982123,9.111960201430604e-06,0.09247055884616479,0.4692718888022016
calibrate_then_close,47,18,0,0,certified_reset,0,1,0.02811025866904229,0.02411638415065575,0.003993874518386541,0.011981623555159623,0.0,0.0,0,0,0.0006858025669769325,0.0012922685035810593,-0.00288353362838256,-0.0006736753611101423,0.0006858025669769325,0.0012922685035810593,-0.0025832250197671005,9.377438678034919e-07,0.09247055884616479,0.4692718888022016
calibrate_then_close,47,19,0,0,certified_reset,0,1,0.02411638415065575,0.02012250963226921,0.003993874518386541,0.007987749036773082,0.0,0.0,0,0,-0.00288353362838256,-0.0006736753611101423,-0.0019743173503084166,0.009170830634888223,-0.00288353362838256,-0.0006736753611101423,0.003859464988007219,8.768843864444471e-06,0.09247055884616479,0.4692718888022016
calibrate_then_close,47,20,0,0,certified_reset,0,1,0.02012250963226921,0.01612863511388267,0.003993874518386541,0.003993874518386541,0.0,0.0,0,0,-0.0019743173503084166,0.009170830634888223,0.007219482572204847,0.0022754382407858603,-0.0019743173503084166,0.009170830634888223,-0.011539993445834526,2.2365959434061224e-05,0.09247055884616479,0.4692718888022016
calibrate_then_close,47,21,0,0,certified_reset,0,1,0.01612863511388267,0.01213476059549613,0.003993874518386541,0.0,0.0,0.0,0,0,0.007219482572204847,0.0022754382407858603,-0.009945875090064223,-0.0011513435632631557,0.007219482572204847,0.0022754382407858603,-0.010537371637900148,5.5828805090023594e-05,0.09247055884616479,0.4692718888022016
calibrate_then_close,48,0,2,2,certified_reset,0,1,0.1,0.09600612548161347,0.003993874518386541,0.08387136488611735,0.0,0.0,0,0,5.01774611387291,0.12938347965527697,4.340119579273922,-1.4251933715993084,5.01774611387291,0.12938347965527697,-1.55,25.240851778552077,0.10372612354602789,0.5374732092193446
calibrate_then_close,48,1,0,0,certified_reset,0,1,0.09600612548161347,0.09201225096322693,0.003993874518386541,0.07987749036773081,0.0,0.0,0,0,4.340119579273922,-1.4251933715993084,2.321459098751663,-2.6114912395198884,4.340119579273922,-1.4251933715993084,-1.191883658499714,19.237764335142916,0.09247055884616479,0.4692718888022016
calibrate_then_close,48,2,0,0,certified_reset,0,1,0.09201225096322693,0.0880183764448404,0.003993874518386541,0.07588361584934428,0.0,0.0,0,0,2.321459098751663,-2.6114912395198884,0.47534108048239737,-1.0743715261488427,2.321459098751663,-2.6114912395198884,1.5353437618347114,6.675683927788043,0.09247055884616479,0.4692718888022016
calibrate_then_close,48,3,0,0,certified_reset,0,1,0.0880183764448404,0.08402450192645386,0.003993874518386541,0.07188974133095774,0.0,0.0,0,0,0.47534108048239737,-1.0743715261488427,-0.03875746372174651,0.03800031210997216,0.47534108048239737,-1.0743715261488427,1.1093222632138577,0.4644833916016117,0.09247055884616479,0.4692718888022016
calibrate_then_close,48,4,0,0,certified_reset,0,1,0.08402450192645386,0.08003062740806732,0.003993874518386541,0.0678958668125712,0.0,0.0,0,0,-0.03875746372174651,0.03800031210997216,-0.009619892824688826,0.03536776954091415,-0.03875746372174651,0.03800031210997216,-0.017389315266530998,0.0017696249709604204,0.09247055884616479,0.4692718888022016
calibrate_then_close,48,5,0,0,certified_reset,0,1,0.08003062740806732,0.07603675288968079,0.003993874518386541,0.06390199229418467,0.0,0.0,0,0,-0.009619892824688826,0.03536776954091415,0.010431831751638043,-0.01140143422863227,-0.009619892824688826,0.03536776954091415,-0.04252501817059977,0.00036291000923260414,0.09247055884616479,0.4692718888022016
calibrate_then_close,48,6,0,0,certified_reset,0,1,0.07603675288968079,0.07204287837129425,0.003993874518386541,0.05990811777579813,0.0,0.0,0,0,0.010431831751638043,-0.01140143422863227,0.0051651173574388115,0.00022889835594421676,0.010431831751638043,-0.01140143422863227,0.006405253444173491,0.000133247481931155,0.09247055884616479,0.4692718888022016
calibrate_then_close,48,7,0,0,certified_reset,0,1,0.07204287837129425,0.06804900385290771,0.003993874518386541,0.05591424325741159,0.0,0.0,0,0,0.0051651173574388115,0.00022889835594421676,0.008369067755082704,-0.0011407132696304324,0.0051651173574388115,0.00022889835594421676,-0.005483037683830677,2.7439460874497087e-05,0.09247055884616479,0.4692718888022016
calibrate_then_close,48,8,0,0,certified_reset,0,1,0.06804900385290771,0.06405512933452118,0.003993874518386541,0.051920368739025044,0.0,0.0,0,0,0.008369067755082704,-0.0011407132696304324,0.0027225025848981494,-0.015456303958406203,0.008369067755082704,-0.0011407132696304324,-0.006651469315721539,7.138156700804663e-05,0.09247055884616479,0.4692718888022016
calibrate_then_close,48,9,0,0,certified_reset,0,1,0.06405512933452118,0.060061254816134634,0.003993874518386541,0.0479264942206385,0.0,0.0,0,0,0.0027225025848981494,-0.015456303958406203,-0.006383337343686971,-0.003085541670417645,0.0027225025848981494,-0.015456303958406203,0.02005821478448501,6.047183960312622e-05,0.09247055884616479,0.4692718888022016
calibrate_then_close,48,10,0,0,certified_reset,0,1,0.060061254816134634,0.05606738029774809,0.003993874518386541,0.04393261970225196,0.0,0.0,0,0,-0.006383337343686971,-0.003085541670417645,0.0018400343452459507,0.00044909141412400634,-0.006383337343686971,-0.003085541670417645,0.010896954757478377,4.542928834995096e-05,0.09247055884616479,0.4692718888022016
calibrate_then_close,48,11,0,0,certified_reset,0,1,0.05606738029774809,0.05207350577936155,0.003993874518386541,0.039938745183865414,0.0,0.0,0,0,0.0018400343452459507,0.00044909141412400634,0.0004245961819473646,0.0024219094177798483,0.0018400343452459507,0.00044909141412400634,-0.002493796228575505,3.577504840109312e-06,0.09247055884616479,0.4692718888022016
calibrate_then_close,48,12,0,0,certified_reset,0,1,0.05207350577936155,0.048079631260975,0.003993874518386541,0.03594487066547887,0.0,0.0,0,0,0.0004245961819473646,0.0024219094177798483,-0.0013062833759756288,-0.0027819459425085565,0.0004245961819473646,0.0024219094177798483,-0.003992023303196965,1.6345043100835e-06,0.09247055884616479,0.4692718888022016
calibrate_then_close,48,13,0,0,certified_reset,0,1,0.048079631260975,0.04408575674258846,0.003993874518386541,0.03195099614709233,0.0,0.0,0,0,-0.0013062833759756288,-0.0027819459425085565,0.00840290987521868,0.00884685989485063,-0.0013062833759756288,-0.0027819459425085565,0.005397949631593819,3.82788294484805e-06,0.09247055884616479,0.4692718888022016
calibrate_then_close,48,14,0,0,certified_reset,0,1,0.04408575674258846,0.040091882224201916,0.003993874518386541,0.027957121628705783,0.0,0.0,0,0,0.00840290987521868,0.00884685989485063,0.007752228565745739,-0.023749509157472707,0.00840290987521868,0.00884685989485063,-0.021401871837334923,9.614794472443135e-05,0.09247055884616479,0.4692718888022016
calibrate_then_close,48,15,0,0,certified_reset,0,1,0.040091882224201916,0.03609800770581537,0.003993874518386541,0.023963247110319243,0.0,0.0,0,0,0.007752228565745739,-0.023749509157472707,-0.011342211219681451,0.007192680689683571,0.007752228565745739,-0.023749509157472707,0.027268311054489063,0.0001802131207694319,0.09247055884616479,0.4692718888022016
calibrate_then_close,48,16,0,0,certified_reset,0,1,0.03609800770581537,0.03210413318742883,0.003993874518386541,0.019969372591932703,0.0,0.0,0,0,-0.011342211219681451,0.007192680689683571,-0.0014207298889333305,0.022512916622905457,-0.011342211219681451,0.007192680689683571,0.0007030998078030593,0.00013797035207603557,0.09247055884616479,0.4692718888022016
calibrate_then_close,48,17,0,0,certified_reset,0,1,0.03210413318742883,0.02811025866904229,0.003993874518386541,0.015975498073546163,0.0,0.0,0,0,-0.0014207298889333305,0.022512916622905457,0.00512237505933867,-0.030314647901191007,-0.0014207298889333305,0.022512916622905457,-0.03175169974960454,0.00011845238901861516,0.09247055884616479,0.4692718888022016
calibrate_then_close,48,18,0,0,certified_reset,0,1,0.02811025866904229,0.02411638415065575,0.003993874518386541,0.011981623555159623,0.0,0.0,0,0,0.00512237505933867,-0.030314647901191007,-0.00975453115100922,0.012590164800947169,0.00512237505933867,-0.030314647901191007,0.03955825031472741,0.0002307761233747738,0.09247055884616479,0.4692718888022016
calibrate_then_close,48,19,0,0,certified_reset,0,1,0.02411638415065575,0.02012250963226921,0.003993874518386541,0.007987749036773082,0.0,0.0,0,0,-0.00975453115100922,0.012590164800947169,-0.001710004021515266,0.01137653856667476,-0.00975453115100922,0.012590164800947169,-0.008831134734927559,0.00012563280644237198,0.09247055884616479,0.4692718888022016
calibrate_then_close,48,20,0,0,certified_reset,0,1,0.02012250963226921,0.01612863511388267,0.003993874518386541,0.003993874518386541,0.0,0.0,0,0,-0.001710004021515266,0.01137653856667476,0.0011057454501866453,-0.007034789633580138,-0.001710004021515266,0.01137653856667476,-0.01505218547908965,3.188493430264819e-05,0.09247055884616479,0.4692718888022016
calibrate_then_close,48,21,0,0,certified_reset,0,1,0.01612863511388267,0.01213476059549613,0.003993874518386541,0.0,0.0,0.0,0,0,0.0011057454501866453,-0.007034789633580138,0.005110852434312255,-0.006744493413270823,0.0011057454501866453,-0.007034789633580138,0.009258915935689014,1.2273748842183147e-05,0.09247055884616479,0.4692718888022016
calibrate_then_close,49,0,0,0,certified_reset,0,1,0.1,0.09600612548161347,0.003993874518386541,0.08387136488611735,0.0,0.0,0,0,4.039914065373704,-0.12768781502407728,3.135536997867921,-1.6771275836355675,4.039914065373704,-0.12768781502407728,-1.55,16.383902907663302,0.09247055884616479,0.4692718888022016
calibrate_then_close,49,1,0,0,certified_reset,0,1,0.09600612548161347,0.09201225096322693,0.003993874518386541,0.07987749036773081,0.0,0.0,0,0,3.135536997867921,-1.6771275836355675,1.302750024334252,-1.999760916260965,3.135536997867921,-1.6771275836355675,-0.3007173541016146,10.34014928589745,0.09247055884616479,0.4692718888022016
calibrate_then_close,49,2,0,0,certified_reset,0,1,0.09201225096322693,0.0880183764448404,0.003993874518386541,0.07588361584934428,0.0,0.0,0,0,1.302750024334252,-1.999760916260965,0.07713950282030944,-0.452326436107241,1.302750024334252,-1.999760916260965,1.55,2.4770479958997753,0.09247055884616479,0.4692718888022016
calibrate_then_close,49,3,0,0,certified_reset,0,1,0.0880183764448404,0.08402450192645386,0.003993874518386541,0.07188974133095774,0.0,0.0,0,0,0.07713950282030944,-0.452326436107241,-0.07728536900577947,0.13475487318718385,0.07713950282030944,-0.452326436107241,0.589506718367551,0.05146631403464254,0.09247055884616479,0.4692718888022016
calibrate_then_close,49,4,0,0,certified_reset,0,1,0.08402450192645386,0.08003062740806732,0.003993874518386541,0.0678958668125712,0.0,0.0,0,0,-0.07728536900577947,0.13475487318718385,0.00011872102941140258,0.015316078066052513,-0.07728536900577947,0.13475487318718385,-0.12154914824089436,0.009610980800896592,0.09247055884616479,0.4692718888022016
calibrate_then_close,49,5,2,2,certified_reset,0,1,0.08003062740806732,0.07603675288968079,0.003993874518386541,0.06390199229418467,0.0,0.0,0,0,0.00011872102941140258,0.015316078066052513,-0.003227921976381498,0.023771888942477122,0.00011872102941140258,0.015316078066052513,-0.02267910510245976,5.509744440760959e-05,0.10372612354602789,0.5374732092193446
calibrate_then_close,49,6,2,2,certified_reset,0,1,0.07603675288968079,0.07204287837129425,0.003993874518386541,0.05990811777579813,0.0,0.0,0,0,-0.003227921976381498,0.023771888942477122,-0.008031996807354462,-0.02637042953666318,-0.003227921976381498,0.023771888942477122,-0.031802928108499745,0.0001374236228932906,0.10372612354602789,0.5374732092193446
calibrate_then_close,49,7,2,2,certified_reset,0,1,0.07204287837129425,0.06804900385290771,0.003993874518386541,0.05591424325741159,0.0,0.0,0,0,-0.008031996807354462,-0.02637042953666318,-0.016176146440242848,0.06729502180590582,-0.008031996807354462,-0.02637042953666318,0.046847501858898605,0.0002445521031845012,0.10372612354602789,0.5374732092193446
calibrate_then_close,49,8,2,2,certified_reset,0,1,0.06804900385290771,0.06405512933452118,0.003993874518386541,0.051920368739025044,0.0,0.0,0,0,-0.016176146440242848,0.06729502180590582,0.06600734743010774,0.004020490961494302,-0.016176146440242848,0.06729502180590582,-0.08302485914357963,0.0012491474873257836,0.10372612354602789,0.5374732092193446
calibrate_then_close,49,9,2,2,certified_reset,0,1,0.06405512933452118,0.060061254816134634,0.003993874518386541,0.0479264942206385,0.0,0.0,0,0,0.06600734743010774,0.004020490961494302,-0.03575913165143527,-0.056242832014658656,0.06600734743010774,0.004020490961494302,-0.07165388557284956,0.004488236480263988,0.10372612354602789,0.5374732092193446
calibrate_then_close,49,10,2,2,certified_reset,0,1,0.060061254816134634,0.05606738029774809,0.003993874518386541,0.04393261970225196,0.0,0.0,0,0,-0.03575913165143527,-0.056242832014658656,-0.03987881574933408,0.09410796133681597,-0.03575913165143527,-0.056242832014658656,0.11846169868018148,0.0021989309553647734,0.10372612354602789,0.5374732092193446
calibrate_then_close,49,11,2,2,certified_reset,0,1,0.05606738029774809,0.05207350577936155,0.003993874518386541,0.039938745183865414,0.0,0.0,0,0,-0.03987881574933408,0.09410796133681597,-0.006787908890500308,0.06301647566991343,-0.03987881574933408,0.09410796133681597,-0.0989230926517881,0.003429099911719089,0.10372612354602789,0.5374732092193446
calibrate_then_close,49,12,0,0,certified_reset,0,1,0.05207350577936155,0.048079631260975,0.003993874518386541,0.03594487066547887,0.0,0.0,0,0,-0.006787908890500308,0.06301647566991343,0.009004604336326258,-0.019425836540721275,-0.006787908890500308,0.06301647566991343,-0.08607138087087268,0.0009460764892854263,0.09247055884616479,0.4692718888022016
calibrate_then_close,49,13,0,0,certified_reset,0,1,0.048079631260975,0.04408575674258846,0.003993874518386541,0.03195099614709233,0.0,0.0,0,0,0.009004604336326258,-0.019425836540721275,-0.007596644946231478,0.008417819133266445,0.009004604336326258,-0.019425836540721275,0.019652975420308832,0.00015866424788079517,0.09247055884616479,0.4692718888022016
calibrate_then_close,49,14,0,0,certified_reset,0,1,0.04408575674258846,0.040091882224201916,0.003993874518386541,0.027957121628705783,0.0,0.0,0,0,-0.007596644946231478,0.008417819133266445,-0.0039495199817554455,0.008612320761652505,-0.007596644946231478,0.008417819133266445,-0.004830457526743505,7.104708964991568e-05,0.09247055884616479,0.4692718888022016
calibrate_then_close,49,15,0,0,certified_reset,0,1,0.040091882224201916,0.03609800770581537,0.003993874518386541,0.023963247110319243,0.0,0.0,0,0,-0.0039495199817554455,0.008612320761652505,0.006583283125219763,-0.0014404333257191045,-0.0039495199817554455,0.008612320761652505,-0.008753228319482564,3.0865155638896665e-05,0.09247055884616479,0.4692718888022016
calibrate_then_close,49,16,0,0,certified_reset,0,1,0.03609800770581537,0.03210413318742883,0.003993874518386541,0.019969372591932703,0.0,0.0,0,0,0.006583283125219763,-0.0014404333257191045,-0.0017208302329486118,-0.00043337577809839534,0.006583283125219763,-0.0014404333257191045,-0.004430416045703507,4.420380403510557e-05,0.09247055884616479,0.4692718888022016
calibrate_then_close,49,17,0,0,certified_reset,0,1,0.03210413318742883,0.02811025866904229,0.003993874518386541,0.015975498073546163,0.0,0.0,0,0,-0.0017208302329486118,-0.00043337577809839534,-0.004267122534752971,-0.003828724833601107,-0.0017208302329486118,-0.00043337577809839534,0.0023504562243762996,3.1331794239053363e-06,0.09247055884616479,0.4692718888022016
calibrate_then_close,49,18,0,0,certified_reset,0,1,0.02811025866904229,0.02411638415065575,0.003993874518386541,0.011981623555159623,0.0,0.0,0,0,-0.004267122534752971,-0.003828724833601107,-0.008679283274132001,0.0035264169012921127,-0.004267122534752971,-0.003828724833601107,0.009884279823473575,2.3289453510572883e-05,0.09247055884616479,0.4692718888022016
calibrate_then_close,49,19,0,0,certified_reset,0,1,0.02411638415065575,0.02012250963226921,0.003993874518386541,0.007987749036773082,0.0,0.0,0,0,-0.008679283274132001,0.0035264169012921127,-0.00362762617612566,-0.007003502218948321,-0.008679283274132001,0.0035264169012921127,0.0034471449968881806,7.786543927747616e-05,0.09247055884616479,0.4692718888022016
calibrate_then_close,49,20,2,2,certified_reset,0,1,0.02012250963226921,0.01612863511388267,0.003993874518386541,0.003993874518386541,0.0,0.0,0,0,-0.00362762617612566,-0.007003502218948321,0.05660864989834329,0.031571537167019145,-0.00362762617612566,-0.007003502218948321,0.013930140679578214,2.6839719957079605e-05,0.10372612354602789,0.5374732092193446
calibrate_then_close,49,21,2,2,certified_reset,0,1,0.01612863511388267,0.01213476059549613,0.003993874518386541,0.0,0.0,0.0,0,0,0.05660864989834329,0.031571537167019145,-0.006688048382086718,-0.12259974190087992,0.05660864989834329,0.031571537167019145,-0.10287757091602738,0.0036485512608886834,0.10372612354602789,0.5374732092193446
calibrate_then_close,50,0,0,0,certified_reset,0,1,0.1,0.09600612548161347,0.003993874518386541,0.08387136488611735,0.0,0.0,0,0,-4.84838163661766,-0.38799653847668314,-4.458139607033509,1.156467056627509,-4.84838163661766,-0.38799653847668314,1.55,23.593964430787917,0.09247055884616479,0.4692718888022016
calibrate_then_close,50,1,0,0,certified_reset,0,1,0.09600612548161347,0.09201225096322693,0.003993874518386541,0.07987749036773081,0.0,0.0,0,0,-4.458139607033509,1.156467056627509,-2.5249915104977254,2.707611127259242,-4.458139607033509,1.156467056627509,1.55,20.175806145352535,0.09247055884616479,0.4692718888022016
calibrate_then_close,50,2,0,0,certified_reset,0,1,0.09201225096322693,0.0880183764448404,0.003993874518386541,0.07588361584934428,0.0,0.0,0,0,-2.5249915104977254,2.707611127259242,-0.5696036179774127,1.232643877574687,-2.5249915104977254,2.707611127259242,-1.4742708500439914,7.749527434530273,0.09247055884616479,0.4692718888022016
calibrate_then_close,50,3,0,0,certified_reset,0,1,0.0880183764448404,0.08402450192645386,0.003993874518386541,0.07188974133095774,0.0,0.0,0,0,-0.5696036179774127,1.232643877574687,0.04645080961351693,-0.026770836172718637,-0.5696036179774127,1.232643877574687,-1.248610674937607,0.6369179642581867,0.09247055884616479,0.4692718888022016
calibrate_then_close,50,4,0,0,certified_reset,0,1,0.08402450192645386,0.08003062740806732,0.003993874518386541,0.0678958668125712,0.0,0.0,0,0,0.04645080961351693,-0.026770836172718637,0.017662776986224638,-0.038927246186572464,0.04645080961351693,-0.026770836172718637,-0.006814479375649563,0.002287840622469803,0.09247055884616479,0.4692718888022016
calibrate_then_close,50,5,0,0,certified_reset,0,1,0.08003062740806732,0.07603675288968079,0.003993874518386541,0.06390199229418467,0.0,0.0,0,0,0.017662776986224638,-0.038927246186572464,0.004873263423160131,0.0024128582160869556,0.017662776986224638,-0.038927246186572464,0.03975841757138485,0.0006242514742802255,0.09247055884616479,0.4692718888022016
calibrate_then_close,50,6,0,0,certified_reset,0,1,0.07603675288968079,0.07204287837129425,0.003993874518386541,0.05990811777579813,0.0,0.0,0,0,0.004873263423160131,0.0024128582160869556,0.0034047439964020234,-0.023865157878611237,0.004873263423160131,0.0024128582160869556,-0.008403308618407074,2.6562025543684163e-05,0.09247055884616479,0.4692718888022016
calibrate_then_close,50,7,0,0,certified_reset,0,1,0.07204287837129425,0.06804900385290771,0.003993874518386541,0.05591424325741159,0.0,0.0,0,0,0.0034047439964020234,-0.023865157878611237,-0.005855859321104108,0.00826471569089621,0.0034047439964020234,-0.023865157878611237,0.031768005470709425,0.00013934067287349843,0.09247055884616479,0.4692718888022016
calibrate_then_close,50,8,0,0,certified_reset,0,1,0.06804900385290771,0.06405512933452118,0.003993874518386541,0.051920368739025044,0.0,0.0,0,0,-0.005855859321104108,0.00826471569089621,-0.0033697424523909886,-0.004689959012475561,-0.005855859321104108,0.00826471569089621,-0.0063463846666512985,4.759299792823182e-05,0.09247055884616479,0.4692718888022016
calibrate_then_close,50,9,0,0,certified_reset,0,1,0.06405512933452118,0.060061254816134634,0.003993874518386541,0.0479264942206385,0.0,0.0,0,0,-0.0033697424523909886,-0.004689959012475561,0.0013994990229699265,0.0067231819707967095,-0.0033697424523909886,-0.004689959012475561,0.010264418304443603,1.794835007062709e-05,0.09247055884616479,0.4692718888022016
calibrate_then_close,50,10,0,0,certified_reset,0,1,0.060061254816134634,0.05606738029774809,0.003993874518386541,0.04393261970225196,0.0,0.0,0,0,0.0013994990229699265,0.0067231819707967095,0.011160301720436621,-0.015478984685033281,0.0013994990229699265,0.0067231819707967095,-0.011297330457770104,1.3285551048335547e-05,0.09247055884616479,0.4692718888022016
calibrate_then_close,50,11,0,0,certified_reset,0,1,0.05606738029774809,0.05207350577936155,0.003993874518386541,0.039938745183865414,0.0,0.0,0,0,0.011160301720436621,-0.015478984685033281,-0.003139856036908805,-0.006470175665319737,0.011160301720436621,-0.015478984685033281,0.011685265330431531,0.0001710937841755543,0.09247055884616479,0.4692718888022016
calibrate_then_close,50,12,0,0,certified_reset,0,1,0.05207350577936155,0.048079631260975,0.003993874518386541,0.03594487066547887,0.0,0.0,0,0,-0.003139856036908805,-0.006470175665319737,-0.003306717834682217,-0.008151062164120607,-0.003139856036908805,-0.006470175665319737,0.012657368839341274,2.139929174610808e-05,0.09247055884616479,0.4692718888022016
calibrate_then_close,50,13,0,0,certified_reset,0,1,0.048079631260975,0.04408575674258846,0.003993874518386541,0.03195099614709233,0.0,0.0,0,0,-0.003306717834682217,-0.008151062164120607,-0.009435381210478148,0.005015553542897658,-0.003306717834682217,-0.008151062164120607,0.015298376105244241,2.874455721724768e-05,0.09247055884616479,0.4692718888022016
calibrate_then_close,50,14,0,0,certified_reset,0,1,0.04408575674258846,0.040091882224201916,0.003993874518386541,0.027957121628705783,0.0,0.0,0,0,-0.009435381210478148,0.005015553542897658,0.0021005601127972572,0.010054466421364296,-0.009435381210478148,0.005015553542897658,0.0020074630430152083,9.365520620527208e-05,0.09247055884616479,0.4692718888022016
calibrate_then_close,50,15,0,0,certified_reset,0,1,0.040091882224201916,0.03609800770581537,0.003993874518386541,0.023963247110319243,0.0,0.0,0,0,0.0021005601127972572,0.010054466421364296,0.012430689937527505,-0.01477899519174962,0.0021005601127972572,0.010054466421364296,-0.016903428155864167,2.9752112976287948e-05,0.09247055884616479,0.4692718888022016
calibrate_then_close,50,16,0,0,certified_reset,0,1,0.03609800770581537,0.03210413318742883,0.003993874518386541,0.019969372591932703,0.0,0.0,0,0,0.012430689937527505,-0.01477899519174962,-0.0009289129735827861,-0.007145424715632561,0.012430689937527505,-0.01477899519174962,0.00938784926909258,0.00019604071096842413,0.09247055884616479,0.4692718888022016
calibrate_then_close,50,17,0,0,certified_reset,0,1,0.03210413318742883,0.02811025866904229,0.003993874518386541,0.015975498073546163,0.0,0.0,0,0,-0.0009289129735827861,-0.007145424715632561,0.0038477602268180214,0.0137883435647222,-0.0009289129735827861,-0.007145424715632561,0.011450261603904997,1.3330868568456019e-05,0.09247055884616479,0.4692718888022016
calibrate_then_close,50,18,0,0,certified_reset,0,1,0.02811025866904229,0.02411638415065575,0.003993874518386541,0.011981623555159623,0.0,0.0,0,0,0.0038477602268180214,0.0137883435647222,0.006925550781462939,-0.0010801301457355403,0.0038477602268180214,0.0137883435647222,-0.024144127504968034,6.360004637407342e-05,0.09247055884616479,0.4692718888022016
calibrate_then_close,50,19,0,0,certified_reset,0,1,0.02411638415065575,0.02012250963226921,0.003993874518386541,0.007987749036773082,0.0,0.0,0,0,0.006925550781462939,-0.0010801301457355403,-0.005928238432593481,-0.004303265469234062,0.006925550781462939,-0.0010801301457355403,-0.005307075403458432,4.8877382463782575e-05,0.09247055884616479,0.4692718888022016
calibrate_then_close,50,20,0,0,certified_reset,0,1,0.02012250963226921,0.01612863511388267,0.003993874518386541,0.003993874518386541,0.0,0.0,0,0,-0.005928238432593481,-0.004303265469234062,-0.007274833170763998,0.012826802397327527,-0.005928238432593481,-0.004303265469234062,0.012241841398742043,4.222383480024368e-05,0.09247055884616479,0.4692718888022016
calibrate_then_close,50,21,0,0,certified_reset,0,1,0.01612863511388267,0.01213476059549613,0.003993874518386541,0.0,0.0,0.0,0,0,-0.007274833170763998,0.012826802397327527,0.009161121252104405,-0.010239825896819535,-0.007274833170763998,0.012826802397327527,-0.011650168766545583,8.593119322288873e-05,0.09247055884616479,0.4692718888022016
calibrate_then_close,51,0,0,0,certified_reset,0,1,0.1,0.09600612548161347,0.003993874518386541,0.08387136488611735,0.0,0.0,0,0,-5.009233141496509,0.4322500524556515,-3.802639374818952,1.982618052375595,-5.009233141496509,0.4322500524556515,1.5499999999997225,25.186110385279584,0.09247055884616479,0.4692718888022016
calibrate_then_close,51,1,0,0,certified_reset,0,1,0.09600612548161347,0.09201225096322693,0.003993874518386541,0.07987749036773081,0.0,0.0,0,0,-3.802639374818952,1.982618052375595,-1.682429834968462,2.25652643617326,-3.802639374818952,1.982618052375595,0.2828684079183251,15.169605959817435,0.09247055884616479,0.4692718888022016
calibrate_then_close,51,2,0,0,certified_reset,0,1,0.09201225096322693,0.0880183764448404,0.003993874518386541,0.07588361584934428,0.0,0.0,0,0,-1.682429834968462,2.25652643617326,-0.19742518590696623,0.718204084104001,-1.682429834968462,2.25652643617326,-1.55,3.8071767298787895,0.09247055884616479,0.4692718888022016
calibrate_then_close,51,3,0,0,certified_reset,0,1,0.0880183764448404,0.08402450192645386,0.003993874518386541,0.07188974133095774,0.0,0.0,0,0,-0.19742518590696623,0.718204084104001,0.09702602795383465,-0.14322898014011048,-0.19742518590696623,0.718204084104001,-0.8613925348714212,0.15037371066496555,0.09247055884616479,0.4692718888022016
calibrate_then_close,51,4,0,0,certified_reset,0,1,0.08402450192645386,0.08003062740806732,0.003993874518386541,0.0678958668125712,0.0,0.0,0,0,0.09702602795383465,-0.14322898014011048,0.0021245321617317375,-0.03406657445387955,0.09702602795383465,-0.14322898014011048,0.1143795461289676,0.013433734450170728,0.09247055884616479,0.4692718888022016
calibrate_then_close,51,5,0,0,certified_reset,0,1,0.08003062740806732,0.07603675288968079,0.003993874518386541,0.06390199229418467,0.0,0.0,0,0,0.0021245321617317375,-0.03406657445387955,-0.0048043435841205115,0.011563714757165057,0.0021245321617317375,-0.03406657445387955,0.04807068918567957,0.00027117908497979715,0.09247055884616479,0.4692718888022016
calibrate_then_close,51,6,0,0,certified_reset,0,1,0.07603675288968079,0.07204287837129425,0.003993874518386541,0.05990811777579813,0.0,0.0,0,0,-0.0048043435841205115,0.011563714757165057,-0.0012492857308121488,-0.003273621275857202,-0.0048043435841205115,0.011563714757165057,-0.012246362155270519,5.090056174254482e-05,0.09247055884616479,0.4692718888022016
calibrate_then_close,51,7,0,0,certified_reset,0,1,0.07204287837129425,0.06804900385290771,0.003993874518386541,0.05591424325741159,0.0,0.0,0,0,-0.0012492857308121488,-0.003273621275857202,-0.0007785968797600344,0.010615776688918012,-0.0012492857308121488,-0.003273621275857202,0.006064250681921285,4.4090805719345024e-06,0.09247055884616479,0.4692718888022016
calibrate_then_close,51,8,0,0,certified_reset,0,1,0.06804900385290771,0.06405512933452118,0.003993874518386541,0.051920368739025044,0.0,0.0,0,0,-0.0007785968797600344,0.010615776688918012,0.0004807864782850697,-0.007379985047277508,-0.0007785968797600344,0.010615776688918012,-0.01486380528282441,2.6414579435930543e-05,0.09247055884616479,0.4692718888022016
calibrate_then_close,51,9,1,1,certified_reset,0,1,0.06405512933452118,0.060061254816134634,0.003993874518386541,0.0479264942206385,0.0,0.0,0,0,0.0004807864782850697,-0.007379985047277508,0.010280934197018012,0.005227543982599463,0.0004807864782850697,-0.007379985047277508,0.010395626937863679,1.2736434397129812e-05,0.09744082949644373,0.49914169846942547
calibrate_then_close,51,10,0,0,certified_reset,0,1,0.060061254816134634,0.05606738029774809,0.003993874518386541,0.04393261970225196,0.0,0.0,0,0,0.010280934197018012,0.005227543982599463,-0.0009350527412291948,-0.02496042772288428,0.010280934197018012,0.005227543982599463,-0.017936865360682036,0.0001186597853337974,0.09247055884616479,0.4692718888022016
calibrate_then_close,51,11,0,0,certified_reset,0,1,0.05606738029774809,0.05207350577936155,0.003993874518386541,0.039938745183865414,0.0,0.0,0,0,-0.0009350527412291948,-0.02496042772288428,0.0006265386330836682,0.02516365700299917,-0.0009350527412291948,-0.02496042772288428,0.03770105079183387,0.00014855268577877059,0.09247055884616479,0.4692718888022016
calibrate_then_close,51,12,0,0,certified_reset,0,1,0.05207350577936155,0.048079631260975,0.003993874518386541,0.03594487066547887,0.0,0.0,0,0,0.0006265386330836682,0.02516365700299917,0.010025751589240225,-0.019337924486726735,0.0006265386330836682,0.02516365700299917,-0.037695302942086936,0.00014989368133376508,0.09247055884616479,0.4692718888022016
calibrate_then_close,51,13,0,0,certified_reset,0,1,0.048079631260975,0.04408575674258846,0.003993874518386541,0.03195099614709233,0.0,0.0,0,0,0.010025751589240225,-0.019337924486726735,-0.0019038350788752915,0.0034763192997054543,0.010025751589240225,-0.019337924486726735,0.018499829132618252,0.00017638374509933687,0.09247055884616479,0.4692718888022016
calibrate_then_close,51,14,0,0,certified_reset,0,1,0.04408575674258846,0.040091882224201916,0.003993874518386541,0.027957121628705783,0.0,0.0,0,0,-0.0019038350788752915,0.0034763192997054543,0.003522483006345809,0.004990853011206052,-0.0019038350788752915,0.0034763192997054543,-0.003220674494322473,6.0591698697464014e-06,0.09247055884616479,0.4692718888022016
calibrate_then_close,51,15,0,0,certified_reset,0,1,0.040091882224201916,0.03609800770581537,0.003993874518386541,0.023963247110319243,0.0,0.0,0,0,0.003522483006345809,0.004990853011206052,0.00016325940165338743,-0.016303689731892425,0.003522483006345809,0.004990853011206052,-0.01085753537944645,1.9838588873196908e-05,0.09247055884616479,0.4692718888022016
calibrate_then_close,51,16,0,0,certified_reset,0,1,0.03609800770581537,0.03210413318742883,0.003993874518386541,0.019969372591932703,0.0,0.0,0,0,0.00016325940165338743,-0.016303689731892425,-0.006177452305653713,0.019023117632269368,0.00016325940165338743,-0.016303689731892425,0.02385387375959477,6.209768976298193e-05,0.09247055884616479,0.4692718888022016
calibrate_then_close,51,17,0,0,certified_reset,0,1,0.03210413318742883,0.02811025866904229,0.003993874518386541,0.015975498073546163,0.0,0.0,0,0,-0.006177452305653713,0.019023117632269368,0.0007904473379585341,-0.0032964387780911415,-0.006177452305653713,0.019023117632269368,-0.021874212331659214,0.00011526116691809756,0.09247055884616479,0.4692718888022016
calibrate_then_close,51,18,0,0,certified_reset,0,1,0.02811025866904229,0.02411638415065575,0.003993874518386541,0.011981623555159623,0.0,0.0,0,0,0.0007904473379585341,-0.0032964387780911415,0.0016794607097784936,-0.006211768702155026,0.0007904473379585341,-0.0032964387780911415,0.004067290982563596,2.994349943693355e-06,0.09247055884616479,0.4692718888022016
calibrate_then_close,51,19,0,0,certified_reset,0,1,0.02411638415065575,0.02012250963226921,0.003993874518386541,0.007987749036773082,0.0,0.0,0,0,0.0016794607097784936,-0.006211768702155026,-0.000804152322757109,0.010843406668073107,0.0016794607097784936,-0.006211768702155026,0.00747657498547034,1.1163560287156793e-05,0.09247055884616479,0.4692718888022016
calibrate_then_close,51,20,0,0,certified_reset,0,1,0.02012250963226921,0.01612863511388267,0.003993874518386541,0.003993874518386541,0.0,0.0,0,0,-0.000804152322757109,0.010843406668073107,0.007801570803563587,-0.0038254062885905876,-0.000804152322757109,0.010843406668073107,-0.015168906431475181,2.7563358286825098e-05,0.09247055884616479,0.4692718888022016
calibrate_then_close,51,21,0,0,certified_reset,0,1,0.01612863511388267,0.01213476059549613,0.003993874518386541,0.0,0.0,0.0,0,0,0.007801570803563587,-0.0038254062885905876,0.0025272815645148257,0.0015428134615907202,0.007801570803563587,-0.0038254062885905876,-0.0021357095619216433,6.361261037543981e-05,0.09247055884616479,0.4692718888022016
calibrate_then_close,52,0,0,0,certified_reset,0,1,0.1,0.09600612548161347,0.003993874518386541,0.08387136488611735,0.0,0.0,0,0,5.597522544487578,0.2947949718059486,5.117289109531973,-1.24634340084097,5.597522544487578,0.2947949718059486,-1.5499999999982572,31.407963869618932,0.09247055884616479,0.4692718888022016
calibrate_then_close,52,1,0,0,certified_reset,0,1,0.09600612548161347,0.09201225096322693,0.003993874518386541,0.07987749036773081,0.0,0.0,0,0,5.117289109531973,-1.24634340084097,3.091839575948755,-2.797879149802516,5.117289109531973,-1.24634340084097,-1.55,26.526317267642106,0.09247055884616479,0.4692718888022016
calibrate_then_close,52,2,0,0,certified_reset,0,1,0.09201225096322693,0.0880183764448404,0.003993874518386541,0.07588361584934428,0.0,0.0,0,0,3.091839575948755,-2.797879149802516,0.891919699020013,-1.6124244701704356,3.091839575948755,-2.797879149802516,1.180196334822178,11.003356540763107,0.09247055884616479,0.4692718888022016
calibrate_then_close,52,3,0,0,certified_reset,0,1,0.0880183764448404,0.08402450192645386,0.003993874518386541,0.07188974133095774,0.0,0.0,0,0,0.891919699020013,-1.6124244701704356,0.02628241259504347,-0.12362070260829974,0.891919699020013,-1.6124244701704356,1.4871106186300573,1.318792480261801,0.09247055884616479,0.4692718888022016
calibrate_then_close,52,4,0,0,certified_reset,0,1,0.08402450192645386,0.08003062740806732,0.003993874518386541,0.0678958668125712,0.0,0.0,0,0,0.02628241259504347,-0.12362070260829974,-0.02930367310391736,0.024421675661501545,0.02628241259504347,-0.12362070260829974,0.15593178669385868,0.0040494073247611196,0.09247055884616479,0.4692718888022016
calibrate_then_close,52,5,0,0,certified_reset,0,1,0.08003062740806732,0.07603675288968079,0.003993874518386541,0.06390199229418467,0.0,0.0,0,0,-0.02930367310391736,0.024421675661501545,-0.0101736087785353,0.02076984486034277,-0.02930367310391736,0.024421675661501545,-0.006798549544892094,0.0009672160478599123,0.09247055884616479,0.4692718888022016
calibrate_then_close,52,6,0,0,certified_reset,0,1,0.07603675288968079,0.07204287837129425,0.003993874518386541,0.05990811777579813,0.0,0.0,0,0,-0.0101736087785353,0.02076984486034277,0.004091178928639564,0.0037048973481448753,-0.0101736087785353,0.02076984486034277,-0.020466917558448736,0.0001916242454313862,0.09247055884616479,0.4692718888022016
calibrate_then_close,52,7,0,0,certified_reset,0,1,0.07204287837129425,0.06804900385290771,0.003993874518386541,0.05591424325741159,0.0,0.0,0,0,0.004091178928639564,0.0037048973481448753,0.007889360021950072,0.009565283347433874,0.004091178928639564,0.0037048973481448753,-0.009533853957703786,2.148083189316734e-05,0.09247055884616479,0.4692718888022016
calibrate_then_close,52,8,0,0,certified_reset,0,1,0.06804900385290771,0.06405512933452118,0.003993874518386541,0.051920368739025044,0.0,0.0,0,0,0.007889360021950072,0.009565283347433874,0.005974459348990515,-0.010354566579183913,0.007889360021950072,0.009565283347433874,-0.021945102776803626,9.075072614606112e-05,0.09247055884616479,0.4692718888022016
calibrate_then_close,52,9,0,0,certified_reset,0,1,0.06405512933452118,0.060061254816134634,0.003993874518386541,0.0479264942206385,0.0,0.0,0,0,0.005974459348990515,-0.010354566579183913,-1.0132035521928434e-05,-0.0022299489730808935,0.005974459348990515,-0.010354566579183913,0.009303622650358882,5.715716820094238e-05,0.09247055884616479,0.4692718888022016
calibrate_then_close,52,10,0,0,certified_reset,0,1,0.060061254816134634,0.05606738029774809,0.003993874518386541,0.04393261970225196,0.0,0.0,0,0,-1.0132035521928434e-05,-0.0022299489730808935,0.0006557839153930377,0.005059612178969514,-1.0132035521928434e-05,-0.0022299489730808935,0.0032908697452979515,1.1659292862147684e-06,0.09247055884616479,0.4692718888022016
calibrate_then_close,52,11,0,0,certified_reset,0,1,0.05606738029774809,0.05207350577936155,0.003993874518386541,0.039938745183865414,0.0,0.0,0,0,0.0006557839153930377,0.005059612178969514,0.001929265490342689,-0.010894557406318414,0.0006557839153930377,0.005059612178969514,-0.008105816760679356,6.680600749914777e-06,0.09247055884616479,0.4692718888022016
calibrate_then_close,52,12,0,0,certified_reset,0,1,0.05207350577936155,0.048079631260975,0.003993874518386541,0.03594487066547887,0.0,0.0,0,0,0.001929265490342689,-0.010894557406318414,0.0002841935251792962,0.006498161761957496,0.001929265490342689,-0.010894557406318414,0.01412608043917524,3.0075167640900584e-05,0.09247055884616479,0.4692718888022016
calibrate_then_close,52,13,0,0,certified_reset,0,1,0.048079631260975,0.04408575674258846,0.003993874518386541,0.03195099614709233,0.0,0.0,0,0,0.0002841935251792962,0.006498161761957496,-0.0007556922951366262,-0.0024561863781391805,0.0002841935251792962,0.006498161761957496,-0.009850840938023788,1.0107441770631947e-05,0.09247055884616479,0.4692718888022016
calibrate_then_close,52,14,0,0,certified_reset,0,1,0.04408575674258846,0.040091882224201916,0.003993874518386541,0.027957121628705783,0.0,0.0,0,0,-0.0007556922951366262,-0.0024561863781391805,0.0016678884782198298,0.0017642520430319374,-0.0007556922951366262,-0.0024561863781391805,0.004370530119978154,2.134522457517932e-06,0.09247055884616479,0.4692718888022016
calibrate_then_close,52,15,0,0,certified_reset,0,1,0.040091882224201916,0.03609800770581537,0.003993874518386541,0.023963247110319243,0.0,0.0,0,0,0.0016678884782198298,0.0017642520430319374,0.0046349125106891625,0.006000169530441654,0.0016678884782198298,0.0017642520430319374,-0.004257635899135483,3.7953039108602656e-06,0.09247055884616479,0.4692718888022016
calibrate_then_close,52,16,0,0,certified_reset,0,1,0.03609800770581537,0.03210413318742883,0.003993874518386541,0.019969372591932703,0.0,0.0,0,0,0.0046349125106891625,0.006000169530441654,0.002687890688005129,-0.006791814021939553,0.0046349125106891625,0.006000169530441654,-0.013451285535999603,3.248620723694499e-05,0.09247055884616479,0.4692718888022016
calibrate_then_close,52,17,0,0,certified_reset,0,1,0.03210413318742883,0.02811025866904229,0.003993874518386541,0.015975498073546163,0.0,0.0,0,0,0.002687890688005129,-0.006791814021939553,-0.012171548339321856,0.00046012860140245005,0.002687890688005129,-0.006791814021939553,0.007329444212338539,1.687094794975991e-05,0.09247055884616479,0.4692718888022016
calibrate_then_close,52,18,0,0,certified_reset,0,1,0.02811025866904229,0.02411638415065575,0.003993874518386541,0.011981623555159623,0.0,0.0,0,0,-0.012171548339321856,0.00046012860140245005,-0.005427222096607304,0.016604830544307718,-0.012171548339321856,0.00046012860140245005,0.011441594608636363,0.00015145745045552718,0.09247055884616479,0.4692718888022016
calibrate_then_close,52,19,0,0,certified_reset,0,1,0.02411638415065575,0.02012250963226921,0.003993874518386541,0.007987749036773082,0.0,0.0,0,0,-0.005427222096607304,0.016604830544307718,0.0036441939678257913,-0.014481143637041973,-0.005427222096607304,0.016604830544307718,-0.019058363434396607,8.816494163877264e-05,0.09247055884616479,0.4692718888022016
calibrate_then_close,52,20,1,1,certified_reset,0,1,0.02012250963226921,0.01612863511388267,0.003993874518386541,0.003993874518386541,0.0,0.0,0,0,0.0036441939678257913,-0.014481143637041973,-0.011313818050287215,0.031323999069030425,0.0036441939678257913,-0.014481143637041973,0.017699996404835577,5.8859030280013116e-05,0.09744082949644373,0.49914169846942547
calibrate_then_close,52,21,1,1,certified_reset,0,1,0.01612863511388267,0.01213476059549613,0.003993874518386541,0.0,0.0,0.0,0,0,-0.011313818050287215,0.031323999069030425,0.0036509842927573946,-0.014096211842741593,-0.011313818050287215,0.031323999069030425,-0.0348741993143388,0.00033502244850220194,0.09744082949644373,0.49914169846942547
calibrate_then_close,53,0,0,0,certified_reset,0,1,0.1,0.09600612548161347,0.003993874518386541,0.08387136488611735,0.0,0.0,0,0,-3.837735269780286,-0.07127211754408092,-3.137478641316637,1.4764991805394594,-3.837735269780286,-0.07127211754408092,1.55,14.789188849568625,0.09247055884616479,0.4692718888022016
calibrate_then_close,53,1,1,1,certified_reset,0,1,0.09600612548161347,0.09201225096322693,0.003993874518386541,0.07987749036773081,0.0,0.0,0,0,-3.137478641316637,1.4764991805394594,-1.3993699557075252,1.984782366940131,-3.137478641316637,1.4764991805394594,0.5079022008123502,10.242630310281903,0.09744082949644373,0.49914169846942547
calibrate_then_close,53,2,2,2,certified_reset,0,1,0.09201225096322693,0.0880183764448404,0.003993874518386541,0.07588361584934428,0.0,0.0,0,0,-1.3993699557075252,1.984782366940131,-0.20212060615348276,0.3838091853895768,-1.3993699557075252,1.984782366940131,-1.530328546608992,2.7258688973920053,0.10372612354602789,0.5374732092193446
calibrate_then_close,53,3,2,2,certified_reset,0,1,0.0880183764448404,0.08402450192645386,0.003993874518386541,0.07188974133095774,0.0,0.0,0,0,-0.20212060615348276,0.3838091853895768,-0.01943425803287787,0.029348851501281012,-0.20212060615348276,0.3838091853895768,-0.36412295231895886,0.07068308588408206,0.10372612354602789,0.5374732092193446
calibrate_then_close,53,4,2,2,certified_reset,0,1,0.08402450192645386,0.08003062740806732,0.003993874518386541,0.0678958668125712,0.0,0.0,0,0,-0.01943425803287787,0.029348851501281012,-0.028314689243590097,-0.012579876217416908,-0.01943425803287787,0.029348851501281012,-0.0238806683466059,0.0005469914585054567,0.10372612354602789,0.5374732092193446
calibrate_then_close,53,5,2,2,certified_reset,0,1,0.08003062740806732,0.07603675288968079,0.003993874518386541,0.06390199229418467,0.0,0.0,0,0,-0.028314689243590097,-0.012579876217416908,-0.07377890461313928,0.0178029976184172,-0.028314689243590097,-0.012579876217416908,0.0467271952859422,0.0008847929878595369,0.10372612354602789,0.5374732092193446
calibrate_then_close,53,6,2,2,certified_reset,0,1,0.07603675288968079,0.07204287837129425,0.003993874518386541,0.05990811777579813,0.0,0.0,0,0,-0.07377890461313928,0.0178029976184172,-0.08632551890449094,0.0018352531243945314,-0.07377890461313928,0.0178029976184172,0.04724084332384716,0.005556169608219658,0.10372612354602789,0.5374732092193446
calibrate_then_close,53,7,2,2,certified_reset,0,1,0.07204287837129425,0.06804900385290771,0.003993874518386541,0.05591424325741159,0.0,0.0,0,0,-0.08632551890449094,0.0018352531243945314,-0.06150859529596989,0.14749043016705965,-0.08632551890449094,0.0018352531243945314,0.08325938904550469,0.007626004628460899,0.10372612354602789,0.5374732092193446
calibrate_then_close,53,8,2,2,certified_reset,0,1,0.06804900385290771,0.06405512933452118,0.003993874518386541,0.051920368739025044,0.0,0.0,0,0,-0.06150859529596989,0.14749043016705965,-0.037516127374685744,-0.07545910142425381,-0.06150859529596989,0.14749043016705965,-0.15602216053296017,0.008307497018073302,0.10372612354602789,0.5374732092193446
calibrate_then_close,53,9,2,2,certified_reset,0,1,0.06405512933452118,0.060061254816134634,0.003993874518386541,0.0479264942206385,0.0,0.0,0,0,-0.037516127374685744,-0.07545910142425381,-0.043723378865119074,0.06223263024333217,-0.037516127374685744,-0.07545910142425381,0.14851736395812404,0.0029838286759164404,0.10372612354602789,0.5374732092193446
calibrate_then_close,53,10,1,1,certified_reset,0,1,0.060061254816134634,0.05606738029774809,0.003993874518386541,0.04393261970225196,0.0,0.0,0,0,-0.043723378865119074,0.06223263024333217,0.00847267291399947,-0.011543708680887211,-0.043723378865119074,0.06223263024333217,-0.048134566466768385,0.002666779319666929,0.09744082949644373,0.49914169846942547
calibrate_then_close,53,11,1,1,certified_reset,0,1,0.05606738029774809,0.05207350577936155,0.003993874518386541,0.039938745183865414,0.0,0.0,0,0,0.00847267291399947,-0.011543708680887211,0.014360643915979222,0.010600462223841868,0.00847267291399947,-0.011543708680887211,0.008566043920646995,9.760691183853594e-05,0.09744082949644373,0.49914169846942547
calibrate_then_close,53,12,1,1,certified_reset,0,1,0.05207350577936155,0.048079631260975,0.003993874518386541,0.03594487066547887,0.0,0.0,0,0,0.014360643915979222,0.010600462223841868,0.04332009557231206,0.009180271224664954,0.014360643915979222,0.010600462223841868,-0.029918759874921364,0.00024883296237751887,0.09744082949644373,0.49914169846942547
calibrate_then_close,53,13,1,1,certified_reset,0,1,0.048079631260975,0.04408575674258846,0.003993874518386541,0.03195099614709233,0.0,0.0,0,0,0.04332009557231206,0.009180271224664954,0.02294017592736663,-0.046629012188991396,0.04332009557231206,0.009180271224664954,-0.056663478846845416,0.0019720693546264375,0.09744082949644373,0.49914169846942547
calibrate_then_close,53,14,0,0,certified_reset,0,1,0.04408575674258846,0.040091882224201916,0.003993874518386541,0.027957121628705783,0.0,0.0,0,0,0.02294017592736663,-0.046629012188991396,0.004680495293311346,-0.008357254827659541,0.02294017592736663,-0.046629012188991396,0.04585032422167222,0.0009701756373491425,0.09247055884616479,0.4692718888022016
calibrate_then_close,53,15,0,0,certified_reset,0,1,0.040091882224201916,0.03609800770581537,0.003993874518386541,0.023963247110319243,0.0,0.0,0,0,0.004680495293311346,-0.008357254827659541,0.005604469536962971,-0.008874227550582214,0.004680495293311346,-0.008357254827659541,0.007650364890127415,3.594210575031099e-05,0.09247055884616479,0.4692718888022016
calibrate_then_close,53,16,0,0,certified_reset,0,1,0.03609800770581537,0.03210413318742883,0.003993874518386541,0.019969372591932703,0.0,0.0,0,0,0.005604469536962971,-0.008874227550582214,-0.0010284133216368371,0.0010988095889375316,0.005604469536962971,-0.008874227550582214,0.007490097038232763,4.698796226331175e-05,0.09247055884616479,0.4692718888022016
calibrate_then_close,53,17,0,0,certified_reset,0,1,0.03210413318742883,0.02811025866904229,0.003993874518386541,0.015975498073546163,0.0,0.0,0,0,-0.0010284133216368371,0.0010988095889375316,0.002005621617333429,-0.0008910257428610415,-0.0010284133216368371,0.0010988095889375316,-0.0005979909064568734,1.2839026405186327e-06,0.09247055884616479,0.4692718888022016
calibrate_then_close,53,18,0,0,certified_reset,0,1,0.02811025866904229,0.02411638415065575,0.003993874518386541,0.011981623555159623,0.0,0.0,0,0,0.002005621617333429,-0.0008910257428610415,-0.0008087520257612598,-0.004842082794965113,0.002005621617333429,-0.0008910257428610415,-0.0006825567599366242,4.177072002577932e-06,0.09247055884616479,0.4692718888022016
calibrate_then_close,53,19,0,0,certified_reset,0,1,0.02411638415065575,0.02012250963226921,0.003993874518386541,0.007987749036773082,0.0,0.0,0,0,-0.0008087520257612598,-0.004842082794965113,-0.004504591431545401,0.010544685430415533,-0.0008087520257612598,-0.004842082794965113,0.00793636160018531,6.448963568188829e-06,0.09247055884616479,0.4692718888022016
calibrate_then_close,53,20,0,0,certified_reset,0,1,0.02012250963226921,0.01612863511388267,0.003993874518386541,0.003993874518386541,0.0,0.0,0,0,-0.004504591431545401,0.010544685430415533,-0.0005239283151803214,0.0017582418111600322,-0.004504591431545401,0.010544685430415533,-0.011045504887347136,4.3355693769317644e-05,0.09247055884616479,0.4692718888022016
calibrate_then_close,53,21,0,0,certified_reset,0,1,0.01612863511388267,0.01213476059549613,0.003993874518386541,0.0,0.0,0.0,0,0,-0.0005239283151803214,0.0017582418111600322,0.008430954514462059,-0.013901472450159219,-0.0005239283151803214,0.0017582418111600322,-0.002072531664966319,9.383401349769275e-07,0.09247055884616479,0.4692718888022016
calibrate_then_close,54,0,0,0,certified_reset,0,1,0.1,0.09600612548161347,0.003993874518386541,0.08387136488611735,0.0,0.0,0,0,4.788781076292395,0.4458933644986188,4.469614931278758,-1.1167618913561552,4.788781076292395,0.4458933644986188,-1.5499999999995389,23.028274457306814,0.09247055884616479,0.4692718888022016
calibrate_then_close,54,1,0,0,certified_reset,0,1,0.09600612548161347,0.09201225096322693,0.003993874518386541,0.07987749036773081,0.0,0.0,0,0,4.469614931278758,-1.1167618913561552,2.5761525609488976,-2.6728254404487317,4.469614931278758,-1.1167618913561552,-1.5499999999999992,20.262008415867385,0.09247055884616479,0.4692718888022016
calibrate_then_close,54,2,0,0,certified_reset,0,1,0.09201225096322693,0.0880183764448404,0.003993874518386541,0.07588361584934428,0.0,0.0,0,0,2.5761525609488976,-2.6728254404487317,0.5859572557433622,-1.291974261704346,2.5761525609488976,-2.6728254404487317,1.3720830093714231,7.9695465622184996,0.09247055884616479,0.4692718888022016
calibrate_then_close,54,3,0,0,certified_reset,0,1,0.0880183764448404,0.08402450192645386,0.003993874518386541,0.07188974133095774,0.0,0.0,0,0,0.5859572557433622,-1.291974261704346,-0.04507813404436249,0.03263721453006475,0.5859572557433622,-1.291974261704346,1.3197235154181364,0.6873432082101502,0.09247055884616479,0.4692718888022016
calibrate_then_close,54,4,0,0,certified_reset,0,1,0.08402450192645386,0.08003062740806732,0.003993874518386541,0.0678958668125712,0.0,0.0,0,0,-0.04507813404436249,0.03263721453006475,-0.013053363332287014,0.0215568035597173,-0.04507813404436249,0.03263721453006475,-0.0031916447649714317,0.0022240266328398214,0.09247055884616479,0.4692718888022016
calibrate_then_close,54,5,0,0,certified_reset,0,1,0.08003062740806732,0.07603675288968079,0.003993874518386541,0.06390199229418467,0.0,0.0,0,0,-0.013053363332287014,0.0215568035597173,-0.005443414161907178,0.010024331625531499,-0.013053363332287014,0.0215568035597173,-0.018760529054903795,0.00026283447089339566,0.09247055884616479,0.4692718888022016
calibrate_then_close,54,6,0,0,certified_reset,0,1,0.07603675288968079,0.07204287837129425,0.003993874518386541,0.05990811777579813,0.0,0.0,0,0,-0.005443414161907178,0.010024331625531499,-0.004578255377703337,0.0011802034219074431,-0.005443414161907178,0.010024331625531499,-0.009346707045799593,4.99024814700052e-05,0.09247055884616479,0.4692718888022016
calibrate_then_close,54,7,0,0,certified_reset,0,1,0.07204287837129425,0.06804900385290771,0.003993874518386541,0.05591424325741159,0.0,0.0,0,0,-0.004578255377703337,0.0011802034219074431,0.001005276357189493,-0.0045150939502799975,-0.004578255377703337,0.0011802034219074431,0.0028187756278976843,2.1409778125555043e-05,0.09247055884616479,0.4692718888022016
calibrate_then_close,54,8,0,0,certified_reset,0,1,0.06804900385290771,0.06405512933452118,0.003993874518386541,0.051920368739025044,0.0,0.0,0,0,0.001005276357189493,-0.0045150939502799975,-0.004517853220544803,-0.0010171515569111413,0.001005276357189493,-0.0045150939502799975,0.005651230290020609,5.478483857469243e-06,0.09247055884616479,0.4692718888022016
calibrate_then_close,54,9,0,0,certified_reset,0,1,0.06405512933452118,0.060061254816134634,0.003993874518386541,0.0479264942206385,0.0,0.0,0,0,-0.004517853220544803,-0.0010171515569111413,-0.002084219401259701,0.005366600789212038,-0.004517853220544803,-0.0010171515569111413,0.005996502711522606,2.1496176353770317e-05,0.09247055884616479,0.4692718888022016
calibrate_then_close,54,10,0,0,certified_reset,0,1,0.060061254816134634,0.05606738029774809,0.003993874518386541,0.04393261970225196,0.0,0.0,0,0,-0.002084219401259701,0.005366600789212038,0.014571237649282934,0.003092393226208609,-0.002084219401259701,0.005366600789212038,-0.00582895649755798,1.0377461584386758e-05,0.09247055884616479,0.4692718888022016
calibrate_then_close,54,11,0,0,certified_reset,0,1,0.05606738029774809,0.05207350577936155,0.003993874518386541,0.039938745183865414,0.0,0.0,0,0,0.014571237649282934,0.003092393226208609,0.012590256069529002,-0.020622137825676266,0.014571237649282934,0.003092393226208609,-0.019063958740933667,0.00022312815095957113,0.09247055884616479,0.4692718888022016
calibrate_then_close,54,12,0,0,certified_reset,0,1,0.05207350577936155,0.048079631260975,0.003993874518386541,0.03594487066547887,0.0,0.0,0,0,0.012590256069529002,-0.020622137825676266,0.0040037409188579025,0.008638117255907421,0.012590256069529002,-0.020622137825676266,0.017842688136616325,0.0002430226482250394,0.09247055884616479,0.4692718888022016
calibrate_then_close,54,13,0,0,certified_reset,0,1,0.048079631260975,0.04408575674258846,0.003993874518386541,0.03195099614709233,0.0,0.0,0,0,0.0040037409188579025,0.008638117255907421,0.005537488646818833,-0.003826652784387271,0.0040037409188579025,0.008638117255907421,-0.016712970090085804,3.644409812696469e-05,0.09247055884616479,0.4692718888022016
calibrate_then_close,54,14,0,0,certified_reset,0,1,0.04408575674258846,0.040091882224201916,0.003993874518386541,0.027957121628705783,0.0,0.0,0,0,0.005537488646818833,-0.003826652784387271,0.003942768633880986,-0.0038843067767404937,0.005537488646818833,-0.003826652784387271,0.00012301272744849888,3.329994769273192e-05,0.09247055884616479,0.4692718888022016
calibrate_then_close,54,15,0,0,certified_reset,0,1,0.040091882224201916,0.03609800770581537,0.003993874518386541,0.023963247110319243,0.0,0.0,0,0,0.003942768633880986,-0.0038843067767404937,-0.0013438803398359482,-0.010370840304089857,0.003942768633880986,-0.0038843067767404937,0.0017946339003921644,1.8341753315676436e-05,0.09247055884616479,0.4692718888022016
calibrate_then_close,54,16,0,0,certified_reset,0,1,0.03609800770581537,0.03210413318742883,0.003993874518386541,0.019969372591932703,0.0,0.0,0,0,-0.0013438803398359482,-0.010370840304089857,-0.005616548491662202,0.004671712737409394,-0.0013438803398359482,-0.010370840304089857,0.016613536972849757,2.8066033786831956e-05,0.09247055884616479,0.4692718888022016
calibrate_then_close,54,17,0,0,certified_reset,0,1,0.03210413318742883,0.02811025866904229,0.003993874518386541,0.015975498073546163,0.0,0.0,0,0,-0.005616548491662202,0.004671712737409394,-0.006174166323714703,0.0016690689012680369,-0.005616548491662202,0.004671712737409394,-0.0012869055325539825,3.551550208759308e-05,0.09247055884616479,0.4692718888022016
calibrate_then_close,54,18,2,2,certified_reset,0,1,0.02811025866904229,0.02411638415065575,0.003993874518386541,0.011981623555159623,0.0,0.0,0,0,-0.006174166323714703,0.0016690689012680369,0.007265546026861625,0.014288582293454552,-0.006174166323714703,0.0016690689012680369,0.00368483363087448,3.8961222144565724e-05,0.10372612354602789,0.5374732092193446
calibrate_then_close,54,19,2,2,certified_reset,0,1,0.02411638415065575,0.02012250963226921,0.003993874518386541,0.007987749036773082,0.0,0.0,0,0,0.007265546026861625,0.014288582293454552,0.10674079780851792,0.033343569846939765,0.007265546026861625,0.014288582293454552,-0.028286102127192916,0.00010954019351942256,0.10372612354602789,0.5374732092193446
calibrate_then_close,54,20,1,1,certified_reset,0,1,0.02012250963226921,0.01612863511388267,0.003993874518386541,0.003993874518386541,0.0,0.0,0,0,0.10674079780851792,0.033343569846939765,0.05947498477774579,-0.16795564267242297,0.10674079780851792,0.033343569846939765,-0.15540794196404772,0.01219751148446122,0.09744082949644373,0.49914169846942547
calibrate_then_close,54,21,1,1,certified_reset,0,1,0.01612863511388267,0.01213476059549613,0.003993874518386541,0.0,0.0,0.0,0,0,0.05947498477774579,-0.16795564267242297,0.0041954918375387215,0.039439595384630405,0.05947498477774579,-0.16795564267242297,0.18819103021474007,0.009500308033636416,0.09744082949644373,0.49914169846942547
calibrate_then_close,55,0,0,0,certified_reset,0,1,0.1,0.09600612548161347,0.003993874518386541,0.08387136488611735,0.0,0.0,0,0,-4.863621318793223,-0.275143734251031,-4.36349655021562,1.2693856495888876,-4.863621318793223,-0.275143734251031,1.55,23.7285015660295,0.09247055884616479,0.4692718888022016
calibrate_then_close,55,1,0,0,certified_reset,0,1,0.09600612548161347,0.09201225096322693,0.003993874518386541,0.07987749036773081,0.0,0.0,0,0,-4.36349655021562,1.2693856495888876,-2.3935257792932516,2.6586576876096224,-4.36349655021562,1.2693856495888876,1.3911630430070014,19.378526695978127,0.09247055884616479,0.4692718888022016
calibrate_then_close,55,2,0,0,certified_reset,0,1,0.09201225096322693,0.0880183764448404,0.003993874518386541,0.07588361584934428,0.0,0.0,0,0,-2.3935257792932516,2.6586576876096224,-0.4968325380782543,1.1196373739053758,-2.3935257792932516,2.6586576876096224,-1.5330665673493233,7.060045909618908,0.09247055884616479,0.4692718888022016
calibrate_then_close,55,3,0,0,certified_reset,0,1,0.0880183764448404,0.08402450192645386,0.003993874518386541,0.07188974133095774,0.0,0.0,0,0,-0.4968325380782543,1.1196373739053758,0.04682683723505972,-0.02897235634598539,-0.4968325380782543,1.1196373739053758,-1.154602545852464,0.5058160596937354,0.09247055884616479,0.4692718888022016
calibrate_then_close,55,4,0,0,certified_reset,0,1,0.08402450192645386,0.08003062740806732,0.003993874518386541,0.0678958668125712,0.0,0.0,0,0,0.04682683723505972,-0.02897235634598539,0.014188780217184865,-0.02864339604451783,0.04682683723505972,-0.02897235634598539,-0.003944738817735207,0.002344233247350256,0.09247055884616479,0.4692718888022016
calibrate_then_close,55,5,0,0,certified_reset,0,1,0.08003062740806732,0.07603675288968079,0.003993874518386541,0.06390199229418467,0.0,0.0,0,0,0.014188780217184865,-0.02864339604451783,-0.0055992674146308225,0.006748677614102572,0.014188780217184865,-0.02864339604451783,0.028067339089156956,0.0003686958167935775,0.09247055884616479,0.4692718888022016
calibrate_then_close,55,6,0,0,certified_reset,0,1,0.07603675288968079,0.07204287837129425,0.003993874518386541,0.05990811777579813,0.0,0.0,0,0,-0.0055992674146308225,0.006748677614102572,-0.007783367736497486,0.005878016074549453,-0.0055992674146308225,0.006748677614102572,-0.004364667435008378,4.002609054303816e-05,0.09247055884616479,0.4692718888022016
calibrate_then_close,55,7,0,0,certified_reset,0,1,0.07204287837129425,0.06804900385290771,0.003993874518386541,0.05591424325741159,0.0,0.0,0,0,-0.007783367736497486,0.005878016074549453,0.007269168419919503,0.00028331314903381165,-0.007783367736497486,0.005878016074549453,-0.0009107940152201187,6.682074510008313e-05,0.09247055884616479,0.4692718888022016
calibrate_then_close,55,8,0,0,certified_reset,0,1,0.06804900385290771,0.06405512933452118,0.003993874518386541,0.051920368739025044,0.0,0.0,0,0,0.007269168419919503,0.00028331314903381165,0.00019589929878113983,-0.010836719694168443,0.007269168419919503,0.00028331314903381165,-0.007654108687526849,5.4319891953441634e-05,0.09247055884616479,0.4692718888022016
calibrate_then_close,55,9,0,0,certified_reset,0,1,0.06405512933452118,0.060061254816134634,0.003993874518386541,0.0479264942206385,0.0,0.0,0,0,0.00019589929878113983,-0.010836719694168443,0.0035863903179408716,-0.002096834741930436,0.00019589929878113983,-0.010836719694168443,0.015768359740230137,2.739261462909178e-05,0.09247055884616479,0.4692718888022016
calibrate_then_close,55,10,0,0,certified_reset,0,1,0.060061254816134634,0.05606738029774809,0.003993874518386541,0.04393261970225196,0.0,0.0,0,0,0.0035863903179408716,-0.002096834741930436,-0.0011596497643839756,-0.001505116849480663,0.0035863903179408716,-0.002096834741930436,-0.0004818787504391581,1.3659409559167112e-05,0.09247055884616479,0.4692718888022016
calibrate_then_close,55,11,0,0,certified_reset,0,1,0.05606738029774809,0.05207350577936155,0.003993874518386541,0.039938745183865414,0.0,0.0,0,0,-0.0011596497643839756,-0.001505116849480663,0.0006018473157492661,-0.005004534074324782,-0.0011596497643839756,-0.001505116849480663,0.003371224621060795,2.03668427368328e-06,0.09247055884616479,0.4692718888022016
calibrate_then_close,55,12,0,0,certified_reset,0,1,0.05207350577936155,0.048079631260975,0.003993874518386541,0.03594487066547887,0.0,0.0,0,0,0.0006018473157492661,-0.005004534074324782,-0.0006923085955862641,0.006313069918366861,0.0006018473157492661,-0.005004534074324782,0.006772949808212212,6.0172064532826475e-06,0.09247055884616479,0.4692718888022016
calibrate_then_close,55,13,1,1,certified_reset,0,1,0.048079631260975,0.04408575674258846,0.003993874518386541,0.03195099614709233,0.0,0.0,0,0,-0.0006923085955862641,0.006313069918366861,-0.03746294262677821,-0.05057786124599728,-0.0006923085955862641,0.006313069918366861,-0.00861270029301048,9.507629672907137e-06,0.09744082949644373,0.49914169846942547
calibrate_then_close,55,14,1,1,certified_reset,0,1,0.04408575674258846,0.040091882224201916,0.003993874518386541,0.027957121628705783,0.0,0.0,0,0,-0.03746294262677821,-0.05057786124599728,-0.032518513205060426,0.0523646822214976,-0.03746294262677821,-0.05057786124599728,0.11181073157079925,0.0021764746712966926,0.09744082949644373,0.49914169846942547
calibrate_then_close,55,15,1,1,certified_reset,0,1,0.040091882224201916,0.03609800770581537,0.003993874518386541,0.023963247110319243,0.0,0.0,0,0,-0.032518513205060426,0.0523646822214976,-0.030299056903714525,-0.007579258896566195,-0.032518513205060426,0.0523646822214976,-0.04475808677880453,0.001601106649318681,0.09744082949644373,0.49914169846942547
calibrate_then_close,55,16,1,1,certified_reset,0,1,0.03609800770581537,0.03210413318742883,0.003993874518386541,0.019969372591932703,0.0,0.0,0,0,-0.030299056903714525,-0.007579258896566195,-0.019664996038319164,0.006341594261229298,-0.030299056903714525,-0.007579258896566195,0.04133815074832209,0.0009710940467126179,0.09744082949644373,0.49914169846942547
calibrate_then_close,55,17,0,0,certified_reset,0,1,0.03210413318742883,0.02811025866904229,0.003993874518386541,0.015975498073546163,0.0,0.0,0,0,-0.019664996038319164,0.006341594261229298,-0.008369658493209578,0.024372381532112124,-0.019664996038319164,0.006341594261229298,0.01023960807461924,0.00039657215572448375,0.09247055884616479,0.4692718888022016
calibrate_then_close,55,18,0,0,certified_reset,0,1,0.02811025866904229,0.02411638415065575,0.003993874518386541,0.011981623555159623,0.0,0.0,0,0,-0.008369658493209578,0.024372381532112124,-0.0009698521019079654,-0.0005537439622154776,-0.008369658493209578,0.024372381532112124,-0.027571903492853815,0.00019597876652686753,0.09247055884616479,0.4692718888022016
calibrate_then_close,55,19,0,0,certified_reset,0,1,0.02411638415065575,0.02012250963226921,0.003993874518386541,0.007987749036773082,0.0,0.0,0,0,-0.0009698521019079654,-0.0005537439622154776,7.778551758423733e-06,0.0029712609796586054,-0.0009698521019079654,-0.0005537439622154776,0.0017799310022140428,1.0750107865155828e-06,0.09247055884616479,0.4692718888022016
calibrate_then_close,55,20,0,0,certified_reset,0,1,0.02012250963226921,0.01612863511388267,0.003993874518386541,0.003993874518386541,0.0,0.0,0,0,7.778551758423733e-06,0.0029712609796586054,0.0032581733904446836,-0.008126250865135852,7.778551758423733e-06,0.0029712609796586054,-0.004381273919969382,2.069060060576082e-06,0.09247055884616479,0.4692718888022016
calibrate_then_close,55,21,0,0,certified_reset,0,1,0.01612863511388267,0.01213476059549613,0.003993874518386541,0.0,0.0,0.0,0,0,0.0032581733904446836,-0.008126250865135852,0.002510573565040142,0.010170061927514417,0.0032581733904446836,-0.008126250865135852,0.008723106933444386,2.4404480268671253e-05,0.09247055884616479,0.4692718888022016
calibrate_then_close,56,0,0,0,certified_reset,0,1,0.1,0.09600612548161347,0.003993874518386541,0.08387136488611735,0.0,0.0,0,0,3.234081606597634,-0.5134719428758914,1.9499541296956402,-2.0653856609859735,3.234081606597634,-0.5134719428758914,-1.55,10.566803956634867,0.09247055884616479,0.4692718888022016
calibrate_then_close,56,1,0,0,certified_reset,0,1,0.09600612548161347,0.09201225096322693,0.003993874518386541,0.07987749036773081,0.0,0.0,0,0,1.9499541296956402,-2.0653856609859735,0.4360425698315018,-0.965227641895281,1.9499541296956402,-2.0653856609859735,1.1008139730074906,4.600463120145459,0.09247055884616479,0.4692718888022016
calibrate_then_close,56,2,0,0,certified_reset,0,1,0.09201225096322693,0.0880183764448404,0.003993874518386541,0.07588361584934428,0.0,0.0,0,0,0.4360425698315018,-0.965227641895281,-0.037730707035456626,0.033649071258361835,0.4360425698315018,-0.965227641895281,0.9876752014670838,0.3822202724172567,0.09247055884616479,0.4692718888022016
calibrate_then_close,56,3,0,0,certified_reset,0,1,0.0880183764448404,0.08402450192645386,0.003993874518386541,0.07188974133095774,0.0,0.0,0,0,-0.037730707035456626,0.033649071258361835,-0.00968528756784682,0.04348837898638003,-0.037730707035456626,0.033649071258361835,-0.0120017021608602,0.0016310140741434623,0.09247055884616479,0.4692718888022016
calibrate_then_close,56,4,0,0,certified_reset,0,1,0.08402450192645386,0.08003062740806732,0.003993874518386541,0.0678958668125712,0.0,0.0,0,0,-0.00968528756784682,0.04348837898638003,0.012420650821864151,-0.022101269142460748,-0.00968528756784682,0.04348837898638003,-0.054420719434859946,0.0005082682021024253,0.09247055884616479,0.4692718888022016
calibrate_then_close,56,5,0,0,certified_reset,0,1,0.08003062740806732,0.07603675288968079,0.003993874518386541,0.06390199229418467,0.0,0.0,0,0,0.012420650821864151,-0.022101269142460748,0.0010171421851307115,-0.005839325702096252,0.012420650821864151,-0.022101269142460748,0.02018584094036798,0.0002523831687877683,0.09247055884616479,0.4692718888022016
calibrate_then_close,56,6,0,0,certified_reset,0,1,0.07603675288968079,0.07204287837129425,0.003993874518386541,0.05990811777579813,0.0,0.0,0,0,0.0010171421851307115,-0.005839325702096252,-0.0016183369246937367,-0.006030440570035992,0.0010171421851307115,-0.005839325702096252,0.0075949494642206135,8.614250096803243e-06,0.09247055884616479,0.4692718888022016
calibrate_then_close,56,7,0,0,certified_reset,0,1,0.07204287837129425,0.06804900385290771,0.003993874518386541,0.05591424325741159,0.0,0.0,0,0,-0.0016183369246937367,-0.006030440570035992,0.003073042537319941,0.006365930649775051,-0.0016183369246937367,-0.006030440570035992,0.010492732381420908,1.1917368646902638e-05,0.09247055884616479,0.4692718888022016
calibrate_then_close,56,8,0,0,certified_reset,0,1,0.06804900385290771,0.06405512933452118,0.003993874518386541,0.051920368739025044,0.0,0.0,0,0,0.003073042537319941,0.006365930649775051,-0.0026108397924718783,-0.012175433764403469,0.003073042537319941,0.006365930649775051,-0.012439013043671678,2.060632972048781e-05,0.09247055884616479,0.4692718888022016
calibrate_then_close,56,9,0,0,certified_reset,0,1,0.06405512933452118,0.060061254816134634,0.003993874518386541,0.0479264942206385,0.0,0.0,0,0,-0.0026108397924718783,-0.012175433764403469,-0.0056523939797559365,-0.003705324118251316,-0.0026108397924718783,-0.012175433764403469,0.020536787165448572,4.404388882217561e-05,0.09247055884616479,0.4692718888022016
calibrate_then_close,56,10,0,0,certified_reset,0,1,0.060061254816134634,0.05606738029774809,0.003993874518386541,0.04393261970225196,0.0,0.0,0,0,-0.0056523939797559365,-0.003705324118251316,-0.003566059269632459,0.010167732643338779,-0.0056523939797559365,-0.003705324118251316,0.011087811588544827,3.749434367579096e-05,0.09247055884616479,0.4692718888022016
calibrate_then_close,56,11,0,0,certified_reset,0,1,0.05606738029774809,0.05207350577936155,0.003993874518386541,0.039938745183865414,0.0,0.0,0,0,-0.003566059269632459,0.010167732643338779,0.004979541237718461,-0.011419460469644134,-0.003566059269632459,0.010167732643338779,-0.01142847664283912,3.459093235308463e-05,0.09247055884616479,0.4692718888022016
calibrate_then_close,56,12,0,0,certified_reset,0,1,0.05207350577936155,0.048079631260975,0.003993874518386541,0.03594487066547887,0.0,0.0,0,0,0.004979541237718461,-0.011419460469644134,0.001965504388376746,0.004492310416512502,0.004979541237718461,-0.011419460469644134,0.011860502850557217,5.17853530700383e-05,0.09247055884616479,0.4692718888022016
calibrate_then_close,56,13,0,0,certified_reset,0,1,0.048079631260975,0.04408575674258846,0.003993874518386541,0.03195099614709233,0.0,0.0,0,0,0.001965504388376746,0.004492310416512502,0.0028956098380739474,-0.0036456216610582853,0.001965504388376746,0.004492310416512502,-0.008572386764916803,9.332906390006476e-06,0.09247055884616479,0.4692718888022016
calibrate_then_close,56,14,0,0,certified_reset,0,1,0.04408575674258846,0.040091882224201916,0.003993874518386541,0.027957121628705783,0.0,0.0,0,0,0.0028956098380739474,-0.0036456216610582853,-0.0020053881417890014,0.001954970465210723,0.0028956098380739474,-0.0036456216610582853,0.002487056029055682,1.0931492839846113e-05,0.09247055884616479,0.4692718888022016
calibrate_then_close,56,15,0,0,certified_reset,0,1,0.040091882224201916,0.03609800770581537,0.003993874518386541,0.023963247110319243,0.0,0.0,0,0,-0.0020053881417890014,0.001954970465210723,0.016170773527002268,-0.007501305948601934,-0.0020053881417890014,0.001954970465210723,-0.0008789176021618877,4.7288377165850155e-06,0.09247055884616479,0.4692718888022016
calibrate_then_close,56,16,0,0,certified_reset,0,1,0.03609800770581537,0.03210413318742883,0.003993874518386541,0.019969372591932703,0.0,0.0,0,0,0.016170773527002268,-0.007501305948601934,0.005789300313428833,-0.01552910027351909,0.016170773527002268,-0.007501305948601934,-0.005049427365262977,0.0002722598607477396,0.09247055884616479,0.4692718888022016
calibrate_then_close,56,17,0,0,certified_reset,0,1,0.03210413318742883,0.02811025866904229,0.003993874518386541,0.015975498073546163,0.0,0.0,0,0,0.005789300313428833,-0.01552910027351909,0.004929617522483484,0.013310077686988693,0.005789300313428833,-0.01552910027351909,0.01711407443832756,8.424581867098452e-05,0.09247055884616479,0.4692718888022016
calibrate_then_close,56,18,0,0,certified_reset,0,1,0.02811025866904229,0.02411638415065575,0.003993874518386541,0.011981623555159623,0.0,0.0,0,0,0.004929617522483484,0.013310077686988693,0.007128701342894642,-0.017345530581420153,0.004929617522483484,0.013310077686988693,-0.02451713200665495,7.121684320983119e-05,0.09247055884616479,0.4692718888022016
calibrate_then_close,56,19,0,0,certified_reset,0,1,0.02411638415065575,0.02012250963226921,0.003993874518386541,0.007987749036773082,0.0,0.0,0,0,0.007128701342894642,-0.017345530581420153,-0.005402017336517991,0.007978440973199268,0.007128701342894642,-0.017345530581420153,0.018455298048770306,0.0001134894710950882,0.09247055884616479,0.4692718888022016
calibrate_then_close,56,20,1,1,certified_reset,0,1,0.02012250963226921,0.01612863511388267,0.003993874518386541,0.003993874518386541,0.0,0.0,0,0,-0.005402017336517991,0.007978440973199268,-0.026337326075999548,-0.07331126650410745,-0.005402017336517991,0.007978440973199268,-0.006376005442507947,4.165612110442168e-05,0.09744082949644373,0.49914169846942547
calibrate_then_close,56,21,0,0,certified_reset,0,1,0.01612863511388267,0.01213476059549613,0.003993874518386541,0.0,0.0,0.0,0,0,-0.026337326075999548,-0.07331126650410745,-0.022925670544178444,0.06399120162427799,-0.026337326075999548,-0.07331126650410745,0.1342247252522982,0.002111479189918427,0.09247055884616479,0.4692718888022016
calibrate_then_close,57,0,0,0,certified_reset,0,1,0.1,0.09600612548161347,0.003993874518386541,0.08387136488611735,0.0,0.0,0,0,-3.2301986629561137,0.4725709864239632,-1.9816112556218748,2.035350502696023,-3.2301986629561137,0.4725709864239632,1.5499999999999994,10.534444102861213,0.09247055884616479,0.4692718888022016
calibrate_then_close,57,1,0,0,certified_reset,0,1,0.09600612548161347,0.09201225096322693,0.003993874518386541,0.07987749036773081,0.0,0.0,0,0,-1.9816112556218748,2.035350502696023,-0.4548633908091022,1.017771858709177,-1.9816112556218748,2.035350502696023,-1.0250463646549322,4.698728470038102,0.09247055884616479,0.4692718888022016
calibrate_then_close,57,2,0,0,certified_reset,0,1,0.09201225096322693,0.0880183764448404,0.003993874518386541,0.07588361584934428,0.0,0.0,0,0,-0.4548633908091022,1.017771858709177,0.038969692590037366,-0.03183103847914215,-0.4548633908091022,1.017771858709177,-1.046337073719011,0.42072595624278564,0.09247055884616479,0.4692718888022016
calibrate_then_close,57,3,0,0,certified_reset,0,1,0.0880183764448404,0.08402450192645386,0.003993874518386541,0.07188974133095774,0.0,0.0,0,0,0.038969692590037366,-0.03183103847914215,0.009554461121259194,-0.026008389129354582,0.038969692590037366,-0.03183103847914215,0.00809016678825402,0.0017026519124474708,0.09247055884616479,0.4692718888022016
calibrate_then_close,57,4,0,0,certified_reset,0,1,0.08402450192645386,0.08003062740806732,0.003993874518386541,0.0678958668125712,0.0,0.0,0,0,0.009554461121259194,-0.026008389129354582,-0.005577103329788647,-0.0003876186411192165,0.009554461121259194,-0.026008389129354582,0.0288025154178251,0.00023378588459621212,0.09247055884616479,0.4692718888022016
calibrate_then_close,57,5,0,0,certified_reset,0,1,0.08003062740806732,0.07603675288968079,0.003993874518386541,0.06390199229418467,0.0,0.0,0,0,-0.005577103329788647,-0.0003876186411192165,-0.004514501515140594,0.017904753232060647,-0.005577103329788647,-0.0003876186411192165,0.006130548446545779,3.207071683549549e-05,0.09247055884616479,0.4692718888022016
calibrate_then_close,57,6,0,0,certified_reset,0,1,0.07603675288968079,0.07204287837129425,0.003993874518386541,0.05990811777579813,0.0,0.0,0,0,-0.004514501515140594,0.017904753232060647,-0.0016033072264192427,0.003041542099825029,-0.004514501515140594,0.017904753232060647,-0.021878561384119505,9.005194403035135e-05,0.09247055884616479,0.4692718888022016
calibrate_then_close,57,7,0,0,certified_reset,0,1,0.07204287837129425,0.06804900385290771,0.003993874518386541,0.05591424325741159,0.0,0.0,0,0,-0.0016033072264192427,0.003041542099825029,-0.0025696404171161136,0.00675026891351427,-0.0016033072264192427,0.003041542099825029,-0.002885953404181931,4.443988340667345e-06,0.09247055884616479,0.4692718888022016
calibrate_then_close,57,8,0,0,certified_reset,0,1,0.06804900385290771,0.06405512933452118,0.003993874518386541,0.051920368739025044,0.0,0.0,0,0,-0.0025696404171161136,0.00675026891351427,0.00791064071486638,-0.004127452907345822,-0.0025696404171161136,0.00675026891351427,-0.007381548115560394,1.6167136660691284e-05,0.09247055884616479,0.4692718888022016
calibrate_then_close,57,9,0,0,certified_reset,0,1,0.06405512933452118,0.060061254816134634,0.003993874518386541,0.0479264942206385,0.0,0.0,0,0,0.00791064071486638,-0.004127452907345822,-0.000994392956872776,-0.004338489763503372,0.00791064071486638,-0.004127452907345822,-0.0017934289126203434,6.572510235174157e-05,0.09247055884616479,0.4692718888022016
calibrate_then_close,57,10,0,0,certified_reset,0,1,0.060061254816134634,0.05606738029774809,0.003993874518386541,0.04393261970225196,0.0,0.0,0,0,-0.000994392956872776,-0.004338489763503372,-0.011177272719181197,0.006399589378547061,-0.000994392956872776,-0.004338489763503372,0.00738069815486895,5.738733801054568e-06,0.09247055884616479,0.4692718888022016
calibrate_then_close,57,11,0,0,certified_reset,0,1,0.05606738029774809,0.05207350577936155,0.003993874518386541,0.039938745183865414,0.0,0.0,0,0,-0.011177272719181197,0.006399589378547061,-0.005691669700666179,0.01902078519306142,-0.011177272719181197,0.006399589378547061,0.0016996143480011681,0.00013237549662077275,0.09247055884616479,0.4692718888022016
calibrate_then_close,57,12,0,0,certified_reset,0,1,0.05207350577936155,0.048079631260975,0.003993874518386541,0.03594487066547887,0.0,0.0,0,0,-0.005691669700666179,0.01902078519306142,-0.000308145763818774,-0.008073271683121837,-0.005691669700666179,0.01902078519306142,-0.022353549026734358,0.00011000938131865207,0.09247055884616479,0.4692718888022016
calibrate_then_close,57,13,0,0,certified_reset,0,1,0.048079631260975,0.04408575674258846,0.003993874518386541,0.03195099614709233,0.0,0.0,0,0,-0.000308145763818774,-0.008073271683121837,0.005702759781453099,0.009140097007035664,-0.000308145763818774,-0.008073271683121837,0.012201773225358767,1.5549024378345947e-05,0.09247055884616479,0.4692718888022016
calibrate_then_close,57,14,0,0,certified_reset,0,1,0.04408575674258846,0.040091882224201916,0.003993874518386541,0.027957121628705783,0.0,0.0,0,0,0.005702759781453099,0.009140097007035664,0.009860124454802244,-0.015251054457231529,0.005702759781453099,0.009140097007035664,-0.019144507257147232,5.672172027157709e-05,0.09247055884616479,0.4692718888022016
calibrate_then_close,57,15,0,0,certified_reset,0,1,0.040091882224201916,0.03609800770581537,0.003993874518386541,0.023963247110319243,0.0,0.0,0,0,0.009860124454802244,-0.015251054457231529,-0.001485854263083054,0.0013223572392418292,0.009860124454802244,-0.015251054457231529,0.012647488178199528,0.00014308806736497117,0.09247055884616479,0.4692718888022016
calibrate_then_close,57,16,0,0,certified_reset,0,1,0.03609800770581537,0.03210413318742883,0.003993874518386541,0.019969372591932703,0.0,0.0,0,0,-0.001485854263083054,0.0013223572392418292,0.0055378295921253975,0.017628338881409668,-0.001485854263083054,0.0013223572392418292,-0.00046241751316069126,2.527861800305577e-06,0.09247055884616479,0.4692718888022016
calibrate_then_close,57,17,0,0,certified_reset,0,1,0.03210413318742883,0.02811025866904229,0.003993874518386541,0.015975498073546163,0.0,0.0,0,0,0.0055378295921253975,0.017628338881409668,0.011505064699531596,-0.0255444366036982,0.0055378295921253975,0.017628338881409668,-0.03148468553965341,0.00011138619188889883,0.09247055884616479,0.4692718888022016
calibrate_then_close,57,18,0,0,certified_reset,0,1,0.02811025866904229,0.02411638415065575,0.003993874518386541,0.011981623555159623,0.0,0.0,0,0,0.011505064699531596,-0.0255444366036982,0.002012903366752603,0.006242373670145877,0.011505064699531596,-0.0255444366036982,0.026170989263070495,0.000266942814167666,0.09247055884616479,0.4692718888022016
calibrate_then_close,57,19,0,0,certified_reset,0,1,0.02411638415065575,0.02012250963226921,0.003993874518386541,0.007987749036773082,0.0,0.0,0,0,0.002012903366752603,0.006242373670145877,-4.000336379385901e-05,-0.004644139983686596,0.002012903366752603,0.006242373670145877,-0.011201453450268371,1.4202695175638687e-05,0.09247055884616479,0.4692718888022016
calibrate_then_close,57,20,0,0,certified_reset,0,1,0.02012250963226921,0.01612863511388267,0.003993874518386541,0.003993874518386541,0.0,0.0,0,0,-4.000336379385901e-05,-0.004644139983686596,-0.0009932340851697729,-0.00035693937997112804,-4.000336379385901e-05,-0.004644139983686596,0.006876624776383886,5.0660459908480185e-06,0.09247055884616479,0.4692718888022016
calibrate_then_close,57,21,0,0,certified_reset,0,1,0.01612863511388267,0.01213476059549613,0.003993874518386541,0.0,0.0,0.0,0,0,-0.0009932340851697729,-0.00035693937997112804,-0.000677040726072142,0.002705133616293982,-0.0009932340851697729,-0.00035693937997112804,0.0015169721795064805,1.066977092553303e-06,0.09247055884616479,0.4692718888022016
calibrate_then_close,58,0,0,0,certified_reset,0,1,0.1,0.09600612548161347,0.003993874518386541,0.08387136488611735,0.0,0.0,0,0,4.196212683470218,-0.21025668818858023,3.21140747060969,-1.7567422352246507,4.196212683470218,-0.21025668818858023,-1.5499999999993102,17.67622080240332,0.09247055884616479,0.4692718888022016
calibrate_then_close,58,1,0,0,certified_reset,0,1,0.09600612548161347,0.09201225096322693,0.003993874518386541,0.07987749036773081,0.0,0.0,0,0,3.21140747060969,-1.7567422352246507,1.3323990972661182,-1.9952483494665372,3.21140747060969,-1.7567422352246507,-0.24334793943878752,10.870124188362432,0.09247055884616479,0.4692718888022016
calibrate_then_close,58,2,0,0,certified_reset,0,1,0.09201225096322693,0.0880183764448404,0.003993874518386541,0.07588361584934428,0.0,0.0,0,0,1.3323990972661182,-1.9952483494665372,0.11670537851307772,-0.45051866072502256,1.3323990972661182,-1.9952483494665372,1.55,2.5519327300843755,0.09247055884616479,0.4692718888022016
calibrate_then_close,58,3,0,0,certified_reset,0,1,0.0880183764448404,0.08402450192645386,0.003993874518386541,0.07188974133095774,0.0,0.0,0,0,0.11670537851307772,-0.45051866072502256,-0.059994973517092653,0.08834170308782126,0.11670537851307772,-0.45051866072502256,0.5474457044555454,0.05764663681611569,0.09247055884616479,0.4692718888022016
calibrate_then_close,58,4,0,0,certified_reset,0,1,0.08402450192645386,0.08003062740806732,0.003993874518386541,0.0678958668125712,0.0,0.0,0,0,-0.059994973517092653,0.08834170308782126,-0.009516077375742676,0.012893345743607353,-0.059994973517092653,0.08834170308782126,-0.07039572421395426,0.0051280519678090445,0.09247055884616479,0.4692718888022016
calibrate_then_close,58,5,0,0,certified_reset,0,1,0.08003062740806732,0.07603675288968079,0.003993874518386541,0.06390199229418467,0.0,0.0,0,0,-0.009516077375742676,0.012893345743607353,0.004454133581834577,-0.0005121822820769906,-0.009516077375742676,0.012893345743607353,-0.009516919716950536,0.00012274292824714927,0.09247055884616479,0.4692718888022016
calibrate_then_close,58,6,0,0,certified_reset,0,1,0.07603675288968079,0.07204287837129425,0.003993874518386541,0.05990811777579813,0.0,0.0,0,0,0.004454133581834577,-0.0005121822820769906,-0.0077269053627870956,-0.004198436573925097,0.004454133581834577,-0.0005121822820769906,-0.0036828604297814995,2.0225612012671024e-05,0.09247055884616479,0.4692718888022016
calibrate_then_close,58,7,0,0,certified_reset,0,1,0.07204287837129425,0.06804900385290771,0.003993874518386541,0.05591424325741159,0.0,0.0,0,0,-0.0077269053627870956,-0.004198436573925097,-0.0037395178362120635,0.01095356546590424,-0.0077269053627870956,-0.004198436573925097,0.013878975316816939,6.769355192133726e-05,0.09247055884616479,0.4692718888022016
calibrate_then_close,58,8,0,0,certified_reset,0,1,0.06804900385290771,0.06405512933452118,0.003993874518386541,0.051920368739025044,0.0,0.0,0,0,-0.0037395178362120635,0.01095356546590424,-0.0019089262961471854,-0.003475616328980619,-0.0037395178362120635,0.01095356546590424,-0.012412446302314181,3.943222158239698e-05,0.09247055884616479,0.4692718888022016
calibrate_then_close,58,9,0,0,certified_reset,0,1,0.06405512933452118,0.060061254816134634,0.003993874518386541,0.0479264942206385,0.0,0.0,0,0,-0.0019089262961471854,-0.003475616328980619,0.00013741280723153504,0.00398892805870139,-0.0019089262961471854,-0.003475616328980619,0.007018894350422377,7.0500051476118e-06,0.09247055884616479,0.4692718888022016
calibrate_then_close,58,10,0,0,certified_reset,0,1,0.060061254816134634,0.05606738029774809,0.003993874518386541,0.04393261970225196,0.0,0.0,0,0,0.00013741280723153504,0.00398892805870139,0.0047202546297982675,-0.0024090305878837035,0.00013741280723153504,0.00398892805870139,-0.006011301737538866,3.786354464433839e-06,0.09247055884616479,0.4692718888022016
calibrate_then_close,58,11,0,0,certified_reset,0,1,0.05606738029774809,0.05207350577936155,0.003993874518386541,0.039938745183865414,0.0,0.0,0,0,0.0047202546297982675,-0.0024090305878837035,0.011845918651759699,-0.010847521687075687,0.0047202546297982675,-0.0024090305878837035,-0.0011457180014134588,2.3358237620805725e-05,0.09247055884616479,0.4692718888022016
calibrate_then_close,58,12,0,0,certified_reset,0,1,0.05207350577936155,0.048079631260975,0.003993874518386541,0.03594487066547887,0.0,0.0,0,0,0.011845918651759699,-0.010847521687075687,0.0040749002046759995,-0.0025402647643555896,0.011845918651759699,-0.010847521687075687,0.004181756879607432,0.00016194333678439584,0.09247055884616479,0.4692718888022016
calibrate_then_close,58,13,0,0,certified_reset,0,1,0.048079631260975,0.04408575674258846,0.003993874518386541,0.03195099614709233,0.0,0.0,0,0,0.0040749002046759995,-0.0025402647643555896,0.0072676856345931535,0.005107295844213349,0.0040749002046759995,-0.0025402647643555896,-0.0003178219860505958,1.776886706158371e-05,0.09247055884616479,0.4692718888022016
calibrate_then_close,58,14,0,0,certified_reset,0,1,0.04408575674258846,0.040091882224201916,0.003993874518386541,0.027957121628705783,0.0,0.0,0,0,0.0072676856345931535,0.005107295844213349,0.006862882881307208,-0.022827866962788955,0.0072676856345931535,0.005107295844213349,-0.014758224358987538,6.295958889028441e-05,0.09247055884616479,0.4692718888022016
calibrate_then_close,58,15,0,0,certified_reset,0,1,0.040091882224201916,0.03609800770581537,0.003993874518386541,0.023963247110319243,0.0,0.0,0,0,0.006862882881307208,-0.022827866962788955,0.0013822017384839272,0.0043595607130149094,0.006862882881307208,-0.022827866962788955,0.02679728111150545,0.00015885159012950814,0.09247055884616479,0.4692718888022016
calibrate_then_close,58,16,0,0,certified_reset,0,1,0.03609800770581537,0.03210413318742883,0.003993874518386541,0.019969372591932703,0.0,0.0,0,0,0.0013822017384839272,0.0043595607130149094,0.0027966200428774404,0.004507842745319636,0.0013822017384839272,0.0043595607130149094,-0.007800147903153903,6.852577858528248e-06,0.09247055884616479,0.4692718888022016
calibrate_then_close,58,17,0,0,certified_reset,0,1,0.03210413318742883,0.02811025866904229,0.003993874518386541,0.015975498073546163,0.0,0.0,0,0,0.0027966200428774404,0.004507842745319636,-0.0010455543278940025,0.0014906366931221283,0.0027966200428774404,0.004507842745319636,-0.00942344394312083,1.369883237692789e-05,0.09247055884616479,0.4692718888022016
calibrate_then_close,58,18,0,0,certified_reset,0,1,0.02811025866904229,0.02411638415065575,0.003993874518386541,0.011981623555159623,0.0,0.0,0,0,-0.0010455543278940025,0.0014906366931221283,0.0038677305778327415,-0.006078667883618511,-0.0010455543278940025,0.0014906366931221283,-0.0011556586284189817,1.5265321193726338e-06,0.09247055884616479,0.4692718888022016
calibrate_then_close,58,19,0,0,certified_reset,0,1,0.02411638415065575,0.02012250963226921,0.003993874518386541,0.007987749036773082,0.0,0.0,0,0,0.0038677305778327415,-0.006078667883618511,-0.0015953863873040114,-0.011337990221777118,0.0038677305778327415,-0.006078667883618511,0.005104964870243995,2.2261893063943353e-05,0.09247055884616479,0.4692718888022016
calibrate_then_close,58,20,0,0,certified_reset,0,1,0.02012250963226921,0.01612863511388267,0.003993874518386541,0.003993874518386541,0.0,0.0,0,0,-0.0015953863873040114,-0.011337990221777118,-0.0017713623461358967,0.010232613302544274,-0.0015953863873040114,-0.011337990221777118,0.01828921701604048,3.4046648209731e-05,0.09247055884616479,0.4692718888022016
calibrate_then_close,58,21,0,0,certified_reset,0,1,0.01612863511388267,0.01213476059549613,0.003993874518386541,0.0,0.0,0.0,0,0,-0.0017713623461358967,0.010232613302544274,-0.00367497654127006,0.007955370943262118,-0.0017713623461358967,0.010232613302544274,-0.013311310317277152,2.6414646620272383e-05,0.09247055884616479,0.4692718888022016
calibrate_then_close,59,0,0,0,certified_reset,0,1,0.1,0.09600612548161347,0.003993874518386541,0.08387136488611735,0.0,0.0,0,0,0.33634640419222883,0.34698798090126626,0.25646664047262147,-0.5048054938950447,0.33634640419222883,0.34698798090126626,-0.8460660145351316,0.15269671473701496,0.09247055884616479,0.4692718888022016
calibrate_then_close,59,1,0,0,certified_reset,0,1,0.09600612548161347,0.09201225096322693,0.003993874518386541,0.07987749036773081,0.0,0.0,0,0,0.25646664047262147,-0.5048054938950447,-0.009688418313075532,-0.019630088959699445,0.25646664047262147,-0.5048054938950447,0.4882456301313702,0.11760387815886394,0.09247055884616479,0.4692718888022016
calibrate_then_close,59,2,0,0,certified_reset,0,1,0.09201225096322693,0.0880183764448404,0.003993874518386541,0.07588361584934428,0.0,0.0,0,0,-0.009688418313075532,-0.019630088959699445,-0.012485405539112137,0.008018206983594971,-0.009688418313075532,-0.019630088959699445,0.03856225674891406,0.00020040291121019505,0.09247055884616479,0.4692718888022016
calibrate_then_close,59,3,0,0,certified_reset,0,1,0.0880183764448404,0.08402450192645386,0.003993874518386541,0.07188974133095774,0.0,0.0,0,0,-0.012485405539112137,0.008018206983594971,-0.005899757317279454,0.005515878210199913,-0.012485405539112137,0.008018206983594971,0.0006180784586298824,0.00016746739778233637,0.09247055884616479,0.4692718888022016
calibrate_then_close,59,4,0,0,certified_reset,0,1,0.08402450192645386,0.08003062740806732,0.003993874518386541,0.0678958668125712,0.0,0.0,0,0,-0.005899757317279454,0.005515878210199913,-0.007750342464630455,0.010421982533246676,-0.005899757317279454,0.005515878210199913,-0.0022499271265770514,4.041017494202162e-05,0.09247055884616479,0.4692718888022016
calibrate_then_close,59,5,0,0,certified_reset,0,1,0.08003062740806732,0.07603675288968079,0.003993874518386541,0.06390199229418467,0.0,0.0,0,0,-0.007750342464630455,0.010421982533246676,-0.0037222914325483253,-0.005521328559724488,-0.007750342464630455,0.010421982533246676,-0.007632884251523765,8.107552095517686e-05,0.09247055884616479,0.4692718888022016
calibrate_then_close,59,6,0,0,certified_reset,0,1,0.07603675288968079,0.07204287837129425,0.003993874518386541,0.05990811777579813,0.0,0.0,0,0,-0.0037222914325483253,-0.005521328559724488,-0.0015933805334421088,0.0047371718149336745,-0.0037222914325483253,-0.005521328559724488,0.011837233767576685,2.284576852212638e-05,0.09247055884616479,0.4692718888022016
calibrate_then_close,59,7,0,0,certified_reset,0,1,0.07204287837129425,0.06804900385290771,0.003993874518386541,0.05591424325741159,0.0,0.0,0,0,-0.0015933805334421088,0.0047371718149336745,-0.0007848211930310384,-0.01179447264254174,-0.0015933805334421088,0.0047371718149336745,-0.005391808536662216,7.304994931509208e-06,0.09247055884616479,0.4692718888022016
calibrate_then_close,59,8,0,0,certified_reset,0,1,0.06804900385290771,0.06405512933452118,0.003993874518386541,0.051920368739025044,0.0,0.0,0,0,-0.0007848211930310384,-0.01179447264254174,0.004731208530862022,0.011128155331030702,-0.0007848211930310384,-0.01179447264254174,0.01815344438824495,3.3894358168778013e-05,0.09247055884616479,0.4692718888022016
calibrate_then_close,59,9,0,0,certified_reset,0,1,0.06405512933452118,0.060061254816134634,0.003993874518386541,0.0479264942206385,0.0,0.0,0,0,0.004731208530862022,0.011128155331030702,0.004509531698689987,-0.004065361902767368,0.004731208530862022,0.011128155331030702,-0.021107416919487865,5.58128617807071e-05,0.09247055884616479,0.4692718888022016
calibrate_then_close,59,10,0,0,certified_reset,0,1,0.060061254816134634,0.05606738029774809,0.003993874518386541,0.04393261970225196,0.0,0.0,0,0,0.004509531698689987,-0.004065361902767368,0.007148544558124101,-0.016403561302916793,0.004509531698689987,-0.004065361902767368,0.0014972863409650067,2.3366812933245825e-05,0.09247055884616479,0.4692718888022016
calibrate_then_close,59,11,0,0,certified_reset,0,1,0.05606738029774809,0.05207350577936155,0.003993874518386541,0.039938745183865414,0.0,0.0,0,0,0.007148544558124101,-0.016403561302916793,-0.008031578957485824,0.003006015903316934,0.007148544558124101,-0.016403561302916793,0.01704349497229028,0.00010679753553658668,0.09247055884616479,0.4692718888022016
calibrate_then_close,59,12,0,0,certified_reset,0,1,0.05207350577936155,0.048079631260975,0.003993874518386541,0.03594487066547887,0.0,0.0,0,0,-0.008031578957485824,0.003006015903316934,6.059720655449607e-05,0.00366180973729338,-0.008031578957485824,0.003006015903316934,0.003570688546763483,6.645150965775776e-05,0.09247055884616479,0.4692718888022016
calibrate_then_close,59,13,0,0,certified_reset,0,1,0.048079631260975,0.04408575674258846,0.003993874518386541,0.03195099614709233,0.0,0.0,0,0,6.059720655449607e-05,0.00366180973729338,0.002234197429534401,-0.0023580049718421037,6.059720655449607e-05,0.00366180973729338,-0.005454043510628388,3.1609298862224887e-06,0.09247055884616479,0.4692718888022016
calibrate_then_close,59,14,0,0,certified_reset,0,1,0.04408575674258846,0.040091882224201916,0.003993874518386541,0.027957121628705783,0.0,0.0,0,0,0.002234197429534401,-0.0023580049718421037,0.0074450029896088775,-0.013928565365464276,0.002234197429534401,-0.0023580049718421037,0.001247820053969654,6.03139826681712e-06,0.09247055884616479,0.4692718888022016
calibrate_then_close,59,15,0,0,certified_reset,0,1,0.040091882224201916,0.03609800770581537,0.003993874518386541,0.023963247110319243,0.0,0.0,0,0,0.0074450029896088775,-0.013928565365464276,0.0017480478009131257,-0.000900287695656004,0.0074450029896088775,-0.013928565365464276,0.013107455082013053,9.464409194866183e-05,0.09247055884616479,0.4692718888022016
calibrate_then_close,59,16,0,0,certified_reset,0,1,0.03609800770581537,0.03210413318742883,0.003993874518386541,0.019969372591932703,0.0,0.0,0,0,0.0017480478009131257,-0.000900287695656004,-0.0030698863143841203,-0.008102707589217715,0.0017480478009131257,-0.000900287695656004,-0.00041386489878987516,3.2058464464294012e-06,0.09247055884616479,0.4692718888022016
calibrate_then_close,59,17,0,0,certified_reset,0,1,0.03210413318742883,0.02811025866904229,0.003993874518386541,0.015975498073546163,0.0,0.0,0,0,-0.0030698863143841203,-0.008102707589217715,0.002694074836550862,-0.001792710264284396,-0.0030698863143841203,-0.008102707589217715,0.014992227583491625,2.6861070830869042e-05,0.09247055884616479,0.4692718888022016
calibrate_then_close,59,18,0,0,certified_reset,0,1,0.02811025866904229,0.02411638415065575,0.003993874518386541,0.011981623555159623,0.0,0.0,0,0,0.002694074836550862,-0.001792710264284396,0.00104284749731784,-0.014633294377582875,0.002694074836550862,-0.001792710264284396,-4.1100922834464007e-05,7.836567273583712e-06,0.09247055884616479,0.4692718888022016
calibrate_then_close,59,19,0,0,certified_reset,0,1,0.02411638415065575,0.02012250963226921,0.003993874518386541,0.007987749036773082,0.0,0.0,0,0,0.00104284749731784,-0.014633294377582875,0.0016510318233451645,0.022612354413749557,0.00104284749731784,-0.014633294377582875,0.020518700420486303,5.015695235768344e-05,0.09247055884616479,0.4692718888022016
calibrate_then_close,59,20,0,0,certified_reset,0,1,0.02012250963226921,0.01612863511388267,0.003993874518386541,0.003993874518386541,0.0,0.0,0,0,0.0016510318233451645,0.022612354413749557,0.0061528090830137916,-0.01018793713471941,0.0016510318233451645,0.022612354413749557,-0.03495682018537464,0.00012531273100245728,0.09247055884616479,0.4692718888022016
calibrate_then_close,59,21,0,0,certified_reset,0,1,0.01612863511388267,0.01213476059549613,0.003993874518386541,0.0,0.0,0.0,0,0,0.0061528090830137916,-0.01018793713471941,0.00626453151175056,-0.0044484667316339556,0.0061528090830137916,-0.01018793713471941,0.008884128884145425,5.851318461374875e-05,0.09247055884616479,0.4692718888022016
calibrate_then_close,60,0,0,0,certified_reset,0,1,0.1,0.09600612548161347,0.003993874518386541,0.08387136488611735,0.0,0.0,0,0,-2.4125824886879323,-0.42798611344623416,-2.0619692003971197,1.1288593708901022,-2.4125824886879323,-0.42798611344623416,1.55,5.913587745118163,0.09247055884616479,0.4692718888022016
calibrate_then_close,60,1,0,0,certified_reset,0,1,0.09600612548161347,0.09201225096322693,0.003993874518386541,0.07987749036773081,0.0,0.0,0,0,-2.0619692003971197,1.1288593708901022,-0.7498575934552877,1.4979362277026362,-2.0619692003971197,1.1288593708901022,0.3620362357708265,4.484371965550967,0.09247055884616479,0.4692718888022016
calibrate_then_close,60,2,0,0,certified_reset,0,1,0.09201225096322693,0.0880183764448404,0.003993874518386541,0.07588361584934428,0.0,0.0,0,0,-0.7498575934552877,1.4979362277026362,0.02220660135664934,0.0322016626161003,-0.7498575934552877,1.4979362277026362,-1.4599201912953692,1.0194569141938739,0.09247055884616479,0.4692718888022016
calibrate_then_close,60,3,0,0,certified_reset,0,1,0.0880183764448404,0.08402450192645386,0.003993874518386541,0.07188974133095774,0.0,0.0,0,0,0.02220660135664934,0.0322016626161003,0.019926582272496298,-0.02395080083368726,0.02220660135664934,0.0322016626161003,-0.06954423317320832,0.000800693626547787,0.09247055884616479,0.4692718888022016
calibrate_then_close,60,4,0,0,certified_reset,0,1,0.08402450192645386,0.08003062740806732,0.003993874518386541,0.0678958668125712,0.0,0.0,0,0,0.019926582272496298,-0.02395080083368726,-0.001313455286495662,-0.015606486042427474,0.019926582272496298,-0.02395080083368726,0.015443848713679478,0.0005062868475433311,0.09247055884616479,0.4692718888022016
calibrate_then_close,60,5,0,0,certified_reset,0,1,0.08003062740806732,0.07603675288968079,0.003993874518386541,0.06390199229418467,0.0,0.0,0,0,-0.001313455286495662,-0.015606486042427474,-0.0029361500721261143,0.007155516385289149,-0.001313455286495662,-0.015606486042427474,0.02429932356578695,6.0327826120140666e-05,0.09247055884616479,0.4692718888022016
calibrate_then_close,60,6,0,0,certified_reset,0,1,0.07603675288968079,0.07204287837129425,0.003993874518386541,0.05990811777579813,0.0,0.0,0,0,-0.0029361500721261143,0.007155516385289149,0.0022363420716707775,-0.00956557417187423,-0.0029361500721261143,0.007155516385289149,-0.0076176763814951465,1.928795673560138e-05,0.09247055884616479,0.4692718888022016
calibrate_then_close,60,7,0,0,certified_reset,0,1,0.07204287837129425,0.06804900385290771,0.003993874518386541,0.05591424325741159,0.0,0.0,0,0,0.0022363420716707775,-0.00956557417187423,-0.005872322461464407,-0.0014519308332044973,0.0022363420716707775,-0.00956557417187423,0.011858083598883094,2.498661719025018e-05,0.09247055884616479,0.4692718888022016
calibrate_then_close,60,8,0,0,certified_reset,0,1,0.06804900385290771,0.06405512933452118,0.003993874518386541,0.051920368739025044,0.0,0.0,0,0,-0.005872322461464407,-0.0014519308332044973,-0.003568584515624425,-0.0031852970103439272,-0.005872322461464407,-0.0014519308332044973,0.007982767122062343,3.645674393054016e-05,0.09247055884616479,0.4692718888022016
calibrate_then_close,60,9,0,0,certified_reset,0,1,0.06405512933452118,0.060061254816134634,0.003993874518386541,0.0479264942206385,0.0,0.0,0,0,-0.003568584515624425,-0.0031852970103439272,0.005930256698449838,0.009832392924468407,-0.003568584515624425,-0.0031852970103439272,0.00824546901922503,1.626079049676848e-05,0.09247055884616479,0.4692718888022016
calibrate_then_close,60,10,0,0,certified_reset,0,1,0.060061254816134634,0.05606738029774809,0.003993874518386541,0.04393261970225196,0.0,0.0,0,0,0.005930256698449838,0.009832392924468407,0.007017055861647305,-0.00980789874327279,0.005930256698449838,0.009832392924468407,-0.020392070584315632,6.29655291892065e-05,0.09247055884616479,0.4692718888022016
calibrate_then_close,60,11,0,0,certified_reset,0,1,0.05606738029774809,0.05207350577936155,0.003993874518386541,0.039938745183865414,0.0,0.0,0,0,0.007017055861647305,-0.00980789874327279,-0.0022571845688257896,-0.0053276811251519165,0.007017055861647305,-0.00980789874327279,0.007459945527466355,6.794542064379048e-05,0.09247055884616479,0.4692718888022016
calibrate_then_close,60,12,0,0,certified_reset,0,1,0.05207350577936155,0.048079631260975,0.003993874518386541,0.03594487066547887,0.0,0.0,0,0,-0.0022571845688257896,-0.0053276811251519165,-0.0028891940077566043,-0.004674919945827944,-0.0022571845688257896,-0.0053276811251519165,0.010094824892887391,1.2751672929030736e-05,0.09247055884616479,0.4692718888022016
calibrate_then_close,60,13,0,0,certified_reset,0,1,0.048079631260975,0.04408575674258846,0.003993874518386541,0.03195099614709233,0.0,0.0,0,0,-0.0028891940077566043,-0.004674919945827944,-0.001887682900654282,-0.002256041167347394,-0.0028891940077566043,-0.004674919945827944,0.009762787187271445,1.4664120126037448e-05,0.09247055884616479,0.4692718888022016
calibrate_then_close,60,14,0,0,certified_reset,0,1,0.04408575674258846,0.040091882224201916,0.003993874518386541,0.027957121628705783,0.0,0.0,0,0,-0.001887682900654282,-0.002256041167347394,0.011441001509992894,-0.0020187300390768883,-0.001887682900654282,-0.002256041167347394,0.005207375731563958,5.1574156984425094e-06,0.09247055884616479,0.4692718888022016
calibrate_then_close,60,15,0,0,certified_reset,0,1,0.040091882224201916,0.03609800770581537,0.003993874518386541,0.023963247110319243,0.0,0.0,0,0,0.011441001509992894,-0.0020187300390768883,0.013550171802037936,-0.013722315966709297,0.011441001509992894,-0.0020187300390768883,-0.008418506242506462,0.00013340184551025852,0.09247055884616479,0.4692718888022016
calibrate_then_close,60,16,0,0,certified_reset,0,1,0.03609800770581537,0.03210413318742883,0.003993874518386541,0.019969372591932703,0.0,0.0,0,0,0.013550171802037936,-0.013722315966709297,0.0006334851118693224,-0.0007961761121864277,0.013550171802037936,-0.013722315966709297,0.006718804599293679,0.00021863006623406813,0.09247055884616479,0.4692718888022016
calibrate_then_close,60,17,0,0,certified_reset,0,1,0.03210413318742883,0.02811025866904229,0.003993874518386541,0.015975498073546163,0.0,0.0,0,0,0.0006334851118693224,-0.0007961761121864277,-0.0030528312922819,0.00318681508136954,0.0006334851118693224,-0.0007961761121864277,0.0005439296022062157,5.228012245549264e-07,0.09247055884616479,0.4692718888022016
calibrate_then_close,60,18,0,0,certified_reset,0,1,0.02811025866904229,0.02411638415065575,0.003993874518386541,0.011981623555159623,0.0,0.0,0,0,-0.0030528312922819,0.00318681508136954,-0.0018288321277201234,-0.008028222102109458,-0.0030528312922819,0.00318681508136954,-0.0016525406576507332,1.1216093430077276e-05,0.09247055884616479,0.4692718888022016
calibrate_then_close,60,19,0,0,certified_reset,0,1,0.02411638415065575,0.02012250963226921,0.003993874518386541,0.007987749036773082,0.0,0.0,0,0,-0.0018288321277201234,-0.008028222102109458,-0.005890515094123425,0.010312113833805696,-0.0018288321277201234,-0.008028222102109458,0.0136436629344758,1.959978842986482e-05,0.09247055884616479,0.4692718888022016
calibrate_then_close,60,20,0,0,certified_reset,0,1,0.02012250963226921,0.01612863511388267,0.003993874518386541,0.003993874518386541,0.0,0.0,0,0,-0.005890515094123425,0.010312113833805696,0.001849921106759259,0.0007754995712756078,-0.005890515094123425,0.010312113833805696,-0.009322766190057022,5.601216181980368e-05,0.09247055884616479,0.4692718888022016
calibrate_then_close,60,21,0,0,certified_reset,0,1,0.01612863511388267,0.01213476059549613,0.003993874518386541,0.0,0.0,0.0,0,0,0.001849921106759259,0.0007754995712756078,0.0003783261708938349,-0.0028684109861866827,0.001849921106759259,0.0007754995712756078,-0.0029840384480712425,3.753072163031345e-06,0.09247055884616479,0.4692718888022016
calibrate_then_close,61,0,0,0,certified_reset,0,1,0.1,0.09600612548161347,0.003993874518386541,0.08387136488611735,0.0,0.0,0,0,4.505485168562686,-0.3328930901418328,3.3963328585874835,-1.8823391540518895,4.505485168562686,-0.3328930901418328,-1.55,20.379406309841887,0.09247055884616479,0.4692718888022016
calibrate_then_close,61,1,0,0,certified_reset,0,1,0.09600612548161347,0.09201225096322693,0.003993874518386541,0.07987749036773081,0.0,0.0,0,0,3.3963328585874835,-1.8823391540518895,1.415614557481627,-2.066366513185116,3.3963328585874835,-1.8823391540518895,-0.19235314399298423,12.173778003978947,0.09247055884616479,0.4692718888022016
calibrate_then_close,61,2,0,0,certified_reset,0,1,0.09201225096322693,0.0880183764448404,0.003993874518386541,0.07588361584934428,0.0,0.0,0,0,1.415614557481627,-2.066366513185116,0.13224997983474046,-0.504338581780861,1.415614557481627,-2.066366513185116,1.55,2.8326037773802093,0.09247055884616479,0.4692718888022016
calibrate_then_close,61,3,1,1,certified_reset,0,1,0.0880183764448404,0.08402450192645386,0.003993874518386541,0.07188974133095774,0.0,0.0,0,0,0.13224997983474046,-0.504338581780861,-0.064493106569605,0.1277528662613123,0.13224997983474046,-0.504338581780861,0.6112513191616361,0.07261509445880171,0.09744082949644373,0.49914169846942547
calibrate_then_close,61,4,1,1,certified_reset,0,1,0.08402450192645386,0.08003062740806732,0.003993874518386541,0.0678958668125712,0.0,0.0,0,0,-0.064493106569605,0.1277528662613123,-0.007100966182882366,-0.012838822252997695,-0.064493106569605,0.1277528662613123,-0.12397285972395321,0.0074813356145383356,0.09744082949644373,0.49914169846942547
calibrate_then_close,61,5,1,1,certified_reset,0,1,0.08003062740806732,0.07603675288968079,0.003993874518386541,0.06390199229418467,0.0,0.0,0,0,-0.007100966182882366,-0.012838822252997695,0.0015549611311004834,-0.017872802602995855,-0.007100966182882366,-0.012838822252997695,0.02598566521049987,9.697545487317592e-05,0.09744082949644373,0.49914169846942547
calibrate_then_close,61,6,1,1,certified_reset,0,1,0.07603675288968079,0.07204287837129425,0.003993874518386541,0.05990811777579813,0.0,0.0,0,0,0.0015549611311004834,-0.017872802602995855,0.011324646004541711,0.03790299264022626,0.0015549611311004834,-0.017872802602995855,0.02478083874674221,7.526882646345225e-05,0.09744082949644373,0.49914169846942547
calibrate_then_close,61,7,0,0,certified_reset,0,1,0.07204287837129425,0.06804900385290771,0.003993874518386541,0.05591424325741159,0.0,0.0,0,0,0.011324646004541711,0.03790299264022626,0.011622374325242619,-0.02825509330963918,0.011324646004541711,0.03790299264022626,-0.06711139463036066,0.0004994407225542908,0.09247055884616479,0.4692718888022016
calibrate_then_close,61,8,0,0,certified_reset,0,1,0.06804900385290771,0.06405512933452118,0.003993874518386541,0.051920368739025044,0.0,0.0,0,0,0.011622374325242619,-0.02825509330963918,0.00321063278014032,0.008211774730651695,0.011622374325242619,-0.02825509330963918,0.03005220761808675,0.0003013610181526286,0.09247055884616479,0.4692718888022016
calibrate_then_close,61,9,0,0,certified_reset,0,1,0.06405512933452118,0.060061254816134634,0.003993874518386541,0.0479264942206385,0.0,0.0,0,0,0.00321063278014032,0.008211774730651695,0.009056712010940379,-0.007412518601870292,0.00321063278014032,0.008211774730651695,-0.015295835942034751,2.8295211738907165e-05,0.09247055884616479,0.4692718888022016
calibrate_then_close,61,10,0,0,certified_reset,0,1,0.060061254816134634,0.05606738029774809,0.003993874518386541,0.04393261970225196,0.0,0.0,0,0,0.009056712010940379,-0.007412518601870292,-0.0010025520543429879,-0.003948749320204008,0.009056712010940379,-0.007412518601870292,0.0018982434264332888,9.20042934159148e-05,0.09247055884616479,0.4692718888022016
calibrate_then_close,61,11,0,0,certified_reset,0,1,0.05606738029774809,0.05207350577936155,0.003993874518386541,0.039938745183865414,0.0,0.0,0,0,-0.0010025520543429879,-0.003948749320204008,0.007073719729646516,-0.005535978394862969,-0.0010025520543429879,-0.003948749320204008,0.006814688214813535,4.972781823181398e-06,0.09247055884616479,0.4692718888022016
calibrate_then_close,61,12,0,0,certified_reset,0,1,0.05207350577936155,0.048079631260975,0.003993874518386541,0.03594487066547887,0.0,0.0,0,0,0.007073719729646516,-0.005535978394862969,-0.006918945985593375,-0.009124247575812611,0.007073719729646516,-0.005535978394862969,0.0011155772507247831,5.5585093850558866e-05,0.09247055884616479,0.4692718888022016
calibrate_then_close,61,13,0,0,certified_reset,0,1,0.048079631260975,0.04408575674258846,0.003993874518386541,0.03195099614709233,0.0,0.0,0,0,-0.006918945985593375,-0.009124247575812611,-0.013372830581691059,0.014801678061434134,-0.006918945985593375,-0.009124247575812611,0.02033216335391555,7.319207610626636e-05,0.09247055884616479,0.4692718888022016
calibrate_then_close,61,14,0,0,certified_reset,0,1,0.04408575674258846,0.040091882224201916,0.003993874518386541,0.027957121628705783,0.0,0.0,0,0,-0.013372830581691059,0.014801678061434134,-0.0012114285334060427,0.008492256924915799,-0.013372830581691059,0.014801678061434134,-0.008486785004534585,0.00022006937697762277,0.09247055884616479,0.4692718888022016
calibrate_then_close,61,15,0,0,certified_reset,0,1,0.040091882224201916,0.03609800770581537,0.003993874518386541,0.023963247110319243,0.0,0.0,0,0,-0.0012114285334060427,0.008492256924915799,-0.00737731249036757,-0.0023799454812233273,-0.0012114285334060427,0.008492256924915799,-0.011301809060798826,1.7642148274899637e-05,0.09247055884616479,0.4692718888022016
calibrate_then_close,61,16,0,0,certified_reset,0,1,0.03609800770581537,0.03210413318742883,0.003993874518386541,0.019969372591932703,0.0,0.0,0,0,-0.00737731249036757,-0.0023799454812233273,-0.007490025405350316,0.005243223143191776,-0.00737731249036757,-0.0023799454812233273,0.01085169656905759,5.8388267830052926e-05,0.09247055884616479,0.4692718888022016
calibrate_then_close,61,17,0,0,certified_reset,0,1,0.03210413318742883,0.02811025866904229,0.003993874518386541,0.015975498073546163,0.0,0.0,0,0,-0.007490025405350316,0.005243223143191776,-0.005192139433846117,0.007830290105507435,-0.007490025405350316,0.005243223143191776,-0.0002630789292692114,6.105066084314314e-05,0.09247055884616479,0.4692718888022016
calibrate_then_close,61,18,0,0,certified_reset,0,1,0.02811025866904229,0.02411638415065575,0.003993874518386541,0.011981623555159623,0.0,0.0,0,0,-0.005192139433846117,0.007830290105507435,0.0036966804226047896,0.003656911144396954,-0.005192139433846117,0.007830290105507435,-0.006363441120152989,3.90070662372946e-05,0.09247055884616479,0.4692718888022016
calibrate_then_close,61,19,0,0,certified_reset,0,1,0.02411638415065575,0.02012250963226921,0.003993874518386541,0.007987749036773082,0.0,0.0,0,0,0.0036966804226047896,0.003656911144396954,0.00420517529809367,-0.010376431738018662,0.0036966804226047896,0.003656911144396954,-0.009067081710113719,1.812788525655913e-05,0.09247055884616479,0.4692718888022016
calibrate_then_close,61,20,0,0,certified_reset,0,1,0.02012250963226921,0.01612863511388267,0.003993874518386541,0.003993874518386541,0.0,0.0,0,0,0.00420517529809367,-0.010376431738018662,-0.0031506979803302753,0.009600134194228921,0.00420517529809367,-0.010376431738018662,0.011098983722131667,4.0143845689777753e-05,0.09247055884616479,0.4692718888022016
calibrate_then_close,61,21,0,0,certified_reset,0,1,0.01612863511388267,0.01213476059549613,0.003993874518386541,0.0,0.0,0.0,0,0,-0.0031506979803302753,0.009600134194228921,-0.0008572834091689454,0.0006439468618764737,-0.0031506979803302753,0.009600134194228921,-0.011003229502619973,2.9542938028937046e-05,0.09247055884616479,0.4692718888022016
calibrate_then_close,62,0,0,0,certified_reset,0,1,0.1,0.09600612548161347,0.003993874518386541,0.08387136488611735,0.0,0.0,0,0,5.133694761067835,0.45878633933742774,4.822712158944464,-1.0904401691434267,5.133694761067835,0.45878633933742774,-1.55,26.45277168274461,0.09247055884616479,0.4692718888022016
calibrate_then_close,62,1,0,0,certified_reset,0,1,0.09600612548161347,0.09201225096322693,0.003993874518386541,0.07987749036773081,0.0,0.0,0,0,4.822712158944464,-1.0904401691434267,2.9503388267368558,-2.6413041416732144,4.822712158944464,-1.0904401691434267,-1.5499999999999983,23.532645825277452,0.09247055884616479,0.4692718888022016
calibrate_then_close,62,2,0,0,certified_reset,0,1,0.09201225096322693,0.0880183764448404,0.003993874518386541,0.07588361584934428,0.0,0.0,0,0,2.9503388267368558,-2.6413041416732144,0.8469130405000597,-1.5801594557627083,2.9503388267368558,-2.6413041416732144,1.0627003039312688,9.98850025333801,0.09247055884616479,0.4692718888022016
calibrate_then_close,62,3,0,0,certified_reset,0,1,0.0880183764448404,0.08402450192645386,0.003993874518386541,0.07188974133095774,0.0,0.0,0,0,0.8469130405000597,-1.5801594557627083,0.0027364515015919407,-0.08066305583533075,0.8469130405000597,-1.5801594557627083,1.4843970714766757,1.2217902678288026,0.09247055884616479,0.4692718888022016
calibrate_then_close,62,4,0,0,certified_reset,0,1,0.08402450192645386,0.08003062740806732,0.003993874518386541,0.0678958668125712,0.0,0.0,0,0,0.0027364515015919407,-0.08066305583533075,-0.020662048225922415,0.0264428910072181,0.0027364515015919407,-0.08066305583533075,0.11609751353962708,0.0015156291268775255,0.09247055884616479,0.4692718888022016
calibrate_then_close,62,5,0,0,certified_reset,0,1,0.08003062740806732,0.07603675288968079,0.003993874518386541,0.06390199229418467,0.0,0.0,0,0,-0.020662048225922415,0.0264428910072181,0.006890886867844361,0.002080128964058907,-0.020662048225922415,0.0264428910072181,-0.018379335276942646,0.0005612260032884312,0.09247055884616479,0.4692718888022016
calibrate_then_close,62,6,0,0,certified_reset,0,1,0.07603675288968079,0.07204287837129425,0.003993874518386541,0.05990811777579813,0.0,0.0,0,0,0.006890886867844361,0.002080128964058907,0.008660790182249214,-0.0032159122784374437,0.006890886867844361,0.002080128964058907,-0.00992356105110346,5.072509699508534e-05,0.09247055884616479,0.4692718888022016
calibrate_then_close,62,7,0,0,certified_reset,0,1,0.07204287837129425,0.06804900385290771,0.003993874518386541,0.05591424325741159,0.0,0.0,0,0,0.008660790182249214,-0.0032159122784374437,0.014111757493164026,0.006715965270231867,0.008660790182249214,-0.0032159122784374437,-0.0038910845517214176,7.724937657652935e-05,0.09247055884616479,0.4692718888022016
calibrate_then_close,62,8,0,0,certified_reset,0,1,0.06804900385290771,0.06405512933452118,0.003993874518386541,0.051920368739025044,0.0,0.0,0,0,0.014111757493164026,0.006715965270231867,0.009213950850146058,-0.019580768101037045,0.014111757493164026,0.006715965270231867,-0.023946424299692286,0.0002215962345763663,0.09247055884616479,0.4692718888022016
calibrate_then_close,62,9,0,0,certified_reset,0,1,0.06405512933452118,0.060061254816134634,0.003993874518386541,0.0479264942206385,0.0,0.0,0,0,0.009213950850146058,-0.019580768101037045,-0.005564570594847102,-0.0032234151176637,0.009213950850146058,-0.019580768101037045,0.0196737358731033,0.00016358645364580925,0.09247055884616479,0.4692718888022016
calibrate_then_close,62,10,0,0,certified_reset,0,1,0.060061254816134634,0.05606738029774809,0.003993874518386541,0.04393261970225196,0.0,0.0,0,0,-0.005564570594847102,-0.0032234151176637,-0.002602830487712673,0.01205343454061528,-0.005564570594847102,-0.0032234151176637,0.010287296600195901,3.5480430592288e-05,0.09247055884616479,0.4692718888022016
calibrate_then_close,62,11,0,0,certified_reset,0,1,0.05606738029774809,0.05207350577936155,0.003993874518386541,0.039938745183865414,0.0,0.0,0,0,-0.002602830487712673,0.01205343454061528,-0.003166736647003927,0.002816009749155744,-0.002602830487712673,0.01205343454061528,-0.015164174763913536,3.867488261501094e-05,0.09247055884616479,0.4692718888022016
calibrate_then_close,62,12,0,0,certified_reset,0,1,0.05207350577936155,0.048079631260975,0.003993874518386541,0.03594487066547887,0.0,0.0,0,0,-0.003166736647003927,0.002816009749155744,-0.0015443477387509356,-0.002255836024010454,-0.003166736647003927,0.002816009749155744,-0.0009968746939779652,1.148044893368625e-05,0.09247055884616479,0.4692718888022016
calibrate_then_close,62,13,0,0,certified_reset,0,1,0.048079631260975,0.04408575674258846,0.003993874518386541,0.03195099614709233,0.0,0.0,0,0,-0.0015443477387509356,-0.002255836024010454,0.012879154954239436,0.0013424488509363687,-0.0015443477387509356,-0.002255836024010454,0.00485741796295068,3.890855979955219e-06,0.09247055884616479,0.4692718888022016
calibrate_then_close,62,14,0,0,certified_reset,0,1,0.04408575674258846,0.040091882224201916,0.003993874518386541,0.027957121628705783,0.0,0.0,0,0,0.012879154954239436,0.0013424488509363687,0.023575222578980787,-0.012632336659733087,0.012879154954239436,0.0013424488509363687,-0.014803919444871472,0.00017167592351369478,0.09247055884616479,0.4692718888022016
calibrate_then_close,62,15,0,0,certified_reset,0,1,0.040091882224201916,0.03609800770581537,0.003993874518386541,0.023963247110319243,0.0,0.0,0,0,0.023575222578980787,-0.012632336659733087,0.007791200423425407,-0.01802991599392945,0.023575222578980787,-0.012632336659733087,-0.004868429975525105,0.0005851073272164208,0.09247055884616479,0.4692718888022016
calibrate_then_close,62,16,0,0,certified_reset,0,1,0.03609800770581537,0.03210413318742883,0.003993874518386541,0.019969372591932703,0.0,0.0,0,0,0.007791200423425407,-0.01802991599392945,-0.002486927872549158,0.007864930469248818,0.007791200423425407,-0.01802991599392945,0.018804047060510892,0.00012805662541899948,0.09247055884616479,0.4692718888022016
calibrate_then_close,62,17,0,0,certified_reset,0,1,0.03210413318742883,0.02811025866904229,0.003993874518386541,0.015975498073546163,0.0,0.0,0,0,-0.002486927872549158,0.007864930469248818,0.002712287344114254,0.007260661209129243,-0.002486927872549158,0.007864930469248818,-0.009104934697102867,1.9391589770725886e-05,0.09247055884616479,0.4692718888022016
calibrate_then_close,62,18,0,0,certified_reset,0,1,0.02811025866904229,0.02411638415065575,0.003993874518386541,0.011981623555159623,0.0,0.0,0,0,0.002712287344114254,0.007260661209129243,0.013188714038977024,8.565151623767843e-05,0.002712287344114254,0.007260661209129243,-0.013395665384047661,2.1331695128952415e-05,0.09247055884616479,0.4692718888022016
calibrate_then_close,62,19,0,0,certified_reset,0,1,0.02411638415065575,0.02012250963226921,0.003993874518386541,0.007987749036773082,0.0,0.0,0,0,0.013188714038977024,8.565151623767843e-05,0.005052061925310648,-0.01794442288359509,0.013188714038977024,8.565151623767843e-05,-0.013254873192988098,0.00017833579009876658,0.09247055884616479,0.4692718888022016
calibrate_then_close,62,20,0,0,certified_reset,0,1,0.02012250963226921,0.01612863511388267,0.003993874518386541,0.003993874518386541,0.0,0.0,0,0,0.005052061925310648,-0.01794442288359509,-0.0032677661677276443,0.004011568090713084,0.005052061925310648,-0.01794442288359509,0.02140542113940052,9.49385473236033e-05,0.09247055884616479,0.4692718888022016
calibrate_then_close,62,21,0,0,certified_reset,0,1,0.01612863511388267,0.01213476059549613,0.003993874518386541,0.0,0.0,0.0,0,0,-0.0032677661677276443,0.004011568090713084,0.006106517982030733,-0.0019825807249461585,-0.0032677661677276443,0.004011568090713084,-0.002652424191801975,1.375086171763376e-05,0.09247055884616479,0.4692718888022016
calibrate_then_close,63,0,0,0,certified_reset,0,1,0.1,0.09600612548161347,0.003993874518386541,0.08387136488611735,0.0,0.0,0,0,0.9578597311674351,-0.4377850993353464,0.36714862185619296,-0.7545747136228121,0.9578597311674351,-0.4377850993353464,-0.3089060724746299,0.9543788814084541,0.09247055884616479,0.4692718888022016
calibrate_then_close,63,1,0,0,certified_reset,0,1,0.09600612548161347,0.09201225096322693,0.003993874518386541,0.07987749036773081,0.0,0.0,0,0,0.36714862185619296,-0.7545747136228121,-0.009925708995124986,-0.025925653559362723,0.36714862185619296,-0.7545747136228121,0.7459658987848947,0.25119867830366144,0.09247055884616479,0.4692718888022016
calibrate_then_close,63,2,0,0,certified_reset,0,1,0.09201225096322693,0.0880183764448404,0.003993874518386541,0.07588361584934428,0.0,0.0,0,0,-0.009925708995124986,-0.025925653559362723,-0.015158741330778632,0.017630624842268287,-0.009925708995124986,-0.025925653559362723,0.04807441658824646,0.0002772835495598292,0.09247055884616479,0.4692718888022016
calibrate_then_close,63,3,0,0,certified_reset,0,1,0.0880183764448404,0.08402450192645386,0.003993874518386541,0.07188974133095774,0.0,0.0,0,0,-0.015158741330778632,0.017630624842268287,0.00804072851846865,0.0017198561459994656,-0.015158741330778632,0.017630624842268287,-0.010874546752291965,0.0002886948407293363,0.09247055884616479,0.4692718888022016
calibrate_then_close,63,4,0,0,certified_reset,0,1,0.08402450192645386,0.08003062740806732,0.003993874518386541,0.0678958668125712,0.0,0.0,0,0,0.00804072851846865,0.0017198561459994656,0.0027965668796051044,-0.005784649051333525,0.00804072851846865,0.0017198561459994656,-0.01053757962875943,6.796175264785399e-05,0.09247055884616479,0.4692718888022016
calibrate_then_close,63,5,0,0,certified_reset,0,1,0.08003062740806732,0.07603675288968079,0.003993874518386541,0.06390199229418467,0.0,0.0,0,0,0.0027965668796051044,-0.005784649051333525,-0.001992166679267336,-0.014588106978662514,0.0027965668796051044,-0.005784649051333525,0.005736135098444494,1.4666557095271296e-05,0.09247055884616479,0.4692718888022016
calibrate_then_close,63,6,0,0,certified_reset,0,1,0.07603675288968079,0.07204287837129425,0.003993874518386541,0.05990811777579813,0.0,0.0,0,0,-0.001992166679267336,-0.014588106978662514,-0.0007187248108880741,0.014715844094087705,-0.001992166679267336,-0.014588106978662514,0.02347276123556493,5.6049306818291387e-05,0.09247055884616479,0.4692718888022016
calibrate_then_close,63,7,0,0,certified_reset,0,1,0.07204287837129425,0.06804900385290771,0.003993874518386541,0.05591424325741159,0.0,0.0,0,0,-0.0007187248108880741,0.014715844094087705,0.004198574733904425,-0.011328742984701153,-0.0007187248108880741,0.014715844094087705,-0.020966239810744136,5.048623778109618e-05,0.09247055884616479,0.4692718888022016
calibrate_then_close,63,8,0,0,certified_reset,0,1,0.06804900385290771,0.06405512933452118,0.003993874518386541,0.051920368739025044,0.0,0.0,0,0,0.004198574733904425,-0.011328742984701153,0.005821020282609488,-0.0035832425581158013,0.004198574733904425,-0.011328742984701153,0.012506961571590786,4.463990716042664e-05,0.09247055884616479,0.4692718888022016
calibrate_then_close,63,9,0,0,certified_reset,0,1,0.06405512933452118,0.060061254816134634,0.003993874518386541,0.0479264942206385,0.0,0.0,0,0,0.005821020282609488,-0.0035832425581158013,0.00930082176665926,-0.011150546194919177,0.005821020282609488,-0.0035832425581158013,-0.0005180051719544707,3.620211826595795e-05,0.09247055884616479,0.4692718888022016
calibrate_then_close,63,10,0,0,certified_reset,0,1,0.060061254816134634,0.05606738029774809,0.003993874518386541,0.04393261970225196,0.0,0.0,0,0,0.00930082176665926,-0.011150546194919177,0.001708140561517039,0.002400975945124755,0.00930082176665926,-0.011150546194919177,0.007161384334695244,0.0001101676636549979,0.09247055884616479,0.4692718888022016
calibrate_then_close,63,11,0,0,certified_reset,0,1,0.05606738029774809,0.05207350577936155,0.003993874518386541,0.039938745183865414,0.0,0.0,0,0,0.001708140561517039,0.002400975945124755,0.003846788832885324,-0.00752878419845302,0.001708140561517039,0.002400975945124755,-0.005237380030612953,4.641141305558516e-06,0.09247055884616479,0.4692718888022016
calibrate_then_close,63,12,0,0,certified_reset,0,1,0.05207350577936155,0.048079631260975,0.003993874518386541,0.03594487066547887,0.0,0.0,0,0,0.003846788832885324,-0.00752878419845302,-0.0021394553361262975,0.009383870462208161,0.003846788832885324,-0.00752878419845302,0.007257100065453893,2.6317288330049163e-05,0.09247055884616479,0.4692718888022016
calibrate_then_close,63,13,0,0,certified_reset,0,1,0.048079631260975,0.04408575674258846,0.003993874518386541,0.03195099614709233,0.0,0.0,0,0,-0.0021394553361262975,0.009383870462208161,0.004279206530844906,0.0009940156397137507,-0.0021394553361262975,0.009383870462208161,-0.011686698386500471,2.3842006587975614e-05,0.09247055884616479,0.4692718888022016
calibrate_then_close,63,14,0,0,certified_reset,0,1,0.04408575674258846,0.040091882224201916,0.003993874518386541,0.027957121628705783,0.0,0.0,0,0,0.004279206530844906,0.0009940156397137507,0.01152895081187244,0.005473356612220489,0.004279206530844906,0.0009940156397137507,-0.005720692797823283,1.9307618762361573e-05,0.09247055884616479,0.4692718888022016
calibrate_then_close,63,15,1,1,certified_reset,0,1,0.040091882224201916,0.03609800770581537,0.003993874518386541,0.023963247110319243,0.0,0.0,0,0,0.01152895081187244,0.005473356612220489,0.011023522944336664,-0.013227257226982946,0.01152895081187244,0.005473356612220489,-0.01954706276489359,0.00014786127225975822,0.09744082949644373,0.49914169846942547
calibrate_then_close,63,16,1,1,certified_reset,0,1,0.03609800770581537,0.03210413318742883,0.003993874518386541,0.019969372591932703,0.0,0.0,0,0,0.011023522944336664,-0.013227257226982946,-0.0072095104099391535,-0.05304920101269849,0.011023522944336664,-0.013227257226982946,0.008506621889703156,0.00015481998357845533,0.09744082949644373,0.49914169846942547
calibrate_then_close,63,17,1,1,certified_reset,0,1,0.03210413318742883,0.02811025866904229,0.003993874518386541,0.015975498073546163,0.0,0.0,0,0,-0.0072095104099391535,-0.05304920101269849,-0.015457065204393597,-0.0022172348072641013,-0.0072095104099391535,-0.05304920101269849,0.0853286049574002,0.0007405605020058469,0.09744082949644373,0.49914169846942547
calibrate_then_close,63,18,1,1,certified_reset,0,1,0.02811025866904229,0.02411638415065575,0.003993874518386541,0.011981623555159623,0.0,0.0,0,0,-0.015457065204393597,-0.0022172348072641013,-0.001177409145795445,0.027929916383115264,-0.015457065204393597,-0.0022172348072641013,0.018655436212600948,0.00024850640067423366,0.09744082949644373,0.49914169846942547
calibrate_then_close,63,19,1,1,certified_reset,0,1,0.02411638415065575,0.02012250963226921,0.003993874518386541,0.007987749036773082,0.0,0.0,0,0,-0.001177409145795445,0.027929916383115264,0.011175036793171899,-0.012338246147087485,-0.001177409145795445,0.027929916383115264,-0.03997265060165468,0.00018174605344985773,0.09744082949644373,0.49914169846942547
calibrate_then_close,63,20,1,1,certified_reset,0,1,0.02012250963226921,0.01612863511388267,0.003993874518386541,0.003993874518386541,0.0,0.0,0,0,0.011175036793171899,-0.012338246147087485,-0.003839781440695645,0.026895131460474682,0.011175036793171899,-0.012338246147087485,0.007043621277177157,0.0001535235795836547,0.09744082949644373,0.49914169846942547
calibrate_then_close,63,21,0,0,certified_reset,0,1,0.01612863511388267,0.01213476059549613,0.003993874518386541,0.0,0.0,0.0,0,0,-0.003839781440695645,0.026895131460474682,0.013244061119306547,-0.008579071600118818,-0.003839781440695645,0.026895131460474682,-0.03579251776701467,0.00017697418704458093,0.09247055884616479,0.4692718888022016
calibrate_then_close,64,0,1,1,certified_reset,0,1,0.1,0.09600612548161347,0.003993874518386541,0.08387136488611735,0.0,0.0,0,0,-0.19307945116303404,0.37697902619223544,0.0046105518153131235,-0.0058630596588387235,-0.19307945116303404,0.37697902619223544,-0.36306022598547805,0.06615536616772641,0.09744082949644373,0.49914169846942547
calibrate_then_close,64,1,1,1,certified_reset,0,1,0.09600612548161347,0.09201225096322693,0.003993874518386541,0.07987749036773081,0.0,0.0,0,0,0.0046105518153131235,-0.0058630596588387235,-0.010011850645977366,-0.03496001090355627,0.0046105518153131235,-0.0058630596588387235,0.004049868395661047,2.785480823359986e-05,0.09744082949644373,0.49914169846942547
calibrate_then_close,64,2,1,1,certified_reset,0,1,0.09201225096322693,0.0880183764448404,0.003993874518386541,0.07588361584934428,0.0,0.0,0,0,-0.010011850645977366,-0.03496001090355627,-0.0015850055760746815,0.029427408871096183,-0.010011850645977366,-0.03496001090355627,0.061470225280691015,0.0004146982934866493,0.09744082949644373,0.49914169846942547
calibrate_then_close,64,3,1,1,certified_reset,0,1,0.0880183764448404,0.08402450192645386,0.003993874518386541,0.07188974133095774,0.0,0.0,0,0,-0.0015850055760746815,0.029427408871096183,0.004598767520868968,-0.011984797987178657,-0.0015850055760746815,0.029427408871096183,-0.041774488798047474,0.00020201497125064337,0.09744082949644373,0.49914169846942547
calibrate_then_close,64,4,1,1,certified_reset,0,1,0.08402450192645386,0.08003062740806732,0.003993874518386541,0.0678958668125712,0.0,0.0,0,0,0.004598767520868968,-0.011984797987178657,-0.012965764276657245,0.003585475279389317,0.004598767520868968,-0.011984797987178657,0.013077143558217784,5.1278323704881916e-05,0.09744082949644373,0.49914169846942547
calibrate_then_close,64,5,1,1,certified_reset,0,1,0.08003062740806732,0.07603675288968079,0.003993874518386541,0.06390199229418467,0.0,0.0,0,0,-0.012965764276657245,0.003585475279389317,0.010049285797547826,0.00016763989888201117,-0.012965764276657245,0.003585475279389317,0.007631181580617148,0.00017188093052199007,0.09744082949644373,0.49914169846942547
calibrate_then_close,64,6,1,1,certified_reset,0,1,0.07603675288968079,0.07204287837129425,0.003993874518386541,0.05990811777579813,0.0,0.0,0,0,0.010049285797547826,0.00016763989888201117,0.00024849699806344175,-0.01723494870593391,0.010049285797547826,0.00016763989888201117,-0.010256599780171877,0.00010362314958148749,0.09744082949644373,0.49914169846942547
calibrate_then_close,64,7,1,1,certified_reset,0,1,0.07204287837129425,0.06804900385290771,0.003993874518386541,0.05591424325741159,0.0,0.0,0,0,0.00024849699806344175,-0.01723494870593391,0.011496445423598537,-0.016408091636950534,0.00024849699806344175,-0.01723494870593391,0.02514401172442744,6.933510613931127e-05,0.09744082949644373,0.49914169846942547
calibrate_then_close,64,8,1,1,certified_reset,0,1,0.06804900385290771,0.06405512933452118,0.003993874518386541,0.051920368739025044,0.0,0.0,0,0,0.011496445423598537,-0.016408091636950534,0.002822470092524754,0.006883000554797396,0.011496445423598537,-0.016408091636950534,0.012722353886212985,0.0001846752993979126,0.09744082949644373,0.49914169846942547
calibrate_then_close,64,9,1,1,certified_reset,0,1,0.06405512933452118,0.060061254816134634,0.003993874518386541,0.0479264942206385,0.0,0.0,0,0,0.002822470092524754,0.006883000554797396,0.010281372471246771,-0.018289741940960814,0.002822470092524754,0.006883000554797396,-0.012945798030954109,2.06838049843745e-05,0.09744082949644373,0.49914169846942547
calibrate_then_close,64,10,1,1,certified_reset,0,1,0.060061254816134634,0.05606738029774809,0.003993874518386541,0.04393261970225196,0.0,0.0,0,0,0.010281372471246771,-0.018289741940960814,0.02326671980752776,0.005569925932204038,0.010281372471246771,-0.018289741940960814,0.016701941887304977,0.00017289313031073315,0.09744082949644373,0.49914169846942547
calibrate_then_close,64,11,1,1,certified_reset,0,1,0.05606738029774809,0.05207350577936155,0.003993874518386541,0.039938745183865414,0.0,0.0,0,0,0.02326671980752776,0.005569925932204038,0.02320367418224397,-0.03194289668744135,0.02326671980752776,0.005569925932204038,-0.031376440654392414,0.0005715366097857129,0.09744082949644373,0.49914169846942547
calibrate_then_close,64,12,0,0,certified_reset,0,1,0.05207350577936155,0.048079631260975,0.003993874518386541,0.03594487066547887,0.0,0.0,0,0,0.02320367418224397,-0.03194289668744135,0.003733469730404334,-0.018745424089813067,0.02320367418224397,-0.03194289668744135,0.023949141414922607,0.0007364122866997537,0.09247055884616479,0.4692718888022016
calibrate_then_close,64,13,0,0,certified_reset,0,1,0.048079631260975,0.04408575674258846,0.003993874518386541,0.03195099614709233,0.0,0.0,0,0,0.003733469730404334,-0.018745424089813067,-0.00102918324618968,0.002580814912559019,0.003733469730404334,-0.018745424089813067,0.023896605752702908,9.146535676559818e-05,0.09247055884616479,0.4692718888022016
calibrate_then_close,64,14,0,0,certified_reset,0,1,0.04408575674258846,0.040091882224201916,0.003993874518386541,0.027957121628705783,0.0,0.0,0,0,-0.00102918324618968,0.002580814912559019,0.010161451363307093,0.0008178076478858882,-0.00102918324618968,0.002580814912559019,-0.002777331437664745,2.4509664124232137e-06,0.09247055884616479,0.4692718888022016
calibrate_then_close,64,15,0,0,certified_reset,0,1,0.040091882224201916,0.03609800770581537,0.003993874518386541,0.023963247110319243,0.0,0.0,0,0,0.010161451363307093,0.0008178076478858882,0.0071129649485096235,-0.015434510248065117,0.010161451363307093,0.0008178076478858882,-0.011321545909189297,0.00010657991453601193,0.09247055884616479,0.4692718888022016
calibrate_then_close,64,16,0,0,certified_reset,0,1,0.03609800770581537,0.03210413318742883,0.003993874518386541,0.019969372591932703,0.0,0.0,0,0,0.0071129649485096235,-0.015434510248065117,0.0060566659053375846,0.0007530120304490498,0.0071129649485096235,-0.015434510248065117,0.015654554233915364,9.960123625286434e-05,0.09247055884616479,0.4692718888022016
calibrate_then_close,64,17,0,0,certified_reset,0,1,0.03210413318742883,0.02811025866904229,0.003993874518386541,0.015975498073546163,0.0,0.0,0,0,0.0060566659053375846,0.0007530120304490498,-0.002797438052575372,-0.008923090763440528,0.0060566659053375846,0.0007530120304490498,-0.0071390746964313904,3.80594264581496e-05,0.09247055884616479,0.4692718888022016
calibrate_then_close,64,18,0,0,certified_reset,0,1,0.02811025866904229,0.02411638415065575,0.003993874518386541,0.011981623555159623,0.0,0.0,0,0,-0.002797438052575372,-0.008923090763440528,-0.005359642643981936,0.004641041881036787,-0.002797438052575372,-0.008923090763440528,0.0159326312937736,2.8503756935647612e-05,0.09247055884616479,0.4692718888022016
calibrate_then_close,64,19,0,0,certified_reset,0,1,0.02411638415065575,0.02012250963226921,0.003993874518386541,0.007987749036773082,0.0,0.0,0,0,-0.005359642643981936,0.004641041881036787,0.0018456668642999698,0.00856504493614825,-0.005359642643981936,0.004641041881036787,-0.001500191587003885,3.2659102194609356e-05,0.09247055884616479,0.4692718888022016
calibrate_then_close,64,20,0,0,certified_reset,0,1,0.02012250963226921,0.01612863511388267,0.003993874518386541,0.003993874518386541,0.0,0.0,0,0,0.0018456668642999698,0.00856504493614825,0.004136837948570912,-0.01776060135077436,0.0018456668642999698,0.00856504493614825,-0.01445474277495946,2.183477494771393e-05,0.09247055884616479,0.4692718888022016
calibrate_then_close,64,21,0,0,certified_reset,0,1,0.01612863511388267,0.01213476059549613,0.003993874518386541,0.0,0.0,0.0,0,0,0.004136837948570912,-0.01776060135077436,-0.007132842464914991,0.0015007275514881484,0.004136837948570912,-0.01776060135077436,0.02204936447674606,8.60468029198492e-05,0.09247055884616479,0.4692718888022016
calibrate_then_close,65,0,0,0,certified_reset,0,1,0.1,0.09600612548161347,0.003993874518386541,0.08387136488611735,0.0,0.0,0,0,-1.295459404622581,0.3842146966254011,-0.5478610915373325,1.1128721313972765,-1.295459404622581,0.3842146966254011,0.7239873958601908,1.7178907807177333,0.09247055884616479,0.4692718888022016
calibrate_then_close,65,1,0,0,certified_reset,0,1,0.09600612548161347,0.09201225096322693,0.003993874518386541,0.07987749036773081,0.0,0.0,0,0,-0.5478610915373325,1.1128721313972765,0.01436058329708672,0.013346331885759451,-0.5478610915373325,1.1128721313972765,-1.0938243721266938,0.5529902580982654,0.09247055884616479,0.4692718888022016
calibrate_then_close,65,2,0,0,certified_reset,0,1,0.09201225096322693,0.0880183764448404,0.003993874518386541,0.07588361584934428,0.0,0.0,0,0,0.01436058329708672,0.013346331885759451,0.010598589805489105,-0.0234594769643134,0.01436058329708672,0.013346331885759451,-0.0339558977629294,0.0002671138509196,0.09247055884616479,0.4692718888022016
calibrate_then_close,65,3,0,0,certified_reset,0,1,0.0880183764448404,0.08402450192645386,0.003993874518386541,0.07188974133095774,0.0,0.0,0,0,0.010598589805489105,-0.0234594769643134,-0.005568977687954017,0.009963427860666002,0.010598589805489105,-0.0234594769643134,0.024007332837049172,0.00022580137731278627,0.09247055884616479,0.4692718888022016
calibrate_then_close,65,4,0,0,certified_reset,0,1,0.08402450192645386,0.08003062740806732,0.003993874518386541,0.0678958668125712,0.0,0.0,0,0,-0.005568977687954017,0.009963427860666002,-0.00871985910381538,0.0071611894298771114,-0.005568977687954017,0.009963427860666002,-0.009130386234394003,5.0966192360905145e-05,0.09247055884616479,0.4692718888022016
calibrate_then_close,65,5,0,0,certified_reset,0,1,0.08003062740806732,0.07603675288968079,0.003993874518386541,0.06390199229418467,0.0,0.0,0,0,-0.00871985910381538,0.0071611894298771114,-0.0019702336580360784,0.004823132807690422,-0.00871985910381538,0.0071611894298771114,-0.001871202319098102,8.535435187247198e-05,0.09247055884616479,0.4692718888022016
calibrate_then_close,65,6,0,0,certified_reset,0,1,0.07603675288968079,0.07204287837129425,0.003993874518386541,0.05990811777579813,0.0,0.0,0,0,-0.0019702336580360784,0.004823132807690422,-0.0027182156283186076,0.006393654803145933,-0.0019702336580360784,0.004823132807690422,-0.005142150168575562,8.730133190674314e-06,0.09247055884616479,0.4692718888022016
calibrate_then_close,65,7,0,0,certified_reset,0,1,0.07204287837129425,0.06804900385290771,0.003993874518386541,0.05591424325741159,0.0,0.0,0,0,-0.0027182156283186076,0.006393654803145933,-0.004212769053221509,-0.01713973672499047,-0.0027182156283186076,0.006393654803145933,-0.006711989459604005,1.5873154178203792e-05,0.09247055884616479,0.4692718888022016
calibrate_then_close,65,8,0,0,certified_reset,0,1,0.06804900385290771,0.06405512933452118,0.003993874518386541,0.051920368739025044,0.0,0.0,0,0,-0.004212769053221509,-0.01713973672499047,0.007469828754386102,0.00885670474194621,-0.004212769053221509,-0.01713973672499047,0.029442942843827688,9.229829867876113e-05,0.09247055884616479,0.4692718888022016
calibrate_then_close,65,9,0,0,certified_reset,0,1,0.06405512933452118,0.060061254816134634,0.003993874518386541,0.0479264942206385,0.0,0.0,0,0,0.007469828754386102,0.00885670474194621,0.00975371801309326,-0.003218031131101957,0.007469828754386102,0.00885670474194621,-0.02048668894333011,8.041037161585479e-05,0.09247055884616479,0.4692718888022016
calibrate_then_close,65,10,0,0,certified_reset,0,1,0.060061254816134634,0.05606738029774809,0.003993874518386541,0.04393261970225196,0.0,0.0,0,0,0.00975371801309326,-0.003218031131101957,0.0004348101720196562,-0.012224561655512544,0.00975371801309326,-0.003218031131101957,-0.004973807179320635,9.761751441029992e-05,0.09247055884616479,0.4692718888022016
calibrate_then_close,65,11,0,0,certified_reset,0,1,0.05606738029774809,0.05207350577936155,0.003993874518386541,0.039938745183865414,0.0,0.0,0,0,0.0004348101720196562,-0.012224561655512544,-0.003947814353071302,-0.0036398260522175017,0.0004348101720196562,-0.012224561655512544,0.01757628349088165,3.48113867999847e-05,0.09247055884616479,0.4692718888022016
calibrate_then_close,65,12,0,0,certified_reset,0,1,0.05207350577936155,0.048079631260975,0.003993874518386541,0.03594487066547887,0.0,0.0,0,0,-0.003947814353071302,-0.0036398260522175017,-0.004474842775534829,0.013121737875889158,-0.003947814353071302,-0.0036398260522175017,0.009296072808137606,2.0130362471942895e-05,0.09247055884616479,0.4692718888022016
calibrate_then_close,65,13,0,0,certified_reset,0,1,0.048079631260975,0.04408575674258846,0.003993874518386541,0.03195099614709233,0.0,0.0,0,0,-0.004474842775534829,0.013121737875889158,0.007815228686555563,-0.004023905605431255,-0.004474842775534829,0.013121737875889158,-0.01487346587157928,5.654711842062003e-05,0.09247055884616479,0.4692718888022016
calibrate_then_close,65,14,0,0,certified_reset,0,1,0.04408575674258846,0.040091882224201916,0.003993874518386541,0.027957121628705783,0.0,0.0,0,0,0.007815228686555563,-0.004023905605431255,0.009265355727286081,-0.019299723979194647,0.007815228686555563,-0.004023905605431255,-0.001858131353144431,6.407864266415526e-05,0.09247055884616479,0.4692718888022016
calibrate_then_close,65,15,0,0,certified_reset,0,1,0.040091882224201916,0.03609800770581537,0.003993874518386541,0.023963247110319243,0.0,0.0,0,0,0.009265355727286081,-0.019299723979194647,0.003146926636568216,0.008962412089015331,0.009265355727286081,-0.019299723979194647,0.019202605609458055,0.0001621116005291209,0.09247055884616479,0.4692718888022016
calibrate_then_close,65,16,0,0,certified_reset,0,1,0.03609800770581537,0.03210413318742883,0.003993874518386541,0.019969372591932703,0.0,0.0,0,0,0.003146926636568216,0.008962412089015331,0.002646361537244372,-0.010387412176052872,0.003146926636568216,0.008962412089015331,-0.01633746943961528,3.1034439429800695e-05,0.09247055884616479,0.4692718888022016
calibrate_then_close,65,17,0,0,certified_reset,0,1,0.03210413318742883,0.02811025866904229,0.003993874518386541,0.015975498073546163,0.0,0.0,0,0,0.002646361537244372,-0.010387412176052872,-0.005320473945079714,-0.0037648341230726995,0.002646361537244372,-0.010387412176052872,0.012665467702802089,3.043528089781253e-05,0.09247055884616479,0.4692718888022016
calibrate_then_close,65,18,0,0,certified_reset,0,1,0.02811025866904229,0.02411638415065575,0.003993874518386541,0.011981623555159623,0.0,0.0,0,0,-0.005320473945079714,-0.0037648341230726995,-0.009244362443672573,0.020146672903176923,-0.005320473945079714,-0.0037648341230726995,0.010841235651094175,3.3797068436701444e-05,0.09247055884616479,0.4692718888022016
calibrate_then_close,65,19,0,0,certified_reset,0,1,0.02411638415065575,0.02012250963226921,0.003993874518386541,0.007987749036773082,0.0,0.0,0,0,-0.009244362443672573,0.020146672903176923,0.006595334862358855,0.004913673265701511,-0.009244362443672573,0.020146672903176923,-0.02047386153266211,0.00016899762937361808,0.09247055884616479,0.4692718888022016
calibrate_then_close,65,20,0,0,certified_reset,0,1,0.02012250963226921,0.01612863511388267,0.003993874518386541,0.003993874518386541,0.0,0.0,0,0,0.006595334862358855,0.004913673265701511,0.007810674560395459,-0.011572055560126316,0.006595334862358855,0.004913673265701511,-0.013806388009787547,5.260980398673879e-05,0.09247055884616479,0.4692718888022016
calibrate_then_close,65,21,0,0,certified_reset,0,1,0.01612863511388267,0.01213476059549613,0.003993874518386541,0.0,0.0,0.0,0,0,0.007810674560395459,-0.011572055560126316,0.0016532179365573749,0.0038334243032995628,0.007810674560395459,-0.011572055560126316,0.009267064544904407,8.725784379999148e-05,0.09247055884616479,0.4692718888022016
calibrate_then_close,66,0,1,1,certified_reset,0,1,0.1,0.09600612548161347,0.003993874518386541,0.08387136488611735,0.0,0.0,0,0,5.36750407855194,-0.20888962847724618,4.3911908759295954,-1.7794213899789975,5.36750407855194,-0.20888962847724618,-1.549999999996901,28.878016811110836,0.09744082949644373,0.49914169846942547
calibrate_then_close,66,1,1,1,certified_reset,0,1,0.09600612548161347,0.09201225096322693,0.003993874518386541,0.07987749036773081,0.0,0.0,0,0,4.3911908759295954,-1.7794213899789975,2.2652501653268238,-2.441408945205573,4.3911908759295954,-1.7794213899789975,-0.684843088575313,19.864223847207224,0.09744082949644373,0.49914169846942547
calibrate_then_close,66,2,1,1,certified_reset,0,1,0.09201225096322693,0.0880183764448404,0.003993874518386541,0.07588361584934428,0.0,0.0,0,0,2.2652501653268238,-2.441408945205573,0.484326258924561,-1.1096656074866513,2.2652501653268238,-2.441408945205573,1.3407744007094053,6.249186186144506,0.09744082949644373,0.49914169846942547
calibrate_then_close,66,3,1,1,certified_reset,0,1,0.0880183764448404,0.08402450192645386,0.003993874518386541,0.07188974133095774,0.0,0.0,0,0,0.484326258924561,-1.1096656074866513,-0.05578829504695251,0.05445401857039042,0.484326258924561,-1.1096656074866513,1.1523672838248342,0.48941508088357594,0.09744082949644373,0.49914169846942547
calibrate_then_close,66,4,1,1,certified_reset,0,1,0.08402450192645386,0.08003062740806732,0.003993874518386541,0.0678958668125712,0.0,0.0,0,0,-0.05578829504695251,0.05445401857039042,-0.010087673039901822,0.017570476246899176,-0.05578829504695251,0.05445401857039042,-0.024668588709385344,0.0036612905708922434,0.09744082949644373,0.49914169846942547
calibrate_then_close,66,5,1,1,certified_reset,0,1,0.08003062740806732,0.07603675288968079,0.003993874518386541,0.06390199229418467,0.0,0.0,0,0,-0.010087673039901822,0.017570476246899176,-0.0025391440892212434,-0.030442133269010383,-0.010087673039901822,0.017570476246899176,-0.015837216411927205,0.00016360147734963015,0.09744082949644373,0.49914169846942547
calibrate_then_close,66,6,0,0,certified_reset,0,1,0.07603675288968079,0.07204287837129425,0.003993874518386541,0.05990811777579813,0.0,0.0,0,0,-0.0025391440892212434,-0.030442133269010383,-0.010627982113692687,-0.0008159740380632337,-0.0025391440892212434,-0.030442133269010383,0.047375662935904256,0.00022936881470551147,0.09247055884616479,0.4692718888022016
calibrate_then_close,66,7,0,0,certified_reset,0,1,0.07204287837129425,0.06804900385290771,0.003993874518386541,0.05591424325741159,0.0,0.0,0,0,-0.010627982113692687,-0.0008159740380632337,0.0010368880190678989,0.006348721761837812,-0.010627982113692687,-0.0008159740380632337,0.011783940054555726,0.00011654538134274852,0.09247055884616479,0.4692718888022016
calibrate_then_close,66,8,0,0,certified_reset,0,1,0.06804900385290771,0.06405512933452118,0.003993874518386541,0.051920368739025044,0.0,0.0,0,0,0.0010368880190678989,0.006348721761837812,0.006338002080513015,-0.004546715300295285,0.0010368880190678989,0.006348721761837812,-0.010386417892183468,1.1027206921525216e-05,0.09247055884616479,0.4692718888022016
calibrate_then_close,66,9,0,0,certified_reset,0,1,0.06405512933452118,0.060061254816134634,0.003993874518386541,0.0479264942206385,0.0,0.0,0,0,0.006338002080513015,-0.004546715300295285,0.00038695977609105696,-0.0020203644482412264,0.006338002080513015,-0.004546715300295285,0.000384870004154392,4.389504509953882e-05,0.09247055884616479,0.4692718888022016
calibrate_then_close,66,10,0,0,certified_reset,0,1,0.060061254816134634,0.05606738029774809,0.003993874518386541,0.04393261970225196,0.0,0.0,0,0,0.00038695977609105696,-0.0020203644482412264,-0.00315881414747177,-0.0048736889205188575,0.00038695977609105696,-0.0020203644482412264,0.0025896093374798536,1.0521268320005857e-06,0.09247055884616479,0.4692718888022016
calibrate_then_close,66,11,0,0,certified_reset,0,1,0.05606738029774809,0.05207350577936155,0.003993874518386541,0.039938745183865414,0.0,0.0,0,0,-0.00315881414747177,-0.0048736889205188575,-0.006497422567835963,0.0008727927110834194,-0.00315881414747177,-0.0048736889205188575,0.01032392060821997,1.6918202101306417e-05,0.09247055884616479,0.4692718888022016
calibrate_then_close,66,12,0,0,certified_reset,0,1,0.05207350577936155,0.048079631260975,0.003993874518386541,0.03594487066547887,0.0,0.0,0,0,-0.006497422567835963,0.0008727927110834194,-0.002649860886798083,0.006584729076530012,-0.006497422567835963,0.0008727927110834194,0.005184660655719637,4.302563575887193e-05,0.09247055884616479,0.4692718888022016
calibrate_then_close,66,13,0,0,certified_reset,0,1,0.048079631260975,0.04408575674258846,0.003993874518386541,0.03195099614709233,0.0,0.0,0,0,-0.002649860886798083,0.006584729076530012,0.005596630053057953,0.003291146939308021,-0.002649860886798083,0.006584729076530012,-0.007059934941782042,1.6072388015971158e-05,0.09247055884616479,0.4692718888022016
calibrate_then_close,66,14,0,0,certified_reset,0,1,0.04408575674258846,0.040091882224201916,0.003993874518386541,0.027957121628705783,0.0,0.0,0,0,0.005596630053057953,0.003291146939308021,0.005713414361713157,-0.01473393367864856,0.005596630053057953,0.003291146939308021,-0.010420290537120918,3.598652599444274e-05,0.09247055884616479,0.4692718888022016
calibrate_then_close,66,15,0,0,certified_reset,0,1,0.040091882224201916,0.03609800770581537,0.003993874518386541,0.023963247110319243,0.0,0.0,0,0,0.005713414361713157,-0.01473393367864856,-0.003947205748306804,-0.003365305384762079,0.005713414361713157,-0.01473393367864856,0.016013700876850112,7.813005335938748e-05,0.09247055884616479,0.4692718888022016
calibrate_then_close,66,16,0,0,certified_reset,0,1,0.03609800770581537,0.03210413318742883,0.003993874518386541,0.019969372591932703,0.0,0.0,0,0,-0.003947205748306804,-0.003365305384762079,0.00024586863954956413,0.0015314382598472353,-0.003947205748306804,-0.003365305384762079,0.008890989634846885,1.95952260965277e-05,0.09247055884616479,0.4692718888022016
calibrate_then_close,66,17,0,0,certified_reset,0,1,0.03210413318742883,0.02811025866904229,0.003993874518386541,0.015975498073546163,0.0,0.0,0,0,0.00024586863954956413,0.0015314382598472353,0.008033858298221433,-0.0011055788988007574,0.00024586863954956413,0.0015314382598472353,-0.0024992068800054005,6.387568295109188e-07,0.09247055884616479,0.4692718888022016
calibrate_then_close,66,18,0,0,certified_reset,0,1,0.02811025866904229,0.02411638415065575,0.003993874518386541,0.011981623555159623,0.0,0.0,0,0,0.008033858298221433,-0.0011055788988007574,0.012908483524012698,-0.01797285243586965,0.008033858298221433,-0.0011055788988007574,-0.006368495175727684,6.577683727224828e-05,0.09247055884616479,0.4692718888022016
calibrate_then_close,66,19,0,0,certified_reset,0,1,0.02411638415065575,0.02012250963226921,0.003993874518386541,0.007987749036773082,0.0,0.0,0,0,0.012908483524012698,-0.01797285243586965,0.005111320325663285,-0.0057005516980268515,0.012908483524012698,-0.01797285243586965,0.01361904168533065,0.00022941012074305486,0.09247055884616479,0.4692718888022016
calibrate_then_close,66,20,0,0,certified_reset,0,1,0.02012250963226921,0.01612863511388267,0.003993874518386541,0.003993874518386541,0.0,0.0,0,0,0.005111320325663285,-0.0057005516980268515,0.002284621491963167,-0.0014897567277222835,0.005111320325663285,-0.0057005516980268515,0.0033095394832569286,3.2248753900457375e-05,0.09247055884616479,0.4692718888022016
calibrate_then_close,66,21,0,0,certified_reset,0,1,0.01612863511388267,0.01213476059549613,0.003993874518386541,0.0,0.0,0.0,0,0,0.002284621491963167,-0.0014897567277222835,0.005163152157905661,0.0018476712685086692,0.002284621491963167,-0.0014897567277222835,-8.16330263003497e-05,5.6191494797174654e-06,0.09247055884616479,0.4692718888022016
calibrate_then_close,67,0,0,0,certified_reset,0,1,0.1,0.09600612548161347,0.003993874518386541,0.08387136488611735,0.0,0.0,0,0,-3.6735307157897594,0.36863575310790897,-2.5290282422394132,1.923090988390698,-3.6735307157897594,0.36863575310790897,1.55,13.579351037175321,0.09247055884616479,0.4692718888022016
calibrate_then_close,67,1,0,0,certified_reset,0,1,0.09600612548161347,0.09201225096322693,0.003993874518386541,0.07987749036773081,0.0,0.0,0,0,-2.5290282422394132,1.923090988390698,-0.8061782042246678,1.5396738798770344,-2.5290282422394132,1.923090988390698,-0.38580461099493685,7.065395190924512,0.09247055884616479,0.4692718888022016
calibrate_then_close,67,2,0,0,certified_reset,0,1,0.09201225096322693,0.0880183764448404,0.003993874518386541,0.07588361584934428,0.0,0.0,0,0,-0.8061782042246678,1.5396738798770344,0.0001051222013509186,0.09140309080099458,-0.8061782042246678,1.5396738798770344,-1.465319865077516,1.130309572789288,0.09247055884616479,0.4692718888022016
calibrate_then_close,67,3,0,0,certified_reset,0,1,0.0880183764448404,0.08402450192645386,0.003993874518386541,0.07188974133095774,0.0,0.0,0,0,0.0001051222013509186,0.09140309080099458,0.0315735056755919,-0.05816605320579825,0.0001051222013509186,0.09140309080099458,-0.13474920792874462,0.001957759278048293,0.09247055884616479,0.4692718888022016
calibrate_then_close,67,4,0,0,certified_reset,0,1,0.08402450192645386,0.08003062740806732,0.003993874518386541,0.0678958668125712,0.0,0.0,0,0,0.0315735056755919,-0.05816605320579825,-0.00031073471601829035,-0.006712788356900487,0.0315735056755919,-0.05816605320579825,0.05424801615610314,0.0016794495962656098,0.09247055884616479,0.4692718888022016
calibrate_then_close,67,5,0,0,certified_reset,0,1,0.08003062740806732,0.07603675288968079,0.003993874518386541,0.06390199229418467,0.0,0.0,0,0,-0.00031073471601829035,-0.006712788356900487,-0.0026987614271819934,0.01631247296848891,-0.00031073471601829035,-0.006712788356900487,0.01019687036997147,1.0807035151705995e-05,0.09247055884616479,0.4692718888022016
calibrate_then_close,67,6,0,0,certified_reset,0,1,0.07603675288968079,0.07204287837129425,0.003993874518386541,0.05990811777579813,0.0,0.0,0,0,-0.0026987614271819934,0.01631247296848891,0.004564400659405931,-0.016289736834282073,-0.0026987614271819934,0.01631247296848891,-0.021344377463797835,6.657029385635504e-05,0.09247055884616479,0.4692718888022016
calibrate_then_close,67,7,0,0,certified_reset,0,1,0.07204287837129425,0.06804900385290771,0.003993874518386541,0.05591424325741159,0.0,0.0,0,0,0.004564400659405931,-0.016289736834282073,-0.0018256975305731798,0.009164827487248133,0.004564400659405931,-0.016289736834282073,0.01945346463227096,7.805868023799063e-05,0.09247055884616479,0.4692718888022016
calibrate_then_close,67,8,0,0,certified_reset,0,1,0.06804900385290771,0.06405512933452118,0.003993874518386541,0.051920368739025044,0.0,0.0,0,0,-0.0018256975305731798,0.009164827487248133,-0.0012256831670514395,-6.862294263699793e-05,-0.0018256975305731798,0.009164827487248133,-0.011680640456153408,2.1863036826572605e-05,0.09247055884616479,0.4692718888022016
calibrate_then_close,67,9,0,0,certified_reset,0,1,0.06405512933452118,0.060061254816134634,0.003993874518386541,0.0479264942206385,0.0,0.0,0,0,-0.0012256831670514395,-6.862294263699793e-05,-0.004442710926292469,0.011807481542225082,-0.0012256831670514395,-6.862294263699793e-05,0.0013193512745494804,1.5466640601207395e-06,0.09247055884616479,0.4692718888022016
calibrate_then_close,67,10,0,0,certified_reset,0,1,0.060061254816134634,0.05606738029774809,0.003993874518386541,0.04393261970225196,0.0,0.0,0,0,-0.004442710926292469,0.011807481542225082,0.007826309211710621,-0.00679041465918839,-0.004442710926292469,0.011807481542225082,-0.012967598050044174,4.9036637020883704e-05,0.09247055884616479,0.4692718888022016
calibrate_then_close,67,11,0,0,certified_reset,0,1,0.05606738029774809,0.05207350577936155,0.003993874518386541,0.039938745183865414,0.0,0.0,0,0,0.007826309211710621,-0.00679041465918839,0.0011391175452194965,-0.007213312960567764,0.007826309211710621,-0.00679041465918839,0.0022062458985880936,6.967255552530216e-05,0.09247055884616479,0.4692718888022016
calibrate_then_close,67,12,0,0,certified_reset,0,1,0.05207350577936155,0.048079631260975,0.003993874518386541,0.03594487066547887,0.0,0.0,0,0,0.0011391175452194965,-0.007213312960567764,-0.010040976700731612,0.007272000720234399,0.0011391175452194965,-0.007213312960567764,0.009490500317222149,1.2915067784683812e-05,0.09247055884616479,0.4692718888022016
calibrate_then_close,67,13,0,0,certified_reset,0,1,0.048079631260975,0.04408575674258846,0.003993874518386541,0.03195099614709233,0.0,0.0,0,0,-0.010040976700731612,0.007272000720234399,-0.002932859008330542,0.011572149202964324,-0.010040976700731612,0.007272000720234399,-0.000715893762758179,0.0001103527847071401,0.09247055884616479,0.4692718888022016
calibrate_then_close,67,14,0,0,certified_reset,0,1,0.04408575674258846,0.040091882224201916,0.003993874518386541,0.027957121628705783,0.0,0.0,0,0,-0.002932859008330542,0.011572149202964324,-0.00108400915831517,0.0058486671264611195,-0.002932859008330542,0.011572149202964324,-0.014125535857421006,3.769456573584799e-05,0.09247055884616479,0.4692718888022016
calibrate_then_close,67,15,0,0,certified_reset,0,1,0.040091882224201916,0.03609800770581537,0.003993874518386541,0.023963247110319243,0.0,0.0,0,0,-0.00108400915831517,0.0058486671264611195,0.0015154490073845488,-0.002438618627189033,-0.00108400915831517,0.0058486671264611195,-0.007537610366121851,8.752708394204308e-06,0.09247055884616479,0.4692718888022016
calibrate_then_close,67,16,0,0,certified_reset,0,1,0.03609800770581537,0.03210413318742883,0.003993874518386541,0.019969372591932703,0.0,0.0,0,0,0.0015154490073845488,-0.002438618627189033,-0.0002272240808130495,-0.005719402344983488,0.0015154490073845488,-0.002438618627189033,0.002082307768582911,3.475420780657531e-06,0.09247055884616479,0.4692718888022016
calibrate_then_close,67,17,0,0,certified_reset,0,1,0.03210413318742883,0.02811025866904229,0.003993874518386541,0.015975498073546163,0.0,0.0,0,0,-0.0002272240808130495,-0.005719402344983488,-6.39477868636508e-05,-0.008975525130473703,-0.0002272240808130495,-0.005719402344983488,0.008647457500560837,7.809175186585954e-06,0.09247055884616479,0.4692718888022016
calibrate_then_close,67,18,0,0,certified_reset,0,1,0.02811025866904229,0.02411638415065575,0.003993874518386541,0.011981623555159623,0.0,0.0,0,0,-6.39477868636508e-05,-0.008975525130473703,-0.002209271008638529,0.009459634677061826,-6.39477868636508e-05,-0.008975525130473703,0.013283285263049137,1.8916040250130916e-05,0.09247055884616479,0.4692718888022016
calibrate_then_close,67,19,0,0,certified_reset,0,1,0.02411638415065575,0.02012250963226921,0.003993874518386541,0.007987749036773082,0.0,0.0,0,0,-0.002209271008638529,0.009459634677061826,0.004602009913384256,-0.0022245397002845515,-0.002209271008638529,0.009459634677061826,-0.011731597320977194,2.4428881662374395e-05,0.09247055884616479,0.4692718888022016
calibrate_then_close,67,20,0,0,certified_reset,0,1,0.02012250963226921,0.01612863511388267,0.003993874518386541,0.003993874518386541,0.0,0.0,0,0,0.004602009913384256,-0.0022245397002845515,0.003480540770666753,-0.006539963797854893,0.004602009913384256,-0.0022245397002845515,-0.00130411066683668,2.2111756696736475e-05,0.09247055884616479,0.4692718888022016
calibrate_then_close,67,21,0,0,certified_reset,0,1,0.01612863511388267,0.01213476059549613,0.003993874518386541,0.0,0.0,0.0,0,0,0.003480540770666753,-0.006539963797854893,0.0022153879607049154,-0.002774626243452533,0.003480540770666753,-0.006539963797854893,0.006167083901700737,2.076378991844439e-05,0.09247055884616479,0.4692718888022016
calibrate_then_close,68,0,0,0,certified_reset,0,1,0.1,0.09600612548161347,0.003993874518386541,0.08387136488611735,0.0,0.0,0,0,-5.797587203492581,-0.5325377393827944,-5.560500394164044,1.018987452086948,-5.797587203492581,-0.5325377393827944,1.55,33.72312724199697,0.09247055884616479,0.4692718888022016
calibrate_then_close,68,1,0,0,certified_reset,0,1,0.09600612548161347,0.09201225096322693,0.003993874518386541,0.07987749036773081,0.0,0.0,0,0,-5.560500394164044,1.018987452086948,-3.7617820061626484,2.5746209935198903,-5.560500394164044,1.018987452086948,1.55,31.166127510450405,0.09247055884616479,0.4692718888022016
calibrate_then_close,68,2,0,0,certified_reset,0,1,0.09201225096322693,0.0880183764448404,0.003993874518386541,0.07588361584934428,0.0,0.0,0,0,-3.7617820061626484,2.5746209935198903,-1.429155008743167,2.0897256247564076,-3.7617820061626484,2.5746209935198903,-0.48472200173852786,15.350038934212517,0.09247055884616479,0.4692718888022016
calibrate_then_close,68,3,0,0,certified_reset,0,1,0.0880183764448404,0.08402450192645386,0.003993874518386541,0.07188974133095774,0.0,0.0,0,0,-1.429155008743167,2.0897256247564076,-0.10974340552978792,0.5360912112586046,-1.429155008743167,2.0897256247564076,-1.55,2.888598112633122,0.09247055884616479,0.4692718888022016
calibrate_then_close,68,4,0,0,certified_reset,0,1,0.08402450192645386,0.08003062740806732,0.003993874518386541,0.0678958668125712,0.0,0.0,0,0,-0.10974340552978792,0.5360912112586046,0.08417530385097363,-0.14443239429336235,-0.10974340552978792,0.5360912112586046,-0.6804340780601211,0.07534926004388287,0.09247055884616479,0.4692718888022016
calibrate_then_close,68,5,0,0,certified_reset,0,1,0.08003062740806732,0.07603675288968079,0.003993874518386541,0.06390199229418467,0.0,0.0,0,0,0.08417530385097363,-0.14443239429336235,-0.002198193770689926,-0.014319140510668993,0.08417530385097363,-0.14443239429336235,0.12894475019490587,0.011256079467310795,0.09247055884616479,0.4692718888022016
calibrate_then_close,68,6,0,0,certified_reset,0,1,0.07603675288968079,0.07204287837129425,0.003993874518386541,0.05990811777579813,0.0,0.0,0,0,-0.002198193770689926,-0.014319140510668993,0.000550790636404357,-0.003537388156226536,-0.002198193770689926,-0.014319140510668993,0.023279618889852135,5.528737353848973e-05,0.09247055884616479,0.4692718888022016
calibrate_then_close,68,7,0,0,certified_reset,0,1,0.07204287837129425,0.06804900385290771,0.003993874518386541,0.05591424325741159,0.0,0.0,0,0,0.000550790636404357,-0.003537388156226536,0.003649903615972397,0.0017558530056953794,0.000550790636404357,-0.003537388156226536,0.00466648549907529,3.1001331921838344e-06,0.09247055884616479,0.4692718888022016
calibrate_then_close,68,8,0,0,certified_reset,0,1,0.06804900385290771,0.06405512933452118,0.003993874518386541,0.051920368739025044,0.0,0.0,0,0,0.003649903615972397,0.0017558530056953794,0.0025332385588636456,7.64147326897226e-05,0.003649903615972397,0.0017558530056953794,-0.0062195490169744405,1.4843809715221784e-05,0.09247055884616479,0.4692718888022016
calibrate_then_close,68,9,0,0,certified_reset,0,1,0.06405512933452118,0.060061254816134634,0.003993874518386541,0.0479264942206385,0.0,0.0,0,0,0.0025332385588636456,7.64147326897226e-05,0.0032810018732434827,0.002826091731076478,0.0025332385588636456,7.64147326897226e-05,-0.0026387910595991083,6.592429110566032e-06,0.09247055884616479,0.4692718888022016
calibrate_then_close,68,10,0,0,certified_reset,0,1,0.060061254816134634,0.05606738029774809,0.003993874518386541,0.04393261970225196,0.0,0.0,0,0,0.0032810018732434827,0.002826091731076478,0.010560649491672559,-0.004258424817426149,0.0032810018732434827,0.002826091731076478,-0.007427509030159959,1.3581793557097529e-05,0.09247055884616479,0.4692718888022016
calibrate_then_close,68,11,0,0,certified_reset,0,1,0.05606738029774809,0.05207350577936155,0.003993874518386541,0.039938745183865414,0.0,0.0,0,0,0.010560649491672559,-0.004258424817426149,0.0036724384589115087,-0.010422062717815952,0.010560649491672559,-0.004258424817426149,-0.00423934414101539,0.00011524077140123368,0.09247055884616479,0.4692718888022016
calibrate_then_close,68,12,0,0,certified_reset,0,1,0.05207350577936155,0.048079631260975,0.003993874518386541,0.03594487066547887,0.0,0.0,0,0,0.0036724384589115087,-0.010422062717815952,0.00957436380588467,0.01275362558976325,0.0036724384589115087,-0.010422062717815952,0.011695676439946595,3.6458015852126444e-05,0.09247055884616479,0.4692718888022016
calibrate_then_close,68,13,0,0,certified_reset,0,1,0.048079631260975,0.04408575674258846,0.003993874518386541,0.03195099614709233,0.0,0.0,0,0,0.00957436380588467,0.01275362558976325,0.007932541974553408,-0.003095563646325846,0.00957436380588467,0.01275362558976325,-0.02832489586993583,0.0001410038292615976,0.09247055884616479,0.4692718888022016
calibrate_then_close,68,14,0,0,certified_reset,0,1,0.04408575674258846,0.040091882224201916,0.003993874518386541,0.027957121628705783,0.0,0.0,0,0,0.007932541974553408,-0.003095563646325846,0.001092048775415663,-0.008147776251345126,0.007932541974553408,-0.003095563646325846,-0.0033398658893386388,6.492894235394263e-05,0.09247055884616479,0.4692718888022016
calibrate_then_close,68,15,0,0,certified_reset,0,1,0.040091882224201916,0.03609800770581537,0.003993874518386541,0.023963247110319243,0.0,0.0,0,0,0.001092048775415663,-0.008147776251345126,-0.0037192476638163237,0.017264361705070178,0.001092048775415663,-0.008147776251345126,0.010913598825173407,1.6119762922364565e-05,0.09247055884616479,0.4692718888022016
calibrate_then_close,68,16,0,0,certified_reset,0,1,0.03609800770581537,0.03210413318742883,0.003993874518386541,0.019969372591932703,0.0,0.0,0,0,-0.0037192476638163237,0.017264361705070178,-0.002332040750516821,-0.007759476640831757,-0.0037192476638163237,0.017264361705070178,-0.021727517058234256,7.928540143772856e-05,0.09247055884616479,0.4692718888022016
calibrate_then_close,68,17,0,0,certified_reset,0,1,0.03210413318742883,0.02811025866904229,0.003993874518386541,0.015975498073546163,0.0,0.0,0,0,-0.002332040750516821,-0.007759476640831757,-0.0013433840382958487,-0.0012150596949455916,-0.002332040750516821,-0.007759476640831757,0.013756883971462016,2.1007416470308236e-05,0.09247055884616479,0.4692718888022016
calibrate_then_close,68,18,0,0,certified_reset,0,1,0.02811025866904229,0.02411638415065575,0.003993874518386541,0.011981623555159623,0.0,0.0,0,0,-0.0013433840382958487,-0.0012150596949455916,0.0004561095115470043,-0.0006646131439128622,-0.0013433840382958487,-0.0012150596949455916,0.0031271125373367376,2.3148981060879065e-06,0.09247055884616479,0.4692718888022016
calibrate_then_close,68,19,0,0,certified_reset,0,1,0.02411638415065575,0.02012250963226921,0.003993874518386541,0.007987749036773082,0.0,0.0,0,0,0.0004561095115470043,-0.0006646131439128622,0.0070839869617364696,0.007164515044202098,0.0004561095115470043,-0.0006646131439128622,0.0005265368825466714,2.94474827331809e-07,0.09247055884616479,0.4692718888022016
calibrate_then_close,68,20,0,0,certified_reset,0,1,0.02012250963226921,0.01612863511388267,0.003993874518386541,0.003993874518386541,0.0,0.0,0,0,0.0070839869617364696,0.007164515044202098,0.002697830206652349,-0.015871863738223243,0.0070839869617364696,0.007164515044202098,-0.017608304681529605,6.71736307653394e-05,0.09247055884616479,0.4692718888022016
calibrate_then_close,68,21,0,0,certified_reset,0,1,0.01612863511388267,0.01213476059549613,0.003993874518386541,0.0,0.0,0.0,0,0,0.002697830206652349,-0.015871863738223243,0.0028103543292388204,-0.0012011031303728976,0.002697830206652349,-0.015871863738223243,0.020697535798554188,6.333287806168732e-05,0.09247055884616479,0.4692718888022016
calibrate_then_close,69,0,0,0,certified_reset,0,1,0.1,0.09600612548161347,0.003993874518386541,0.08387136488611735,0.0,0.0,0,0,-0.6434901309098953,-0.5662473625096834,-0.47467826391850804,0.9039351134949581,-0.6434901309098953,-0.5662473625096834,1.4748967550082903,0.5261770531256349,0.09247055884616479,0.4692718888022016
calibrate_then_close,69,1,0,0,certified_reset,0,1,0.09600612548161347,0.09201225096322693,0.003993874518386541,0.07987749036773081,0.0,0.0,0,0,-0.47467826391850804,0.9039351134949581,-0.0026860230479835933,0.04352336577361918,-0.47467826391850804,0.9039351134949581,-0.8589134381096213,0.39084052568446676,0.09247055884616479,0.4692718888022016
calibrate_then_close,69,2,0,0,certified_reset,0,1,0.09201225096322693,0.0880183764448404,0.003993874518386541,0.07588361584934428,0.0,0.0,0,0,-0.0026860230479835933,0.04352336577361918,0.00993108455878409,-0.028657442291869645,-0.0026860230479835933,0.04352336577361918,-0.061438134671864715,0.0004425518359008178,0.09247055884616479,0.4692718888022016
calibrate_then_close,69,3,0,0,certified_reset,0,1,0.0880183764448404,0.08402450192645386,0.003993874518386541,0.07188974133095774,0.0,0.0,0,0,0.00993108455878409,-0.028657442291869645,-0.01408753129154293,-0.0022374523695557202,0.00993108455878409,-0.028657442291869645,0.03232864633430573,0.00027257979462706625,0.09247055884616479,0.4692718888022016
calibrate_then_close,69,4,0,0,certified_reset,0,1,0.08402450192645386,0.08003062740806732,0.003993874518386541,0.0678958668125712,0.0,0.0,0,0,-0.01408753129154293,-0.0022374523695557202,-0.011737507750532224,0.018066066563323237,-0.01408753129154293,-0.0022374523695557202,0.017323733659726136,0.00020686244634711493,0.09247055884616479,0.4692718888022016
calibrate_then_close,69,5,0,0,certified_reset,0,1,0.08003062740806732,0.07603675288968079,0.003993874518386541,0.06390199229418467,0.0,0.0,0,0,-0.011737507750532224,0.018066066563323237,-0.005499619175131541,0.008128238191797206,-0.011737507750532224,0.018066066563323237,-0.014925140098539885,0.00020208698036050675,0.09247055884616479,0.4692718888022016
calibrate_then_close,69,6,0,0,certified_reset,0,1,0.07603675288968079,0.07204287837129425,0.003993874518386541,0.05990811777579813,0.0,0.0,0,0,-0.005499619175131541,0.008128238191797206,-0.005901895923122321,0.0107581375114474,-0.005499619175131541,0.008128238191797206,-0.006495074681096095,4.319274704776625e-05,0.09247055884616479,0.4692718888022016
calibrate_then_close,69,7,0,0,certified_reset,0,1,0.07204287837129425,0.06804900385290771,0.003993874518386541,0.05591424325741159,0.0,0.0,0,0,-0.005901895923122321,0.0107581375114474,-0.004438448570099713,-0.008691083746701345,-0.005901895923122321,0.0107581375114474,-0.00996788701357241,5.81490988639896e-05,0.09247055884616479,0.4692718888022016
calibrate_then_close,69,8,0,0,certified_reset,0,1,0.06804900385290771,0.06405512933452118,0.003993874518386541,0.051920368739025044,0.0,0.0,0,0,-0.004438448570099713,-0.008691083746701345,-0.00021744435486938368,-0.013817990457177503,-0.004438448570099713,-0.008691083746701345,0.01722156403532173,4.07106710095791e-05,0.09247055884616479,0.4692718888022016
calibrate_then_close,69,9,0,0,certified_reset,0,1,0.06405512933452118,0.060061254816134634,0.003993874518386541,0.0479264942206385,0.0,0.0,0,0,-0.00021744435486938368,-0.013817990457177503,-0.010699692291700801,0.0009602091723924493,-0.00021744435486938368,-0.013817990457177503,0.02056998000185179,4.499401882881586e-05,0.09247055884616479,0.4692718888022016
calibrate_then_close,69,10,0,0,certified_reset,0,1,0.060061254816134634,0.05606738029774809,0.003993874518386541,0.04393261970225196,0.0,0.0,0,0,-0.010699692291700801,0.0009602091723924493,-0.0032448986265094827,0.02197395225393797,-0.010699692291700801,0.0009602091723924493,0.00924225432388756,0.00011678485705962138,0.09247055884616479,0.4692718888022016
calibrate_then_close,69,11,0,0,certified_reset,0,1,0.05606738029774809,0.05207350577936155,0.003993874518386541,0.039938745183865414,0.0,0.0,0,0,-0.0032448986265094827,0.02197395225393797,0.004465779103924292,-0.02306408472207066,-0.0032448986265094827,0.02197395225393797,-0.029141262183524856,0.00011867352011604872,0.09247055884616479,0.4692718888022016
calibrate_then_close,69,12,0,0,certified_reset,0,1,0.05207350577936155,0.048079631260975,0.003993874518386541,0.03594487066547887,0.0,0.0,0,0,0.004465779103924292,-0.02306408472207066,-0.003993001847984015,0.014667423070928944,0.004465779103924292,-0.02306408472207066,0.02952495261157491,0.00013748761440497402,0.09247055884616479,0.4692718888022016
calibrate_then_close,69,13,0,0,certified_reset,0,1,0.048079631260975,0.04408575674258846,0.003993874518386541,0.03195099614709233,0.0,0.0,0,0,-0.003993001847984015,0.014667423070928944,-0.0048025290485828945,-0.006823815823224458,-0.003993001847984015,0.014667423070928944,-0.017631596392603303,6.243988745928666e-05,0.09247055884616479,0.4692718888022016
calibrate_then_close,69,14,0,0,certified_reset,0,1,0.04408575674258846,0.040091882224201916,0.003993874518386541,0.027957121628705783,0.0,0.0,0,0,-0.0048025290485828945,-0.006823815823224458,-0.009775267178924237,0.0036226493188021066,-0.0048025290485828945,-0.006823815823224458,0.01483521255147057,3.6947976778737196e-05,0.09247055884616479,0.4692718888022016
calibrate_then_close,69,15,0,0,certified_reset,0,1,0.040091882224201916,0.03609800770581537,0.003993874518386541,0.023963247110319243,0.0,0.0,0,0,-0.009775267178924237,0.0036226493188021066,-0.009391057425963061,0.002272533892711443,-0.009775267178924237,0.0036226493188021066,0.004398988747129275,9.840187182495078e-05,0.09247055884616479,0.4692718888022016
calibrate_then_close,69,16,0,0,certified_reset,0,1,0.03609800770581537,0.03210413318742883,0.003993874518386541,0.019969372591932703,0.0,0.0,0,0,-0.009391057425963061,0.002272533892711443,0.0002712166454415998,0.006434309740867663,-0.009391057425963061,0.002272533892711443,0.006006061491056593,9.002337279642878e-05,0.09247055884616479,0.4692718888022016
calibrate_then_close,69,17,0,0,certified_reset,0,1,0.03210413318742883,0.02811025866904229,0.003993874518386541,0.015975498073546163,0.0,0.0,0,0,0.0002712166454415998,0.006434309740867663,0.007792225000422674,-0.009355246101302523,0.0002712166454415998,0.006434309740867663,-0.009746673890468835,9.900561298399675e-06,0.09247055884616479,0.4692718888022016
calibrate_then_close,69,18,0,0,certified_reset,0,1,0.02811025866904229,0.02411638415065575,0.003993874518386541,0.011981623555159623,0.0,0.0,0,0,0.007792225000422674,-0.009355246101302523,0.001371130612406435,0.002836305113290156,0.007792225000422674,-0.009355246101302523,0.006019188492086934,7.737824954066242e-05,0.09247055884616479,0.4692718888022016
calibrate_then_close,69,19,0,0,certified_reset,0,1,0.02411638415065575,0.02012250963226921,0.003993874518386541,0.007987749036773082,0.0,0.0,0,0,0.001371130612406435,0.002836305113290156,0.0017631374547253964,-0.000537225779375811,0.001371130612406435,0.002836305113290156,-0.005545704263920846,4.0969028560714505e-06,0.09247055884616479,0.4692718888022016
calibrate_then_close,69,20,0,0,certified_reset,0,1,0.02012250963226921,0.01612863511388267,0.003993874518386541,0.003993874518386541,0.0,0.0,0,0,0.0017631374547253964,-0.000537225779375811,0.0002930979270414662,-0.01234371346529461,0.0017631374547253964,-0.000537225779375811,-0.0009663085733917036,3.183947567575477e-06,0.09247055884616479,0.4692718888022016
calibrate_then_close,69,21,0,0,certified_reset,0,1,0.01612863511388267,0.01213476059549613,0.003993874518386541,0.0,0.0,0.0,0,0,0.0002930979270414662,-0.01234371346529461,-0.004076995113279262,0.0022116943850799434,0.0002930979270414662,-0.01234371346529461,0.01788842265642377,3.551190520360057e-05,0.09247055884616479,0.4692718888022016
calibrate_then_close,70,0,0,0,certified_reset,0,1,0.1,0.09600612548161347,0.003993874518386541,0.08387136488611735,0.0,0.0,0,0,-3.4690301744343595,-0.5723376769831865,-3.2598878126036968,0.9711980710291012,-3.4690301744343595,-0.5723376769831865,1.5499999999997793,12.153195526105076,0.09247055884616479,0.4692718888022016
calibrate_then_close,70,1,0,0,certified_reset,0,1,0.09600612548161347,0.09201225096322693,0.003993874518386541,0.07987749036773081,0.0,0.0,0,0,-3.2598878126036968,0.9711980710291012,-1.6550084636892854,2.2486120845148663,-3.2598878126036968,0.9711980710291012,1.2764547801037487,10.837382595674073,0.09247055884616479,0.4692718888022016
calibrate_then_close,70,2,0,0,certified_reset,0,1,0.09201225096322693,0.0880183764448404,0.003993874518386541,0.07588361584934428,0.0,0.0,0,0,-1.6550084636892854,2.2486120845148663,-0.18737954923241112,0.7060064613616726,-1.6550084636892854,2.2486120845148663,-1.5499999999999998,3.709241650075901,0.09247055884616479,0.4692718888022016
calibrate_then_close,70,3,0,0,certified_reset,0,1,0.0880183764448404,0.08402450192645386,0.003993874518386541,0.07188974133095774,0.0,0.0,0,0,-0.18737954923241112,0.7060064613616726,0.09252552445638222,-0.14718747565012233,-0.18737954923241112,0.7060064613616726,-0.8534282431005538,0.1430397118507816,0.09247055884616479,0.4692718888022016
calibrate_then_close,70,4,0,0,certified_reset,0,1,0.08402450192645386,0.08003062740806732,0.003993874518386541,0.0678958668125712,0.0,0.0,0,0,0.09252552445638222,-0.14718747565012233,0.010310131741147999,-0.015941790747209805,0.09252552445638222,-0.14718747565012233,0.1246915207246098,0.012849219597329941,0.09247055884616479,0.4692718888022016
calibrate_then_close,70,5,0,0,certified_reset,0,1,0.08003062740806732,0.07603675288968079,0.003993874518386541,0.06390199229418467,0.0,0.0,0,0,0.010310131741147999,-0.015941790747209805,0.00208192523605142,-0.005750106509431368,0.010310131741147999,-0.015941790747209805,0.013215154312003595,0.00015641014870808749,0.09247055884616479,0.4692718888022016
calibrate_then_close,70,6,0,0,certified_reset,0,1,0.07603675288968079,0.07204287837129425,0.003993874518386541,0.05990811777579813,0.0,0.0,0,0,0.00208192523605142,-0.005750106509431368,0.00514498050816607,0.005545045466978742,0.00208192523605142,-0.005750106509431368,0.006396476214978779,1.130875586429239e-05,0.09247055884616479,0.4692718888022016
calibrate_then_close,70,7,0,0,certified_reset,0,1,0.07204287837129425,0.06804900385290771,0.003993874518386541,0.05591424325741159,0.0,0.0,0,0,0.00514498050816607,0.005545045466978742,0.008234443001314706,-0.011169052468343753,0.00514498050816607,0.005545045466978742,-0.01329103097335652,3.642166729933192e-05,0.09247055884616479,0.4692718888022016
calibrate_then_close,70,8,0,0,certified_reset,0,1,0.06804900385290771,0.06405512933452118,0.003993874518386541,0.051920368739025044,0.0,0.0,0,0,0.008234443001314706,-0.011169052468343753,0.005916808100318946,0.005838404196828793,0.008234443001314706,-0.011169052468343753,0.008251091042121746,9.196265607384611e-05,0.09247055884616479,0.4692718888022016
calibrate_then_close,70,9,0,0,certified_reset,0,1,0.06405512933452118,0.060061254816134634,0.003993874518386541,0.0479264942206385,0.0,0.0,0,0,0.005916808100318946,0.005838404196828793,-0.0015245399276077936,-0.009036274058883605,0.005916808100318946,0.005838404196828793,-0.014488648301702208,4.6392294778059003e-05,0.09247055884616479,0.4692718888022016
calibrate_then_close,70,10,0,0,certified_reset,0,1,0.060061254816134634,0.05606738029774809,0.003993874518386541,0.04393261970225196,0.0,0.0,0,0,-0.0015245399276077936,-0.009036274058883605,-0.00301137707963317,0.004054049563321503,-0.0015245399276077936,-0.009036274058883605,0.014831799775057388,2.2521543901160686e-05,0.09247055884616479,0.4692718888022016
calibrate_then_close,70,11,0,0,certified_reset,0,1,0.05606738029774809,0.05207350577936155,0.003993874518386541,0.039938745183865414,0.0,0.0,0,0,-0.00301137707963317,0.004054049563321503,-0.0015963766695256361,0.001391342499633499,-0.00301137707963317,0.004054049563321503,-0.002973821389418295,1.2247839472280152e-05,0.09247055884616479,0.4692718888022016
calibrate_then_close,70,12,0,0,certified_reset,0,1,0.05207350577936155,0.048079631260975,0.003993874518386541,0.03594487066547887,0.0,0.0,0,0,-0.0015963766695256361,0.001391342499633499,0.000797254941117861,0.003512203314962051,-0.0015963766695256361,0.001391342499633499,-0.0004600224351973505,2.902159098259435e-06,0.09247055884616479,0.4692718888022016
calibrate_then_close,70,13,0,0,certified_reset,0,1,0.048079631260975,0.04408575674258846,0.003993874518386541,0.03195099614709233,0.0,0.0,0,0,0.000797254941117861,0.003512203314962051,-0.007780826850010769,-0.002281584998246006,0.000797254941117861,0.003512203314962051,-0.00596392195752346,3.745227551636081e-06,0.09247055884616479,0.4692718888022016
calibrate_then_close,70,14,0,0,certified_reset,0,1,0.04408575674258846,0.040091882224201916,0.003993874518386541,0.027957121628705783,0.0,0.0,0,0,-0.007780826850010769,-0.002281584998246006,-0.005164703644930616,0.010758061075158103,-0.007780826850010769,-0.002281584998246006,0.01110910114084166,6.456358309254456e-05,0.09247055884616479,0.4692718888022016
calibrate_then_close,70,15,0,0,certified_reset,0,1,0.040091882224201916,0.03609800770581537,0.003993874518386541,0.023963247110319243,0.0,0.0,0,0,-0.005164703644930616,0.010758061075158103,0.003273829183906118,-0.0033830106325063235,-0.005164703644930616,0.010758061075158103,-0.01070606276418102,5.037211629515392e-05,0.09247055884616479,0.4692718888022016
calibrate_then_close,70,16,0,0,certified_reset,0,1,0.03609800770581537,0.03210413318742883,0.003993874518386541,0.019969372591932703,0.0,0.0,0,0,0.003273829183906118,-0.0033830106325063235,0.0024090147873415254,0.002240343555190933,0.003273829183906118,-0.0033830106325063235,0.0017218533453206104,1.2852133968102342e-05,0.09247055884616479,0.4692718888022016
calibrate_then_close,70,17,0,0,certified_reset,0,1,0.03210413318742883,0.02811025866904229,0.003993874518386541,0.015975498073546163,0.0,0.0,0,0,0.0024090147873415254,0.002240343555190933,0.0015505922472586209,-0.012703728879654323,0.0024090147873415254,0.002240343555190933,-0.0056964202985665775,7.518027415229566e-06,0.09247055884616479,0.4692718888022016
calibrate_then_close,70,18,0,0,certified_reset,0,1,0.02811025866904229,0.02411638415065575,0.003993874518386541,0.011981623555159623,0.0,0.0,0,0,0.0015505922472586209,-0.012703728879654323,-0.002271969584010656,-0.0007500570017559298,0.0015505922472586209,-0.012703728879654323,0.01716892750783796,3.8822889052090806e-05,0.09247055884616479,0.4692718888022016
calibrate_then_close,70,19,0,0,certified_reset,0,1,0.02411638415065575,0.02012250963226921,0.003993874518386541,0.007987749036773082,0.0,0.0,0,0,-0.002271969584010656,-0.0007500570017559298,-0.0045628914309572555,0.009892318303096306,-0.002271969584010656,-0.0007500570017559298,0.0033689690601349876,5.54685999493218e-06,0.09247055884616479,0.4692718888022016
calibrate_then_close,70,20,0,0,certified_reset,0,1,0.02012250963226921,0.01612863511388267,0.003993874518386541,0.003993874518386541,0.0,0.0,0,0,-0.0045628914309572555,0.009892318303096306,0.004837849802316827,-0.007654357419573949,-0.0045628914309572555,0.009892318303096306,-0.010025168757096874,4.094701147966928e-05,0.09247055884616479,0.4692718888022016
calibrate_then_close,70,21,0,0,certified_reset,0,1,0.01612863511388267,0.01213476059549613,0.003993874518386541,0.0,0.0,0.0,0,0,0.004837849802316827,-0.007654357419573949,-0.004307438550585378,0.004584712038675354,0.004837849802316827,-0.007654357419573949,0.006453731527109346,3.4992110726562704e-05,0.09247055884616479,0.4692718888022016
calibrate_then_close,71,0,0,0,certified_reset,0,1,0.1,0.09600612548161347,0.003993874518386541,0.08387136488611735,0.0,0.0,0,0,-3.1310828937776636,-0.2400394929371168,-2.5985338034093806,1.313506518316444,-3.1310828937776636,-0.2400394929371168,1.5499999999999017,9.874114000177611,0.09247055884616479,0.4692718888022016
calibrate_then_close,71,1,0,0,certified_reset,0,1,0.09600612548161347,0.09201225096322693,0.003993874518386541,0.07987749036773081,0.0,0.0,0,0,-2.5985338034093806,1.313506518316444,-1.0627219577582032,1.7611306307660026,-2.5985338034093806,1.313506518316444,0.4473749088592714,7.0679354224469035,0.09247055884616479,0.4692718888022016
calibrate_then_close,71,2,0,0,certified_reset,0,1,0.09201225096322693,0.0880183764448404,0.003993874518386541,0.07588361584934428,0.0,0.0,0,0,-1.0627219577582032,1.7611306307660026,-0.07068240880415431,0.22227155374255203,-1.0627219577582032,1.7611306307660026,-1.5360908186580855,1.7466519323325764,0.09247055884616479,0.4692718888022016
calibrate_then_close,71,3,0,0,certified_reset,0,1,0.0880183764448404,0.08402450192645386,0.003993874518386541,0.07188974133095774,0.0,0.0,0,0,-0.07068240880415431,0.22227155374255203,0.029579755853331932,-0.031157336410760263,-0.07068240880415431,0.22227155374255203,-0.257040579240075,0.015540585247322498,0.09247055884616479,0.4692718888022016
calibrate_then_close,71,4,0,0,certified_reset,0,1,0.08402450192645386,0.08003062740806732,0.003993874518386541,0.0678958668125712,0.0,0.0,0,0,0.029579755853331932,-0.031157336410760263,0.00630906237314181,-0.010774465678786371,0.029579755853331932,-0.031157336410760263,0.016445491360934022,0.0010564636411936803,0.09247055884616479,0.4692718888022016
calibrate_then_close,71,5,0,0,certified_reset,0,1,0.08003062740806732,0.07603675288968079,0.003993874518386541,0.06390199229418467,0.0,0.0,0,0,0.00630906237314181,-0.010774465678786371,0.010922310348645787,-0.011986818967918615,0.00630906237314181,-0.010774465678786371,0.009583034918539438,6.29961719038446e-05,0.09247055884616479,0.4692718888022016
calibrate_then_close,71,6,0,0,certified_reset,0,1,0.07603675288968079,0.07204287837129425,0.003993874518386541,0.05990811777579813,0.0,0.0,0,0,0.010922310348645787,-0.011986818967918615,0.0028469702959559896,-0.0066983741309106625,0.010922310348645787,-0.011986818967918615,0.006782232756202946,0.00014630991959565528,0.09247055884616479,0.4692718888022016
calibrate_then_close,71,7,0,0,certified_reset,0,1,0.07204287837129425,0.06804900385290771,0.003993874518386541,0.05591424325741159,0.0,0.0,0,0,0.0028469702959559896,-0.0066983741309106625,-0.000722750148301399,-0.0001199808811920861,0.0028469702959559896,-0.0066983741309106625,0.007030805477427551,1.7417324387168937e-05,0.09247055884616479,0.4692718888022016
calibrate_then_close,71,8,0,0,certified_reset,0,1,0.06804900385290771,0.06405512933452118,0.003993874518386541,0.051920368739025044,0.0,0.0,0,0,-0.000722750148301399,-0.0001199808811920861,0.004656574679384103,-0.012507355100339401,-0.000722750148301399,-0.0001199808811920861,0.0008974647574149603,5.450950257730349e-07,0.09247055884616479,0.4692718888022016
calibrate_then_close,71,9,0,0,certified_reset,0,1,0.06405512933452118,0.060061254816134634,0.003993874518386541,0.0479264942206385,0.0,0.0,0,0,0.004656574679384103,-0.012507355100339401,-0.0015783460808577953,0.011982831124942198,0.004656574679384103,-0.012507355100339401,0.013786378748805334,5.459340140889642e-05,0.09247055884616479,0.4692718888022016
calibrate_then_close,71,10,0,0,certified_reset,0,1,0.060061254816134634,0.05606738029774809,0.003993874518386541,0.04393261970225196,0.0,0.0,0,0,-0.0015783460808577953,0.011982831124942198,0.004570296872325641,0.004660504660748301,-0.0015783460808577953,0.011982831124942198,-0.01607881913004982,3.48002704847796e-05,0.09247055884616479,0.4692718888022016
calibrate_then_close,71,11,0,0,certified_reset,0,1,0.05606738029774809,0.05207350577936155,0.003993874518386541,0.039938745183865414,0.0,0.0,0,0,0.004570296872325641,0.004660504660748301,0.0024728757157653778,-0.006373291885958138,0.004570296872325641,0.004660504660748301,-0.011417618380590947,2.8056318403023938e-05,0.09247055884616479,0.4692718888022016
calibrate_then_close,71,12,0,0,certified_reset,0,1,0.05207350577936155,0.048079631260975,0.003993874518386541,0.03594487066547887,0.0,0.0,0,0,0.0024728757157653778,-0.006373291885958138,-0.004103065091741572,0.005631094941425608,0.0024728757157653778,-0.006373291885958138,0.006921069017330948,1.462403711764016e-05,0.09247055884616479,0.4692718888022016
calibrate_then_close,71,13,0,0,certified_reset,0,1,0.048079631260975,0.04408575674258846,0.003993874518386541,0.03195099614709233,0.0,0.0,0,0,-0.004103065091741572,0.005631094941425608,-0.004754709908904871,0.006303888127508988,-0.004103065091741572,0.005631094941425608,-0.004211415789797951,2.2986205164015097e-05,0.09247055884616479,0.4692718888022016
calibrate_then_close,71,14,0,0,certified_reset,0,1,0.04408575674258846,0.040091882224201916,0.003993874518386541,0.027957121628705783,0.0,0.0,0,0,-0.004754709908904871,0.006303888127508988,0.009797263029418957,-0.0050508888452529006,-0.004754709908904871,0.006303888127508988,-0.004552332263603547,3.027838053814109e-05,0.09247055884616479,0.4692718888022016
calibrate_then_close,71,15,0,0,certified_reset,0,1,0.040091882224201916,0.03609800770581537,0.003993874518386541,0.023963247110319243,0.0,0.0,0,0,0.009797263029418957,-0.0050508888452529006,-0.004084563903067915,0.010928542371393835,0.009797263029418957,-0.0050508888452529006,-0.00231370975877345,0.00010071226025169364,0.09247055884616479,0.4692718888022016
calibrate_then_close,71,16,0,0,certified_reset,0,1,0.03609800770581537,0.03210413318742883,0.003993874518386541,0.019969372591932703,0.0,0.0,0,0,-0.004084563903067915,0.010928542371393835,-0.0039070533261471585,0.0018893738796263255,-0.004084563903067915,0.010928542371393835,-0.012033684524046611,4.180184826425544e-05,0.09247055884616479,0.4692718888022016
calibrate_then_close,71,17,0,0,certified_reset,0,1,0.03210413318742883,0.02811025866904229,0.003993874518386541,0.015975498073546163,0.0,0.0,0,0,-0.0039070533261471585,0.0018893738796263255,-0.005473655788899875,-0.006373099402699022,-0.0039070533261471585,0.0018893738796263255,0.001105541418938137,1.593817329734483e-05,0.09247055884616479,0.4692718888022016
calibrate_then_close,71,18,0,0,certified_reset,0,1,0.02811025866904229,0.02411638415065575,0.003993874518386541,0.011981623555159623,0.0,0.0,0,0,-0.005473655788899875,-0.006373099402699022,-0.004238891496945315,0.016465540018715346,-0.005473655788899875,-0.006373099402699022,0.01483841072586367,4.277631979649564e-05,0.09247055884616479,0.4692718888022016
calibrate_then_close,71,19,0,0,certified_reset,0,1,0.02411638415065575,0.02012250963226921,0.003993874518386541,0.007987749036773082,0.0,0.0,0,0,-0.004238891496945315,0.016465540018715346,0.0022432668640817895,-0.003616870895808918,-0.004238891496945315,0.016465540018715346,-0.020034760253411173,7.680351304259187e-05,0.09247055884616479,0.4692718888022016
calibrate_then_close,71,20,0,0,certified_reset,0,1,0.02012250963226921,0.01612863511388267,0.003993874518386541,0.003993874518386541,0.0,0.0,0,0,0.0022432668640817895,-0.003616870895808918,0.0018998995184506525,-0.0043058406281814565,0.0022432668640817895,-0.003616870895808918,0.003093480051859532,7.626202608119596e-06,0.09247055884616479,0.4692718888022016
calibrate_then_close,71,21,0,0,certified_reset,0,1,0.01612863511388267,0.01213476059549613,0.003993874518386541,0.0,0.0,0.0,0,0,0.0018998995184506525,-0.0043058406281814565,-0.0024211550566159853,-0.009588512511672916,0.0018998995184506525,-0.0043058406281814565,0.004450936098855013,7.442136416864943e-06,0.09247055884616479,0.4692718888022016
calibrate_then_close,72,0,0,0,certified_reset,0,1,0.1,0.09600612548161347,0.003993874518386541,0.08387136488611735,0.0,0.0,0,0,-5.9703523947422195,0.5325566323180418,-4.657204329445179,2.075676589574978,-5.9703523947422195,0.5325566323180418,1.55,35.75622119939682,0.09247055884616479,0.4692718888022016
calibrate_then_close,72,1,0,0,certified_reset,0,1,0.09600612548161347,0.09201225096322693,0.003993874518386541,0.07987749036773081,0.0,0.0,0,0,-4.657204329445179,2.075676589574978,-2.313169810245444,2.611313010889803,-4.657204329445179,2.075676589574978,0.5390545672495515,22.472334656676463,0.09247055884616479,0.4692718888022016
calibrate_then_close,72,2,0,0,certified_reset,0,1,0.09201225096322693,0.0880183764448404,0.003993874518386541,0.07588361584934428,0.0,0.0,0,0,-2.313169810245444,2.611313010889803,-0.4726713389277729,1.0596537691632384,-2.313169810245444,2.611313010889803,-1.5433402412619202,6.637714063890029,0.09247055884616479,0.4692718888022016
calibrate_then_close,72,3,0,0,certified_reset,0,1,0.0880183764448404,0.08402450192645386,0.003993874518386541,0.07188974133095774,0.0,0.0,0,0,-0.4726713389277729,1.0596537691632384,0.04743780235257409,-0.029448369949223077,-0.4726713389277729,1.0596537691632384,-1.0903001239179428,0.455252953539495,0.09247055884616479,0.4692718888022016
calibrate_then_close,72,4,0,0,certified_reset,0,1,0.08402450192645386,0.08003062740806732,0.003993874518386541,0.0678958668125712,0.0,0.0,0,0,0.04743780235257409,-0.029448369949223077,0.017548827205630068,-0.03298123300150321,0.04743780235257409,-0.029448369949223077,-0.0038519183958969487,0.002406813192605035,0.09247055884616479,0.4692718888022016
calibrate_then_close,72,5,0,0,certified_reset,0,1,0.08003062740806732,0.07603675288968079,0.003993874518386541,0.06390199229418467,0.0,0.0,0,0,0.017548827205630068,-0.03298123300150321,-0.0032484705291204777,0.004151184019415799,0.017548827205630068,-0.03298123300150321,0.03111105082995179,0.0005279558848405581,0.09247055884616479,0.4692718888022016
calibrate_then_close,72,6,0,0,certified_reset,0,1,0.07603675288968079,0.07204287837129425,0.003993874518386541,0.05990811777579813,0.0,0.0,0,0,-0.0032484705291204777,0.004151184019415799,0.003590427290819838,-0.00371743481770632,-0.0032484705291204777,0.004151184019415799,-0.0028818088607562432,1.3862000513662166e-05,0.09247055884616479,0.4692718888022016
calibrate_then_close,72,7,0,0,certified_reset,0,1,0.07204287837129425,0.06804900385290771,0.003993874518386541,0.05591424325741159,0.0,0.0,0,0,0.003590427290819838,-0.00371743481770632,-0.002133282283544046,0.000646943521108343,0.003590427290819838,-0.00371743481770632,0.001898567406058028,1.546875997784867e-05,0.09247055884616479,0.4692718888022016
calibrate_then_close,72,8,0,0,certified_reset,0,1,0.06804900385290771,0.06405512933452118,0.003993874518386541,0.051920368739025044,0.0,0.0,0,0,-0.002133282283544046,0.000646943521108343,-0.003662736194985754,0.014316552386823216,-0.002133282283544046,0.000646943521108343,0.001170542801798479,4.660484028064686e-06,0.09247055884616479,0.4692718888022016
calibrate_then_close,72,9,0,0,certified_reset,0,1,0.06405512933452118,0.060061254816134634,0.003993874518386541,0.0479264942206385,0.0,0.0,0,0,-0.003662736194985754,0.014316552386823216,0.0038921815284595285,-0.0012738354516475363,-0.003662736194985754,0.014316552386823216,-0.01744303527101692,5.7915584424744856e-05,0.09247055884616479,0.4692718888022016
calibrate_then_close,72,10,0,0,certified_reset,0,1,0.060061254816134634,0.05606738029774809,0.003993874518386541,0.04393261970225196,0.0,0.0,0,0,0.0038921815284595285,-0.0012738354516475363,0.0017815028607045575,-0.001724867604948644,0.0038921815284595285,-0.0012738354516475363,-0.0020017576954784763,1.5541331113684067e-05,0.09247055884616479,0.4692718888022016
calibrate_then_close,72,11,0,0,certified_reset,0,1,0.05606738029774809,0.05207350577936155,0.003993874518386541,0.039938745183865414,0.0,0.0,0,0,0.0017815028607045575,-0.001724867604948644,0.005338459893199868,-0.0003866105738140644,0.0017815028607045575,-0.001724867604948644,0.0007650514062228757,3.723915319880841e-06,0.09247055884616479,0.4692718888022016
calibrate_then_close,72,12,0,0,certified_reset,0,1,0.05207350577936155,0.048079631260975,0.003993874518386541,0.03594487066547887,0.0,0.0,0,0,0.005338459893199868,-0.0003866105738140644,0.0018278097855219562,-0.006591400431785441,0.005338459893199868,-0.0003866105738140644,-0.0047439182781705905,2.9088677239493838e-05,0.09247055884616479,0.4692718888022016
calibrate_then_close,72,13,0,0,certified_reset,0,1,0.048079631260975,0.04408575674258846,0.003993874518386541,0.03195099614709233,0.0,0.0,0,0,0.0018278097855219562,-0.006591400431785441,0.0017621338307393709,0.006931394243681994,0.0018278097855219562,-0.006591400431785441,0.007888373306207883,1.2716930184887577e-05,0.09247055884616479,0.4692718888022016
calibrate_then_close,72,14,0,0,certified_reset,0,1,0.04408575674258846,0.040091882224201916,0.003993874518386541,0.027957121628705783,0.0,0.0,0,0,0.0017621338307393709,0.006931394243681994,0.0029236052285465304,-0.007441059290667797,0.0017621338307393709,0.006931394243681994,-0.01196614475428197,1.5332791853489577e-05,0.09247055884616479,0.4692718888022016
calibrate_then_close,72,15,0,0,certified_reset,0,1,0.040091882224201916,0.03609800770581537,0.003993874518386541,0.023963247110319243,0.0,0.0,0,0,0.0029236052285465304,-0.007441059290667797,0.006294133897166695,-0.0065612782732925225,0.0029236052285465304,-0.007441059290667797,0.00804841129495047,2.0133376047803802e-05,0.09247055884616479,0.4692718888022016
calibrate_then_close,72,16,0,0,certified_reset,0,1,0.03609800770581537,0.03210413318742883,0.003993874518386541,0.019969372591932703,0.0,0.0,0,0,0.006294133897166695,-0.0065612782732925225,-0.0038036063911212363,0.0038318724484164486,0.006294133897166695,-0.0065612782732925225,0.0034003304268859853,4.7654244755087455e-05,0.09247055884616479,0.4692718888022016
calibrate_then_close,72,17,0,0,certified_reset,0,1,0.03210413318742883,0.02811025866904229,0.003993874518386541,0.015975498073546163,0.0,0.0,0,0,-0.0038036063911212363,0.0038318724484164486,-0.00015869858464310983,0.0021321452646727874,-0.0038036063911212363,0.0038318724484164486,-0.0018607708974667607,1.7196967649867748e-05,0.09247055884616479,0.4692718888022016
calibrate_then_close,72,18,0,0,certified_reset,0,1,0.02811025866904229,0.02411638415065575,0.003993874518386541,0.011981623555159623,0.0,0.0,0,0,-0.00015869858464310983,0.0021321452646727874,-0.004125474228859229,0.010658013970108583,-0.00015869858464310983,0.0021321452646727874,-0.0029801394785086573,1.065503840891859e-06,0.09247055884616479,0.4692718888022016
calibrate_then_close,72,19,0,0,certified_reset,0,1,0.02411638415065575,0.02012250963226921,0.003993874518386541,0.007987749036773082,0.0,0.0,0,0,-0.004125474228859229,0.010658013970108583,0.004240630459418733,0.010397404769238682,-0.004125474228859229,0.010658013970108583,-0.011588456432224236,4.082363279668598e-05,0.09247055884616479,0.4692718888022016
calibrate_then_close,72,20,0,0,certified_reset,0,1,0.02012250963226921,0.01612863511388267,0.003993874518386541,0.003993874518386541,0.0,0.0,0,0,0.004240630459418733,0.010397404769238682,0.0005311225968902137,-0.010797804351704158,0.004240630459418733,0.010397404769238682,-0.01953685942818635,4.698425326963749e-05,0.09247055884616479,0.4692718888022016
calibrate_then_close,72,21,0,0,certified_reset,0,1,0.01612863511388267,0.01213476059549613,0.003993874518386541,0.0,0.0,0.0,0,0,0.0005311225968902137,-0.010797804351704158,-0.005555726431201175,0.011118396583652476,0.0005311225968902137,-0.010797804351704158,0.015376678630022905,2.717981154238511e-05,0.09247055884616479,0.4692718888022016
calibrate_then_close,73,0,0,0,certified_reset,0,1,0.1,0.09600612548161347,0.003993874518386541,0.08387136488611735,0.0,0.0,0,0,-4.757995249168468,-0.34422287552215697,-4.3282548824385545,1.2025187879923824,-4.757995249168468,-0.34422287552215697,1.55,22.71990938095561,0.09247055884616479,0.4692718888022016
calibrate_then_close,73,1,0,0,certified_reset,0,1,0.09600612548161347,0.09201225096322693,0.003993874518386541,0.07987749036773081,0.0,0.0,0,0,-4.3282548824385545,1.2025187879923824,-2.3917440920735116,2.665625547987724,-4.3282548824385545,1.2025187879923824,1.4571274217930799,19.047160093822157,0.09247055884616479,0.4692718888022016
calibrate_then_close,73,2,0,0,certified_reset,0,1,0.09201225096322693,0.0880183764448404,0.003993874518386541,0.07588361584934428,0.0,0.0,0,0,-2.3917440920735116,2.665625547987724,-0.4991253208983503,1.1192703869484721,-2.3917440920735116,2.665625547987724,-1.5451051092594474,7.0591242681103115,0.09247055884616479,0.4692718888022016
calibrate_then_close,73,3,0,0,certified_reset,0,1,0.0880183764448404,0.08402450192645386,0.003993874518386541,0.07188974133095774,0.0,0.0,0,0,-0.4991253208983503,1.1192703869484721,0.047815347278724135,-0.04255749295054426,-0.4991253208983503,1.1192703869484721,-1.1517788769061923,0.5077888663320242,0.09247055884616479,0.4692718888022016
calibrate_then_close,73,4,0,0,certified_reset,0,1,0.08402450192645386,0.08003062740806732,0.003993874518386541,0.0678958668125712,0.0,0.0,0,0,0.047815347278724135,-0.04255749295054426,0.01304217097486286,-0.01957092649754026,0.047815347278724135,-0.04255749295054426,0.015082855540723264,0.002617999985788962,0.09247055884616479,0.4692718888022016
calibrate_then_close,73,5,0,0,certified_reset,0,1,0.08003062740806732,0.07603675288968079,0.003993874518386541,0.06390199229418467,0.0,0.0,0,0,0.01304217097486286,-0.01957092649754026,0.0004420712374862446,-0.0023378860723865446,0.01304217097486286,-0.01957092649754026,0.015839652873079205,0.00024531439833102865,0.09247055884616479,0.4692718888022016
calibrate_then_close,73,6,0,0,certified_reset,0,1,0.07603675288968079,0.07204287837129425,0.003993874518386541,0.05990811777579813,0.0,0.0,0,0,0.0004420712374862446,-0.0023378860723865446,0.0013327935486715002,-0.0020232615872999562,0.0004420712374862446,-0.0023378860723865446,0.0030057663609108698,1.4051207961648211e-06,0.09247055884616479,0.4692718888022016
calibrate_then_close,73,7,0,0,certified_reset,0,1,0.07204287837129425,0.06804900385290771,0.003993874518386541,0.05591424325741159,0.0,0.0,0,0,0.0013327935486715002,-0.0020232615872999562,-0.002803392765132182,-0.016250690524588773,0.0013327935486715002,-0.0020232615872999562,0.0016544876345680707,2.581617617819674e-06,0.09247055884616479,0.4692718888022016
calibrate_then_close,73,8,0,0,certified_reset,0,1,0.06804900385290771,0.06405512933452118,0.003993874518386541,0.051920368739025044,0.0,0.0,0,0,-0.002803392765132182,-0.016250690524588773,-0.01184646920697933,0.00587282586620265,-0.002803392765132182,-0.016250690524588773,0.02673024103727454,7.325694529803804e-05,0.09247055884616479,0.4692718888022016
calibrate_then_close,73,9,0,0,certified_reset,0,1,0.06405512933452118,0.060061254816134634,0.003993874518386541,0.0479264942206385,0.0,0.0,0,0,-0.01184646920697933,0.00587282586620265,-0.00047999815288985587,0.008408747710686447,-0.01184646920697933,0.00587282586620265,0.0031484766659006596,0.00014679487036265551,0.09247055884616479,0.4692718888022016
calibrate_then_close,73,10,1,1,certified_reset,0,1,0.060061254816134634,0.05606738029774809,0.003993874518386541,0.04393261970225196,0.0,0.0,0,0,-0.00047999815288985587,0.008408747710686447,0.020468108774399845,0.013397938617810898,-0.00047999815288985587,0.008408747710686447,-0.01190621938151175,1.6501616576950243e-05,0.09744082949644373,0.49914169846942547
calibrate_then_close,73,11,0,0,certified_reset,0,1,0.05606738029774809,0.05207350577936155,0.003993874518386541,0.039938745183865414,0.0,0.0,0,0,0.020468108774399845,0.013397938617810898,0.014151916443967604,-0.020378301261169213,0.020468108774399845,0.013397938617810898,-0.040119690075356006,0.0004914940717514225,0.09247055884616479,0.4692718888022016
calibrate_then_close,73,12,0,0,certified_reset,0,1,0.05207350577936155,0.048079631260975,0.003993874518386541,0.03594487066547887,0.0,0.0,0,0,0.014151916443967604,-0.020378301261169213,0.00223771009478265,0.003026422657352988,0.014151916443967604,-0.020378301261169213,0.015930071440415392,0.00028137044765183387,0.09247055884616479,0.4692718888022016
calibrate_then_close,73,13,0,0,certified_reset,0,1,0.048079631260975,0.04408575674258846,0.003993874518386541,0.03195099614709233,0.0,0.0,0,0,0.00223771009478265,0.003026422657352988,-0.009958597955132492,-0.010015248490440202,0.00223771009478265,0.003026422657352988,-0.006681634146234485,7.772114478064457e-06,0.09247055884616479,0.4692718888022016
calibrate_then_close,73,14,0,0,certified_reset,0,1,0.04408575674258846,0.040091882224201916,0.003993874518386541,0.027957121628705783,0.0,0.0,0,0,-0.009958597955132492,-0.010015248490440202,-0.004731481152275699,0.009582612603357996,-0.009958597955132492,-0.010015248490440202,0.02467334733635306,0.0001324479613700247,0.09247055884616479,0.4692718888022016
calibrate_then_close,73,15,0,0,certified_reset,0,1,0.040091882224201916,0.03609800770581537,0.003993874518386541,0.023963247110319243,0.0,0.0,0,0,-0.004731481152275699,0.009582612603357996,-0.0005523611335858884,-0.0012057195825721286,-0.004731481152275699,0.009582612603357996,-0.009404516906994117,4.112680092577502e-05,0.09247055884616479,0.4692718888022016
calibrate_then_close,73,16,0,0,certified_reset,0,1,0.03609800770581537,0.03210413318742883,0.003993874518386541,0.019969372591932703,0.0,0.0,0,0,-0.0005523611335858884,-0.0012057195825721286,0.005642905641403043,0.0029667982373711888,-0.0005523611335858884,-0.0012057195825721286,0.002323729287656329,7.017725150777058e-07,0.09247055884616479,0.4692718888022016
calibrate_then_close,73,17,0,0,certified_reset,0,1,0.03210413318742883,0.02811025866904229,0.003993874518386541,0.015975498073546163,0.0,0.0,0,0,0.005642905641403043,0.0029667982373711888,-0.0005779026546732062,-0.00211441309285756,0.005642905641403043,0.0029667982373711888,-0.009988997704944531,3.5921226477141346e-05,0.09247055884616479,0.4692718888022016
calibrate_then_close,73,18,0,0,certified_reset,0,1,0.02811025866904229,0.02411638415065575,0.003993874518386541,0.011981623555159623,0.0,0.0,0,0,-0.0005779026546732062,-0.00211441309285756,-0.003149419522446466,-0.011572217448942376,-0.0005779026546732062,-0.00211441309285756,0.003688678375496086,1.4788638731291953e-06,0.09247055884616479,0.4692718888022016
calibrate_then_close,73,19,0,0,certified_reset,0,1,0.02411638415065575,0.02012250963226921,0.003993874518386541,0.007987749036773082,0.0,0.0,0,0,-0.003149419522446466,-0.011572217448942376,-0.008989190357080828,0.01925380054216083,-0.003149419522446466,-0.011572217448942376,0.020182692368492332,4.420728911280604e-05,0.09247055884616479,0.4692718888022016
calibrate_then_close,73,20,0,0,certified_reset,0,1,0.02012250963226921,0.01612863511388267,0.003993874518386541,0.003993874518386541,0.0,0.0,0,0,-0.008989190357080828,0.01925380054216083,0.00446261658257063,-0.0034196662670814963,-0.008989190357080828,0.01925380054216083,-0.019412845259059227,0.0001569545976592557,0.09247055884616479,0.4692718888022016
calibrate_then_close,73,21,0,0,certified_reset,0,1,0.01612863511388267,0.01213476059549613,0.003993874518386541,0.0,0.0,0.0,0,0,0.00446261658257063,-0.0034196662670814963,-0.0007914862730254591,0.00042961908750906467,0.00446261658257063,-0.0034196662670814963,0.0005893182338065862,2.202857029063051e-05,0.09247055884616479,0.4692718888022016
calibrate_then_close,74,0,0,0,certified_reset,0,1,0.1,0.09600612548161347,0.003993874518386541,0.08387136488611735,0.0,0.0,0,0,5.2101807143507255,0.17131545101056989,4.609576055929673,-1.3927968911229125,5.2101807143507255,0.17131545101056989,-1.55,27.21132839326813,0.09247055884616479,0.4692718888022016
calibrate_then_close,74,1,0,0,certified_reset,0,1,0.09600612548161347,0.09201225096322693,0.003993874518386541,0.07987749036773081,0.0,0.0,0,0,4.609576055929673,-1.3927968911229125,2.5402218972829185,-2.73339932641412,4.609576055929673,-1.3927968911229125,-1.3476263072036199,21.642772804382737,0.09247055884616479,0.4692718888022016
calibrate_then_close,74,2,0,0,certified_reset,0,1,0.09201225096322693,0.0880183764448404,0.003993874518386541,0.07588361584934428,0.0,0.0,0,0,2.5402218972829185,-2.73339932641412,0.5476810077367622,-1.2360517632083219,2.5402218972829185,-2.73339932641412,1.4970935289383487,7.8536244512707665,0.09247055884616479,0.4692718888022016
calibrate_then_close,74,3,0,0,certified_reset,0,1,0.0880183764448404,0.08402450192645386,0.003993874518386541,0.07188974133095774,0.0,0.0,0,0,0.5476810077367622,-1.2360517632083219,-0.05345217138333487,0.04555530710949468,0.5476810077367622,-1.2360517632083219,1.2754588334166832,0.6156326801685438,0.09247055884616479,0.4692718888022016
calibrate_then_close,74,4,0,0,certified_reset,0,1,0.08402450192645386,0.08003062740806732,0.003993874518386541,0.0678958668125712,0.0,0.0,0,0,-0.05345217138333487,0.04555530710949468,-0.024725999663430483,0.0241648506054183,-0.05345217138333487,0.04555530710949468,-0.013884365184302102,0.0032355054965589472,0.09247055884616479,0.4692718888022016
calibrate_then_close,74,5,0,0,certified_reset,0,1,0.08003062740806732,0.07603675288968079,0.003993874518386541,0.06390199229418467,0.0,0.0,0,0,-0.024725999663430483,0.0241648506054183,-0.00679820765776631,0.015578888124930149,-0.024725999663430483,0.0241648506054183,-0.01097138142513475,0.0007194935404761524,0.09247055884616479,0.4692718888022016
calibrate_then_close,74,6,0,0,certified_reset,0,1,0.07603675288968079,0.07204287837129425,0.003993874518386541,0.05990811777579813,0.0,0.0,0,0,-0.00679820765776631,0.015578888124930149,0.0014336865273365603,0.013132499802735722,-0.00679820765776631,0.015578888124930149,-0.01617947969324531,9.644633237435207e-05,0.09247055884616479,0.4692718888022016
calibrate_then_close,74,7,0,0,certified_reset,0,1,0.07204287837129425,0.06804900385290771,0.003993874518386541,0.05591424325741159,0.0,0.0,0,0,0.0014336865273365603,0.013132499802735722,0.008818928457765558,-0.0020168665326692906,0.0014336865273365603,0.013132499802735722,-0.02077118218514357,4.388476648527068e-05,0.09247055884616479,0.4692718888022016
calibrate_then_close,74,8,0,0,certified_reset,0,1,0.06804900385290771,0.06405512933452118,0.003993874518386541,0.051920368739025044,0.0,0.0,0,0,0.008818928457765558,-0.0020168665326692906,0.007060872159905816,-0.014386089716541386,0.008818928457765558,-0.0020168665326692906,-0.005812810162370836,7.935041330268951e-05,0.09247055884616479,0.4692718888022016
calibrate_then_close,74,9,0,0,certified_reset,0,1,0.06405512933452118,0.060061254816134634,0.003993874518386541,0.0479264942206385,0.0,0.0,0,0,0.007060872159905816,-0.014386089716541386,0.009990176341694006,-0.0010296973842364421,0.007060872159905816,-0.014386089716541386,0.014161741201087003,9.212251242452517e-05,0.09247055884616479,0.4692718888022016
calibrate_then_close,74,10,0,0,certified_reset,0,1,0.060061254816134634,0.05606738029774809,0.003993874518386541,0.04393261970225196,0.0,0.0,0,0,0.009990176341694006,-0.0010296973842364421,0.011233741568649602,-0.004780956330022832,0.009990176341694006,-0.0010296973842364421,-0.00843246508163463,0.00010177213482852592,0.09247055884616479,0.4692718888022016
calibrate_then_close,74,11,0,0,certified_reset,0,1,0.05606738029774809,0.05207350577936155,0.003993874518386541,0.039938745183865414,0.0,0.0,0,0,0.011233741568649602,-0.004780956330022832,0.010273864940877897,-0.011704171979112676,0.011233741568649602,-0.004780956330022832,-0.0041463523742021205,0.00013074111339880768,0.09247055884616479,0.4692718888022016
calibrate_then_close,74,12,0,0,certified_reset,0,1,0.05207350577936155,0.048079631260975,0.003993874518386541,0.03594487066547887,0.0,0.0,0,0,0.010273864940877897,-0.011704171979112676,0.005153476293986142,-0.013399769404331338,0.010273864940877897,-0.011704171979112676,0.007010232068106136,0.00013143866017361393,0.09247055884616479,0.4692718888022016
calibrate_then_close,74,13,0,0,certified_reset,0,1,0.048079631260975,0.04408575674258846,0.003993874518386541,0.03195099614709233,0.0,0.0,0,0,0.005153476293986142,-0.013399769404331338,-0.0003827238515512958,0.010462765130849743,0.005153476293986142,-0.013399769404331338,0.014605655029324474,6.421113449963368e-05,0.09247055884616479,0.4692718888022016
calibrate_then_close,74,14,0,0,certified_reset,0,1,0.04408575674258846,0.040091882224201916,0.003993874518386541,0.027957121628705783,0.0,0.0,0,0,-0.0003827238515512958,0.010462765130849743,-0.0028627409563537418,-0.009222032506652737,-0.0003827238515512958,0.010462765130849743,-0.015030832550237785,2.549912747837699e-05,0.09247055884616479,0.4692718888022016
calibrate_then_close,74,15,0,0,certified_reset,0,1,0.040091882224201916,0.03609800770581537,0.003993874518386541,0.023963247110319243,0.0,0.0,0,0,-0.0028627409563537418,-0.009222032506652737,-0.001891763563856451,0.001026692079075713,-0.0028627409563537418,-0.009222032506652737,0.016434803321963853,3.0256113828652744e-05,0.09247055884616479,0.4692718888022016
calibrate_then_close,74,16,0,0,certified_reset,0,1,0.03609800770581537,0.03210413318742883,0.003993874518386541,0.019969372591932703,0.0,0.0,0,0,-0.001891763563856451,0.001026692079075713,0.00327490199867304,0.009351025741908893,-0.001891763563856451,0.001026692079075713,0.00037130317848023766,3.7719534253362246e-06,0.09247055884616479,0.4692718888022016
calibrate_then_close,74,17,0,0,certified_reset,0,1,0.03210413318742883,0.02811025866904229,0.003993874518386541,0.015975498073546163,0.0,0.0,0,0,0.00327490199867304,0.009351025741908893,-0.0001400852387628826,-0.00431342238101869,0.00327490199867304,0.009351025741908893,-0.01703534926170871,3.3719564049274356e-05,0.09247055884616479,0.4692718888022016
calibrate_then_close,74,18,0,0,certified_reset,0,1,0.02811025866904229,0.02411638415065575,0.003993874518386541,0.011981623555159623,0.0,0.0,0,0,-0.0001400852387628826,-0.00431342238101869,-0.00534582033792793,0.0009424665969633502,-0.0001400852387628826,-0.00431342238101869,0.006495221584125952,4.423331734464774e-06,0.09247055884616479,0.4692718888022016
calibrate_then_close,74,19,0,0,certified_reset,0,1,0.02411638415065575,0.02012250963226921,0.003993874518386541,0.007987749036773082,0.0,0.0,0,0,-0.00534582033792793,0.0009424665969633502,-0.00213228374824635,0.007334569046773952,-0.00534582033792793,0.0009424665969633502,0.003933913433082324,2.9124570749429026e-05,0.09247055884616479,0.4692718888022016
calibrate_then_close,74,20,0,0,certified_reset,0,1,0.02012250963226921,0.01612863511388267,0.003993874518386541,0.003993874518386541,0.0,0.0,0,0,-0.00213228374824635,0.007334569046773952,-0.005637179474817239,-0.00945272462336063,-0.00213228374824635,0.007334569046773952,-0.008679382016388217,1.6113188346036602e-05,0.09247055884616479,0.4692718888022016
calibrate_then_close,74,21,1,1,certified_reset,0,1,0.01612863511388267,0.01213476059549613,0.003993874518386541,0.0,0.0,0.0,0,0,-0.005637179474817239,-0.00945272462336063,-0.019734813257886574,-0.013728371042633667,-0.005637179474817239,-0.00945272462336063,0.019539447841940262,5.7406263485414265e-05,0.09744082949644373,0.49914169846942547
calibrate_then_close,75,0,0,0,certified_reset,0,1,0.1,0.09600612548161347,0.003993874518386541,0.08387136488611735,0.0,0.0,0,0,-0.2896043135246096,-0.4818770616824533,-0.2660128620287995,0.5256361273674516,-0.2896043135246096,-0.4818770616824533,0.9982288448553424,0.15057916954321982,0.09247055884616479,0.4692718888022016
calibrate_then_close,75,1,0,0,certified_reset,0,1,0.09600612548161347,0.09201225096322693,0.003993874518386541,0.07987749036773081,0.0,0.0,0,0,-0.2660128620287995,0.5256361273674516,0.00824493580182438,0.0299743321786998,-0.2660128620287995,0.5256361273674516,-0.5094251336353203,0.12698349284513052,0.09247055884616479,0.4692718888022016
calibrate_then_close,75,2,0,0,certified_reset,0,1,0.09201225096322693,0.0880183764448404,0.003993874518386541,0.07588361584934428,0.0,0.0,0,0,0.00824493580182438,0.0299743321786998,0.013246052455110615,-0.020024760449192772,0.00824493580182438,0.0299743321786998,-0.052362884325689064,0.00029824866386946963,0.09247055884616479,0.4692718888022016
calibrate_then_close,75,3,0,0,certified_reset,0,1,0.0880183764448404,0.08402450192645386,0.003993874518386541,0.07188974133095774,0.0,0.0,0,0,0.013246052455110615,-0.020024760449192772,-0.005478997233786799,-0.014584793550098467,0.013246052455110615,-0.020024760449192772,0.01631080983448544,0.00025428735416852053,0.09247055884616479,0.4692718888022016
calibrate_then_close,75,4,0,0,certified_reset,0,1,0.08402450192645386,0.08003062740806732,0.003993874518386541,0.0678958668125712,0.0,0.0,0,0,-0.005478997233786799,-0.014584793550098467,-0.007659590022029187,0.028109063122078656,-0.005478997233786799,-0.014584793550098467,0.026942078199478,8.645521665233199e-05,0.09247055884616479,0.4692718888022016
calibrate_then_close,75,5,0,0,certified_reset,0,1,0.08003062740806732,0.07603675288968079,0.003993874518386541,0.06390199229418467,0.0,0.0,0,0,-0.007659590022029187,0.028109063122078656,0.0005249624526694066,-0.007901542571960731,-0.007659590022029187,0.028109063122078656,-0.03378162613746931,0.0002294207732460432,0.09247055884616479,0.4692718888022016
calibrate_then_close,75,6,0,0,certified_reset,0,1,0.07603675288968079,0.07204287837129425,0.003993874518386541,0.05990811777579813,0.0,0.0,0,0,0.0005249624526694066,-0.007901542571960731,-0.003364104161850655,-0.006782661464425101,0.0005249624526694066,-0.007901542571960731,0.011119641530034136,1.4604933773595582e-05,0.09247055884616479,0.4692718888022016
calibrate_then_close,75,7,0,0,certified_reset,0,1,0.07204287837129425,0.06804900385290771,0.003993874518386541,0.05591424325741159,0.0,0.0,0,0,-0.003364104161850655,-0.006782661464425101,-0.0021599696437585242,0.005884158276594854,-0.003364104161850655,-0.006782661464425101,0.013339019714030278,2.4046242362442615e-05,0.09247055884616479,0.4692718888022016
calibrate_then_close,75,8,0,0,certified_reset,0,1,0.06804900385290771,0.06405512933452118,0.003993874518386541,0.051920368739025044,0.0,0.0,0,0,-0.0021599696437585242,0.005884158276594854,-0.003998760633412182,-0.0032964836063906953,-0.0021599696437585242,0.005884158276594854,-0.006517820124640104,1.1959715693710964e-05,0.09247055884616479,0.4692718888022016
calibrate_then_close,75,9,0,0,certified_reset,0,1,0.06405512933452118,0.060061254816134634,0.003993874518386541,0.0479264942206385,0.0,0.0,0,0,-0.003998760633412182,-0.0032964836063906953,-0.0076000141063637715,0.005739803029846654,-0.003998760633412182,-0.0032964836063906953,0.008837555197053044,1.9898670899947442e-05,0.09247055884616479,0.4692718888022016
calibrate_then_close,75,10,0,0,certified_reset,0,1,0.060061254816134634,0.05606738029774809,0.003993874518386541,0.04393261970225196,0.0,0.0,0,0,-0.0076000141063637715,0.005739803029846654,0.0024942615288264312,0.011998117650892978,-0.0076000141063637715,0.005739803029846654,-0.000886041663020683,6.371000215050215e-05,0.09247055884616479,0.4692718888022016
calibrate_then_close,75,11,0,0,certified_reset,0,1,0.05606738029774809,0.05207350577936155,0.003993874518386541,0.039938745183865414,0.0,0.0,0,0,0.0024942615288264312,0.011998117650892978,0.0006809259322307034,0.0002634970977498201,0.0024942615288264312,0.011998117650892978,-0.020160240883984708,4.229409227633131e-05,0.09247055884616479,0.4692718888022016
calibrate_then_close,75,12,0,0,certified_reset,0,1,0.05207350577936155,0.048079631260975,0.003993874518386541,0.03594487066547887,0.0,0.0,0,0,0.0006809259322307034,0.0002634970977498201,-0.003778789977692933,-0.0036309700296806987,0.0006809259322307034,0.0002634970977498201,-0.001069652610412921,5.04761572552396e-07,0.09247055884616479,0.4692718888022016
calibrate_then_close,75,13,0,0,certified_reset,0,1,0.048079631260975,0.04408575674258846,0.003993874518386541,0.03195099614709233,0.0,0.0,0,0,-0.003778789977692933,-0.0036309700296806987,-0.010543320577322157,0.007197745822430509,-0.003778789977692933,-0.0036309700296806987,0.00910837375757408,1.8726425312363263e-05,0.09247055884616479,0.4692718888022016
calibrate_then_close,75,14,0,0,certified_reset,0,1,0.04408575674258846,0.040091882224201916,0.003993874518386541,0.027957121628705783,0.0,0.0,0,0,-0.010543320577322157,0.007197745822430509,-0.013480659878740723,0.0011778071184798443,-0.010543320577322157,0.007197745822430509,-0.00010405632357014501,0.00012048723757552356,0.09247055884616479,0.4692718888022016
calibrate_then_close,75,15,0,0,certified_reset,0,1,0.040091882224201916,0.03609800770581537,0.003993874518386541,0.023963247110319243,0.0,0.0,0,0,-0.013480659878740723,0.0011778071184798443,0.005202548052354187,0.01563832212642162,-0.013480659878740723,0.0011778071184798443,0.011687157958137085,0.00018539263362425253,0.09247055884616479,0.4692718888022016
calibrate_then_close,75,16,0,0,certified_reset,0,1,0.03609800770581537,0.03210413318742883,0.003993874518386541,0.019969372591932703,0.0,0.0,0,0,0.005202548052354187,0.01563832212642162,0.008284718849315783,-0.008511124341738157,0.005202548052354187,0.01563832212642162,-0.02821926596841227,9.099496193930516e-05,0.09247055884616479,0.4692718888022016
calibrate_then_close,75,17,0,0,certified_reset,0,1,0.03210413318742883,0.02811025866904229,0.003993874518386541,0.015975498073546163,0.0,0.0,0,0,0.008284718849315783,-0.008511124341738157,0.0039134932279971495,-0.009897302992958565,0.008284718849315783,-0.008511124341738157,0.004288992910409308,8.213551567774176e-05,0.09247055884616479,0.4692718888022016
calibrate_then_close,75,18,0,0,certified_reset,0,1,0.02811025866904229,0.02411638415065575,0.003993874518386541,0.011981623555159623,0.0,0.0,0,0,0.0039134932279971495,-0.009897302992958565,0.0013880777100017242,0.005840816389713047,0.0039134932279971495,-0.009897302992958565,0.010680715555148903,3.579956054102632e-05,0.09247055884616479,0.4692718888022016
calibrate_then_close,75,19,0,0,certified_reset,0,1,0.02411638415065575,0.02012250963226921,0.003993874518386541,0.007987749036773082,0.0,0.0,0,0,0.0013880777100017242,0.005840816389713047,-0.00019819994462629302,-0.008832945467476778,0.0013880777100017242,0.005840816389713047,-0.009984182723425166,1.0559581843073469e-05,0.09247055884616479,0.4692718888022016
calibrate_then_close,75,20,0,0,certified_reset,0,1,0.02012250963226921,0.01612863511388267,0.003993874518386541,0.003993874518386541,0.0,0.0,0,0,-0.00019819994462629302,-0.008832945467476778,-0.008393136041038154,0.005566571623895421,-0.00019819994462629302,-0.008832945467476778,0.013208409119548715,1.8444601618439645e-05,0.09247055884616479,0.4692718888022016
calibrate_then_close,75,21,0,0,certified_reset,0,1,0.01612863511388267,0.01213476059549613,0.003993874518386541,0.0,0.0,0.0,0,0,-0.008393136041038154,0.005566571623895421,0.006389893796563529,-0.006933750741618057,-0.008393136041038154,0.005566571623895421,0.00015962013796456896,7.602297910399711e-05,0.09247055884616479,0.4692718888022016
calibrate_then_close,76,0,0,0,certified_reset,0,1,0.1,0.09600612548161347,0.003993874518386541,0.08387136488611735,0.0,0.0,0,0,0.8758610463536574,-0.44423877043056725,0.317055470736376,-0.6606238003882688,0.8758610463536574,-0.44423877043056725,-0.21774808504661963,0.8038405835609195,0.09247055884616479,0.4692718888022016
calibrate_then_close,76,1,0,0,certified_reset,0,1,0.09600612548161347,0.09201225096322693,0.003993874518386541,0.07987749036773081,0.0,0.0,0,0,0.317055470736376,-0.6606238003882688,-0.016622604963612408,-0.01274605221715062,0.317055470736376,-0.6606238003882688,0.6574484081744135,0.1898864167742408,0.09247055884616479,0.4692718888022016
calibrate_then_close,76,2,0,0,certified_reset,0,1,0.09201225096322693,0.0880183764448404,0.003993874518386541,0.07588361584934428,0.0,0.0,0,0,-0.016622604963612408,-0.01274605221715062,-0.005258474874139459,0.024917811687982912,-0.016622604963612408,-0.01274605221715062,0.03532830344406956,0.00033675635386423773,0.09247055884616479,0.4692718888022016
calibrate_then_close,76,3,0,0,certified_reset,0,1,0.0880183764448404,0.08402450192645386,0.003993874518386541,0.07188974133095774,0.0,0.0,0,0,-0.005258474874139459,0.024917811687982912,0.008177586531170105,-0.006366016175955608,-0.005258474874139459,0.024917811687982912,-0.03147378954942285,0.00016417806479418996,0.09247055884616479,0.4692718888022016
calibrate_then_close,76,4,0,0,certified_reset,0,1,0.08402450192645386,0.08003062740806732,0.003993874518386541,0.0678958668125712,0.0,0.0,0,0,0.008177586531170105,-0.006366016175955608,-0.008751636987696293,-0.012864314104039782,0.008177586531170105,-0.006366016175955608,0.0012335889626294166,7.420567416944785e-05,0.09247055884616479,0.4692718888022016
calibrate_then_close,76,5,0,0,certified_reset,0,1,0.08003062740806732,0.07603675288968079,0.003993874518386541,0.06390199229418467,0.0,0.0,0,0,-0.008751636987696293,-0.012864314104039782,-0.006402487304189594,0.01014086395424445,-0.008751636987696293,-0.012864314104039782,0.02766756747156321,0.00012551681113538284,0.09247055884616479,0.4692718888022016
calibrate_then_close,76,6,0,0,certified_reset,0,1,0.07603675288968079,0.07204287837129425,0.003993874518386541,0.05990811777579813,0.0,0.0,0,0,-0.006402487304189594,0.01014086395424445,-0.0004772834298199309,0.008245107004588494,-0.006402487304189594,0.01014086395424445,-0.008565521014640537,6.133672934954414e-05,0.09247055884616479,0.4692718888022016
calibrate_then_close,76,7,0,0,certified_reset,0,1,0.07204287837129425,0.06804900385290771,0.003993874518386541,0.05591424325741159,0.0,0.0,0,0,-0.0004772834298199309,0.008245107004588494,-0.010990219838932669,0.0010207109102832413,-0.0004772834298199309,0.008245107004588494,-0.011669837072383855,1.5869149017860856e-05,0.09247055884616479,0.4692718888022016
calibrate_then_close,76,8,1,1,certified_reset,0,1,0.06804900385290771,0.06405512933452118,0.003993874518386541,0.051920368739025044,0.0,0.0,0,0,-0.010990219838932669,0.0010207109102832413,0.021812853584617743,0.0384429859461433,-0.010990219838932669,0.0010207109102832413,0.009441434566831459,0.00012320098241229004,0.09744082949644373,0.49914169846942547
calibrate_then_close,76,9,0,0,certified_reset,0,1,0.06405512933452118,0.060061254816134634,0.003993874518386541,0.0479264942206385,0.0,0.0,0,0,0.021812853584617743,0.0384429859461433,0.019860865411397383,-0.035523882015570836,0.021812853584617743,0.0384429859461433,-0.0783510591239856,0.0008952881634721951,0.09247055884616479,0.4692718888022016
calibrate_then_close,76,10,0,0,certified_reset,0,1,0.060061254816134634,0.05606738029774809,0.003993874518386541,0.04393261970225196,0.0,0.0,0,0,0.019860865411397383,-0.035523882015570836,0.0018506934595246374,0.0015916354922499536,0.019860865411397383,-0.035523882015570836,0.03255698309321536,0.0006481032184150542,0.09247055884616479,0.4692718888022016
calibrate_then_close,76,11,0,0,certified_reset,0,1,0.05606738029774809,0.05207350577936155,0.003993874518386541,0.039938745183865414,0.0,0.0,0,0,0.0018506934595246374,0.0015916354922499536,0.006242689699574224,-0.008739967683924474,0.0018506934595246374,0.0015916354922499536,-0.00418994654628344,4.319952219879239e-06,0.09247055884616479,0.4692718888022016
calibrate_then_close,76,12,0,0,certified_reset,0,1,0.05207350577936155,0.048079631260975,0.003993874518386541,0.03594487066547887,0.0,0.0,0,0,0.006242689699574224,-0.008739967683924474,0.0040632581711321026,0.0008958682696412071,0.006242689699574224,-0.008739967683924474,0.006656566796367199,5.382858804392052e-05,0.09247055884616479,0.4692718888022016
calibrate_then_close,76,13,0,0,certified_reset,0,1,0.048079631260975,0.04408575674258846,0.003993874518386541,0.03195099614709233,0.0,0.0,0,0,0.0040632581711321026,0.0008958682696412071,-0.0014063340380638645,0.0029245421946013433,0.0040632581711321026,0.0008958682696412071,-0.005363086395204028,1.737359874951135e-05,0.09247055884616479,0.4692718888022016
calibrate_then_close,76,14,0,0,certified_reset,0,1,0.04408575674258846,0.040091882224201916,0.003993874518386541,0.027957121628705783,0.0,0.0,0,0,-0.0014063340380638645,0.0029245421946013433,-0.002569559810326805,-0.000902285938404926,-0.0014063340380638645,0.0029245421946013433,-0.002908828401913678,3.7288379620521625e-06,0.09247055884616479,0.4692718888022016
calibrate_then_close,76,15,0,0,certified_reset,0,1,0.040091882224201916,0.03609800770581537,0.003993874518386541,0.023963247110319243,0.0,0.0,0,0,-0.002569559810326805,-0.000902285938404926,0.002960563065179946,8.746943987794891e-05,-0.002569559810326805,-0.000902285938404926,0.003887175744035544,7.126932585107971e-06,0.09247055884616479,0.4692718888022016
calibrate_then_close,76,16,0,0,certified_reset,0,1,0.03609800770581537,0.03210413318742883,0.003993874518386541,0.019969372591932703,0.0,0.0,0,0,0.002960563065179946,8.746943987794891e-05,0.004477011538228133,-0.003829072071391688,0.002960563065179946,8.746943987794891e-05,-0.0030752555597264005,9.002740744372641e-06,0.09247055884616479,0.4692718888022016
calibrate_then_close,76,17,0,0,certified_reset,0,1,0.03210413318742883,0.02811025866904229,0.003993874518386541,0.015975498073546163,0.0,0.0,0,0,0.004477011538228133,-0.003829072071391688,-0.008074181621711252,-0.003112446062037086,0.004477011538228133,-0.003829072071391688,0.0011802812302212035,2.271758163501228e-05,0.09247055884616479,0.4692718888022016
calibrate_then_close,76,18,0,0,certified_reset,0,1,0.02811025866904229,0.02411638415065575,0.003993874518386541,0.011981623555159623,0.0,0.0,0,0,-0.008074181621711252,-0.003112446062037086,-0.007518414772211223,0.00889958902655017,-0.008074181621711252,-0.003112446062037086,0.01262496966998044,7.092087302761411e-05,0.09247055884616479,0.4692718888022016
calibrate_then_close,76,19,0,0,certified_reset,0,1,0.02411638415065575,0.02012250963226921,0.003993874518386541,0.007987749036773082,0.0,0.0,0,0,-0.007518414772211223,0.00889958902655017,0.009822033255514725,0.005571838740467067,-0.007518414772211223,0.00889958902655017,-0.005621027787803399,7.157294279325399e-05,0.09247055884616479,0.4692718888022016
calibrate_then_close,76,20,0,0,certified_reset,0,1,0.02012250963226921,0.01612863511388267,0.003993874518386541,0.003993874518386541,0.0,0.0,0,0,0.009822033255514725,0.005571838740467067,0.004324430794999539,-0.014990491144429827,0.009822033255514725,0.005571838740467067,-0.017988018025987672,0.00011014972673597716,0.09247055884616479,0.4692718888022016
calibrate_then_close,76,21,0,0,certified_reset,0,1,0.01612863511388267,0.01213476059549613,0.003993874518386541,0.0,0.0,0.0,0,0,0.004324430794999539,-0.014990491144429827,0.001070985412974899,0.00197434774051057,0.004324430794999539,-0.014990491144429827,0.017777341697413834,6.705021710162679e-05,0.09247055884616479,0.4692718888022016
calibrate_then_close,77,0,0,0,certified_reset,0,1,0.1,0.09600612548161347,0.003993874518386541,0.08387136488611735,0.0,0.0,0,0,2.1070563500156823,-0.3921056764933765,1.0389817092127158,-1.7460869347071628,2.1070563500156823,-0.3921056764933765,-1.3454603470676574,4.512617485856595,0.09247055884616479,0.4692718888022016
calibrate_then_close,77,1,0,0,certified_reset,0,1,0.09600612548161347,0.09201225096322693,0.003993874518386541,0.07987749036773081,0.0,0.0,0,0,1.0389817092127158,-1.7460869347071628,0.06310863759029818,-0.2131625734319642,1.0389817092127158,-1.7460869347071628,1.5375691503386886,1.6873734894203172,0.09247055884616479,0.4692718888022016
calibrate_then_close,77,2,0,0,certified_reset,0,1,0.09201225096322693,0.0880183764448404,0.003993874518386541,0.07588361584934428,0.0,0.0,0,0,0.06310863759029818,-0.2131625734319642,-0.019112730598795757,0.04333312263841912,0.06310863759029818,-0.2131625734319642,0.25116358468928746,0.013738669683537675,0.09247055884616479,0.4692718888022016
calibrate_then_close,77,3,0,0,certified_reset,0,1,0.0880183764448404,0.08402450192645386,0.003993874518386541,0.07188974133095774,0.0,0.0,0,0,-0.019112730598795757,0.04333312263841912,0.00960708972900962,0.01008021815981382,-0.019112730598795757,0.04333312263841912,-0.0448040813508913,0.0007534783267519046,0.09247055884616479,0.4692718888022016
calibrate_then_close,77,4,0,0,certified_reset,0,1,0.08402450192645386,0.08003062740806732,0.003993874518386541,0.0678958668125712,0.0,0.0,0,0,0.00960708972900962,0.01008021815981382,0.0033619556987318734,-0.006948759192120331,0.00960708972900962,0.01008021815981382,-0.024412891642428148,0.00012548584868676485,0.09247055884616479,0.4692718888022016
calibrate_then_close,77,5,0,0,certified_reset,0,1,0.08003062740806732,0.07603675288968079,0.003993874518386541,0.06390199229418467,0.0,0.0,0,0,0.0033619556987318734,-0.006948759192120331,-0.0024300574883143727,-0.005723734200563396,0.0033619556987318734,-0.006948759192120331,0.00689026600407516,2.1180986036222386e-05,0.09247055884616479,0.4692718888022016
calibrate_then_close,77,6,0,0,certified_reset,0,1,0.07603675288968079,0.07204287837129425,0.003993874518386541,0.05990811777579813,0.0,0.0,0,0,-0.0024300574883143727,-0.005723734200563396,-0.005428115653149838,0.0024061434190973396,-0.0024300574883143727,-0.005723734200563396,0.010850706228983322,1.4745629013971032e-05,0.09247055884616479,0.4692718888022016
calibrate_then_close,77,7,0,0,certified_reset,0,1,0.07204287837129425,0.06804900385290771,0.003993874518386541,0.05591424325741159,0.0,0.0,0,0,-0.005428115653149838,0.0024061434190973396,-0.005392244151184753,0.009726526201341557,-0.005428115653149838,0.0024061434190973396,0.001864970293057073,3.0593507106407704e-05,0.09247055884616479,0.4692718888022016
calibrate_then_close,77,8,0,0,certified_reset,0,1,0.06804900385290771,0.06405512933452118,0.003993874518386541,0.051920368739025044,0.0,0.0,0,0,-0.005392244151184753,0.009726526201341557,-0.003140444370712866,0.005199196616933513,-0.005392244151184753,0.009726526201341557,-0.00895553967293249,4.811029540699196e-05,0.09247055884616479,0.4692718888022016
calibrate_then_close,77,9,0,0,certified_reset,0,1,0.06405512933452118,0.060061254816134634,0.003993874518386541,0.0479264942206385,0.0,0.0,0,0,-0.003140444370712866,0.005199196616933513,-0.003767395345481988,0.00402400906080558,-0.003140444370712866,0.005199196616933513,-0.004533559964030944,1.5241916177304654e-05,0.09247055884616479,0.4692718888022016
calibrate_then_close,77,10,0,0,certified_reset,0,1,0.060061254816134634,0.05606738029774809,0.003993874518386541,0.04393261970225196,0.0,0.0,0,0,-0.003767395345481988,0.00402400906080558,-0.006378694986482196,-0.010587249973505315,-0.003767395345481988,0.00402400906080558,-0.002178075937384445,1.7226544864744845e-05,0.09247055884616479,0.4692718888022016
calibrate_then_close,77,11,0,0,certified_reset,0,1,0.05606738029774809,0.05207350577936155,0.003993874518386541,0.039938745183865414,0.0,0.0,0,0,-0.006378694986482196,-0.010587249973505315,-0.001502383979754344,0.025691602721890156,-0.006378694986482196,-0.010587249973505315,0.021947325140272117,7.290605191116151e-05,0.09247055884616479,0.4692718888022016
calibrate_then_close,77,12,0,0,certified_reset,0,1,0.05207350577936155,0.048079631260975,0.003993874518386541,0.03594487066547887,0.0,0.0,0,0,-0.001502383979754344,0.025691602721890156,0.009129799881362052,-0.004772520431717189,-0.001502383979754344,0.025691602721890156,-0.03635315760873328,0.0001541064804012556,0.09247055884616479,0.4692718888022016
calibrate_then_close,77,13,0,0,certified_reset,0,1,0.048079631260975,0.04408575674258846,0.003993874518386541,0.03195099614709233,0.0,0.0,0,0,0.009129799881362052,-0.004772520431717189,0.0020247104960771072,-0.006120154811501955,0.009129799881362052,-0.004772520431717189,-0.0020611884915527497,8.755930955246971e-05,0.09247055884616479,0.4692718888022016
calibrate_then_close,77,14,0,0,certified_reset,0,1,0.04408575674258846,0.040091882224201916,0.003993874518386541,0.027957121628705783,0.0,0.0,0,0,0.0020247104960771072,-0.006120154811501955,0.002001354493091328,-4.793058291898604e-05,0.0020247104960771072,-0.006120154811501955,0.0069991947745103,1.2066303865228208e-05,0.09247055884616479,0.4692718888022016
calibrate_then_close,77,15,0,0,certified_reset,0,1,0.040091882224201916,0.03609800770581537,0.003993874518386541,0.023963247110319243,0.0,0.0,0,0,0.002001354493091328,-4.793058291898604e-05,0.004817299218599667,-0.002390323043251151,0.002001354493091328,-4.793058291898604e-05,-0.0019198060155283002,4.097974706788525e-06,0.09247055884616479,0.4692718888022016
calibrate_then_close,77,16,0,0,certified_reset,0,1,0.03609800770581537,0.03210413318742883,0.003993874518386541,0.019969372591932703,0.0,0.0,0,0,0.004817299218599667,-0.002390323043251151,0.00018030806897494458,0.002038133133491966,0.004817299218599667,-0.002390323043251151,-0.0012740771027398747,2.427540953831165e-05,0.09247055884616479,0.4692718888022016
calibrate_then_close,77,17,0,0,certified_reset,0,1,0.03210413318742883,0.02811025866904229,0.003993874518386541,0.015975498073546163,0.0,0.0,0,0,0.00018030806897494458,0.002038133133491966,0.003052464465368397,-0.017432469266502146,0.00018030806897494458,0.002038133133491966,-0.003183033598514438,1.033521172540068e-06,0.09247055884616479,0.4692718888022016
calibrate_then_close,77,18,0,0,certified_reset,0,1,0.02811025866904229,0.02411638415065575,0.003993874518386541,0.011981623555159623,0.0,0.0,0,0,0.003052464465368397,-0.017432469266502146,-0.0040592174411950305,0.0050220733264903575,0.003052464465368397,-0.017432469266502146,0.022639327692959666,7.683139552302457e-05,0.09247055884616479,0.4692718888022016
calibrate_then_close,77,19,0,0,certified_reset,0,1,0.02411638415065575,0.02012250963226921,0.003993874518386541,0.007987749036773082,0.0,0.0,0,0,-0.0040592174411950305,0.0050220733264903575,-0.0007823360499188698,-0.0025082095784849305,-0.0040592174411950305,0.0050220733264903575,-0.003353968015731255,2.1298293460561903e-05,0.09247055884616479,0.4692718888022016
calibrate_then_close,77,20,0,0,certified_reset,0,1,0.02012250963226921,0.01612863511388267,0.003993874518386541,0.003993874518386541,0.0,0.0,0,0,-0.0007823360499188698,-0.0025082095784849305,-0.004347512577588395,0.012635674989727235,-0.0007823360499188698,-0.0025082095784849305,0.004470640548435016,2.244116119964083e-06,0.09247055884616479,0.4692718888022016
calibrate_then_close,77,21,0,0,certified_reset,0,1,0.01612863511388267,0.01213476059549613,0.003993874518386541,0.0,0.0,0.0,0,0,-0.004347512577588395,0.012635674989727235,0.0035627755311885526,-0.008999016628331217,-0.004347512577588395,0.012635674989727235,-0.014282251713618577,5.273928430285162e-05,0.09247055884616479,0.4692718888022016
calibrate_then_close,78,0,1,1,certified_reset,0,1,0.1,0.09600612548161347,0.003993874518386541,0.08387136488611735,0.0,0.0,0,0,5.306507825608879,0.5071357732010723,5.047570474267371,-1.0661601057471581,5.306507825608879,0.5071357732010723,-1.5499999999971983,28.2653814078909,0.09744082949644373,0.49914169846942547
calibrate_then_close,78,1,1,1,certified_reset,0,1,0.09600612548161347,0.09201225096322693,0.003993874518386541,0.07987749036773081,0.0,0.0,0,0,5.047570474267371,-1.0661601057471581,3.2086699845361575,-2.596488005443606,5.047570474267371,-1.0661601057471581,-1.55,25.74263571949135,0.09744082949644373,0.49914169846942547
calibrate_then_close,78,2,1,1,certified_reset,0,1,0.09201225096322693,0.0880183764448404,0.003993874518386541,0.07588361584934428,0.0,0.0,0,0,3.2086699845361575,-2.596488005443606,1.0791265572222835,-1.6685414531960845,3.2086699845361575,-2.596488005443606,0.9024407744284263,11.52943804668129,0.09744082949644373,0.49914169846942547
calibrate_then_close,78,3,1,1,certified_reset,0,1,0.0880183764448404,0.08402450192645386,0.003993874518386541,0.07188974133095774,0.0,0.0,0,0,1.0791265572222835,-1.6685414531960845,0.1205809213696322,-0.2949749742926864,1.0791265572222835,-1.6685414531960845,1.3833629032436106,1.713481954140249,0.09744082949644373,0.49914169846942547
calibrate_then_close,78,4,1,1,certified_reset,0,1,0.08402450192645386,0.08003062740806732,0.003993874518386541,0.0678958668125712,0.0,0.0,0,0,0.1205809213696322,-0.2949749742926864,-0.018399370567859626,0.013003409788245386,0.1205809213696322,-0.2949749742926864,0.3144571549904811,0.032673683539081885,0.09744082949644373,0.49914169846942547
calibrate_then_close,78,5,0,0,certified_reset,0,1,0.08003062740806732,0.07603675288968079,0.003993874518386541,0.06390199229418467,0.0,0.0,0,0,-0.018399370567859626,0.013003409788245386,-0.0037406618425027465,0.020515617890837508,-0.018399370567859626,0.013003409788245386,-0.0008339350979001355,0.00036899018338889324,0.09247055884616479,0.4692718888022016
calibrate_then_close,78,6,0,0,certified_reset,0,1,0.07603675288968079,0.07204287837129425,0.003993874518386541,0.05990811777579813,0.0,0.0,0,0,-0.0037406618425027465,0.020515617890837508,-0.0012059807169746192,0.00013627270710971865,-0.0037406618425027465,0.020515617890837508,-0.026498583800736275,0.00010730722854578548,0.09247055884616479,0.4692718888022016
calibrate_then_close,78,7,0,0,certified_reset,0,1,0.07204287837129425,0.06804900385290771,0.003993874518386541,0.05591424325741159,0.0,0.0,0,0,-0.0012059807169746192,0.00013627270710971865,0.002329933213772436,0.00661537819262672,-0.0012059807169746192,0.00013627270710971865,0.0010001127109581249,1.4827377707066586e-06,0.09247055884616479,0.4692718888022016
calibrate_then_close,78,8,0,0,certified_reset,0,1,0.06804900385290771,0.06405512933452118,0.003993874518386541,0.051920368739025044,0.0,0.0,0,0,0.002329933213772436,0.00661537819262672,0.0021821404190437337,-0.013462540139376433,0.002329933213772436,0.00661537819262672,-0.012063057238036917,1.6943903682510435e-05,0.09247055884616479,0.4692718888022016
calibrate_then_close,78,9,0,0,certified_reset,0,1,0.06405512933452118,0.060061254816134634,0.003993874518386541,0.0479264942206385,0.0,0.0,0,0,0.0021821404190437337,-0.013462540139376433,0.0017503152681542277,0.022919619155293152,0.0021821404190437337,-0.013462540139376433,0.017658320978829693,4.518034196398667e-05,0.09247055884616479,0.4692718888022016
calibrate_then_close,78,10,0,0,certified_reset,0,1,0.060061254816134634,0.05606738029774809,0.003993874518386541,0.04393261970225196,0.0,0.0,0,0,0.0017503152681542277,0.022919619155293152,0.004918634585128252,-0.02427504113307842,0.0017503152681542277,0.022919619155293152,-0.03550820843833355,0.0001291400348006999,0.09247055884616479,0.4692718888022016
calibrate_then_close,78,11,0,0,certified_reset,0,1,0.05606738029774809,0.05207350577936155,0.003993874518386541,0.039938745183865414,0.0,0.0,0,0,0.004918634585128252,-0.02427504113307842,-0.014995966743660017,0.0083622344561422,0.004918634585128252,-0.02427504113307842,0.030864054912822934,0.00015407768528584038,0.09247055884616479,0.4692718888022016
calibrate_then_close,78,12,0,0,certified_reset,0,1,0.05207350577936155,0.048079631260975,0.003993874518386541,0.03594487066547887,0.0,0.0,0,0,-0.014995966743660017,0.0083622344561422,-0.009105330500585948,0.016910200545201003,-0.014995966743660017,0.0083622344561422,0.0026182480466030622,0.00023763725286570425,0.09247055884616479,0.4692718888022016
calibrate_then_close,78,13,0,0,certified_reset,0,1,0.048079631260975,0.04408575674258846,0.003993874518386541,0.03195099614709233,0.0,0.0,0,0,-0.009105330500585948,0.016910200545201003,0.002977766889056964,0.012632561574726869,-0.009105330500585948,0.016910200545201003,-0.01584355258483026,0.0001406543763338127,0.09247055884616479,0.4692718888022016
calibrate_then_close,78,14,0,0,certified_reset,0,1,0.04408575674258846,0.040091882224201916,0.003993874518386541,0.027957121628705783,0.0,0.0,0,0,0.002977766889056964,0.012632561574726869,0.0040536454592192735,-0.02169115170895975,0.002977766889056964,0.012632561574726869,-0.02157286624811063,4.92264997486036e-05,0.09247055884616479,0.4692718888022016
calibrate_then_close,78,15,1,1,certified_reset,0,1,0.040091882224201916,0.03609800770581537,0.003993874518386541,0.023963247110319243,0.0,0.0,0,0,0.0040536454592192735,-0.02169115170895975,-0.001855445729684138,-0.0005167759125147657,0.0040536454592192735,-0.02169115170895975,0.02791671494833572,0.00012060670708971416,0.09744082949644373,0.49914169846942547
calibrate_then_close,78,16,1,1,certified_reset,0,1,0.03609800770581537,0.03210413318742883,0.003993874518386541,0.019969372591932703,0.0,0.0,0,0,-0.001855445729684138,-0.0005167759125147657,-0.01775010812857421,-0.0013931437851444559,-0.001855445729684138,-0.0005167759125147657,0.002608870935770391,3.6609043666667745e-06,0.09744082949644373,0.49914169846942547
calibrate_then_close,78,17,1,1,certified_reset,0,1,0.03210413318742883,0.02811025866904229,0.003993874518386541,0.015975498073546163,0.0,0.0,0,0,-0.01775010812857421,-0.0013931437851444559,0.002787917663041343,0.02491662393744386,-0.01775010812857421,-0.0013931437851444559,0.01972690811629678,0.00032514446410089224,0.09744082949644373,0.49914169846942547
calibrate_then_close,78,18,1,1,certified_reset,0,1,0.02811025866904229,0.02411638415065575,0.003993874518386541,0.011981623555159623,0.0,0.0,0,0,0.002787917663041343,0.02491662393744386,0.01372961963095327,-0.0027550990234324266,0.002787917663041343,0.02491662393744386,-0.03948089885898172,0.0001584918859829266,0.09744082949644373,0.49914169846942547
calibrate_then_close,78,19,1,1,certified_reset,0,1,0.02411638415065575,0.02012250963226921,0.003993874518386541,0.007987749036773082,0.0,0.0,0,0,0.01372961963095327,-0.0027550990234324266,0.024330480397288728,0.02029726313528582,0.01372961963095327,-0.0027550990234324266,-0.009616230887151203,0.00019218055533573773,0.09744082949644373,0.49914169846942547
calibrate_then_close,78,20,1,1,certified_reset,0,1,0.02012250963226921,0.01612863511388267,0.003993874518386541,0.003993874518386541,0.0,0.0,0,0,0.024330480397288728,0.02029726313528582,0.012418052610821741,-0.03758509389540435,0.024330480397288728,0.02029726313528582,-0.05413124107195066,0.0007393832582035379,0.09744082949644373,0.49914169846942547
calibrate_then_close,78,21,1,1,certified_reset,0,1,0.01612863511388267,0.01213476059549613,0.003993874518386541,0.0,0.0,0.0,0,0,0.012418052610821741,-0.03758509389540435,0.019320852134409584,0.0036649154746322705,0.012418052610821741,-0.03758509389540435,0.04300637200933954,0.00045472180244302424,0.09744082949644373,0.49914169846942547
calibrate_then_close,79,0,0,0,certified_reset,0,1,0.1,0.09600612548161347,0.003993874518386541,0.08387136488611735,0.0,0.0,0,0,0.09000567761152833,-0.4530575891359756,-0.07317775325016343,0.12436711935112013,0.09000567761152833,-0.4530575891359756,0.5777736556837147,0.05339359416562991,0.09247055884616479,0.4692718888022016
calibrate_then_close,79,1,0,0,certified_reset,0,1,0.09600612548161347,0.09201225096322693,0.003993874518386541,0.07987749036773081,0.0,0.0,0,0,-0.07317775325016343,0.12436711935112013,0.0006971290376480178,0.013556733163743808,-0.07317775325016343,0.12436711935112013,-0.11033713282647736,0.008443433110376233,0.09247055884616479,0.4692718888022016
calibrate_then_close,79,2,0,0,certified_reset,0,1,0.09201225096322693,0.0880183764448404,0.003993874518386541,0.07588361584934428,0.0,0.0,0,0,0.0006971290376480178,0.013556733163743808,0.00260147662403812,-0.012304675013307027,0.0006971290376480178,0.013556733163743808,-0.02066764701380564,4.4246082255445e-05,0.09247055884616479,0.4692718888022016
calibrate_then_close,79,3,0,0,certified_reset,0,1,0.0880183764448404,0.08402450192645386,0.003993874518386541,0.07188974133095774,0.0,0.0,0,0,0.00260147662403812,-0.012304675013307027,0.00011953798699236746,0.007076428325834416,0.00260147662403812,-0.012304675013307027,0.015539056100250056,4.005714213054315e-05,0.09247055884616479,0.4692718888022016
calibrate_then_close,79,4,0,0,certified_reset,0,1,0.08402450192645386,0.08003062740806732,0.003993874518386541,0.0678958668125712,0.0,0.0,0,0,0.00011953798699236746,0.007076428325834416,0.007377347727267848,0.0087767104152574,0.00011953798699236746,0.007076428325834416,-0.010542430774816734,1.1806511309500163e-05,0.09247055884616479,0.4692718888022016
calibrate_then_close,79,5,0,0,certified_reset,0,1,0.08003062740806732,0.07603675288968079,0.003993874518386541,0.06390199229418467,0.0,0.0,0,0,0.007377347727267848,0.0087767104152574,0.0008069397444377124,-0.0015155409405522065,0.007377347727267848,0.0087767104152574,-0.020274910674385187,7.856757578877333e-05,0.09247055884616479,0.4692718888022016
calibrate_then_close,79,6,0,0,certified_reset,0,1,0.07603675288968079,0.07204287837129425,0.003993874518386541,0.05990811777579813,0.0,0.0,0,0,0.0008069397444377124,-0.0015155409405522065,-0.000785546691015976,0.015266348493856444,0.0008069397444377124,-0.0015155409405522065,0.0014312729123930447,1.1158008865451284e-06,0.09247055884616479,0.4692718888022016
calibrate_then_close,79,7,0,0,certified_reset,0,1,0.07204287837129425,0.06804900385290771,0.003993874518386541,0.05591424325741159,0.0,0.0,0,0,-0.000785546691015976,0.015266348493856444,0.0035891541177356066,-0.003827492384347305,-0.000785546691015976,0.015266348493856444,-0.021703472934167925,5.434415337932727e-05,0.09247055884616479,0.4692718888022016
calibrate_then_close,79,8,0,0,certified_reset,0,1,0.06804900385290771,0.06405512933452118,0.003993874518386541,0.051920368739025044,0.0,0.0,0,0,0.0035891541177356066,-0.003827492384347305,-0.013568993482409968,-0.011365162145156569,0.0035891541177356066,-0.003827492384347305,0.0020631068922038476,1.5625383163477526e-05,0.09247055884616479,0.4692718888022016
calibrate_then_close,79,9,0,0,certified_reset,0,1,0.06405512933452118,0.060061254816134634,0.003993874518386541,0.0479264942206385,0.0,0.0,0,0,-0.013568993482409968,-0.011365162145156569,-0.020806993049892007,0.007079393161826594,-0.013568993482409968,-0.011365162145156569,0.030255664939539142,0.0002302527595544516,0.09247055884616479,0.4692718888022016
calibrate_then_close,79,10,0,0,certified_reset,0,1,0.060061254816134634,0.05606738029774809,0.003993874518386541,0.04393261970225196,0.0,0.0,0,0,-0.020806993049892007,0.007079393161826594,-0.008733236458839307,0.009984650374130485,-0.020806993049892007,0.007079393161826594,0.010293287317969121,0.00044460095923066,0.09247055884616479,0.4692718888022016
calibrate_then_close,79,11,0,0,certified_reset,0,1,0.05606738029774809,0.05207350577936155,0.003993874518386541,0.039938745183865414,0.0,0.0,0,0,-0.008733236458839307,0.009984650374130485,-0.008202296894241567,-0.005951976959085911,-0.008733236458839307,0.009984650374130485,-0.006012630406607902,9.511799591301409e-05,0.09247055884616479,0.4692718888022016
calibrate_then_close,79,12,0,0,certified_reset,0,1,0.05207350577936155,0.048079631260975,0.003993874518386541,0.03594487066547887,0.0,0.0,0,0,-0.008202296894241567,-0.005951976959085911,-0.0124332156720126,0.01088310145036721,-0.008202296894241567,-0.005951976959085911,0.016934651950430455,8.082392060820844e-05,0.09247055884616479,0.4692718888022016
calibrate_then_close,79,13,0,0,certified_reset,0,1,0.048079631260975,0.04408575674258846,0.003993874518386541,0.03195099614709233,0.0,0.0,0,0,-0.0124332156720126,0.01088310145036721,-0.004511070996661993,0.009926665208992063,-0.0124332156720126,0.01088310145036721,-0.0036485370025606174,0.00017623718899547334,0.09247055884616479,0.4692718888022016
calibrate_then_close,79,14,0,0,certified_reset,0,1,0.04408575674258846,0.040091882224201916,0.003993874518386541,0.027957121628705783,0.0,0.0,0,0,-0.004511070996661993,0.009926665208992063,-0.008492354442987026,-0.004654847987439379,-0.004511070996661993,0.009926665208992063,-0.010129676463999511,4.065198295941209e-05,0.09247055884616479,0.4692718888022016
calibrate_then_close,79,15,0,0,certified_reset,0,1,0.040091882224201916,0.03609800770581537,0.003993874518386541,0.023963247110319243,0.0,0.0,0,0,-0.008492354442987026,-0.004654847987439379,0.008560034489207079,0.019366675737504852,-0.008492354442987026,-0.004654847987439379,0.015313566748756285,8.188288691104717e-05,0.09247055884616479,0.4692718888022016
calibrate_then_close,79,16,0,0,certified_reset,0,1,0.03609800770581537,0.03210413318742883,0.003993874518386541,0.019969372591932703,0.0,0.0,0,0,0.008560034489207079,0.019366675737504852,0.013450842833829519,-0.0042246321473751475,0.008560034489207079,0.019366675737504852,-0.0370565254765821,0.00017511610570822777,0.09247055884616479,0.4692718888022016
calibrate_then_close,79,17,0,0,certified_reset,0,1,0.03210413318742883,0.02811025866904229,0.003993874518386541,0.015975498073546163,0.0,0.0,0,0,0.013450842833829519,-0.0042246321473751475,0.0054616393507768,-0.023968979050160443,0.013450842833829519,-0.0042246321473751475,-0.007171682669929193,0.00018542355176885138,0.09247055884616479,0.4692718888022016
calibrate_then_close,79,18,0,0,certified_reset,0,1,0.02811025866904229,0.02411638415065575,0.003993874518386541,0.011981623555159623,0.0,0.0,0,0,0.0054616393507768,-0.023968979050160443,-0.0019982057681081264,0.014179190283669452,0.0054616393507768,-0.023968979050160443,0.029872658194181435,0.00015555104929487894,0.09247055884616479,0.4692718888022016
calibrate_then_close,79,19,0,0,certified_reset,0,1,0.02411638415065575,0.02012250963226921,0.003993874518386541,0.007987749036773082,0.0,0.0,0,0,-0.0019982057681081264,0.014179190283669452,0.00801980315382685,-0.0013143025935631542,-0.0019982057681081264,0.014179190283669452,-0.0188986032923855,4.91106551298658e-05,0.09247055884616479,0.4692718888022016
calibrate_then_close,79,20,0,0,certified_reset,0,1,0.02012250963226921,0.01612863511388267,0.003993874518386541,0.003993874518386541,0.0,0.0,0,0,0.00801980315382685,-0.0013143025935631542,0.004613751862861307,-0.004094246626301004,0.00801980315382685,-0.0013143025935631542,-0.006053917614030032,6.55444210234081e-05,0.09247055884616479,0.4692718888022016
calibrate_then_close,79,21,0,0,certified_reset,0,1,0.01612863511388267,0.01213476059549613,0.003993874518386541,0.0,0.0,0.0,0,0,0.004613751862861307,-0.004094246626301004,0.0022740616190812107,-0.005950813487073471,0.004613751862861307,-0.004094246626301004,0.0014361150594366387,2.4355580892310585e-05,0.09247055884616479,0.4692718888022016
calibrate_then_close,80,0,0,0,certified_reset,0,1,0.1,0.09600612548161347,0.003993874518386541,0.08387136488611735,0.0,0.0,0,0,-1.816097795676427,-0.022108228209519187,-1.0650886032081506,1.5209895630383072,-1.816097795676427,-0.022108228209519187,1.5499999999999996,3.3583616827365987,0.09247055884616479,0.4692718888022016
calibrate_then_close,80,1,0,0,certified_reset,0,1,0.09600612548161347,0.09201225096322693,0.003993874518386541,0.07987749036773081,0.0,0.0,0,0,-1.0650886032081506,1.5209895630383072,-0.13750137882702898,0.35087210291910903,-1.0650886032081506,1.5209895630383072,-1.1799837498348171,1.585636439087608,0.09247055884616479,0.4692718888022016
calibrate_then_close,80,2,0,0,certified_reset,0,1,0.09201225096322693,0.0880183764448404,0.003993874518386541,0.07588361584934428,0.0,0.0,0,0,-0.13750137882702898,0.35087210291910903,0.014663725290108391,-0.03574198549190508,-0.13750137882702898,0.35087210291910903,-0.3799511817457566,0.044675723561322066,0.09247055884616479,0.4692718888022016
calibrate_then_close,80,3,0,0,certified_reset,0,1,0.0880183764448404,0.08402450192645386,0.003993874518386541,0.07188974133095774,0.0,0.0,0,0,0.014663725290108391,-0.03574198549190508,-0.0017946476014523757,-0.0034336080202287704,0.014663725290108391,-0.03574198549190508,0.038054087897975854,0.0004811757943700758,0.09247055884616479,0.4692718888022016
calibrate_then_close,80,4,0,0,certified_reset,0,1,0.08402450192645386,0.08003062740806732,0.003993874518386541,0.0678958668125712,0.0,0.0,0,0,-0.0017946476014523757,-0.0034336080202287704,-0.0044155248668370116,-0.013897204026061342,-0.0017946476014523757,-0.0034336080202287704,0.006848113837189467,6.515316118160692e-06,0.09247055884616479,0.4692718888022016
calibrate_then_close,80,5,0,0,certified_reset,0,1,0.08003062740806732,0.07603675288968079,0.003993874518386541,0.06390199229418467,0.0,0.0,0,0,-0.0044155248668370116,-0.013897204026061342,0.0012214040051309093,0.008700157850021031,-0.0044155248668370116,-0.013897204026061342,0.02486874416687455,6.972203111414804e-05,0.09247055884616479,0.4692718888022016
calibrate_then_close,80,6,0,0,certified_reset,0,1,0.07603675288968079,0.07204287837129425,0.003993874518386541,0.05990811777579813,0.0,0.0,0,0,0.0012214040051309093,0.008700157850021031,0.0028185212655603,-0.002133041130906702,0.0012214040051309093,0.008700157850021031,-0.014036001835013872,2.004175582231351e-05,0.09247055884616479,0.4692718888022016
calibrate_then_close,80,7,0,0,certified_reset,0,1,0.07204287837129425,0.06804900385290771,0.003993874518386541,0.05591424325741159,0.0,0.0,0,0,0.0028185212655603,-0.002133041130906702,-0.0017856806565642674,-0.00424889317722995,0.0028185212655603,-0.002133041130906702,0.0003314457597706011,8.765784135612536e-06,0.09247055884616479,0.4692718888022016
calibrate_then_close,80,8,0,0,certified_reset,0,1,0.06804900385290771,0.06405512933452118,0.003993874518386541,0.051920368739025044,0.0,0.0,0,0,-0.0017856806565642674,-0.00424889317722995,-1.7397310162837413e-05,0.003959190006254347,-0.0017856806565642674,-0.00424889317722995,0.008032618919615079,8.051286356593765e-06,0.09247055884616479,0.4692718888022016
calibrate_then_close,80,9,0,0,certified_reset,0,1,0.06405512933452118,0.060061254816134634,0.003993874518386541,0.0479264942206385,0.0,0.0,0,0,-1.7397310162837413e-05,0.003959190006254347,-0.0023338783619987116,0.0005336186782540606,-1.7397310162837413e-05,0.003959190006254347,-0.005814651250580116,3.6670902865600986e-06,0.09247055884616479,0.4692718888022016
calibrate_then_close,80,10,0,0,certified_reset,0,1,0.060061254816134634,0.05606738029774809,0.003993874518386541,0.04393261970225196,0.0,0.0,0,0,-0.0023338783619987116,0.0005336186782540606,-0.00026847314432697916,-0.01680095640254632,-0.0023338783619987116,0.0005336186782540606,0.0015332924669707452,5.5570176542182094e-06,0.09247055884616479,0.4692718888022016
calibrate_then_close,80,11,0,0,certified_reset,0,1,0.05606738029774809,0.05207350577936155,0.003993874518386541,0.039938745183865414,0.0,0.0,0,0,-0.00026847314432697916,-0.01680095640254632,-0.0014285384461280174,0.00973169291286557,-0.00026847314432697916,-0.01680095640254632,0.025012330570583056,6.652147933077511e-05,0.09247055884616479,0.4692718888022016
calibrate_then_close,80,12,0,0,certified_reset,0,1,0.05207350577936155,0.048079631260975,0.003993874518386541,0.03594487066547887,0.0,0.0,0,0,-0.0014285384461280174,0.00973169291286557,0.007037378610010784,-0.014584984163776779,-0.0014285384461280174,0.00973169291286557,-0.01291344845958681,2.3256703321083206e-05,0.09247055884616479,0.4692718888022016
calibrate_then_close,80,13,0,0,certified_reset,0,1,0.048079631260975,0.04408575674258846,0.003993874518386541,0.03195099614709233,0.0,0.0,0,0,0.007037378610010784,-0.014584984163776779,-0.0070574276343426945,0.0020240213468905002,0.007037378610010784,-0.014584984163776779,0.014475265503678187,9.305294783605819e-05,0.09247055884616479,0.4692718888022016
calibrate_then_close,80,14,0,0,certified_reset,0,1,0.04408575674258846,0.040091882224201916,0.003993874518386541,0.027957121628705783,0.0,0.0,0,0,-0.0070574276343426945,0.0020240213468905002,0.0031255357945307503,0.007469421145260299,-0.0070574276343426945,0.0020240213468905002,0.004048870795396801,5.095451791620966e-05,0.09247055884616479,0.4692718888022016
calibrate_then_close,80,15,0,0,certified_reset,0,1,0.040091882224201916,0.03609800770581537,0.003993874518386541,0.023963247110319243,0.0,0.0,0,0,0.0031255357945307503,0.007469421145260299,0.006832823726572858,-0.006089339989120691,0.0031255357945307503,0.007469421145260299,-0.014115607088198071,2.4792838493749757e-05,0.09247055884616479,0.4692718888022016
calibrate_then_close,80,16,0,0,certified_reset,0,1,0.03609800770581537,0.03210413318742883,0.003993874518386541,0.019969372591932703,0.0,0.0,0,0,0.006832823726572858,-0.006089339989120691,-0.00035406607095848203,0.009374776201927122,0.006832823726572858,-0.006089339989120691,0.0021642237686180124,5.347898776199207e-05,0.09247055884616479,0.4692718888022016
calibrate_then_close,80,17,0,0,certified_reset,0,1,0.03210413318742883,0.02811025866904229,0.003993874518386541,0.015975498073546163,0.0,0.0,0,0,-0.00035406607095848203,0.009374776201927122,-0.004787596766018939,-0.017775271901262223,-0.00035406607095848203,0.009374776201927122,-0.013454842109964038,2.0470739378224955e-05,0.09247055884616479,0.4692718888022016
calibrate_then_close,80,18,0,0,certified_reset,0,1,0.02811025866904229,0.02411638415065575,0.003993874518386541,0.011981623555159623,0.0,0.0,0,0,-0.004787596766018939,-0.017775271901262223,-0.01853072508490954,0.010143823445637494,-0.004787596766018939,-0.017775271901262223,0.030953228314392813,0.00010374649378055265,0.09247055884616479,0.4692718888022016
calibrate_then_close,80,19,0,0,certified_reset,0,1,0.02411638415065575,0.02012250963226921,0.003993874518386541,0.007987749036773082,0.0,0.0,0,0,-0.01853072508490954,0.010143823445637494,-0.008778060651635958,0.024184869156133937,-0.01853072508490954,0.010143823445637494,0.0035143678611909606,0.00036221802944641767,0.09247055884616479,0.4692718888022016
calibrate_then_close,80,20,0,0,certified_reset,0,1,0.02012250963226921,0.01612863511388267,0.003993874518386541,0.003993874518386541,0.0,0.0,0,0,-0.008778060651635958,0.024184869156133937,-0.0009425765412265372,-0.006114448385889318,-0.008778060651635958,0.024184869156133937,-0.026887646759930932,0.00020041140880884745,0.09247055884616479,0.4692718888022016
calibrate_then_close,80,21,0,0,certified_reset,0,1,0.01612863511388267,0.01213476059549613,0.003993874518386541,0.0,0.0,0.0,0,0,-0.0009425765412265372,-0.006114448385889318,0.0022962322717960133,0.0045008941693980425,-0.0009425765412265372,-0.006114448385889318,0.00994780727383645,1.0091988506472222e-05,0.09247055884616479,0.4692718888022016
calibrate_then_close,81,0,0,0,certified_reset,0,1,0.1,0.09600612548161347,0.003993874518386541,0.08387136488611735,0.0,0.0,0,0,-2.6587188042159147,-0.5105986850578043,-2.3868926715463097,1.0560819881644534,-2.6587188042159147,-0.5105986850578043,1.5499999999999081,7.175776162984192,0.09247055884616479,0.4692718888022016
calibrate_then_close,81,1,0,0,certified_reset,0,1,0.09600612548161347,0.09201225096322693,0.003993874518386541,0.07987749036773081,0.0,0.0,0,0,-2.3868926715463097,1.0560819881644534,-1.0005377685191092,1.7124406835429415,-2.3868926715463097,1.0560819881644534,0.6532682573659067,5.908681260714095,0.09247055884616479,0.4692718888022016
calibrate_then_close,81,2,0,0,certified_reset,0,1,0.09201225096322693,0.0880183764448404,0.003993874518386541,0.07588361584934428,0.0,0.0,0,0,-1.0005377685191092,1.7124406835429415,-0.0533804518988337,0.18158243412848563,-1.0005377685191092,1.7124406835429415,-1.5262861772601983,1.5871561206431304,0.09247055884616479,0.4692718888022016
calibrate_then_close,81,3,0,0,certified_reset,0,1,0.0880183764448404,0.08402450192645386,0.003993874518386541,0.07188974133095774,0.0,0.0,0,0,-0.0533804518988337,0.18158243412848563,0.019980338474817307,-0.0224205645429333,-0.0533804518988337,0.18158243412848563,-0.21433304115219037,0.009932931427287009,0.09247055884616479,0.4692718888022016
calibrate_then_close,81,4,0,0,certified_reset,0,1,0.08402450192645386,0.08003062740806732,0.003993874518386541,0.0678958668125712,0.0,0.0,0,0,0.019980338474817307,-0.0224205645429333,0.005111409334807493,-0.009020070768893858,0.019980338474817307,-0.0224205645429333,0.013133992036252927,0.0004940091778347645,0.09247055884616479,0.4692718888022016
calibrate_then_close,81,5,0,0,certified_reset,0,1,0.08003062740806732,0.07603675288968079,0.003993874518386541,0.06390199229418467,0.0,0.0,0,0,0.005111409334807493,-0.009020070768893858,0.004232716873175454,0.007059679219435381,0.005111409334807493,-0.009020070768893858,0.008199271343216016,4.245230845360288e-05,0.09247055884616479,0.4692718888022016
calibrate_then_close,81,6,0,0,certified_reset,0,1,0.07603675288968079,0.07204287837129425,0.003993874518386541,0.05990811777579813,0.0,0.0,0,0,0.004232716873175454,0.007059679219435381,0.007406415366001831,-0.002104799913118541,0.004232716873175454,0.007059679219435381,-0.01461336300431091,3.2225684308497255e-05,0.09247055884616479,0.4692718888022016
calibrate_then_close,81,7,0,0,certified_reset,0,1,0.07204287837129425,0.06804900385290771,0.003993874518386541,0.05591424325741159,0.0,0.0,0,0,0.007406415366001831,-0.002104799913118541,0.0019904361627452296,-0.022787164748206776,0.007406415366001831,-0.002104799913118541,-0.004276168748803019,5.610956193432152e-05,0.09247055884616479,0.4692718888022016
calibrate_then_close,81,8,0,0,certified_reset,0,1,0.06804900385290771,0.06405512933452118,0.003993874518386541,0.051920368739025044,0.0,0.0,0,0,0.0019904361627452296,-0.022787164748206776,-0.00743239880926112,0.016214647370374043,0.0019904361627452296,-0.022787164748206776,0.031586761948719,0.0001223708022852352,0.09247055884616479,0.4692718888022016
calibrate_then_close,81,9,0,0,certified_reset,0,1,0.06405512933452118,0.060061254816134634,0.003993874518386541,0.0479264942206385,0.0,0.0,0,0,-0.00743239880926112,0.016214647370374043,0.0024368399539927317,0.006080397755725578,-0.00743239880926112,0.016214647370374043,-0.016483017297131503,0.00010935746062254853,0.09247055884616479,0.4692718888022016
calibrate_then_close,81,10,0,0,certified_reset,0,1,0.060061254816134634,0.05606738029774809,0.003993874518386541,0.04393261970225196,0.0,0.0,0,0,0.0024368399539927317,0.006080397755725578,0.01075377433658126,-0.004412717194050759,0.0024368399539927317,0.006080397755725578,-0.011379912268909545,1.5830571678787123e-05,0.09247055884616479,0.4692718888022016
calibrate_then_close,81,11,0,0,certified_reset,0,1,0.05606738029774809,0.05207350577936155,0.003993874518386541,0.039938745183865414,0.0,0.0,0,0,0.01075377433658126,-0.004412717194050759,0.010097793828409172,-0.010926418075139579,0.01075377433658126,-0.004412717194050759,-0.004206316745515581,0.00011959096314244466,0.09247055884616479,0.4692718888022016
calibrate_then_close,81,12,0,0,certified_reset,0,1,0.05207350577936155,0.048079631260975,0.003993874518386541,0.03594487066547887,0.0,0.0,0,0,0.010097793828409172,-0.010926418075139579,-0.0018445429029266894,0.004534480566357187,0.010097793828409172,-0.010926418075139579,0.006040695470885002,0.00012436728039685025,0.09247055884616479,0.4692718888022016
calibrate_then_close,81,13,0,0,certified_reset,0,1,0.048079631260975,0.04408575674258846,0.003993874518386541,0.03195099614709233,0.0,0.0,0,0,-0.0018445429029266894,0.004534480566357187,-0.0001908763084549516,-0.0005154695992252479,-0.0018445429029266894,0.004534480566357187,-0.004840752231466851,7.68923309609928e-06,0.09247055884616479,0.4692718888022016
calibrate_then_close,81,14,0,0,certified_reset,0,1,0.04408575674258846,0.040091882224201916,0.003993874518386541,0.027957121628705783,0.0,0.0,0,0,-0.0001908763084549516,-0.0005154695992252479,0.0011461107400949743,-0.0028386088275412827,-0.0001908763084549516,-0.0005154695992252479,0.0009462090727629851,1.0664415875444333e-07,0.09247055884616479,0.4692718888022016
calibrate_then_close,81,15,0,0,certified_reset,0,1,0.040091882224201916,0.03609800770581537,0.003993874518386541,0.023963247110319243,0.0,0.0,0,0,0.0011461107400949743,-0.0028386088275412827,0.0009187312047278864,-0.006144819887444818,0.0011461107400949743,-0.0028386088275412827,0.003040417621000494,2.995059324956461e-06,0.09247055884616479,0.4692718888022016
calibrate_then_close,81,16,0,0,certified_reset,0,1,0.03609800770581537,0.03210413318742883,0.003993874518386541,0.019969372591932703,0.0,0.0,0,0,0.0009187312047278864,-0.006144819887444818,-0.0006400461127279958,-0.003958260511013288,0.0009187312047278864,-0.006144819887444818,0.008134480624542919,9.294897463162081e-06,0.09247055884616479,0.4692718888022016
calibrate_then_close,81,17,0,0,certified_reset,0,1,0.03210413318742883,0.02811025866904229,0.003993874518386541,0.015975498073546163,0.0,0.0,0,0,-0.0006400461127279958,-0.003958260511013288,0.0016025373244206317,-0.002856494592561369,-0.0006400461127279958,-0.003958260511013288,0.006467011518333173,4.2754237050230584e-06,0.09247055884616479,0.4692718888022016
calibrate_then_close,81,18,0,0,certified_reset,0,1,0.02811025866904229,0.02411638415065575,0.003993874518386541,0.011981623555159623,0.0,0.0,0,0,0.0016025373244206317,-0.002856494592561369,-0.01094781965422309,0.0027138155352406665,0.0016025373244206317,-0.002856494592561369,0.002614258560794223,4.207705616048205e-06,0.09247055884616479,0.4692718888022016
calibrate_then_close,81,19,1,1,certified_reset,0,1,0.02411638415065575,0.02012250963226921,0.003993874518386541,0.007987749036773082,0.0,0.0,0,0,-0.01094781965422309,0.0027138155352406665,0.016643578749603226,0.026425846645278295,-0.01094781965422309,0.0027138155352406665,0.006903403200026844,0.00012237184263162336,0.09744082949644373,0.49914169846942547
calibrate_then_close,81,20,0,0,certified_reset,0,1,0.02012250963226921,0.01612863511388267,0.003993874518386541,0.003993874518386541,0.0,0.0,0,0,0.016643578749603226,0.026425846645278295,0.017410728661263343,-0.027187663304198535,0.016643578749603226,0.026425846645278295,-0.055502045930864684,0.0004797192079225973,0.09247055884616479,0.4692718888022016
calibrate_then_close,81,21,0,0,certified_reset,0,1,0.01612863511388267,0.01213476059549613,0.003993874518386541,0.0,0.0,0.0,0,0,0.017410728661263343,-0.027187663304198535,-0.008265740141776076,-0.012694180445224502,0.017410728661263343,-0.027187663304198535,0.022716492153564537,0.0004490848743798543,0.09247055884616479,0.4692718888022016
calibrate_then_close,82,0,2,2,certified_reset,0,1,0.1,0.09600612548161347,0.003993874518386541,0.08387136488611735,0.0,0.0,0,0,0.6533572328254245,-0.17923624420435097,0.22154437504777866,-0.5615078666813463,0.6533572328254245,-0.17923624420435097,-0.38655798921289536,0.43639396428347055,0.10372612354602789,0.5374732092193446
calibrate_then_close,82,1,2,2,certified_reset,0,1,0.09600612548161347,0.09201225096322693,0.003993874518386541,0.07987749036773081,0.0,0.0,0,0,0.22154437504777866,-0.5615078666813463,-0.05176324142402798,0.013889998253602574,0.22154437504777866,-0.5615078666813463,0.6065491631924416,0.11503185248165368,0.10372612354602789,0.5374732092193446
calibrate_then_close,82,2,1,1,certified_reset,0,1,0.09201225096322693,0.0880183764448404,0.003993874518386541,0.07588361584934428,0.0,0.0,0,0,-0.05176324142402798,0.013889998253602574,-0.021848418479759758,7.031204972154925e-05,-0.05176324142402798,0.013889998253602574,0.03108496605347452,0.0027383178098531625,0.09744082949644373,0.49914169846942547
calibrate_then_close,82,3,1,1,certified_reset,0,1,0.0880183764448404,0.08402450192645386,0.003993874518386541,0.07188974133095774,0.0,0.0,0,0,-0.021848418479759758,7.031204972154925e-05,-0.027467292406713164,0.028555227031003085,-0.021848418479759758,7.031204972154925e-05,0.021649737244110345,0.0004890720580163636,0.09744082949644373,0.49914169846942547
calibrate_then_close,82,4,1,1,certified_reset,0,1,0.08402450192645386,0.08003062740806732,0.003993874518386541,0.0678958668125712,0.0,0.0,0,0,-0.027467292406713164,0.028555227031003085,-0.0021941826397490153,0.014527618956593333,-0.027467292406713164,0.028555227031003085,-0.014718137118012281,0.0009066399195040812,0.09744082949644373,0.49914169846942547
calibrate_then_close,82,5,0,0,certified_reset,0,1,0.08003062740806732,0.07603675288968079,0.003993874518386541,0.06390199229418467,0.0,0.0,0,0,-0.0021941826397490153,0.014527618956593333,0.006895969718425825,0.0005813408738230457,-0.0021941826397490153,0.014527618956593333,-0.019213548016927064,5.20327564001796e-05,0.09247055884616479,0.4692718888022016
calibrate_then_close,82,6,0,0,certified_reset,0,1,0.07603675288968079,0.07204287837129425,0.003993874518386541,0.05990811777579813,0.0,0.0,0,0,0.006895969718425825,0.0005813408738230457,0.004752365076157533,0.004453734217564089,0.006895969718425825,0.0005813408738230457,-0.007724479290972451,4.9106920163446436e-05,0.09247055884616479,0.4692718888022016
calibrate_then_close,82,7,0,0,certified_reset,0,1,0.07204287837129425,0.06804900385290771,0.003993874518386541,0.05591424325741159,0.0,0.0,0,0,0.004752365076157533,0.004453734217564089,0.005573810751819213,-0.006426719282830754,0.004752365076157533,0.004453734217564089,-0.011294458033746596,2.934452810050959e-05,0.09247055884616479,0.4692718888022016
calibrate_then_close,82,8,0,0,certified_reset,0,1,0.06804900385290771,0.06405512933452118,0.003993874518386541,0.051920368739025044,0.0,0.0,0,0,0.005573810751819213,-0.006426719282830754,-0.0027310516645029266,-0.004636892693970765,0.005573810751819213,-0.006426719282830754,0.003916836990047623,3.888539633051615e-05,0.09247055884616479,0.4692718888022016
calibrate_then_close,82,9,0,0,certified_reset,0,1,0.06405512933452118,0.060061254816134634,0.003993874518386541,0.0479264942206385,0.0,0.0,0,0,-0.0027310516645029266,-0.004636892693970765,-0.00031968343424298865,0.01722322258978856,-0.0027310516645029266,-0.004636892693970765,0.009549129550516199,1.360842936746965e-05,0.09247055884616479,0.4692718888022016
calibrate_then_close,82,10,0,0,certified_reset,0,1,0.060061254816134634,0.05606738029774809,0.003993874518386541,0.04393261970225196,0.0,0.0,0,0,-0.00031968343424298865,0.01722322258978856,0.007536805111782346,0.010613842503718482,-0.00031968343424298865,0.01722322258978856,-0.025052440922894253,6.91879087509396e-05,0.09247055884616479,0.4692718888022016
calibrate_then_close,82,11,0,0,certified_reset,0,1,0.05606738029774809,0.05207350577936155,0.003993874518386541,0.039938745183865414,0.0,0.0,0,0,0.007536805111782346,0.010613842503718482,0.009868112069544126,-0.02886472781730485,0.007536805111782346,0.010613842503718482,-0.02313750845096881,9.046469621082821e-05,0.09247055884616479,0.4692718888022016
calibrate_then_close,82,12,0,0,certified_reset,0,1,0.05207350577936155,0.048079631260975,0.003993874518386541,0.03594487066547887,0.0,0.0,0,0,0.009868112069544126,-0.02886472781730485,-0.0006147760039377547,0.01608933493145641,0.009868112069544126,-0.02886472781730485,0.03269673805377469,0.000274077604955088,0.09247055884616479,0.4692718888022016
calibrate_then_close,82,13,0,0,certified_reset,0,1,0.048079631260975,0.04408575674258846,0.003993874518386541,0.03195099614709233,0.0,0.0,0,0,-0.0006147760039377547,0.01608933493145641,0.00834659617303828,-0.006678746353023333,-0.0006147760039377547,0.01608933493145641,-0.023085091012168855,6.029699094760566e-05,0.09247055884616479,0.4692718888022016
calibrate_then_close,82,14,0,0,certified_reset,0,1,0.04408575674258846,0.040091882224201916,0.003993874518386541,0.027957121628705783,0.0,0.0,0,0,0.00834659617303828,-0.006678746353023333,0.007055256073524389,-0.023241911834173692,0.00834659617303828,-0.006678746353023333,0.0015240877285425762,7.775275627352865e-05,0.09247055884616479,0.4692718888022016
calibrate_then_close,82,15,0,0,certified_reset,0,1,0.040091882224201916,0.03609800770581537,0.003993874518386541,0.023963247110319243,0.0,0.0,0,0,0.007055256073524389,-0.023241911834173692,0.0011694434172924394,0.00288441366376285,0.007055256073524389,-0.023241911834173692,0.027212490872236414,0.0001655231935771421,0.09247055884616479,0.4692718888022016
calibrate_then_close,82,16,0,0,certified_reset,0,1,0.03609800770581537,0.03210413318742883,0.003993874518386541,0.019969372591932703,0.0,0.0,0,0,0.0011694434172924394,0.00288441366376285,0.009597608834081117,-0.011125828936441916,0.0011694434172924394,0.00288441366376285,-0.005412237920465505,3.597477482008067e-06,0.09247055884616479,0.4692718888022016
calibrate_then_close,82,17,0,0,certified_reset,0,1,0.03210413318742883,0.02811025866904229,0.003993874518386541,0.015975498073546163,0.0,0.0,0,0,0.009597608834081117,-0.011125828936441916,0.0005859616206459728,-0.011526679003429307,0.009597608834081117,-0.011125828936441916,0.006830564248058154,0.00011556164304483744,0.09247055884616479,0.4692718888022016
calibrate_then_close,82,18,0,0,certified_reset,0,1,0.02811025866904229,0.02411638415065575,0.003993874518386541,0.011981623555159623,0.0,0.0,0,0,0.0005859616206459728,-0.011526679003429307,0.008244756323029819,0.013526460409756203,0.0005859616206459728,-0.011526679003429307,0.01639255573374259,3.097682730062413e-05,0.09247055884616479,0.4692718888022016
calibrate_then_close,82,19,0,0,certified_reset,0,1,0.02411638415065575,0.02012250963226921,0.003993874518386541,0.007987749036773082,0.0,0.0,0,0,0.008244756323029819,0.013526460409756203,0.009968400013515446,-0.015707404961759475,0.008244756323029819,0.013526460409756203,-0.0281397009409672,0.00012070579967132329,0.09247055884616479,0.4692718888022016
calibrate_then_close,82,20,0,0,certified_reset,0,1,0.02012250963226921,0.01612863511388267,0.003993874518386541,0.003993874518386541,0.0,0.0,0,0,0.009968400013515446,-0.015707404961759475,0.00536961718094145,0.003672130758238105,0.009968400013515446,-0.015707404961759475,0.013213616522507292,0.0001481440530834388,0.09247055884616479,0.4692718888022016
calibrate_then_close,82,21,0,0,certified_reset,0,1,0.01612863511388267,0.01213476059549613,0.003993874518386541,0.0,0.0,0.0,0,0,0.00536961718094145,0.003672130758238105,0.0006373843015801987,0.0016198969663386992,0.00536961718094145,0.003672130758238105,-0.010755337792703516,3.4151938920748224e-05,0.09247055884616479,0.4692718888022016
calibrate_then_close,83,0,1,1,certified_reset,0,1,0.1,0.09600612548161347,0.003993874518386541,0.08387136488611735,0.0,0.0,0,0,-3.5981986813622044,-0.18326630785754527,-2.9698572574867192,1.3543362510753691,-3.5981986813622044,-0.18326630785754527,1.55,13.013141827683942,0.09744082949644373,0.49914169846942547
calibrate_then_close,83,1,1,1,certified_reset,0,1,0.09600612548161347,0.09201225096322693,0.003993874518386541,0.07987749036773081,0.0,0.0,0,0,-2.9698572574867192,1.3543362510753691,-1.3421975241705264,1.8960946718299059,-2.9698572574867192,1.3543362510753691,0.5649205652294338,9.158191313547857,0.09744082949644373,0.49914169846942547
calibrate_then_close,83,2,0,0,certified_reset,0,1,0.09201225096322693,0.0880183764448404,0.003993874518386541,0.07588361584934428,0.0,0.0,0,0,-1.3421975241705264,1.8960946718299059,-0.16155268903098127,0.4301644123642906,-1.3421975241705264,1.8960946718299059,-1.4566134712679284,2.5016687648239873,0.09247055884616479,0.4692718888022016
calibrate_then_close,83,3,0,0,certified_reset,0,1,0.0880183764448404,0.08402450192645386,0.003993874518386541,0.07188974133095774,0.0,0.0,0,0,-0.16155268903098127,0.4301644123642906,0.03682738543779788,-0.03349458481857133,-0.16155268903098127,0.4301644123642906,-0.47280669495909133,0.0649953815027432,0.09247055884616479,0.4692718888022016
calibrate_then_close,83,4,2,2,certified_reset,0,1,0.08402450192645386,0.08003062740806732,0.003993874518386541,0.0678958668125712,0.0,0.0,0,0,0.03682738543779788,-0.03349458481857133,-0.06541024288935043,-0.03307936075775664,0.03682738543779788,-0.03349458481857133,0.012669120738754595,0.0015622086818817802,0.10372612354602789,0.5374732092193446
calibrate_then_close,83,5,2,2,certified_reset,0,1,0.08003062740806732,0.07603675288968079,0.003993874518386541,0.06390199229418467,0.0,0.0,0,0,-0.06541024288935043,-0.03307936075775664,-0.015538912779564592,0.1048442886262521,-0.06541024288935043,-0.03307936075775664,0.11386274329860846,0.004799581922096465,0.10372612354602789,0.5374732092193446
calibrate_then_close,83,6,2,2,certified_reset,0,1,0.07603675288968079,0.07204287837129425,0.003993874518386541,0.05990811777579813,0.0,0.0,0,0,-0.015538912779564592,0.1048442886262521,0.032234508294214134,-0.06287665372636318,-0.015538912779564592,0.1048442886262521,-0.13897473799169147,0.002702925729725472,0.10372612354602789,0.5374732092193446
calibrate_then_close,83,7,2,2,certified_reset,0,1,0.07204287837129425,0.06804900385290771,0.003993874518386541,0.05591424325741159,0.0,0.0,0,0,0.032234508294214134,-0.06287665372636318,0.04338038601666694,-0.0018457056248105102,0.032234508294214134,-0.06287665372636318,0.060528449987406384,0.0018422811015052051,0.10372612354602789,0.5374732092193446
calibrate_then_close,83,8,2,2,certified_reset,0,1,0.06804900385290771,0.06405512933452118,0.003993874518386541,0.051920368739025044,0.0,0.0,0,0,0.04338038601666694,-0.0018457056248105102,-0.0018253261872793157,-0.11946393864330765,0.04338038601666694,-0.0018457056248105102,-0.04048103605187784,0.0019234389412164906,0.10372612354602789,0.5374732092193446
calibrate_then_close,83,9,2,2,certified_reset,0,1,0.06405512933452118,0.060061254816134634,0.003993874518386541,0.0479264942206385,0.0,0.0,0,0,-0.0018253261872793157,-0.11946393864330765,-0.0868270687264267,0.014926600379985805,-0.0018253261872793157,-0.11946393864330765,0.1777996187729507,0.003362543301096088,0.10372612354602789,0.5374732092193446
calibrate_then_close,83,10,2,2,certified_reset,0,1,0.060061254816134634,0.05606738029774809,0.003993874518386541,0.04393261970225196,0.0,0.0,0,0,-0.0868270687264267,0.014926600379985805,-0.040331410281979355,0.07126097460059745,-0.0868270687264267,0.014926600379985805,0.06446904130619972,0.007682950907599821,0.10372612354602789,0.5374732092193446
calibrate_then_close,83,11,0,0,certified_reset,0,1,0.05606738029774809,0.05207350577936155,0.003993874518386541,0.039938745183865414,0.0,0.0,0,0,-0.040331410281979355,0.07126097460059745,-0.0035819213470703035,-0.004090370317013873,-0.040331410281979355,0.07126097460059745,-0.06481302109481296,0.002645703618104126,0.09247055884616479,0.4692718888022016
calibrate_then_close,83,12,0,0,certified_reset,0,1,0.05207350577936155,0.048079631260975,0.003993874518386541,0.03594487066547887,0.0,0.0,0,0,-0.0035819213470703035,-0.004090370317013873,-0.004698389748496847,0.001823682741864176,-0.0035819213470703035,-0.004090370317013873,0.009589741285771333,1.814084226425409e-05,0.09247055884616479,0.4692718888022016
calibrate_then_close,83,13,0,0,certified_reset,0,1,0.048079631260975,0.04408575674258846,0.003993874518386541,0.03195099614709233,0.0,0.0,0,0,-0.004698389748496847,0.001823682741864176,-0.006442101084022028,0.016173305659044304,-0.004698389748496847,0.001823682741864176,0.001993374318787867,2.277285213188552e-05,0.09247055884616479,0.4692718888022016
calibrate_then_close,83,14,0,0,certified_reset,0,1,0.04408575674258846,0.040091882224201916,0.003993874518386541,0.027957121628705783,0.0,0.0,0,0,-0.006442101084022028,0.016173305659044304,-0.0006975992446945863,-0.011221660814068616,-0.006442101084022028,0.016173305659044304,-0.01740808449416845,9.61603483900179e-05,0.09247055884616479,0.4692718888022016
calibrate_then_close,83,15,0,0,certified_reset,0,1,0.040091882224201916,0.03609800770581537,0.003993874518386541,0.023963247110319243,0.0,0.0,0,0,-0.0006975992446945863,-0.011221660814068616,-0.004338520845833878,0.012723856003884499,-0.0006975992446945863,-0.011221660814068616,0.01722671813795957,3.057226100799665e-05,0.09247055884616479,0.4692718888022016
calibrate_then_close,83,16,0,0,certified_reset,0,1,0.03609800770581537,0.03210413318742883,0.003993874518386541,0.019969372591932703,0.0,0.0,0,0,-0.004338520845833878,0.012723856003884499,0.003988031045655906,0.00019484672144568253,-0.004338520845833878,0.012723856003884499,-0.014424615307747808,5.316587338851369e-05,0.09247055884616479,0.4692718888022016
calibrate_then_close,83,17,0,0,certified_reset,0,1,0.03210413318742883,0.02811025866904229,0.003993874518386541,0.015975498073546163,0.0,0.0,0,0,0.003988031045655906,0.00019484672144568253,0.0013385944485500558,-0.003427608435797179,0.003988031045655906,0.00019484672144568253,-0.0042596296389683305,1.636483648171924e-05,0.09247055884616479,0.4692718888022016
calibrate_then_close,83,18,0,0,certified_reset,0,1,0.02811025866904229,0.02411638415065575,0.003993874518386541,0.011981623555159623,0.0,0.0,0,0,0.0013385944485500558,-0.003427608435797179,-0.004717879731068253,0.016149839226898798,0.0013385944485500558,-0.003427608435797179,0.003714697774058836,4.251539512550608e-06,0.09247055884616479,0.4692718888022016
calibrate_then_close,83,19,0,0,certified_reset,0,1,0.02411638415065575,0.02012250963226921,0.003993874518386541,0.007987749036773082,0.0,0.0,0,0,-0.004717879731068253,0.016149839226898798,0.010474037681386928,-0.011631011327524888,-0.004717879731068253,0.016149839226898798,-0.019091158695628833,7.831731293520901e-05,0.09247055884616479,0.4692718888022016
calibrate_then_close,83,20,0,0,certified_reset,0,1,0.02012250963226921,0.01612863511388267,0.003993874518386541,0.003993874518386541,0.0,0.0,0,0,0.010474037681386928,-0.011631011327524888,-0.0021749467977044195,-0.01659129580379491,0.010474037681386928,-0.011631011327524888,0.006698439866061485,0.00013517766917727652,0.09247055884616479,0.4692718888022016
calibrate_then_close,83,21,0,0,certified_reset,0,1,0.01612863511388267,0.01213476059549613,0.003993874518386541,0.0,0.0,0.0,0,0,-0.0021749467977044195,-0.01659129580379491,-0.00213726466752469,0.006260379056328267,-0.0021749467977044195,-0.01659129580379491,0.026608464906837635,7.197945105112902e-05,0.09247055884616479,0.4692718888022016
calibrate_then_close,84,0,0,0,certified_reset,0,1,0.1,0.09600612548161347,0.003993874518386541,0.08387136488611735,0.0,0.0,0,0,-5.248501850020837,-0.4728932363866959,-4.9480111668566105,1.0704003890330256,-5.248501850020837,-0.4728932363866959,1.5499999999980476,27.647087212015645,0.09247055884616479,0.4692718888022016
calibrate_then_close,84,1,0,0,certified_reset,0,1,0.09600612548161347,0.09201225096322693,0.003993874518386541,0.07987749036773081,0.0,0.0,0,0,-4.9480111668566105,1.0704003890330256,-3.099471530092474,2.6198670242197344,-4.9480111668566105,1.0704003890330256,1.55,24.749113266049285,0.09247055884616479,0.4692718888022016
calibrate_then_close,84,2,0,0,certified_reset,0,1,0.09201225096322693,0.0880183764448404,0.003993874518386541,0.07588361584934428,0.0,0.0,0,0,-3.099471530092474,2.6198670242197344,-0.9529885995008633,1.6690802988291467,-3.099471530092474,2.6198670242197344,-0.9445590034444762,10.864495139055396,0.09247055884616479,0.4692718888022016
calibrate_then_close,84,3,0,0,certified_reset,0,1,0.0880183764448404,0.08402450192645386,0.003993874518386541,0.07188974133095774,0.0,0.0,0,0,-0.9529885995008633,1.6690802988291467,-0.03675627452866009,0.1478414131447597,-0.9529885995008633,1.6690802988291467,-1.5097597110151146,1.4666208583128548,0.09247055884616479,0.4692718888022016
calibrate_then_close,84,4,0,0,certified_reset,0,1,0.08402450192645386,0.08003062740806732,0.003993874518386541,0.0678958668125712,0.0,0.0,0,0,-0.03675627452866009,0.1478414131447597,0.021687697291640867,-0.039662364150998074,-0.03675627452866009,0.1478414131447597,-0.1811791443072395,0.00610594579483893,0.09247055884616479,0.4692718888022016
calibrate_then_close,84,5,0,0,certified_reset,0,1,0.08003062740806732,0.07603675288968079,0.003993874518386541,0.06390199229418467,0.0,0.0,0,0,0.021687697291640867,-0.039662364150998074,-0.002152489281951566,-0.004438245203462912,0.021687697291640867,-0.039662364150998074,0.03683508849177507,0.0007874353708271169,0.09247055884616479,0.4692718888022016
calibrate_then_close,84,6,0,0,certified_reset,0,1,0.07603675288968079,0.07204287837129425,0.003993874518386541,0.05990811777579813,0.0,0.0,0,0,-0.002152489281951566,-0.004438245203462912,-0.003934671679725732,-0.005728036742746271,-0.002152489281951566,-0.004438245203462912,0.008683809959102997,1.0064067681552856e-05,0.09247055884616479,0.4692718888022016
calibrate_then_close,84,7,0,0,certified_reset,0,1,0.07204287837129425,0.06804900385290771,0.003993874518386541,0.05591424325741159,0.0,0.0,0,0,-0.003934671679725732,-0.005728036742746271,-0.00013060361049723693,0.012152233161416049,-0.003934671679725732,-0.005728036742746271,0.012353715834248631,2.5202871486795086e-05,0.09247055884616479,0.4692718888022016
calibrate_then_close,84,8,0,0,certified_reset,0,1,0.06804900385290771,0.06405512933452118,0.003993874518386541,0.051920368739025044,0.0,0.0,0,0,-0.00013060361049723693,0.012152233161416049,0.002564263733455051,-0.0016983191702374069,-0.00013060361049723693,0.012152233161416049,-0.017770002940735028,3.4493201161613784e-05,0.09247055884616479,0.4692718888022016
calibrate_then_close,84,9,0,0,certified_reset,0,1,0.06405512933452118,0.060061254816134634,0.003993874518386541,0.0479264942206385,0.0,0.0,0,0,0.002564263733455051,-0.0016983191702374069,-0.0014316088471501291,-0.008107476597445262,0.002564263733455051,-0.0016983191702374069,-5.3776432573842125e-05,7.094692633049602e-06,0.09247055884616479,0.4692718888022016
calibrate_then_close,84,10,0,0,certified_reset,0,1,0.060061254816134634,0.05606738029774809,0.003993874518386541,0.04393261970225196,0.0,0.0,0,0,-0.0014316088471501291,-0.008107476597445262,-0.0029459648338855896,0.016522467289490153,-0.0014316088471501291,-0.008107476597445262,0.013366296077199556,1.8347562481884596e-05,0.09247055884616479,0.4692718888022016
calibrate_then_close,84,11,0,0,certified_reset,0,1,0.05606738029774809,0.05207350577936155,0.003993874518386541,0.039938745183865414,0.0,0.0,0,0,-0.0029459648338855896,0.016522467289490153,0.004528054930725251,0.008935978305636182,-0.0029459648338855896,0.016522467289490153,-0.02140916100551787,6.92760597363042e-05,0.09247055884616479,0.4692718888022016
calibrate_then_close,84,12,0,0,certified_reset,0,1,0.05207350577936155,0.048079631260975,0.003993874518386541,0.03594487066547887,0.0,0.0,0,0,0.004528054930725251,0.008935978305636182,-0.00695467448066432,-0.007536689812049446,0.004528054930725251,0.008935978305636182,-0.017669402019022472,4.268178313859523e-05,0.09247055884616479,0.4692718888022016
calibrate_then_close,84,13,0,0,certified_reset,0,1,0.048079631260975,0.04408575674258846,0.003993874518386541,0.03195099614709233,0.0,0.0,0,0,-0.00695467448066432,-0.007536689812049446,-0.012030432312872655,0.010328891938111841,-0.00695467448066432,-0.007536689812049446,0.01803048063152003,6.671925772524298e-05,0.09247055884616479,0.4692718888022016
calibrate_then_close,84,14,0,0,certified_reset,0,1,0.04408575674258846,0.040091882224201916,0.003993874518386541,0.027957121628705783,0.0,0.0,0,0,-0.012030432312872655,0.010328891938111841,-0.006687372813066002,0.011231067870873518,-0.012030432312872655,0.010328891938111841,-0.003232963129025254,0.00016419608445990595,0.09247055884616479,0.4692718888022016
calibrate_then_close,84,15,0,0,certified_reset,0,1,0.040091882224201916,0.03609800770581537,0.003993874518386541,0.023963247110319243,0.0,0.0,0,0,-0.006687372813066002,0.011231067870873518,-0.00012223217035468642,0.0037659340607499843,-0.006687372813066002,0.011231067870873518,-0.009883929078007109,6.98678958850413e-05,0.09247055884616479,0.4692718888022016
calibrate_then_close,84,16,0,0,certified_reset,0,1,0.03609800770581537,0.03210413318742883,0.003993874518386541,0.019969372591932703,0.0,0.0,0,0,-0.00012223217035468642,0.0037659340607499843,0.0027093735814357426,-0.004378027041513209,-0.00012223217035468642,0.0037659340607499843,-0.00542790194560478,3.3043003747321572e-06,0.09247055884616479,0.4692718888022016
calibrate_then_close,84,17,0,0,certified_reset,0,1,0.03210413318742883,0.02811025866904229,0.003993874518386541,0.015975498073546163,0.0,0.0,0,0,0.0027093735814357426,-0.004378027041513209,-0.006372079435780453,0.004155121058195205,0.0027093735814357426,-0.004378027041513209,0.0037504697288115144,1.1142437523169995e-05,0.09247055884616479,0.4692718888022016
calibrate_then_close,84,18,1,1,certified_reset,0,1,0.02811025866904229,0.02411638415065575,0.003993874518386541,0.011981623555159623,0.0,0.0,0,0,-0.006372079435780453,0.004155121058195205,-0.01913357347774907,0.004945018288722939,-0.006372079435780453,0.004155121058195205,0.0002256782322617016,4.371237518399535e-05,0.09744082949644373,0.49914169846942547
calibrate_then_close,84,19,1,1,certified_reset,0,1,0.02411638415065575,0.02012250963226921,0.003993874518386541,0.007987749036773082,0.0,0.0,0,0,-0.01913357347774907,0.004945018288722939,0.014381148656867866,0.014949041065591688,-0.01913357347774907,0.004945018288722939,0.011768110190949633,0.00037395742152272575,0.09744082949644373,0.49914169846942547
calibrate_then_close,84,20,0,0,certified_reset,0,1,0.02012250963226921,0.01612863511388267,0.003993874518386541,0.003993874518386541,0.0,0.0,0,0,0.014381148656867866,0.014949041065591688,0.013414418615889285,-0.02654579047570551,0.014381148656867866,0.014949041065591688,-0.036345061863509893,0.00028006681391802584,0.09247055884616479,0.4692718888022016
calibrate_then_close,84,21,0,0,certified_reset,0,1,0.01612863511388267,0.01213476059549613,0.003993874518386541,0.0,0.0,0.0,0,0,0.013414418615889285,-0.02654579047570551,-0.0009586823084406311,-0.0033612372992978356,0.013414418615889285,-0.02654579047570551,0.025746423041553664,0.00032336080284459345,0.09247055884616479,0.4692718888022016
calibrate_then_close,85,0,0,0,certified_reset,0,1,0.1,0.09600612548161347,0.003993874518386541,0.08387136488611735,0.0,0.0,0,0,-2.1582312029050312,0.2972670426863515,-1.1152996868621639,1.7977105901597001,-2.1582312029050312,0.2972670426863515,1.4995300485136054,4.730082869392927,0.09247055884616479,0.4692718888022016
calibrate_then_close,85,1,0,0,certified_reset,0,1,0.09600612548161347,0.09201225096322693,0.003993874518386541,0.07987749036773081,0.0,0.0,0,0,-1.1152996868621639,1.7977105901597001,-0.08525349119863149,0.2550009743463144,-1.1152996868621639,1.7977105901597001,-1.5376207632440462,1.8847177376788415,0.09247055884616479,0.4692718888022016
calibrate_then_close,85,2,0,0,certified_reset,0,1,0.09201225096322693,0.0880183764448404,0.003993874518386541,0.07588361584934428,0.0,0.0,0,0,-0.08525349119863149,0.2550009743463144,0.022002900420797722,-0.041471382343220994,-0.08525349119863149,0.2550009743463144,-0.2907475524877401,0.02108610068865796,0.09247055884616479,0.4692718888022016
calibrate_then_close,85,3,0,0,certified_reset,0,1,0.0880183764448404,0.08402450192645386,0.003993874518386541,0.07188974133095774,0.0,0.0,0,0,0.022002900420797722,-0.041471382343220994,0.0013208174744766545,-0.008397734344439016,0.022002900420797722,-0.041471382343220994,0.03918343967335661,0.0008320887751658019,0.09247055884616479,0.4692718888022016
calibrate_then_close,85,4,0,0,certified_reset,0,1,0.08402450192645386,0.08003062740806732,0.003993874518386541,0.0678958668125712,0.0,0.0,0,0,0.0013208174744766545,-0.008397734344439016,-0.001972367632566511,0.005563360767183702,0.0013208174744766545,-0.008397734344439016,0.011059387637647047,1.74962597554351e-05,0.09247055884616479,0.4692718888022016
calibrate_then_close,85,5,0,0,certified_reset,0,1,0.08003062740806732,0.07603675288968079,0.003993874518386541,0.06390199229418467,0.0,0.0,0,0,-0.001972367632566511,0.005563360767183702,0.002855276233889807,-0.00790776360840173,-0.001972367632566511,0.005563360767183702,-0.006229205623318797,1.0431486090086675e-05,0.09247055884616479,0.4692718888022016
calibrate_then_close,85,6,0,0,certified_reset,0,1,0.07603675288968079,0.07204287837129425,0.003993874518386541,0.05990811777579813,0.0,0.0,0,0,0.002855276233889807,-0.00790776360840173,0.0036416082298383837,-0.006696334596621854,0.002855276233889807,-0.00790776360840173,0.008804034711477305,2.1346268603383688e-05,0.09247055884616479,0.4692718888022016
calibrate_then_close,85,7,0,0,certified_reset,0,1,0.07204287837129425,0.06804900385290771,0.003993874518386541,0.05591424325741159,0.0,0.0,0,0,0.0036416082298383837,-0.006696334596621854,0.0017821920916314825,0.0033024800389807405,0.0036416082298383837,-0.006696334596621854,0.00623983672662685,2.2306061024385336e-05,0.09247055884616479,0.4692718888022016
calibrate_then_close,85,8,0,0,certified_reset,0,1,0.06804900385290771,0.06405512933452118,0.003993874518386541,0.051920368739025044,0.0,0.0,0,0,0.0017821920916314825,0.0033024800389807405,0.004064044761791027,-0.0036300266456922325,0.0017821920916314825,0.0033024800389807405,-0.006636270794776876,6.2403582964299335e-06,0.09247055884616479,0.4692718888022016
calibrate_then_close,85,9,0,0,certified_reset,0,1,0.06405512933452118,0.060061254816134634,0.003993874518386541,0.0479264942206385,0.0,0.0,0,0,0.004064044761791027,-0.0036300266456922325,-0.0002974380872556269,-0.005335574134239258,0.004064044761791027,-0.0036300266456922325,0.0012987487945866185,1.8930505357345496e-05,0.09247055884616479,0.4692718888022016
calibrate_then_close,85,10,0,0,certified_reset,0,1,0.060061254816134634,0.05606738029774809,0.003993874518386541,0.04393261970225196,0.0,0.0,0,0,-0.0002974380872556269,-0.005335574134239258,-0.0004720282398520937,0.0022645621480795416,-0.0002974380872556269,-0.005335574134239258,0.008152307280942638,6.874275507376386e-06,0.09247055884616479,0.4692718888022016
calibrate_then_close,85,11,0,0,certified_reset,0,1,0.05606738029774809,0.05207350577936155,0.003993874518386541,0.039938745183865414,0.0,0.0,0,0,-0.0004720282398520937,0.0022645621480795416,-2.6416773072265626e-05,-0.007057246236303581,-0.0004720282398520937,0.0022645621480795416,-0.0028636592689753886,1.3509077794902152e-06,0.09247055884616479,0.4692718888022016
calibrate_then_close,85,12,0,0,certified_reset,0,1,0.05207350577936155,0.048079631260975,0.003993874518386541,0.03594487066547887,0.0,0.0,0,0,-2.6416773072265626e-05,-0.007057246236303581,-0.0034706971707047733,0.008874788037312389,-2.6416773072265626e-05,-0.007057246236303581,0.0104198823539569,1.1679896951824904e-05,0.09247055884616479,0.4692718888022016
calibrate_then_close,85,13,0,0,certified_reset,0,1,0.048079631260975,0.04408575674258846,0.003993874518386541,0.03195099614709233,0.0,0.0,0,0,-0.0034706971707047733,0.008874788037312389,-0.0006058389072910407,-0.008360008799046732,-0.0034706971707047733,0.008874788037312389,-0.009614904985838698,2.853403408520592e-05,0.09247055884616479,0.4692718888022016
calibrate_then_close,85,14,0,0,certified_reset,0,1,0.04408575674258846,0.040091882224201916,0.003993874518386541,0.027957121628705783,0.0,0.0,0,0,-0.0006058389072910407,-0.008360008799046732,-0.005834795504440729,-0.0018155197361602957,-0.0006058389072910407,-0.008360008799046732,0.012914374577286253,1.711672203127402e-05,0.09247055884616479,0.4692718888022016
calibrate_then_close,85,15,0,0,certified_reset,0,1,0.040091882224201916,0.03609800770581537,0.003993874518386541,0.023963247110319243,0.0,0.0,0,0,-0.005834795504440729,-0.0018155197361602957,-0.0022436733912391104,0.003437142092610355,-0.005834795504440729,-0.0018155197361602957,0.008486339732761281,3.6438587774367574e-05,0.09247055884616479,0.4692718888022016
calibrate_then_close,85,16,0,0,certified_reset,0,1,0.03609800770581537,0.03210413318742883,0.003993874518386541,0.019969372591932703,0.0,0.0,0,0,-0.0022436733912391104,0.003437142092610355,-0.004255505962874436,-0.006259978397554624,-0.0022436733912391104,0.003437142092610355,-0.0028275422504630194,7.360455403671148e-06,0.09247055884616479,0.4692718888022016
calibrate_then_close,85,17,0,0,certified_reset,0,1,0.03210413318742883,0.02811025866904229,0.003993874518386541,0.015975498073546163,0.0,0.0,0,0,-0.004255505962874436,-0.006259978397554624,-0.0037354131362826305,0.0036536388079370986,-0.004255505962874436,-0.006259978397554624,0.013456217133456433,2.9689794805441145e-05,0.09247055884616479,0.4692718888022016
calibrate_then_close,85,18,0,0,certified_reset,0,1,0.02811025866904229,0.02411638415065575,0.003993874518386541,0.011981623555159623,0.0,0.0,0,0,-0.0037354131362826305,0.0036536388079370986,-0.0020956338323810425,0.008119557591262582,-0.0037354131362826305,0.0036536388079370986,-0.0016588319362023521,1.642493816052248e-05,0.09247055884616479,0.4692718888022016
calibrate_then_close,85,19,0,0,certified_reset,0,1,0.02411638415065575,0.02012250963226921,0.003993874518386541,0.007987749036773082,0.0,0.0,0,0,-0.0020956338323810425,0.008119557591262582,-0.001866650898346125,0.009235123384794859,-0.0020956338323810425,0.008119557591262582,-0.009871994966243863,1.8694987060768025e-05,0.09247055884616479,0.4692718888022016
calibrate_then_close,85,20,0,0,certified_reset,0,1,0.02012250963226921,0.01612863511388267,0.003993874518386541,0.003993874518386541,0.0,0.0,0,0,-0.001866650898346125,0.009235123384794859,0.0066863626244569275,-0.014485381777097867,-0.001866650898346125,0.009235123384794859,-0.01174630228277651,2.2285526717084686e-05,0.09247055884616479,0.4692718888022016
calibrate_then_close,85,21,0,0,certified_reset,0,1,0.01612863511388267,0.01213476059549613,0.003993874518386541,0.0,0.0,0.0,0,0,0.0066863626244569275,-0.014485381777097867,-0.00393755237527987,0.0036076210332122148,0.0066863626244569275,-0.014485381777097867,0.014676027539935035,8.786082109564803e-05,0.09247055884616479,0.4692718888022016
calibrate_then_close,86,0,0,0,certified_reset,0,1,0.1,0.09600612548161347,0.003993874518386541,0.08387136488611735,0.0,0.0,0,0,1.2832469121574919,-0.5395303083069434,0.49677019378072335,-1.032496280035404,1.2832469121574919,-0.5395303083069434,-0.4830342402309769,1.704952421137347,0.09247055884616479,0.4692718888022016
calibrate_then_close,86,1,0,0,certified_reset,0,1,0.09600612548161347,0.09201225096322693,0.003993874518386541,0.07987749036773081,0.0,0.0,0,0,0.49677019378072335,-1.032496280035404,-0.029145874234808626,-0.0030477983866818966,0.49677019378072335,-1.032496280035404,1.0262993860526055,0.46500162846588683,0.09247055884616479,0.4692718888022016
calibrate_then_close,86,2,0,0,certified_reset,0,1,0.09201225096322693,0.0880183764448404,0.003993874518386541,0.07588361584934428,0.0,0.0,0,0,-0.029145874234808626,-0.0030477983866818966,-0.01310843687116844,0.02956677988019831,-0.029145874234808626,-0.0030477983866818966,0.033508375520117734,0.000879224299162267,0.09247055884616479,0.4692718888022016
calibrate_then_close,86,3,0,0,certified_reset,0,1,0.0880183764448404,0.08402450192645386,0.003993874518386541,0.07188974133095774,0.0,0.0,0,0,-0.01310843687116844,0.02956677988019831,-0.004824471648060921,0.004199213860695376,-0.01310843687116844,0.02956677988019831,-0.030503455530765194,0.00035244764223548044,0.09247055884616479,0.4692718888022016
calibrate_then_close,86,4,0,0,certified_reset,0,1,0.08402450192645386,0.08003062740806732,0.003993874518386541,0.0678958668125712,0.0,0.0,0,0,-0.004824471648060921,0.004199213860695376,-0.012288509815300845,0.015932003821680415,-0.004824471648060921,0.004199213860695376,-0.0013851638736082487,2.6497505125476505e-05,0.09247055884616479,0.4692718888022016
calibrate_then_close,86,5,0,0,certified_reset,0,1,0.08003062740806732,0.07603675288968079,0.003993874518386541,0.06390199229418467,0.0,0.0,0,0,-0.012288509815300845,0.015932003821680415,0.011061984443505186,-0.007314203487679711,-0.012288509815300845,0.015932003821680415,-0.011231754727112641,0.0001998504555763227,0.09247055884616479,0.4692718888022016
calibrate_then_close,86,6,0,0,certified_reset,0,1,0.07603675288968079,0.07204287837129425,0.003993874518386541,0.05990811777579813,0.0,0.0,0,0,0.011061984443505186,-0.007314203487679711,0.008980693233110435,-0.017093080707229633,0.011061984443505186,-0.007314203487679711,-0.00023749194390637683,0.00013199847296758974,0.09247055884616479,0.4692718888022016
calibrate_then_close,86,7,0,0,certified_reset,0,1,0.07204287837129425,0.06804900385290771,0.003993874518386541,0.05591424325741159,0.0,0.0,0,0,0.008980693233110435,-0.017093080707229633,0.007153345571764339,0.0030920154636456905,0.008980693233110435,-0.017093080707229633,0.01623404042873934,0.00013983266611478,0.09247055884616479,0.4692718888022016
calibrate_then_close,86,8,0,0,certified_reset,0,1,0.06804900385290771,0.06405512933452118,0.003993874518386541,0.051920368739025044,0.0,0.0,0,0,0.007153345571764339,0.0030920154636456905,0.006409707176066721,-0.009096976346208461,0.007153345571764339,0.0030920154636456905,-0.011677695082055805,5.6300467662753574e-05,0.09247055884616479,0.4692718888022016
calibrate_then_close,86,9,0,0,certified_reset,0,1,0.06405512933452118,0.060061254816134634,0.003993874518386541,0.0479264942206385,0.0,0.0,0,0,0.006409707176066721,-0.009096976346208461,0.005201948653889713,-0.00028024236751732364,0.006409707176066721,-0.009096976346208461,0.00701841325581017,5.721169535448024e-05,0.09247055884616479,0.4692718888022016
calibrate_then_close,86,10,0,0,certified_reset,0,1,0.060061254816134634,0.05606738029774809,0.003993874518386541,0.04393261970225196,0.0,0.0,0,0,0.005201948653889713,-0.00028024236751732364,0.0035851353410179176,-0.00373260347433267,0.005201948653889713,-0.00028024236751732364,-0.004765528849860491,2.764216286939562e-05,0.09247055884616479,0.4692718888022016
calibrate_then_close,86,11,0,0,certified_reset,0,1,0.05606738029774809,0.05207350577936155,0.003993874518386541,0.039938745183865414,0.0,0.0,0,0,0.0035851353410179176,-0.00373260347433267,0.0052581396920274494,0.0013170671822659162,0.0035851353410179176,-0.00373260347433267,0.001924543517523353,1.5453611272574746e-05,0.09247055884616479,0.4692718888022016
calibrate_then_close,86,12,0,0,certified_reset,0,1,0.05207350577936155,0.048079631260975,0.003993874518386541,0.03594487066547887,0.0,0.0,0,0,0.0052581396920274494,0.0013170671822659162,0.009336913115681056,-0.012351425990165824,0.0052581396920274494,0.0013170671822659162,-0.007175437643803753,2.9247445528645758e-05,0.09247055884616479,0.4692718888022016
calibrate_then_close,86,13,0,0,certified_reset,0,1,0.048079631260975,0.04408575674258846,0.003993874518386541,0.03195099614709233,0.0,0.0,0,0,0.009336913115681056,-0.012351425990165824,0.005487714476861372,0.007055961520545016,0.009336913115681056,-0.012351425990165824,0.008895423061613505,0.00011661655063420193,0.09247055884616479,0.4692718888022016
calibrate_then_close,86,14,0,0,certified_reset,0,1,0.04408575674258846,0.040091882224201916,0.003993874518386541,0.027957121628705783,0.0,0.0,0,0,0.005487714476861372,0.007055961520545016,-0.004711254859108399,-0.016362849015032925,0.005487714476861372,0.007055961520545016,-0.015857706385014183,4.536326821068102e-05,0.09247055884616479,0.4692718888022016
calibrate_then_close,86,15,0,0,certified_reset,0,1,0.040091882224201916,0.03609800770581537,0.003993874518386541,0.023963247110319243,0.0,0.0,0,0,-0.004711254859108399,-0.016362849015032925,-0.010857820356790143,-0.0021907907218288274,-0.004711254859108399,-0.016362849015032925,0.028799499144587674,9.112491014192766e-05,0.09247055884616479,0.4692718888022016
calibrate_then_close,86,16,0,0,certified_reset,0,1,0.03609800770581537,0.03210413318742883,0.003993874518386541,0.019969372591932703,0.0,0.0,0,0,-0.010857820356790143,-0.0021907907218288274,-0.005012444335350629,0.025063809504344385,-0.010857820356790143,-0.0021907907218288274,0.01404101359794357,0.00012368493598940056,0.09247055884616479,0.4692718888022016
calibrate_then_close,86,17,0,0,certified_reset,0,1,0.03210413318742883,0.02811025866904229,0.003993874518386541,0.015975498073546163,0.0,0.0,0,0,-0.005012444335350629,0.025063809504344385,0.005207498203198485,-0.022500677698717286,-0.005012444335350629,0.025063809504344385,-0.03193172985326697,0.00016369050093715062,0.09247055884616479,0.4692718888022016
calibrate_then_close,86,18,0,0,certified_reset,0,1,0.02811025866904229,0.02411638415065575,0.003993874518386541,0.011981623555159623,0.0,0.0,0,0,0.005207498203198485,-0.022500677698717286,-0.01790866250391133,0.005682493415432655,0.005207498203198485,-0.022500677698717286,0.027955373853910014,0.00013778610016139197,0.09247055884616479,0.4692718888022016
calibrate_then_close,86,19,0,0,certified_reset,0,1,0.02411638415065575,0.02012250963226921,0.003993874518386541,0.007987749036773082,0.0,0.0,0,0,-0.01790866250391133,0.005682493415432655,0.0047079147234868725,0.010496721946571655,-0.01790866250391133,0.005682493415432655,0.009464906411408945,0.00032877213566837634,0.09247055884616479,0.4692718888022016
calibrate_then_close,86,20,0,0,certified_reset,0,1,0.02012250963226921,0.01612863511388267,0.003993874518386541,0.003993874518386541,0.0,0.0,0,0,0.0047079147234868725,0.010496721946571655,0.0008235132964320409,0.003084663153175458,0.0047079147234868725,0.010496721946571655,-0.020151838796833903,5.2149487108219e-05,0.09247055884616479,0.4692718888022016
calibrate_then_close,86,21,1,1,certified_reset,0,1,0.01612863511388267,0.01213476059549613,0.003993874518386541,0.0,0.0,0.0,0,0,0.0008235132964320409,0.003084663153175458,-0.0043123405986709735,0.011156475848912127,0.0008235132964320409,0.003084663153175458,-0.0053661577907328185,3.1107918036169343e-06,0.09744082949644373,0.49914169846942547
calibrate_then_close,87,0,0,0,certified_reset,0,1,0.1,0.09600612548161347,0.003993874518386541,0.08387136488611735,0.0,0.0,0,0,-4.044630891077995,-0.5051177075513722,-3.770761101202895,1.0379774957381684,-4.044630891077995,-0.5051177075513722,1.55,16.46502744678913,0.09247055884616479,0.4692718888022016
calibrate_then_close,87,1,0,0,certified_reset,0,1,0.09600612548161347,0.09201225096322693,0.003993874518386541,0.07987749036773081,0.0,0.0,0,0,-3.770761101202895,1.0379774957381684,-2.0224670131709446,2.4627417256683346,-3.770761101202895,1.0379774957381684,1.4160723707457323,14.462702317023206,0.09247055884616479,0.4692718888022016
calibrate_then_close,87,2,0,0,certified_reset,0,1,0.09201225096322693,0.0880183764448404,0.003993874518386541,0.07588361584934428,0.0,0.0,0,0,-2.0224670131709446,2.4627417256683346,-0.33434315836890405,0.9113256816468444,-2.0224670131709446,2.4627417256683346,-1.55,5.242152744687214,0.09247055884616479,0.4692718888022016
calibrate_then_close,87,3,0,0,certified_reset,0,1,0.0880183764448404,0.08402450192645386,0.003993874518386541,0.07188974133095774,0.0,0.0,0,0,-0.33434315836890405,0.9113256816468444,0.07567262690768672,-0.10391896585749606,-0.33434315836890405,0.9113256816468444,-1.0095407480735956,0.28675727024385433,0.09247055884616479,0.4692718888022016
calibrate_then_close,87,4,0,0,certified_reset,0,1,0.08402450192645386,0.08003062740806732,0.003993874518386541,0.0678958668125712,0.0,0.0,0,0,0.07567262690768672,-0.10391896585749606,-0.004378690228351127,-0.019627204260020167,0.07567262690768672,-0.10391896585749606,0.07773524809942564,0.007821262946717393,0.09247055884616479,0.4692718888022016
calibrate_then_close,87,5,0,0,certified_reset,0,1,0.08003062740806732,0.07603675288968079,0.003993874518386541,0.06390199229418467,0.0,0.0,0,0,-0.004378690228351127,-0.019627204260020167,-0.011456705189094675,0.010743026009724797,-0.004378690228351127,-0.019627204260020167,0.033275072044774714,0.00011619457507710103,0.09247055884616479,0.4692718888022016
calibrate_then_close,87,6,0,0,certified_reset,0,1,0.07603675288968079,0.07204287837129425,0.003993874518386541,0.05990811777579813,0.0,0.0,0,0,-0.011456705189094675,0.010743026009724797,-0.0024086421186252562,0.008253609991563621,-0.011456705189094675,0.010743026009724797,-0.004422010971990151,0.00015251921772795111,0.09247055884616479,0.4692718888022016
calibrate_then_close,87,7,0,0,certified_reset,0,1,0.07204287837129425,0.06804900385290771,0.003993874518386541,0.05591424325741159,0.0,0.0,0,0,-0.0024086421186252562,0.008253609991563621,-0.004765188954010149,0.0024595042869861306,-0.0024086421186252562,0.008253609991563621,-0.009759221213551194,2.0444590843702248e-05,0.09247055884616479,0.4692718888022016
calibrate_then_close,87,8,0,0,certified_reset,0,1,0.06804900385290771,0.06405512933452118,0.003993874518386541,0.051920368739025044,0.0,0.0,0,0,-0.004765188954010149,0.0024595042869861306,0.0019225287746027805,0.0014422647479613044,-0.004765188954010149,0.0024595042869861306,0.0011206220126372937,2.3827269650587084e-05,0.09247055884616479,0.4692718888022016
calibrate_then_close,87,9,0,0,certified_reset,0,1,0.06405512933452118,0.060061254816134634,0.003993874518386541,0.0479264942206385,0.0,0.0,0,0,0.0019225287746027805,0.0014422647479613044,-0.005731364117397474,0.006291605296970519,0.0019225287746027805,0.0014422647479613044,-0.0040368459252741315,4.477942983363867e-06,0.09247055884616479,0.4692718888022016
calibrate_then_close,87,10,0,0,certified_reset,0,1,0.060061254816134634,0.05606738029774809,0.003993874518386541,0.04393261970225196,0.0,0.0,0,0,-0.005731364117397474,0.006291605296970519,0.002679775629325567,0.006158404075791314,-0.005731364117397474,0.006291605296970519,-0.0035618829594797215,4.029088339993327e-05,0.09247055884616479,0.4692718888022016
calibrate_then_close,87,11,0,0,certified_reset,0,1,0.05606738029774809,0.05207350577936155,0.003993874518386541,0.039938745183865414,0.0,0.0,0,0,0.002679775629325567,0.006158404075791314,0.006053861853885196,-0.005956568174928595,0.002679775629325567,0.006158404075791314,-0.011738411265977133,1.7452624236687865e-05,0.09247055884616479,0.4692718888022016
calibrate_then_close,87,12,0,0,certified_reset,0,1,0.05207350577936155,0.048079631260975,0.003993874518386541,0.03594487066547887,0.0,0.0,0,0,0.006053861853885196,-0.005956568174928595,-0.0015733721092538564,-0.010469722161814044,0.006053861853885196,-0.005956568174928595,0.0027447667639733265,4.322411375670461e-05,0.09247055884616479,0.4692718888022016
calibrate_then_close,87,13,0,0,certified_reset,0,1,0.048079631260975,0.04408575674258846,0.003993874518386541,0.03195099614709233,0.0,0.0,0,0,-0.0015733721092538564,-0.010469722161814044,-0.0020989146906934307,0.008784102611139558,-0.0015733721092538564,-0.010469722161814044,0.016987165007106758,2.9420308954849164e-05,0.09247055884616479,0.4692718888022016
calibrate_then_close,87,14,0,0,certified_reset,0,1,0.04408575674258846,0.040091882224201916,0.003993874518386541,0.027957121628705783,0.0,0.0,0,0,-0.0020989146906934307,0.008784102611139558,0.0014198805552137423,-0.005915144210254627,-0.0020989146906934307,0.008784102611139558,-0.010848779336981857,2.1236725769316995e-05,0.09247055884616479,0.4692718888022016
calibrate_then_close,87,15,0,0,certified_reset,0,1,0.040091882224201916,0.03609800770581537,0.003993874518386541,0.023963247110319243,0.0,0.0,0,0,0.0014198805552137423,-0.005915144210254627,-0.003868896092559047,0.003355690928361761,0.0014198805552137423,-0.005915144210254627,0.007297608542045027,9.645445636956888e-06,0.09247055884616479,0.4692718888022016
calibrate_then_close,87,16,0,0,certified_reset,0,1,0.03609800770581537,0.03210413318742883,0.003993874518386541,0.019969372591932703,0.0,0.0,0,0,-0.003868896092559047,0.003355690928361761,-0.0010586754370600579,0.005995904403022409,-0.003868896092559047,0.003355690928361761,-0.0010871948592022847,1.7024825880769655e-05,0.09247055884616479,0.4692718888022016
calibrate_then_close,87,17,0,0,certified_reset,0,1,0.03210413318742883,0.02811025866904229,0.003993874518386541,0.015975498073546163,0.0,0.0,0,0,-0.0010586754370600579,0.005995904403022409,0.004342022974906736,0.0032214081868983677,-0.0010586754370600579,0.005995904403022409,-0.007773724257945838,9.102719931831725e-06,0.09247055884616479,0.4692718888022016
calibrate_then_close,87,18,0,0,certified_reset,0,1,0.02811025866904229,0.02411638415065575,0.003993874518386541,0.011981623555159623,0.0,0.0,0,0,0.004342022974906736,0.0032214081868983677,0.009218660908562753,-0.004380485541113482,0.004342022974906736,0.0032214081868983677,-0.009068563284498553,2.2777079242932673e-05,0.09247055884616479,0.4692718888022016
calibrate_then_close,87,19,0,0,certified_reset,0,1,0.02411638415065575,0.02012250963226921,0.003993874518386541,0.007987749036773082,0.0,0.0,0,0,0.009218660908562753,-0.004380485541113482,0.0016488502065825136,-0.008067639465752912,0.009218660908562753,-0.004380485541113482,-0.0027253007601657623,8.862334819655981e-05,0.09247055884616479,0.4692718888022016
calibrate_then_close,87,20,0,0,certified_reset,0,1,0.02012250963226921,0.01612863511388267,0.003993874518386541,0.003993874518386541,0.0,0.0,0,0,0.0016488502065825136,-0.008067639465752912,-0.0020849113249671106,0.0019039820832386914,0.0016488502065825136,-0.008067639465752912,0.01024245959371643,1.7057031645857348e-05,0.09247055884616479,0.4692718888022016
calibrate_then_close,87,21,0,0,certified_reset,0,1,0.01612863511388267,0.01213476059549613,0.003993874518386541,0.0,0.0,0.0,0,0,-0.0020849113249671106,0.0019039820832386914,-0.007197886434817097,-0.002593838630000138,-0.0020849113249671106,0.0019039820832386914,-0.0007265170727929495,5.0125775085955135e-06,0.09247055884616479,0.4692718888022016
calibrate_then_close,88,0,0,0,certified_reset,0,1,0.1,0.09600612548161347,0.003993874518386541,0.08387136488611735,0.0,0.0,0,0,3.1654729046837424,0.19865561114483254,2.5874228795821383,-1.3441005573806324,3.1654729046837424,0.19865561114483254,-1.5499999999998675,10.087384739617999,0.09247055884616479,0.4692718888022016
calibrate_then_close,88,1,0,0,certified_reset,0,1,0.09600612548161347,0.09201225096322693,0.003993874518386541,0.07987749036773081,0.0,0.0,0,0,2.5874228795821383,-1.3441005573806324,1.0474619865774344,-1.7287184503368391,2.5874228795821383,-1.3441005573806324,-0.40094210206334724,7.023965157518465,0.09247055884616479,0.4692718888022016
calibrate_then_close,88,2,0,0,certified_reset,0,1,0.09201225096322693,0.0880183764448404,0.003993874518386541,0.07588361584934428,0.0,0.0,0,0,1.0474619865774344,-1.7287184503368391,0.07248989285851139,-0.22145128957552676,1.0474619865774344,-1.7287184503368391,1.5035434813837731,1.6916168348313367,0.09247055884616479,0.4692718888022016
calibrate_then_close,88,3,0,0,certified_reset,0,1,0.0880183764448404,0.08402450192645386,0.003993874518386541,0.07188974133095774,0.0,0.0,0,0,0.07248989285851139,-0.22145128957552676,-0.01909629585633733,0.027050513923331094,0.07248989285851139,-0.22145128957552676,0.25403210964973394,0.015695413642805307,0.09247055884616479,0.4692718888022016
calibrate_then_close,88,4,0,0,certified_reset,0,1,0.08402450192645386,0.08003062740806732,0.003993874518386541,0.0678958668125712,0.0,0.0,0,0,-0.01909629585633733,0.027050513923331094,0.0015696420487372404,0.0075200877170403645,-0.01909629585633733,0.027050513923331094,-0.020835428812201816,0.0005072328474104138,0.09247055884616479,0.4692718888022016
calibrate_then_close,88,5,0,0,certified_reset,0,1,0.08003062740806732,0.07603675288968079,0.003993874518386541,0.06390199229418467,0.0,0.0,0,0,0.0015696420487372404,0.0075200877170403645,0.00023236545362786487,0.0006383427019791728,0.0015696420487372404,0.0075200877170403645,-0.012636565969031642,1.66351556173629e-05,0.09247055884616479,0.4692718888022016
calibrate_then_close,88,6,0,0,certified_reset,0,1,0.07603675288968079,0.07204287837129425,0.003993874518386541,0.05990811777579813,0.0,0.0,0,0,0.00023236545362786487,0.0006383427019791728,0.0063935650551830946,-0.007604929130267209,0.00023236545362786487,0.0006383427019791728,-0.001171967854010485,1.6167807324114472e-07,0.09247055884616479,0.4692718888022016
calibrate_then_close,88,7,0,0,certified_reset,0,1,0.07204287837129425,0.06804900385290771,0.003993874518386541,0.05591424325741159,0.0,0.0,0,0,0.0063935650551830946,-0.007604929130267209,0.0002768287382855901,-0.009551233790616469,0.0063935650551830946,-0.007604929130267209,0.004841469005661998,5.1873960141927664e-05,0.09247055884616479,0.4692718888022016
calibrate_then_close,88,8,0,0,certified_reset,0,1,0.06804900385290771,0.06405512933452118,0.003993874518386541,0.051920368739025044,0.0,0.0,0,0,0.0002768287382855901,-0.009551233790616469,0.00354481938547533,-0.006718355880970105,0.0002768287382855901,-0.009551233790616469,0.013790222225606812,2.1251581922273786e-05,0.09247055884616479,0.4692718888022016
calibrate_then_close,88,9,0,0,certified_reset,0,1,0.06405512933452118,0.060061254816134634,0.003993874518386541,0.0479264942206385,0.0,0.0,0,0,0.00354481938547533,-0.006718355880970105,-0.006807895325316239,0.006321952634684107,0.00354481938547533,-0.006718355880970105,0.006372095989456017,2.1705369691918534e-05,0.09247055884616479,0.4692718888022016
calibrate_then_close,88,10,0,0,certified_reset,0,1,0.060061254816134634,0.05606738029774809,0.003993874518386541,0.04393261970225196,0.0,0.0,0,0,-0.006807895325316239,0.006321952634684107,-0.0008324499114139597,0.004201102721512358,-0.006807895325316239,0.006321952634684107,-0.002534058423763868,5.3702050383572994e-05,0.09247055884616479,0.4692718888022016
calibrate_then_close,88,11,0,0,certified_reset,0,1,0.05606738029774809,0.05207350577936155,0.003993874518386541,0.039938745183865414,0.0,0.0,0,0,-0.0008324499114139597,0.004201102721512358,0.0007334267683619712,-0.001590835868083402,-0.0008324499114139597,0.004201102721512358,-0.005358848568962355,4.587771838445593e-06,0.09247055884616479,0.4692718888022016
calibrate_then_close,88,12,0,0,certified_reset,0,1,0.05207350577936155,0.048079631260975,0.003993874518386541,0.03594487066547887,0.0,0.0,0,0,0.0007334267683619712,-0.001590835868083402,-0.0031540172338049557,0.004533461238656687,0.0007334267683619712,-0.001590835868083402,0.001611673285174797,1.0583886706560582e-06,0.09247055884616479,0.4692718888022016
calibrate_then_close,88,13,0,0,certified_reset,0,1,0.048079631260975,0.04408575674258846,0.003993874518386541,0.03195099614709233,0.0,0.0,0,0,-0.0031540172338049557,0.004533461238656687,-0.012629948959837578,0.0017774640849833197,-0.0031540172338049557,0.004533461238656687,-0.003538625236905931,1.3960280169752825e-05,0.09247055884616479,0.4692718888022016
calibrate_then_close,88,14,0,0,certified_reset,0,1,0.04408575674258846,0.040091882224201916,0.003993874518386541,0.027957121628705783,0.0,0.0,0,0,-0.012629948959837578,0.0017774640849833197,-0.007909563201972508,0.0104365970488602,-0.012629948959837578,0.0017774640849833197,0.009957593359164461,0.0001625631405089772,0.09247055884616479,0.4692718888022016
calibrate_then_close,88,15,0,0,certified_reset,0,1,0.040091882224201916,0.03609800770581537,0.003993874518386541,0.023963247110319243,0.0,0.0,0,0,-0.007909563201972508,0.0104365970488602,-0.00408278492416061,0.016489422349154865,-0.007909563201972508,0.0104365970488602,-0.007497363515103071,8.357251197078748e-05,0.09247055884616479,0.4692718888022016
calibrate_then_close,88,16,0,0,certified_reset,0,1,0.03609800770581537,0.03210413318742883,0.003993874518386541,0.019969372591932703,0.0,0.0,0,0,-0.00408278492416061,0.016489422349154865,0.004240606514345276,-0.005211385337652081,-0.00408278492416061,0.016489422349154865,-0.020223656646195808,7.583622883411909e-05,0.09247055884616479,0.4692718888022016
calibrate_then_close,88,17,1,1,certified_reset,0,1,0.03210413318742883,0.02811025866904229,0.003993874518386541,0.015975498073546163,0.0,0.0,0,0,0.004240606514345276,-0.005211385337652081,0.02481340390883726,-0.016313337818144407,0.004240606514345276,-0.005211385337652081,0.0034500471152343853,2.3168850921690134e-05,0.09744082949644373,0.49914169846942547
calibrate_then_close,88,18,1,1,certified_reset,0,1,0.02811025866904229,0.02411638415065575,0.003993874518386541,0.011981623555159623,0.0,0.0,0,0,0.02481340390883726,-0.016313337818144407,0.009264955834648727,-0.021618175479722248,0.02481340390883726,-0.016313337818144407,-0.0006768744239652425,0.0006636189658561478,0.09744082949644373,0.49914169846942547
calibrate_then_close,88,19,0,0,certified_reset,0,1,0.02411638415065575,0.02012250963226921,0.003993874518386541,0.007987749036773082,0.0,0.0,0,0,0.009264955834648727,-0.021618175479722248,0.0002808035645761118,0.0028455561067364087,0.009264955834648727,-0.021618175479722248,0.022619958875409827,0.00018275316209909385,0.09247055884616479,0.4692718888022016
calibrate_then_close,88,20,0,0,certified_reset,0,1,0.02012250963226921,0.01612863511388267,0.003993874518386541,0.003993874518386541,0.0,0.0,0,0,0.0002808035645761118,0.0028455561067364087,0.002107511601356774,-0.0032200435924617235,0.0002808035645761118,0.0028455561067364087,-0.004468873940241106,2.0356156194080785e-06,0.09247055884616479,0.4692718888022016
calibrate_then_close,88,21,0,0,certified_reset,0,1,0.01612863511388267,0.01213476059549613,0.003993874518386541,0.0,0.0,0.0,0,0,0.002107511601356774,-0.0032200435924617235,-0.0015270854823103948,0.0005211200355392897,0.002107511601356774,-0.0032200435924617235,0.00264432029581306,6.4827784282483e-06,0.09247055884616479,0.4692718888022016
calibrate_then_close,89,0,0,0,certified_reset,0,1,0.1,0.09600612548161347,0.003993874518386541,0.08387136488611735,0.0,0.0,0,0,3.988156242533016,-0.5911365637525797,2.617221185975817,-2.1358096354518588,3.988156242533016,-0.5911365637525797,-1.5499999999999656,16.028352353516,0.09247055884616479,0.4692718888022016
calibrate_then_close,89,1,1,1,certified_reset,0,1,0.09600612548161347,0.09201225096322693,0.003993874518386541,0.07987749036773081,0.0,0.0,0,0,2.617221185975817,-2.1358096354518588,0.811063615408991,-1.462830972350394,2.617221185975817,-2.1358096354518588,0.6628028309638663,7.681932329939027,0.09744082949644373,0.49914169846942547
calibrate_then_close,89,2,1,1,certified_reset,0,1,0.09201225096322693,0.0880183764448404,0.003993874518386541,0.07588361584934428,0.0,0.0,0,0,0.811063615408991,-1.462830972350394,0.012880886283549267,-0.1045342121307981,0.811063615408991,-1.462830972350394,1.3472593310655263,1.0883792825290497,0.09744082949644373,0.49914169846942547
calibrate_then_close,89,3,1,1,certified_reset,0,1,0.0880183764448404,0.08402450192645386,0.003993874518386541,0.07188974133095774,0.0,0.0,0,0,0.012880886283549267,-0.1045342121307981,-0.03689217060398288,0.024047300242309007,0.012880886283549267,-0.1045342121307981,0.1411615115399818,0.0026310138110012433,0.09744082949644373,0.49914169846942547
calibrate_then_close,89,4,1,1,certified_reset,0,1,0.08402450192645386,0.08003062740806732,0.003993874518386541,0.0678958668125712,0.0,0.0,0,0,-0.03689217060398288,0.024047300242309007,-0.013212977856994613,0.004617818597306957,-0.03689217060398288,0.024047300242309007,0.0013099148474149528,0.0014651642256059414,0.09744082949644373,0.49914169846942547
calibrate_then_close,89,5,1,1,certified_reset,0,1,0.08003062740806732,0.07603675288968079,0.003993874518386541,0.06390199229418467,0.0,0.0,0,0,-0.013212977856994613,0.004617818597306957,-0.004134875926330642,-0.0072538505927463096,-0.013212977856994613,0.004617818597306957,0.006358125104817657,0.00017943179246821689,0.09744082949644373,0.49914169846942547
calibrate_then_close,89,6,1,1,certified_reset,0,1,0.07603675288968079,0.07204287837129425,0.003993874518386541,0.05990811777579813,0.0,0.0,0,0,-0.004134875926330642,-0.0072538505927463096,0.005576954303837491,0.037582723561536927,-0.004134875926330642,-0.0072538505927463096,0.014806471870565852,3.204929187343461e-05,0.09744082949644373,0.49914169846942547
calibrate_then_close,89,7,1,1,certified_reset,0,1,0.07204287837129425,0.06804900385290771,0.003993874518386541,0.05591424325741159,0.0,0.0,0,0,0.005576954303837491,0.037582723561536927,0.032124124340507376,-0.0031536583052466406,0.005576954303837491,0.037582723561536927,-0.06091762306134273,0.0003781193391477099,0.09744082949644373,0.49914169846942547
calibrate_then_close,89,8,1,1,certified_reset,0,1,0.06804900385290771,0.06405512933452118,0.003993874518386541,0.051920368739025044,0.0,0.0,0,0,0.032124124340507376,-0.0031536583052466406,0.02642467402962475,-0.026367800559585923,0.032124124340507376,-0.0031536583052466406,-0.027337662026216243,0.0010524332596979944,0.09744082949644373,0.49914169846942547
calibrate_then_close,89,9,1,1,certified_reset,0,1,0.06405512933452118,0.060061254816134634,0.003993874518386541,0.0479264942206385,0.0,0.0,0,0,0.02642467402962475,-0.026367800559585923,0.002512846764749819,-0.03838102254399346,0.02642467402962475,-0.026367800559585923,0.012533070496746897,0.0008273373071168534,0.09744082949644373,0.49914169846942547
calibrate_then_close,89,10,1,1,certified_reset,0,1,0.060061254816134634,0.05606738029774809,0.003993874518386541,0.04393261970225196,0.0,0.0,0,0,0.002512846764749819,-0.03838102254399346,-0.018746239899835482,0.001115436409009428,0.002512846764749819,-0.03838102254399346,0.0540383771546997,0.00034447657447500904,0.09744082949644373,0.49914169846942547
calibrate_then_close,89,11,0,0,certified_reset,0,1,0.05606738029774809,0.05207350577936155,0.003993874518386541,0.039938745183865414,0.0,0.0,0,0,-0.018746239899835482,0.001115436409009428,-0.00742964146088604,0.01871605054323697,-0.018746239899835482,0.001115436409009428,0.01702361647069548,0.0003588905540345751,0.09247055884616479,0.4692718888022016
calibrate_then_close,89,12,0,0,certified_reset,0,1,0.05207350577936155,0.048079631260975,0.003993874518386541,0.03594487066547887,0.0,0.0,0,0,-0.00742964146088604,0.01871605054323697,-0.010293735663433806,0.0032303055856393184,-0.00742964146088604,0.01871605054323697,-0.020175509836941972,0.00012842815079549058,0.09247055884616479,0.4692718888022016
calibrate_then_close,89,13,0,0,certified_reset,0,1,0.048079631260975,0.04408575674258846,0.003993874518386541,0.03195099614709233,0.0,0.0,0,0,-0.010293735663433806,0.0032303055856393184,5.639798565480834e-05,-0.00043853482026233286,-0.010293735663433806,0.0032303055856393184,0.005491169337663795,0.00010859309477781176,0.09247055884616479,0.4692718888022016
calibrate_then_close,89,14,0,0,certified_reset,0,1,0.04408575674258846,0.040091882224201916,0.003993874518386541,0.027957121628705783,0.0,0.0,0,0,5.639798565480834e-05,-0.00043853482026233286,-0.0037503963965538267,0.006559766812706012,5.639798565480834e-05,-0.00043853482026233286,0.000590920619083146,4.6526714182213164e-08,0.09247055884616479,0.4692718888022016
calibrate_then_close,89,15,0,0,certified_reset,0,1,0.040091882224201916,0.03609800770581537,0.003993874518386541,0.023963247110319243,0.0,0.0,0,0,-0.0037503963965538267,0.006559766812706012,0.0002921581166091701,0.0031752291609024813,-0.0037503963965538267,0.006559766812706012,-0.005926306124897073,2.2688998053107994e-05,0.09247055884616479,0.4692718888022016
calibrate_then_close,89,16,0,0,certified_reset,0,1,0.03609800770581537,0.03210413318742883,0.003993874518386541,0.019969372591932703,0.0,0.0,0,0,0.0002921581166091701,0.0031752291609024813,0.007531576587719052,0.0047728589014415955,0.0002921581166091701,0.0031752291609024813,-0.004967306445203405,2.5169841384787854e-06,0.09247055884616479,0.4692718888022016
calibrate_then_close,89,17,0,0,certified_reset,0,1,0.03210413318742883,0.02811025866904229,0.003993874518386541,0.015975498073546163,0.0,0.0,0,0,0.007531576587719052,0.0047728589014415955,-0.0024758210857845934,-0.0012589891536091222,0.007531576587719052,0.0047728589014415955,-0.014530411320885514,6.610340000228336e-05,0.09247055884616479,0.4692718888022016
calibrate_then_close,89,18,0,0,certified_reset,0,1,0.02811025866904229,0.02411638415065575,0.003993874518386541,0.011981623555159623,0.0,0.0,0,0,-0.0024758210857845934,-0.0012589891536091222,-0.0044466936929343235,-0.0023212690662828116,-0.0024758210857845934,-0.0012589891536091222,0.004322079346975353,6.88200895985735e-06,0.09247055884616479,0.4692718888022016
calibrate_then_close,89,19,0,0,certified_reset,0,1,0.02411638415065575,0.02012250963226921,0.003993874518386541,0.007987749036773082,0.0,0.0,0,0,-0.0044466936929343235,-0.0023212690662828116,0.0012018641019246662,0.007335681800321613,-0.0044466936929343235,-0.0023212690662828116,0.00784546067041466,2.2281758341112137e-05,0.09247055884616479,0.4692718888022016
calibrate_then_close,89,20,0,0,certified_reset,0,1,0.02012250963226921,0.01612863511388267,0.003993874518386541,0.003993874518386541,0.0,0.0,0,0,0.0012018641019246662,0.007335681800321613,0.0071542579468782605,-0.0021172035367970567,0.0012018641019246662,0.007335681800321613,-0.012004128522744743,1.4733155804862086e-05,0.09247055884616479,0.4692718888022016
calibrate_then_close,89,21,0,0,certified_reset,0,1,0.01612863511388267,0.01213476059549613,0.003993874518386541,0.0,0.0,0.0,0,0,0.0071542579468782605,-0.0021172035367970567,0.00645016215053821,-0.006048426788345543,0.0071542579468782605,-0.0021172035367970567,-0.004003236203314916,5.2390913419879696e-05,0.09247055884616479,0.4692718888022016
calibrate_then_close,90,0,0,0,certified_reset,0,1,0.1,0.09600612548161347,0.003993874518386541,0.08387136488611735,0.0,0.0,0,0,5.878373595225774,-0.11466048614603214,4.983006272425795,-1.6592944794684152,5.878373595225774,-0.11466048614603214,-1.55,34.61770508992258,0.09247055884616479,0.4692718888022016
calibrate_then_close,90,1,0,0,certified_reset,0,1,0.09600612548161347,0.09201225096322693,0.003993874518386541,0.07987749036773081,0.0,0.0,0,0,4.983006272425795,-1.6592944794684152,2.7447218070515347,-2.8393822951127548,4.983006272425795,-1.6592944794684152,-1.1749547677555732,25.360450949218592,0.09247055884616479,0.4692718888022016
calibrate_then_close,90,2,1,1,certified_reset,0,1,0.09201225096322693,0.0880183764448404,0.003993874518386541,0.07588361584934428,0.0,0.0,0,0,2.7447218070515347,-2.8393822951127548,0.6850738017483576,-1.3269956672378906,2.7447218070515347,-2.8393822951127548,1.4986401481475866,9.040822382649198,0.09744082949644373,0.49914169846942547
calibrate_then_close,90,3,1,1,certified_reset,0,1,0.0880183764448404,0.08402450192645386,0.003993874518386541,0.07188974133095774,0.0,0.0,0,0,0.6850738017483576,-1.3269956672378906,-0.03502003686266966,-0.09006765182212645,0.6850738017483576,-1.3269956672378906,1.272616809211631,0.8267801025754121,0.09744082949644373,0.49914169846942547
calibrate_then_close,90,4,1,1,certified_reset,0,1,0.08402450192645386,0.08003062740806732,0.003993874518386541,0.0678958668125712,0.0,0.0,0,0,-0.03502003686266966,-0.09006765182212645,-0.03142955737045111,0.09328804219884249,-0.03502003686266966,-0.09006765182212645,0.16754808941530192,0.0033884047813860156,0.09744082949644373,0.49914169846942547
calibrate_then_close,90,5,1,1,certified_reset,0,1,0.08003062740806732,0.07603675288968079,0.003993874518386541,0.06390199229418467,0.0,0.0,0,0,-0.03142955737045111,0.09328804219884249,0.032480606939587264,0.00307307662568692,-0.03142955737045111,0.09328804219884249,-0.10612663485676331,0.00283586722926574,0.09744082949644373,0.49914169846942547
calibrate_then_close,90,6,0,0,certified_reset,0,1,0.07603675288968079,0.07204287837129425,0.003993874518386541,0.05990811777579813,0.0,0.0,0,0,0.032480606939587264,0.00307307662568692,0.010287402335196972,-0.033954384097004194,0.032480606939587264,0.00307307662568692,-0.03687178468607698,0.0010906779238028968,0.09247055884616479,0.4692718888022016
calibrate_then_close,90,7,0,0,certified_reset,0,1,0.07204287837129425,0.06804900385290771,0.003993874518386541,0.05591424325741159,0.0,0.0,0,0,0.010287402335196972,-0.033954384097004194,-0.0023386580370000952,0.009923457602867832,0.010287402335196972,-0.033954384097004194,0.039777739249090754,0.00035290939619367297,0.09247055884616479,0.4692718888022016
calibrate_then_close,90,8,0,0,certified_reset,0,1,0.06804900385290771,0.06405512933452118,0.003993874518386541,0.051920368739025044,0.0,0.0,0,0,-0.0023386580370000952,0.009923457602867832,-0.0014096664304694773,0.005455266580055794,-0.0023386580370000952,0.009923457602867832,-0.012287019525504948,2.6969094577793404e-05,0.09247055884616479,0.4692718888022016
calibrate_then_close,90,9,0,0,certified_reset,0,1,0.06405512933452118,0.060061254816134634,0.003993874518386541,0.0479264942206385,0.0,0.0,0,0,-0.0014096664304694773,0.005455266580055794,0.0023916133428411373,0.005563830450913893,-0.0014096664304694773,0.005455266580055794,-0.006634975359244488,8.44451991834235e-06,0.09247055884616479,0.4692718888022016
calibrate_then_close,90,10,0,0,certified_reset,0,1,0.060061254816134634,0.05606738029774809,0.003993874518386541,0.04393261970225196,0.0,0.0,0,0,0.0023916133428411373,0.005563830450913893,0.011602212667482192,0.008013591212709333,0.0023916133428411373,0.005563830450913893,-0.010576795114594828,1.408864692563169e-05,0.09247055884616479,0.4692718888022016
calibrate_then_close,90,11,0,0,certified_reset,0,1,0.05606738029774809,0.05207350577936155,0.003993874518386541,0.039938745183865414,0.0,0.0,0,0,0.011602212667482192,0.008013591212709333,0.0012221979713355228,-0.006782358873089816,0.011602212667482192,0.008013591212709333,-0.02335737578772988,0.0001598096898161092,0.09247055884616479,0.4692718888022016
calibrate_then_close,90,12,0,0,certified_reset,0,1,0.05207350577936155,0.048079631260975,0.003993874518386541,0.03594487066547887,0.0,0.0,0,0,0.0012221979713355228,-0.006782358873089816,0.001729034349238892,-0.0060367599055123535,0.0012221979713355228,-0.006782358873089816,0.008776261166677376,1.169940742178833e-05,0.09247055884616479,0.4692718888022016
calibrate_then_close,90,13,0,0,certified_reset,0,1,0.048079631260975,0.04408575674258846,0.003993874518386541,0.03195099614709233,0.0,0.0,0,0,0.001729034349238892,-0.0060367599055123535,0.0021579963683444237,-0.0008546819439713871,0.001729034349238892,-0.0060367599055123535,0.007172093308423505,1.0835177469690563e-05,0.09247055884616479,0.4692718888022016
calibrate_then_close,90,14,0,0,certified_reset,0,1,0.04408575674258846,0.040091882224201916,0.003993874518386541,0.027957121628705783,0.0,0.0,0,0,0.0021579963683444237,-0.0008546819439713871,0.004059598085744798,0.009725147980585446,0.0021579963683444237,-0.0008546819439713871,-0.0008861803312353471,4.808067835837558e-06,0.09247055884616479,0.4692718888022016
calibrate_then_close,90,15,0,0,certified_reset,0,1,0.040091882224201916,0.03609800770581537,0.003993874518386541,0.023963247110319243,0.0,0.0,0,0,0.004059598085744798,0.009725147980585446,0.005043915584240114,-0.009721792979395271,0.004059598085744798,0.009725147980585446,-0.01836838841712199,4.193940952781069e-05,0.09247055884616479,0.4692718888022016
calibrate_then_close,90,16,0,0,certified_reset,0,1,0.03609800770581537,0.03210413318742883,0.003993874518386541,0.019969372591932703,0.0,0.0,0,0,0.005043915584240114,-0.009721792979395271,-0.004607481288477266,0.013843367592809722,0.005043915584240114,-0.009721792979395271,0.009297716490577583,4.4614659291578705e-05,0.09247055884616479,0.4692718888022016
calibrate_then_close,90,17,0,0,certified_reset,0,1,0.03210413318742883,0.02811025866904229,0.003993874518386541,0.015975498073546163,0.0,0.0,0,0,-0.004607481288477266,0.013843367592809722,0.001236154465035927,-0.007340407727058701,-0.004607481288477266,0.013843367592809722,-0.015800077949627837,6.196493413976382e-05,0.09247055884616479,0.4692718888022016
calibrate_then_close,90,18,0,0,certified_reset,0,1,0.02811025866904229,0.02411638415065575,0.003993874518386541,0.011981623555159623,0.0,0.0,0,0,0.001236154465035927,-0.007340407727058701,-0.010513011441738163,-0.00423138266147097,0.001236154465035927,-0.007340407727058701,0.009582322952325651,1.3522286098398289e-05,0.09247055884616479,0.4692718888022016
calibrate_then_close,90,19,0,0,certified_reset,0,1,0.02411638415065575,0.02012250963226921,0.003993874518386541,0.007987749036773082,0.0,0.0,0,0,-0.010513011441738163,-0.00423138266147097,-0.007598848528652802,0.025220649067975,-0.010513011441738163,-0.00423138266147097,0.01669809694925944,0.00012071689847829269,0.09247055884616479,0.4692718888022016
calibrate_then_close,90,20,0,0,certified_reset,0,1,0.02012250963226921,0.01612863511388267,0.003993874518386541,0.003993874518386541,0.0,0.0,0,0,-0.007598848528652802,0.025220649067975,0.006708029526791023,0.004021654649017716,-0.007598848528652802,0.025220649067975,-0.029586690343001872,0.00019412141019151653,0.09247055884616479,0.4692718888022016
calibrate_then_close,90,21,0,0,certified_reset,0,1,0.01612863511388267,0.01213476059549613,0.003993874518386541,0.0,0.0,0.0,0,0,0.006708029526791023,0.004021654649017716,0.012448622574793525,-0.006904401035155046,0.006708029526791023,0.004021654649017716,-0.012606410289157792,5.188196674263863e-05,0.09247055884616479,0.4692718888022016
calibrate_then_close,91,0,0,0,certified_reset,0,1,0.1,0.09600612548161347,0.003993874518386541,0.08387136488611735,0.0,0.0,0,0,0.19405670705185685,-0.26382396812419173,0.036212680324689654,-0.05785998074196869,0.19405670705185685,-0.26382396812419173,0.19540194135860137,0.05114110902720096,0.09247055884616479,0.4692718888022016
calibrate_then_close,91,1,0,0,certified_reset,0,1,0.09600612548161347,0.09201225096322693,0.003993874518386541,0.07987749036773081,0.0,0.0,0,0,0.036212680324689654,-0.05785998074196869,0.00784672485003432,-0.009395287618700988,0.036212680324689654,-0.05785998074196869,0.049171764849643654,0.0019744047046218595,0.09247055884616479,0.4692718888022016
calibrate_then_close,91,2,0,0,certified_reset,0,1,0.09201225096322693,0.0880183764448404,0.003993874518386541,0.07588361584934428,0.0,0.0,0,0,0.00784672485003432,-0.009395287618700988,-0.002774035458734801,0.0021359919622303903,0.00784672485003432,-0.009395287618700988,0.006027333193664501,7.836816680669326e-05,0.09247055884616479,0.4692718888022016
calibrate_then_close,91,3,0,0,certified_reset,0,1,0.0880183764448404,0.08402450192645386,0.003993874518386541,0.07188974133095774,0.0,0.0,0,0,-0.002774035458734801,0.0021359919622303903,0.007662994223120569,-0.00033686300699055935,-0.002774035458734801,0.0021359919622303903,-0.0003863248287180464,8.520246997438407e-06,0.09247055884616479,0.4692718888022016
calibrate_then_close,91,4,0,0,certified_reset,0,1,0.08402450192645386,0.08003062740806732,0.003993874518386541,0.0678958668125712,0.0,0.0,0,0,0.007662994223120569,-0.00033686300699055935,0.0027642616519861756,0.0014649273571036674,0.007662994223120569,-0.00033686300699055935,-0.007133318411558326,6.0014012055982316e-05,0.09247055884616479,0.4692718888022016
calibrate_then_close,91,5,0,0,certified_reset,0,1,0.08003062740806732,0.07603675288968079,0.003993874518386541,0.06390199229418467,0.0,0.0,0,0,0.0027642616519861756,0.0014649273571036674,0.001226478695063905,-0.0030060785362271756,0.0027642616519861756,0.0014649273571036674,-0.004912906732088488,8.630840983682682e-06,0.09247055884616479,0.4692718888022016
calibrate_then_close,91,6,0,0,certified_reset,0,1,0.07603675288968079,0.07204287837129425,0.003993874518386541,0.05990811777579813,0.0,0.0,0,0,0.001226478695063905,-0.0030060785362271756,0.0029532149003275478,0.01341683686238743,0.001226478695063905,-0.0030060785362271756,0.003204942498790928,3.3876128698333944e-06,0.09247055884616479,0.4692718888022016
calibrate_then_close,91,7,0,0,certified_reset,0,1,0.07204287837129425,0.06804900385290771,0.003993874518386541,0.05591424325741159,0.0,0.0,0,0,0.0029532149003275478,0.01341683686238743,0.016424316361588018,-0.01926024512338309,0.0029532149003275478,0.01341683686238743,-0.022705537836450733,5.401208650912432e-05,0.09247055884616479,0.4692718888022016
calibrate_then_close,91,8,0,0,certified_reset,0,1,0.06804900385290771,0.06405512933452118,0.003993874518386541,0.051920368739025044,0.0,0.0,0,0,0.016424316361588018,-0.01926024512338309,0.004534051253387401,-0.019615858994022413,0.016424316361588018,-0.01926024512338309,0.012017010131779637,0.00034014064885651464,0.09247055884616479,0.4692718888022016
calibrate_then_close,91,9,0,0,certified_reset,0,1,0.06405512933452118,0.060061254816134634,0.003993874518386541,0.0479264942206385,0.0,0.0,0,0,0.004534051253387401,-0.019615858994022413,-0.0049728342673186505,0.0054883270952578184,0.004534051253387401,-0.019615858994022413,0.024381034211322695,0.00010467923783189265,0.09247055884616479,0.4692718888022016
calibrate_then_close,91,10,0,0,certified_reset,0,1,0.060061254816134634,0.05606738029774809,0.003993874518386541,0.04393261970225196,0.0,0.0,0,0,-0.0049728342673186505,0.0054883270952578184,0.002296379029444005,0.0032121137406608737,-0.0049728342673186505,0.0054883270952578184,-0.0031287227054321042,3.039571546922318e-05,0.09247055884616479,0.4692718888022016
calibrate_then_close,91,11,0,0,certified_reset,0,1,0.05606738029774809,0.05207350577936155,0.003993874518386541,0.039938745183865414,0.0,0.0,0,0,0.002296379029444005,0.0032121137406608737,-0.0013029105550292053,0.0004889670655242101,0.002296379029444005,0.0032121137406608737,-0.007017476940463827,8.36166265504836e-06,0.09247055884616479,0.4692718888022016
calibrate_then_close,91,12,0,0,certified_reset,0,1,0.05207350577936155,0.048079631260975,0.003993874518386541,0.03594487066547887,0.0,0.0,0,0,-0.0013029105550292053,0.0004889670655242101,0.007324163749023252,0.018100923112079417,-0.0013029105550292053,0.0004889670655242101,0.0005761783304673467,1.7489114335291398e-06,0.09247055884616479,0.4692718888022016
calibrate_then_close,91,13,0,0,certified_reset,0,1,0.048079631260975,0.04408575674258846,0.003993874518386541,0.03195099614709233,0.0,0.0,0,0,0.007324163749023252,0.018100923112079417,0.01739619102031454,-0.013245161220167957,0.007324163749023252,0.018100923112079417,-0.033959845802798615,0.00014145096794794675,0.09247055884616479,0.4692718888022016
calibrate_then_close,91,14,0,0,certified_reset,0,1,0.04408575674258846,0.040091882224201916,0.003993874518386541,0.027957121628705783,0.0,0.0,0,0,0.01739619102031454,-0.013245161220167957,-0.0001952023475198664,-0.002663878810296283,0.01739619102031454,-0.013245161220167957,0.0021896082308345732,0.00033432549485506915,0.09247055884616479,0.4692718888022016
calibrate_then_close,91,15,0,0,certified_reset,0,1,0.040091882224201916,0.03609800770581537,0.003993874518386541,0.023963247110319243,0.0,0.0,0,0,-0.0001952023475198664,-0.002663878810296283,-0.0014016123290594485,-0.003362792984601284,-0.0001952023475198664,-0.002663878810296283,0.00411815223759005,1.7394084596466621e-06,0.09247055884616479,0.4692718888022016
calibrate_then_close,91,16,0,0,certified_reset,0,1,0.03609800770581537,0.03210413318742883,0.003993874518386541,0.019969372591932703,0.0,0.0,0,0,-0.0014016123290594485,-0.003362792984601284,0.0003550502520302326,0.012841687376436019,-0.0014016123290594485,-0.003362792984601284,0.00634806785541363,5.007474056705897e-06,0.09247055884616479,0.4692718888022016
calibrate_then_close,91,17,0,0,certified_reset,0,1,0.03210413318742883,0.02811025866904229,0.003993874518386541,0.015975498073546163,0.0,0.0,0,0,0.0003550502520302326,0.012841687376436019,0.014453664643606954,0.0020887063051341897,0.0003550502520302326,0.012841687376436019,-0.019271400432517734,3.909434078856876e-05,0.09247055884616479,0.4692718888022016
calibrate_then_close,91,18,0,0,certified_reset,0,1,0.02811025866904229,0.02411638415065575,0.003993874518386541,0.011981623555159623,0.0,0.0,0,0,0.014453664643606954,0.0020887063051341897,0.008614201975441566,-0.008863686630151246,0.014453664643606954,0.0020887063051341897,-0.01746867816507065,0.00021732257447596345,0.09247055884616479,0.4692718888022016
calibrate_then_close,91,19,0,0,certified_reset,0,1,0.02411638415065575,0.02012250963226921,0.003993874518386541,0.007987749036773082,0.0,0.0,0,0,0.008614201975441566,-0.008863686630151246,0.0011085315399449627,0.0012636492222546309,0.008614201975441566,-0.008863686630151246,0.004479043305977758,8.884771071907594e-05,0.09247055884616479,0.4692718888022016
calibrate_then_close,91,20,0,0,certified_reset,0,1,0.02012250963226921,0.01612863511388267,0.003993874518386541,0.003993874518386541,0.0,0.0,0,0,0.0011085315399449627,0.0012636492222546309,0.002377723368059456,-0.017393181052204866,0.0011085315399449627,0.0012636492222546309,-0.0029720799369988777,1.7370993380933837e-06,0.09247055884616479,0.4692718888022016
calibrate_then_close,91,21,0,0,certified_reset,0,1,0.01612863511388267,0.01213476059549613,0.003993874518386541,0.0,0.0,0.0,0,0,0.002377723368059456,-0.017393181052204866,-0.006466982366141138,0.011854632695543717,0.002377723368059456,-0.017393181052204866,0.02325271668673146,7.36248837285111e-05,0.09247055884616479,0.4692718888022016
calibrate_then_close,92,0,0,0,certified_reset,0,1,0.1,0.09600612548161347,0.003993874518386541,0.08387136488611735,0.0,0.0,0,0,-1.9653868190855395,0.2298260146773411,-1.0045923389313074,1.704589431376765,-1.9653868190855395,0.2298260146773411,1.4702585412974745,3.926294452555674,0.09247055884616479,0.4692718888022016
calibrate_then_close,92,1,0,0,certified_reset,0,1,0.09600612548161347,0.09201225096322693,0.003993874518386541,0.07987749036773081,0.0,0.0,0,0,-1.0045923389313074,1.704589431376765,-0.05661671426919519,0.20103849989883216,-1.0045923389313074,1.704589431376765,-1.5106834072008721,1.589272399680321,0.09247055884616479,0.4692718888022016
calibrate_then_close,92,2,0,0,certified_reset,0,1,0.09201225096322693,0.0880183764448404,0.003993874518386541,0.07588361584934428,0.0,0.0,0,0,-0.05661671426919519,0.20103849989883216,0.02933048204156668,-0.03032386905840833,-0.05661671426919519,0.20103849989883216,-0.23977038554117264,0.011917664398686847,0.09247055884616479,0.4692718888022016
calibrate_then_close,92,3,0,0,certified_reset,0,1,0.0880183764448404,0.08402450192645386,0.003993874518386541,0.07188974133095774,0.0,0.0,0,0,0.02933048204156668,-0.03032386905840833,0.0022401105406306696,-0.012527996630069402,0.02933048204156668,-0.03032386905840833,0.01546814579650895,0.0010317754313910858,0.09247055884616479,0.4692718888022016
calibrate_then_close,92,4,0,0,certified_reset,0,1,0.08402450192645386,0.08003062740806732,0.003993874518386541,0.0678958668125712,0.0,0.0,0,0,0.0022401105406306696,-0.012527996630069402,-0.0017146131333685179,0.005743500893521101,0.0022401105406306696,-0.012527996630069402,0.016222821739007867,3.984871978498074e-05,0.09247055884616479,0.4692718888022016
calibrate_then_close,92,5,0,0,certified_reset,0,1,0.08003062740806732,0.07603675288968079,0.003993874518386541,0.06390199229418467,0.0,0.0,0,0,-0.0017146131333685179,0.005743500893521101,0.007358964736569624,-0.011429568629257241,-0.0017146131333685179,0.005743500893521101,-0.006750776861653534,1.0017027355513709e-05,0.09247055884616479,0.4692718888022016
calibrate_then_close,92,6,0,0,certified_reset,0,1,0.07603675288968079,0.07204287837129425,0.003993874518386541,0.05990811777579813,0.0,0.0,0,0,0.007358964736569624,-0.011429568629257241,-0.0005752048678792341,-0.002764419345861007,0.007358964736569624,-0.011429568629257241,0.009504167860594215,7.992689919129626e-05,0.09247055884616479,0.4692718888022016
calibrate_then_close,92,7,1,1,certified_reset,0,1,0.07204287837129425,0.06804900385290771,0.003993874518386541,0.05591424325741159,0.0,0.0,0,0,-0.0005752048678792341,-0.002764419345861007,0.01735621094955785,0.02542005340618635,-0.0005752048678792341,-0.002764419345861007,0.004649504686631734,2.2468705633659365e-06,0.09744082949644373,0.49914169846942547
calibrate_then_close,92,8,1,1,certified_reset,0,1,0.06804900385290771,0.06405512933452118,0.003993874518386541,0.051920368739025044,0.0,0.0,0,0,0.01735621094955785,0.02542005340618635,0.00094945907333523,-0.0606815476778631,0.01735621094955785,0.02542005340618635,-0.05473080025815448,0.0004924368116792077,0.09744082949644373,0.49914169846942547
calibrate_then_close,92,9,1,1,certified_reset,0,1,0.06405512933452118,0.060061254816134634,0.003993874518386541,0.0479264942206385,0.0,0.0,0,0,0.00094945907333523,-0.0606815476778631,-0.0006089242132416503,0.0599445732130368,0.00094945907333523,-0.0606815476778631,0.08844469824991164,0.0008592681298894258,0.09744082949644373,0.49914169846942547
calibrate_then_close,92,10,1,1,certified_reset,0,1,0.060061254816134634,0.05606738029774809,0.003993874518386541,0.04393261970225196,0.0,0.0,0,0,-0.0006089242132416503,0.0599445732130368,0.021153851136892412,-0.08559288356976191,-0.0006089242132416503,0.0599445732130368,-0.08769866546936946,0.0008394505212099445,0.09744082949644373,0.49914169846942547
calibrate_then_close,92,11,0,0,certified_reset,0,1,0.05606738029774809,0.05207350577936155,0.003993874518386541,0.039938745183865414,0.0,0.0,0,0,0.021153851136892412,-0.08559288356976191,-0.008381375526720214,0.02060273603515411,0.021153851136892412,-0.08559288356976191,0.1050247086019571,0.0020419456625465817,0.09247055884616479,0.4692718888022016
calibrate_then_close,92,12,0,0,certified_reset,0,1,0.05207350577936155,0.048079631260975,0.003993874518386541,0.03594487066547887,0.0,0.0,0,0,-0.008381375526720214,0.02060273603515411,-0.0029848054976012632,-0.00336318325512777,-0.008381375526720214,0.02060273603515411,-0.022004966493523657,0.0001587580112635948,0.09247055884616479,0.4692718888022016
calibrate_then_close,92,13,0,0,certified_reset,0,1,0.048079631260975,0.04408575674258846,0.003993874518386541,0.03195099614709233,0.0,0.0,0,0,-0.0029848054976012632,-0.00336318325512777,-0.0053949637743084655,0.01335518065435229,-0.0029848054976012632,-0.00336318325512777,0.007926125297837476,1.2515630703799133e-05,0.09247055884616479,0.4692718888022016
calibrate_then_close,92,14,0,0,certified_reset,0,1,0.04408575674258846,0.040091882224201916,0.003993874518386541,0.027957121628705783,0.0,0.0,0,0,-0.0053949637743084655,0.01335518065435229,0.004342275605896792,0.0019239937302670679,-0.0053949637743084655,0.01335518065435229,-0.014298732995834569,6.632193131412427e-05,0.09247055884616479,0.4692718888022016
calibrate_then_close,92,15,0,0,certified_reset,0,1,0.040091882224201916,0.03609800770581537,0.003993874518386541,0.023963247110319243,0.0,0.0,0,0,0.004342275605896792,0.0019239937302670679,-0.002243311436925021,-0.007544758344229857,0.004342275605896792,0.0019239937302670679,-0.007161375598618442,2.0803805286517808e-05,0.09247055884616479,0.4692718888022016
calibrate_then_close,92,16,0,0,certified_reset,0,1,0.03609800770581537,0.03210413318742883,0.003993874518386541,0.019969372591932703,0.0,0.0,0,0,-0.002243311436925021,-0.007544758344229857,-0.004949553759303172,-0.0024930927213478934,-0.002243311436925021,-0.007544758344229857,0.01334917635924607,1.9733667064903642e-05,0.09247055884616479,0.4692718888022016
calibrate_then_close,92,17,0,0,certified_reset,0,1,0.03210413318742883,0.02811025866904229,0.003993874518386541,0.015975498073546163,0.0,0.0,0,0,-0.004949553759303172,-0.0024930927213478934,-0.013821046893315373,0.02364422839226033,-0.004949553759303172,-0.0024930927213478934,0.008601781735132243,2.7466640678806344e-05,0.09247055884616479,0.4692718888022016
calibrate_then_close,92,18,0,0,certified_reset,0,1,0.02811025866904229,0.02411638415065575,0.003993874518386541,0.011981623555159623,0.0,0.0,0,0,-0.013821046893315373,0.02364422839226033,0.009575416390442326,0.005412652488351285,-0.013821046893315373,0.02364422839226033,-0.021064341248491117,0.00030274291556081113,0.09247055884616479,0.4692718888022016
calibrate_then_close,92,19,0,0,certified_reset,0,1,0.02411638415065575,0.02012250963226921,0.003993874518386541,0.007987749036773082,0.0,0.0,0,0,0.009575416390442326,0.005412652488351285,0.0036020737574841933,-0.019915098283522822,0.009575416390442326,0.005412652488351285,-0.017503448908546427,0.00010462129239544187,0.09247055884616479,0.4692718888022016
calibrate_then_close,92,20,0,0,certified_reset,0,1,0.02012250963226921,0.01612863511388267,0.003993874518386541,0.003993874518386541,0.0,0.0,0,0,0.0036020737574841933,-0.019915098283522822,-0.0013537835485243092,-0.0017902069331491785,0.0036020737574841933,-0.019915098283522822,0.025753749726277454,0.00010094633111407694,0.09247055884616479,0.4692718888022016
calibrate_then_close,92,21,0,0,certified_reset,0,1,0.01612863511388267,0.01213476059549613,0.003993874518386541,0.0,0.0,0.0,0,0,-0.0013537835485243092,-0.0017902069331491785,-0.003096039139448466,-0.0025300051359360507,-0.0013537835485243092,-0.0017902069331491785,0.003987697008910534,2.807144437556091e-06,0.09247055884616479,0.4692718888022016
calibrate_then_close,93,0,0,0,certified_reset,0,1,0.1,0.09600612548161347,0.003993874518386541,0.08387136488611735,0.0,0.0,0,0,-1.365545801936321,0.4479213656373632,-0.5677193817788739,1.155767636543318,-1.365545801936321,0.4479213656373632,0.6999289405650577,1.9130768891949221,0.09247055884616479,0.4692718888022016
calibrate_then_close,93,1,0,0,certified_reset,0,1,0.09600612548161347,0.09201225096322693,0.003993874518386541,0.07987749036773081,0.0,0.0,0,0,-0.5677193817788739,1.155767636543318,0.022716607327962053,0.009920448125943959,-0.5677193817788739,1.155767636543318,-1.137239362591292,0.59508191998563,0.09247055884616479,0.4692718888022016
calibrate_then_close,93,2,0,0,certified_reset,0,1,0.09201225096322693,0.0880183764448404,0.003993874518386541,0.07588361584934428,0.0,0.0,0,0,0.022716607327962053,0.009920448125943959,0.02253757975926978,-0.03219682248997975,0.022716607327962053,0.009920448125943959,-0.037229962335701174,0.0005684107532642805,0.09247055884616479,0.4692718888022016
calibrate_then_close,93,3,0,0,certified_reset,0,1,0.0880183764448404,0.08402450192645386,0.003993874518386541,0.07188974133095774,0.0,0.0,0,0,0.02253757975926978,-0.03219682248997975,0.005229054155319955,0.0004862448923820522,0.02253757975926978,-0.03219682248997975,0.024984745764420037,0.0007101428075494924,0.09247055884616479,0.4692718888022016
calibrate_then_close,93,4,0,0,certified_reset,0,1,0.08402450192645386,0.08003062740806732,0.003993874518386541,0.0678958668125712,0.0,0.0,0,0,0.005229054155319955,0.0004862448923820522,-0.0022694653307564257,-0.002232981197906242,0.005229054155319955,0.0004862448923820522,-0.005920008568721501,2.8261728032778465e-05,0.09247055884616479,0.4692718888022016
calibrate_then_close,93,5,0,0,certified_reset,0,1,0.08003062740806732,0.07603675288968079,0.003993874518386541,0.06390199229418467,0.0,0.0,0,0,-0.0022694653307564257,-0.002232981197906242,0.005164734101725278,0.002609492157844788,-0.0022694653307564257,-0.002232981197906242,0.00554840474354111,6.817609672895613e-06,0.09247055884616479,0.4692718888022016
calibrate_then_close,93,6,0,0,certified_reset,0,1,0.07603675288968079,0.07204287837129425,0.003993874518386541,0.05990811777579813,0.0,0.0,0,0,0.005164734101725278,0.002609492157844788,0.0019795621396344167,-0.016372957124550096,0.005164734101725278,0.002609492157844788,-0.008984879857502986,2.9918380870801708e-05,0.09247055884616479,0.4692718888022016
calibrate_then_close,93,7,0,0,certified_reset,0,1,0.07204287837129425,0.06804900385290771,0.003993874518386541,0.05591424325741159,0.0,0.0,0,0,0.0019795621396344167,-0.016372957124550096,-0.00022372810213057296,-0.0026108406153373866,0.0019795621396344167,-0.016372957124550096,0.02214653997801598,6.443366759004452e-05,0.09247055884616479,0.4692718888022016
calibrate_then_close,93,8,0,0,certified_reset,0,1,0.06804900385290771,0.06405512933452118,0.003993874518386541,0.051920368739025044,0.0,0.0,0,0,-0.00022372810213057296,-0.0026108406153373866,-0.003241760510473442,-0.019125619148774906,-0.00022372810213057296,-0.0026108406153373866,0.004068255152001687,1.6907897325928096e-06,0.09247055884616479,0.4692718888022016
calibrate_then_close,93,9,0,0,certified_reset,0,1,0.06405512933452118,0.060061254816134634,0.003993874518386541,0.0479264942206385,0.0,0.0,0,0,-0.003241760510473442,-0.019125619148774906,0.00048443747836697786,0.021653787398492087,-0.003241760510473442,-0.019125619148774906,0.03140224136660858,0.00010100360568675097,0.09247055884616479,0.4692718888022016
calibrate_then_close,93,10,0,0,certified_reset,0,1,0.060061254816134634,0.05606738029774809,0.003993874518386541,0.04393261970225196,0.0,0.0,0,0,0.00048443747836697786,0.021653787398492087,0.002244514469195599,-0.00580494171983304,0.00048443747836697786,0.021653787398492087,-0.03238264487559988,0.00011085014346476398,0.09247055884616479,0.4692718888022016
calibrate_then_close,93,11,0,0,certified_reset,0,1,0.05606738029774809,0.05207350577936155,0.003993874518386541,0.039938745183865414,0.0,0.0,0,0,0.002244514469195599,-0.00580494171983304,0.0038979026682614405,-0.006401463909385895,0.002244514469195599,-0.00580494171983304,0.006319221705006739,1.2101681983072579e-05,0.09247055884616479,0.4692718888022016
calibrate_then_close,93,12,0,0,certified_reset,0,1,0.05207350577936155,0.048079631260975,0.003993874518386541,0.03594487066547887,0.0,0.0,0,0,0.0038979026682614405,-0.006401463909385895,-0.0031355110732732955,-0.008415583902162148,0.0038979026682614405,-0.006401463909385895,0.005549961260668247,2.333987019408324e-05,0.09247055884616479,0.4692718888022016
calibrate_then_close,93,13,0,0,certified_reset,0,1,0.048079631260975,0.04408575674258846,0.003993874518386541,0.03195099614709233,0.0,0.0,0,0,-0.0031355110732732955,-0.008415583902162148,-0.002694902998711837,0.018406215133950854,-0.0031355110732732955,-0.008415583902162148,0.015515355540307061,2.85975555637524e-05,0.09247055884616479,0.4692718888022016
calibrate_then_close,93,14,0,0,certified_reset,0,1,0.04408575674258846,0.040091882224201916,0.003993874518386541,0.027957121628705783,0.0,0.0,0,0,-0.002694902998711837,0.018406215133950854,-0.0024167857289014473,-0.006743268240569764,-0.002694902998711837,0.018406215133950854,-0.024433376171508283,8.316922495123744e-05,0.09247055884616479,0.4692718888022016
calibrate_then_close,93,15,0,0,certified_reset,0,1,0.040091882224201916,0.03609800770581537,0.003993874518386541,0.023963247110319243,0.0,0.0,0,0,-0.0024167857289014473,-0.006743268240569764,0.0029941034000184573,0.013023470521460632,-0.0024167857289014473,-0.006743268240569764,0.012342435668643166,1.7834146196856408e-05,0.09247055884616479,0.4692718888022016
calibrate_then_close,93,16,0,0,certified_reset,0,1,0.03609800770581537,0.03210413318742883,0.003993874518386541,0.019969372591932703,0.0,0.0,0,0,0.0029941034000184573,0.013023470521460632,0.002627698837439157,-0.0006879995259420728,0.0029941034000184573,0.013023470521460632,-0.022166325436757922,5.1778245950412344e-05,0.09247055884616479,0.4692718888022016
calibrate_then_close,93,17,0,0,certified_reset,0,1,0.03210413318742883,0.02811025866904229,0.003993874518386541,0.015975498073546163,0.0,0.0,0,0,0.002627698837439157,-0.0006879995259420728,-0.0012373006573443283,0.0016906354954541454,0.002627698837439157,-0.0006879995259420728,-0.001602038248285816,7.054166146588737e-06,0.09247055884616479,0.4692718888022016
calibrate_then_close,93,18,0,0,certified_reset,0,1,0.02811025866904229,0.02411638415065575,0.003993874518386541,0.011981623555159623,0.0,0.0,0,0,-0.0012373006573443283,0.0016906354954541454,-0.0018525923148995538,-0.003288719868112206,-0.0012373006573443283,0.0016906354954541454,-0.0012595490064302313,2.0850592172827984e-06,0.09247055884616479,0.4692718888022016
calibrate_then_close,93,19,0,0,certified_reset,0,1,0.02411638415065575,0.02012250963226921,0.003993874518386541,0.007987749036773082,0.0,0.0,0,0,-0.0018525923148995538,-0.003288719868112206,-0.003406273033578137,0.0016396591062296224,-0.0018525923148995538,-0.003288719868112206,0.006686076266147979,6.4965107879084435e-06,0.09247055884616479,0.4692718888022016
calibrate_then_close,93,20,0,0,certified_reset,0,1,0.02012250963226921,0.01612863511388267,0.003993874518386541,0.003993874518386541,0.0,0.0,0,0,-0.003406273033578137,0.0016396591062296224,-0.006105982522912955,0.009138435352655117,-0.003406273033578137,0.0016396591062296224,0.000979255252637116,1.2110596257762547e-05,0.09247055884616479,0.4692718888022016
calibrate_then_close,93,21,1,1,certified_reset,0,1,0.01612863511388267,0.01213476059549613,0.003993874518386541,0.0,0.0,0.0,0,0,-0.006105982522912955,0.009138435352655117,-0.00322024493759273,0.023694346061596403,-0.006105982522912955,0.009138435352655117,-0.007378057175885406,5.3675895887422546e-05,0.09744082949644373,0.49914169846942547
calibrate_then_close,94,0,0,0,certified_reset,0,1,0.1,0.09600612548161347,0.003993874518386541,0.08387136488611735,0.0,0.0,0,0,5.692716106137258,0.593171006082868,5.504405582058199,-0.9467717551871678,5.692716106137258,0.593171006082868,-1.55,32.53041249671687,0.09247055884616479,0.4692718888022016
calibrate_then_close,94,1,0,0,certified_reset,0,1,0.09600612548161347,0.09201225096322693,0.003993874518386541,0.07987749036773081,0.0,0.0,0,0,5.504405582058199,-0.9467717551871678,3.7793561610129087,-2.4939132382669285,5.504405582058199,-0.9467717551871678,-1.5499999999999992,30.519891127949098,0.09247055884616479,0.4692718888022016
calibrate_then_close,94,2,0,0,certified_reset,0,1,0.09201225096322693,0.0880183764448404,0.003993874518386541,0.07588361584934428,0.0,0.0,0,0,3.7793561610129087,-2.4939132382669285,1.4717434519395955,-2.127707270337467,3.7793561610129087,-2.4939132382669285,0.3693395340993344,15.406471867272995,0.09247055884616479,0.4692718888022016
calibrate_then_close,94,3,0,0,certified_reset,0,1,0.0880183764448404,0.08402450192645386,0.003993874518386541,0.07188974133095774,0.0,0.0,0,0,1.4717434519395955,-2.127707270337467,0.12203708758814837,-0.5813120791463043,1.4717434519395955,-2.127707270337467,1.55,3.0409761694115214,0.09247055884616479,0.4692718888022016
calibrate_then_close,94,4,0,0,certified_reset,0,1,0.08402450192645386,0.08003062740806732,0.003993874518386541,0.0678958668125712,0.0,0.0,0,0,0.12203708758814837,-0.5813120791463043,-0.09630746752054153,0.1541989132163795,0.12203708758814837,-0.5813120791463043,0.7348080280409738,0.08921789370388586,0.09247055884616479,0.4692718888022016
calibrate_then_close,94,5,2,2,certified_reset,0,1,0.08003062740806732,0.07603675288968079,0.003993874518386541,0.06390199229418467,0.0,0.0,0,0,-0.09630746752054153,0.1541989132163795,-0.058521604825665305,0.024429558965598078,-0.09630746752054153,0.1541989132163795,-0.1312523290593046,0.013985722517987718,0.10372612354602789,0.5374732092193446
calibrate_then_close,94,6,2,2,certified_reset,0,1,0.07603675288968079,0.07204287837129425,0.003993874518386541,0.05990811777579813,0.0,0.0,0,0,-0.058521604825665305,0.024429558965598078,-0.05630408359911228,0.027608140243159125,-0.058521604825665305,0.024429558965598078,0.022288344757785353,0.003544622092398034,0.10372612354602789,0.5374732092193446
calibrate_then_close,94,7,2,2,certified_reset,0,1,0.07204287837129425,0.06804900385290771,0.003993874518386541,0.05591424325741159,0.0,0.0,0,0,-0.05630408359911228,0.027608140243159125,-0.035272381282118556,0.10073709260305977,-0.05630408359911228,0.027608140243159125,0.01540052419107346,0.0033132769269532897,0.10372612354602789,0.5374732092193446
calibrate_then_close,94,8,1,1,certified_reset,0,1,0.06804900385290771,0.06405512933452118,0.003993874518386541,0.051920368739025044,0.0,0.0,0,0,-0.035272381282118556,0.10073709260305977,-0.001859178140727693,-0.02228973802324684,-0.035272381282118556,0.10073709260305977,-0.11327611388836548,0.003391560959453535,0.09744082949644373,0.49914169846942547
calibrate_then_close,94,9,1,1,certified_reset,0,1,0.06405512933452118,0.060061254816134634,0.003993874518386541,0.0479264942206385,0.0,0.0,0,0,-0.001859178140727693,-0.02228973802324684,-0.0013274675666182338,-0.002986822344764972,-0.001859178140727693,-0.02228973802324684,0.03468781315445679,0.00012296748870101797,0.09744082949644373,0.49914169846942547
calibrate_then_close,94,10,1,1,certified_reset,0,1,0.060061254816134634,0.05606738029774809,0.003993874518386541,0.04393261970225196,0.0,0.0,0,0,-0.0013274675666182338,-0.002986822344764972,0.0026536755820511003,-0.003517284091921029,-0.0013274675666182338,-0.002986822344764972,0.005723016293290721,4.186792417208829e-06,0.09744082949644373,0.49914169846942547
calibrate_then_close,94,11,1,1,certified_reset,0,1,0.05606738029774809,0.05207350577936155,0.003993874518386541,0.039938745183865414,0.0,0.0,0,0,0.0026536755820511003,-0.003517284091921029,0.016067381950529647,-0.029228968351800527,0.0026536755820511003,-0.003517284091921029,0.0025394042590309194,9.430040173534388e-06,0.09744082949644373,0.49914169846942547
calibrate_then_close,94,12,1,1,certified_reset,0,1,0.05207350577936155,0.048079631260975,0.003993874518386541,0.03594487066547887,0.0,0.0,0,0,0.016067381950529647,-0.029228968351800527,0.008327233836812234,-0.004580909679921575,0.016067381950529647,-0.029228968351800527,0.02705188760622758,0.0004302357446846053,0.09744082949644373,0.49914169846942547
calibrate_then_close,94,13,1,1,certified_reset,0,1,0.048079631260975,0.04408575674258846,0.003993874518386541,0.03195099614709233,0.0,0.0,0,0,0.008327233836812234,-0.004580909679921575,0.007489556492996255,0.004627211168998279,0.008327233836812234,-0.004580909679921575,-0.0015417412750685757,7.31794995561397e-05,0.09744082949644373,0.49914169846942547
calibrate_then_close,94,14,1,1,certified_reset,0,1,0.04408575674258846,0.040091882224201916,0.003993874518386541,0.027957121628705783,0.0,0.0,0,0,0.007489556492996255,0.004627211168998279,-0.0016709717214255081,-0.02108028662922999,0.007489556492996255,0.004627211168998279,-0.014271909386188521,6.503963637642219e-05,0.09744082949644373,0.49914169846942547
calibrate_then_close,94,15,1,1,certified_reset,0,1,0.040091882224201916,0.03609800770581537,0.003993874518386541,0.023963247110319243,0.0,0.0,0,0,-0.0016709717214255081,-0.02108028662922999,-0.013319263020346337,0.03291996686265682,-0.0016709717214255081,-0.02108028662922999,0.03271893869716797,0.00010954349741721831,0.09744082949644373,0.49914169846942547
calibrate_then_close,94,16,0,0,certified_reset,0,1,0.03609800770581537,0.03210413318742883,0.003993874518386541,0.019969372591932703,0.0,0.0,0,0,-0.013319263020346337,0.03291996686265682,0.006567698896009201,0.00014166529141255817,-0.013319263020346337,0.03291996686265682,-0.03523004003159671,0.00040350201970377927,0.09247055884616479,0.4692718888022016
calibrate_then_close,94,17,0,0,certified_reset,0,1,0.03210413318742883,0.02811025866904229,0.003993874518386541,0.015975498073546163,0.0,0.0,0,0,0.006567698896009201,0.00014166529141255817,0.006846185789539418,-0.016082982293994175,0.006567698896009201,0.00014166529141255817,-0.006752649784441103,4.427823819628567e-05,0.09247055884616479,0.4692718888022016
calibrate_then_close,94,18,0,0,certified_reset,0,1,0.02811025866904229,0.02411638415065575,0.003993874518386541,0.011981623555159623,0.0,0.0,0,0,0.006846185789539418,-0.016082982293994175,0.010775396512438605,-0.0014241173943771706,0.006846185789539418,-0.016082982293994175,0.016873096232585497,0.00010054701178115115,0.09247055884616479,0.4692718888022016
calibrate_then_close,94,19,2,2,certified_reset,0,1,0.02411638415065575,0.02012250963226921,0.003993874518386541,0.007987749036773082,0.0,0.0,0,0,0.010775396512438605,-0.0014241173943771706,0.04196573178649398,-0.003339569244697046,0.010775396512438605,-0.0014241173943771706,-0.008633622030461186,0.00011833771559792985,0.10372612354602789,0.5374732092193446
calibrate_then_close,94,20,2,2,certified_reset,0,1,0.02012250963226921,0.01612863511388267,0.003993874518386541,0.003993874518386541,0.0,0.0,0,0,0.04196573178649398,-0.003339569244697046,0.025628009714616387,-0.014244955792334247,0.04196573178649398,-0.003339569244697046,-0.03687027724696399,0.0017971155680758738,0.10372612354602789,0.5374732092193446
calibrate_then_close,94,21,2,2,certified_reset,0,1,0.01612863511388267,0.01213476059549613,0.003993874518386541,0.0,0.0,0.0,0,0,0.025628009714616387,-0.014244955792334247,0.024788088770501954,0.05273884391907943,0.025628009714616387,-0.014244955792334247,-0.004531990894910641,0.0006938337332638609,0.10372612354602789,0.5374732092193446
calibrate_then_close,95,0,0,0,certified_reset,0,1,0.1,0.09600612548161347,0.003993874518386541,0.08387136488611735,0.0,0.0,0,0,-5.595990948444393,-0.44611311047306257,-5.271058712802249,1.0989538923679232,-5.595990948444393,-0.44611311047306257,1.55,31.411000238392045,0.09247055884616479,0.4692718888022016
calibrate_then_close,95,1,0,0,certified_reset,0,1,0.09600612548161347,0.09201225096322693,0.003993874518386541,0.07987749036773081,0.0,0.0,0,0,-5.271058712802249,1.0989538923679232,-3.3904942239402267,2.6622941401670577,-5.271058712802249,1.0989538923679232,1.55,28.061508392167614,0.09247055884616479,0.4692718888022016
calibrate_then_close,95,2,0,0,certified_reset,0,1,0.09201225096322693,0.0880183764448404,0.003993874518386541,0.07588361584934428,0.0,0.0,0,0,-3.3904942239402267,2.6622941401670577,-1.1411923501214172,1.8433426847425796,-3.3904942239402267,2.6622941401670577,-0.8233651493316424,12.788205152778602,0.09247055884616479,0.4692718888022016
calibrate_then_close,95,3,0,0,certified_reset,0,1,0.0880183764448404,0.08402450192645386,0.003993874518386541,0.07188974133095774,0.0,0.0,0,0,-1.1411923501214172,1.8433426847425796,-0.07773434430936708,0.2844246743408096,-1.1411923501214172,1.8433426847425796,-1.55,1.97400668558656,0.09247055884616479,0.4692718888022016
calibrate_then_close,95,4,0,0,certified_reset,0,1,0.08402450192645386,0.08003062740806732,0.003993874518386541,0.0678958668125712,0.0,0.0,0,0,-0.07773434430936708,0.2844246743408096,0.03193481779821786,-0.06785275066842326,-0.07773434430936708,0.2844246743408096,-0.341580059326632,0.023521082875744472,0.09247055884616479,0.4692718888022016
calibrate_then_close,95,5,0,0,certified_reset,0,1,0.08003062740806732,0.07603675288968079,0.003993874518386541,0.06390199229418467,0.0,0.0,0,0,0.03193481779821786,-0.06785275066842326,0.004628322499596656,0.006367198487220717,0.03193481779821786,-0.06785275066842326,0.06815841808009078,0.0019646910758737016,0.09247055884616479,0.4692718888022016
calibrate_then_close,95,6,0,0,certified_reset,0,1,0.07603675288968079,0.07204287837129425,0.003993874518386541,0.05990811777579813,0.0,0.0,0,0,0.004628322499596656,0.006367198487220717,0.004846395284967848,-0.01081206538073861,0.004628322499596656,0.006367198487220717,-0.013989983371862613,3.361177901251729e-05,0.09247055884616479,0.4692718888022016
calibrate_then_close,95,7,0,0,certified_reset,0,1,0.07204287837129425,0.06804900385290771,0.003993874518386541,0.05591424325741159,0.0,0.0,0,0,0.004846395284967848,-0.01081206538073861,-0.004112490334354615,-0.007701823615506509,0.004846395284967848,-0.01081206538073861,0.011100423502677016,4.761016871015414e-05,0.09247055884616479,0.4692718888022016
calibrate_then_close,95,8,0,0,certified_reset,0,1,0.06804900385290771,0.06405512933452118,0.003993874518386541,0.051920368739025044,0.0,0.0,0,0,-0.004112490334354615,-0.007701823615506509,-0.014185809463143795,0.014481876575511005,-0.004112490334354615,-0.007701823615506509,0.015435330580603169,3.354606816425999e-05,0.09247055884616479,0.4692718888022016
calibrate_then_close,95,9,0,0,certified_reset,0,1,0.06405512933452118,0.060061254816134634,0.003993874518386541,0.0479264942206385,0.0,0.0,0,0,-0.014185809463143795,0.014481876575511005,0.0038191801854392266,0.010436907067068138,-0.014185809463143795,0.014481876575511005,-0.00720366618321922,0.00024028496513330163,0.09247055884616479,0.4692718888022016
calibrate_then_close,95,10,0,0,certified_reset,0,1,0.060061254816134634,0.05606738029774809,0.003993874518386541,0.04393261970225196,0.0,0.0,0,0,0.0038191801854392266,0.010436907067068138,0.014010259333128229,-0.016403147458976607,0.0038191801854392266,0.010436907067068138,-0.019176084951670443,4.338641838348468e-05,0.09247055884616479,0.4692718888022016
calibrate_then_close,95,11,0,0,certified_reset,0,1,0.05606738029774809,0.05207350577936155,0.003993874518386541,0.039938745183865414,0.0,0.0,0,0,0.014010259333128229,-0.016403147458976607,0.0033146302077220655,-0.00439696021544446,0.014010259333128229,-0.016403147458976607,0.010208795220459047,0.00024732423845880586,0.09247055884616479,0.4692718888022016
calibrate_then_close,95,12,0,0,certified_reset,0,1,0.05207350577936155,0.048079631260975,0.003993874518386541,0.03594487066547887,0.0,0.0,0,0,0.0033146302077220655,-0.00439696021544446,0.0034735322360640386,-0.0034682112996266153,0.0033146302077220655,-0.00439696021544446,0.003179792395964546,1.4719537050495722e-05,0.09247055884616479,0.4692718888022016
calibrate_then_close,95,13,0,0,certified_reset,0,1,0.048079631260975,0.04408575674258846,0.003993874518386541,0.03195099614709233,0.0,0.0,0,0,0.0034735322360640386,-0.0034682112996266153,-0.00012198781111050032,-0.004171127636238307,0.0034735322360640386,-0.0034682112996266153,0.001649890343198702,1.4298607779984941e-05,0.09247055884616479,0.4692718888022016
calibrate_then_close,95,14,0,0,certified_reset,0,1,0.04408575674258846,0.040091882224201916,0.003993874518386541,0.027957121628705783,0.0,0.0,0,0,-0.00012198781111050032,-0.004171127636238307,0.00846446254378043,-0.007383825546130643,-0.00012198781111050032,-0.004171127636238307,0.006263932276470281,4.127497251567059e-06,0.09247055884616479,0.4692718888022016
calibrate_then_close,95,15,0,0,certified_reset,0,1,0.040091882224201916,0.03609800770581537,0.003993874518386541,0.023963247110319243,0.0,0.0,0,0,0.00846446254378043,-0.007383825546130643,0.005342459992207683,-0.012675312840227482,0.00846446254378043,-0.007383825546130643,0.00244963410218837,8.161090218115144e-05,0.09247055884616479,0.4692718888022016
calibrate_then_close,95,16,0,0,certified_reset,0,1,0.03609800770581537,0.03210413318742883,0.003993874518386541,0.019969372591932703,0.0,0.0,0,0,0.005342459992207683,-0.012675312840227482,-0.007007997883018897,-0.003403287428106779,0.005342459992207683,-0.012675312840227482,0.013350639114776373,6.191730789523907e-05,0.09247055884616479,0.4692718888022016
calibrate_then_close,95,17,0,0,certified_reset,0,1,0.03210413318742883,0.02811025866904229,0.003993874518386541,0.015975498073546163,0.0,0.0,0,0,-0.007007997883018897,-0.003403287428106779,-0.0013507074743013686,0.010709946699883295,-0.007007997883018897,-0.003403287428106779,0.011990986948910388,5.479145428591656e-05,0.09247055884616479,0.4692718888022016
calibrate_then_close,95,18,0,0,certified_reset,0,1,0.02811025866904229,0.02411638415065575,0.003993874518386541,0.011981623555159623,0.0,0.0,0,0,-0.0013507074743013686,0.010709946699883295,0.0024103867107156812,-0.013022973224465733,-0.0013507074743013686,0.010709946699883295,-0.014432261584694418,2.7678197538941132e-05,0.09247055884616479,0.4692718888022016
calibrate_then_close,95,19,0,0,certified_reset,0,1,0.02411638415065575,0.02012250963226921,0.003993874518386541,0.007987749036773082,0.0,0.0,0,0,0.0024103867107156812,-0.013022973224465733,-0.0009507886402072853,0.013775698192437328,0.0024103867107156812,-0.013022973224465733,0.016784809840798113,4.338081981891584e-05,0.09247055884616479,0.4692718888022016
calibrate_then_close,95,20,0,0,certified_reset,0,1,0.02012250963226921,0.01612863511388267,0.003993874518386541,0.003993874518386541,0.0,0.0,0,0,-0.0009507886402072853,0.013775698192437328,-0.0032145779965310067,0.002845908404333965,-0.0009507886402072853,0.013775698192437328,-0.019350221650985395,4.442335091094561e-05,0.09247055884616479,0.4692718888022016
calibrate_then_close,95,21,0,0,certified_reset,0,1,0.01612863511388267,0.01213476059549613,0.003993874518386541,0.0,0.0,0.0,0,0,-0.0032145779965310067,0.002845908404333965,-0.007857919756231334,-0.005807407045756861,-0.0032145779965310067,0.002845908404333965,-0.0009962291965887578,1.1816178547339264e-05,0.09247055884616479,0.4692718888022016
calibrate_then_close,96,0,0,0,certified_reset,0,1,0.1,0.09600612548161347,0.003993874518386541,0.08387136488611735,0.0,0.0,0,0,1.8051913801460557,0.5419625382454137,1.5695822145195713,-1.002105313448118,1.8051913801460557,0.5419625382454137,-1.5499999999999796,3.3716486296686745,0.09247055884616479,0.4692718888022016
calibrate_then_close,96,1,1,1,certified_reset,0,1,0.09600612548161347,0.09201225096322693,0.003993874518386541,0.07987749036773081,0.0,0.0,0,0,1.5695822145195713,-1.002105313448118,0.5398879329135309,-1.0837335347914008,1.5695822145195713,-1.002105313448118,-0.08673845299033546,2.6445351277802116,0.09744082949644373,0.49914169846942547
calibrate_then_close,96,2,0,0,certified_reset,0,1,0.09201225096322693,0.0880183764448404,0.003993874518386541,0.07588361584934428,0.0,0.0,0,0,0.5398879329135309,-1.0837335347914008,-0.01565422280124056,-0.030951066443990188,0.5398879329135309,-1.0837335347914008,1.0588399007057168,0.530913635886471,0.09247055884616479,0.4692718888022016
calibrate_then_close,96,3,0,0,certified_reset,0,1,0.0880183764448404,0.08402450192645386,0.003993874518386541,0.07188974133095774,0.0,0.0,0,0,-0.01565422280124056,-0.030951066443990188,-0.015792473783853428,0.02041627092280606,-0.01565422280124056,-0.030951066443990188,0.061179572558868946,0.0005110625264966807,0.09247055884616479,0.4692718888022016
calibrate_then_close,96,4,0,0,certified_reset,0,1,0.08402450192645386,0.08003062740806732,0.003993874518386541,0.0678958668125712,0.0,0.0,0,0,-0.015792473783853428,0.02041627092280606,0.0007478633418911808,0.00964340001862198,-0.015792473783853428,0.02041627092280606,-0.014352658608069117,0.00032958053975250723,0.09247055884616479,0.4692718888022016
calibrate_then_close,96,5,0,0,certified_reset,0,1,0.08003062740806732,0.07603675288968079,0.003993874518386541,0.06390199229418467,0.0,0.0,0,0,0.0007478633418911808,0.00964340001862198,0.00886424152551694,-0.00761477337477247,0.0007478633418911808,0.00964340001862198,-0.014949801274698686,2.2885843037417722e-05,0.09247055884616479,0.4692718888022016
calibrate_then_close,96,6,0,0,certified_reset,0,1,0.07603675288968079,0.07204287837129425,0.003993874518386541,0.05990811777579813,0.0,0.0,0,0,0.00886424152551694,-0.00761477337477247,0.008366999603943371,-0.008439464390323247,0.00886424152551694,-0.00761477337477247,0.0023864268042118417,8.915441288384129e-05,0.09247055884616479,0.4692718888022016
calibrate_then_close,96,7,0,0,certified_reset,0,1,0.07204287837129425,0.06804900385290771,0.003993874518386541,0.05591424325741159,0.0,0.0,0,0,0.008366999603943371,-0.008439464390323247,0.003895478504387119,-0.0010999677148241537,0.008366999603943371,-0.008439464390323247,0.004099379628328219,8.324722586101348e-05,0.09247055884616479,0.4692718888022016
calibrate_then_close,96,8,0,0,certified_reset,0,1,0.06804900385290771,0.06405512933452118,0.003993874518386541,0.051920368739025044,0.0,0.0,0,0,0.003895478504387119,-0.0010999677148241537,0.004980114243533496,0.006047079383074989,0.003895478504387119,-0.0010999677148241537,-0.002259516785508203,1.552017539599992e-05,0.09247055884616479,0.4692718888022016
calibrate_then_close,96,9,0,0,certified_reset,0,1,0.06405512933452118,0.060061254816134634,0.003993874518386541,0.0479264942206385,0.0,0.0,0,0,0.004980114243533496,0.006047079383074989,-0.0038520080103480433,0.001870576910045425,0.004980114243533496,0.006047079383074989,-0.013865938071009115,3.619023427510961e-05,0.09247055884616479,0.4692718888022016
calibrate_then_close,96,10,0,0,certified_reset,0,1,0.060061254816134634,0.05606738029774809,0.003993874518386541,0.04393261970225196,0.0,0.0,0,0,-0.0038520080103480433,0.001870576910045425,-0.011530834480451342,-0.006415540617411673,-0.0038520080103480433,0.001870576910045425,0.0010789191710055374,1.5496897811975686e-05,0.09247055884616479,0.4692718888022016
calibrate_then_close,96,11,0,0,certified_reset,0,1,0.05606738029774809,0.05207350577936155,0.003993874518386541,0.039938745183865414,0.0,0.0,0,0,-0.011530834480451342,-0.006415540617411673,-0.009680506859411922,0.003213318874813501,-0.011530834480451342,-0.006415540617411673,0.020934158993735432,0.00015132476818939902,0.09247055884616479,0.4692718888022016
calibrate_then_close,96,12,0,0,certified_reset,0,1,0.05207350577936155,0.048079631260975,0.003993874518386541,0.03594487066547887,0.0,0.0,0,0,-0.009680506859411922,0.003213318874813501,-0.001205968884553153,0.0017233453632483483,-0.009680506859411922,0.003213318874813501,0.004908593778871062,9.617314565169245e-05,0.09247055884616479,0.4692718888022016
calibrate_then_close,96,13,0,0,certified_reset,0,1,0.048079631260975,0.04408575674258846,0.003993874518386541,0.03195099614709233,0.0,0.0,0,0,-0.001205968884553153,0.0017233453632483483,-0.011541345449911842,0.012467409574063362,-0.001205968884553153,0.0017233453632483483,-0.00133746074534804,2.033666445029374e-06,0.09247055884616479,0.4692718888022016
calibrate_then_close,96,14,0,0,certified_reset,0,1,0.04408575674258846,0.040091882224201916,0.003993874518386541,0.027957121628705783,0.0,0.0,0,0,-0.011541345449911842,0.012467409574063362,-0.007376424754305946,0.0034836925018993546,-0.011541345449911842,0.012467409574063362,-0.006876667167271568,0.00016236340284517695,0.09247055884616479,0.4692718888022016
calibrate_then_close,96,15,0,0,certified_reset,0,1,0.040091882224201916,0.03609800770581537,0.003993874518386541,0.023963247110319243,0.0,0.0,0,0,-0.007376424754305946,0.0034836925018993546,0.0023403180508276065,0.01145987192588305,-0.007376424754305946,0.0034836925018993546,0.002209104134747169,5.671814610349363e-05,0.09247055884616479,0.4692718888022016
calibrate_then_close,96,16,0,0,certified_reset,0,1,0.03609800770581537,0.03210413318742883,0.003993874518386541,0.019969372591932703,0.0,0.0,0,0,0.0023403180508276065,0.01145987192588305,0.013717741141464915,-0.023723667774246497,0.0023403180508276065,0.01145987192588305,-0.019214837015226333,3.834649723744798e-05,0.09247055884616479,0.4692718888022016
calibrate_then_close,96,17,0,0,certified_reset,0,1,0.03210413318742883,0.02811025866904229,0.003993874518386541,0.015975498073546163,0.0,0.0,0,0,0.013717741141464915,-0.023723667774246497,0.00411169581229338,-0.01050158875810777,0.013717741141464915,-0.023723667774246497,0.021288375858014345,0.00030081252997034925,0.09247055884616479,0.4692718888022016
calibrate_then_close,96,18,0,0,certified_reset,0,1,0.02811025866904229,0.02411638415065575,0.003993874518386541,0.011981623555159623,0.0,0.0,0,0,0.00411169581229338,-0.01050158875810777,-0.0014879426787887744,-7.065534950093176e-05,0.00411169581229338,-0.01050158875810777,0.011375798455846329,3.9992268175526605e-05,0.09247055884616479,0.4692718888022016
calibrate_then_close,96,19,0,0,certified_reset,0,1,0.02411638415065575,0.02012250963226921,0.003993874518386541,0.007987749036773082,0.0,0.0,0,0,-0.0014879426787887744,-7.065534950093176e-05,0.003235823927373477,0.018045825916414227,-0.0014879426787887744,-7.065534950093176e-05,0.0015896981600538823,2.2780505134774392e-06,0.09247055884616479,0.4692718888022016
calibrate_then_close,96,20,0,0,certified_reset,0,1,0.02012250963226921,0.01612863511388267,0.003993874518386541,0.003993874518386541,0.0,0.0,0,0,0.003235823927373477,0.018045825916414227,0.009927678474528384,-0.00918167702307004,0.003235823927373477,0.018045825916414227,-0.029806408902882837,9.129843672210396e-05,0.09247055884616479,0.4692718888022016
calibrate_then_close,96,21,0,0,certified_reset,0,1,0.01612863511388267,0.01213476059549613,0.003993874518386541,0.0,0.0,0.0,0,0,0.009927678474528384,-0.00918167702307004,0.010605717437761737,-0.010732792548224367,0.009927678474528384,-0.00918167702307004,0.0036395844438466486,0.0001140645389987865,0.09247055884616479,0.4692718888022016
calibrate_then_close,97,0,0,0,certified_reset,0,1,0.1,0.09600612548161347,0.003993874518386541,0.08387136488611735,0.0,0.0,0,0,-4.425194162092142,-0.12046374737341975,-3.771888110873305,1.4344178907075742,-4.425194162092142,-0.12046374737341975,1.55,19.645017944811997,0.09247055884616479,0.4692718888022016
calibrate_then_close,97,1,0,0,certified_reset,0,1,0.09600612548161347,0.09201225096322693,0.003993874518386541,0.07987749036773081,0.0,0.0,0,0,-3.771888110873305,1.4344178907075742,-1.877849554964061,2.362283383482095,-3.771888110873305,1.4344178907075742,0.9352040097689077,14.619364927777339,0.09247055884616479,0.4692718888022016
calibrate_then_close,97,2,0,0,certified_reset,0,1,0.09201225096322693,0.0880183764448404,0.003993874518386541,0.07588361584934428,0.0,0.0,0,0,-1.877849554964061,2.362283383482095,-0.28143944209464766,0.8010971790502377,-1.877849554964061,2.362283383482095,-1.55,4.590850352176333,0.09247055884616479,0.4692718888022016
calibrate_then_close,97,3,0,0,certified_reset,0,1,0.0880183764448404,0.08402450192645386,0.003993874518386541,0.07188974133095774,0.0,0.0,0,0,-0.28143944209464766,0.8010971790502377,0.07185489594295459,-0.09087408064375514,-0.28143944209464766,0.8010971790502377,-0.8998444521853549,0.2149673647705703,0.09247055884616479,0.4692718888022016
calibrate_then_close,97,4,0,0,certified_reset,0,1,0.08402450192645386,0.08003062740806732,0.003993874518386541,0.0678958668125712,0.0,0.0,0,0,0.07185489594295459,-0.09087408064375514,0.017290333081542666,-0.030338413214188058,0.07185489594295459,-0.09087408064375514,0.06231986806836261,0.006746677955786874,0.09247055884616479,0.4692718888022016
calibrate_then_close,97,5,0,0,certified_reset,0,1,0.08003062740806732,0.07603675288968079,0.003993874518386541,0.06390199229418467,0.0,0.0,0,0,0.017290333081542666,-0.030338413214188058,0.007172515824892833,-0.0034606427882223445,0.017290333081542666,-0.030338413214188058,0.027477930848737696,0.0004835070121077567,0.09247055884616479,0.4692718888022016
calibrate_then_close,97,6,0,0,certified_reset,0,1,0.07603675288968079,0.07204287837129425,0.003993874518386541,0.05990811777579813,0.0,0.0,0,0,0.007172515824892833,-0.0034606427882223445,0.007417568320155988,-0.007222814703230752,0.007172515824892833,-0.0034606427882223445,-0.0020406638462724218,5.370477971305676e-05,0.09247055884616479,0.4692718888022016
calibrate_then_close,97,7,0,0,certified_reset,0,1,0.07204287837129425,0.06804900385290771,0.003993874518386541,0.05591424325741159,0.0,0.0,0,0,0.007417568320155988,-0.007222814703230752,0.0011071581031101925,0.007305124406116619,0.007417568320155988,-0.007222814703230752,0.0032513431546306423,6.467502999460795e-05,0.09247055884616479,0.4692718888022016
calibrate_then_close,97,8,0,0,certified_reset,0,1,0.06804900385290771,0.06405512933452118,0.003993874518386541,0.051920368739025044,0.0,0.0,0,0,0.0011071581031101925,0.007305124406116619,0.007639812838408783,-0.00930126347541221,0.0011071581031101925,0.007305124406116619,-0.011861405191867756,1.4348794059415567e-05,0.09247055884616479,0.4692718888022016
calibrate_then_close,97,9,0,0,certified_reset,0,1,0.06405512933452118,0.060061254816134634,0.003993874518386541,0.0479264942206385,0.0,0.0,0,0,0.007639812838408783,-0.00930126347541221,0.005364871855491041,-0.008406769860797969,0.007639812838408783,-0.00930126347541221,0.00608874545946718,7.486599114069692e-05,0.09247055884616479,0.4692718888022016
calibrate_then_close,97,10,0,0,certified_reset,0,1,0.060061254816134634,0.05606738029774809,0.003993874518386541,0.04393261970225196,0.0,0.0,0,0,0.005364871855491041,-0.008406769860797969,-0.0027291295418480827,-0.012288259919814344,0.005364871855491041,-0.008406769860797969,0.007039471102006091,4.274198416937515e-05,0.09247055884616479,0.4692718888022016
calibrate_then_close,97,11,0,0,certified_reset,0,1,0.05606738029774809,0.05207350577936155,0.003993874518386541,0.039938745183865414,0.0,0.0,0,0,-0.0027291295418480827,-0.012288259919814344,-7.400697086374416e-05,0.003274756038893139,-0.0027291295418480827,-0.012288259919814344,0.020819139562912932,4.5464302093933904e-05,0.09247055884616479,0.4692718888022016
calibrate_then_close,97,12,0,0,certified_reset,0,1,0.05207350577936155,0.048079631260975,0.003993874518386541,0.03594487066547887,0.0,0.0,0,0,-7.400697086374416e-05,0.003274756038893139,-0.0037012874810988233,-0.0075500466912111555,-7.400697086374416e-05,0.003274756038893139,-0.0047497770845810645,2.4998114711347866e-06,0.09247055884616479,0.4692718888022016
calibrate_then_close,97,13,0,0,certified_reset,0,1,0.048079631260975,0.04408575674258846,0.003993874518386541,0.03195099614709233,0.0,0.0,0,0,-0.0037012874810988233,-0.0075500466912111555,-0.0032330410628316456,0.007572379235475497,-0.0037012874810988233,-0.0075500466912111555,0.014802445481268594,2.943791573049143e-05,0.09247055884616479,0.4692718888022016
calibrate_then_close,97,14,0,0,certified_reset,0,1,0.04408575674258846,0.040091882224201916,0.003993874518386541,0.027957121628705783,0.0,0.0,0,0,-0.0032330410628316456,0.007572379235475497,0.008904188195366397,0.005944639246458826,-0.0032330410628316456,0.007572379235475497,-0.007934582375913752,2.2347861362414488e-05,0.09247055884616479,0.4692718888022016
calibrate_then_close,97,15,0,0,certified_reset,0,1,0.040091882224201916,0.03609800770581537,0.003993874518386541,0.023963247110319243,0.0,0.0,0,0,0.008904188195366397,0.005944639246458826,0.0010628889243735644,-0.012586678258812392,0.008904188195366397,0.005944639246458826,-0.017621773590539028,9.34087124691047e-05,0.09247055884616479,0.4692718888022016
calibrate_then_close,97,16,0,0,certified_reset,0,1,0.03609800770581537,0.03210413318742883,0.003993874518386541,0.019969372591932703,0.0,0.0,0,0,0.0010628889243735644,-0.012586678258812392,-0.0011471322766339678,0.007154237570940561,0.0010628889243735644,-0.012586678258812392,0.017485257357310786,3.7289493013195666e-05,0.09247055884616479,0.4692718888022016
calibrate_then_close,97,17,0,0,certified_reset,0,1,0.03210413318742883,0.02811025866904229,0.003993874518386541,0.015975498073546163,0.0,0.0,0,0,-0.0011471322766339678,0.007154237570940561,0.00374866393977499,0.0026293049426793875,-0.0011471322766339678,0.007154237570940561,-0.009396045169229646,1.2736014820512876e-05,0.09247055884616479,0.4692718888022016
calibrate_then_close,97,18,0,0,certified_reset,0,1,0.02811025866904229,0.02411638415065575,0.003993874518386541,0.011981623555159623,0.0,0.0,0,0,0.00374866393977499,0.0026293049426793875,0.006056194499333442,-0.0015512967252751786,0.00374866393977499,0.0026293049426793875,-0.007604810632404659,1.674269395892541e-05,0.09247055884616479,0.4692718888022016
calibrate_then_close,97,19,0,0,certified_reset,0,1,0.02411638415065575,0.02012250963226921,0.003993874518386541,0.007987749036773082,0.0,0.0,0,0,0.006056194499333442,-0.0015512967252751786,0.013248152564092765,-0.012415195018952517,0.006056194499333442,-0.0015512967252751786,-0.003743849703448882,3.74610759541799e-05,0.09247055884616479,0.4692718888022016
calibrate_then_close,97,20,0,0,certified_reset,0,1,0.02012250963226921,0.01612863511388267,0.003993874518386541,0.003993874518386541,0.0,0.0,0,0,0.013248152564092765,-0.012415195018952517,0.0020333274330318197,-0.016201948308625078,0.013248152564092765,-0.012415195018952517,0.005100562414381349,0.0002039086119096049,0.09247055884616479,0.4692718888022016
calibrate_then_close,97,21,0,0,certified_reset,0,1,0.01612863511388267,0.01213476059549613,0.003993874518386541,0.0,0.0,0.0,0,0,0.0020333274330318197,-0.016201948308625078,-0.001574425869326314,0.008745474466571073,0.0020333274330318197,-0.016201948308625078,0.02184246756001426,6.331231839684127e-05,0.09247055884616479,0.4692718888022016
calibrate_then_close,98,0,0,0,certified_reset,0,1,0.1,0.09600612548161347,0.003993874518386541,0.08387136488611735,0.0,0.0,0,0,0.7588517701643873,-0.3523174183762391,0.2811641617227086,-0.5937775061979197,0.7588517701643873,-0.3523174183762391,-0.2366400508649503,0.599598933315892,0.09247055884616479,0.4692718888022016
calibrate_then_close,98,1,0,0,certified_reset,0,1,0.09600612548161347,0.09201225096322693,0.003993874518386541,0.07987749036773081,0.0,0.0,0,0,0.2811641617227086,-0.5937775061979197,-0.012726410827258436,0.011488669637619834,0.2811641617227086,-0.5937775061979197,0.5947169822474461,0.15135840389756286,0.09247055884616479,0.4692718888022016
calibrate_then_close,98,2,0,0,certified_reset,0,1,0.09201225096322693,0.0880183764448404,0.003993874518386541,0.07588361584934428,0.0,0.0,0,0,-0.012726410827258436,0.011488669637619834,-0.006609520495968272,0.00862795634195542,-0.012726410827258436,0.011488669637619834,-0.0042500891056604,0.0001861712293869383,0.09247055884616479,0.4692718888022016
calibrate_then_close,98,3,0,0,certified_reset,0,1,0.0880183764448404,0.08402450192645386,0.003993874518386541,0.07188974133095774,0.0,0.0,0,0,-0.006609520495968272,0.00862795634195542,0.0005657597669226566,0.0007122995407514007,-0.006609520495968272,0.00862795634195542,-0.006127708538394268,5.80239749998764e-05,0.09247055884616479,0.4692718888022016
calibrate_then_close,98,4,0,0,certified_reset,0,1,0.08402450192645386,0.08003062740806732,0.003993874518386541,0.0678958668125712,0.0,0.0,0,0,0.0005657597669226566,0.0007122995407514007,-0.003374524189354322,-0.009020674113457205,0.0005657597669226566,0.0007122995407514007,-0.001614048003724712,4.7653960226241006e-07,0.09247055884616479,0.4692718888022016
calibrate_then_close,98,5,0,0,certified_reset,0,1,0.08003062740806732,0.07603675288968079,0.003993874518386541,0.06390199229418467,0.0,0.0,0,0,-0.003374524189354322,-0.009020674113457205,-0.004649087535654887,-0.004168514334562303,-0.003374524189354322,-0.009020674113457205,0.016647967729619673,3.296334530571434e-05,0.09247055884616479,0.4692718888022016
calibrate_then_close,98,6,0,0,certified_reset,0,1,0.07603675288968079,0.07204287837129425,0.003993874518386541,0.05990811777579813,0.0,0.0,0,0,-0.004649087535654887,-0.004168514334562303,0.004408236642657924,0.006937486451484612,-0.004649087535654887,-0.004168514334562303,0.010773059210837486,2.7643257149528145e-05,0.09247055884616479,0.4692718888022016
calibrate_then_close,98,7,0,0,certified_reset,0,1,0.07204287837129425,0.06804900385290771,0.003993874518386541,0.05591424325741159,0.0,0.0,0,0,0.004408236642657924,0.006937486451484612,0.0033634474705932123,-0.005029229235132784,0.004408236642657924,0.006937486451484612,-0.014609342369246752,3.343154169683457e-05,0.09247055884616479,0.4692718888022016
calibrate_then_close,98,8,0,0,certified_reset,0,1,0.06804900385290771,0.06405512933452118,0.003993874518386541,0.051920368739025044,0.0,0.0,0,0,0.0033634474705932123,-0.005029229235132784,0.0039725605034226785,0.0029206928319046766,0.0033634474705932123,-0.005029229235132784,0.004056786145879594,1.6276983139187463e-05,0.09247055884616479,0.4692718888022016
calibrate_then_close,98,9,0,0,certified_reset,0,1,0.06405512933452118,0.060061254816134634,0.003993874518386541,0.0479264942206385,0.0,0.0,0,0,0.0039725605034226785,0.0029206928319046766,0.00019136615406213598,-0.004883799186129995,0.0039725605034226785,0.0029206928319046766,-0.008257438107662196,1.9021349447201725e-05,0.09247055884616479,0.4692718888022016
calibrate_then_close,98,10,0,0,certified_reset,0,1,0.060061254816134634,0.05606738029774809,0.003993874518386541,0.04393261970225196,0.0,0.0,0,0,0.00019136615406213598,-0.004883799186129995,-6.666532444751989e-05,0.011064928553317126,0.00019136615406213598,-0.004883799186129995,0.007001177372041066,5.55530212806995e-06,0.09247055884616479,0.4692718888022016
calibrate_then_close,98,11,0,0,certified_reset,0,1,0.05606738029774809,0.05207350577936155,0.003993874518386541,0.039938745183865414,0.0,0.0,0,0,-6.666532444751989e-05,0.011064928553317126,0.005253793651799867,0.010114935654787119,-6.666532444751989e-05,0.011064928553317126,-0.016232558925512137,2.8629719397441564e-05,0.09247055884616479,0.4692718888022016
calibrate_then_close,98,12,0,0,certified_reset,0,1,0.05207350577936155,0.048079631260975,0.003993874518386541,0.03594487066547887,0.0,0.0,0,0,0.005253793651799867,0.010114935654787119,0.0035811127175076948,-0.019242523250557537,0.005253793651799867,0.010114935654787119,-0.02013099669369247,5.614991962681608e-05,0.09247055884616479,0.4692718888022016
calibrate_then_close,98,13,0,0,certified_reset,0,1,0.048079631260975,0.04408575674258846,0.003993874518386541,0.03195099614709233,0.0,0.0,0,0,0.0035811127175076948,-0.019242523250557537,0.0015962826874443567,-0.006887727536993198,0.0035811127175076948,-0.019242523250557537,0.024784471407977567,9.483056505850132e-05,0.09247055884616479,0.4692718888022016
calibrate_then_close,98,14,0,0,certified_reset,0,1,0.04408575674258846,0.040091882224201916,0.003993874518386541,0.027957121628705783,0.0,0.0,0,0,0.0015962826874443567,-0.006887727536993198,-0.004430086556805957,-0.0020778624547656745,0.0015962826874443567,-0.006887727536993198,0.008556902549566033,1.2917975261597609e-05,0.09247055884616479,0.4692718888022016
calibrate_then_close,98,15,0,0,certified_reset,0,1,0.040091882224201916,0.03609800770581537,0.003993874518386541,0.023963247110319243,0.0,0.0,0,0,-0.004430086556805957,-0.0020778624547656745,0.0050376986061001095,0.010384662753449627,-0.004430086556805957,-0.0020778624547656745,0.007469637676272261,2.179770630472898e-05,0.09247055884616479,0.4692718888022016
calibrate_then_close,98,16,0,0,certified_reset,0,1,0.03609800770581537,0.03210413318742883,0.003993874518386541,0.019969372591932703,0.0,0.0,0,0,0.0050376986061001095,0.010384662753449627,0.012461716082017172,-0.014157587190306777,0.0050376986061001095,0.010384662753449627,-0.020316624090271358,5.510895729705697e-05,0.09247055884616479,0.4692718888022016
calibrate_then_close,98,17,0,0,certified_reset,0,1,0.03210413318742883,0.02811025866904229,0.003993874518386541,0.015975498073546163,0.0,0.0,0,0,0.012461716082017172,-0.014157587190306777,-0.00468631533311328,-0.014921581810584662,0.012461716082017172,-0.014157587190306777,0.008444766362685216,0.00019315592919101886,0.09247055884616479,0.4692718888022016
calibrate_then_close,98,18,0,0,certified_reset,0,1,0.02811025866904229,0.02411638415065575,0.003993874518386541,0.011981623555159623,0.0,0.0,0,0,-0.00468631533311328,-0.014921581810584662,0.0018579639188988362,0.01830671034465637,-0.00468631533311328,-0.014921581810584662,0.026649219875865934,7.979372307257362e-05,0.09247055884616479,0.4692718888022016
calibrate_then_close,98,19,0,0,certified_reset,0,1,0.02411638415065575,0.02012250963226921,0.003993874518386541,0.007987749036773082,0.0,0.0,0,0,0.0018579639188988362,0.01830671034465637,0.011282423248310074,-0.0030850622107303598,0.0018579639188988362,0.01830671034465637,-0.028820547671725656,8.454204498215193e-05,0.09247055884616479,0.4692718888022016
calibrate_then_close,98,20,0,0,certified_reset,0,1,0.02012250963226921,0.01612863511388267,0.003993874518386541,0.003993874518386541,0.0,0.0,0,0,0.011282423248310074,-0.0030850622107303598,0.009644796064609062,-0.019320236810657074,0.011282423248310074,-0.0030850622107303598,-0.006693373232452225,0.00013012627507666408,0.09247055884616479,0.4692718888022016
calibrate_then_close,98,21,0,0,certified_reset,0,1,0.01612863511388267,0.01213476059549613,0.003993874518386541,0.0,0.0,0.0,0,0,0.009644796064609062,-0.019320236810657074,-0.002591441966301142,0.00942533402332534,0.009644796064609062,-0.019320236810657074,0.01885740492514312,0.0001691010132162451,0.09247055884616479,0.4692718888022016
calibrate_then_close,99,0,0,0,certified_reset,0,1,0.1,0.09600612548161347,0.003993874518386541,0.08387136488611735,0.0,0.0,0,0,4.372080674272578,0.2937267848152588,3.8970936555097784,-1.250936439526956,4.372080674272578,0.2937267848152588,-1.5499999999994978,19.190681498688942,0.09247055884616479,0.4692718888022016
calibrate_then_close,99,1,0,0,certified_reset,0,1,0.09600612548161347,0.09201225096322693,0.003993874518386541,0.07987749036773081,0.0,0.0,0,0,3.8970936555097784,-1.250936439526956,2.041929387107475,-2.4777006259055474,3.8970936555097784,-1.250936439526956,-1.212075192677139,15.505738672264698,0.09247055884616479,0.4692718888022016
calibrate_then_close,99,2,0,0,certified_reset,0,1,0.09201225096322693,0.0880183764448404,0.003993874518386541,0.07588361584934428,0.0,0.0,0,0,2.041929387107475,-2.4777006259055474,0.33808425232801426,-0.9341502820884421,2.041929387107475,-2.4777006259055474,1.55,5.334558192423402,0.09247055884616479,0.4692718888022016
calibrate_then_close,99,3,0,0,certified_reset,0,1,0.0880183764448404,0.08402450192645386,0.003993874518386541,0.07188974133095774,0.0,0.0,0,0,0.33808425232801426,-0.9341502820884421,-0.07546718265089677,0.11233086050829606,0.33808425232801426,-0.9341502820884421,1.0394392144313311,0.29838642359929785,0.09247055884616479,0.4692718888022016
calibrate_then_close,99,4,0,0,certified_reset,0,1,0.08402450192645386,0.08003062740806732,0.003993874518386541,0.0678958668125712,0.0,0.0,0,0,-0.07546718265089677,0.11233086050829606,-0.006868982996974635,0.029313375706369396,-0.07546718265089677,0.11233086050829606,-0.09033171577083575,0.00817057112917256,0.09247055884616479,0.4692718888022016
calibrate_then_close,99,5,0,0,certified_reset,0,1,0.08003062740806732,0.07603675288968079,0.003993874518386541,0.06390199229418467,0.0,0.0,0,0,-0.006868982996974635,0.029313375706369396,0.006807102541287706,-0.00021031893662719868,-0.006868982996974635,0.029313375706369396,-0.036346073123703755,0.0002348781723550653,0.09247055884616479,0.4692718888022016
calibrate_then_close,99,6,0,0,certified_reset,0,1,0.07603675288968079,0.07204287837129425,0.003993874518386541,0.05990811777579813,0.0,0.0,0,0,0.006807102541287706,-0.00021031893662719868,0.009449537487542813,-0.010732447766796643,0.006807102541287706,-0.00021031893662719868,-0.006471269450020997,4.739154034489365e-05,0.09247055884616479,0.4692718888022016
calibrate_then_close,99,7,0,0,certified_reset,0,1,0.07204287837129425,0.06804900385290771,0.003993874518386541,0.05591424325741159,0.0,0.0,0,0,0.009449537487542813,-0.010732447766796643,0.005158937491863864,-0.013402749590212409,0.009449537487542813,-0.010732447766796643,0.006397126763778377,0.00011105021781133645,0.09247055884616479,0.4692718888022016
calibrate_then_close,99,8,0,0,certified_reset,0,1,0.06804900385290771,0.06405512933452118,0.003993874518386541,0.051920368739025044,0.0,0.0,0,0,0.005158937491863864,-0.013402749590212409,0.0003807535046320429,0.0030536059094750916,0.005158937491863864,-0.013402749590212409,0.014605473312192096,6.42816976958165e-05,0.09247055884616479,0.4692718888022016
calibrate_then_close,99,9,0,0,certified_reset,0,1,0.06405512933452118,0.060061254816134634,0.003993874518386541,0.0479264942206385,0.0,0.0,0,0,0.0003807535046320429,0.0030536059094750916,0.0010162901977619882,-0.007298039835050498,0.0003807535046320429,0.0030536059094750916,-0.004872155239769318,2.41683227736849e-06,0.09247055884616479,0.4692718888022016
calibrate_then_close,99,10,0,0,certified_reset,0,1,0.060061254816134634,0.05606738029774809,0.003993874518386541,0.04393261970225196,0.0,0.0,0,0,0.0010162901977619882,-0.007298039835050498,-0.012592642298180436,0.0070604439212708725,0.0010162901977619882,-0.007298039835050498,0.009738658024006384,1.2990931646897801e-05,0.09247055884616479,0.4692718888022016
calibrate_then_close,99,11,0,0,certified_reset,0,1,0.05606738029774809,0.05207350577936155,0.003993874518386541,0.039938745183865414,0.0,0.0,0,0,-0.012592642298180436,0.0070604439212708725,-0.006114829781157205,0.018924629453566745,-0.012592642298180436,0.0070604439212708725,0.002141258673240262,0.00016766224107334017,0.09247055884616479,0.4692718888022016
calibrate_then_close,99,12,0,0,certified_reset,0,1,0.05207350577936155,0.048079631260975,0.003993874518386541,0.03594487066547887,0.0,0.0,0,0,-0.006114829781157205,0.018924629453566745,0.008841507011512175,0.011570775528189988,-0.006114829781157205,0.018924629453566745,-0.021790333952070223,0.00011372709758796076,0.09247055884616479,0.4692718888022016
calibrate_then_close,99,13,0,0,certified_reset,0,1,0.048079631260975,0.04408575674258846,0.003993874518386541,0.03195099614709233,0.0,0.0,0,0,0.008841507011512175,0.011570775528189988,0.0051130013115706,-0.015094747385136612,0.008841507011512175,0.011570775528189988,-0.02584831283097879,0.00011897454047809939,0.09247055884616479,0.4692718888022016
calibrate_then_close,99,14,0,0,certified_reset,0,1,0.04408575674258846,0.040091882224201916,0.003993874518386541,0.027957121628705783,0.0,0.0,0,0,0.0051130013115706,-0.015094747385136612,-7.374051060932791e-05,0.006764469174002236,0.0051130013115706,-0.015094747385136612,0.017148706611730475,7.450798762529884e-05,0.09247055884616479,0.4692718888022016
calibrate_then_close,99,15,0,0,certified_reset,0,1,0.040091882224201916,0.03609800770581537,0.003993874518386541,0.023963247110319243,0.0,0.0,0,0,-7.374051060932791e-05,0.006764469174002236,-0.0006307294416663142,-0.017480635008900833,-7.374051060932791e-05,0.006764469174002236,-0.0098910776687406,1.0687720876216167e-05,0.09247055884616479,0.4692718888022016
calibrate_then_close,99,16,0,0,certified_reset,0,1,0.03609800770581537,0.03210413318742883,0.003993874518386541,0.019969372591932703,0.0,0.0,0,0,-0.0006307294416663142,-0.017480635008900833,-0.0038115072868554036,0.011944993979841088,-0.0006307294416663142,-0.017480635008900833,0.026380625484436385,7.279932270893075e-05,0.09247055884616479,0.4692718888022016
calibrate_then_close,99,17,0,0,certified_reset,0,1,0.03210413318742883,0.02811025866904229,0.003993874518386541,0.015975498073546163,0.0,0.0,0,0,-0.0038115072868554036,0.011944993979841088,-0.002126365016891344,-0.00773225741712267,-0.0038115072868554036,0.011944993979841088,-0.013803038505988591,4.4973603209816106e-05,0.09247055884616479,0.4692718888022016
calibrate_then_close,99,18,0,0,certified_reset,0,1,0.02811025866904229,0.02411638415065575,0.003993874518386541,0.011981623555159623,0.0,0.0,0,0,-0.002126365016891344,-0.00773225741712267,0.0014603054892869602,0.0030133265232517017,-0.002126365016891344,-0.00773225741712267,0.013507079565929829,1.9844263002705045e-05,0.09247055884616479,0.4692718888022016
calibrate_then_close,99,19,0,0,certified_reset,0,1,0.02411638415065575,0.02012250963226921,0.003993874518386541,0.007987749036773082,0.0,0.0,0,0,0.0014603054892869602,0.0030133265232517017,0.0016801527349764385,-0.0026166629089079915,0.0014603054892869602,0.0030133265232517017,-0.005888398352247946,4.63374761334233e-06,0.09247055884616479,0.4692718888022016
calibrate_then_close,99,20,0,0,certified_reset,0,1,0.02012250963226921,0.01612863511388267,0.003993874518386541,0.003993874518386541,0.0,0.0,0,0,0.0016801527349764385,-0.0026166629089079915,0.002830161918973072,0.006354179155062109,0.0016801527349764385,-0.0026166629089079915,0.002178039300033373,4.173956052854923e-06,0.09247055884616479,0.4692718888022016
calibrate_then_close,99,21,0,0,certified_reset,0,1,0.01612863511388267,0.01213476059549613,0.003993874518386541,0.0,0.0,0.0,0,0,0.002830161918973072,0.006354179155062109,0.00011108744950573185,0.007585828870304781,0.002830161918973072,0.006354179155062109,-0.012178270375625135,1.8985179913383706e-05,0.09247055884616479,0.4692718888022016
calibrate_then_close,100,0,1,1,certified_reset,0,1,0.1,0.09600612548161347,0.003993874518386541,0.08387136488611735,0.0,0.0,0,0,-3.3368743567800747,-0.5915689310485858,-3.140501804620966,0.9758441602641497,-3.3368743567800747,-0.5915689310485858,1.55,11.257784656969193,0.09744082949644373,0.49914169846942547
calibrate_then_close,100,1,1,1,certified_reset,0,1,0.09600612548161347,0.09201225096322693,0.003993874518386541,0.07987749036773081,0.0,0.0,0,0,-3.140501804620966,0.9758441602641497,-1.616501548389035,2.0946676282946552,-3.140501804620966,0.9758441602641497,1.1202357935898006,10.065533719180433,0.09744082949644373,0.49914169846942547
calibrate_then_close,100,2,1,1,certified_reset,0,1,0.09201225096322693,0.0880183764448404,0.003993874518386541,0.07588361584934428,0.0,0.0,0,0,-1.616501548389035,2.0946676282946552,-0.25587950215296124,0.5956246143489753,-1.616501548389035,2.0946676282946552,-1.4759880814336972,3.457314621502106,0.09744082949644373,0.49914169846942547
calibrate_then_close,100,3,1,1,certified_reset,0,1,0.0880183764448404,0.08402450192645386,0.003993874518386541,0.07188974133095774,0.0,0.0,0,0,-0.25587950215296124,0.5956246143489753,0.03013929894833732,-0.010931531155100732,-0.25587950215296124,0.5956246143489753,-0.6226160521263903,0.1390239509504894,0.09744082949644373,0.49914169846942547
calibrate_then_close,100,4,0,0,certified_reset,0,1,0.08402450192645386,0.08003062740806732,0.003993874518386541,0.0678958668125712,0.0,0.0,0,0,0.03013929894833732,-0.010931531155100732,0.015719880867069085,-0.01368881128928328,0.03013929894833732,-0.010931531155100732,-0.01390907614952259,0.0009347236082916663,0.09247055884616479,0.4692718888022016
calibrate_then_close,100,5,0,0,certified_reset,0,1,0.08003062740806732,0.07603675288968079,0.003993874518386541,0.06390199229418467,0.0,0.0,0,0,0.015719880867069085,-0.01368881128928328,0.004247311939419123,-0.002550091559568657,0.015719880867069085,-0.01368881128928328,0.0045129543045440606,0.00028135286320116697,0.09247055884616479,0.4692718888022016
calibrate_then_close,100,6,0,0,certified_reset,0,1,0.07603675288968079,0.07204287837129425,0.003993874518386541,0.05990811777579813,0.0,0.0,0,0,0.004247311939419123,-0.002550091559568657,-0.008252098720082732,-0.0021828916081641763,0.004247311939419123,-0.002550091559568657,-0.0004758208754192685,1.921585290156235e-05,0.09247055884616479,0.4692718888022016
calibrate_then_close,100,7,0,0,certified_reset,0,1,0.07204287837129425,0.06804900385290771,0.003993874518386541,0.05591424325741159,0.0,0.0,0,0,-0.008252098720082732,-0.0021828916081641763,-0.011956822023275408,0.010380319420915352,-0.008252098720082732,-0.0021828916081641763,0.011432511101502625,7.222239387727943e-05,0.09247055884616479,0.4692718888022016
calibrate_then_close,100,8,1,1,certified_reset,0,1,0.06804900385290771,0.06405512933452118,0.003993874518386541,0.051920368739025044,0.0,0.0,0,0,-0.011956822023275408,0.010380319420915352,0.011762189578395383,0.02179734712270548,-0.011956822023275408,0.010380319420915352,-0.003384362536475956,0.0001626471262711832,0.09744082949644373,0.49914169846942547
calibrate_then_close,100,9,0,0,certified_reset,0,1,0.06405512933452118,0.060061254816134634,0.003993874518386541,0.0479264942206385,0.0,0.0,0,0,0.011762189578395383,0.02179734712270548,0.011714185173944696,-0.016753912863549738,0.011762189578395383,0.02179734712270548,-0.04382306355356665,0.0002718830076444006,0.09247055884616479,0.4692718888022016
calibrate_then_close,100,10,0,0,certified_reset,0,1,0.060061254816134634,0.05606738029774809,0.003993874518386541,0.04393261970225196,0.0,0.0,0,0,0.011714185173944696,-0.016753912863549738,0.0005732672383106338,-0.0042856694611494665,0.011714185173944696,-0.016753912863549738,0.013018277161953973,0.00019198387011919716,0.09247055884616479,0.4692718888022016
calibrate_then_close,100,11,0,0,certified_reset,0,1,0.05606738029774809,0.05207350577936155,0.003993874518386541,0.039938745183865414,0.0,0.0,0,0,0.0005732672383106338,-0.0042856694611494665,-0.0006734567561217609,0.00023262477179149276,0.0005732672383106338,-0.0042856694611494665,0.005745341674015186,4.4599123917409395e-06,0.09247055884616479,0.4692718888022016
calibrate_then_close,100,12,0,0,certified_reset,0,1,0.05207350577936155,0.048079631260975,0.003993874518386541,0.03594487066547887,0.0,0.0,0,0,-0.0006734567561217609,0.00023262477179149276,-0.005429840843542644,-0.011622775238256108,-0.0006734567561217609,0.00023262477179149276,0.0003301417577676469,4.660094130727807e-07,0.09247055884616479,0.4692718888022016
calibrate_then_close,100,13,0,0,certified_reset,0,1,0.048079631260975,0.04408575674258846,0.003993874518386541,0.03195099614709233,0.0,0.0,0,0,-0.005429840843542644,-0.011622775238256108,-0.00824511453681411,0.012113156999355418,-0.005429840843542644,-0.011622775238256108,0.022529285500008003,6.648839197774915e-05,0.09247055884616479,0.4692718888022016
calibrate_then_close,100,14,0,0,certified_reset,0,1,0.04408575674258846,0.040091882224201916,0.003993874518386541,0.027957121628705783,0.0,0.0,0,0,-0.00824511453681411,0.012113156999355418,-0.00355521434577447,-0.0032210586114137397,-0.00824511453681411,0.012113156999355418,-0.009635715025749473,9.671423187500567e-05,0.09247055884616479,0.4692718888022016
calibrate_then_close,100,15,0,0,certified_reset,0,1,0.040091882224201916,0.03609800770581537,0.003993874518386541,0.023963247110319243,0.0,0.0,0,0,-0.00355521434577447,-0.0032210586114137397,0.0038484139959134005,0.010043044181948194,-0.00355521434577447,-0.0032210586114137397,0.008282598393065145,1.6222124291989995e-05,0.09247055884616479,0.4692718888022016
calibrate_then_close,100,16,0,0,certified_reset,0,1,0.03609800770581537,0.03210413318742883,0.003993874518386541,0.019969372591932703,0.0,0.0,0,0,0.0038484139959134005,0.010043044181948194,-0.00366660716038918,-0.014536976938037221,0.0038484139959134005,0.010043044181948194,-0.018628888761806687,4.1641470255737755e-05,0.09247055884616479,0.4692718888022016
calibrate_then_close,100,17,1,1,certified_reset,0,1,0.03210413318742883,0.02811025866904229,0.003993874518386541,0.015975498073546163,0.0,0.0,0,0,-0.00366660716038918,-0.014536976938037221,0.008536492542298796,0.023008172654113708,-0.00366660716038918,-0.014536976938037221,0.025063429313346028,6.718666102170922e-05,0.09744082949644373,0.49914169846942547
calibrate_then_close,100,18,1,1,certified_reset,0,1,0.02811025866904229,0.02411638415065575,0.003993874518386541,0.011981623555159623,0.0,0.0,0,0,0.008536492542298796,0.023008172654113708,0.029733948985944267,0.024841007276397535,0.008536492542298796,0.023008172654113708,-0.04239514409982713,0.0002130930926045217,0.09744082949644373,0.49914169846942547
calibrate_then_close,100,19,1,1,certified_reset,0,1,0.02411638415065575,0.02012250963226921,0.003993874518386541,0.007987749036773082,0.0,0.0,0,0,0.029733948985944267,0.024841007276397535,0.02566143119621312,-0.06342056067364477,0.029733948985944267,0.024841007276397535,-0.06620250451828082,0.0011047506280621473,0.09744082949644373,0.49914169846942547
calibrate_then_close,100,20,1,1,certified_reset,0,1,0.02012250963226921,0.01612863511388267,0.003993874518386541,0.003993874518386541,0.0,0.0,0,0,0.02566143119621312,-0.06342056067364477,0.02906167496058716,0.0028532630135344153,0.02566143119621312,-0.06342056067364477,0.0678723109959819,0.0014976654689450642,0.09744082949644373,0.49914169846942547
calibrate_then_close,100,21,1,1,certified_reset,0,1,0.01612863511388267,0.01213476059549613,0.003993874518386541,0.0,0.0,0.0,0,0,0.02906167496058716,0.0028532630135344153,0.03371339915340185,-0.033653448336140174,0.02906167496058716,0.0028532630135344153,-0.033145002825847945,0.0008735111315913482,0.09744082949644373,0.49914169846942547
calibrate_then_close,101,0,1,1,certified_reset,0,1,0.1,0.09600612548161347,0.003993874518386541,0.08387136488611735,0.0,0.0,0,0,-1.3799461766349257,0.21407618775101378,-0.6257096886283013,1.252788406416897,-1.3799461766349257,0.21407618775101378,1.0587437730637226,1.940524060383541,0.09744082949644373,0.49914169846942547
calibrate_then_close,101,1,1,1,certified_reset,0,1,0.09600612548161347,0.09201225096322693,0.003993874518386541,0.07987749036773081,0.0,0.0,0,0,-0.6257096886283013,1.252788406416897,0.012720919883756048,-0.012407961171499747,-0.6257096886283013,1.252788406416897,-1.2224133447203984,0.7113761565025545,0.09744082949644373,0.49914169846942547
calibrate_then_close,101,2,0,0,certified_reset,0,1,0.09201225096322693,0.0880183764448404,0.003993874518386541,0.07588361584934428,0.0,0.0,0,0,0.012720919883756048,-0.012407961171499747,-0.0040737803223643634,-0.009504308663967525,0.012720919883756048,-0.012407961171499747,0.005608968879297364,0.0001903206660641833,0.09247055884616479,0.4692718888022016
calibrate_then_close,101,3,0,0,certified_reset,0,1,0.0880183764448404,0.08402450192645386,0.003993874518386541,0.07188974133095774,0.0,0.0,0,0,-0.0040737803223643634,-0.009504308663967525,-0.010445531399491058,0.0076894867840863745,-0.0040737803223643634,-0.009504308663967525,0.018057298990105178,4.1007076257728704e-05,0.09247055884616479,0.4692718888022016
calibrate_then_close,101,4,0,0,certified_reset,0,1,0.08402450192645386,0.08003062740806732,0.003993874518386541,0.0678958668125712,0.0,0.0,0,0,-0.010445531399491058,0.0076894867840863745,0.006078498636787475,0.012188827251005202,-0.010445531399491058,0.0076894867840863745,-0.000920318472406023,0.00011977337813049493,0.09247055884616479,0.4692718888022016
calibrate_then_close,101,5,0,0,certified_reset,0,1,0.08003062740806732,0.07603675288968079,0.003993874518386541,0.06390199229418467,0.0,0.0,0,0,0.006078498636787475,0.012188827251005202,0.009975835212849615,-0.020262142317723875,0.006078498636787475,0.012188827251005202,-0.02401048352119516,7.810288040633925e-05,0.09247055884616479,0.4692718888022016
calibrate_then_close,101,6,0,0,certified_reset,0,1,0.07603675288968079,0.07204287837129425,0.003993874518386541,0.05990811777579813,0.0,0.0,0,0,0.009975835212849615,-0.020262142317723875,-0.009597951241785054,0.01174809014247098,0.009975835212849615,-0.020262142317723875,0.019917129597111123,0.0001833343835132987,0.09247055884616479,0.4692718888022016
calibrate_then_close,101,7,0,0,certified_reset,0,1,0.07204287837129425,0.06804900385290771,0.003993874518386541,0.05591424325741159,0.0,0.0,0,0,-0.009597951241785054,0.01174809014247098,-0.008035255071275742,0.0039278469523769104,-0.009597951241785054,0.01174809014247098,-0.007744281121742432,0.00011846318725120996,0.09247055884616479,0.4692718888022016
calibrate_then_close,101,8,0,0,certified_reset,0,1,0.06804900385290771,0.06405512933452118,0.003993874518386541,0.051920368739025044,0.0,0.0,0,0,-0.008035255071275742,0.0039278469523769104,-0.0014006253357090267,-0.0060694646492946884,-0.008035255071275742,0.0039278469523769104,0.0022120898317223537,6.746469429868615e-05,0.09247055884616479,0.4692718888022016
calibrate_then_close,101,9,0,0,certified_reset,0,1,0.06405512933452118,0.060061254816134634,0.003993874518386541,0.0479264942206385,0.0,0.0,0,0,-0.0014006253357090267,-0.0060694646492946884,0.005227729805009832,0.0069097833468478136,-0.0014006253357090267,-0.0060694646492946884,0.010339323735212598,1.126520391679511e-05,0.09247055884616479,0.4692718888022016
calibrate_then_close,101,10,1,1,certified_reset,0,1,0.060061254816134634,0.05606738029774809,0.003993874518386541,0.04393261970225196,0.0,0.0,0,0,0.005227729805009832,0.0069097833468478136,0.005935742519991493,-0.001104517816155129,0.005227729805009832,0.0069097833468478136,-0.015382551106102205,4.183884993955185e-05,0.09744082949644373,0.49914169846942547
calibrate_then_close,101,11,1,1,certified_reset,0,1,0.05606738029774809,0.05207350577936155,0.003993874518386541,0.039938745183865414,0.0,0.0,0,0,0.005935742519991493,-0.001104517816155129,-0.0035972918586395473,0.003909977531587117,0.005935742519991493,-0.001104517816155129,-0.00428350390270173,3.591134213486323e-05,0.09744082949644373,0.49914169846942547
calibrate_then_close,101,12,1,1,certified_reset,0,1,0.05207350577936155,0.048079631260975,0.003993874518386541,0.03594487066547887,0.0,0.0,0,0,-0.0035972918586395473,0.003909977531587117,0.013182193886838446,-0.0041166499308125,-0.0035972918586395473,0.003909977531587117,-0.0021786951574769295,1.58110029045176e-05,0.09744082949644373,0.49914169846942547
calibrate_then_close,101,13,1,1,certified_reset,0,1,0.048079631260975,0.04408575674258846,0.003993874518386541,0.03195099614709233,0.0,0.0,0,0,0.013182193886838446,-0.0041166499308125,-0.00784538353640851,-0.05785547068870443,0.013182193886838446,-0.0041166499308125,-0.007060214354599234,0.00017806682653603766,0.09744082949644373,0.49914169846942547
calibrate_then_close,101,14,1,1,certified_reset,0,1,0.04408575674258846,0.040091882224201916,0.003993874518386541,0.027957121628705783,0.0,0.0,0,0,-0.00784538353640851,-0.05785547068870443,-0.02615852584388141,0.016399495792214083,-0.00784538353640851,-0.05785547068870443,0.09304340719276268,0.0008804829213343825,0.09744082949644373,0.49914169846942547
calibrate_then_close,101,15,2,2,certified_reset,0,1,0.040091882224201916,0.03609800770581537,0.003993874518386541,0.023963247110319243,0.0,0.0,0,0,-0.02615852584388141,0.016399495792214083,0.031384505755562536,-0.006775068376595212,-0.02615852584388141,0.016399495792214083,0.0018929365804784398,0.000732767877750447,0.10372612354602789,0.5374732092193446
calibrate_then_close,101,16,2,2,certified_reset,0,1,0.03609800770581537,0.03210413318742883,0.003993874518386541,0.019969372591932703,0.0,0.0,0,0,0.031384505755562536,-0.006775068376595212,-0.01641085984736697,-0.03704758023373153,0.031384505755562536,-0.006775068376595212,-0.021274720052098482,0.0010045648236246744,0.10372612354602789,0.5374732092193446
calibrate_then_close,101,17,2,2,certified_reset,0,1,0.03210413318742883,0.02811025866904229,0.003993874518386541,0.015975498073546163,0.0,0.0,0,0,-0.01641085984736697,-0.03704758023373153,-0.02187284269196738,0.018664123182849914,-0.01641085984736697,-0.03704758023373153,0.07091802430025845,0.0006421046514076822,0.10372612354602789,0.5374732092193446
calibrate_then_close,101,18,2,2,certified_reset,0,1,0.02811025866904229,0.02411638415065575,0.003993874518386541,0.011981623555159623,0.0,0.0,0,0,-0.02187284269196738,0.018664123182849914,-0.03007753986701997,-0.007078515817931877,-0.02187284269196738,0.018664123182849914,-0.005717540973037878,0.0005419414132502372,0.10372612354602789,0.5374732092193446
calibrate_then_close,101,19,2,2,certified_reset,0,1,0.02411638415065575,0.02012250963226921,0.003993874518386541,0.007987749036773082,0.0,0.0,0,0,-0.03007753986701997,-0.007078515817931877,-0.08480163127810152,0.09876268172033992,-0.03007753986701997,-0.007078515817931877,0.04037888598562543,0.0009544387348014272,0.10372612354602789,0.5374732092193446
calibrate_then_close,101,20,2,2,certified_reset,0,1,0.02012250963226921,0.01612863511388267,0.003993874518386541,0.003993874518386541,0.0,0.0,0,0,-0.08480163127810152,0.09876268172033992,-0.060446087433862566,-0.033078398652347775,-0.08480163127810152,0.09876268172033992,-0.06104750568536698,0.009040218730293979,0.10372612354602789,0.5374732092193446
calibrate_then_close,101,21,2,2,certified_reset,0,1,0.01612863511388267,0.01213476059549613,0.003993874518386541,0.0,0.0,0.0,0,0,-0.060446087433862566,-0.033078398652347775,0.045812404589066394,0.1351975051716348,-0.060446087433862566,-0.033078398652347775,0.10891940853647566,0.004147267907293206,0.10372612354602789,0.5374732092193446
calibrate_then_close,102,0,1,1,certified_reset,0,1,0.1,0.09600612548161347,0.003993874518386541,0.08387136488611735,0.0,0.0,0,0,0.5192774524628998,0.5576656800475438,0.4234788353579928,-0.7465771923909191,0.5192774524628998,0.5576656800475438,-1.3385695236286033,0.3704216638025619,0.09744082949644373,0.49914169846942547
calibrate_then_close,102,1,1,1,certified_reset,0,1,0.09600612548161347,0.09201225096322693,0.003993874518386541,0.07987749036773081,0.0,0.0,0,0,0.4234788353579928,-0.7465771923909191,0.012489471628383018,-0.05092311339047228,0.4234788353579928,-0.7465771923909191,0.6780937437231679,0.2911575528837698,0.09744082949644373,0.49914169846942547
calibrate_then_close,102,2,0,0,certified_reset,0,1,0.09201225096322693,0.0880183764448404,0.003993874518386541,0.07588361584934428,0.0,0.0,0,0,0.012489471628383018,-0.05092311339047228,0.001378608863181828,0.013413628269738792,0.012489471628383018,-0.05092311339047228,0.06257414748529419,0.0007206444258221696,0.09247055884616479,0.4692718888022016
calibrate_then_close,102,3,0,0,certified_reset,0,1,0.0880183764448404,0.08402450192645386,0.003993874518386541,0.07188974133095774,0.0,0.0,0,0,0.001378608863181828,0.013413628269738792,0.00963366541350974,-0.014273154260411796,0.001378608863181828,0.013413628269738792,-0.02113428462700816,4.5453588269600757e-05,0.09247055884616479,0.4692718888022016
calibrate_then_close,102,4,0,0,certified_reset,0,1,0.08402450192645386,0.08003062740806732,0.003993874518386541,0.0678958668125712,0.0,0.0,0,0,0.00963366541350974,-0.014273154260411796,0.0017233952354935138,-0.0014340473025379532,0.00963366541350974,-0.014273154260411796,0.011432903071495392,0.00013274541897298107,0.09247055884616479,0.4692718888022016
calibrate_then_close,102,5,0,0,certified_reset,0,1,0.08003062740806732,0.07603675288968079,0.003993874518386541,0.06390199229418467,0.0,0.0,0,0,0.0017233952354935138,-0.0014340473025379532,6.431515655303579e-05,0.0022575847130819654,0.0017233952354935138,-0.0014340473025379532,0.00039613878724608704,3.344182786055712e-06,0.09247055884616479,0.4692718888022016
calibrate_then_close,102,6,0,0,certified_reset,0,1,0.07603675288968079,0.07204287837129425,0.003993874518386541,0.05990811777579813,0.0,0.0,0,0,6.431515655303579e-05,0.0022575847130819654,9.18354214730487e-05,0.0107699079940855,6.431515655303579e-05,0.0022575847130819654,-0.0033899016000849035,1.2088262334323446e-06,0.09247055884616479,0.4692718888022016
calibrate_then_close,102,7,0,0,certified_reset,0,1,0.07204287837129425,0.06804900385290771,0.003993874518386541,0.05591424325741159,0.0,0.0,0,0,9.18354214730487e-05,0.0107699079940855,0.00010986358449197259,0.0021159241679687465,9.18354214730487e-05,0.0107699079940855,-0.015956473726589773,2.7252025365512892e-05,0.09247055884616479,0.4692718888022016
calibrate_then_close,102,8,0,0,certified_reset,0,1,0.06804900385290771,0.06405512933452118,0.003993874518386541,0.051920368739025044,0.0,0.0,0,0,0.00010986358449197259,0.0021159241679687465,-0.0004919523737997482,-0.008726968250163818,0.00010986358449197259,0.0021159241679687465,-0.00322641792717781,1.0781986384447455e-06,0.09247055884616479,0.4692718888022016
calibrate_then_close,102,9,0,0,certified_reset,0,1,0.06405512933452118,0.060061254816134634,0.003993874518386541,0.0479264942206385,0.0,0.0,0,0,-0.0004919523737997482,-0.008726968250163818,0.002528640759499966,0.0011301421355271266,-0.0004919523737997482,-0.008726968250163818,0.013345365368828268,1.8403282029861348e-05,0.09247055884616479,0.4692718888022016
calibrate_then_close,102,10,0,0,certified_reset,0,1,0.060061254816134634,0.05606738029774809,0.003993874518386541,0.04393261970225196,0.0,0.0,0,0,0.002528640759499966,0.0011301421355271266,-0.00014388748426413735,0.006129674977948577,0.002528640759499966,0.0011301421355271266,-0.004179812977808786,7.0606948282099205e-06,0.09247055884616479,0.4692718888022016
calibrate_then_close,102,11,0,0,certified_reset,0,1,0.05606738029774809,0.05207350577936155,0.003993874518386541,0.039938745183865414,0.0,0.0,0,0,-0.00014388748426413735,0.006129674977948577,-0.004549525805645398,0.000698557073794123,-0.00014388748426413735,0.006129674977948577,-0.008885966143506731,8.75783822606856e-06,0.09247055884616479,0.4692718888022016
calibrate_then_close,102,12,0,0,certified_reset,0,1,0.05207350577936155,0.048079631260975,0.003993874518386541,0.03594487066547887,0.0,0.0,0,0,-0.004549525805645398,0.000698557073794123,-0.000564148250604191,-0.0014860653741253097,-0.004549525805645398,0.000698557073794123,0.003499848428207979,2.1092245289106762e-05,0.09247055884616479,0.4692718888022016
calibrate_then_close,102,13,0,0,certified_reset,0,1,0.048079631260975,0.04408575674258846,0.003993874518386541,0.03195099614709233,0.0,0.0,0,0,-0.000564148250604191,-0.0014860653741253097,-0.0014217413464484357,-0.003947247942983657,-0.000564148250604191,-0.0014860653741253097,0.0027544210839221743,9.054443896599996e-07,0.09247055884616479,0.4692718888022016
calibrate_then_close,102,14,0,0,certified_reset,0,1,0.04408575674258846,0.040091882224201916,0.003993874518386541,0.027957121628705783,0.0,0.0,0,0,-0.0014217413464484357,-0.003947247942983657,0.0059848509883507995,-0.004864509434714927,-0.0014217413464484357,-0.003947247942983657,0.007226527905212048,6.13145403353119e-06,0.09247055884616479,0.4692718888022016
calibrate_then_close,102,15,0,0,certified_reset,0,1,0.040091882224201916,0.03609800770581537,0.003993874518386541,0.023963247110319243,0.0,0.0,0,0,0.0059848509883507995,-0.004864509434714927,0.007926643607577749,0.013415121798847573,0.0059848509883507995,-0.004864509434714927,0.001207433725352275,4.011431012506899e-05,0.09247055884616479,0.4692718888022016
calibrate_then_close,102,16,0,0,certified_reset,0,1,0.03609800770581537,0.03210413318742883,0.003993874518386541,0.019969372591932703,0.0,0.0,0,0,0.007926643607577749,0.013415121798847573,0.01266744416587548,-0.0061217547107119685,0.007926643607577749,0.013415121798847573,-0.027653310400059812,0.00011434310700162937,0.09247055884616479,0.4692718888022016
calibrate_then_close,102,17,0,0,certified_reset,0,1,0.03210413318742883,0.02811025866904229,0.003993874518386541,0.015975498073546163,0.0,0.0,0,0,0.01266744416587548,-0.0061217547107119685,-0.0011207113155465558,-0.004763861710879988,0.01266744416587548,-0.0061217547107119685,-0.003596673912817261,0.0001675332018093136,0.09247055884616479,0.4692718888022016
calibrate_then_close,102,18,0,0,certified_reset,0,1,0.02811025866904229,0.02411638415065575,0.003993874518386541,0.011981623555159623,0.0,0.0,0,0,-0.0011207113155465558,-0.004763861710879988,-0.0019460498793868312,0.0021770445158244547,-0.0011207113155465558,-0.004763861710879988,0.008133686842224935,6.99490350604858e-06,0.09247055884616479,0.4692718888022016
calibrate_then_close,102,19,0,0,certified_reset,0,1,0.02411638415065575,0.02012250963226921,0.003993874518386541,0.007987749036773082,0.0,0.0,0,0,-0.0019460498793868312,0.0021770445158244547,0.0019345830638157024,-0.005363540221235885,-0.0019460498793868312,0.0021770445158244547,-0.0012678680589542429,4.68041147673305e-06,0.09247055884616479,0.4692718888022016
calibrate_then_close,102,20,1,1,certified_reset,0,1,0.02012250963226921,0.01612863511388267,0.003993874518386541,0.003993874518386541,0.0,0.0,0,0,0.0019345830638157024,-0.005363540221235885,-0.015491598984411999,-0.03370158195319138,0.0019345830638157024,-0.005363540221235885,0.005972036332205226,9.812403546498745e-06,0.09744082949644373,0.49914169846942547
calibrate_then_close,102,21,0,0,certified_reset,0,1,0.01612863511388267,0.01213476059549613,0.003993874518386541,0.0,0.0,0.0,0,0,-0.015491598984411999,-0.03370158195319138,-0.009891256242173137,0.03142417897919874,-0.015491598984411999,-0.03370158195319138,0.06507505797986364,0.0005503021110774818,0.09247055884616479,0.4692718888022016
calibrate_then_close,103,0,0,0,certified_reset,0,1,0.1,0.09600612548161347,0.003993874518386541,0.08387136488611735,0.0,0.0,0,0,0.4036183852763102,-0.027907483449362558,0.19835387382192113,-0.38832457741304643,0.4036183852763102,-0.027907483449362558,-0.3607975011786252,0.16630236082832026,0.09247055884616479,0.4692718888022016
calibrate_then_close,103,1,0,0,certified_reset,0,1,0.09600612548161347,0.09201225096322693,0.003993874518386541,0.07987749036773081,0.0,0.0,0,0,0.19835387382192113,-0.38832457741304643,-0.008661079817204376,-0.012900608429652361,0.19835387382192113,-0.38832457741304643,0.3745264779840891,0.06999428726408556,0.09247055884616479,0.4692718888022016
calibrate_then_close,103,2,0,0,certified_reset,0,1,0.09201225096322693,0.0880183764448404,0.003993874518386541,0.07588361584934428,0.0,0.0,0,0,-0.008661079817204376,-0.012900608429652361,-0.0023307421023236853,0.02188184727404354,-0.008661079817204376,-0.012900608429652361,0.027627432667405753,0.00012405280510872511,0.09247055884616479,0.4692718888022016
calibrate_then_close,103,3,0,0,certified_reset,0,1,0.0880183764448404,0.08402450192645386,0.003993874518386541,0.07188974133095774,0.0,0.0,0,0,-0.0023307421023236853,0.02188184727404354,0.0062986768434127325,-0.009052980060028621,-0.0023307421023236853,0.02188184727404354,-0.029916376510094846,0.0001139938415573101,0.09247055884616479,0.4692718888022016
calibrate_then_close,103,4,0,0,certified_reset,0,1,0.08402450192645386,0.08003062740806732,0.003993874518386541,0.0678958668125712,0.0,0.0,0,0,0.0062986768434127325,-0.009052980060028621,-9.559858586994502e-05,-0.011498651917934099,0.0062986768434127325,-0.009052980060028621,0.007067375434269131,5.56741855000762e-05,0.09247055884616479,0.4692718888022016
calibrate_then_close,103,5,0,0,certified_reset,0,1,0.08003062740806732,0.07603675288968079,0.003993874518386541,0.06390199229418467,0.0,0.0,0,0,-9.559858586994502e-05,-0.011498651917934099,0.003502673797365908,0.016002798111925856,-9.559858586994502e-05,-0.011498651917934099,0.01703299009075063,3.106162714277628e-05,0.09247055884616479,0.4692718888022016
calibrate_then_close,103,6,0,0,certified_reset,0,1,0.07603675288968079,0.07204287837129425,0.003993874518386541,0.05990811777579813,0.0,0.0,0,0,0.003502673797365908,0.016002798111925856,0.0011045087416191512,0.0019802819746193683,0.003502673797365908,0.016002798111925856,-0.027064694489343274,7.66772844597813e-05,0.09247055884616479,0.4692718888022016
calibrate_then_close,103,7,0,0,certified_reset,0,1,0.07204287837129425,0.06804900385290771,0.003993874518386541,0.05591424325741159,0.0,0.0,0,0,0.0011045087416191512,0.0019802819746193683,0.004519247929872768,-0.003910324104237674,0.0011045087416191512,0.0019802819746193683,-0.004015468467101192,2.32891224139065e-06,0.09247055884616479,0.4692718888022016
calibrate_then_close,103,8,0,0,certified_reset,0,1,0.06804900385290771,0.06405512933452118,0.003993874518386541,0.051920368739025044,0.0,0.0,0,0,0.004519247929872768,-0.003910324104237674,0.0019242119087714165,-0.008344471387171074,0.004519247929872768,-0.003910324104237674,0.0012599847185416802,2.3215605116966053e-05,0.09247055884616479,0.4692718888022016
calibrate_then_close,103,9,0,0,certified_reset,0,1,0.06405512933452118,0.060061254816134634,0.003993874518386541,0.0479264942206385,0.0,0.0,0,0,0.0019242119087714165,-0.008344471387171074,-0.006945819496984602,0.0016710373720101586,0.0019242119087714165,-0.008344471387171074,0.010372821926762466,1.8925913829602856e-05,0.09247055884616479,0.4692718888022016
calibrate_then_close,103,10,0,0,certified_reset,0,1,0.060061254816134634,0.05606738029774809,0.003993874518386541,0.04393261970225196,0.0,0.0,0,0,-0.006945819496984602,0.0016710373720101586,-0.008041699742851398,-0.0005244582761386512,-0.006945819496984602,0.0016710373720101586,0.004455358415546569,4.9243289811723796e-05,0.09247055884616479,0.4692718888022016
calibrate_then_close,103,11,0,0,certified_reset,0,1,0.05606738029774809,0.05207350577936155,0.003993874518386541,0.039938745183865414,0.0,0.0,0,0,-0.008041699742851398,-0.0005244582761386512,-0.0021903386508841174,-0.00031584830559838045,-0.008041699742851398,-0.0005244582761386512,0.008777633102031106,6.66446159930369e-05,0.09247055884616479,0.4692718888022016
calibrate_then_close,103,12,0,0,certified_reset,0,1,0.05207350577936155,0.048079631260975,0.003993874518386541,0.03594487066547887,0.0,0.0,0,0,-0.0021903386508841174,-0.00031584830559838045,0.0009894172746016093,0.016973567849860906,-0.0021903386508841174,-0.00031584830559838045,0.0026477643038986492,4.99080662816874e-06,0.09247055884616479,0.4692718888022016
calibrate_then_close,103,13,0,0,certified_reset,0,1,0.048079631260975,0.04408575674258846,0.003993874518386541,0.03195099614709233,0.0,0.0,0,0,0.0009894172746016093,0.016973567849860906,0.003756187819077466,-0.02591234004583916,0.0009894172746016093,0.016973567849860906,-0.025987939762629936,6.972163287062184e-05,0.09247055884616479,0.4692718888022016
calibrate_then_close,103,14,0,0,certified_reset,0,1,0.04408575674258846,0.040091882224201916,0.003993874518386541,0.027957121628705783,0.0,0.0,0,0,0.003756187819077466,-0.02591234004583916,-0.008377742575307774,-0.0024867783615000645,0.003756187819077466,-0.02591234004583916,0.03443285928324396,0.0001646103778898939,0.09247055884616479,0.4692718888022016
calibrate_then_close,103,15,0,0,certified_reset,0,1,0.040091882224201916,0.03609800770581537,0.003993874518386541,0.023963247110319243,0.0,0.0,0,0,-0.008377742575307774,-0.0024867783615000645,-0.007711854054637534,0.022652704396904616,-0.008377742575307774,-0.0024867783615000645,0.01201031739700884,7.490589574900736e-05,0.09247055884616479,0.4692718888022016
calibrate_then_close,103,16,0,0,certified_reset,0,1,0.03609800770581537,0.03210413318742883,0.003993874518386541,0.019969372591932703,0.0,0.0,0,0,-0.007711854054637534,0.022652704396904616,-0.0021951224995546414,0.0023622547220644293,-0.007711854054637534,0.022652704396904616,-0.02569107922400857,0.000168339584721224,0.09247055884616479,0.4692718888022016
calibrate_then_close,103,17,0,0,certified_reset,0,1,0.03210413318742883,0.02811025866904229,0.003993874518386541,0.015975498073546163,0.0,0.0,0,0,-0.0021951224995546414,0.0023622547220644293,-0.004390732494880553,0.0034954116002915486,-0.0021951224995546414,0.0023622547220644293,-0.0012942592851833445,5.864884992427924e-06,0.09247055884616479,0.4692718888022016
calibrate_then_close,103,18,0,0,certified_reset,0,1,0.02811025866904229,0.02411638415065575,0.003993874518386541,0.011981623555159623,0.0,0.0,0,0,-0.004390732494880553,0.0034954116002915486,-0.006331924584901085,0.01343945490525098,-0.004390732494880553,0.0034954116002915486,-0.0007745116090307491,2.1492750953394578e-05,0.09247055884616479,0.4692718888022016
calibrate_then_close,103,19,0,0,certified_reset,0,1,0.02411638415065575,0.02012250963226921,0.003993874518386541,0.007987749036773082,0.0,0.0,0,0,-0.006331924584901085,0.01343945490525098,0.005843776008230048,0.007271677430994222,-0.006331924584901085,0.01343945490525098,-0.013489342027723583,7.715373832444696e-05,0.09247055884616479,0.4692718888022016
calibrate_then_close,103,20,0,0,certified_reset,0,1,0.02012250963226921,0.01612863511388267,0.003993874518386541,0.003993874518386541,0.0,0.0,0,0,0.005843776008230048,0.007271677430994222,-0.0023751897457856986,-0.014474640728924517,0.005843776008230048,0.007271677430994222,-0.016529287392317592,5.049806425568838e-05,0.09247055884616479,0.4692718888022016
calibrate_then_close,103,21,0,0,certified_reset,0,1,0.01612863511388267,0.01213476059549613,0.003993874518386541,0.0,0.0,0.0,0,0,-0.0023751897457856986,-0.014474640728924517,-0.011684547246806178,0.008005416236366933,-0.0023751897457856986,-0.014474640728924517,0.023691345019061505,5.7386262410450075e-05,0.09247055884616479,0.4692718888022016
calibrate_then_close,104,0,0,0,certified_reset,0,1,0.1,0.09600612548161347,0.003993874518386541,0.08387136488611735,0.0,0.0,0,0,-4.662916823998575,-0.4128132154919708,-4.311700633507421,1.1347796069799552,-4.662916823998575,-0.4128132154919708,1.5499999999995624,21.83353046268819,0.09247055884616479,0.4692718888022016
calibrate_then_close,104,1,0,0,certified_reset,0,1,0.09600612548161347,0.09201225096322693,0.003993874518386541,0.07987749036773081,0.0,0.0,0,0,-4.311700633507421,1.1347796069799552,-2.4143017444502384,2.6606889834405534,-4.311700633507421,1.1347796069799552,1.532224350581443,18.881245595656324,0.09247055884616479,0.4692718888022016
calibrate_then_close,104,2,0,0,certified_reset,0,1,0.09201225096322693,0.0880183764448404,0.003993874518386541,0.07588361584934428,0.0,0.0,0,0,-2.4143017444502384,2.6606889834405534,-0.5107713597919373,1.148785556403577,-2.4143017444502384,2.6606889834405534,-1.5153718774240685,7.160529567416005,0.09247055884616479,0.4692718888022016
calibrate_then_close,104,3,0,0,certified_reset,0,1,0.0880183764448404,0.08402450192645386,0.003993874518386541,0.07188974133095774,0.0,0.0,0,0,-0.5107713597919373,1.148785556403577,0.0358682024546676,-0.04430324325366847,-0.5107713597919373,1.148785556403577,-1.1836607029112853,0.5334611843023813,0.09247055884616479,0.4692718888022016
calibrate_then_close,104,4,0,0,certified_reset,0,1,0.08402450192645386,0.08003062740806732,0.003993874518386541,0.0678958668125712,0.0,0.0,0,0,0.0358682024546676,-0.04430324325366847,0.01173877050437367,-0.008789626978495085,0.0358682024546676,-0.04430324325366847,0.02954984147074139,0.0016616577009055413,0.09247055884616479,0.4692718888022016
calibrate_then_close,104,5,0,0,certified_reset,0,1,0.08003062740806732,0.07603675288968079,0.003993874518386541,0.06390199229418467,0.0,0.0,0,0,0.01173877050437367,-0.008789626978495085,0.0015185427750927633,-0.0049008804096975995,0.01173877050437367,-0.008789626978495085,0.0012612529901167425,0.00015174485956777619,0.09247055884616479,0.4692718888022016
calibrate_then_close,104,6,1,1,certified_reset,0,1,0.07603675288968079,0.07204287837129425,0.003993874518386541,0.05990811777579813,0.0,0.0,0,0,0.0015185427750927633,-0.0049008804096975995,-0.005255478010374544,-0.012734580915623867,0.0015185427750927633,-0.0049008804096975995,0.005704496894005925,7.4428574623579e-06,0.09744082949644373,0.49914169846942547
calibrate_then_close,104,7,1,1,certified_reset,0,1,0.07204287837129425,0.06804900385290771,0.003993874518386541,0.05591424325741159,0.0,0.0,0,0,-0.005255478010374544,-0.012734580915623867,-0.005906221835455834,0.029561897440830726,-0.005255478010374544,-0.012734580915623867,0.023994056060511807,7.120343647078786e-05,0.09744082949644373,0.49914169846942547
calibrate_then_close,104,8,1,1,certified_reset,0,1,0.06804900385290771,0.06405512933452118,0.003993874518386541,0.051920368739025044,0.0,0.0,0,0,-0.005906221835455834,0.029561897440830726,0.016208217666969362,-0.04106285800025569,-0.005906221835455834,0.029561897440830726,-0.0376686551750888,0.00022765968639150387,0.09744082949644373,0.49914169846942547
calibrate_then_close,104,9,1,1,certified_reset,0,1,0.06405512933452118,0.060061254816134634,0.003993874518386541,0.0479264942206385,0.0,0.0,0,0,0.016208217666969362,-0.04106285800025569,-0.03296720722604083,0.02326004467120663,0.016208217666969362,-0.04106285800025569,0.04435248998208158,0.0006153933994169731,0.09744082949644373,0.49914169846942547
calibrate_then_close,104,10,1,1,certified_reset,0,1,0.060061254816134634,0.05606738029774809,0.003993874518386541,0.04393261970225196,0.0,0.0,0,0,-0.03296720722604083,0.02326004467120663,-0.0015348246922812347,0.035551797520094144,-0.03296720722604083,0.02326004467120663,-0.001439943654990065,0.0011842739302871325,0.09744082949644373,0.49914169846942547
calibrate_then_close,104,11,1,1,certified_reset,0,1,0.05606738029774809,0.05207350577936155,0.003993874518386541,0.039938745183865414,0.0,0.0,0,0,-0.0015348246922812347,0.035551797520094144,0.0030341169702115534,-0.028218094982544538,-0.0015348246922812347,0.035551797520094144,-0.050843609286918605,0.00029448995721281606,0.09744082949644373,0.49914169846942547
calibrate_then_close,104,12,1,1,certified_reset,0,1,0.05207350577936155,0.048079631260975,0.003993874518386541,0.03594487066547887,0.0,0.0,0,0,0.0030341169702115534,-0.028218094982544538,-0.0008726100644553536,0.031660284188825834,0.0030341169702115534,-0.028218094982544538,0.03854929601910079,0.00018968403057803516,0.09744082949644373,0.49914169846942547
calibrate_then_close,104,13,0,0,certified_reset,0,1,0.048079631260975,0.04408575674258846,0.003993874518386541,0.03195099614709233,0.0,0.0,0,0,-0.0008726100644553536,0.031660284188825834,0.009173671066258063,-0.0066883897510593175,-0.0008726100644553536,0.031660284188825834,-0.04576638937190636,0.00023355275531321105,0.09247055884616479,0.4692718888022016
calibrate_then_close,104,14,0,0,certified_reset,0,1,0.04408575674258846,0.040091882224201916,0.003993874518386541,0.027957121628705783,0.0,0.0,0,0,0.009173671066258063,-0.0066883897510593175,0.009726359384598447,-0.0025914902935726255,0.009173671066258063,-0.0066883897510593175,0.0007169464064669762,9.222131147881755e-05,0.09247055884616479,0.4692718888022016
calibrate_then_close,104,15,0,0,certified_reset,0,1,0.040091882224201916,0.03609800770581537,0.003993874518386541,0.023963247110319243,0.0,0.0,0,0,0.009726359384598447,-0.0025914902935726255,0.01295507343362659,0.006754404161533391,0.009726359384598447,-0.0025914902935726255,-0.005863583823391693,9.66704552092174e-05,0.09247055884616479,0.4692718888022016
calibrate_then_close,104,16,0,0,certified_reset,0,1,0.03609800770581537,0.03210413318742883,0.003993874518386541,0.019969372591932703,0.0,0.0,0,0,0.01295507343362659,0.006754404161533391,0.00455249190262502,-0.01974919706759735,0.01295507343362659,0.006754404161533391,-0.022849603248890384,0.00018909849249037114,0.09247055884616479,0.4692718888022016
calibrate_then_close,104,17,0,0,certified_reset,0,1,0.03210413318742883,0.02811025866904229,0.003993874518386541,0.015975498073546163,0.0,0.0,0,0,0.00455249190262502,-0.01974919706759735,-0.0013289535882635088,-0.0003104782201039484,0.00455249190262502,-0.01974919706759735,0.024562173604334728,0.00010601323309436657,0.09247055884616479,0.4692718888022016
calibrate_then_close,104,18,0,0,certified_reset,0,1,0.02811025866904229,0.02411638415065575,0.003993874518386541,0.011981623555159623,0.0,0.0,0,0,-0.0013289535882635088,-0.0003104782201039484,-0.004399464632858644,0.0076530060848863275,-0.0013289535882635088,-0.0003104782201039484,0.0017819378254908661,1.8628516106349384e-06,0.09247055884616479,0.4692718888022016
calibrate_then_close,104,19,0,0,certified_reset,0,1,0.02411638415065575,0.02012250963226921,0.003993874518386541,0.007987749036773082,0.0,0.0,0,0,-0.004399464632858644,0.0076530060848863275,-0.00017162945546926465,-0.0008479556849076374,-0.004399464632858644,0.0076530060848863275,-0.006888779027406819,3.108400135234033e-05,0.09247055884616479,0.4692718888022016
calibrate_then_close,104,20,0,0,certified_reset,0,1,0.02012250963226921,0.01612863511388267,0.003993874518386541,0.003993874518386541,0.0,0.0,0,0,-0.00017162945546926465,-0.0008479556849076374,0.002407543657261232,0.003410190092831606,-0.00017162945546926465,-0.0008479556849076374,0.0014167158750498876,2.09058958592228e-07,0.09247055884616479,0.4692718888022016
calibrate_then_close,104,21,0,0,certified_reset,0,1,0.01612863511388267,0.01213476059549613,0.003993874518386541,0.0,0.0,0.0,0,0,0.002407543657261232,0.003410190092831606,0.0034258199025676813,-0.0066294287182761796,0.002407543657261232,0.003410190092831606,-0.007418469970945486,9.265400243828716e-06,0.09247055884616479,0.4692718888022016
calibrate_then_close,105,0,0,0,certified_reset,0,1,0.1,0.09600612548161347,0.003993874518386541,0.08387136488611735,0.0,0.0,0,0,-2.6689738845305055,0.06406059264615827,-1.830665463334069,1.593411322838009,-2.6689738845305055,0.06406059264615827,1.55,7.184222773021289,0.09247055884616479,0.4692718888022016
calibrate_then_close,105,1,0,0,certified_reset,0,1,0.09600612548161347,0.09201225096322693,0.003993874518386541,0.07987749036773081,0.0,0.0,0,0,-1.830665463334069,1.593411322838009,-0.4919602492647347,1.069719425861632,-1.830665463334069,1.593411322838009,-0.5243353059686163,3.815221962345979,0.09247055884616479,0.4692718888022016
calibrate_then_close,105,2,0,0,certified_reset,0,1,0.09201225096322693,0.0880183764448404,0.003993874518386541,0.07588361584934428,0.0,0.0,0,0,-0.4919602492647347,1.069719425861632,0.04012216977237249,-0.00886863245980445,-0.4919602492647347,1.069719425861632,-1.0859202520865776,0.47747939371574744,0.09247055884616479,0.4692718888022016
calibrate_then_close,105,3,0,0,certified_reset,0,1,0.0880183764448404,0.08402450192645386,0.003993874518386541,0.07188974133095774,0.0,0.0,0,0,0.04012216977237249,-0.00886863245980445,0.02641493192837098,-0.03442320917198553,0.04012216977237249,-0.00886863245980445,-0.026883514048746525,0.0016420140659405872,0.09247055884616479,0.4692718888022016
calibrate_then_close,105,4,0,0,certified_reset,0,1,0.08402450192645386,0.08003062740806732,0.003993874518386541,0.0678958668125712,0.0,0.0,0,0,0.02641493192837098,-0.03442320917198553,0.010353722362574877,-0.010514143805975946,0.02641493192837098,-0.03442320917198553,0.02440809130830235,0.0009259348211590216,0.09247055884616479,0.4692718888022016
calibrate_then_close,105,5,0,0,certified_reset,0,1,0.08003062740806732,0.07603675288968079,0.003993874518386541,0.06390199229418467,0.0,0.0,0,0,0.010353722362574877,-0.010514143805975946,0.0019558209806649213,-0.0024987669800113957,0.010353722362574877,-0.010514143805975946,0.005183104043972669,0.00012776968054464287,0.09247055884616479,0.4692718888022016
calibrate_then_close,105,6,0,0,certified_reset,0,1,0.07603675288968079,0.07204287837129425,0.003993874518386541,0.05990811777579813,0.0,0.0,0,0,0.0019558209806649213,-0.0024987669800113957,-0.0030807679896254596,0.0023103138291058097,0.0019558209806649213,-0.0024987669800113957,0.0017290859003960281,5.023869715353952e-06,0.09247055884616479,0.4692718888022016
calibrate_then_close,105,7,0,0,certified_reset,0,1,0.07204287837129425,0.06804900385290771,0.003993874518386541,0.05591424325741159,0.0,0.0,0,0,-0.0030807679896254596,0.0023103138291058097,0.0001119308185932586,0.007805068957752645,-0.0030807679896254596,0.0023103138291058097,-0.00033751061492723805,1.045473823929297e-05,0.09247055884616479,0.4692718888022016
calibrate_then_close,105,8,0,0,certified_reset,0,1,0.06804900385290771,0.06405512933452118,0.003993874518386541,0.051920368739025044,0.0,0.0,0,0,0.0001119308185932586,0.007805068957752645,-0.0014968116896104137,0.008812065810597026,0.0001119308185932586,0.007805068957752645,-0.011607664562706347,1.4346413681507986e-05,0.09247055884616479,0.4692718888022016
calibrate_then_close,105,9,0,0,certified_reset,0,1,0.06405512933452118,0.060061254816134634,0.003993874518386541,0.0479264942206385,0.0,0.0,0,0,-0.0014968116896104137,0.008812065810597026,0.0007442989209079517,0.002283195959102314,-0.0014968116896104137,0.008812065810597026,-0.011489274451850618,1.951798161295581e-05,0.09247055884616479,0.4692718888022016
calibrate_then_close,105,10,0,0,certified_reset,0,1,0.060061254816134634,0.05606738029774809,0.003993874518386541,0.04393261970225196,0.0,0.0,0,0,0.0007442989209079517,0.002283195959102314,-0.003137034851344593,-0.009856118426596729,0.0007442989209079517,0.002283195959102314,-0.004107714980726942,1.914151024515959e-06,0.09247055884616479,0.4692718888022016
calibrate_then_close,105,11,0,0,certified_reset,0,1,0.05606738029774809,0.05207350577936155,0.003993874518386541,0.039938745183865414,0.0,0.0,0,0,-0.003137034851344593,-0.009856118426596729,-0.0016714707105999938,0.014894941286444502,-0.003137034851344593,-0.009856118426596729,0.017643731690488076,3.5109272036736845e-05,0.09247055884616479,0.4692718888022016
calibrate_then_close,105,12,0,0,certified_reset,0,1,0.05207350577936155,0.048079631260975,0.003993874518386541,0.03594487066547887,0.0,0.0,0,0,-0.0016714707105999938,0.014894941286444502,0.006904430461446912,-0.003523691197255607,-0.0016714707105999938,0.014894941286444502,-0.02027786061619961,5.300827478243734e-05,0.09247055884616479,0.4692718888022016
calibrate_then_close,105,13,0,0,certified_reset,0,1,0.048079631260975,0.04408575674258846,0.003993874518386541,0.03195099614709233,0.0,0.0,0,0,0.006904430461446912,-0.003523691197255607,0.005959294241133435,0.0018893955857242012,0.006904430461446912,-0.003523691197255607,-0.0016884497078162486,4.997738349500264e-05,0.09247055884616479,0.4692718888022016
calibrate_then_close,105,14,0,0,certified_reset,0,1,0.04408575674258846,0.040091882224201916,0.003993874518386541,0.027957121628705783,0.0,0.0,0,0,0.005959294241133435,0.0018893955857242012,0.0026505001947945608,-0.007785947254814124,0.005959294241133435,0.0018893955857242012,-0.008714795313267965,3.8054446108493786e-05,0.09247055884616479,0.4692718888022016
calibrate_then_close,105,15,0,0,certified_reset,0,1,0.040091882224201916,0.03609800770581537,0.003993874518386541,0.023963247110319243,0.0,0.0,0,0,0.0026505001947945608,-0.007785947254814124,-0.0040761619917572284,-0.003594554812333452,0.0026505001947945608,-0.007785947254814124,0.008829689434237922,1.988601210808789e-05,0.09247055884616479,0.4692718888022016
calibrate_then_close,105,16,0,0,certified_reset,0,1,0.03609800770581537,0.03210413318742883,0.003993874518386541,0.019969372591932703,0.0,0.0,0,0,-0.0040761619917572284,-0.003594554812333452,0.006309610333966262,0.018737366019898824,-0.0040761619917572284,-0.003594554812333452,0.009353313114234851,2.1127956612165722e-05,0.09247055884616479,0.4692718888022016
calibrate_then_close,105,17,0,0,certified_reset,0,1,0.03210413318742883,0.02811025866904229,0.003993874518386541,0.015975498073546163,0.0,0.0,0,0,0.006309610333966262,0.018737366019898824,0.006382999155641738,-0.016616859011663286,0.006309610333966262,0.018737366019898824,-0.03388874023519661,0.00013171834980016834,0.09247055884616479,0.4692718888022016
calibrate_then_close,105,18,0,0,certified_reset,0,1,0.02811025866904229,0.02411638415065575,0.003993874518386541,0.011981623555159623,0.0,0.0,0,0,0.006382999155641738,-0.016616859011663286,0.0007624597803551037,-0.004308552720105838,0.006382999155641738,-0.016616859011663286,0.018125934898647555,9.865801673410254e-05,0.09247055884616479,0.4692718888022016
calibrate_then_close,105,19,0,0,certified_reset,0,1,0.02411638415065575,0.02012250963226921,0.003993874518386541,0.007987749036773082,0.0,0.0,0,0,0.0007624597803551037,-0.004308552720105838,0.011105523077719033,-0.001966325127825034,0.0007624597803551037,-0.004308552720105838,0.005586751834334842,4.703092595667901e-06,0.09247055884616479,0.4692718888022016
calibrate_then_close,105,20,0,0,certified_reset,0,1,0.02012250963226921,0.01612863511388267,0.003993874518386541,0.003993874518386541,0.0,0.0,0,0,0.011105523077719033,-0.001966325127825034,0.00358495750386862,-0.005560248491929585,0.011105523077719033,-0.001966325127825034,-0.008161745264466513,0.00012569395318529796,0.09247055884616479,0.4692718888022016
calibrate_then_close,105,21,0,0,certified_reset,0,1,0.01612863511388267,0.01213476059549613,0.003993874518386541,0.0,0.0,0.0,0,0,0.00358495750386862,-0.005560248491929585,0.006674681977718781,-0.005941505239386024,0.00358495750386862,-0.005560248491929585,0.004620964759243411,1.8950698579759106e-05,0.09247055884616479,0.4692718888022016
calibrate_then_close,106,0,0,0,certified_reset,0,1,0.1,0.09600612548161347,0.003993874518386541,0.08387136488611735,0.0,0.0,0,0,4.3365506874596385,-0.1335599111776029,3.42511330953563,-1.675284199656717,4.3365506874596385,-0.1335599111776029,-1.5499999999995726,18.868945249883907,0.09247055884616479,0.4692718888022016
calibrate_then_close,106,1,0,0,certified_reset,0,1,0.09600612548161347,0.09201225096322693,0.003993874518386541,0.07987749036773081,0.0,0.0,0,0,3.42511330953563,-1.675284199656717,1.5155974865636088,-2.164897028395874,3.42511330953563,-1.675284199656717,-0.4784880170172856,12.242308839650343,0.09247055884616479,0.4692718888022016
calibrate_then_close,106,2,0,0,certified_reset,0,1,0.09201225096322693,0.0880183764448404,0.003993874518386541,0.07588361584934428,0.0,0.0,0,0,1.5155974865636088,-2.164897028395874,0.13024724635212515,-0.6168511876961167,1.5155974865636088,-2.164897028395874,1.55,3.2007184871182397,0.09247055884616479,0.4692718888022016
calibrate_then_close,106,3,0,0,certified_reset,0,1,0.0880183764448404,0.08402450192645386,0.003993874518386541,0.07188974133095774,0.0,0.0,0,0,0.13024724635212515,-0.6168511876961167,-0.09574622686429246,0.16182701292056556,0.13024724635212515,-0.6168511876961167,0.7789839526197143,0.10062571494046677,0.09247055884616479,0.4692718888022016
calibrate_then_close,106,4,0,0,certified_reset,0,1,0.08402450192645386,0.08003062740806732,0.003993874518386541,0.0678958668125712,0.0,0.0,0,0,-0.09574622686429246,0.16182701292056556,-0.0020755987158995854,0.027103568616966445,-0.09574622686429246,0.16182701292056556,-0.1430466066404044,0.014392735030474646,0.09247055884616479,0.4692718888022016
calibrate_then_close,106,5,0,0,certified_reset,0,1,0.08003062740806732,0.07603675288968079,0.003993874518386541,0.06390199229418467,0.0,0.0,0,0,-0.0020755987158995854,0.027103568616966445,0.01248457834935058,-0.00775879314595573,-0.0020755987158995854,0.027103568616966445,-0.03785665514065397,0.0001723648862098336,0.09247055884616479,0.4692718888022016
calibrate_then_close,106,6,0,0,certified_reset,0,1,0.07603675288968079,0.07204287837129425,0.003993874518386541,0.05990811777579813,0.0,0.0,0,0,0.01248457834935058,-0.00775879314595573,-0.0005634416501678913,-0.00988348756272827,0.01248457834935058,-0.00775879314595573,-0.0009966567844102094,0.00016672532647443234,0.09247055884616479,0.4692718888022016
calibrate_then_close,106,7,0,0,certified_reset,0,1,0.07204287837129425,0.06804900385290771,0.003993874518386541,0.05591424325741159,0.0,0.0,0,0,-0.0005634416501678913,-0.00988348756272827,-0.007602111854028314,-0.0027275084026455836,-0.0005634416501678913,-0.00988348756272827,0.015121927048121767,2.3617282186830625e-05,0.09247055884616479,0.4692718888022016
calibrate_then_close,106,8,0,0,certified_reset,0,1,0.06804900385290771,0.06405512933452118,0.003993874518386541,0.051920368739025044,0.0,0.0,0,0,-0.007602111854028314,-0.0027275084026455836,-0.0067726611950276565,0.017739655423921336,-0.007602111854028314,-0.0027275084026455836,0.011584904614208111,6.248642938973573e-05,0.09247055884616479,0.4692718888022016
calibrate_then_close,106,9,0,0,certified_reset,0,1,0.06405512933452118,0.060061254816134634,0.003993874518386541,0.0479264942206385,0.0,0.0,0,0,-0.0067726611950276565,0.017739655423921336,-0.003948762884045984,-0.01096814400926286,-0.0067726611950276565,0.017739655423921336,-0.01938818561830977,0.00011191165062258739,0.09247055884616479,0.4692718888022016
calibrate_then_close,106,10,0,0,certified_reset,0,1,0.060061254816134634,0.05606738029774809,0.003993874518386541,0.04393261970225196,0.0,0.0,0,0,-0.003948762884045984,-0.01096814400926286,-0.0029709055626982415,0.006981505639385053,-0.003948762884045984,-0.01096814400926286,0.020091758245913083,4.733872999115174e-05,0.09247055884616479,0.4692718888022016
calibrate_then_close,106,11,0,0,certified_reset,0,1,0.05606738029774809,0.05207350577936155,0.003993874518386541,0.039938745183865414,0.0,0.0,0,0,-0.0029709055626982415,0.006981505639385053,0.006073737116212981,0.004087381463467885,-0.0029709055626982415,0.006981505639385053,-0.007324690484800611,1.8941012908622326e-05,0.09247055884616479,0.4692718888022016
calibrate_then_close,106,12,0,0,certified_reset,0,1,0.05207350577936155,0.048079631260975,0.003993874518386541,0.03594487066547887,0.0,0.0,0,0,0.006073737116212981,0.004087381463467885,0.00013746741481355726,-0.021126832422647956,0.006073737116212981,0.004087381463467885,-0.012066052011199493,4.353722653630962e-05,0.09247055884616479,0.4692718888022016
calibrate_then_close,106,13,0,0,certified_reset,0,1,0.048079631260975,0.04408575674258846,0.003993874518386541,0.03195099614709233,0.0,0.0,0,0,0.00013746741481355726,-0.021126832422647956,0.0014234960377043247,0.009868615960333837,0.00013746741481355726,-0.021126832422647956,0.030988367203774313,0.00010436761851767122,0.09247055884616479,0.4692718888022016
calibrate_then_close,106,14,0,0,certified_reset,0,1,0.04408575674258846,0.040091882224201916,0.003993874518386541,0.027957121628705783,0.0,0.0,0,0,0.0014234960377043247,0.009868615960333837,0.009249160291475877,0.00024272993372247142,0.0014234960377043247,0.009868615960333837,-0.015956164428574757,2.5921445126212807e-05,0.09247055884616479,0.4692718888022016
calibrate_then_close,106,15,0,0,certified_reset,0,1,0.040091882224201916,0.03609800770581537,0.003993874518386541,0.023963247110319243,0.0,0.0,0,0,0.009249160291475877,0.00024272993372247142,0.004986103187424878,-0.01860926408290211,0.009249160291475877,0.00024272993372247142,-0.009567215662786429,8.784586169360128e-05,0.09247055884616479,0.4692718888022016
calibrate_then_close,106,16,0,0,certified_reset,0,1,0.03609800770581537,0.03210413318742883,0.003993874518386541,0.019969372591932703,0.0,0.0,0,0,0.004986103187424878,-0.01860926408290211,0.0005083543953752082,-0.010116737631901613,0.004986103187424878,-0.01860926408290211,0.022447026080247408,9.979279723912549e-05,0.09247055884616479,0.4692718888022016
calibrate_then_close,106,17,0,0,certified_reset,0,1,0.03210413318742883,0.02811025866904229,0.003993874518386541,0.015975498073546163,0.0,0.0,0,0,0.0005083543953752082,-0.010116737631901613,-0.0002313926322296679,-0.0006597143233825599,0.0005083543953752082,-0.010116737631901613,0.014399564569614857,2.3864819142452152e-05,0.09247055884616479,0.4692718888022016
calibrate_then_close,106,18,0,0,certified_reset,0,1,0.02811025866904229,0.02411638415065575,0.003993874518386541,0.011981623555159623,0.0,0.0,0,0,-0.0002313926322296679,-0.0006597143233825599,0.0010815834225388786,0.004011189600698879,-0.0002313926322296679,-0.0006597143233825599,0.0012049269357412259,1.6817891118774243e-07,0.09247055884616479,0.4692718888022016
calibrate_then_close,106,19,0,0,certified_reset,0,1,0.02411638415065575,0.02012250963226921,0.003993874518386541,0.007987749036773082,0.0,0.0,0,0,0.0010815834225388786,0.004011189600698879,0.0027968384723641468,-0.00705763090277499,0.0010815834225388786,0.004011189600698879,-0.0069831343547373335,5.285062397614603e-06,0.09247055884616479,0.4692718888022016
calibrate_then_close,106,20,0,0,certified_reset,0,1,0.02012250963226921,0.01612863511388267,0.003993874518386541,0.003993874518386541,0.0,0.0,0,0,0.0027968384723641468,-0.00705763090277499,0.001103310248276448,-0.0028013447806425227,0.0027968384723641468,-0.00705763090277499,0.007608600693395335,1.8235403266049427e-05,0.09247055884616479,0.4692718888022016
calibrate_then_close,106,21,0,0,certified_reset,0,1,0.01612863511388267,0.01213476059549613,0.003993874518386541,0.0,0.0,0.0,0,0,0.001103310248276448,-0.0028013447806425227,0.0013371559909068941,-0.002327166347864017,0.001103310248276448,-0.0028013447806425227,0.003030927307348865,2.859512376918622e-06,0.09247055884616479,0.4692718888022016
calibrate_then_close,107,0,0,0,certified_reset,0,1,0.1,0.09600612548161347,0.003993874518386541,0.08387136488611735,0.0,0.0,0,0,3.4530474771082584,-0.5769253204943167,2.1050223423865924,-2.1359708817828125,3.4530474771082584,-0.5769253204943167,-1.549999999999999,12.043511087740654,0.09247055884616479,0.4692718888022016
calibrate_then_close,107,1,0,0,certified_reset,0,1,0.09600612548161347,0.09201225096322693,0.003993874518386541,0.07987749036773081,0.0,0.0,0,0,2.1050223423865924,-2.1359708817828125,0.4880476035178542,-1.0788930544054018,2.1050223423865924,-2.1359708817828125,1.0503821620985085,5.279928518516433,0.09247055884616479,0.4692718888022016
calibrate_then_close,107,2,0,0,certified_reset,0,1,0.09201225096322693,0.0880183764448404,0.003993874518386541,0.07588361584934428,0.0,0.0,0,0,0.4880476035178542,-1.0788930544054018,-0.03629518196407321,0.019688463175434556,0.4880476035178542,-1.0788930544054018,1.103330343678525,0.47814574959352407,0.09247055884616479,0.4692718888022016
calibrate_then_close,107,3,0,0,certified_reset,0,1,0.0880183764448404,0.08402450192645386,0.003993874518386541,0.07188974133095774,0.0,0.0,0,0,-0.03629518196407321,0.019688463175434556,-0.017295646130349437,0.03150563834621556,-0.03629518196407321,0.019688463175434556,0.0071337735324980825,0.0013883869067233892,0.09247055884616479,0.4692718888022016
calibrate_then_close,107,4,0,0,certified_reset,0,1,0.08402450192645386,0.08003062740806732,0.003993874518386541,0.0678958668125712,0.0,0.0,0,0,-0.017295646130349437,0.03150563834621556,7.4271746598478456e-06,0.005804627297644771,-0.017295646130349437,0.03150563834621556,-0.029191153209641114,0.0004991114052774451,0.09247055884616479,0.4692718888022016
calibrate_then_close,107,5,0,0,certified_reset,0,1,0.08003062740806732,0.07603675288968079,0.003993874518386541,0.06390199229418467,0.0,0.0,0,0,7.4271746598478456e-06,0.005804627297644771,0.001594627191705216,-0.005103774711933027,7.4271746598478456e-06,0.005804627297644771,-0.008563625731730262,7.898312956373555e-06,0.09247055884616479,0.4692718888022016
calibrate_then_close,107,6,0,0,certified_reset,0,1,0.07603675288968079,0.07204287837129425,0.003993874518386541,0.05990811777579813,0.0,0.0,0,0,0.001594627191705216,-0.005103774711933027,-0.0023927966184743464,-0.00407319394773675,0.001594627191705216,-0.005103774711933027,0.005930385568153916,8.11080564102994e-06,0.09247055884616479,0.4692718888022016
calibrate_then_close,107,7,0,0,certified_reset,0,1,0.07204287837129425,0.06804900385290771,0.003993874518386541,0.05591424325741159,0.0,0.0,0,0,-0.0023927966184743464,-0.00407319394773675,-0.002226473351952361,0.015783943761502234,-0.0023927966184743464,-0.00407319394773675,0.008380304865246458,1.0467577006702375e-05,0.09247055884616479,0.4692718888022016
calibrate_then_close,107,8,0,0,certified_reset,0,1,0.06804900385290771,0.06405512933452118,0.003993874518386541,0.051920368739025044,0.0,0.0,0,0,-0.002226473351952361,0.015783943761502234,0.008540389290568934,0.009188577725608731,-0.002226473351952361,0.015783943761502234,-0.021033599227732562,6.086140951870353e-05,0.09247055884616479,0.4692718888022016
calibrate_then_close,107,9,0,0,certified_reset,0,1,0.06405512933452118,0.060061254816134634,0.003993874518386541,0.0479264942206385,0.0,0.0,0,0,0.008540389290568934,0.009188577725608731,0.011577171215122525,-0.014721493895795015,0.008540389290568934,0.009188577725608731,-0.022036841710447765,0.00010027620196026732,0.09247055884616479,0.4692718888022016
calibrate_then_close,107,10,0,0,certified_reset,0,1,0.060061254816134634,0.05606738029774809,0.003993874518386541,0.04393261970225196,0.0,0.0,0,0,0.011577171215122525,-0.014721493895795015,0.001689198996101206,-0.0010132534277962194,0.011577171215122525,-0.014721493895795015,0.010159890844516925,0.00017562150674788141,0.09247055884616479,0.4692718888022016
calibrate_then_close,107,11,0,0,certified_reset,0,1,0.05606738029774809,0.05207350577936155,0.003993874518386541,0.039938745183865414,0.0,0.0,0,0,0.001689198996101206,-0.0010132534277962194,0.0073053446979856876,-0.006433201416406613,0.001689198996101206,-0.0010132534277962194,-0.00018786629365008677,3.039078443645909e-06,0.09247055884616479,0.4692718888022016
calibrate_then_close,107,12,0,0,certified_reset,0,1,0.05207350577936155,0.048079631260975,0.003993874518386541,0.03594487066547887,0.0,0.0,0,0,0.0073053446979856876,-0.006433201416406613,-0.002152392163748597,-0.018520584572568295,0.0073053446979856876,-0.006433201416406613,0.00220460075145562,6.093906225175066e-05,0.09247055884616479,0.4692718888022016
calibrate_then_close,107,13,0,0,certified_reset,0,1,0.048079631260975,0.04408575674258846,0.003993874518386541,0.03195099614709233,0.0,0.0,0,0,-0.002152392163748597,-0.018520584572568295,-0.005522750567651177,0.018038870877062546,-0.002152392163748597,-0.018520584572568295,0.02942832557397084,8.802562020249487e-05,0.09247055884616479,0.4692718888022016
calibrate_then_close,107,14,0,0,certified_reset,0,1,0.04408575674258846,0.040091882224201916,0.003993874518386541,0.027957121628705783,0.0,0.0,0,0,-0.005522750567651177,0.018038870877062546,0.007289834778138643,-0.007684364082086541,-0.005522750567651177,0.018038870877062546,-0.02107590317257832,0.00010017777144946915,0.09247055884616479,0.4692718888022016
calibrate_then_close,107,15,0,0,certified_reset,0,1,0.040091882224201916,0.03609800770581537,0.003993874518386541,0.023963247110319243,0.0,0.0,0,0,0.007289834778138643,-0.007684364082086541,-0.0038218855471027734,0.003981866469085975,0.007289834778138643,-0.007684364082086541,0.00405504177177363,6.418167642912151e-05,0.09247055884616479,0.4692718888022016
calibrate_then_close,107,16,0,0,certified_reset,0,1,0.03609800770581537,0.03210413318742883,0.003993874518386541,0.019969372591932703,0.0,0.0,0,0,-0.0038218855471027734,0.003981866469085975,0.009481384438809257,0.007951281769421437,-0.0038218855471027734,0.003981866469085975,-0.0020582346459759237,1.7566664285574072e-05,0.09247055884616479,0.4692718888022016
calibrate_then_close,107,17,0,0,certified_reset,0,1,0.03210413318742883,0.02811025866904229,0.003993874518386541,0.015975498073546163,0.0,0.0,0,0,0.009481384438809257,0.007951281769421437,0.0017717620356617093,-0.01976660749132104,0.009481384438809257,0.007951281769421437,-0.021156255867326248,0.0001124664486544008,0.09247055884616479,0.4692718888022016
calibrate_then_close,107,18,0,0,certified_reset,0,1,0.02811025866904229,0.02411638415065575,0.003993874518386541,0.011981623555159623,0.0,0.0,0,0,0.0017717620356617093,-0.01976660749132104,-0.004904630765773979,-0.007974135993409709,0.0017717620356617093,-0.01976660749132104,0.027356034858246378,9.217733569902273e-05,0.09247055884616479,0.4692718888022016
calibrate_then_close,107,19,0,0,certified_reset,0,1,0.02411638415065575,0.02012250963226921,0.003993874518386541,0.007987749036773082,0.0,0.0,0,0,-0.004904630765773979,-0.007974135993409709,-7.3612225168441e-05,0.007508157064208513,-0.004904630765773979,-0.007974135993409709,0.016628327069461477,4.241356654825189e-05,0.09247055884616479,0.4692718888022016
calibrate_then_close,107,20,0,0,certified_reset,0,1,0.02012250963226921,0.01612863511388267,0.003993874518386541,0.003993874518386541,0.0,0.0,0,0,-7.3612225168441e-05,0.007508157064208513,-0.0070464054609224855,-0.006911107048748763,-7.3612225168441e-05,0.007508157064208513,-0.010988774562480621,1.3171283969468133e-05,0.09247055884616479,0.4692718888022016
calibrate_then_close,107,21,0,0,certified_reset,0,1,0.01612863511388267,0.01213476059549613,0.003993874518386541,0.0,0.0,0.0,0,0,-0.0070464054609224855,-0.006911107048748763,-0.006820680242599999,0.011501561898500321,-0.0070464054609224855,-0.006911107048748763,0.01719839379822319,6.564386076575495e-05,0.09247055884616479,0.4692718888022016
calibrate_then_close,108,0,1,1,certified_reset,0,1,0.1,0.09600612548161347,0.003993874518386541,0.08387136488611735,0.0,0.0,0,0,-2.930673901388687,-0.3357854375998596,-2.4804389787930385,1.2410048537894056,-2.930673901388687,-0.3357854375998596,1.549999999999956,8.669207351099526,0.09744082949644373,0.49914169846942547
calibrate_then_close,108,1,0,0,certified_reset,0,1,0.09600612548161347,0.09201225096322693,0.003993874518386541,0.07987749036773081,0.0,0.0,0,0,-2.4804389787930385,1.2410048537894056,-1.0055415600013349,1.7121057092499206,-2.4804389787930385,1.2410048537894056,0.4699416027118832,6.435315403748033,0.09247055884616479,0.4692718888022016
calibrate_then_close,108,2,0,0,certified_reset,0,1,0.09201225096322693,0.0880183764448404,0.003993874518386541,0.07588361584934428,0.0,0.0,0,0,-1.0055415600013349,1.7121057092499206,-0.056550563966489754,0.18675143337012304,-1.0055415600013349,1.7121057092499206,-1.5208106891141542,1.596570530429326,0.09247055884616479,0.4692718888022016
calibrate_then_close,108,3,2,2,certified_reset,0,1,0.0880183764448404,0.08402450192645386,0.003993874518386541,0.07188974133095774,0.0,0.0,0,0,-0.056550563966489754,0.18675143337012304,-0.007048077830420534,-0.023595579404045344,-0.056550563966489754,0.18675143337012304,-0.2187891790823614,0.01067238152285958,0.10372612354602789,0.5374732092193446
calibrate_then_close,108,4,2,2,certified_reset,0,1,0.08402450192645386,0.08003062740806732,0.003993874518386541,0.0678958668125712,0.0,0.0,0,0,-0.007048077830420534,-0.023595579404045344,-0.012361147585463842,0.0742422828680251,-0.007048077830420534,-0.023595579404045344,0.04177345536090869,0.0001935161865576808,0.10372612354602789,0.5374732092193446
calibrate_then_close,108,5,0,0,certified_reset,0,1,0.08003062740806732,0.07603675288968079,0.003993874518386541,0.06390199229418467,0.0,0.0,0,0,-0.012361147585463842,0.0742422828680251,0.009940223748789296,-0.023298256755743707,-0.012361147585463842,0.0742422828680251,-0.09705495202880497,0.0013804345442445132,0.09247055884616479,0.4692718888022016
calibrate_then_close,108,6,0,0,certified_reset,0,1,0.07603675288968079,0.07204287837129425,0.003993874518386541,0.05990811777579813,0.0,0.0,0,0,0.009940223748789296,-0.023298256755743707,-0.0035761215772784974,0.015340537708353346,0.009940223748789296,-0.023298256755743707,0.02442317826468693,0.00021142591730389192,0.09247055884616479,0.4692718888022016
calibrate_then_close,108,7,0,0,certified_reset,0,1,0.07204287837129425,0.06804900385290771,0.003993874518386541,0.05591424325741159,0.0,0.0,0,0,-0.0035761215772784974,0.015340537708353346,0.005782609859735163,-0.009158254249928376,-0.0035761215772784974,0.015340537708353346,-0.019037291045550422,6.420888428695568e-05,0.09247055884616479,0.4692718888022016
calibrate_then_close,108,8,0,0,certified_reset,0,1,0.06804900385290771,0.06405512933452118,0.003993874518386541,0.051920368739025044,0.0,0.0,0,0,0.005782609859735163,-0.009158254249928376,-0.0030987546832797774,0.009644017884738513,0.005782609859735163,-0.009158254249928376,0.0077283231810412155,5.00290030328114e-05,0.09247055884616479,0.4692718888022016
calibrate_then_close,108,9,0,0,certified_reset,0,1,0.06405512933452118,0.060061254816134634,0.003993874518386541,0.0479264942206385,0.0,0.0,0,0,-0.0030987546832797774,0.009644017884738513,0.004460191070825783,-0.0034369296020336673,-0.0030987546832797774,0.009644017884738513,-0.011116941197813554,2.9433214700047594e-05,0.09247055884616479,0.4692718888022016
calibrate_then_close,108,10,0,0,certified_reset,0,1,0.060061254816134634,0.05606738029774809,0.003993874518386541,0.04393261970225196,0.0,0.0,0,0,0.004460191070825783,-0.0034369296020336673,0.010433552907866201,0.0032985552849658937,0.004460191070825783,-0.0034369296020336673,0.0006243334658054768,2.202929651126752e-05,0.09247055884616479,0.4692718888022016
calibrate_then_close,108,11,0,0,certified_reset,0,1,0.05606738029774809,0.05207350577936155,0.003993874518386541,0.039938745183865414,0.0,0.0,0,0,0.010433552907866201,0.0032985552849658937,0.006092922436341666,-0.00515044557011649,0.010433552907866201,0.0032985552849658937,-0.015245883337622702,0.00011662843430408905,0.09247055884616479,0.4692718888022016
calibrate_then_close,108,12,0,0,certified_reset,0,1,0.05207350577936155,0.048079631260975,0.003993874518386541,0.03594487066547887,0.0,0.0,0,0,0.006092922436341666,-0.00515044557011649,0.009980608727067788,0.007227624153993023,0.006092922436341666,-0.00515044557011649,0.0015204155017384956,4.1956371520455685e-05,0.09247055884616479,0.4692718888022016
calibrate_then_close,108,13,0,0,certified_reset,0,1,0.048079631260975,0.04408575674258846,0.003993874518386541,0.03195099614709233,0.0,0.0,0,0,0.009980608727067788,0.007227624153993023,0.007069639365491975,-0.009665287952615034,0.009980608727067788,0.007227624153993023,-0.02058643808319083,0.00011961052555069696,0.09247055884616479,0.4692718888022016
calibrate_then_close,108,14,0,0,certified_reset,0,1,0.04408575674258846,0.040091882224201916,0.003993874518386541,0.027957121628705783,0.0,0.0,0,0,0.007069639365491975,-0.009665287952615034,0.015579933759295169,-0.005237373297439877,0.007069639365491975,-0.009665287952615034,0.007197886444946574,6.809024240722618e-05,0.09247055884616479,0.4692718888022016
calibrate_then_close,108,15,0,0,certified_reset,0,1,0.040091882224201916,0.03609800770581537,0.003993874518386541,0.023963247110319243,0.0,0.0,0,0,0.015579933759295169,-0.005237373297439877,-0.002621044560059415,-0.007426658565048212,0.015579933759295169,-0.005237373297439877,-0.007796146415017381,0.0002491912476473475,0.09247055884616479,0.4692718888022016
calibrate_then_close,108,16,0,0,certified_reset,0,1,0.03609800770581537,0.03210413318742883,0.003993874518386541,0.019969372591932703,0.0,0.0,0,0,-0.002621044560059415,-0.007426658565048212,-0.0049138157257977814,0.016323102222696062,-0.002621044560059415,-0.007426658565048212,0.013552450479743702,2.1389543775489397e-05,0.09247055884616479,0.4692718888022016
calibrate_then_close,108,17,0,0,certified_reset,0,1,0.03210413318742883,0.02811025866904229,0.003993874518386541,0.015975498073546163,0.0,0.0,0,0,-0.0049138157257977814,0.016323102222696062,-0.0046644926566581,-0.0013531956338284899,-0.0049138157257977814,0.016323102222696062,-0.019154981918596225,8.12782782057066e-05,0.09247055884616479,0.4692718888022016
calibrate_then_close,108,18,0,0,certified_reset,0,1,0.02811025866904229,0.02411638415065575,0.003993874518386541,0.011981623555159623,0.0,0.0,0,0,-0.0046644926566581,-0.0013531956338284899,0.0003700399689949385,-0.0015613481126915598,-0.0046644926566581,-0.0013531956338284899,0.00663660396316777,2.3188209464329944e-05,0.09247055884616479,0.4692718888022016
calibrate_then_close,108,19,0,0,certified_reset,0,1,0.02411638415065575,0.02012250963226921,0.003993874518386541,0.007987749036773082,0.0,0.0,0,0,0.0003700399689949385,-0.0015613481126915598,0.0009417527748481437,0.0074897256865726885,0.0003700399689949385,-0.0015613481126915598,0.001932353357577778,6.69084743338317e-07,0.09247055884616479,0.4692718888022016
calibrate_then_close,108,20,0,0,certified_reset,0,1,0.02012250963226921,0.01612863511388267,0.003993874518386541,0.003993874518386541,0.0,0.0,0,0,0.0009417527748481437,0.0074897256865726885,-0.00019494489687499903,-0.008746448864503077,0.0009417527748481437,0.0074897256865726885,-0.011969340849648118,1.4565804653129766e-05,0.09247055884616479,0.4692718888022016
calibrate_then_close,108,21,0,0,certified_reset,0,1,0.01612863511388267,0.01213476059549613,0.003993874518386541,0.0,0.0,0.0,0,0,-0.00019494489687499903,-0.008746448864503077,0.009173795773868142,0.010859419286238386,-0.00019494489687499903,-0.008746448864503077,0.013079178746373215,1.8084692622893214e-05,0.09247055884616479,0.4692718888022016
calibrate_then_close,109,0,0,0,certified_reset,0,1,0.1,0.09600612548161347,0.003993874518386541,0.08387136488611735,0.0,0.0,0,0,-0.7815235286392888,-0.11217923313319544,-0.42641169608878726,0.8229559003555582,-0.7815235286392888,-0.11217923313319544,0.9434634628539869,0.6352972609226595,0.09247055884616479,0.4692718888022016
calibrate_then_close,109,1,0,0,certified_reset,0,1,0.09600612548161347,0.09201225096322693,0.003993874518386541,0.07987749036773081,0.0,0.0,0,0,-0.42641169608878726,0.8229559003555582,0.010534420202088893,0.036358660009063695,-0.42641169608878726,0.8229559003555582,-0.7876857930349302,0.3192443117824479,0.09247055884616479,0.4692718888022016
calibrate_then_close,109,2,0,0,certified_reset,0,1,0.09201225096322693,0.0880183764448404,0.003993874518386541,0.07588361584934428,0.0,0.0,0,0,0.010534420202088893,0.036358660009063695,0.008940548286757532,-0.03231578542867004,0.010534420202088893,0.036358660009063695,-0.0640484527156322,0.0004514805047536867,0.09247055884616479,0.4692718888022016
calibrate_then_close,109,3,0,0,certified_reset,0,1,0.0880183764448404,0.08402450192645386,0.003993874518386541,0.07188974133095774,0.0,0.0,0,0,0.008940548286757532,-0.03231578542867004,-0.0031722658255961093,0.02093856531597417,0.008940548286757532,-0.03231578542867004,0.03870476067562841,0.0003053606639587165,0.09247055884616479,0.4692718888022016
calibrate_then_close,109,4,0,0,certified_reset,0,1,0.08402450192645386,0.08003062740806732,0.003993874518386541,0.0678958668125712,0.0,0.0,0,0,-0.0031722658255961093,0.02093856531597417,0.016034543912386453,-0.004541089937289694,-0.0031722658255961093,0.02093856531597417,-0.027684158257428728,0.00010813981907724092,0.09247055884616479,0.4692718888022016
calibrate_then_close,109,5,0,0,certified_reset,0,1,0.08003062740806732,0.07603675288968079,0.003993874518386541,0.06390199229418467,0.0,0.0,0,0,0.016034543912386453,-0.004541089937289694,0.005094692552205557,-0.033669895016175524,0.016034543912386453,-0.004541089937289694,-0.009281334864995173,0.0002629720475074935,0.09247055884616479,0.4692718888022016
calibrate_then_close,109,6,0,0,certified_reset,0,1,0.07603675288968079,0.07204287837129425,0.003993874518386541,0.05990811777579813,0.0,0.0,0,0,0.005094692552205557,-0.033669895016175524,-0.0024131779002280612,0.0016506265813443742,0.005094692552205557,-0.033669895016175524,0.044526541949183915,0.0002795803451223603,0.09247055884616479,0.4692718888022016
calibrate_then_close,109,7,0,0,certified_reset,0,1,0.07204287837129425,0.06804900385290771,0.003993874518386541,0.05591424325741159,0.0,0.0,0,0,-0.0024131779002280612,0.0016506265813443742,0.005181278378850695,-0.0014650837979720637,-0.0024131779002280612,0.0016506265813443742,-3.2016233606497495e-05,6.313875464116784e-06,0.09247055884616479,0.4692718888022016
calibrate_then_close,109,8,0,0,certified_reset,0,1,0.06804900385290771,0.06405512933452118,0.003993874518386541,0.051920368739025044,0.0,0.0,0,0,0.005181278378850695,-0.0014650837979720637,0.007372144958692652,0.01583982298368014,0.005181278378850695,-0.0014650837979720637,-0.0030004086302427425,2.7457071634171005e-05,0.09247055884616479,0.4692718888022016
calibrate_then_close,109,9,0,0,certified_reset,0,1,0.06405512933452118,0.060061254816134634,0.003993874518386541,0.0479264942206385,0.0,0.0,0,0,0.007372144958692652,0.01583982298368014,0.004772342761065685,-0.01582877175480785,0.007372144958692652,0.01583982298368014,-0.030673473650134033,0.00012303206952389204,0.09247055884616479,0.4692718888022016
calibrate_then_close,109,10,0,0,certified_reset,0,1,0.060061254816134634,0.05606738029774809,0.003993874518386541,0.04393261970225196,0.0,0.0,0,0,0.004772342761065685,-0.01582877175480785,-0.0002842593921655644,-0.0003055880033166285,0.004772342761065685,-0.01582877175480785,0.01856746499157224,7.649302708227205e-05,0.09247055884616479,0.4692718888022016
calibrate_then_close,109,11,0,0,certified_reset,0,1,0.05606738029774809,0.05207350577936155,0.003993874518386541,0.039938745183865414,0.0,0.0,0,0,-0.0002842593921655644,-0.0003055880033166285,-0.006455876391972496,0.0007127582261246277,-0.0002842593921655644,-0.0003055880033166285,0.0007358481656822441,1.1114934010657208e-07,0.09247055884616479,0.4692718888022016
calibrate_then_close,109,12,0,0,certified_reset,0,1,0.05207350577936155,0.048079631260975,0.003993874518386541,0.03594487066547887,0.0,0.0,0,0,-0.006455876391972496,0.0007127582261246277,0.0018054916422441222,0.0009749499147574869,-0.006455876391972496,0.0007127582261246277,0.005377396553741881,4.249269420283619e-05,0.09247055884616479,0.4692718888022016
calibrate_then_close,109,13,0,0,certified_reset,0,1,0.048079631260975,0.04408575674258846,0.003993874518386541,0.03195099614709233,0.0,0.0,0,0,0.0018054916422441222,0.0009749499147574869,-0.006728238883524677,0.003671672144880133,0.0018054916422441222,0.0009749499147574869,-0.00323338901106652,3.692265103166934e-06,0.09247055884616479,0.4692718888022016
calibrate_then_close,109,14,0,0,certified_reset,0,1,0.04408575674258846,0.040091882224201916,0.003993874518386541,0.027957121628705783,0.0,0.0,0,0,-0.006728238883524677,0.003671672144880133,0.00016989764249110027,0.0056279449249341034,-0.006728238883524677,0.003671672144880133,0.0012900494480047506,4.773741590433879e-05,0.09247055884616479,0.4692718888022016
calibrate_then_close,109,15,0,0,certified_reset,0,1,0.040091882224201916,0.03609800770581537,0.003993874518386541,0.023963247110319243,0.0,0.0,0,0,0.00016989764249110027,0.0056279449249341034,-0.0003676886670154118,0.004038816007060199,0.00016989764249110027,0.0056279449249341034,-0.008455911845191474,7.5177038713217465e-06,0.09247055884616479,0.4692718888022016
calibrate_then_close,109,16,0,0,certified_reset,0,1,0.03609800770581537,0.03210413318742883,0.003993874518386541,0.019969372591932703,0.0,0.0,0,0,-0.0003676886670154118,0.004038816007060199,-0.0025421456267716333,0.007305544064361507,-0.0003676886670154118,0.004038816007060199,-0.005585877577415899,3.851411916597938e-06,0.09247055884616479,0.4692718888022016
calibrate_then_close,109,17,0,0,certified_reset,0,1,0.03210413318742883,0.02811025866904229,0.003993874518386541,0.015975498073546163,0.0,0.0,0,0,-0.0025421456267716333,0.007305544064361507,0.004491022262138792,0.003284208945447709,-0.0025421456267716333,0.007305544064361507,-0.00823142258342825,1.7763187665127432e-05,0.09247055884616479,0.4692718888022016
calibrate_then_close,109,18,0,0,certified_reset,0,1,0.02811025866904229,0.02411638415065575,0.003993874518386541,0.011981623555159623,0.0,0.0,0,0,0.004491022262138792,0.003284208945447709,-0.004749821635178051,-0.002954084562510968,0.004491022262138792,0.003284208945447709,-0.009309220115958975,2.4277305549735193e-05,0.09247055884616479,0.4692718888022016
calibrate_then_close,109,19,0,0,certified_reset,0,1,0.02411638415065575,0.02012250963226921,0.003993874518386541,0.007987749036773082,0.0,0.0,0,0,-0.004749821635178051,-0.002954084562510968,-0.003409552040200193,0.007852863320672986,-0.004749821635178051,-0.002954084562510968,0.009083413774435726,2.6194306519389525e-05,0.09247055884616479,0.4692718888022016
calibrate_then_close,109,20,0,0,certified_reset,0,1,0.02012250963226921,0.01612863511388267,0.003993874518386541,0.003993874518386541,0.0,0.0,0,0,-0.003409552040200193,0.007852863320672986,-0.00013288826569353375,0.0002928686058304717,-0.003409552040200193,0.007852863320672986,-0.008172729723033059,2.439502611294781e-05,0.09247055884616479,0.4692718888022016
calibrate_then_close,109,21,0,0,certified_reset,0,1,0.01612863511388267,0.01213476059549613,0.003993874518386541,0.0,0.0,0.0,0,0,-0.00013288826569353375,0.0002928686058304717,0.0036023257475594826,-0.011529695307394325,-0.00013288826569353375,0.0002928686058304717,-0.0003023297630612572,3.5383336950447274e-08,0.09247055884616479,0.4692718888022016
calibrate_then_close,110,0,0,0,certified_reset,0,1,0.1,0.09600612548161347,0.003993874518386541,0.08387136488611735,0.0,0.0,0,0,4.7292441774346585,-0.5633758060110808,3.3980651055660793,-2.1192790778165316,4.7292441774346585,-0.5633758060110808,-1.5499999999999903,22.482943603583376,0.09247055884616479,0.4692718888022016
calibrate_then_close,110,1,0,0,certified_reset,0,1,0.09600612548161347,0.09201225096322693,0.003993874518386541,0.07987749036773081,0.0,0.0,0,0,3.3980651055660793,-2.1192790778165316,1.337717796700039,-2.0088089882705233,3.3980651055660793,-2.1192790778165316,0.11408516924469816,12.355613733052609,0.09247055884616479,0.4692718888022016
calibrate_then_close,110,2,0,0,certified_reset,0,1,0.09201225096322693,0.0880183764448404,0.003993874518386541,0.07588361584934428,0.0,0.0,0,0,1.337717796700039,-2.0088089882705233,0.10301859341216213,-0.4647091253355251,1.337717796700039,-2.0088089882705233,1.55,2.5759078428521667,0.09247055884616479,0.4692718888022016
calibrate_then_close,110,3,0,0,certified_reset,0,1,0.0880183764448404,0.08402450192645386,0.003993874518386541,0.07188974133095774,0.0,0.0,0,0,0.10301859341216213,-0.4647091253355251,-0.06408221900216306,0.11584803894661155,0.10301859341216213,-0.4647091253355251,0.5819782148029443,0.05795211946187051,0.09247055884616479,0.4692718888022016
calibrate_then_close,110,4,0,0,certified_reset,0,1,0.08402450192645386,0.08003062740806732,0.003993874518386541,0.0678958668125712,0.0,0.0,0,0,-0.06408221900216306,0.11584803894661155,-0.013226917811013851,0.007437270350718165,-0.06408221900216306,0.11584803894661155,-0.10684476959013525,0.006807664174960029,0.09247055884616479,0.4692718888022016
calibrate_then_close,110,5,0,0,certified_reset,0,1,0.08003062740806732,0.07603675288968079,0.003993874518386541,0.06390199229418467,0.0,0.0,0,0,-0.013226917811013851,0.007437270350718165,-0.007837243829851811,-0.0013354221217686119,-0.013226917811013851,0.007437270350718165,0.00221663884160888,0.00018503053022170954,0.09247055884616479,0.4692718888022016
calibrate_then_close,110,6,0,0,certified_reset,0,1,0.07603675288968079,0.07204287837129425,0.003993874518386541,0.05990811777579813,0.0,0.0,0,0,-0.007837243829851811,-0.0013354221217686119,0.005936950788830027,0.012616875502822218,-0.007837243829851811,-0.0013354221217686119,0.0097726252459443,6.413099935728761e-05,0.09247055884616479,0.4692718888022016
calibrate_then_close,110,7,0,0,certified_reset,0,1,0.07204287837129425,0.06804900385290771,0.003993874518386541,0.05591424325741159,0.0,0.0,0,0,0.005936950788830027,0.012616875502822218,0.007909488115282377,-0.014888083685210982,0.005936950788830027,0.012616875502822218,-0.024501007547939435,7.890826748226287e-05,0.09247055884616479,0.4692718888022016
calibrate_then_close,110,8,0,0,certified_reset,0,1,0.06804900385290771,0.06405512933452118,0.003993874518386541,0.051920368739025044,0.0,0.0,0,0,0.007909488115282377,-0.014888083685210982,-0.00038039253851421706,-0.003557887826332389,0.007909488115282377,-0.014888083685210982,0.014058575518109382,0.00010739899733296494,0.09247055884616479,0.4692718888022016
calibrate_then_close,110,9,0,0,certified_reset,0,1,0.06405512933452118,0.060061254816134634,0.003993874518386541,0.0479264942206385,0.0,0.0,0,0,-0.00038039253851421706,-0.003557887826332389,-0.004824224994461291,0.012305674646914755,-0.00038039253851421706,-0.003557887826332389,0.005612996972319149,3.210883699896446e-06,0.09247055884616479,0.4692718888022016
calibrate_then_close,110,10,0,0,certified_reset,0,1,0.060061254816134634,0.05606738029774809,0.003993874518386541,0.04393261970225196,0.0,0.0,0,0,-0.004824224994461291,0.012305674646914755,-0.003339936059417281,0.005773711441378486,-0.004824224994461291,0.012305674646914755,-0.013320819645282402,5.496658583056829e-05,0.09247055884616479,0.4692718888022016
calibrate_then_close,110,11,0,0,certified_reset,0,1,0.05606738029774809,0.05207350577936155,0.003993874518386541,0.039938745183865414,0.0,0.0,0,0,-0.003339936059417281,0.005773711441378486,0.0020317719559910133,-0.010953223949765376,-0.003339936059417281,0.005773711441378486,-0.005183145407431457,1.782723167435515e-05,0.09247055884616479,0.4692718888022016
calibrate_then_close,110,12,0,0,certified_reset,0,1,0.05207350577936155,0.048079631260975,0.003993874518386541,0.03594487066547887,0.0,0.0,0,0,0.0020317719559910133,-0.010953223949765376,-0.010618805979788686,0.005695707587582093,0.0020317719559910133,-0.010953223949765376,0.014105997151314695,3.069773685284249e-05,0.09247055884616479,0.4692718888022016
calibrate_then_close,110,13,0,0,certified_reset,0,1,0.048079631260975,0.04408575674258846,0.003993874518386541,0.03195099614709233,0.0,0.0,0,0,-0.010618805979788686,0.005695707587582093,0.000831932182333552,0.012444297574204507,-0.010618805979788686,0.005695707587582093,0.002188494941548596,0.0001187181734753088,0.09247055884616479,0.4692718888022016
calibrate_then_close,110,14,0,0,certified_reset,0,1,0.04408575674258846,0.040091882224201916,0.003993874518386541,0.027957121628705783,0.0,0.0,0,0,0.000831932182333552,0.012444297574204507,0.008967908966244744,-0.004885652212486161,0.000831932182333552,0.012444297574204507,-0.01916250467875678,3.774704837585004e-05,0.09247055884616479,0.4692718888022016
calibrate_then_close,110,15,0,0,certified_reset,0,1,0.040091882224201916,0.03609800770581537,0.003993874518386541,0.023963247110319243,0.0,0.0,0,0,0.008967908966244744,-0.004885652212486161,0.003305751117137619,-0.014519491712890728,0.008967908966244744,-0.004885652212486161,-0.001736764155019448,8.479532752755365e-05,0.09247055884616479,0.4692718888022016
calibrate_then_close,110,16,0,0,certified_reset,0,1,0.03609800770581537,0.03210413318742883,0.003993874518386541,0.019969372591932703,0.0,0.0,0,0,0.003305751117137619,-0.014519491712890728,-0.007302767785754341,0.011894147071744542,0.003305751117137619,-0.014519491712890728,0.018098046401171786,5.706328766505725e-05,0.09247055884616479,0.4692718888022016
calibrate_then_close,110,17,0,0,certified_reset,0,1,0.03210413318742883,0.02811025866904229,0.003993874518386541,0.015975498073546163,0.0,0.0,0,0,-0.007302767785754341,0.011894147071744542,-0.0037209610853676262,0.00039682367301670956,-0.007302767785754341,0.011894147071744542,-0.010245104118888043,8.141920351439484e-05,0.09247055884616479,0.4692718888022016
calibrate_then_close,110,18,2,2,certified_reset,0,1,0.02811025866904229,0.02411638415065575,0.003993874518386541,0.011981623555159623,0.0,0.0,0,0,-0.0037209610853676262,0.00039682367301670956,0.008787797410151671,0.015890970830985278,-0.0037209610853676262,0.00039682367301670956,0.0031197619518870748,1.4117218689675244e-05,0.10372612354602789,0.5374732092193446
calibrate_then_close,110,19,2,2,certified_reset,0,1,0.02411638415065575,0.02012250963226921,0.003993874518386541,0.007987749036773082,0.0,0.0,0,0,0.008787797410151671,0.015890970830985278,-0.0692786472662454,-0.043494108411465254,0.008787797410151671,0.015890970830985278,-0.03216257440210284,0.00014854029483735894,0.10372612354602789,0.5374732092193446
calibrate_then_close,110,20,2,2,certified_reset,0,1,0.02012250963226921,0.01612863511388267,0.003993874518386541,0.003993874518386541,0.0,0.0,0,0,-0.0692786472662454,-0.043494108411465254,-0.09145549661119781,0.14814928928309862,-0.0692786472662454,-0.043494108411465254,0.1330561878721027,0.00558264243928875,0.10372612354602789,0.5374732092193446
calibrate_then_close,110,21,0,0,certified_reset,0,1,0.01612863511388267,0.01213476059549613,0.003993874518386541,0.0,0.0,0.0,0,0,-0.09145549661119781,0.14814928928309862,0.0013566923536741833,0.01526266404585119,-0.09145549661119781,0.14814928928309862,-0.12717194768222972,0.012719103612048812,0.09247055884616479,0.4692718888022016
calibrate_then_close,111,0,1,1,certified_reset,0,1,0.1,0.09600612548161347,0.003993874518386541,0.08387136488611735,0.0,0.0,0,0,-0.7062790598388577,0.19053269399353678,-0.2902343924862479,0.6250569678224634,-0.7062790598388577,0.19053269399353678,0.42261389933690047,0.5098296604111576,0.09744082949644373,0.49914169846942547
calibrate_then_close,111,1,1,1,certified_reset,0,1,0.09600612548161347,0.09201225096322693,0.003993874518386541,0.07987749036773081,0.0,0.0,0,0,-0.2902343924862479,0.6250569678224634,0.029737071828061006,0.0034537930478690734,-0.2902343924862479,0.6250569678224634,-0.6317640983306007,0.16453946782456247,0.09744082949644373,0.49914169846942547
calibrate_then_close,111,2,1,1,certified_reset,0,1,0.09201225096322693,0.0880183764448404,0.003993874518386541,0.07588361584934428,0.0,0.0,0,0,0.029737071828061006,0.0034537930478690734,-0.022330825917264797,-0.08236039055023997,0.029737071828061006,0.0034537930478690734,-0.034695229301106675,0.0009165345778688204,0.09744082949644373,0.49914169846942547
calibrate_then_close,111,3,2,2,certified_reset,0,1,0.0880183764448404,0.08402450192645386,0.003993874518386541,0.07188974133095774,0.0,0.0,0,0,-0.022330825917264797,-0.08236039055023997,-0.003679848183425389,0.06547980620018987,-0.022330825917264797,-0.08236039055023997,0.14355946416162807,0.0022348808875923797,0.10372612354602789,0.5374732092193446
calibrate_then_close,111,4,2,2,certified_reset,0,1,0.08402450192645386,0.08003062740806732,0.003993874518386541,0.0678958668125712,0.0,0.0,0,0,-0.003679848183425389,0.06547980620018987,0.05179159331758653,-0.010756164954039811,-0.003679848183425389,0.06547980620018987,-0.0927967560928012,0.0010005911347893263,0.10372612354602789,0.5374732092193446
calibrate_then_close,111,5,2,2,certified_reset,0,1,0.08003062740806732,0.07603675288968079,0.003993874518386541,0.06390199229418467,0.0,0.0,0,0,0.05179159331758653,-0.010756164954039811,0.04579499009831132,-0.006169335650109457,0.05179159331758653,-0.010756164954039811,-0.03572307068132781,0.0027350976980601853,0.10372612354602789,0.5374732092193446
calibrate_then_close,111,6,2,2,certified_reset,0,1,0.07603675288968079,0.07204287837129425,0.003993874518386541,0.05990811777579813,0.0,0.0,0,0,0.04579499009831132,-0.006169335650109457,0.018238960963199886,-0.031966859492709554,0.04579499009831132,-0.006169335650109457,-0.03651361526678838,0.0021373631470261757,0.10372612354602789,0.5374732092193446
calibrate_then_close,111,7,1,1,certified_reset,0,1,0.07204287837129425,0.06804900385290771,0.003993874518386541,0.05591424325741159,0.0,0.0,0,0,0.018238960963199886,-0.031966859492709554,0.024587775084578316,0.003018136364089888,0.018238960963199886,-0.031966859492709554,0.028931587132270134,0.000537524034415727,0.09744082949644373,0.49914169846942547
calibrate_then_close,111,8,0,0,certified_reset,0,1,0.06804900385290771,0.06405512933452118,0.003993874518386541,0.051920368739025044,0.0,0.0,0,0,0.024587775084578316,0.003018136364089888,0.01763043649722791,-0.02582937270847789,0.024587775084578316,0.003018136364089888,-0.02892937583126757,0.0006271210497396819,0.09247055884616479,0.4692718888022016
calibrate_then_close,111,9,0,0,certified_reset,0,1,0.06405512933452118,0.060061254816134634,0.003993874518386541,0.0479264942206385,0.0,0.0,0,0,0.01763043649722791,-0.02582937270847789,-0.0016535504432758515,-0.008084441790116265,0.01763043649722791,-0.02582937270847789,0.020496203833140575,0.0004414228193844504,0.09247055884616479,0.4692718888022016
calibrate_then_close,111,10,0,0,certified_reset,0,1,0.060061254816134634,0.05606738029774809,0.003993874518386541,0.04393261970225196,0.0,0.0,0,0,-0.0016535504432758515,-0.008084441790116265,8.016137078935021e-06,0.006864674010112503,-0.0016535504432758515,-0.008084441790116265,0.013555949096438638,1.9092798796488742e-05,0.09247055884616479,0.4692718888022016
calibrate_then_close,111,11,0,0,certified_reset,0,1,0.05606738029774809,0.05207350577936155,0.003993874518386541,0.039938745183865414,0.0,0.0,0,0,8.016137078935021e-06,0.006864674010112503,-0.005225829467982756,-0.016524955653696494,8.016137078935021e-06,0.006864674010112503,-0.010119777590385255,1.1042586588145792e-05,0.09247055884616479,0.4692718888022016
calibrate_then_close,111,12,0,0,certified_reset,0,1,0.05207350577936155,0.048079631260975,0.003993874518386541,0.03594487066547887,0.0,0.0,0,0,-0.005225829467982756,-0.016524955653696494,-0.005389949191155152,0.016462650980680286,-0.005225829467982756,-0.016524955653696494,0.029549963552305977,9.829265096119666e-05,0.09247055884616479,0.4692718888022016
calibrate_then_close,111,13,0,0,certified_reset,0,1,0.048079631260975,0.04408575674258846,0.003993874518386541,0.03195099614709233,0.0,0.0,0,0,-0.005389949191155152,0.016462650980680286,0.000399428819324469,0.01122810107645481,-0.005389949191155152,0.016462650980680286,-0.01888630947001168,8.675226733426524e-05,0.09247055884616479,0.4692718888022016
calibrate_then_close,111,14,0,0,certified_reset,0,1,0.04408575674258846,0.040091882224201916,0.003993874518386541,0.027957121628705783,0.0,0.0,0,0,0.000399428819324469,0.01122810107645481,0.007396267582773285,0.018732850723253577,0.000399428819324469,0.01122810107645481,-0.016934819235219563,3.0021891625901424e-05,0.09247055884616479,0.4692718888022016
calibrate_then_close,111,15,0,0,certified_reset,0,1,0.040091882224201916,0.03609800770581537,0.003993874518386541,0.023963247110319243,0.0,0.0,0,0,0.007396267582773285,0.018732850723253577,0.01123075955494894,-0.01702697948810075,0.007396267582773285,0.018732850723253577,-0.03495843346692153,0.00014842262123705883,0.09247055884616479,0.4692718888022016
calibrate_then_close,111,16,0,0,certified_reset,0,1,0.03609800770581537,0.03210413318742883,0.003993874518386541,0.019969372591932703,0.0,0.0,0,0,0.01123075955494894,-0.01702697948810075,0.0055746518303101044,-0.004358658373213134,0.01123075955494894,-0.01702697948810075,0.013902257149830807,0.00018314702451545413,0.09247055884616479,0.4692718888022016
calibrate_then_close,111,17,0,0,certified_reset,0,1,0.03210413318742883,0.02811025866904229,0.003993874518386541,0.015975498073546163,0.0,0.0,0,0,0.0055746518303101044,-0.004358658373213134,-0.00371012543071609,-0.013156335272977094,0.0055746518303101044,-0.004358658373213134,0.0008699707230853434,3.451528676224401e-05,0.09247055884616479,0.4692718888022016
calibrate_then_close,111,18,0,0,certified_reset,0,1,0.02811025866904229,0.02411638415065575,0.003993874518386541,0.011981623555159623,0.0,0.0,0,0,-0.00371012543071609,-0.013156335272977094,-0.0009056377264900521,0.011206015392541539,-0.00371012543071609,-0.013156335272977094,0.02307542151614014,5.823295607203146e-05,0.09247055884616479,0.4692718888022016
calibrate_then_close,111,19,0,0,certified_reset,0,1,0.02411638415065575,0.02012250963226921,0.003993874518386541,0.007987749036773082,0.0,0.0,0,0,-0.0009056377264900521,0.011206015392541539,0.013213202065585239,-0.007156599407534509,-0.0009056377264900521,0.011206015392541539,-0.015606536838535776,2.951274006997445e-05,0.09247055884616479,0.4692718888022016
calibrate_then_close,111,20,0,0,certified_reset,0,1,0.02012250963226921,0.01612863511388267,0.003993874518386541,0.003993874518386541,0.0,0.0,0,0,0.013213202065585239,-0.007156599407534509,0.001175357126952698,-0.022604938246527546,0.013213202065585239,-0.007156599407534509,-0.002617012950439045,0.00018397897245994136,0.09247055884616479,0.4692718888022016
calibrate_then_close,111,21,0,0,certified_reset,0,1,0.01612863511388267,0.01213476059549613,0.003993874518386541,0.0,0.0,0.0,0,0,0.001175357126952698,-0.022604938246527546,-0.004376675864482331,0.010676647900672832,0.001175357126952698,-0.022604938246527546,0.03213189671040132,0.00011916991599435427,0.09247055884616479,0.4692718888022016
calibrate_then_close,112,0,2,2,certified_reset,0,1,0.1,0.09600612548161347,0.003993874518386541,0.08387136488611735,0.0,0.0,0,0,-1.2291745095185185,0.3196378908401135,-0.5578233700183823,1.0477422645042072,-1.2291745095185185,0.3196378908401135,0.7531085263382873,1.5434395947881052,0.10372612354602789,0.5374732092193446
calibrate_then_close,112,1,2,2,certified_reset,0,1,0.09600612548161347,0.09201225096322693,0.003993874518386541,0.07987749036773081,0.0,0.0,0,0,-0.5578233700183823,1.0477422645042072,0.003419996514759321,0.12524444067294777,-0.5578233700183823,1.0477422645042072,-0.9879617544457165,0.5331661163539643,0.10372612354602789,0.5374732092193446
calibrate_then_close,112,2,2,2,certified_reset,0,1,0.09201225096322693,0.0880183764448404,0.003993874518386541,0.07588361584934428,0.0,0.0,0,0,0.003419996514759321,0.12524444067294777,-0.008712985664076883,-0.044842020503656446,0.003419996514759321,0.12524444067294777,-0.18789852403032206,0.0037178533449866197,0.10372612354602789,0.5374732092193446
calibrate_then_close,112,3,2,2,certified_reset,0,1,0.0880183764448404,0.08402450192645386,0.003993874518386541,0.07188974133095774,0.0,0.0,0,0,-0.008712985664076883,-0.044842020503656446,-0.029528838309202065,0.046616516590468046,-0.008712985664076883,-0.044842020503656446,0.07473352825568703,0.0005774888498340607,0.10372612354602789,0.5374732092193446
calibrate_then_close,112,4,2,2,certified_reset,0,1,0.08402450192645386,0.08003062740806732,0.003993874518386541,0.0678958668125712,0.0,0.0,0,0,-0.029528838309202065,0.046616516590468046,-0.021445240411200203,0.09572036113433399,-0.029528838309202065,0.046616516590468046,-0.03927107638300366,0.0013016656593232811,0.10372612354602789,0.5374732092193446
calibrate_then_close,112,5,2,2,certified_reset,0,1,0.08003062740806732,0.07603675288968079,0.003993874518386541,0.06390199229418467,0.0,0.0,0,0,-0.021445240411200203,0.09572036113433399,0.02010833099862383,-0.01745932873891305,-0.021445240411200203,0.09572036113433399,-0.11965375752569464,0.0024670536349683343,0.10372612354602789,0.5374732092193446
calibrate_then_close,112,6,0,0,certified_reset,0,1,0.07603675288968079,0.07204287837129425,0.003993874518386541,0.05990811777579813,0.0,0.0,0,0,0.02010833099862383,-0.01745932873891305,0.004100963180466018,-0.015757620320359912,0.02010833099862383,-0.01745932873891305,0.0056936018146327184,0.0004600244718932241,0.09247055884616479,0.4692718888022016
calibrate_then_close,112,7,0,0,certified_reset,0,1,0.07204287837129425,0.06804900385290771,0.003993874518386541,0.05591424325741159,0.0,0.0,0,0,0.004100963180466018,-0.015757620320359912,-0.0016258026980702886,0.01623189649644173,0.004100963180466018,-0.015757620320359912,0.019130119927798464,7.066140388774829e-05,0.09247055884616479,0.4692718888022016
calibrate_then_close,112,8,0,0,certified_reset,0,1,0.06804900385290771,0.06405512933452118,0.003993874518386541,0.051920368739025044,0.0,0.0,0,0,-0.0016258026980702886,0.01623189649644173,0.0010261036176509777,-0.011217117712726722,-0.0016258026980702886,0.01623189649644173,-0.0222953141344446,6.249566371870729e-05,0.09247055884616479,0.4692718888022016
calibrate_then_close,112,9,0,0,certified_reset,0,1,0.06405512933452118,0.060061254816134634,0.003993874518386541,0.0479264942206385,0.0,0.0,0,0,0.0010261036176509777,-0.011217117712726722,0.001995754099662431,0.01782633545351698,0.0010261036176509777,-0.011217117712726722,0.015504733058730078,2.9711078675328517e-05,0.09247055884616479,0.4692718888022016
calibrate_then_close,112,10,0,0,certified_reset,0,1,0.060061254816134634,0.05606738029774809,0.003993874518386541,0.04393261970225196,0.0,0.0,0,0,0.001995754099662431,0.01782633545351698,-0.005559815264383308,-0.011718140750861746,0.001995754099662431,0.01782633545351698,-0.02824953631765804,8.113402440662338e-05,0.09247055884616479,0.4692718888022016
calibrate_then_close,112,11,0,0,certified_reset,0,1,0.05606738029774809,0.05207350577936155,0.003993874518386541,0.039938745183865414,0.0,0.0,0,0,-0.005559815264383308,-0.011718140750861746,0.0018963845200243483,0.016938272939701425,-0.005559815264383308,-0.011718140750861746,0.022800485771911707,6.862476763820953e-05,0.09247055884616479,0.4692718888022016
calibrate_then_close,112,12,0,0,certified_reset,0,1,0.05207350577936155,0.048079631260975,0.003993874518386541,0.03594487066547887,0.0,0.0,0,0,0.0018963845200243483,0.016938272939701425,0.008565139091973801,-0.010697990961221317,0.0018963845200243483,0.016938272939701425,-0.02684355136453945,7.325359672667255e-05,0.09247055884616479,0.4692718888022016
calibrate_then_close,112,13,0,0,certified_reset,0,1,0.048079631260975,0.04408575674258846,0.003993874518386541,0.03195099614709233,0.0,0.0,0,0,0.008565139091973801,-0.010697990961221317,0.005554662421864221,-0.007789411176355915,0.008565139091973801,-0.010697990961221317,0.007230262979730434,9.526898714290644e-05,0.09247055884616479,0.4692718888022016
calibrate_then_close,112,14,0,0,certified_reset,0,1,0.04408575674258846,0.040091882224201916,0.003993874518386541,0.027957121628705783,0.0,0.0,0,0,0.005554662421864221,-0.007789411176355915,0.0030546336052363694,-0.008338870310690449,0.005554662421864221,-0.007789411176355915,0.005942514415846965,4.265859832581513e-05,0.09247055884616479,0.4692718888022016
calibrate_then_close,112,15,0,0,certified_reset,0,1,0.040091882224201916,0.03609800770581537,0.003993874518386541,0.023963247110319243,0.0,0.0,0,0,0.0030546336052363694,-0.008338870310690449,-0.007445968975561312,0.002247889407144898,0.0030546336052363694,-0.008338870310690449,0.009241607788411418,2.3982585775642637e-05,0.09247055884616479,0.4692718888022016
calibrate_then_close,112,16,0,0,certified_reset,0,1,0.03609800770581537,0.03210413318742883,0.003993874518386541,0.019969372591932703,0.0,0.0,0,0,-0.007445968975561312,0.002247889407144898,-0.01686430229638791,-0.0020841885752611892,-0.007445968975561312,0.002247889407144898,0.004101116132160408,5.6772474044874e-05,0.09247055884616479,0.4692718888022016
calibrate_then_close,112,17,0,0,certified_reset,0,1,0.03210413318742883,0.02811025866904229,0.003993874518386541,0.015975498073546163,0.0,0.0,0,0,-0.01686430229638791,-0.0020841885752611892,-0.006995619338352427,0.015513236116197173,-0.01686430229638791,-0.0020841885752611892,0.01986028485322394,0.00029504735636833924,0.09247055884616479,0.4692718888022016
calibrate_then_close,112,18,0,0,certified_reset,0,1,0.02811025866904229,0.02411638415065575,0.003993874518386541,0.011981623555159623,0.0,0.0,0,0,-0.006995619338352427,0.015513236116197173,0.004124855218018596,-0.007615939363805542,-0.006995619338352427,0.015513236116197173,-0.01588922790208218,9.85692680736773e-05,0.09247055884616479,0.4692718888022016
calibrate_then_close,112,19,0,0,certified_reset,0,1,0.02411638415065575,0.02012250963226921,0.003993874518386541,0.007987749036773082,0.0,0.0,0,0,0.004124855218018596,-0.007615939363805542,-0.0033556787603853523,0.015695708444199253,0.004124855218018596,-0.007615939363805542,0.0071074711518668765,2.8717790054750035e-05,0.09247055884616479,0.4692718888022016
calibrate_then_close,112,20,0,0,certified_reset,0,1,0.02012250963226921,0.01612863511388267,0.003993874518386541,0.003993874518386541,0.0,0.0,0,0,-0.0033556787603853523,0.015695708444199253,-0.00023888451376056184,0.002433550061020446,-0.0033556787603853523,0.015695708444199253,-0.019777001253778632,6.53827718494558e-05,0.09247055884616479,0.4692718888022016
calibrate_then_close,112,21,0,0,certified_reset,0,1,0.01612863511388267,0.01213476059549613,0.003993874518386541,0.0,0.0,0.0,0,0,-0.00023888451376056184,0.002433550061020446,-0.004220993523163442,0.01396258974885139,-0.00023888451376056184,0.002433550061020446,-0.003349154245067136,1.4034765267545714e-06,0.09247055884616479,0.4692718888022016
calibrate_then_close,113,0,2,2,certified_reset,0,1,0.1,0.09600612548161347,0.003993874518386541,0.08387136488611735,0.0,0.0,0,0,1.7002993170016136,-0.49744687852061303,0.7649997645468793,-1.2722933126130467,1.7002993170016136,-0.49744687852061303,-0.8472038788320843,2.9535032391548395,0.10372612354602789,0.5374732092193446
calibrate_then_close,113,1,0,0,certified_reset,0,1,0.09600612548161347,0.09201225096322693,0.003993874518386541,0.07987749036773081,0.0,0.0,0,0,0.7649997645468793,-1.2722933126130467,0.0475956674881146,-0.16163119001168372,0.7649997645468793,-1.2722933126130467,1.112447416560249,0.9075345703196486,0.09247055884616479,0.4692718888022016
calibrate_then_close,113,2,0,0,certified_reset,0,1,0.09201225096322693,0.0880183764448404,0.003993874518386541,0.07588361584934428,0.0,0.0,0,0,0.0475956674881146,-0.16163119001168372,-0.022445036169131537,0.01902072537716192,0.0475956674881146,-0.16163119001168372,0.19070121264071008,0.007876956861431843,0.09247055884616479,0.4692718888022016
calibrate_then_close,113,3,0,0,certified_reset,0,1,0.0880183764448404,0.08402450192645386,0.003993874518386541,0.07188974133095774,0.0,0.0,0,0,-0.022445036169131537,0.01902072537716192,-0.00598189812053309,0.011317860224975114,-0.022445036169131537,0.01902072537716192,-0.0056716465054377375,0.0005697056768829031,0.09247055884616479,0.4692718888022016
calibrate_then_close,113,4,0,0,certified_reset,0,1,0.08402450192645386,0.08003062740806732,0.003993874518386541,0.0678958668125712,0.0,0.0,0,0,-0.00598189812053309,0.011317860224975114,-0.004806262753395187,-0.013989987366929042,-0.00598189812053309,0.011317860224975114,-0.01071542704040084,6.171052735386442e-05,0.09247055884616479,0.4692718888022016
calibrate_then_close,113,5,0,0,certified_reset,0,1,0.08003062740806732,0.07603675288968079,0.003993874518386541,0.06390199229418467,0.0,0.0,0,0,-0.004806262753395187,-0.013989987366929042,-0.010635070617315456,0.018494122773954156,-0.004806262753395187,-0.013989987366929042,0.025398346069750794,7.445661560647467e-05,0.09247055884616479,0.4692718888022016
calibrate_then_close,113,6,0,0,certified_reset,0,1,0.07603675288968079,0.07204287837129425,0.003993874518386541,0.05990811777579813,0.0,0.0,0,0,-0.010635070617315456,0.018494122773954156,0.0011489678115978758,0.010520539439671055,-0.010635070617315456,0.018494122773954156,-0.016656988287678656,0.0001816069723977393,0.09247055884616479,0.4692718888022016
calibrate_then_close,113,7,0,0,certified_reset,0,1,0.07204287837129425,0.06804900385290771,0.003993874518386541,0.05591424325741159,0.0,0.0,0,0,0.0011489678115978758,0.010520539439671055,0.0017072524426911134,-0.009553741257587685,0.0011489678115978758,0.010520539439671055,-0.016638239001752462,2.8163616977375278e-05,0.09247055884616479,0.4692718888022016
calibrate_then_close,113,8,0,0,certified_reset,0,1,0.06804900385290771,0.06405512933452118,0.003993874518386541,0.051920368739025044,0.0,0.0,0,0,0.0017072524426911134,-0.009553741257587685,-0.002538308355094931,0.0003100723597356642,0.0017072524426911134,-0.009553741257587685,0.012373192662790085,2.317142328288579e-05,0.09247055884616479,0.4692718888022016
calibrate_then_close,113,9,0,0,certified_reset,0,1,0.06405512933452118,0.060061254816134634,0.003993874518386541,0.0479264942206385,0.0,0.0,0,0,-0.002538308355094931,0.0003100723597356642,-0.0034002978371020526,0.0036940561291887953,-0.002538308355094931,0.0003100723597356642,0.0020725154597589666,6.5676983901072e-06,0.09247055884616479,0.4692718888022016
calibrate_then_close,113,10,0,0,certified_reset,0,1,0.060061254816134634,0.05606738029774809,0.003993874518386541,0.04393261970225196,0.0,0.0,0,0,-0.0034002978371020526,0.0036940561291887953,0.0041248657190734225,0.000958316658755375,-0.0034002978371020526,0.0036940561291887953,-0.0020526367757580225,1.412364744773827e-05,0.09247055884616479,0.4692718888022016
calibrate_then_close,113,11,0,0,certified_reset,0,1,0.05606738029774809,0.05207350577936155,0.003993874518386541,0.039938745183865414,0.0,0.0,0,0,0.0041248657190734225,0.000958316658755375,0.0013380434194218747,-0.014028631225355808,0.0041248657190734225,0.000958316658755375,-0.005516279388903921,1.794055740511891e-05,0.09247055884616479,0.4692718888022016
calibrate_then_close,113,12,0,0,certified_reset,0,1,0.05207350577936155,0.048079631260975,0.003993874518386541,0.03594487066547887,0.0,0.0,0,0,0.0013380434194218747,-0.014028631225355808,-0.005814212144051752,0.0009398759140078206,0.0013380434194218747,-0.014028631225355808,0.019333055117258975,4.655898462669756e-05,0.09247055884616479,0.4692718888022016
calibrate_then_close,113,13,0,0,certified_reset,0,1,0.048079631260975,0.04408575674258846,0.003993874518386541,0.03195099614709233,0.0,0.0,0,0,-0.005814212144051752,0.0009398759140078206,0.0055614337438794105,0.0008265191542762571,-0.005814212144051752,0.0009398759140078206,0.004407307750814552,3.444967790837039e-05,0.09247055884616479,0.4692718888022016
calibrate_then_close,113,14,0,0,certified_reset,0,1,0.04408575674258846,0.040091882224201916,0.003993874518386541,0.027957121628705783,0.0,0.0,0,0,0.0055614337438794105,0.0008265191542762571,-0.0005533870974889455,-0.018790271343289686,0.0055614337438794105,0.0008265191542762571,-0.0067549879570387526,3.2193255949283416e-05,0.09247055884616479,0.4692718888022016
calibrate_then_close,113,15,0,0,certified_reset,0,1,0.040091882224201916,0.03609800770581537,0.003993874518386541,0.023963247110319243,0.0,0.0,0,0,-0.0005533870974889455,-0.018790271343289686,-0.013151753911499423,0.016315297255537743,-0.0005533870974889455,-0.018790271343289686,0.028231063170603685,8.378443396103427e-05,0.09247055884616479,0.4692718888022016
calibrate_then_close,113,16,0,0,certified_reset,0,1,0.03609800770581537,0.03210413318742883,0.003993874518386541,0.019969372591932703,0.0,0.0,0,0,-0.013151753911499423,0.016315297255537743,0.0004942069650801903,0.01792139867287038,-0.013151753911499423,0.016315297255537743,-0.010939280632107832,0.00022387433388392094,0.09247055884616479,0.4692718888022016
calibrate_then_close,113,17,0,0,certified_reset,0,1,0.03210413318742883,0.02811025866904229,0.003993874518386541,0.015975498073546163,0.0,0.0,0,0,0.0004942069650801903,0.01792139867287038,0.00856766397206682,-0.006834047628206632,0.0004942069650801903,0.01792139867287038,-0.026893571580595972,7.613762080390258e-05,0.09247055884616479,0.4692718888022016
calibrate_then_close,113,18,0,0,certified_reset,0,1,0.02811025866904229,0.02411638415065575,0.003993874518386541,0.011981623555159623,0.0,0.0,0,0,0.00856766397206682,-0.006834047628206632,0.005815369069065717,0.004993444371701478,0.00856766397206682,-0.006834047628206632,0.0015338003599870745,8.187043678408662e-05,0.09247055884616479,0.4692718888022016
calibrate_then_close,113,19,0,0,certified_reset,0,1,0.02411638415065575,0.02012250963226921,0.003993874518386541,0.007987749036773082,0.0,0.0,0,0,0.005815369069065717,0.004993444371701478,-0.0027818321241141006,-0.008585914449985346,0.005815369069065717,0.004993444371701478,-0.013144293891693672,4.262603656201654e-05,0.09247055884616479,0.4692718888022016
calibrate_then_close,113,20,0,0,certified_reset,0,1,0.02012250963226921,0.01612863511388267,0.003993874518386541,0.003993874518386541,0.0,0.0,0,0,-0.0027818321241141006,-0.008585914449985346,-0.0021324111973201384,0.0031481698568846125,-0.0027818321241141006,-0.008585914449985346,0.01541917185335515,2.6951588332479753e-05,0.09247055884616479,0.4692718888022016
calibrate_then_close,113,21,0,0,certified_reset,0,1,0.01612863511388267,0.01213476059549613,0.003993874518386541,0.0,0.0,0.0,0,0,-0.0021324111973201384,0.0031481698568846125,-0.0019418345643952353,0.01025647041963217,-0.0021324111973201384,0.0031481698568846125,-0.0025108668671037543,6.48876404566773e-06,0.09247055884616479,0.4692718888022016
calibrate_then_close,114,0,0,0,certified_reset,0,1,0.1,0.09600612548161347,0.003993874518386541,0.08387136488611735,0.0,0.0,0,0,4.953838979001047,0.09881449779445872,4.282912795484071,-1.4431550192833411,4.953838979001047,0.09881449779445872,-1.55,24.60234070476552,0.09247055884616479,0.4692718888022016
calibrate_then_close,114,1,0,0,certified_reset,0,1,0.09600612548161347,0.09201225096322693,0.003993874518386541,0.07987749036773081,0.0,0.0,0,0,4.282912795484071,-1.4431550192833411,2.26297224639578,-2.5816943909599925,4.282912795484071,-1.4431550192833411,-1.1453603491543942,18.751023625699442,0.09247055884616479,0.4692718888022016
calibrate_then_close,114,2,0,0,certified_reset,0,1,0.09201225096322693,0.0880183764448404,0.003993874518386541,0.07588361584934428,0.0,0.0,0,0,2.26297224639578,-2.5816943909599925,0.45338460179196033,-1.022226035222796,2.26297224639578,-2.5816943909599925,1.54969264113734,6.380808337104017,0.09247055884616479,0.4692718888022016
calibrate_then_close,114,3,0,0,certified_reset,0,1,0.0880183764448404,0.08402450192645386,0.003993874518386541,0.07188974133095774,0.0,0.0,0,0,0.45338460179196033,-1.022226035222796,-0.05124050829766242,0.02704167009514585,0.45338460179196033,-1.022226035222796,1.0543705999010828,0.42144032326616576,0.09247055884616479,0.4692718888022016
calibrate_then_close,114,4,0,0,certified_reset,0,1,0.08402450192645386,0.08003062740806732,0.003993874518386541,0.0678958668125712,0.0,0.0,0,0,-0.05124050829766242,0.02704167009514585,-0.01097709728898763,0.03249884367210141,-0.05124050829766242,0.02704167009514585,0.011184108944532825,0.002760342143801138,0.09247055884616479,0.4692718888022016
calibrate_then_close,114,5,0,0,certified_reset,0,1,0.08003062740806732,0.07603675288968079,0.003993874518386541,0.06390199229418467,0.0,0.0,0,0,-0.01097709728898763,0.03249884367210141,0.008187572701953515,-0.012231512659464677,-0.01097709728898763,0.03249884367210141,-0.036944744845141486,0.00034473099038797824,0.09247055884616479,0.4692718888022016
calibrate_then_close,114,6,0,0,certified_reset,0,1,0.07603675288968079,0.07204287837129425,0.003993874518386541,0.05990811777579813,0.0,0.0,0,0,0.008187572701953515,-0.012231512659464677,-0.0028305499829998477,-0.012647891319961307,0.008187572701953515,-0.012231512659464677,0.009862512366055084,9.639785785299516e-05,0.09247055884616479,0.4692718888022016
calibrate_then_close,114,7,0,0,certified_reset,0,1,0.07204287837129425,0.06804900385290771,0.003993874518386541,0.05591424325741159,0.0,0.0,0,0,-0.0028305499829998477,-0.012647891319961307,-0.0023059601215306494,0.0041809302609019635,-0.0028305499829998477,-0.012647891319961307,0.021449971892981725,4.830899343298255e-05,0.09247055884616479,0.4692718888022016
calibrate_then_close,114,8,0,0,certified_reset,0,1,0.06804900385290771,0.06405512933452118,0.003993874518386541,0.051920368739025044,0.0,0.0,0,0,-0.0023059601215306494,0.0041809302609019635,-0.00060224946384759,0.005413871344988623,-0.0023059601215306494,0.0041809302609019635,-0.003862550201539258,8.836866445949557e-06,0.09247055884616479,0.4692718888022016
calibrate_then_close,114,9,0,0,certified_reset,0,1,0.06405512933452118,0.060061254816134634,0.003993874518386541,0.0479264942206385,0.0,0.0,0,0,-0.00060224946384759,0.005413871344988623,0.0004184884390542389,-0.008506298538348098,-0.00060224946384759,0.005413871344988623,-0.007373464757222887,6.997704509070915e-06,0.09247055884616479,0.4692718888022016
calibrate_then_close,114,10,0,0,certified_reset,0,1,0.060061254816134634,0.05606738029774809,0.003993874518386541,0.04393261970225196,0.0,0.0,0,0,0.0004184884390542389,-0.008506298538348098,-0.000197269247841901,-0.012013927920183591,0.0004184884390542389,-0.008506298538348098,0.012114625911354558,1.686851726615417e-05,0.09247055884616479,0.4692718888022016
calibrate_then_close,114,11,0,0,certified_reset,0,1,0.05606738029774809,0.05207350577936155,0.003993874518386541,0.039938745183865414,0.0,0.0,0,0,-0.000197269247841901,-0.012013927920183591,-0.005180702420506214,0.0067573619005721584,-0.000197269247841901,-0.012013927920183591,0.017890995871724266,3.402131202104151e-05,0.09247055884616479,0.4692718888022016
calibrate_then_close,114,12,0,0,certified_reset,0,1,0.05207350577936155,0.048079631260975,0.003993874518386541,0.03594487066547887,0.0,0.0,0,0,-0.005180702420506214,0.0067573619005721584,-0.003117779296927324,0.016734501714976494,-0.005180702420506214,0.0067573619005721584,-0.004793857720645764,3.5633353539938565e-05,0.09247055884616479,0.4692718888022016
calibrate_then_close,114,13,0,0,certified_reset,0,1,0.048079631260975,0.04408575674258846,0.003993874518386541,0.03195099614709233,0.0,0.0,0,0,-0.003117779296927324,0.016734501714976494,0.0051764562448365845,0.008782497131449466,-0.003117779296927324,0.016734501714976494,-0.021547214668134355,7.173544781995446e-05,0.09247055884616479,0.4692718888022016
calibrate_then_close,114,14,0,0,certified_reset,0,1,0.04408575674258846,0.040091882224201916,0.003993874518386541,0.027957121628705783,0.0,0.0,0,0,0.0051764562448365845,0.008782497131449466,0.0031127418707911827,-0.009343002018476602,0.0051764562448365845,0.008782497131449466,-0.01808994505652099,4.8860658113911637e-05,0.09247055884616479,0.4692718888022016
calibrate_then_close,114,15,0,0,certified_reset,0,1,0.040091882224201916,0.03609800770581537,0.003993874518386541,0.023963247110319243,0.0,0.0,0,0,0.0031127418707911827,-0.009343002018476602,-0.002136408096440662,-0.00905616360310363,0.0031127418707911827,-0.009343002018476602,0.010662145394452618,2.8243699173594184e-05,0.09247055884616479,0.4692718888022016
calibrate_then_close,114,16,0,0,certified_reset,0,1,0.03609800770581537,0.03210413318742883,0.003993874518386541,0.019969372591932703,0.0,0.0,0,0,-0.002136408096440662,-0.00905616360310363,-0.00572692189448874,0.008266891240002376,-0.002136408096440662,-0.00905616360310363,0.015467066997949983,2.5307531449626257e-05,0.09247055884616479,0.4692718888022016
calibrate_then_close,114,17,0,0,certified_reset,0,1,0.03210413318742883,0.02811025866904229,0.003993874518386541,0.015975498073546163,0.0,0.0,0,0,-0.00572692189448874,0.008266891240002376,0.009868459025415666,0.00236829574140899,-0.00572692189448874,0.008266891240002376,-0.0064713537293012565,4.614606320214307e-05,0.09247055884616479,0.4692718888022016
calibrate_then_close,114,18,0,0,certified_reset,0,1,0.02811025866904229,0.02411638415065575,0.003993874518386541,0.011981623555159623,0.0,0.0,0,0,0.009868459025415666,0.00236829574140899,0.004942014672463302,-0.011361274252758494,0.009868459025415666,0.00236829574140899,-0.013315650365290272,0.00010282873560195395,0.09247055884616479,0.4692718888022016
calibrate_then_close,114,19,0,0,certified_reset,0,1,0.02411638415065575,0.02012250963226921,0.003993874518386541,0.007987749036773082,0.0,0.0,0,0,0.004942014672463302,-0.011361274252758494,0.00033529028287673606,0.007278684865456718,0.004942014672463302,-0.011361274252758494,0.011817130463219009,5.1148762808811775e-05,0.09247055884616479,0.4692718888022016
calibrate_then_close,114,20,0,0,certified_reset,0,1,0.02012250963226921,0.01612863511388267,0.003993874518386541,0.003993874518386541,0.0,0.0,0,0,0.00033529028287673606,0.007278684865456718,-0.0008656955622786552,-0.003240640347014587,0.00033529028287673606,0.007278684865456718,-0.011054567262594461,1.2703771614585354e-05,0.09247055884616479,0.4692718888022016
calibrate_then_close,114,21,0,0,certified_reset,0,1,0.01612863511388267,0.01213476059549613,0.003993874518386541,0.0,0.0,0.0,0,0,-0.0008656955622786552,-0.003240640347014587,0.0017488414728305864,0.0008883420615474413,-0.0008656955622786552,-0.003240640347014587,0.005635732385967939,3.433780769270942e-06,0.09247055884616479,0.4692718888022016
calibrate_then_close,115,0,0,0,certified_reset,0,1,0.1,0.09600612548161347,0.003993874518386541,0.08387136488611735,0.0,0.0,0,0,5.704374111565166,-0.0004987037729977661,4.9265043740992,-1.5425027451369624,5.704374111565166,-0.0004987037729977661,-1.549999999999477,32.59994654946181,0.09247055884616479,0.4692718888022016
calibrate_then_close,115,1,0,0,certified_reset,0,1,0.09600612548161347,0.09201225096322693,0.003993874518386541,0.07987749036773081,0.0,0.0,0,0,4.9265043740992,-1.5425027451369624,2.7431964777503275,-2.8364166360023337,4.9265043740992,-1.5425027451369624,-1.2922833222515235,24.7404719020187,0.09247055884616479,0.4692718888022016
calibrate_then_close,115,2,0,0,certified_reset,0,1,0.09201225096322693,0.0880183764448404,0.003993874518386541,0.07588361584934428,0.0,0.0,0,0,2.7431964777503275,-2.8364166360023337,0.6326318987321666,-1.3768366265593355,2.7431964777503275,-2.8364166360023337,1.446733004963229,9.025599505171394,0.09247055884616479,0.4692718888022016
calibrate_then_close,115,3,0,0,certified_reset,0,1,0.0880183764448404,0.08402450192645386,0.003993874518386541,0.07188974133095774,0.0,0.0,0,0,0.6326318987321666,-1.3768366265593355,-0.04179175858996644,0.015977960443188433,0.6326318987321666,-1.3768366265593355,1.3982577374046068,0.7903234741211149,0.09247055884616479,0.4692718888022016
calibrate_then_close,115,4,0,0,certified_reset,0,1,0.08402450192645386,0.08003062740806732,0.003993874518386541,0.0678958668125712,0.0,0.0,0,0,-0.04179175858996644,0.015977960443188433,-0.0201510622100791,0.034547956111093375,-0.04179175858996644,0.015977960443188433,0.01807312019554596,0.001800670167468437,0.09247055884616479,0.4692718888022016
calibrate_then_close,115,5,0,0,certified_reset,0,1,0.08003062740806732,0.07603675288968079,0.003993874518386541,0.06390199229418467,0.0,0.0,0,0,-0.0201510622100791,0.034547956111093375,-0.0011625696128871946,0.0063022806951748165,-0.0201510622100791,0.034547956111093375,-0.030829772033243996,0.000644668208146749,0.09247055884616479,0.4692718888022016
calibrate_then_close,115,6,0,0,certified_reset,0,1,0.07603675288968079,0.07204287837129425,0.003993874518386541,0.05990811777579813,0.0,0.0,0,0,-0.0011625696128871946,0.0063022806951748165,0.0027965588900384477,0.006511121495334786,-0.0011625696128871946,0.0063022806951748165,-0.008131165767678578,1.0153838076284551e-05,0.09247055884616479,0.4692718888022016
calibrate_then_close,115,7,0,0,certified_reset,0,1,0.07204287837129425,0.06804900385290771,0.003993874518386541,0.05591424325741159,0.0,0.0,0,0,0.0027965588900384477,0.006511121495334786,0.0023681645353422803,-0.003181245946994674,0.0027965588900384477,0.006511121495334786,-0.01237538653548411,1.9280542985881035e-05,0.09247055884616479,0.4692718888022016
calibrate_then_close,115,8,0,0,certified_reset,0,1,0.06804900385290771,0.06405512933452118,0.003993874518386541,0.051920368739025044,0.0,0.0,0,0,0.0023681645353422803,-0.003181245946994674,0.007416726625782409,0.008926049796861528,0.0023681645353422803,-0.003181245946994674,0.00232495915937539,7.5649977833206135e-06,0.09247055884616479,0.4692718888022016
calibrate_then_close,115,9,0,0,certified_reset,0,1,0.06405512933452118,0.060061254816134634,0.003993874518386541,0.0479264942206385,0.0,0.0,0,0,0.007416726625782409,0.008926049796861528,0.008399798657297248,-0.009698156390056625,0.007416726625782409,0.008926049796861528,-0.020535477837795385,7.989186578794366e-05,0.09247055884616479,0.4692718888022016
calibrate_then_close,115,10,0,0,certified_reset,0,1,0.060061254816134634,0.05606738029774809,0.003993874518386541,0.04393261970225196,0.0,0.0,0,0,0.008399798657297248,-0.009698156390056625,0.010058639714284869,-0.0006496290835463149,0.008399798657297248,-0.009698156390056625,0.005920691888118491,8.836274501986277e-05,0.09247055884616479,0.4692718888022016
calibrate_then_close,115,11,0,0,certified_reset,0,1,0.05606738029774809,0.05207350577936155,0.003993874518386541,0.039938745183865414,0.0,0.0,0,0,0.010058639714284869,-0.0006496290835463149,0.0022790676370426114,-0.005510796838234155,0.010058639714284869,-0.0006496290835463149,-0.009058814117497085,0.00010330374896248696,0.09247055884616479,0.4692718888022016
calibrate_then_close,115,12,0,0,certified_reset,0,1,0.05207350577936155,0.048079631260975,0.003993874518386541,0.03594487066547887,0.0,0.0,0,0,0.0022790676370426114,-0.005510796838234155,0.001148539634914912,-0.008041479421692213,0.0022790676370426114,-0.005510796838234155,0.005846674334663507,1.1515138036217795e-05,0.09247055884616479,0.4692718888022016
calibrate_then_close,115,13,0,0,certified_reset,0,1,0.048079631260975,0.04408575674258846,0.003993874518386541,0.03195099614709233,0.0,0.0,0,0,0.001148539634914912,-0.008041479421692213,-0.005473472717179691,-0.008315086038059319,0.001148539634914912,-0.008041479421692213,0.010698367567944983,1.5820290440551784e-05,0.09247055884616479,0.4692718888022016
calibrate_then_close,115,14,0,0,certified_reset,0,1,0.04408575674258846,0.040091882224201916,0.003993874518386541,0.027957121628705783,0.0,0.0,0,0,-0.005473472717179691,-0.008315086038059319,0.004210273947094235,0.0016778982976158588,-0.005473472717179691,-0.008315086038059319,0.017697283406491765,5.023406763261187e-05,0.09247055884616479,0.4692718888022016
calibrate_then_close,115,15,0,0,certified_reset,0,1,0.040091882224201916,0.03609800770581537,0.003993874518386541,0.023963247110319243,0.0,0.0,0,0,0.004210273947094235,0.0016778982976158588,0.00847767349831885,-0.004886172205536011,0.004210273947094235,0.0016778982976158588,-0.006665771874254307,1.934398126205606e-05,0.09247055884616479,0.4692718888022016
calibrate_then_close,115,16,0,0,certified_reset,0,1,0.03609800770581537,0.03210413318742883,0.003993874518386541,0.019969372591932703,0.0,0.0,0,0,0.00847767349831885,-0.004886172205536011,0.011171802443538943,0.0031802907483785697,0.00847767349831885,-0.004886172205536011,-0.001240398261021476,7.620685482823387e-05,0.09247055884616479,0.4692718888022016
calibrate_then_close,115,17,0,0,certified_reset,0,1,0.03210413318742883,0.02811025866904229,0.003993874518386541,0.015975498073546163,0.0,0.0,0,0,0.011171802443538943,0.0031802907483785697,0.0024045923973987585,-0.0028337557236878183,0.011171802443538943,0.0031802907483785697,-0.015809143353428146,0.00013287796004065377,0.09247055884616479,0.4692718888022016
calibrate_then_close,115,18,0,0,certified_reset,0,1,0.02811025866904229,0.02411638415065575,0.003993874518386541,0.011981623555159623,0.0,0.0,0,0,0.0024045923973987585,-0.0028337557236878183,0.0036591169809574065,-0.002799799152982356,0.0024045923973987585,-0.0028337557236878183,0.0017809362863418934,7.306788819304165e-06,0.09247055884616479,0.4692718888022016
calibrate_then_close,115,19,0,0,certified_reset,0,1,0.02411638415065575,0.02012250963226921,0.003993874518386541,0.007987749036773082,0.0,0.0,0,0,0.0036591169809574065,-0.002799799152982356,0.00507055495589081,-0.005184919369632221,0.0036591169809574065,-0.002799799152982356,0.0004822372999742725,1.4805948454135335e-05,0.09247055884616479,0.4692718888022016
calibrate_then_close,115,20,0,0,certified_reset,0,1,0.02012250963226921,0.01612863511388267,0.003993874518386541,0.003993874518386541,0.0,0.0,0,0,0.00507055495589081,-0.005184919369632221,-0.004279132229628762,-0.008056293878224395,0.00507055495589081,-0.005184919369632221,0.0025887034149533923,3.0717072191499365e-05,0.09247055884616479,0.4692718888022016
calibrate_then_close,115,21,0,0,certified_reset,0,1,0.01612863511388267,0.01213476059549613,0.003993874518386541,0.0,0.0,0.0,0,0,-0.004279132229628762,-0.008056293878224395,-0.0073637106906534605,0.012115620870535294,-0.004279132229628762,-0.008056293878224395,0.016128601300954563,3.649696392619331e-05,0.09247055884616479,0.4692718888022016
calibrate_then_close,116,0,0,0,certified_reset,0,1,0.1,0.09600612548161347,0.003993874518386541,0.08387136488611735,0.0,0.0,0,0,0.545207409665398,0.5813530127075303,0.4252398428415476,-0.811660451254348,0.545207409665398,0.5813530127075303,-1.3992844134709497,0.4070358798677636,0.09247055884616479,0.4692718888022016
calibrate_then_close,116,1,0,0,certified_reset,0,1,0.09600612548161347,0.09201225096322693,0.003993874518386541,0.07987749036773081,0.0,0.0,0,0,0.4252398428415476,-0.811660451254348,-0.0036358257340600914,-0.03532854851077549,0.4252398428415476,-0.811660451254348,0.7722134029968653,0.31431944629757824,0.09247055884616479,0.4692718888022016
calibrate_then_close,116,2,0,0,certified_reset,0,1,0.09201225096322693,0.0880183764448404,0.003993874518386541,0.07588361584934428,0.0,0.0,0,0,-0.0036358257340600914,-0.03532854851077549,-0.014253885446414632,0.02013824893503013,-0.0036358257340600914,-0.03532854851077549,0.05566180910891919,0.0003153342947784767,0.09247055884616479,0.4692718888022016
calibrate_then_close,116,3,0,0,certified_reset,0,1,0.0880183764448404,0.08402450192645386,0.003993874518386541,0.07188974133095774,0.0,0.0,0,0,-0.014253885446414632,0.02013824893503013,-0.009723445634489566,0.020917656959355033,-0.014253885446414632,0.02013824893503013,-0.015473945566324651,0.0002821581577347139,0.09247055884616479,0.4692718888022016
calibrate_then_close,116,4,0,0,certified_reset,0,1,0.08402450192645386,0.08003062740806732,0.003993874518386541,0.0678958668125712,0.0,0.0,0,0,-0.009723445634489566,0.020917656959355033,-0.008874148142845291,-0.006015039637171323,-0.009723445634489566,0.020917656959355033,-0.02112816938994966,0.00018446409063160009,0.09247055884616479,0.4692718888022016
calibrate_then_close,116,5,0,0,certified_reset,0,1,0.08003062740806732,0.07603675288968079,0.003993874518386541,0.06390199229418467,0.0,0.0,0,0,-0.008874148142845291,-0.006015039637171323,-0.004050410377813231,0.016874579281202534,-0.008874148142845291,-0.006015039637171323,0.01769999878388819,9.30952805155192e-05,0.09247055884616479,0.4692718888022016
calibrate_then_close,116,6,0,0,certified_reset,0,1,0.07603675288968079,0.07204287837129425,0.003993874518386541,0.05990811777579813,0.0,0.0,0,0,-0.004050410377813231,0.016874579281202534,0.0026996155696349692,-0.002627004973058189,-0.004050410377813231,0.016874579281202534,-0.02082799980950549,7.85062202954823e-05,0.09247055884616479,0.4692718888022016
calibrate_then_close,116,7,0,0,certified_reset,0,1,0.07204287837129425,0.06804900385290771,0.003993874518386541,0.05591424325741159,0.0,0.0,0,0,0.0026996155696349692,-0.002627004973058189,0.0042191461791929955,0.002906963901317977,0.0026996155696349692,-0.002627004973058189,0.0011800964558070983,8.564947838065792e-06,0.09247055884616479,0.4692718888022016
calibrate_then_close,116,8,0,0,certified_reset,0,1,0.06804900385290771,0.06405512933452118,0.003993874518386541,0.051920368739025044,0.0,0.0,0,0,0.0042191461791929955,0.002906963901317977,0.007860175568610881,-0.0008650670396237129,0.0042191461791929955,0.002906963901317977,-0.008482476615572644,2.1121083761984118e-05,0.09247055884616479,0.4692718888022016
calibrate_then_close,116,9,0,0,certified_reset,0,1,0.06405512933452118,0.060061254816134634,0.003993874518386541,0.0479264942206385,0.0,0.0,0,0,0.007860175568610881,-0.0008650670396237129,-0.006617559673023868,-0.00976082843210074,0.007860175568610881,-0.0008650670396237129,-0.006552381250214543,6.299040384753926e-05,0.09247055884616479,0.4692718888022016
calibrate_then_close,116,10,0,0,certified_reset,0,1,0.060061254816134634,0.05606738029774809,0.003993874518386541,0.04393261970225196,0.0,0.0,0,0,-0.006617559673023868,-0.00976082843210074,-0.014117149793305951,0.018226670396483974,-0.006617559673023868,-0.00976082843210074,0.0209711256923812,7.193607774873614e-05,0.09247055884616479,0.4692718888022016
calibrate_then_close,116,11,0,0,certified_reset,0,1,0.05606738029774809,0.05207350577936155,0.003993874518386541,0.039938745183865414,0.0,0.0,0,0,-0.014117149793305951,0.018226670396483974,0.006116363440078845,0.0029131630946174604,-0.014117149793305951,0.018226670396483974,-0.012794656702803548,0.0002631845717637749,0.09247055884616479,0.4692718888022016
calibrate_then_close,116,12,0,0,certified_reset,0,1,0.05207350577936155,0.048079631260975,0.003993874518386541,0.03594487066547887,0.0,0.0,0,0,0.006116363440078845,0.0029131630946174604,0.0006017151591826489,-0.00863448181294888,0.006116363440078845,0.0029131630946174604,-0.010382017464281662,4.163213235570078e-05,0.09247055884616479,0.4692718888022016
calibrate_then_close,116,13,0,0,certified_reset,0,1,0.048079631260975,0.04408575674258846,0.003993874518386541,0.03195099614709233,0.0,0.0,0,0,0.0006017151591826489,-0.00863448181294888,0.002226519845192532,-0.0025614714783792087,0.0006017151591826489,-0.00863448181294888,0.012120396815525023,1.7454431319001022e-05,0.09247055884616479,0.4692718888022016
calibrate_then_close,116,14,0,0,certified_reset,0,1,0.04408575674258846,0.040091882224201916,0.003993874518386541,0.027957121628705783,0.0,0.0,0,0,0.002226519845192532,-0.0025614714783792087,-0.0031147349231373427,0.004081497546421415,0.002226519845192532,-0.0025614714783792087,0.0015571848031919998,6.1990157380375096e-06,0.09247055884616479,0.4692718888022016
calibrate_then_close,116,15,0,0,certified_reset,0,1,0.040091882224201916,0.03609800770581537,0.003993874518386541,0.023963247110319243,0.0,0.0,0,0,-0.0031147349231373427,0.004081497546421415,0.004285367045441028,0.0029832389066549486,-0.0031147349231373427,0.004081497546421415,-0.0029086405259126343,1.2911630383995846e-05,0.09247055884616479,0.4692718888022016
calibrate_then_close,116,16,0,0,certified_reset,0,1,0.03609800770581537,0.03210413318742883,0.003993874518386541,0.019969372591932703,0.0,0.0,0,0,0.004285367045441028,0.0029832389066549486,0.0026145951610430187,-0.0023930583854369645,0.004285367045441028,0.0029832389066549486,-0.008660847958230732,2.1841576485394062e-05,0.09247055884616479,0.4692718888022016
calibrate_then_close,116,17,0,0,certified_reset,0,1,0.03210413318742883,0.02811025866904229,0.003993874518386541,0.015975498073546163,0.0,0.0,0,0,0.0026145951610430187,-0.0023930583854369645,-0.001710125524589236,0.0027951472469545467,0.0026145951610430187,-0.0023930583854369645,0.0009206592403071211,7.888109310568472e-06,0.09247055884616479,0.4692718888022016
calibrate_then_close,116,18,0,0,certified_reset,0,1,0.02811025866904229,0.02411638415065575,0.003993874518386541,0.011981623555159623,0.0,0.0,0,0,-0.001710125524589236,0.0027951472469545467,-0.004052021145208917,-0.008253416476407874,-0.001710125524589236,0.0027951472469545467,-0.002412249906574437,4.4763157139341845e-06,0.09247055884616479,0.4692718888022016
calibrate_then_close,116,19,0,0,certified_reset,0,1,0.02411638415065575,0.02012250963226921,0.003993874518386541,0.007987749036773082,0.0,0.0,0,0,-0.004052021145208917,-0.008253416476407874,-0.007059908248021411,0.016561820555097133,-0.004052021145208917,-0.008253416476407874,0.016187864160105002,3.5231448048817864e-05,0.09247055884616479,0.4692718888022016
calibrate_then_close,116,20,0,0,certified_reset,0,1,0.02012250963226921,0.01612863511388267,0.003993874518386541,0.003993874518386541,0.0,0.0,0,0,-0.007059908248021411,0.016561820555097133,-0.0004524451150007165,-0.008530463166536996,-0.007059908248021411,0.016561820555097133,-0.01736939473669466,0.00010675760332632146,0.09247055884616479,0.4692718888022016
calibrate_then_close,116,21,0,0,certified_reset,0,1,0.01612863511388267,0.01213476059549613,0.003993874518386541,0.0,0.0,0.0,0,0,-0.0004524451150007165,-0.008530463166536996,-0.005552976104150089,0.0018566380721313268,-0.0004524451150007165,-0.008530463166536996,0.013015911990180908,1.753844003590738e-05,0.09247055884616479,0.4692718888022016
calibrate_then_close,117,0,0,0,certified_reset,0,1,0.1,0.09600612548161347,0.003993874518386541,0.08387136488611735,0.0,0.0,0,0,4.913284629436546,0.2126928101643144,4.345750058533616,-1.338539429501331,4.913284629436546,0.2126928101643144,-1.55,24.20857123152663,0.09247055884616479,0.4692718888022016
calibrate_then_close,117,1,0,0,certified_reset,0,1,0.09600612548161347,0.09201225096322693,0.003993874518386541,0.07987749036773081,0.0,0.0,0,0,4.345750058533616,-1.338539429501331,2.3541933795345424,-2.655474410258398,4.345750058533616,-1.338539429501331,-1.299530382612715,19.25026685640762,0.09247055884616479,0.4692718888022016
calibrate_then_close,117,2,0,0,certified_reset,0,1,0.09201225096322693,0.0880183764448404,0.003993874518386541,0.07588361584934428,0.0,0.0,0,0,2.3541933795345424,-2.655474410258398,0.4689514141552734,-1.1041974984048428,2.3541933795345424,-2.655474410258398,1.55,6.871566950080964,0.09247055884616479,0.4692718888022016
calibrate_then_close,117,3,0,0,certified_reset,0,1,0.0880183764448404,0.08402450192645386,0.003993874518386541,0.07188974133095774,0.0,0.0,0,0,0.4689514141552734,-1.1041974984048428,-0.04849418580244102,0.0569808684224653,0.4689514141552734,-1.1041974984048428,1.1596210213380083,0.4729988324534882,0.09247055884616479,0.4692718888022016
calibrate_then_close,117,4,0,0,certified_reset,0,1,0.08402450192645386,0.08003062740806732,0.003993874518386541,0.0678958668125712,0.0,0.0,0,0,-0.04849418580244102,0.0569808684224653,-0.005595364904487944,-0.0027924765694801214,-0.04849418580244102,0.0569808684224653,-0.03565369588934833,0.00296789319331802,0.09247055884616479,0.4692718888022016
calibrate_then_close,117,5,0,0,certified_reset,0,1,0.08003062740806732,0.07603675288968079,0.003993874518386541,0.06390199229418467,0.0,0.0,0,0,-0.005595364904487944,-0.0027924765694801214,-0.005897768064780486,-0.00823659140658397,-0.005595364904487944,-0.0027924765694801214,0.009683795792129165,3.505613250836402e-05,0.09247055884616479,0.4692718888022016
calibrate_then_close,117,6,0,0,certified_reset,0,1,0.07603675288968079,0.07204287837129425,0.003993874518386541,0.05990811777579813,0.0,0.0,0,0,-0.005897768064780486,-0.00823659140658397,-0.006985215059036607,0.005382124622441487,-0.005897768064780486,-0.00823659140658397,0.01800190839815252,5.509684463515373e-05,0.09247055884616479,0.4692718888022016
calibrate_then_close,117,7,0,0,certified_reset,0,1,0.07204287837129425,0.06804900385290771,0.003993874518386541,0.05591424325741159,0.0,0.0,0,0,-0.006985215059036607,0.005382124622441487,0.0016539294277473715,0.008675004092403885,-0.006985215059036607,0.005382124622441487,-0.0009734746313528486,5.4031028523707334e-05,0.09247055884616479,0.4692718888022016
calibrate_then_close,117,8,0,0,certified_reset,0,1,0.06804900385290771,0.06405512933452118,0.003993874518386541,0.051920368739025044,0.0,0.0,0,0,0.0016539294277473715,0.008675004092403885,0.009123865000240119,-0.01775579623973042,0.0016539294277473715,0.008675004092403885,-0.014426160269020577,2.148436033523579e-05,0.09247055884616479,0.4692718888022016
calibrate_then_close,117,9,0,0,certified_reset,0,1,0.06405512933452118,0.060061254816134634,0.003993874518386541,0.0479264942206385,0.0,0.0,0,0,0.009123865000240119,-0.01775579623973042,-0.000279786749915894,-0.0011203577710434953,0.009123865000240119,-0.01775579623973042,0.017068634407314747,0.00014727666357509933,0.09247055884616479,0.4692718888022016
calibrate_then_close,117,10,0,0,certified_reset,0,1,0.060061254816134634,0.05606738029774809,0.003993874518386541,0.04393261970225196,0.0,0.0,0,0,-0.000279786749915894,-0.0011203577710434953,-0.0019190045555216935,0.00014947226367061659,-0.000279786749915894,-0.0011203577710434953,0.001933456872464014,3.97673288695216e-07,0.09247055884616479,0.4692718888022016
calibrate_then_close,117,11,0,0,certified_reset,0,1,0.05606738029774809,0.05207350577936155,0.003993874518386541,0.039938745183865414,0.0,0.0,0,0,-0.0019190045555216935,0.00014947226367061659,-0.0025760782268258973,-0.000897293235214874,-0.0019190045555216935,0.00014947226367061659,0.0016910092682545638,3.7580878451153107e-06,0.09247055884616479,0.4692718888022016
calibrate_then_close,117,12,0,0,certified_reset,0,1,0.05207350577936155,0.048079631260975,0.003993874518386541,0.03594487066547887,0.0,0.0,0,0,-0.0025760782268258973,-0.000897293235214874,-0.004176974063434705,0.009314587490329814,-0.0025760782268258973,-0.000897293235214874,0.0038852748253477808,7.158487369431718e-06,0.09247055884616479,0.4692718888022016
calibrate_then_close,117,13,0,0,certified_reset,0,1,0.048079631260975,0.04408575674258846,0.003993874518386541,0.03195099614709233,0.0,0.0,0,0,-0.004176974063434705,0.009314587490329814,-0.003127503731809607,-0.017042555204077523,-0.004176974063434705,0.009314587490329814,-0.009558395033066634,3.534826243751162e-05,0.09247055884616479,0.4692718888022016
calibrate_then_close,117,14,0,0,certified_reset,0,1,0.04408575674258846,0.040091882224201916,0.003993874518386541,0.027957121628705783,0.0,0.0,0,0,-0.003127503731809607,-0.017042555204077523,-0.003474775409200663,0.01137137019753021,-0.003127503731809607,-0.017042555204077523,0.028219528928573885,8.197058873537385e-05,0.09247055884616479,0.4692718888022016
calibrate_then_close,117,15,0,0,certified_reset,0,1,0.040091882224201916,0.03609800770581537,0.003993874518386541,0.023963247110319243,0.0,0.0,0,0,-0.003474775409200663,0.01137137019753021,0.008348498887252403,-0.008015313964526448,-0.003474775409200663,0.01137137019753021,-0.013294918177068835,3.9768386208229605e-05,0.09247055884616479,0.4692718888022016
calibrate_then_close,117,16,0,0,certified_reset,0,1,0.03609800770581537,0.03210413318742883,0.003993874518386541,0.019969372591932703,0.0,0.0,0,0,0.008348498887252403,-0.008015313964526448,-0.0038732057505161416,0.009144179735595876,0.008348498887252403,-0.008015313964526448,0.0034896551728560367,8.15660224320785e-05,0.09247055884616479,0.4692718888022016
calibrate_then_close,117,17,0,0,certified_reset,0,1,0.03210413318742883,0.02811025866904229,0.003993874518386541,0.015975498073546163,0.0,0.0,0,0,-0.0038732057505161416,0.009144179735595876,-0.0006067644811095217,-0.0013396252231503418,-0.0038732057505161416,0.009144179735595876,-0.009609935780276451,3.2361378574996056e-05,0.09247055884616479,0.4692718888022016
calibrate_then_close,117,18,0,0,certified_reset,0,1,0.02811025866904229,0.02411638415065575,0.003993874518386541,0.011981623555159623,0.0,0.0,0,0,-0.0006067644811095217,-0.0013396252231503418,-0.003678491846628707,-0.005150645745519632,-0.0006067644811095217,-0.0013396252231503418,0.002574737731979214,8.569222281781524e-07,0.09247055884616479,0.4692718888022016
calibrate_then_close,117,19,0,0,certified_reset,0,1,0.02411638415065575,0.02012250963226921,0.003993874518386541,0.007987749036773082,0.0,0.0,0,0,-0.003678491846628707,-0.005150645745519632,-0.004147016717612105,0.0267643629803551,-0.003678491846628707,-0.005150645745519632,0.011248423044358516,2.1469725077586372e-05,0.09247055884616479,0.4692718888022016
calibrate_then_close,117,20,0,0,certified_reset,0,1,0.02012250963226921,0.01612863511388267,0.003993874518386541,0.003993874518386541,0.0,0.0,0,0,-0.004147016717612105,0.0267643629803551,-0.002039196403643492,0.0012268486140767088,-0.004147016717612105,0.0267643629803551,-0.03529891912955782,0.00017728769258298728,0.09247055884616479,0.4692718888022016
calibrate_then_close,117,21,0,0,certified_reset,0,1,0.01612863511388267,0.01213476059549613,0.003993874518386541,0.0,0.0,0.0,0,0,-0.002039196403643492,0.0012268486140767088,-0.008271993995590332,0.007649929821812558,-0.002039196403643492,0.0012268486140767088,0.00022821334239955706,4.43055235980893e-06,0.09247055884616479,0.4692718888022016
calibrate_then_close,118,0,0,0,certified_reset,0,1,0.1,0.09600612548161347,0.003993874518386541,0.08387136488611735,0.0,0.0,0,0,0.38018987305042096,0.4555818567314688,0.30725767449758395,-0.5954834417802156,0.38018987305042096,0.4555818567314688,-1.0496946359439878,0.20945067936125542,0.09247055884616479,0.4692718888022016
calibrate_then_close,118,1,0,0,certified_reset,0,1,0.09600612548161347,0.09201225096322693,0.003993874518386541,0.07987749036773081,0.0,0.0,0,0,0.30725767449758395,-0.5954834417802156,-0.0001662267935119378,-0.009559059117702703,0.30725767449758395,-0.5954834417802156,0.5712467390035886,0.16639344475641316,0.09247055884616479,0.4692718888022016
calibrate_then_close,118,2,0,0,certified_reset,0,1,0.09201225096322693,0.0880183764448404,0.003993874518386541,0.07588361584934428,0.0,0.0,0,0,-0.0001662267935119378,-0.009559059117702703,-0.0039488811109586654,0.0065983069539477905,-0.0001662267935119378,-0.009559059117702703,0.014247678194175765,2.1550149713833384e-05,0.09247055884616479,0.4692718888022016
calibrate_then_close,118,3,0,0,certified_reset,0,1,0.0880183764448404,0.08402450192645386,0.003993874518386541,0.07188974133095774,0.0,0.0,0,0,-0.0039488811109586654,0.0065983069539477905,-0.010338293175773337,-0.006255460882093727,-0.0039488811109586654,0.0065983069539477905,-0.005784980527320532,2.4267089859555926e-05,0.09247055884616479,0.4692718888022016
calibrate_then_close,118,4,0,0,certified_reset,0,1,0.08402450192645386,0.08003062740806732,0.003993874518386541,0.0678958668125712,0.0,0.0,0,0,-0.010338293175773337,-0.006255460882093727,-0.003832073828595445,0.014711655967055284,-0.010338293175773337,-0.006255460882093727,0.019511415378546632,0.00012344123139262908,0.09247055884616479,0.4692718888022016
calibrate_then_close,118,5,0,0,certified_reset,0,1,0.08003062740806732,0.07603675288968079,0.003993874518386541,0.06390199229418467,0.0,0.0,0,0,-0.003832073828595445,0.014711655967055284,-0.0019518358302307213,0.007144781374297615,-0.003832073828595445,0.014711655967055284,-0.01785823222084521,6.161560911188579e-05,0.09247055884616479,0.4692718888022016
calibrate_then_close,118,6,0,0,certified_reset,0,1,0.07603675288968079,0.07204287837129425,0.003993874518386541,0.05990811777579813,0.0,0.0,0,0,-0.0019518358302307213,0.007144781374297615,0.006815840614523506,0.007704696259887492,-0.0019518358302307213,0.007144781374297615,-0.00858365645943535,1.4840264223084425e-05,0.09247055884616479,0.4692718888022016
calibrate_then_close,118,7,0,0,certified_reset,0,1,0.07204287837129425,0.06804900385290771,0.003993874518386541,0.05591424325741159,0.0,0.0,0,0,0.006815840614523506,0.007704696259887492,0.0008540825882554486,-0.011609638024531249,0.006815840614523506,0.007704696259887492,-0.01813318947174899,6.536121929532925e-05,0.09247055884616479,0.4692718888022016
calibrate_then_close,118,8,0,0,certified_reset,0,1,0.06804900385290771,0.06405512933452118,0.003993874518386541,0.051920368739025044,0.0,0.0,0,0,0.0008540825882554486,-0.011609638024531249,-0.005142319768548972,0.006775619486459418,0.0008540825882554486,-0.011609638024531249,0.016251361822410184,3.159319120554894e-05,0.09247055884616479,0.4692718888022016
calibrate_then_close,118,9,0,0,certified_reset,0,1,0.06405512933452118,0.060061254816134634,0.003993874518386541,0.0479264942206385,0.0,0.0,0,0,-0.005142319768548972,0.006775619486459418,-0.0013476488212419645,0.0005258178602763005,-0.005142319768548972,0.006775619486459418,-0.004859012498671194,3.529732616011757e-05,0.09247055884616479,0.4692718888022016
calibrate_then_close,118,10,0,0,certified_reset,0,1,0.060061254816134634,0.05606738029774809,0.003993874518386541,0.04393261970225196,0.0,0.0,0,0,-0.0013476488212419645,0.0005258178602763005,0.0042863942508355735,-0.008242927013637408,-0.0013476488212419645,0.0005258178602763005,0.0005687078438247171,1.874010256678949e-06,0.09247055884616479,0.4692718888022016
calibrate_then_close,118,11,0,0,certified_reset,0,1,0.05606738029774809,0.05207350577936155,0.003993874518386541,0.039938745183865414,0.0,0.0,0,0,0.0042863942508355735,-0.008242927013637408,-0.0024185997575640523,0.004569666924247039,0.0042863942508355735,-0.008242927013637408,0.007876393002322601,3.215436707715976e-05,0.09247055884616479,0.4692718888022016
calibrate_then_close,118,12,0,0,certified_reset,0,1,0.05207350577936155,0.048079631260975,0.003993874518386541,0.03594487066547887,0.0,0.0,0,0,-0.0024185997575640523,0.004569666924247039,-0.00754344947690225,0.0006907433474563063,-0.0024185997575640523,0.004569666924247039,-0.004324657791388777,1.0075925456344714e-05,0.09247055884616479,0.4692718888022016
calibrate_then_close,118,13,0,0,certified_reset,0,1,0.048079631260975,0.04408575674258846,0.003993874518386541,0.03195099614709233,0.0,0.0,0,0,-0.00754344947690225,0.0006907433474563063,-0.0021668587304504525,-0.0037893255490852274,-0.00754344947690225,0.0006907433474563063,0.006490118771355661,5.8042553799204334e-05,0.09247055884616479,0.4692718888022016
calibrate_then_close,118,14,0,0,certified_reset,0,1,0.04408575674258846,0.040091882224201916,0.003993874518386541,0.027957121628705783,0.0,0.0,0,0,-0.0021668587304504525,-0.0037893255490852274,0.0011927348915481296,-0.009675283711423083,-0.0021668587304504525,-0.0037893255490852274,0.007740392891038126,8.777736671471197e-06,0.09247055884616479,0.4692718888022016
calibrate_then_close,118,15,0,0,certified_reset,0,1,0.040091882224201916,0.03609800770581537,0.003993874518386541,0.023963247110319243,0.0,0.0,0,0,0.0011927348915481296,-0.009675283711423083,-0.006248247666175785,0.006354104943425955,0.0011927348915481296,-0.009675283711423083,0.013064557959611325,2.253968406989261e-05,0.09247055884616479,0.4692718888022016
calibrate_then_close,118,16,0,0,certified_reset,0,1,0.03609800770581537,0.03210413318742883,0.003993874518386541,0.019969372591932703,0.0,0.0,0,0,-0.006248247666175785,0.006354104943425955,0.0021045716895199433,0.012468889487722252,-0.006248247666175785,0.006354104943425955,-0.003135296754707083,4.655378797514569e-05,0.09247055884616479,0.4692718888022016
calibrate_then_close,118,17,0,0,certified_reset,0,1,0.03210413318742883,0.02811025866904229,0.003993874518386541,0.015975498073546163,0.0,0.0,0,0,0.0021045716895199433,0.012468889487722252,0.0020728544015997732,-0.020020683021182394,0.0021045716895199433,0.012468889487722252,-0.020464441252831055,4.288423280135865e-05,0.09247055884616479,0.4692718888022016
calibrate_then_close,118,18,0,0,certified_reset,0,1,0.02811025866904229,0.02411638415065575,0.003993874518386541,0.011981623555159623,0.0,0.0,0,0,0.0020728544015997732,-0.020020683021182394,0.0023125363338168054,0.013750868988460733,0.0020728544015997732,-0.020020683021182394,0.027430664282791492,9.525675369935085e-05,0.09247055884616479,0.4692718888022016
calibrate_then_close,118,19,0,0,certified_reset,0,1,0.02411638415065575,0.02012250963226921,0.003993874518386541,0.007987749036773082,0.0,0.0,0,0,0.0023125363338168054,0.013750868988460733,0.0049767044904290274,0.00260470708232597,0.0023125363338168054,0.013750868988460733,-0.02256103489202882,5.2108383309012416e-05,0.09247055884616479,0.4692718888022016
calibrate_then_close,118,20,0,0,certified_reset,0,1,0.02012250963226921,0.01612863511388267,0.003993874518386541,0.003993874518386541,0.0,0.0,0,0,0.0049767044904290274,0.00260470708232597,0.0017064962398708166,-0.00024186202066754908,0.0049767044904290274,0.00260470708232597,-0.008795353896731459,2.7922753656524607e-05,0.09247055884616479,0.4692718888022016
calibrate_then_close,118,21,0,0,certified_reset,0,1,0.01612863511388267,0.01213476059549613,0.003993874518386541,0.0,0.0,0.0,0,0,0.0017064962398708166,-0.00024186202066754908,-0.0038632517363644103,-0.0010870478125860504,0.0017064962398708166,-0.00024186202066754908,-0.0013438484080701084,2.9678071329575e-06,0.09247055884616479,0.4692718888022016
calibrate_then_close,119,0,0,0,certified_reset,0,1,0.1,0.09600612548161347,0.003993874518386541,0.08387136488611735,0.0,0.0,0,0,-4.259861837677636,0.5196787022315711,-2.9658049365354606,2.0692430439927696,-4.259861837677636,0.5196787022315711,1.5499999999997718,18.25509724774182,0.09247055884616479,0.4692718888022016
calibrate_then_close,119,1,0,0,certified_reset,0,1,0.09600612548161347,0.09201225096322693,0.003993874518386541,0.07987749036773081,0.0,0.0,0,0,-2.9658049365354606,2.0692430439927696,-1.0464938293616342,1.7591737218268304,-2.9658049365354606,2.0692430439927696,-0.3109458754412013,9.569134124534699,0.09247055884616479,0.4692718888022016
calibrate_then_close,119,2,0,0,certified_reset,0,1,0.09201225096322693,0.0880183764448404,0.003993874518386541,0.07588361584934428,0.0,0.0,0,0,-1.0464938293616342,1.7591737218268304,-0.06767344210081498,0.21608955047806008,-1.0464938293616342,1.7591737218268304,-1.5493669431170618,1.712207376044466,0.09247055884616479,0.4692718888022016
calibrate_then_close,119,3,0,0,certified_reset,0,1,0.0880183764448404,0.08402450192645386,0.003993874518386541,0.07188974133095774,0.0,0.0,0,0,-0.06767344210081498,0.21608955047806008,0.016167628714329516,-0.03282187308326687,-0.06767344210081498,0.21608955047806008,-0.2509298762144076,0.014558884723842619,0.09247055884616479,0.4692718888022016
calibrate_then_close,119,4,0,0,certified_reset,0,1,0.08402450192645386,0.08003062740806732,0.003993874518386541,0.0678958668125712,0.0,0.0,0,0,0.016167628714329516,-0.03282187308326687,-0.00800574104219561,-0.002100508013570726,0.016167628714329516,-0.03282187308326687,0.03225405203696514,0.0004813098785494277,0.09247055884616479,0.4692718888022016
calibrate_then_close,119,5,0,0,certified_reset,0,1,0.08003062740806732,0.07603675288968079,0.003993874518386541,0.06390199229418467,0.0,0.0,0,0,-0.00800574104219561,-0.002100508013570726,-0.0031785620554997934,0.010962912697664945,-0.00800574104219561,-0.002100508013570726,0.011068635324025336,6.794894093781526e-05,0.09247055884616479,0.4692718888022016
calibrate_then_close,119,6,0,0,certified_reset,0,1,0.07603675288968079,0.07204287837129425,0.003993874518386541,0.05990811777579813,0.0,0.0,0,0,-0.0031785620554997934,0.010962912697664945,0.002181028789543155,0.007006434101688823,-0.0031785620554997934,0.010962912697664945,-0.012986081489603087,3.595259641902056e-05,0.09247055884616479,0.4692718888022016
calibrate_then_close,119,7,0,0,certified_reset,0,1,0.07204287837129425,0.06804900385290771,0.003993874518386541,0.05591424325741159,0.0,0.0,0,0,0.002181028789543155,0.007006434101688823,0.010590433607085269,0.0027881824929325266,0.002181028789543155,0.007006434101688823,-0.012492307614392179,1.7494551706966552e-05,0.09247055884616479,0.4692718888022016
calibrate_then_close,119,8,0,0,certified_reset,0,1,0.06804900385290771,0.06405512933452118,0.003993874518386541,0.051920368739025044,0.0,0.0,0,0,0.010590433607085269,0.0027881824929325266,-0.001654064261979683,-0.0014678932480785608,0.010590433607085269,0.0027881824929325266,-0.01465194548624436,0.00011892358473987918,0.09247055884616479,0.4692718888022016
calibrate_then_close,119,9,0,0,certified_reset,0,1,0.06405512933452118,0.060061254816134634,0.003993874518386541,0.0479264942206385,0.0,0.0,0,0,-0.001654064261979683,-0.0014678932480785608,-0.00476847801408286,-0.005582756717841118,-0.001654064261979683,-0.0014678932480785608,0.0038113940531262166,3.486944604259373e-06,0.09247055884616479,0.4692718888022016
calibrate_then_close,119,10,0,0,certified_reset,0,1,0.060061254816134634,0.05606738029774809,0.003993874518386541,0.04393261970225196,0.0,0.0,0,0,-0.00476847801408286,-0.005582756717841118,-0.0020475599672824148,0.00928239397289449,-0.00476847801408286,-0.005582756717841118,0.012969735147279894,3.255382437826433e-05,0.09247055884616479,0.4692718888022016
calibrate_then_close,119,11,0,0,certified_reset,0,1,0.05606738029774809,0.05207350577936155,0.003993874518386541,0.039938745183865414,0.0,0.0,0,0,-0.0020475599672824148,0.00928239397289449,0.00041801596995849036,-0.0018239562917157339,-0.0020475599672824148,0.00928239397289449,-0.011634816705689574,2.3086036630237427e-05,0.09247055884616479,0.4692718888022016
calibrate_then_close,119,12,0,0,certified_reset,0,1,0.05207350577936155,0.048079631260975,0.003993874518386541,0.03594487066547887,0.0,0.0,0,0,0.00041801596995849036,-0.0018239562917157339,0.004713865839408901,-0.00775135621233988,0.00041801596995849036,-0.0018239562917157339,0.0022678779642331653,9.021460923927907e-07,0.09247055884616479,0.4692718888022016
calibrate_then_close,119,13,0,0,certified_reset,0,1,0.048079631260975,0.04408575674258846,0.003993874518386541,0.03195099614709233,0.0,0.0,0,0,0.004713865839408901,-0.00775135621233988,0.002738868556081551,-0.004794848754087084,0.004713865839408901,-0.00775135621233988,0.006731303127517954,3.416832636031392e-05,0.09247055884616479,0.4692718888022016
calibrate_then_close,119,14,0,0,certified_reset,0,1,0.04408575674258846,0.040091882224201916,0.003993874518386541,0.027957121628705783,0.0,0.0,0,0,0.002738868556081551,-0.004794848754087084,-0.004851936138782717,0.010333732144826734,0.002738868556081551,-0.004794848754087084,0.0043364692632327,1.210982853268897e-05,0.09247055884616479,0.4692718888022016
calibrate_then_close,119,15,0,0,certified_reset,0,1,0.040091882224201916,0.03609800770581537,0.003993874518386541,0.023963247110319243,0.0,0.0,0,0,-0.004851936138782717,0.010333732144826734,0.00493616656875195,0.009342501078003407,-0.004851936138782717,0.010333732144826734,-0.010388875299712219,4.546098615203457e-05,0.09247055884616479,0.4692718888022016
calibrate_then_close,119,16,0,0,certified_reset,0,1,0.03609800770581537,0.03210413318742883,0.003993874518386541,0.019969372591932703,0.0,0.0,0,0,0.00493616656875195,0.009342501078003407,-0.0008800790411904649,-0.006003526090237505,0.00493616656875195,0.009342501078003407,-0.01867734665863866,4.879764110028748e-05,0.09247055884616479,0.4692718888022016
calibrate_then_close,119,17,0,0,certified_reset,0,1,0.03210413318742883,0.02811025866904229,0.003993874518386541,0.015975498073546163,0.0,0.0,0,0,-0.0008800790411904649,-0.006003526090237505,-0.0009916354267217136,0.0031544880590051215,-0.0008800790411904649,-0.006003526090237505,0.009722148871372275,9.625162178580095e-06,0.09247055884616479,0.4692718888022016
calibrate_then_close,119,18,0,0,certified_reset,0,1,0.02811025866904229,0.02411638415065575,0.003993874518386541,0.011981623555159623,0.0,0.0,0,0,-0.0009916354267217136,0.0031544880590051215,-0.0018415826695851708,0.011647540349928789,-0.0009916354267217136,0.0031544880590051215,-0.003657436994706914,3.1089050383788853e-06,0.09247055884616479,0.4692718888022016
calibrate_then_close,119,19,0,0,certified_reset,0,1,0.02411638415065575,0.02012250963226921,0.003993874518386541,0.007987749036773082,0.0,0.0,0,0,-0.0018415826695851708,0.011647540349928789,0.005201355753758267,-0.004989911382522841,-0.0018415826695851708,0.011647540349928789,-0.015323166939697382,3.368114817204178e-05,0.09247055884616479,0.4692718888022016
calibrate_then_close,119,20,0,0,certified_reset,0,1,0.02012250963226921,0.01612863511388267,0.003993874518386541,0.003993874518386541,0.0,0.0,0,0,0.005201355753758267,-0.004989911382522841,-0.009164674900393454,0.005552790548008784,0.005201355753758267,-0.004989911382522841,0.0021657242905278452,3.165321952869637e-05,0.09247055884616479,0.4692718888022016
calibrate_then_close,119,21,0,0,certified_reset,0,1,0.01612863511388267,0.01213476059549613,0.003993874518386541,0.0,0.0,0.0,0,0,-0.009164674900393454,0.005552790548008784,0.0005717920301193356,0.009659883597200911,-0.009164674900393454,0.005552790548008784,0.0009441854296641031,8.956358009965154e-05,0.09247055884616479,0.4692718888022016
