method,mission,k,g,chart,mode,reset_failed,nominal_feasible,budget_before,budget_after,risk,reserve,horizon_escape,first_escape,state_violation,input_violation,x0,x1,next_x0,next_x1,nominal_x0,nominal_x1,u,stage_cost,state_tightening,input_tightening
global_compatible,0,0,0,0,certified_reset,0,1,0.1,0.09600612548161347,0.003993874518386541,0.08387136488611735,0.0,0.0,0,0,0.13292499406841252,0.11182234043032258,0.10519850443624687,-0.1778471323254628,0.13292499406841252,0.11182234043032258,-0.2970865215946664,0.02212632652839465,0.05718990111084871,0.29621334507546954
global_compatible,0,1,0,0,certified_reset,0,1,0.09600612548161347,0.09201225096322693,0.003993874518386541,0.07987749036773081,0.0,0.0,0,0,0.10519850443624687,-0.1778471323254628,0.008556005427988535,-0.02801207023421479,0.10519850443624687,-0.1778471323254628,0.15723296065592476,0.01737810887928906,0.05718990111084871,0.29621334507546954
global_compatible,0,2,0,0,certified_reset,0,1,0.09201225096322693,0.0880183764448404,0.003993874518386541,0.07588361584934428,0.0,0.0,0,0,0.008556005427988535,-0.02801207023421479,-0.010295620691367866,-0.006472175657984802,0.008556005427988535,-0.02801207023421479,0.03274826265574464,0.00024125814074319507,0.05718990111084871,0.29621334507546954
global_compatible,0,3,0,0,certified_reset,0,1,0.0880183764448404,0.08402450192645386,0.003993874518386541,0.07188974133095774,0.0,0.0,0,0,-0.010295620691367866,-0.006472175657984802,0.004070897211454915,0.011325857629041858,-0.010295620691367866,-0.006472175657984802,0.01978487134989205,0.0001233258641734226,0.05718990111084871,0.29621334507546954
global_compatible,0,4,0,0,certified_reset,0,1,0.08402450192645386,0.08003062740806732,0.003993874518386541,0.0678958668125712,0.0,0.0,0,0,0.004070897211454915,0.011325857629041858,-0.00022003051542777378,-0.014374979217093832,0.004070897211454915,0.011325857629041858,-0.020738658904648155,5.0414012621313576e-05,0.05718990111084871,0.29621334507546954
global_compatible,0,5,0,0,certified_reset,0,1,0.08003062740806732,0.07603675288968079,0.003993874518386541,0.06390199229418467,0.0,0.0,0,0,-0.00022003051542777378,-0.014374979217093832,-0.003727037793723847,-0.004428272964363567,-0.00022003051542777378,-0.014374979217093832,0.02139619401919847,4.868854633893735e-05,0.05718990111084871,0.29621334507546954
global_compatible,0,6,0,0,certified_reset,0,1,0.07603675288968079,0.07204287837129425,0.003993874518386541,0.05990811777579813,0.0,0.0,0,0,-0.003727037793723847,-0.004428272964363567,-0.005894512879429299,0.0026238520183603817,-0.003727037793723847,-0.004428272964363567,0.010238119488476775,2.0041016242798515e-05,0.05718990111084871,0.29621334507546954
global_compatible,0,7,0,0,certified_reset,0,1,0.07204287837129425,0.06804900385290771,0.003993874518386541,0.05591424325741159,0.0,0.0,0,0,-0.005894512879429299,0.0026238520183603817,-0.0025863833781465673,0.004582176297190268,-0.005894512879429299,0.0026238520183603817,0.0020073464660947484,3.608524597619715e-05,0.05718990111084871,0.29621334507546954
global_compatible,0,8,0,0,certified_reset,0,1,0.06804900385290771,0.06405512933452118,0.003993874518386541,0.051920368739025044,0.0,0.0,0,0,-0.0025863833781465673,0.004582176297190268,0.0137130497505005,0.006273401829304548,-0.0025863833781465673,0.004582176297190268,-0.004172851388766444,1.0904037327906919e-05,0.05718990111084871,0.29621334507546954
global_compatible,0,9,0,0,certified_reset,0,1,0.06405512933452118,0.060061254816134634,0.003993874518386541,0.0479264942206385,0.0,0.0,0,0,0.0137130497505005,0.006273401829304548,0.009051731399221085,-0.013420211885144107,0.0137130497505005,0.006273401829304548,-0.02289678226774828,0.00020823830210726452,0.05718990111084871,0.29621334507546954
global_compatible,0,10,0,0,certified_reset,0,1,0.060061254816134634,0.05606738029774809,0.003993874518386541,0.04393261970225196,0.0,0.0,0,0,0.009051731399221085,-0.013420211885144107,-0.006207582412462126,0.007495584034014156,0.009051731399221085,-0.013420211885144107,0.01075750699227969,0.00011724531590845793,0.05718990111084871,0.29621334507546954
global_compatible,0,11,0,0,certified_reset,0,1,0.05606738029774809,0.05207350577936155,0.003993874518386541,0.039938745183865414,0.0,0.0,0,0,-0.006207582412462126,0.007495584034014156,-0.005562755270660217,-0.002476081477154386,-0.006207582412462126,0.007495584034014156,-0.004863860183008716,4.923858820647977e-05,0.05718990111084871,0.29621334507546954
global_compatible,0,12,0,0,certified_reset,0,1,0.05207350577936155,0.048079631260975,0.003993874518386541,0.03594487066547887,0.0,0.0,0,0,-0.005562755270660217,-0.002476081477154386,-0.003291266901165533,0.014626657645936802,-0.005562755270660217,-0.002476081477154386,0.00918585221235608,3.415731952961048e-05,0.05718990111084871,0.29621334507546954
global_compatible,0,13,0,0,certified_reset,0,1,0.048079631260975,0.04408575674258846,0.003993874518386541,0.03195099614709233,0.0,0.0,0,0,-0.003291266901165533,0.014626657645936802,0.009753780990657296,-0.00441580281061406,-0.003291266901165533,0.014626657645936802,-0.018270521079064798,5.7686776827681015e-05,0.05718990111084871,0.29621334507546954
global_compatible,0,14,0,0,certified_reset,0,1,0.04408575674258846,0.040091882224201916,0.003993874518386541,0.027957121628705783,0.0,0.0,0,0,0.009753780990657296,-0.00441580281061406,0.0007609831548193941,-0.01438387567526708,0.009753780990657296,-0.00441580281061406,-0.003209417000035565,9.890362915391142e-05,0.05718990111084871,0.29621334507546954
global_compatible,0,15,0,0,certified_reset,0,1,0.040091882224201916,0.03609800770581537,0.003993874518386541,0.023963247110319243,0.0,0.0,0,0,0.0007609831548193941,-0.01438387567526708,-0.001878995822627265,0.018768936621006524,0.0007609831548193941,-0.01438387567526708,0.020433178940367433,4.825822370162295e-05,0.05718990111084871,0.29621334507546954
global_compatible,0,16,0,0,certified_reset,0,1,0.03609800770581537,0.03210413318742883,0.003993874518386541,0.019969372591932703,0.0,0.0,0,0,-0.001878995822627265,0.018768936621006524,0.005965828465807802,0.000317686836495034,-0.001878995822627265,0.018768936621006524,-0.025779065052852084,8.355376691543496e-05,0.05718990111084871,0.29621334507546954
global_compatible,0,17,0,0,certified_reset,0,1,0.03210413318742883,0.02811025866904229,0.003993874518386541,0.015975498073546163,0.0,0.0,0,0,0.005965828465807802,0.000317686836495034,-0.003521674005391611,-0.006098900260282403,0.005965828465807802,0.000317686836495034,-0.00641010674734912,3.663651248294775e-05,0.05718990111084871,0.29621334507546954
global_compatible,0,18,0,0,certified_reset,0,1,0.02811025866904229,0.02411638415065575,0.003993874518386541,0.011981623555159623,0.0,0.0,0,0,-0.003521674005391611,-0.006098900260282403,-0.004896356458058067,0.024648285315565233,-0.003521674005391611,-0.006098900260282403,0.012488791024134593,2.299682052064071e-05,0.05718990111084871,0.29621334507546954
global_compatible,0,19,0,0,certified_reset,0,1,0.02411638415065575,0.02012250963226921,0.003993874518386541,0.007987749036773082,0.0,0.0,0,0,-0.004896356458058067,0.024648285315565233,0.006665319029442775,-0.005230552428943378,-0.004896356458058067,0.024648285315565233,-0.03143522701027155,0.00015803547841360113,0.05718990111084871,0.29621334507546954
global_compatible,0,20,0,0,certified_reset,0,1,0.02012250963226921,0.01612863511388267,0.003993874518386541,0.003993874518386541,0.0,0.0,0,0,0.006665319029442775,-0.005230552428943378,0.0001286749166734694,-0.00693966171307988,0.006665319029442775,-0.005230552428943378,0.0010681310955814865,4.9379562533332256e-05,0.05718990111084871,0.29621334507546954
global_compatible,0,21,1,1,certified_reset,0,1,0.01612863511388267,0.01213476059549613,0.003993874518386541,0.0,0.0,0.0,0,0,0.0001286749166734694,-0.00693966171307988,-0.019563764067450418,0.00452827750905653,0.0001286749166734694,-0.00693966171307988,0.01008980804784816,1.1230265739799078e-05,0.05718990111084871,0.29621334507546954
global_compatible,1,0,0,0,certified_reset,0,1,0.1,0.09600612548161347,0.003993874518386541,0.08387136488611735,0.0,0.0,0,0,-2.188187484113878,0.024234945270303232,-1.3871687338375494,1.5946421664696535,-2.188187484113878,0.024234945270303232,1.5499999999999714,4.8483326854956275,0.05718990111084871,0.29621334507546954
global_compatible,1,1,0,0,certified_reset,0,1,0.09600612548161347,0.09201225096322693,0.003993874518386541,0.07987749036773081,0.0,0.0,0,0,-1.3871687338375494,1.5946421664696535,-0.27660374348299993,0.6300123582634776,-1.3871687338375494,1.5946421664696535,-0.967765072080371,2.4053703820398833,0.05718990111084871,0.29621334507546954
global_compatible,1,2,0,0,certified_reset,0,1,0.09201225096322693,0.0880183764448404,0.003993874518386541,0.07588361584934428,0.0,0.0,0,0,-0.27660374348299993,0.6300123582634776,0.023794865492939826,-0.021526134106042764,-0.27660374348299993,0.6300123582634776,-0.6526360679905562,0.1586027797215111,0.05718990111084871,0.29621334507546954
global_compatible,1,3,0,0,certified_reset,0,1,0.0880183764448404,0.08402450192645386,0.003993874518386541,0.07188974133095774,0.0,0.0,0,0,0.023794865492939826,-0.021526134106042764,0.001111212329272456,-0.012445550357793026,0.023794865492939826,-0.021526134106042764,0.008018181786807528,0.0006512103057254965,0.05718990111084871,0.29621334507546954
global_compatible,1,4,0,0,certified_reset,0,1,0.08402450192645386,0.08003062740806732,0.003993874518386541,0.0678958668125712,0.0,0.0,0,0,0.001111212329272456,-0.012445550357793026,0.004080621434501221,0.016316839515835242,0.001111212329272456,-0.012445550357793026,0.017228325237125804,3.6535682870136944e-05,0.05718990111084871,0.29621334507546954
global_compatible,1,5,0,0,certified_reset,0,1,0.08003062740806732,0.07603675288968079,0.003993874518386541,0.06390199229418467,0.0,0.0,0,0,0.004080621434501221,0.016316839515835242,0.011114743557232507,-0.020983307956842324,0.004080621434501221,0.016316839515835242,-0.02810232214399283,8.431804936022359e-05,0.05718990111084871,0.29621334507546954
global_compatible,1,6,0,0,certified_reset,0,1,0.07603675288968079,0.07204287837129425,0.003993874518386541,0.05990811777579813,0.0,0.0,0,0,0.011114743557232507,-0.020983307956842324,-0.0036377675799700343,-0.0042084279803436125,0.011114743557232507,-0.020983307956842324,0.019841202189459204,0.00021263321525721938,0.05718990111084871,0.29621334507546954
global_compatible,1,7,0,0,certified_reset,0,1,0.07204287837129425,0.06804900385290771,0.003993874518386541,0.05591424325741159,0.0,0.0,0,0,-0.0036377675799700343,-0.0042084279803436125,-0.00031889802973457653,-0.007193454865926215,-0.0036377675799700343,-0.0042084279803436125,0.009820035068318187,1.883213607628904e-05,0.05718990111084871,0.29621334507546954
global_compatible,1,8,0,0,certified_reset,0,1,0.06804900385290771,0.06405512933452118,0.003993874518386541,0.051920368739025044,0.0,0.0,0,0,-0.00031889802973457653,-0.007193454865926215,-0.0010651644083728984,0.0007373146451926582,-0.00031889802973457653,-0.007193454865926215,0.010914673106524381,1.2394190902386915e-05,0.05718990111084871,0.29621334507546954
global_compatible,1,9,0,0,certified_reset,0,1,0.06405512933452118,0.060061254816134634,0.003993874518386541,0.0479264942206385,0.0,0.0,0,0,-0.0010651644083728984,0.0007373146451926582,-0.002291818901596482,-0.005179713633477025,-0.0010651644083728984,0.0007373146451926582,-2.0557352393820616e-05,1.2324397014656265e-06,0.05718990111084871,0.29621334507546954
global_compatible,1,10,0,0,certified_reset,0,1,0.060061254816134634,0.05606738029774809,0.003993874518386541,0.04393261970225196,0.0,0.0,0,0,-0.002291818901596482,-0.005179713633477025,-0.006753491741465473,-0.004415902485531193,-0.002291818901596482,-0.005179713633477025,0.009911133305076808,1.2537495960958971e-05,0.05718990111084871,0.29621334507546954
global_compatible,1,11,0,0,certified_reset,0,1,0.05606738029774809,0.05207350577936155,0.003993874518386541,0.039938745183865414,0.0,0.0,0,0,-0.006753491741465473,-0.004415902485531193,-0.009774714143536953,0.014913873848713542,-0.006753491741465473,-0.004415902485531193,0.01322640549989387,5.3493130820342614e-05,0.05718990111084871,0.29621334507546954
global_compatible,1,12,0,0,certified_reset,0,1,0.05207350577936155,0.048079631260975,0.003993874518386541,0.03594487066547887,0.0,0.0,0,0,-0.009774714143536953,0.014913873848713542,-0.00303643372404702,0.002345612879611615,-0.009774714143536953,0.014913873848713542,-0.012234102319291371,0.00013932312204839513,0.05718990111084871,0.29621334507546954
global_compatible,1,13,0,0,certified_reset,0,1,0.048079631260975,0.04408575674258846,0.003993874518386541,0.03195099614709233,0.0,0.0,0,0,-0.00303643372404702,0.002345612879611615,-0.0018761120280932756,0.002697163549131531,-0.00303643372404702,0.002345612879611615,-0.0004333574574154081,1.0214966688257475e-05,0.05718990111084871,0.29621334507546954
global_compatible,1,14,0,0,certified_reset,0,1,0.04408575674258846,0.040091882224201916,0.003993874518386541,0.027957121628705783,0.0,0.0,0,0,-0.0018761120280932756,0.002697163549131531,0.0027688175412554005,-0.009463577708594401,-0.0018761120280932756,0.002697163549131531,-0.0021033016788601124,4.939837708701141e-06,0.05718990111084871,0.29621334507546954
global_compatible,1,15,0,0,certified_reset,0,1,0.040091882224201916,0.03609800770581537,0.003993874518386541,0.023963247110319243,0.0,0.0,0,0,0.0027688175412554005,-0.009463577708594401,-0.001661961812162216,0.00019768380396822222,0.0027688175412554005,-0.009463577708594401,0.0111810824130145,2.6912440223318027e-05,0.05718990111084871,0.29621334507546954
global_compatible,1,16,0,0,certified_reset,0,1,0.03609800770581537,0.03210413318742883,0.003993874518386541,0.019969372591932703,0.0,0.0,0,0,-0.001661961812162216,0.00019768380396822222,0.002214843344033616,-0.00537556139765695,-0.001661961812162216,0.00019768380396822222,0.0013664743328399814,2.8158325671865208e-06,0.05718990111084871,0.29621334507546954
global_compatible,1,17,0,0,certified_reset,0,1,0.03210413318742883,0.02811025866904229,0.003993874518386541,0.015975498073546163,0.0,0.0,0,0,0.002214843344033616,-0.00537556139765695,-0.0021293165700792182,-0.009156905666956344,0.002214843344033616,-0.00537556139765695,0.00571507554976295,1.0923482113293784e-05,0.05718990111084871,0.29621334507546954
global_compatible,1,18,0,0,certified_reset,0,1,0.02811025866904229,0.02411638415065575,0.003993874518386541,0.011981623555159623,0.0,0.0,0,0,-0.0021293165700792182,-0.009156905666956344,-0.008664061804590097,0.018454195918060377,-0.0021293165700792182,-0.009156905666956344,0.015608257492806416,2.5717237455494315e-05,0.05718990111084871,0.29621334507546954
global_compatible,1,19,0,0,certified_reset,0,1,0.02411638415065575,0.02012250963226921,0.003993874518386541,0.007987749036773082,0.0,0.0,0,0,-0.008664061804590097,0.018454195918060377,0.005992330705507924,-0.005145437637094196,-0.008664061804590097,0.018454195918060377,-0.018556603071016035,0.00014497497734892618,0.05718990111084871,0.29621334507546954
global_compatible,1,20,0,0,certified_reset,0,1,0.02012250963226921,0.01612863511388267,0.003993874518386541,0.003993874518386541,0.0,0.0,0,0,0.005992330705507924,-0.005145437637094196,0.006706912290219484,-0.002857934629203162,0.005992330705507924,-0.005145437637094196,0.0016109950917089183,4.073850503971145e-05,0.05718990111084871,0.29621334507546954
global_compatible,1,21,0,0,certified_reset,0,1,0.01612863511388267,0.01213476059549613,0.003993874518386541,0.0,0.0,0.0,0,0,0.006706912290219484,-0.002857934629203162,0.006727195482476316,0.00020557263700568193,0.006706912290219484,-0.002857934629203162,-0.002466543863715728,4.6604970696551754e-05,0.05718990111084871,0.29621334507546954
global_compatible,2,0,1,1,certified_reset,0,1,0.1,0.09600612548161347,0.003993874518386541,0.08387136488611735,0.0,0.0,0,0,4.2889031101612485,0.10612075495934281,3.6078627831130716,-1.4782125529215326,4.2889031101612485,0.10612075495934281,-1.55,18.456779478984796,0.05718990111084871,0.29621334507546954
global_compatible,2,1,0,0,certified_reset,0,1,0.09600612548161347,0.09201225096322693,0.003993874518386541,0.07987749036773081,0.0,0.0,0,0,3.6078627831130716,-1.4782125529215326,1.7482169546005732,-2.242493515617678,3.6078627831130716,-1.4782125529215326,-0.7678891178563413,13.424735427496117,0.05718990111084871,0.29621334507546954
global_compatible,2,2,0,0,certified_reset,0,1,0.09201225096322693,0.0880183764448404,0.003993874518386541,0.07588361584934428,0.0,0.0,0,0,1.7482169546005732,-2.242493515617678,0.2736855050076709,-0.6897251279545926,1.7482169546005732,-2.242493515617678,1.55,4.0215049105186225,0.05718990111084871,0.29621334507546954
global_compatible,2,3,0,0,certified_reset,0,1,0.0880183764448404,0.08402450192645386,0.003993874518386541,0.07188974133095774,0.0,0.0,0,0,0.2736855050076709,-0.6897251279545926,-0.0356077493860705,0.05533546662132931,0.2736855050076709,-0.6897251279545926,0.7435048065297335,0.1743534759683805,0.05718990111084871,0.29621334507546954
global_compatible,2,4,0,0,certified_reset,0,1,0.08402450192645386,0.08003062740806732,0.003993874518386541,0.0678958668125712,0.0,0.0,0,0,-0.0356077493860705,0.05533546662132931,-0.0016527463619371082,0.004653970154561899,-0.0356077493860705,0.05533546662132931,-0.04605739439905321,0.0018721064017279978,0.05718990111084871,0.29621334507546954
global_compatible,2,5,0,0,certified_reset,0,1,0.08003062740806732,0.07603675288968079,0.003993874518386541,0.06390199229418467,0.0,0.0,0,0,-0.0016527463619371082,0.004653970154561899,0.005823400382378835,-0.0030840192460115734,-0.0016527463619371082,0.004653970154561899,-0.005215006602848158,7.3101767595096165e-06,0.05718990111084871,0.29621334507546954
global_compatible,2,6,0,0,certified_reset,0,1,0.07603675288968079,0.07204287837129425,0.003993874518386541,0.05990811777579813,0.0,0.0,0,0,0.005823400382378835,-0.0030840192460115734,0.0067492971361875626,-0.006682246806642679,0.005823400382378835,-0.0030840192460115734,-0.001251888100858516,3.56631840566753e-05,0.05718990111084871,0.29621334507546954
global_compatible,2,7,0,0,certified_reset,0,1,0.07204287837129425,0.06804900385290771,0.003993874518386541,0.05591424325741159,0.0,0.0,0,0,0.0067492971361875626,-0.006682246806642679,0.0066469416597145,-0.0021047209385315156,0.0067492971361875626,-0.006682246806642679,0.0031207316731463883,5.383392201622364e-05,0.05718990111084871,0.29621334507546954
global_compatible,2,8,0,0,certified_reset,0,1,0.06804900385290771,0.06405512933452118,0.003993874518386541,0.051920368739025044,0.0,0.0,0,0,0.0066469416597145,-0.0021047209385315156,0.010002549006654423,-0.003924053462158397,0.0066469416597145,-0.0021047209385315156,-0.003515475713561161,4.528817070620085e-05,0.05718990111084871,0.29621334507546954
global_compatible,2,9,0,0,certified_reset,0,1,0.06405512933452118,0.060061254816134634,0.003993874518386541,0.0479264942206385,0.0,0.0,0,0,0.010002549006654423,-0.003924053462158397,0.002823177789182861,-0.005217650746815579,0.010002549006654423,-0.003924053462158397,-0.004176318584520923,0.00010325870275680667,0.05718990111084871,0.29621334507546954
global_compatible,2,10,0,0,certified_reset,0,1,0.060061254816134634,0.05606738029774809,0.003993874518386541,0.04393261970225196,0.0,0.0,0,0,0.002823177789182861,-0.005217650746815579,0.0024450863106103607,-0.004124899833716186,0.002823177789182861,-0.005217650746815579,0.004872772424643439,1.3464228883728695e-05,0.05718990111084871,0.29621334507546954
global_compatible,2,11,0,0,certified_reset,0,1,0.05606738029774809,0.05207350577936155,0.003993874518386541,0.039938745183865414,0.0,0.0,0,0,0.0024450863106103607,-0.004124899833716186,0.0016520968195731494,-6.385692297956137e-05,0.0024450863106103607,-0.004124899833716186,0.003641526300994326,9.372628666229549e-06,0.05718990111084871,0.29621334507546954
global_compatible,2,12,0,0,certified_reset,0,1,0.05207350577936155,0.048079631260975,0.003993874518386541,0.03594487066547887,0.0,0.0,0,0,0.0016520968195731494,-6.385692297956137e-05,-0.004709332403162759,-0.0009239781355057222,0.0016520968195731494,-6.385692297956137e-05,-0.0015478059226265671,2.7900504677868976e-06,0.05718990111084871,0.29621334507546954
global_compatible,2,13,0,0,certified_reset,0,1,0.048079631260975,0.04408575674258846,0.003993874518386541,0.03195099614709233,0.0,0.0,0,0,-0.004709332403162759,-0.0009239781355057222,-0.0013554086815432034,0.0027216617362240576,-0.004709332403162759,-0.0009239781355057222,0.00604912867979871,2.324628303517849e-05,0.05718990111084871,0.29621334507546954
global_compatible,2,14,0,0,certified_reset,0,1,0.04408575674258846,0.040091882224201916,0.003993874518386541,0.027957121628705783,0.0,0.0,0,0,-0.0013554086815432034,0.0027216617362240576,0.006645608646611023,-0.0033491781794468267,-0.0013554086815432034,0.0027216617362240576,-0.0026556743312699744,3.3467875170035476e-06,0.05718990111084871,0.29621334507546954
global_compatible,2,15,0,0,certified_reset,0,1,0.040091882224201916,0.03609800770581537,0.003993874518386541,0.023963247110319243,0.0,0.0,0,0,0.006645608646611023,-0.0033491781794468267,0.0003619987991673257,-0.00383864956911957,0.006645608646611023,-0.0033491781794468267,-0.0016830723755761072,4.625399160542978e-05,0.05718990111084871,0.29621334507546954
global_compatible,2,16,0,0,certified_reset,0,1,0.03609800770581537,0.03210413318742883,0.003993874518386541,0.019969372591932703,0.0,0.0,0,0,0.0003619987991673257,-0.00383864956911957,-0.003923556812852469,-0.008538574718099236,0.0003619987991673257,-0.00383864956911957,0.00529300420468107,3.4837819609782076e-06,0.05718990111084871,0.29621334507546954
global_compatible,2,17,0,0,certified_reset,0,1,0.03210413318742883,0.02811025866904229,0.003993874518386541,0.015975498073546163,0.0,0.0,0,0,-0.003923556812852469,-0.008538574718099236,-0.004008478662315976,0.004882021218857957,-0.003923556812852469,-0.008538574718099236,0.016483564929427326,3.531030236222861e-05,0.05718990111084871,0.29621334507546954
global_compatible,2,18,0,0,certified_reset,0,1,0.02811025866904229,0.02411638415065575,0.003993874518386541,0.011981623555159623,0.0,0.0,0,0,-0.004008478662315976,0.004882021218857957,-0.0026385725113338898,0.007724993597373491,-0.004008478662315976,0.004882021218857957,-0.003199477623264238,2.0613961225434972e-05,0.05718990111084871,0.29621334507546954
global_compatible,2,19,0,0,certified_reset,0,1,0.02411638415065575,0.02012250963226921,0.003993874518386541,0.007987749036773082,0.0,0.0,0,0,-0.0026385725113338898,0.007724993597373491,-0.004225127689404015,0.002692638045588904,-0.0026385725113338898,0.007724993597373491,-0.00875123967011636,1.9618264485965346e-05,0.05718990111084871,0.29621334507546954
global_compatible,2,20,0,0,certified_reset,0,1,0.02012250963226921,0.01612863511388267,0.003993874518386541,0.003993874518386541,0.0,0.0,0,0,-0.004225127689404015,0.002692638045588904,-0.0025222299690888035,0.0029686464975219448,-0.004225127689404015,0.002692638045588904,0.00023568463077008216,1.915814660891755e-05,0.05718990111084871,0.29621334507546954
global_compatible,2,21,0,0,certified_reset,0,1,0.01612863511388267,0.01213476059549613,0.003993874518386541,0.0,0.0,0.0,0,0,-0.0025222299690888035,0.0029686464975219448,0.00030670076143109735,-0.00027692008038043446,-0.0025222299690888035,0.0029686464975219448,-0.001860088201242573,8.034457384784628e-06,0.05718990111084871,0.29621334507546954
global_compatible,3,0,2,2,certified_reset,0,1,0.1,0.09600612548161347,0.003993874518386541,0.08387136488611735,0.0,0.0,0,0,-2.169164105233138,-0.021428447587067856,-1.4248421550707433,1.5803298779274426,-2.169164105233138,-0.021428447587067856,1.5499999999999226,4.765418067537753,0.05718990111084871,0.29621334507546954
global_compatible,3,1,2,2,certified_reset,0,1,0.09600612548161347,0.09201225096322693,0.003993874518386541,0.07987749036773081,0.0,0.0,0,0,-1.4248421550707433,1.5803298779274426,-0.2865870853474979,0.6473211842069222,-1.4248421550707433,1.5803298779274426,-0.9091663372048455,2.500379406736932,0.05718990111084871,0.29621334507546954
global_compatible,3,2,2,2,certified_reset,0,1,0.09201225096322693,0.0880183764448404,0.003993874518386541,0.07588361584934428,0.0,0.0,0,0,-0.2865870853474979,0.6473211842069222,0.011196785096474655,0.04774697483133564,-0.2865870853474979,0.6473211842069222,-0.6681925339378912,0.1687186378423819,0.05718990111084871,0.29621334507546954
global_compatible,3,3,1,1,certified_reset,0,1,0.0880183764448404,0.08402450192645386,0.003993874518386541,0.07188974133095774,0.0,0.0,0,0,0.011196785096474655,0.04774697483133564,0.00890065556287651,-0.023372693802004837,0.011196785096474655,0.04774697483133564,-0.0814857033620592,0.0007017252418048303,0.05718990111084871,0.29621334507546954
global_compatible,3,4,0,0,certified_reset,0,1,0.08402450192645386,0.08003062740806732,0.003993874518386541,0.0678958668125712,0.0,0.0,0,0,0.00890065556287651,-0.023372693802004837,-0.006995883595282506,-0.003772789876034569,0.00890065556287651,-0.023372693802004837,0.025563873255770902,0.0001938903666461021,0.05718990111084871,0.29621334507546954
global_compatible,3,5,0,0,certified_reset,0,1,0.08003062740806732,0.07603675288968079,0.003993874518386541,0.06390199229418467,0.0,0.0,0,0,-0.006995883595282506,-0.003772789876034569,-0.006245288487624755,0.009794581092781996,-0.006995883595282506,-0.003772789876034569,0.012523164552144722,5.542523835951284e-05,0.05718990111084871,0.29621334507546954
global_compatible,3,6,0,0,certified_reset,0,1,0.07603675288968079,0.07204287837129425,0.003993874518386541,0.05990811777579813,0.0,0.0,0,0,-0.006245288487624755,0.009794581092781996,-0.009870649750406718,0.001274174916576352,-0.006245288487624755,0.009794581092781996,-0.008208567566835415,5.7956230212095716e-05,0.05718990111084871,0.29621334507546954
global_compatible,3,7,0,0,certified_reset,0,1,0.07204287837129425,0.06804900385290771,0.003993874518386541,0.05591424325741159,0.0,0.0,0,0,-0.009870649750406718,0.001274174916576352,-0.008019404383240326,0.017292931568559294,-0.009870649750406718,0.001274174916576352,0.007949902069600879,9.930198397735614e-05,0.05718990111084871,0.29621334507546954
global_compatible,3,8,0,0,certified_reset,0,1,0.06804900385290771,0.06405512933452118,0.003993874518386541,0.051920368739025044,0.0,0.0,0,0,-0.008019404383240326,0.017292931568559294,-0.006352736296832244,-0.0017866248020539388,-0.008019404383240326,0.017292931568559294,-0.017489927694080778,0.0001257864727328159,0.05718990111084871,0.29621334507546954
global_compatible,3,9,1,1,certified_reset,0,1,0.06405512933452118,0.060061254816134634,0.003993874518386541,0.0479264942206385,0.0,0.0,0,0,-0.006352736296832244,-0.0017866248020539388,0.009847889042140498,0.01296620748803793,-0.006352736296832244,-0.0017866248020539388,0.008958743035937944,4.2938300449685586e-05,0.05718990111084871,0.29621334507546954
global_compatible,3,10,1,1,certified_reset,0,1,0.060061254816134634,0.05606738029774809,0.003993874518386541,0.04393261970225196,0.0,0.0,0,0,0.009847889042140498,0.01296620748803793,0.008670366730494051,0.013836397803998503,0.009847889042140498,0.01296620748803793,-0.028908993229763688,0.00014813622241738713,0.05718990111084871,0.29621334507546954
global_compatible,3,11,1,1,certified_reset,0,1,0.05606738029774809,0.05207350577936155,0.003993874518386541,0.039938745183865414,0.0,0.0,0,0,0.008670366730494051,0.013836397803998503,0.0014696497130494701,-0.03589919418306547,0.008670366730494051,0.013836397803998503,-0.02901484720271549,0.0001306820559504703,0.05718990111084871,0.29621334507546954
global_compatible,3,12,1,1,certified_reset,0,1,0.05207350577936155,0.048079631260975,0.003993874518386541,0.03594487066547887,0.0,0.0,0,0,0.0014696497130494701,-0.03589919418306547,0.004365206617665587,-0.011757080935311748,0.0014696497130494701,-0.03589919418306547,0.05142387585625622,0.00030024563121987713,0.05718990111084871,0.29621334507546954
global_compatible,3,13,1,1,certified_reset,0,1,0.048079631260975,0.04408575674258846,0.003993874518386541,0.03195099614709233,0.0,0.0,0,0,0.004365206617665587,-0.011757080935311748,-0.017557352602678086,-0.011418194881404947,0.004365206617665587,-0.011757080935311748,0.012969109992592378,4.814118554641519e-05,0.05718990111084871,0.29621334507546954
global_compatible,3,14,0,0,certified_reset,0,1,0.04408575674258846,0.040091882224201916,0.003993874518386541,0.027957121628705783,0.0,0.0,0,0,-0.017557352602678086,-0.011418194881404947,-0.006330277831061102,0.023303811363101928,-0.017557352602678086,-0.011418194881404947,0.03430599375146004,0.0003611506919796009,0.05718990111084871,0.29621334507546954
global_compatible,3,15,0,0,certified_reset,0,1,0.040091882224201916,0.03609800770581537,0.003993874518386541,0.023963247110319243,0.0,0.0,0,0,-0.006330277831061102,0.023303811363101928,-0.0013239704805514726,-0.003465237128979521,-0.006330277831061102,0.023303811363101928,-0.02802909821801508,0.00015746534841976897,0.05718990111084871,0.29621334507546954
global_compatible,3,16,0,0,certified_reset,0,1,0.03609800770581537,0.03210413318742883,0.003993874518386541,0.019969372591932703,0.0,0.0,0,0,-0.0013239704805514726,-0.003465237128979521,-0.004467330739286091,0.0033998076320159807,-0.0013239704805514726,-0.003465237128979521,0.006421080681664617,4.945071066193343e-06,0.05718990111084871,0.29621334507546954
global_compatible,3,17,0,0,certified_reset,0,1,0.03210413318742883,0.02811025866904229,0.003993874518386541,0.015975498073546163,0.0,0.0,0,0,-0.004467330739286091,0.0033998076320159807,-0.005044892540885653,0.009566796066315532,-0.004467330739286091,0.0033998076320159807,-0.0005562287165991399,2.2045343242048187e-05,0.05718990111084871,0.29621334507546954
global_compatible,3,18,0,0,certified_reset,0,1,0.02811025866904229,0.02411638415065575,0.003993874518386541,0.011981623555159623,0.0,0.0,0,0,-0.005044892540885653,0.009566796066315532,0.006519855451215585,-0.003853792371219967,-0.005044892540885653,0.009566796066315532,-0.009065098328323685,4.397958659704278e-05,0.05718990111084871,0.29621334507546954
global_compatible,3,19,0,0,certified_reset,0,1,0.02411638415065575,0.02012250963226921,0.003993874518386541,0.007987749036773082,0.0,0.0,0,0,0.006519855451215585,-0.003853792371219967,-0.0016731340905628612,-0.002462108024031701,0.006519855451215585,-0.003853792371219967,-0.0008177029251934068,4.51985398718775e-05,0.05718990111084871,0.29621334507546954
global_compatible,3,20,0,0,certified_reset,0,1,0.02012250963226921,0.01612863511388267,0.003993874518386541,0.003993874518386541,0.0,0.0,0,0,-0.0016731340905628612,-0.002462108024031701,-0.012501368075321467,-0.005478143707763101,-0.0016731340905628612,-0.002462108024031701,0.0052918561633118,4.590626892293371e-06,0.05718990111084871,0.29621334507546954
global_compatible,3,21,0,0,certified_reset,0,1,0.01612863511388267,0.01213476059549613,0.003993874518386541,0.0,0.0,0.0,0,0,-0.012501368075321467,-0.005478143707763101,-0.013806703340900998,0.021377192833900396,-0.012501368075321467,-0.005478143707763101,0.02051749823577261,0.00017221020762796284,0.05718990111084871,0.29621334507546954
global_compatible,4,0,0,0,certified_reset,0,1,0.1,0.09600612548161347,0.003993874518386541,0.08387136488611735,0.0,0.0,0,0,-4.886498212103694,0.21382545838335532,-3.9034196513608217,1.7606945807753436,-4.886498212103694,0.21382545838335532,1.5499999999997605,23.9461571156901,0.05718990111084871,0.29621334507546954
global_compatible,4,1,1,1,certified_reset,0,1,0.09600612548161347,0.09201225096322693,0.003993874518386541,0.07987749036773081,0.0,0.0,0,0,-3.9034196513608217,1.7606945807753436,-1.8647557243149857,2.3465769982410682,-3.9034196513608217,1.7606945807753436,0.5525846751542248,15.80232689342912,0.05718990111084871,0.29621334507546954
global_compatible,4,2,0,0,certified_reset,0,1,0.09201225096322693,0.0880183764448404,0.003993874518386541,0.07588361584934428,0.0,0.0,0,0,-1.8647557243149857,2.3465769982410682,-0.29570605168759007,0.7946005764512746,-1.8647557243149857,2.3465769982410682,-1.55,4.528532660926838,0.05718990111084871,0.29621334507546954
global_compatible,4,3,0,0,certified_reset,0,1,0.0880183764448404,0.08402450192645386,0.003993874518386541,0.07188974133095774,0.0,0.0,0,0,-0.29570605168759007,0.7946005764512746,0.05486807962835956,-0.09093467020708139,-0.29570605168759007,0.7946005764512746,-0.876067506996899,0.22027963962246333,0.05718990111084871,0.29621334507546954
global_compatible,4,4,0,0,certified_reset,0,1,0.08402450192645386,0.08003062740806732,0.003993874518386541,0.0678958668125712,0.0,0.0,0,0,0.05486807962835956,-0.09093467020708139,0.009358399331785686,-0.01397537625792811,0.05486807962835956,-0.09093467020708139,0.0793189391837681,0.004656234079155681,0.05718990111084871,0.29621334507546954
global_compatible,4,5,0,0,certified_reset,0,1,0.08003062740806732,0.07603675288968079,0.003993874518386541,0.06390199229418467,0.0,0.0,0,0,0.009358399331785686,-0.01397537625792811,-0.002924513751408421,0.0008923415605908156,0.009358399331785686,-0.01397537625792811,0.011270490709505003,0.00012591124255311164,0.05718990111084871,0.29621334507546954
global_compatible,4,6,0,0,certified_reset,0,1,0.07603675288968079,0.07204287837129425,0.003993874518386541,0.05990811777579813,0.0,0.0,0,0,-0.002924513751408421,0.0008923415605908156,0.0016712991732444808,-0.0030570735658320886,-0.002924513751408421,0.0008923415605908156,0.0016019785775284747,8.760268289184835e-06,0.05718990111084871,0.29621334507546954
global_compatible,4,7,0,0,certified_reset,0,1,0.07204287837129425,0.06804900385290771,0.003993874518386541,0.05591424325741159,0.0,0.0,0,0,0.0016712991732444808,-0.0030570735658320886,0.0021453962788555974,0.010503004268470527,0.0016712991732444808,-0.0030570735658320886,0.0028407739266539905,4.677216620690291e-06,0.05718990111084871,0.29621334507546954
global_compatible,4,8,0,0,certified_reset,0,1,0.06804900385290771,0.06405512933452118,0.003993874518386541,0.051920368739025044,0.0,0.0,0,0,0.0021453962788555974,0.010503004268470527,0.002088499468152272,-0.0033325443051420837,0.0021453962788555974,0.010503004268470527,-0.01760739785187297,3.220959443061278e-05,0.05718990111084871,0.29621334507546954
global_compatible,4,9,0,0,certified_reset,0,1,0.06405512933452118,0.060061254816134634,0.003993874518386541,0.0479264942206385,0.0,0.0,0,0,0.002088499468152272,-0.0033325443051420837,0.00055751372313738,-0.001972163451605248,0.002088499468152272,-0.0033325443051420837,0.00282907056730248,6.56097431357404e-06,0.05718990111084871,0.29621334507546954
global_compatible,4,10,0,0,certified_reset,0,1,0.060061254816134634,0.05606738029774809,0.003993874518386541,0.04393261970225196,0.0,0.0,0,0,0.00055751372313738,-0.001972163451605248,0.0064707973173452685,-0.009261424983108476,0.00055751372313738,-0.001972163451605248,0.0023500832936463874,1.1489910010359538e-06,0.05718990111084871,0.29621334507546954
global_compatible,4,11,0,0,certified_reset,0,1,0.05606738029774809,0.05207350577936155,0.003993874518386541,0.039938745183865414,0.0,0.0,0,0,0.0064707973173452685,-0.009261424983108476,0.0006138746440093705,-0.010381476862962539,0.0064707973173452685,-0.009261424983108476,0.007196461129892786,5.8605262931208414e-05,0.05718990111084871,0.29621334507546954
global_compatible,4,12,0,0,certified_reset,0,1,0.05207350577936155,0.048079631260975,0.003993874518386541,0.03594487066547887,0.0,0.0,0,0,0.0006138746440093705,-0.010381476862962539,-0.003611686964044534,0.006852658156579785,0.0006138746440093705,-0.010381476862962539,0.014680260237738897,2.5164104228871846e-05,0.05718990111084871,0.29621334507546954
global_compatible,4,13,0,0,certified_reset,0,1,0.048079631260975,0.04408575674258846,0.003993874518386541,0.03195099614709233,0.0,0.0,0,0,-0.003611686964044534,0.006852658156579785,-0.010779325466326602,0.01301156455525169,-0.003611686964044534,0.006852658156579785,-0.006497886163499406,2.255245212706325e-05,0.05718990111084871,0.29621334507546954
global_compatible,4,14,0,0,certified_reset,0,1,0.04408575674258846,0.040091882224201916,0.003993874518386541,0.027957121628705783,0.0,0.0,0,0,-0.010779325466326602,0.01301156455525169,-0.008584092148191828,0.011744368135478361,-0.010779325466326602,0.01301156455525169,-0.00843429880019566,0.0001484464386068585,0.05718990111084871,0.29621334507546954
global_compatible,4,15,0,0,certified_reset,0,1,0.040091882224201916,0.03609800770581537,0.003993874518386541,0.023963247110319243,0.0,0.0,0,0,-0.008584092148191828,0.011744368135478361,-0.0005814530723538204,0.0028654018066223866,-0.008584092148191828,0.011744368135478361,-0.008751644225161758,0.00010042885284703889,0.05718990111084871,0.29621334507546954
global_compatible,4,16,0,0,certified_reset,0,1,0.03609800770581537,0.03210413318742883,0.003993874518386541,0.019969372591932703,0.0,0.0,0,0,-0.0005814530723538204,0.0028654018066223866,0.0015213984473864371,0.004654867539316779,-0.0005814530723538204,0.0028654018066223866,-0.0036399980216654613,2.1472222677039796e-06,0.05718990111084871,0.29621334507546954
global_compatible,4,17,0,0,certified_reset,0,1,0.03210413318742883,0.02811025866904229,0.003993874518386541,0.015975498073546163,0.0,0.0,0,0,0.0015213984473864371,0.004654867539316779,-0.0086273920293026,0.0024406429713670283,0.0015213984473864371,0.004654867539316779,-0.008371383061329457,7.966857120243012e-06,0.05718990111084871,0.29621334507546954
global_compatible,4,18,0,0,certified_reset,0,1,0.02811025866904229,0.02411638415065575,0.003993874518386541,0.011981623555159623,0.0,0.0,0,0,-0.0086273920293026,0.0024406429713670283,0.0018489308233817369,0.016279902365196226,-0.0086273920293026,0.0024406429713670283,0.00499328858714784,7.612742936060054e-05,0.05718990111084871,0.29621334507546954
global_compatible,4,19,0,0,certified_reset,0,1,0.02411638415065575,0.02012250963226921,0.003993874518386541,0.007987749036773082,0.0,0.0,0,0,0.0018489308233817369,0.016279902365196226,0.0038781003737178078,-0.009938666102051236,0.0018489308233817369,0.016279902365196226,-0.02582509433100975,6.779827240344777e-05,0.05718990111084871,0.29621334507546954
global_compatible,4,20,0,0,certified_reset,0,1,0.02012250963226921,0.01612863511388267,0.003993874518386541,0.003993874518386541,0.0,0.0,0,0,0.0038781003737178078,-0.009938666102051236,0.0025115174789023293,-0.0029360769298009313,0.0038781003737178078,-0.009938666102051236,0.010776563267842345,3.572289550512664e-05,0.05718990111084871,0.29621334507546954
global_compatible,4,21,0,0,certified_reset,0,1,0.01612863511388267,0.01213476059549613,0.003993874518386541,0.0,0.0,0.0,0,0,0.0025115174789023293,-0.0029360769298009313,0.005924984651415438,0.0014417609969485058,0.0025115174789023293,-0.0029360769298009313,0.001827931589208672,7.942951986990252e-06,0.05718990111084871,0.29621334507546954
global_compatible,5,0,0,0,certified_reset,0,1,0.1,0.09600612548161347,0.003993874518386541,0.08387136488611735,0.0,0.0,0,0,5.753595666282116,-0.33959243415464035,4.631939583067092,-1.8897934566325827,5.753595666282116,-0.33959243415464035,-1.549999999999729,33.18468373490064,0.05718990111084871,0.29621334507546954
global_compatible,5,1,0,0,certified_reset,0,1,0.09600612548161347,0.09201225096322693,0.003993874518386541,0.07987749036773081,0.0,0.0,0,0,4.631939583067092,-1.8897934566325827,2.3871911680216082,-2.6074502711536107,4.631939583067092,-1.8897934566325827,-0.7105581777188854,22.110324099853468,0.05718990111084871,0.29621334507546954
global_compatible,5,2,0,0,certified_reset,0,1,0.09201225096322693,0.0880183764448404,0.003993874518386541,0.07588361584934428,0.0,0.0,0,0,2.3871911680216082,-2.6074502711536107,0.508961894555926,-1.1417338674692297,2.3871911680216082,-2.6074502711536107,1.4639411319381348,6.976043208601905,0.05718990111084871,0.29621334507546954
global_compatible,5,3,0,0,certified_reset,0,1,0.0880183764448404,0.08402450192645386,0.003993874518386541,0.07188974133095774,0.0,0.0,0,0,0.508961894555926,-1.1417338674692297,-0.044636808839276884,0.038331873287839095,0.508961894555926,-1.1417338674692297,1.1750784194702246,0.5282025627502975,0.05718990111084871,0.29621334507546954
global_compatible,5,4,0,0,certified_reset,0,1,0.08402450192645386,0.08003062740806732,0.003993874518386541,0.0678958668125712,0.0,0.0,0,0,-0.044636808839276884,0.038331873287839095,-0.011110450576839627,0.031152333561743396,-0.044636808839276884,0.038331873287839095,-0.012018642579867681,0.0022605357493466036,0.05718990111084871,0.29621334507546954
global_compatible,5,5,0,0,certified_reset,0,1,0.08003062740806732,0.07603675288968079,0.003993874518386541,0.06390199229418467,0.0,0.0,0,0,-0.011110450576839627,0.031152333561743396,-0.0079089608555851,0.0003207264605287648,-0.011110450576839627,0.031152333561743396,-0.034831124445700065,0.0003284565123157744,0.05718990111084871,0.29621334507546954
global_compatible,5,6,0,0,certified_reset,0,1,0.07603675288968079,0.07204287837129425,0.003993874518386541,0.05990811777579813,0.0,0.0,0,0,-0.0079089608555851,0.0003207264605287648,-0.006698182249675726,0.006241059761081301,-0.0079089608555851,0.0003207264605287648,0.007404303611773852,6.394077039780759e-05,0.05718990111084871,0.29621334507546954
global_compatible,5,7,0,0,certified_reset,0,1,0.07204287837129425,0.06804900385290771,0.003993874518386541,0.05591424325741159,0.0,0.0,0,0,-0.006698182249675726,0.006241059761081301,0.005205849754674507,0.004111729183521217,-0.006698182249675726,0.006241059761081301,-0.002522682907664503,5.2035892525636405e-05,0.05718990111084871,0.29621334507546954
global_compatible,5,8,0,0,certified_reset,0,1,0.06804900385290771,0.06405512933452118,0.003993874518386541,0.051920368739025044,0.0,0.0,0,0,0.005205849754674507,0.004111729183521217,0.00518222176660893,-0.0080940911346573,0.005205849754674507,0.004111729183521217,-0.01123903547790645,3.330190666823723e-05,0.05718990111084871,0.29621334507546954
global_compatible,5,9,0,0,certified_reset,0,1,0.06405512933452118,0.060061254816134634,0.003993874518386541,0.0479264942206385,0.0,0.0,0,0,0.00518222176660893,-0.0080940911346573,0.0034226808726087223,-0.014558986800862726,0.00518222176660893,-0.0080940911346573,0.006762430503810982,3.979126012959203e-05,0.05718990111084871,0.29621334507546954
global_compatible,5,10,0,0,certified_reset,0,1,0.060061254816134634,0.05606738029774809,0.003993874518386541,0.04393261970225196,0.0,0.0,0,0,0.0034226808726087223,-0.014558986800862726,-0.000598801757647649,-0.0004190010039351647,0.0034226808726087223,-0.014558986800862726,0.01803749003359743,5.800205792370989e-05,0.05718990111084871,0.29621334507546954
global_compatible,5,11,0,0,certified_reset,0,1,0.05606738029774809,0.05207350577936155,0.003993874518386541,0.039938745183865414,0.0,0.0,0,0,-0.000598801757647649,-0.0004190010039351647,-0.0038679188348434922,0.0037532699483450145,-0.000598801757647649,-0.0004190010039351647,0.0012131898699797906,4.2696041791121495e-07,0.05718990111084871,0.29621334507546954
global_compatible,5,12,0,0,certified_reset,0,1,0.05207350577936155,0.048079631260975,0.003993874518386541,0.03594487066547887,0.0,0.0,0,0,-0.0038679188348434922,0.0037532699483450145,-0.006931841798373192,-0.004834354902329328,-0.0038679188348434922,0.0037532699483450145,-0.001677651692790272,1.7566825347922054e-05,0.05718990111084871,0.29621334507546954
global_compatible,5,13,0,0,certified_reset,0,1,0.048079631260975,0.04408575674258846,0.003993874518386541,0.03195099614709233,0.0,0.0,0,0,-0.006931841798373192,-0.004834354902329328,-0.004216028677931425,0.005183238840070136,-0.006931841798373192,-0.004834354902329328,0.014022308919924162,5.717283712171992e-05,0.05718990111084871,0.29621334507546954
global_compatible,5,14,0,0,certified_reset,0,1,0.04408575674258846,0.040091882224201916,0.003993874518386541,0.027957121628705783,0.0,0.0,0,0,-0.004216028677931425,0.005183238840070136,0.0004200634013431842,-0.0065768106020517685,-0.004216028677931425,0.005183238840070136,-0.003434443112369863,2.2905656477620906e-05,0.05718990111084871,0.29621334507546954
global_compatible,5,15,0,0,certified_reset,0,1,0.040091882224201916,0.03609800770581537,0.003993874518386541,0.023963247110319243,0.0,0.0,0,0,0.0004200634013431842,-0.0065768106020517685,0.0029215964530543356,-0.0002613849234809917,0.0004200634013431842,-0.0065768106020517685,0.009268975731914104,1.0110099824265217e-05,0.05718990111084871,0.29621334507546954
global_compatible,5,16,0,0,certified_reset,0,1,0.03609800770581537,0.03210413318742883,0.003993874518386541,0.019969372591932703,0.0,0.0,0,0,0.0029215964530543356,-0.0002613849234809917,0.005923329022726536,-0.010336285719093853,0.0029215964530543356,-0.0002613849234809917,-0.002522950982001787,8.70715585001944e-06,0.05718990111084871,0.29621334507546954
global_compatible,5,17,0,0,certified_reset,0,1,0.03210413318742883,0.02811025866904229,0.003993874518386541,0.015975498073546163,0.0,0.0,0,0,0.005923329022726536,-0.010336285719093853,0.003528269765364769,-0.00023948818466120651,0.005923329022726536,-0.010336285719093853,0.00932777515978024,5.649199589127366e-05,0.05718990111084871,0.29621334507546954
global_compatible,5,18,0,0,certified_reset,0,1,0.02811025866904229,0.02411638415065575,0.003993874518386541,0.011981623555159623,0.0,0.0,0,0,0.003528269765364769,-0.00023948818466120651,-0.002296043442168781,0.007923174338637025,0.003528269765364769,-0.00023948818466120651,-0.0031601186656557007,1.2708670113019419e-05,0.05718990111084871,0.29621334507546954
global_compatible,5,19,0,0,certified_reset,0,1,0.02411638415065575,0.02012250963226921,0.003993874518386541,0.007987749036773082,0.0,0.0,0,0,-0.002296043442168781,0.007923174338637025,-0.006011138166145578,-0.005602224364101022,-0.002296043442168781,0.007923174338637025,-0.009389192006858069,1.8775543139945975e-05,0.05718990111084871,0.29621334507546954
global_compatible,5,20,0,0,certified_reset,0,1,0.02012250963226921,0.01612863511388267,0.003993874518386541,0.003993874518386541,0.0,0.0,0,0,-0.006011138166145578,-0.005602224364101022,-0.0015908955941578641,0.01583240248529459,-0.006011138166145578,-0.005602224364101022,0.014239300077692488,4.6852008928687235e-05,0.05718990111084871,0.29621334507546954
global_compatible,5,21,0,0,certified_reset,0,1,0.01612863511388267,0.01213476059549613,0.003993874518386541,0.0,0.0,0.0,0,0,-0.0015908955941578641,0.01583240248529459,0.004239918358138153,-0.005177949325557311,-0.0015908955941578641,0.01583240248529459,-0.021740216847031462,5.946656882755489e-05,0.05718990111084871,0.29621334507546954
global_compatible,6,0,0,0,certified_reset,0,1,0.1,0.09600612548161347,0.003993874518386541,0.08387136488611735,0.0,0.0,0,0,2.025884906727571,0.18901965852190972,1.4467072006412647,-1.3602648240616566,2.025884906727571,0.18901965852190972,-1.55,4.170703272941971,0.05718990111084871,0.29621334507546954
global_compatible,6,1,0,0,certified_reset,0,1,0.09600612548161347,0.09201225096322693,0.003993874518386541,0.07987749036773081,0.0,0.0,0,0,1.4467072006412647,-1.3602648240616566,0.3679233971830086,-0.8050169159553201,1.4467072006412647,-1.3602648240616566,0.5632197986017904,2.433949808410019,0.05718990111084871,0.29621334507546954
global_compatible,6,2,0,0,certified_reset,0,1,0.09201225096322693,0.0880183764448404,0.003993874518386541,0.07588361584934428,0.0,0.0,0,0,0.3679233971830086,-0.8050169159553201,-0.027022345219412693,0.002534468701464933,0.3679233971830086,-0.8050169159553201,0.8194997953331663,0.26880652635382213,0.05718990111084871,0.29621334507546954
global_compatible,6,3,1,1,certified_reset,0,1,0.0880183764448404,0.08402450192645386,0.003993874518386541,0.07188974133095774,0.0,0.0,0,0,-0.027022345219412693,0.002534468701464933,-0.00022751861744214202,0.03569779433064907,-0.027022345219412693,0.002534468701464933,0.02317425149333229,0.0007447895251517883,0.05718990111084871,0.29621334507546954
global_compatible,6,4,1,1,certified_reset,0,1,0.08402450192645386,0.08003062740806732,0.003993874518386541,0.0678958668125712,0.0,0.0,0,0,-0.00022751861744214202,0.03569779433064907,-0.015391628354559449,-0.022758964646719552,-0.00022751861744214202,0.03569779433064907,-0.05236119933884489,0.00029797399823953675,0.05718990111084871,0.29621334507546954
global_compatible,6,5,1,1,certified_reset,0,1,0.08003062740806732,0.07603675288968079,0.003993874518386541,0.06390199229418467,0.0,0.0,0,0,-0.015391628354559449,-0.022758964646719552,-0.017989583816970092,0.04138759305950122,-0.015391628354559449,-0.022758964646719552,0.04885280238567702,0.0003898018158505422,0.05718990111084871,0.29621334507546954
global_compatible,6,6,1,1,certified_reset,0,1,0.07603675288968079,0.07204287837129425,0.003993874518386541,0.05990811777579813,0.0,0.0,0,0,-0.017989583816970092,0.04138759305950122,0.021478788774516307,0.011599579088344582,-0.017989583816970092,0.04138759305950122,-0.04305524101298985,0.0006782968850415556,0.05718990111084871,0.29621334507546954
global_compatible,6,7,1,1,certified_reset,0,1,0.07204287837129425,0.06804900385290771,0.003993874518386541,0.05591424325741159,0.0,0.0,0,0,0.021478788774516307,0.011599579088344582,0.05414119789032028,-0.013135005327019339,0.021478788774516307,0.011599579088344582,-0.03847414299379556,0.0005225639015027804,0.05718990111084871,0.29621334507546954
global_compatible,6,8,1,1,certified_reset,0,1,0.06804900385290771,0.06405512933452118,0.003993874518386541,0.051920368739025044,0.0,0.0,0,0,0.05414119789032028,-0.013135005327019339,0.04586628763701721,-0.0781506360553567,0.05414119789032028,-0.013135005327019339,-0.034564552406475914,0.00299219212176467,0.05718990111084871,0.29621334507546954
global_compatible,6,9,1,1,certified_reset,0,1,0.06405512933452118,0.060061254816134634,0.003993874518386541,0.0479264942206385,0.0,0.0,0,0,0.04586628763701721,-0.0781506360553567,-0.010583995671836939,0.0011223058971476293,0.04586628763701721,-0.0781506360553567,0.06945149332739305,0.003323658034590948,0.05718990111084871,0.29621334507546954
global_compatible,6,10,1,1,certified_reset,0,1,0.060061254816134634,0.05606738029774809,0.003993874518386541,0.04393261970225196,0.0,0.0,0,0,-0.010583995671836939,0.0011223058971476293,-0.0006946803773722025,-0.0005642458843886575,-0.010583995671836939,0.0011223058971476293,0.008885583741689544,0.00011422152703704652,0.05718990111084871,0.29621334507546954
global_compatible,6,11,1,1,certified_reset,0,1,0.05606738029774809,0.05207350577936155,0.003993874518386541,0.039938745183865414,0.0,0.0,0,0,-0.0006946803773722025,-0.0005642458843886575,-0.005040908776973604,-0.02326810601328921,-0.0006946803773722025,-0.0005642458843886575,0.0015242354925938783,5.979703878769752e-07,0.05718990111084871,0.29621334507546954
global_compatible,6,12,1,1,certified_reset,0,1,0.05207350577936155,0.048079631260975,0.003993874518386541,0.03594487066547887,0.0,0.0,0,0,-0.005040908776973604,-0.02326810601328921,-0.01526371987996813,-0.012565453192257815,-0.005040908776973604,-0.02326810601328921,0.03929886780786865,0.00016147364291249768,0.05718990111084871,0.29621334507546954
global_compatible,6,13,1,1,certified_reset,0,1,0.048079631260975,0.04408575674258846,0.003993874518386541,0.03195099614709233,0.0,0.0,0,0,-0.01526371987996813,-0.012565453192257815,-0.015700734564428574,0.004647399112231835,-0.01526371987996813,-0.012565453192257815,0.033706188613655506,0.00028980413385244525,0.05718990111084871,0.29621334507546954
global_compatible,6,14,0,0,certified_reset,0,1,0.04408575674258846,0.040091882224201916,0.003993874518386541,0.027957121628705783,0.0,0.0,0,0,-0.015700734564428574,0.004647399112231835,-0.012394034897950374,-0.0014570131531896364,-0.015700734564428574,0.004647399112231835,0.008788341079451124,0.0002523316366673685,0.05718990111084871,0.29621334507546954
global_compatible,6,15,0,0,certified_reset,0,1,0.040091882224201916,0.03609800770581537,0.003993874518386541,0.023963247110319243,0.0,0.0,0,0,-0.012394034897950374,-0.0014570131531896364,-0.009023863099505354,0.012069046009769251,-0.012394034897950374,-0.0014570131531896364,0.014487548708505467,0.00015924144746028688,0.05718990111084871,0.29621334507546954
global_compatible,6,16,0,0,certified_reset,0,1,0.03609800770581537,0.03210413318742883,0.003993874518386541,0.019969372591932703,0.0,0.0,0,0,-0.009023863099505354,0.012069046009769251,0.007859649099058185,0.008155820339022696,-0.009023863099505354,0.012069046009769251,-0.008794248818943036,0.00010958271243131827,0.05718990111084871,0.29621334507546954
global_compatible,6,17,0,0,certified_reset,0,1,0.03210413318742883,0.02811025866904229,0.003993874518386541,0.015975498073546163,0.0,0.0,0,0,0.007859649099058185,0.008155820339022696,0.008735663069017225,-0.012392510278747264,0.007859649099058185,0.008155820339022696,-0.01984076637346055,8.358861718991715e-05,0.05718990111084871,0.29621334507546954
global_compatible,6,18,0,0,certified_reset,0,1,0.02811025866904229,0.02411638415065575,0.003993874518386541,0.011981623555159623,0.0,0.0,0,0,0.008735663069017225,-0.012392510278747264,0.003480312564050213,0.015905738432412872,0.008735663069017225,-0.012392510278747264,0.009557702314472599,0.0001062389270752875,0.05718990111084871,0.29621334507546954
global_compatible,6,19,0,0,certified_reset,0,1,0.02411638415065575,0.02012250963226921,0.003993874518386541,0.007987749036773082,0.0,0.0,0,0,0.003480312564050213,0.015905738432412872,0.010643700663607123,-0.011230402263944858,0.003480312564050213,0.015905738432412872,-0.026896465990695465,7.573672532766217e-05,0.05718990111084871,0.29621334507546954
global_compatible,6,20,0,0,certified_reset,0,1,0.02012250963226921,0.01612863511388267,0.003993874518386541,0.003993874518386541,0.0,0.0,0,0,0.010643700663607123,-0.011230402263944858,0.00041421939511965657,-0.00842713985908686,0.010643700663607123,-0.011230402263944858,0.005943266926346502,0.000136873372662219,0.05718990111084871,0.29621334507546954
global_compatible,6,21,0,0,certified_reset,0,1,0.01612863511388267,0.01213476059549613,0.003993874518386541,0.0,0.0,0.0,0,0,0.00041421939511965657,-0.00842713985908686,0.0018604305284285788,0.015610723664724775,0.00041421939511965657,-0.00842713985908686,0.012000321503115526,1.6554774128576608e-05,0.05718990111084871,0.29621334507546954
global_compatible,7,0,0,0,certified_reset,0,1,0.1,0.09600612548161347,0.003993874518386541,0.08387136488611735,0.0,0.0,0,0,-2.706690589318223,0.48955204202261393,-1.4452863480118983,2.0391437208837555,-2.706690589318223,0.48955204202261393,1.53961084855048,7.4285730017609195,0.05718990111084871,0.29621334507546954
global_compatible,7,1,0,0,certified_reset,0,1,0.09600612548161347,0.09201225096322693,0.003993874518386541,0.07987749036773081,0.0,0.0,0,0,-1.4452863480118983,2.0391437208837555,-0.1796739043313504,0.4816794359973258,-1.4452863480118983,2.0391437208837555,-1.55,2.8973744083451063,0.05718990111084871,0.29621334507546954
global_compatible,7,2,0,0,certified_reset,0,1,0.09201225096322693,0.0880183764448404,0.003993874518386541,0.07588361584934428,0.0,0.0,0,0,-0.1796739043313504,0.4816794359973258,0.0435540218156754,-0.05061615319583197,-0.1796739043313504,0.4816794359973258,-0.530645712443802,0.08108504793233234,0.05718990111084871,0.29621334507546954
global_compatible,7,3,1,1,certified_reset,0,1,0.0880183764448404,0.08402450192645386,0.003993874518386541,0.07188974133095774,0.0,0.0,0,0,0.0435540218156754,-0.05061615319583197,0.021608347418750146,-0.01110040438225934,0.0435540218156754,-0.05061615319583197,0.03119468772406642,0.0023824396234572867,0.05718990111084871,0.29621334507546954
global_compatible,7,4,1,1,certified_reset,0,1,0.08402450192645386,0.08003062740806732,0.003993874518386541,0.0678958668125712,0.0,0.0,0,0,0.021608347418750146,-0.01110040438225934,0.017029394861549498,-0.01167929984824528,0.021608347418750146,-0.01110040438225934,-0.0051632815546327334,0.0004897665810206591,0.05718990111084871,0.29621334507546954
global_compatible,7,5,1,1,certified_reset,0,1,0.08003062740806732,0.07603675288968079,0.003993874518386541,0.06390199229418467,0.0,0.0,0,0,0.017029394861549498,-0.01167929984824528,0.006748905991038109,-0.020197257788533735,0.017029394861549498,-0.01167929984824528,0.00024657443455640264,0.0003145548974145029,0.05718990111084871,0.29621334507546954
global_compatible,7,6,0,0,certified_reset,0,1,0.07603675288968079,0.07204287837129425,0.003993874518386541,0.05990811777579813,0.0,0.0,0,0,0.006748905991038109,-0.020197257788533735,-0.0055922478310328014,-0.0008178185761850533,0.006748905991038109,-0.020197257788533735,0.023032800559797034,0.00013223773960832234,0.05718990111084871,0.29621334507546954
global_compatible,7,7,0,0,certified_reset,0,1,0.07204287837129425,0.06804900385290771,0.003993874518386541,0.05591424325741159,0.0,0.0,0,0,-0.0055922478310328014,-0.0008178185761850533,-0.01343132479844948,0.006658400147278306,-0.0055922478310328014,-0.0008178185761850533,0.006776328075107562,3.254159025846794e-05,0.05718990111084871,0.29621334507546954
global_compatible,7,8,0,0,certified_reset,0,1,0.06804900385290771,0.06405512933452118,0.003993874518386541,0.051920368739025044,0.0,0.0,0,0,-0.01343132479844948,0.006658400147278306,-0.002631195453675296,0.011737289508116469,-0.01343132479844948,0.006658400147278306,0.0035650703770306012,0.00018869840166510312,0.05718990111084871,0.29621334507546954
global_compatible,7,9,0,0,certified_reset,0,1,0.06405512933452118,0.060061254816134634,0.003993874518386541,0.0479264942206385,0.0,0.0,0,0,-0.002631195453675296,0.011737289508116469,-0.00019982526384799016,-0.0024273394794115943,-0.002631195453675296,0.011737289508116469,-0.014669146052515507,3.7100299362713696e-05,0.05718990111084871,0.29621334507546954
global_compatible,7,10,0,0,certified_reset,0,1,0.060061254816134634,0.05606738029774809,0.003993874518386541,0.04393261970225196,0.0,0.0,0,0,-0.00019982526384799016,-0.0024273394794115943,0.004211657863095781,-0.0026772025659797527,-0.00019982526384799016,-0.0024273394794115943,0.003774756630742117,1.4567056773010354e-06,0.05718990111084871,0.29621334507546954
global_compatible,7,11,0,0,certified_reset,0,1,0.05606738029774809,0.05207350577936155,0.003993874518386541,0.039938745183865414,0.0,0.0,0,0,0.004211657863095781,-0.0026772025659797527,0.007350167975102883,0.004538577979260339,0.004211657863095781,-0.0026772025659797527,-0.0002486605095006903,1.9029742201273094e-05,0.05718990111084871,0.29621334507546954
global_compatible,7,12,0,0,certified_reset,0,1,0.05207350577936155,0.048079631260975,0.003993874518386541,0.03594487066547887,0.0,0.0,0,0,0.007350167975102883,0.004538577979260339,0.0016783052884737854,-0.011046377210117588,0.007350167975102883,0.004538577979260339,-0.014003428751446261,6.263513389543765e-05,0.05718990111084871,0.29621334507546954
global_compatible,7,13,0,0,certified_reset,0,1,0.048079631260975,0.04408575674258846,0.003993874518386541,0.03195099614709233,0.0,0.0,0,0,0.0016783052884737854,-0.011046377210117588,-0.0027157909306823403,0.005349180774450405,0.0016783052884737854,-0.011046377210117588,0.014602752277651447,3.011175889765738e-05,0.05718990111084871,0.29621334507546954
global_compatible,7,14,0,0,certified_reset,0,1,0.04408575674258846,0.040091882224201916,0.003993874518386541,0.027957121628705783,0.0,0.0,0,0,-0.0027157909306823403,0.005349180774450405,-0.001256033935900994,-0.0026298066959332656,-0.0027157909306823403,0.005349180774450405,-0.0051752200651261375,1.3195565239633527e-05,0.05718990111084871,0.29621334507546954
global_compatible,7,15,0,0,certified_reset,0,1,0.040091882224201916,0.03609800770581537,0.003993874518386541,0.023963247110319243,0.0,0.0,0,0,-0.001256033935900994,-0.0026298066959332656,-0.006479701452658295,0.014997895344373041,-0.001256033935900994,-0.0026298066959332656,0.005120377617581625,3.4779369082362932e-06,0.05718990111084871,0.29621334507546954
global_compatible,7,16,0,0,certified_reset,0,1,0.03609800770581537,0.03210413318742883,0.003993874518386541,0.019969372591932703,0.0,0.0,0,0,-0.006479701452658295,0.014997895344373041,-0.007399040357192403,-0.01037621946356667,-0.006479701452658295,0.014997895344373041,-0.015639544585697666,8.859005044372063e-05,0.05718990111084871,0.29621334507546954
global_compatible,7,17,0,0,certified_reset,0,1,0.03210413318742883,0.02811025866904229,0.003993874518386541,0.015975498073546163,0.0,0.0,0,0,-0.007399040357192403,-0.01037621946356667,-0.0073505467786878515,0.010938295514728037,-0.007399040357192403,-0.01037621946356667,0.022651377697571938,8.695278846141133e-05,0.05718990111084871,0.29621334507546954
global_compatible,7,18,0,0,certified_reset,0,1,0.02811025866904229,0.02411638415065575,0.003993874518386541,0.011981623555159623,0.0,0.0,0,0,-0.0073505467786878515,0.010938295514728037,0.004950124339159409,0.005273739953930728,-0.0073505467786878515,0.010938295514728037,-0.008794638592629139,7.75005152232059e-05,0.05718990111084871,0.29621334507546954
global_compatible,7,19,0,0,certified_reset,0,1,0.02411638415065575,0.02012250963226921,0.003993874518386541,0.007987749036773082,0.0,0.0,0,0,0.004950124339159409,0.005273739953930728,0.006534781629023825,-0.0028637802320911733,0.004950124339159409,0.005273739953930728,-0.01269699727457559,3.354029442620622e-05,0.05718990111084871,0.29621334507546954
global_compatible,7,20,0,0,certified_reset,0,1,0.02012250963226921,0.01612863511388267,0.003993874518386541,0.003993874518386541,0.0,0.0,0,0,0.006534781629023825,-0.0028637802320911733,-0.0004737369581336863,-0.00963929675337565,0.006534781629023825,-0.0028637802320911733,-0.0022927408270827466,4.431101015072049e-05,0.05718990111084871,0.29621334507546954
global_compatible,7,21,0,0,certified_reset,0,1,0.01612863511388267,0.01213476059549613,0.003993874518386541,0.0,0.0,0.0,0,0,-0.0004737369581336863,-0.00963929675337565,0.002860733042306751,-0.0020043541687501804,-0.0004737369581336863,-0.00963929675337565,0.014669355592233094,2.232906408472117e-05,0.05718990111084871,0.29621334507546954
global_compatible,8,0,0,0,certified_reset,0,1,0.1,0.09600612548161347,0.003993874518386541,0.08387136488611735,0.0,0.0,0,0,-3.0701750323622297,-0.587762218579163,-2.8826410774577176,0.9617149892724153,-3.0701750323622297,-0.587762218579163,1.5499999999999425,9.548220825946451,0.05718990111084871,0.29621334507546954
global_compatible,8,1,0,0,certified_reset,0,1,0.09600612548161347,0.09201225096322693,0.003993874518386541,0.07987749036773081,0.0,0.0,0,0,-2.8826410774577176,0.9617149892724153,-1.4067630129381243,2.0025240034468306,-2.8826410774577176,0.9617149892724153,1.0334261374900202,8.502800050694203,0.05718990111084871,0.29621334507546954
global_compatible,8,2,0,0,certified_reset,0,1,0.09201225096322693,0.0880183764448404,0.003993874518386541,0.07588361584934428,0.0,0.0,0,0,-1.4067630129381243,2.0025240034468306,-0.17626893404447433,0.4507165096914241,-1.4067630129381243,2.0025240034468306,-1.5491030504933798,2.7607936102854764,0.05718990111084871,0.29621334507546954
global_compatible,8,3,0,0,certified_reset,0,1,0.0880183764448404,0.08402450192645386,0.003993874518386541,0.07188974133095774,0.0,0.0,0,0,-0.17626893404447433,0.4507165096914241,0.026895459380244305,-0.03869145708978495,-0.17626893404447433,0.4507165096914241,-0.4884251053614374,0.07360088117737405,0.05718990111084871,0.29621334507546954
global_compatible,8,4,0,0,certified_reset,0,1,0.08402450192645386,0.08003062740806732,0.003993874518386541,0.0678958668125712,0.0,0.0,0,0,0.026895459380244305,-0.03869145708978495,0.007977621692351458,-0.009246371103446867,0.026895459380244305,-0.03869145708978495,0.030215289144760838,0.0010156550210384295,0.05718990111084871,0.29621334507546954
global_compatible,8,5,0,0,certified_reset,0,1,0.08003062740806732,0.07603675288968079,0.003993874518386541,0.06390199229418467,0.0,0.0,0,0,0.007977621692351458,-0.009246371103446867,0.0014370546658862412,-0.0012707452716943907,0.007977621692351458,-0.009246371103446867,0.005683162530255563,7.983907441978737e-05,0.05718990111084871,0.29621334507546954
global_compatible,8,6,0,0,certified_reset,0,1,0.07603675288968079,0.07204287837129425,0.003993874518386541,0.05990811777579813,0.0,0.0,0,0,0.0014370546658862412,-0.0012707452716943907,0.005397752731645791,0.006849129124146031,0.0014370546658862412,-0.0012707452716943907,0.00044216807347332237,2.3606767660714514e-06,0.05718990111084871,0.29621334507546954
global_compatible,8,7,0,0,certified_reset,0,1,0.07204287837129425,0.06804900385290771,0.003993874518386541,0.05591424325741159,0.0,0.0,0,0,0.005397752731645791,0.006849129124146031,0.004905214465809575,-0.0021935407108261825,0.005397752731645791,0.006849129124146031,-0.015462803627343397,4.3557094509094774e-05,0.05718990111084871,0.29621334507546954
global_compatible,8,8,0,0,certified_reset,0,1,0.06804900385290771,0.06405512933452118,0.003993874518386541,0.051920368739025044,0.0,0.0,0,0,0.004905214465809575,-0.0021935407108261825,0.0021903211388401723,-0.005292496538551934,0.004905214465809575,-0.0021935407108261825,-0.0016538442751513553,2.499560073075811e-05,0.05718990111084871,0.29621334507546954
global_compatible,8,9,0,0,certified_reset,0,1,0.06405512933452118,0.060061254816134634,0.003993874518386541,0.0479264942206385,0.0,0.0,0,0,0.0021903211388401723,-0.005292496538551934,0.004656047574342518,0.001082059779354216,0.0021903211388401723,-0.005292496538551934,0.005611669053304965,1.0626670960250782e-05,0.05718990111084871,0.29621334507546954
global_compatible,8,10,0,0,certified_reset,0,1,0.060061254816134634,0.05606738029774809,0.003993874518386541,0.04393261970225196,0.0,0.0,0,0,0.004656047574342518,0.001082059779354216,0.008540719591427326,-0.0021487741145891684,0.004656047574342518,0.001082059779354216,-0.00622907241572593,2.285956619944708e-05,0.05718990111084871,0.29621334507546954
global_compatible,8,11,0,0,certified_reset,0,1,0.05606738029774809,0.05207350577936155,0.003993874518386541,0.039938745183865414,0.0,0.0,0,0,0.008540719591427326,-0.0021487741145891684,0.0034496633611432654,0.0018782156013419041,0.008540719591427326,-0.0021487741145891684,-0.00533643849012573,7.448693196855806e-05,0.05718990111084871,0.29621334507546954
global_compatible,8,12,0,0,certified_reset,0,1,0.05207350577936155,0.048079631260975,0.003993874518386541,0.03594487066547887,0.0,0.0,0,0,0.0034496633611432654,0.0018782156013419041,0.008127554087849214,0.010781775380036236,0.0034496633611432654,0.0018782156013419041,-0.006204021869561492,1.3497409381286526e-05,0.05718990111084871,0.29621334507546954
global_compatible,8,13,0,0,certified_reset,0,1,0.048079631260975,0.04408575674258846,0.003993874518386541,0.03195099614709233,0.0,0.0,0,0,0.008127554087849214,0.010781775380036236,0.0019671233426324583,-0.013639852571108127,0.008127554087849214,0.010781775380036236,-0.023972917519198965,0.00010134905727267238,0.05718990111084871,0.29621334507546954
global_compatible,8,14,0,0,certified_reset,0,1,0.04408575674258846,0.040091882224201916,0.003993874518386541,0.027957121628705783,0.0,0.0,0,0,0.0019671233426324583,-0.013639852571108127,0.0006860395894541915,0.002814359491613163,0.0019671233426324583,-0.013639852571108127,0.018137982429993572,4.558243847998008e-05,0.05718990111084871,0.29621334507546954
global_compatible,8,15,0,0,certified_reset,0,1,0.040091882224201916,0.03609800770581537,0.003993874518386541,0.023963247110319243,0.0,0.0,0,0,0.0006860395894541915,0.002814359491613163,0.0035097257928391598,0.0025951734942593983,0.0006860395894541915,0.002814359491613163,-0.004829013918797328,2.4793461866428922e-06,0.05718990111084871,0.29621334507546954
global_compatible,8,16,0,0,certified_reset,0,1,0.03609800770581537,0.03210413318742883,0.003993874518386541,0.019969372591932703,0.0,0.0,0,0,0.0035097257928391598,0.0025951734942593983,0.012400380327034374,0.00404424125463234,0.0035097257928391598,0.0025951734942593983,-0.007314236688166113,1.4867913182938525e-05,0.05718990111084871,0.29621334507546954
global_compatible,8,17,1,1,certified_reset,0,1,0.03210413318742883,0.02811025866904229,0.003993874518386541,0.015975498073546163,0.0,0.0,0,0,0.012400380327034374,0.00404424125463234,0.012682033817078494,-0.028876989980425545,0.012400380327034374,0.00404424125463234,-0.01830222057503013,0.00016508777392314818,0.05718990111084871,0.29621334507546954
global_compatible,8,18,1,1,certified_reset,0,1,0.02811025866904229,0.02411638415065575,0.003993874518386541,0.011981623555159623,0.0,0.0,0,0,0.012682033817078494,-0.028876989980425545,0.006954523733292427,0.018735720037380183,0.012682033817078494,-0.028876989980425545,0.02991243437822278,0.0003333013240576371,0.05718990111084871,0.29621334507546954
global_compatible,8,19,1,1,certified_reset,0,1,0.02411638415065575,0.02012250963226921,0.003993874518386541,0.007987749036773082,0.0,0.0,0,0,0.006954523733292427,0.018735720037380183,0.017484432368190563,-0.03579916070882634,0.006954523733292427,0.018735720037380183,-0.03452377600532016,0.0001413475750560017,0.05718990111084871,0.29621334507546954
global_compatible,8,20,1,1,certified_reset,0,1,0.02012250963226921,0.01612863511388267,0.003993874518386541,0.003993874518386541,0.0,0.0,0,0,0.017484432368190563,-0.03579916070882634,0.02241693427853015,0.012279605375683672,0.017484432368190563,-0.03579916070882634,0.03532242152633717,0.0005675815951420837,0.05718990111084871,0.29621334507546954
global_compatible,8,21,1,1,certified_reset,0,1,0.01612863511388267,0.01213476059549613,0.003993874518386541,0.0,0.0,0.0,0,0,0.02241693427853015,0.012279605375683672,0.03006318449930198,-0.008456920984774224,0.02241693427853015,0.012279605375683672,-0.04041177746375405,0.000570488703865293,0.05718990111084871,0.29621334507546954
global_compatible,9,0,0,0,certified_reset,0,1,0.1,0.09600612548161347,0.003993874518386541,0.08387136488611735,0.0,0.0,0,0,1.2373084622706099,0.3412521080291008,0.8109883327278449,-1.2026864663584782,1.2373084622706099,0.3412521080291008,-1.55,1.6119562710286361,0.05718990111084871,0.29621334507546954
global_compatible,9,1,0,0,certified_reset,0,1,0.09600612548161347,0.09201225096322693,0.003993874518386541,0.07987749036773081,0.0,0.0,0,0,0.8109883327278449,-1.2026864663584782,0.0976438562093775,-0.24502392298046044,0.8109883327278449,-1.2026864663584782,0.964117378695063,0.9413019863633673,0.05718990111084871,0.29621334507546954
global_compatible,9,2,0,0,certified_reset,0,1,0.09201225096322693,0.0880183764448404,0.003993874518386541,0.07588361584934428,0.0,0.0,0,0,0.0976438562093775,-0.24502392298046044,-0.012332546286314838,0.009136029265972838,0.0976438562093775,-0.24502392298046044,0.263713432497756,0.022079552127323532,0.05718990111084871,0.29621334507546954
global_compatible,9,3,0,0,certified_reset,0,1,0.0880183764448404,0.08402450192645386,0.003993874518386541,0.07188974133095774,0.0,0.0,0,0,-0.012332546286314838,0.009136029265972838,-0.006759092287079321,0.015217103353777177,-0.012332546286314838,0.009136029265972838,-0.0011796717216892966,0.00016715055407313993,0.05718990111084871,0.29621334507546954
global_compatible,9,4,1,1,certified_reset,0,1,0.08402450192645386,0.08003062740806732,0.003993874518386541,0.0678958668125712,0.0,0.0,0,0,-0.006759092287079321,0.015217103353777177,-0.0024516815425952836,-0.02024853128735259,-0.006759092287079321,0.015217103353777177,-0.015683649464099524,9.351559226439049e-05,0.05718990111084871,0.29621334507546954
global_compatible,9,5,1,1,certified_reset,0,1,0.08003062740806732,0.07603675288968079,0.003993874518386541,0.06390199229418467,0.0,0.0,0,0,-0.0024516815425952836,-0.02024853128735259,-0.0020999944323540293,0.013287559659400762,-0.0024516815425952836,-0.02024853128735259,0.03226971698239443,0.00010584465171247968,0.05718990111084871,0.29621334507546954
global_compatible,9,6,1,1,certified_reset,0,1,0.07603675288968079,0.07204287837129425,0.003993874518386541,0.05990811777579813,0.0,0.0,0,0,-0.0020999944323540293,0.013287559659400762,-0.018207339020088947,-0.04817939875210583,-0.0020999944323540293,0.013287559659400762,-0.017485013958693913,4.383378295069516e-05,0.05718990111084871,0.29621334507546954
global_compatible,9,7,1,1,certified_reset,0,1,0.07204287837129425,0.06804900385290771,0.003993874518386541,0.05591424325741159,0.0,0.0,0,0,-0.018207339020088947,-0.04817939875210583,-0.029662005374914528,0.023000947227330794,-0.018207339020088947,-0.04817939875210583,0.08910337584570638,0.0009478182874105786,0.05718990111084871,0.29621334507546954
global_compatible,9,8,1,1,certified_reset,0,1,0.06804900385290771,0.06405512933452118,0.003993874518386541,0.051920368739025044,0.0,0.0,0,0,-0.029662005374914528,0.023000947227330794,-0.005905262281564098,0.02074694483782941,-0.029662005374914528,0.023000947227330794,-0.004347160849408285,0.0009755348512515261,0.05718990111084871,0.29621334507546954
global_compatible,9,9,0,0,certified_reset,0,1,0.06405512933452118,0.060061254816134634,0.003993874518386541,0.0479264942206385,0.0,0.0,0,0,-0.005905262281564098,0.02074694483782941,0.006563032132927264,-0.026482145046916143,-0.005905262281564098,0.02074694483782941,-0.024683206748849346,0.00012758206961793322,0.05718990111084871,0.29621334507546954
global_compatible,9,10,0,0,certified_reset,0,1,0.060061254816134634,0.05606738029774809,0.003993874518386541,0.04393261970225196,0.0,0.0,0,0,0.006563032132927264,-0.026482145046916143,-0.014141507735154884,0.010391378375335575,0.006563032132927264,-0.026482145046916143,0.03247076002599904,0.00019566686832594914,0.05718990111084871,0.29621334507546954
global_compatible,9,11,0,0,certified_reset,0,1,0.05606738029774809,0.05207350577936155,0.003993874518386541,0.039938745183865414,0.0,0.0,0,0,-0.014141507735154884,0.010391378375335575,-0.011265583814825203,0.01219275783141062,-0.014141507735154884,0.010391378375335575,-0.0012202382552984048,0.00021945599957552827,0.05718990111084871,0.29621334507546954
global_compatible,9,12,0,0,certified_reset,0,1,0.05207350577936155,0.048079631260975,0.003993874518386541,0.03594487066547887,0.0,0.0,0,0,-0.011265583814825203,0.01219275783141062,0.0019416136437537608,-0.010634138945288505,-0.011265583814825203,0.01219275783141062,-0.006742303238691524,0.00015480924684928982,0.05718990111084871,0.29621334507546954
global_compatible,9,13,0,0,certified_reset,0,1,0.048079631260975,0.04408575674258846,0.003993874518386541,0.03195099614709233,0.0,0.0,0,0,0.0019416136437537608,-0.010634138945288505,0.004842136669975103,0.006088270178421437,0.0019416136437537608,-0.010634138945288505,0.013729736722866615,2.8837789302977868e-05,0.05718990111084871,0.29621334507546954
global_compatible,9,14,0,0,certified_reset,0,1,0.04408575674258846,0.040091882224201916,0.003993874518386541,0.027957121628705783,0.0,0.0,0,0,0.004842136669975103,0.006088270178421437,0.0029777813652397643,0.0028749660230698425,0.004842136669975103,0.006088270178421437,-0.013791363917090122,3.487339657584001e-05,0.05718990111084871,0.29621334507546954
global_compatible,9,15,0,0,certified_reset,0,1,0.040091882224201916,0.03609800770581537,0.003993874518386541,0.023963247110319243,0.0,0.0,0,0,0.0029777813652397643,0.0028749660230698425,0.004224803744029188,0.0071708067714816946,0.0029777813652397643,0.0028749660230698425,-0.007202985980822758,1.165203436925251e-05,0.05718990111084871,0.29621334507546954
global_compatible,9,16,0,0,certified_reset,0,1,0.03609800770581537,0.03210413318742883,0.003993874518386541,0.019969372591932703,0.0,0.0,0,0,0.004224803744029188,0.0071708067714816946,0.0017751615372789374,-0.01120335130691371,0.004224803744029188,0.0071708067714816946,-0.014766235158992188,3.255569375053646e-05,0.05718990111084871,0.29621334507546954
global_compatible,9,17,0,0,certified_reset,0,1,0.03210413318742883,0.02811025866904229,0.003993874518386541,0.015975498073546163,0.0,0.0,0,0,0.0017751615372789374,-0.01120335130691371,-0.0024256311712033316,-0.008123029058429833,0.0017751615372789374,-0.01120335130691371,0.014737295353135525,3.1173609832675793e-05,0.05718990111084871,0.29621334507546954
global_compatible,9,18,0,0,certified_reset,0,1,0.02811025866904229,0.02411638415065575,0.003993874518386541,0.011981623555159623,0.0,0.0,0,0,-0.0024256311712033316,-0.008123029058429833,-0.0026119601569838608,0.011321395460678894,-0.0024256311712033316,-0.008123029058429833,0.014379431121718887,2.2929935758456867e-05,0.05718990111084871,0.29621334507546954
global_compatible,9,19,0,0,certified_reset,0,1,0.02411638415065575,0.02012250963226921,0.003993874518386541,0.007987749036773082,0.0,0.0,0,0,-0.0026119601569838608,0.011321395460678894,0.010089738257669043,-0.009013863871385173,-0.0026119601569838608,0.011321395460678894,-0.014078250412944273,3.484858336078482e-05,0.05718990111084871,0.29621334507546954
global_compatible,9,20,0,0,certified_reset,0,1,0.02012250963226921,0.01612863511388267,0.003993874518386541,0.003993874518386541,0.0,0.0,0,0,0.010089738257669043,-0.009013863871385173,0.004536826496496841,-0.0016518442692179322,0.010089738257669043,-0.009013863871385173,0.00322761460186637,0.00011668820904926018,0.05718990111084871,0.29621334507546954
global_compatible,9,21,0,0,certified_reset,0,1,0.01612863511388267,0.01213476059549613,0.003993874518386541,0.0,0.0,0.0,0,0,0.004536826496496841,-0.0016518442692179322,0.004108312116884841,-0.017125961023413613,0.004536826496496841,-0.0016518442692179322,-0.002092541025087236,2.118340896601229e-05,0.05718990111084871,0.29621334507546954
global_compatible,10,0,0,0,certified_reset,0,1,0.1,0.09600612548161347,0.003993874518386541,0.08387136488611735,0.0,0.0,0,0,0.6813139861916007,0.25105443098109725,0.40363494000436245,-0.8037504531666332,0.6813139861916007,0.25105443098109725,-1.048252604402483,0.503004684762947,0.05718990111084871,0.29621334507546954
global_compatible,10,1,0,0,certified_reset,0,1,0.09600612548161347,0.09201225096322693,0.003993874518386541,0.07987749036773081,0.0,0.0,0,0,0.40363494000436245,-0.8037504531666332,-0.009527132288190627,-0.03752144051082621,0.40363494000436245,-0.8037504531666332,0.7820739833711524,0.2944948200527781,0.05718990111084871,0.29621334507546954
global_compatible,10,2,0,0,certified_reset,0,1,0.09201225096322693,0.0880183764448404,0.003993874518386541,0.07588361584934428,0.0,0.0,0,0,-0.009527132288190627,-0.03752144051082621,-0.006080861761357366,0.03562315823895723,-0.009527132288190627,-0.03752144051082621,0.06475913398554208,0.0004490244151419638,0.05718990111084871,0.29621334507546954
global_compatible,10,3,0,0,certified_reset,0,1,0.0880183764448404,0.08402450192645386,0.003993874518386541,0.07188974133095774,0.0,0.0,0,0,-0.006080861761357366,0.03562315823895723,0.01192711789903887,-0.023027792157173016,-0.006080861761357366,0.03562315823895723,-0.04642470851365969,0.0003192799113003964,0.05718990111084871,0.29621334507546954
global_compatible,10,4,0,0,certified_reset,0,1,0.08402450192645386,0.08003062740806732,0.003993874518386541,0.0678958668125712,0.0,0.0,0,0,0.01192711789903887,-0.023027792157173016,0.010994625964447514,0.014250656056738423,0.01192711789903887,-0.023027792157173016,0.022040199172165934,0.0002498506589604046,0.05718990111084871,0.29621334507546954
global_compatible,10,5,0,0,certified_reset,0,1,0.08003062740806732,0.07603675288968079,0.003993874518386541,0.06390199229418467,0.0,0.0,0,0,0.010994625964447514,0.014250656056738423,0.009883640155800205,-0.03354056156558441,0.010994625964447514,0.014250656056738423,-0.03194117960600078,0.0001829423896122154,0.05718990111084871,0.29621334507546954
global_compatible,10,6,0,0,certified_reset,0,1,0.07603675288968079,0.07204287837129425,0.003993874518386541,0.05990811777579813,0.0,0.0,0,0,0.009883640155800205,-0.03354056156558441,-0.006963009084003095,0.01183024281491461,0.009883640155800205,-0.03354056156558441,0.03956724578430597,0.00033931998482749476,0.05718990111084871,0.29621334507546954
global_compatible,10,7,0,0,certified_reset,0,1,0.07204287837129425,0.06804900385290771,0.003993874518386541,0.05591424325741159,0.0,0.0,0,0,-0.006963009084003095,0.01183024281491461,0.006066706386826455,-0.0029183855141562357,-0.006963009084003095,0.01183024281491461,-0.010487120515538876,7.642482403236651e-05,0.05718990111084871,0.29621334507546954
global_compatible,10,8,0,0,certified_reset,0,1,0.06804900385290771,0.06405512933452118,0.003993874518386541,0.051920368739025044,0.0,0.0,0,0,0.006066706386826455,-0.0029183855141562357,0.001544884670754984,-0.005667400142990156,0.006066706386826455,-0.0029183855141562357,-0.0017416707653803477,3.8413817131998065e-05,0.05718990111084871,0.29621334507546954
global_compatible,10,9,0,0,certified_reset,0,1,0.06405512933452118,0.060061254816134634,0.003993874518386541,0.0479264942206385,0.0,0.0,0,0,0.001544884670754984,-0.005667400142990156,-0.0070679223552811195,0.007142104477121569,0.001544884670754984,-0.005667400142990156,0.006808832946100916,9.327170186669137e-06,0.05718990111084871,0.29621334507546954
global_compatible,10,10,0,0,certified_reset,0,1,0.060061254816134634,0.05606738029774809,0.003993874518386541,0.04393261970225196,0.0,0.0,0,0,-0.0070679223552811195,0.007142104477121569,-0.0047946649495108976,0.0014214168542636694,-0.0070679223552811195,0.007142104477121569,-0.0034861635609467413,5.9441097974806025e-05,0.05718990111084871,0.29621334507546954
global_compatible,10,11,0,0,certified_reset,0,1,0.05606738029774809,0.05207350577936155,0.003993874518386541,0.039938745183865414,0.0,0.0,0,0,-0.0047946649495108976,0.0014214168542636694,0.005629754362008006,0.012806356817987422,-0.0047946649495108976,0.0014214168542636694,0.002676702372971899,2.353160702515044e-05,0.05718990111084871,0.29621334507546954
global_compatible,10,12,0,0,certified_reset,0,1,0.05207350577936155,0.048079631260975,0.003993874518386541,0.03594487066547887,0.0,0.0,0,0,0.005629754362008006,0.012806356817987422,0.006543018491791888,-0.016887617447962557,0.005629754362008006,0.012806356817987422,-0.024473959398874732,7.618900088392271e-05,0.05718990111084871,0.29621334507546954
global_compatible,10,13,0,0,certified_reset,0,1,0.048079631260975,0.04408575674258846,0.003993874518386541,0.03195099614709233,0.0,0.0,0,0,0.006543018491791888,-0.016887617447962557,0.007244474735909197,0.002246921596759553,0.006543018491791888,-0.016887617447962557,0.018362890119940942,0.00010257547647522749,0.05718990111084871,0.29621334507546954
global_compatible,10,14,0,0,certified_reset,0,1,0.04408575674258846,0.040091882224201916,0.003993874518386541,0.027957121628705783,0.0,0.0,0,0,0.007244474735909197,0.002246921596759553,0.00673327840269582,-0.012442570733964365,0.007244474735909197,0.002246921596759553,-0.010525378351383818,5.616076213437832e-05,0.05718990111084871,0.29621334507546954
global_compatible,10,15,0,0,certified_reset,0,1,0.040091882224201916,0.03609800770581537,0.003993874518386541,0.023963247110319243,0.0,0.0,0,0,0.00673327840269582,-0.012442570733964365,0.0013548206390048827,0.0005845195530287917,0.00673327840269582,-0.012442570733964365,0.01162482120562419,7.658261171432539e-05,0.05718990111084871,0.29621334507546954
global_compatible,10,16,1,1,certified_reset,0,1,0.03609800770581537,0.03210413318742883,0.003993874518386541,0.019969372591932703,0.0,0.0,0,0,0.0013548206390048827,0.0005845195530287917,-0.0035040753548579934,-0.022320149148009144,0.0013548206390048827,0.0005845195530287917,-0.0022116307528167916,2.019321087960859e-06,0.05718990111084871,0.29621334507546954
global_compatible,10,17,0,0,certified_reset,0,1,0.03210413318742883,0.02811025866904229,0.003993874518386541,0.015975498073546163,0.0,0.0,0,0,-0.0035040753548579934,-0.022320149148009144,-0.004022393336274013,0.012706720207653123,-0.0035040753548579934,-0.022320149148009144,0.03637116235250702,0.00013502411080242098,0.05718990111084871,0.29621334507546954
global_compatible,10,18,0,0,certified_reset,0,1,0.02811025866904229,0.02411638415065575,0.003993874518386541,0.011981623555159623,0.0,0.0,0,0,-0.004022393336274013,0.012706720207653123,-0.005660024145758561,-0.003511495450777487,-0.004022393336274013,0.012706720207653123,-0.014714471040634775,5.0655472520248016e-05,0.05718990111084871,0.29621334507546954
global_compatible,10,19,0,0,certified_reset,0,1,0.02411638415065575,0.02012250963226921,0.003993874518386541,0.007987749036773082,0.0,0.0,0,0,-0.005660024145758561,-0.003511495450777487,-0.012948749224068587,-0.0006578294978209446,-0.005660024145758561,-0.003511495450777487,0.01081001302226985,3.7176790923260606e-05,0.05718990111084871,0.29621334507546954
global_compatible,10,20,0,0,certified_reset,0,1,0.02012250963226921,0.01612863511388267,0.003993874518386541,0.003993874518386541,0.0,0.0,0,0,-0.012948749224068587,-0.0006578294978209446,-0.011047758603063975,0.010094757459388096,-0.012948749224068587,-0.0006578294978209446,0.01385962513502462,0.0001725502298265786,0.05718990111084871,0.29621334507546954
global_compatible,10,21,0,0,certified_reset,0,1,0.01612863511388267,0.01213476059549613,0.003993874518386541,0.0,0.0,0.0,0,0,-0.011047758603063975,0.010094757459388096,0.00377785127323905,0.0014440877925115158,-0.011047758603063975,0.010094757459388096,-0.0038697844398458956,0.0001407700940113428,0.05718990111084871,0.29621334507546954
global_compatible,11,0,0,0,certified_reset,0,1,0.1,0.09600612548161347,0.003993874518386541,0.08387136488611735,0.0,0.0,0,0,-4.51951941402343,0.3245270635395302,-3.4279773082105187,1.8739197207087237,-4.51951941402343,0.3245270635395302,1.5499999999999683,20.50507544042921,0.05718990111084871,0.29621334507546954
global_compatible,11,1,0,0,certified_reset,0,1,0.09600612548161347,0.09201225096322693,0.003993874518386541,0.07987749036773081,0.0,0.0,0,0,-3.4279773082105187,1.8739197207087237,-1.4683508657374431,2.058355998640988,-3.4279773082105187,1.8739197207087237,0.1798936190279588,12.383920989999398,0.05718990111084871,0.29621334507546954
global_compatible,11,2,0,0,certified_reset,0,1,0.09201225096322693,0.0880183764448404,0.003993874518386541,0.07588361584934428,0.0,0.0,0,0,-1.4683508657374431,2.058355998640988,-0.1736676662819665,0.5056722047539395,-1.4683508657374431,2.058355998640988,-1.55,2.9787460599973397,0.05718990111084871,0.29621334507546954
global_compatible,11,3,0,0,certified_reset,0,1,0.0880183764448404,0.08402450192645386,0.003993874518386541,0.07188974133095774,0.0,0.0,0,0,-0.1736676662819665,0.5056722047539395,0.04659551134332664,-0.06500327538997867,-0.1736676662819665,0.5056722047539395,-0.5719700446400475,0.08436598976989075,0.05718990111084871,0.29621334507546954
global_compatible,11,4,1,1,certified_reset,0,1,0.08402450192645386,0.08003062740806732,0.003993874518386541,0.0678958668125712,0.0,0.0,0,0,0.04659551134332664,-0.06500327538997867,0.04779463442163545,0.030417301617443028,0.04659551134332664,-0.06500327538997867,0.04935637626791329,0.00299261962036015,0.05718990111084871,0.29621334507546954
global_compatible,11,5,0,0,certified_reset,0,1,0.08003062740806732,0.07603675288968079,0.003993874518386541,0.06390199229418467,0.0,0.0,0,0,0.04779463442163545,0.030417301617443028,0.03005296235411927,-0.07441971081407742,0.04779463442163545,0.030417301617443028,-0.09239571620026667,0.002664289491585356,0.05718990111084871,0.29621334507546954
global_compatible,11,6,0,0,certified_reset,0,1,0.07603675288968079,0.07204287837129425,0.003993874518386541,0.05990811777579813,0.0,0.0,0,0,0.03005296235411927,-0.07441971081407742,0.0003866498245056688,0.005691276040214014,0.03005296235411927,-0.07441971081407742,0.0797021184690974,0.002058884042846825,0.05718990111084871,0.29621334507546954
global_compatible,11,7,0,0,certified_reset,0,1,0.07204287837129425,0.06804900385290771,0.003993874518386541,0.05591424325741159,0.0,0.0,0,0,0.0003866498245056688,0.005691276040214014,0.0012899004135997413,-0.0015793959617424304,0.0003866498245056688,0.005691276040214014,-0.008771040051544512,7.903088810299752e-06,0.05718990111084871,0.29621334507546954
global_compatible,11,8,0,0,certified_reset,0,1,0.06804900385290771,0.06405512933452118,0.003993874518386541,0.051920368739025044,0.0,0.0,0,0,0.0012899004135997413,-0.0015793959617424304,-0.002233008381583944,0.005539642565472193,0.0012899004135997413,-0.0015793959617424304,0.0010378355187287101,2.1397791298174497e-06,0.05718990111084871,0.29621334507546954
global_compatible,11,9,0,0,certified_reset,0,1,0.06405512933452118,0.060061254816134634,0.003993874518386541,0.0479264942206385,0.0,0.0,0,0,-0.002233008381583944,0.005539642565472193,0.0019720064973778933,-0.01121285625738357,-0.002233008381583944,0.005539642565472193,-0.005933549096870974,1.1390276709923044e-05,0.05718990111084871,0.29621334507546954
global_compatible,11,10,0,0,certified_reset,0,1,0.060061254816134634,0.05606738029774809,0.003993874518386541,0.04393261970225196,0.0,0.0,0,0,0.0019720064973778933,-0.01121285625738357,-0.0034752996436624084,-0.008996814208033202,0.0019720064973778933,-0.01121285625738357,0.014553526403272914,3.1815004075743926e-05,0.05718990111084871,0.29621334507546954
global_compatible,11,11,0,0,certified_reset,0,1,0.05606738029774809,0.05207350577936155,0.003993874518386541,0.039938745183865414,0.0,0.0,0,0,-0.0034752996436624084,-0.008996814208033202,0.003671826041314266,-0.0005577143233882059,-0.0034752996436624084,-0.008996814208033202,0.016712342060972718,3.362994690321026e-05,0.05718990111084871,0.29621334507546954
global_compatible,11,12,0,0,certified_reset,0,1,0.05207350577936155,0.048079631260975,0.003993874518386541,0.03594487066547887,0.0,0.0,0,0,0.003671826041314266,-0.0005577143233882059,-0.0020490791685729816,0.006019096464950106,0.003671826041314266,-0.0005577143233882059,-0.002835072663677596,1.3739235550854118e-05,0.05718990111084871,0.29621334507546954
global_compatible,11,13,0,0,certified_reset,0,1,0.048079631260975,0.04408575674258846,0.003993874518386541,0.03195099614709233,0.0,0.0,0,0,-0.0020490791685729816,0.006019096464950106,-0.0022257108696380665,0.0025819357435563355,-0.0020490791685729816,0.006019096464950106,-0.006826282072804786,1.1884992618304617e-05,0.05718990111084871,0.29621334507546954
global_compatible,11,14,0,0,certified_reset,0,1,0.04408575674258846,0.040091882224201916,0.003993874518386541,0.027957121628705783,0.0,0.0,0,0,-0.0022257108696380665,0.0025819357435563355,0.0010507910969743618,0.0029953006155452044,-0.0022257108696380665,0.0025819357435563355,-0.0015900801227477885,6.216948338237664e-06,0.05718990111084871,0.29621334507546954
global_compatible,11,15,0,0,certified_reset,0,1,0.040091882224201916,0.03609800770581537,0.003993874518386541,0.023963247110319243,0.0,0.0,0,0,0.0010507910969743618,0.0029953006155452044,-0.004153336499574002,0.005577557738093987,0.0010507910969743618,0.0029953006155452044,-0.0054581565278134635,3.4638773864807877e-06,0.05718990111084871,0.29621334507546954
global_compatible,11,16,0,0,certified_reset,0,1,0.03609800770581537,0.03210413318742883,0.003993874518386541,0.019969372591932703,0.0,0.0,0,0,-0.004153336499574002,0.005577557738093987,0.003333668215496034,-0.002458589296773986,-0.004153336499574002,0.005577557738093987,-0.004085029255463921,2.3267037737062504e-05,0.05718990111084871,0.29621334507546954
global_compatible,11,17,0,0,certified_reset,0,1,0.03210413318742883,0.02811025866904229,0.003993874518386541,0.015975498073546163,0.0,0.0,0,0,0.003333668215496034,-0.002458589296773986,0.011853230695625471,-0.0013205089288492204,0.003333668215496034,-0.002458589296773986,0.00030494225383984633,1.2203707554901023e-05,0.05718990111084871,0.29621334507546954
global_compatible,11,18,0,0,certified_reset,0,1,0.02811025866904229,0.02411638415065575,0.003993874518386541,0.011981623555159623,0.0,0.0,0,0,0.011853230695625471,-0.0013205089288492204,0.014007399486883527,-0.0014992116475643514,0.011853230695625471,-0.0013205089288492204,-0.0098575604007376,0.00014324223923968332,0.05718990111084871,0.29621334507546954
global_compatible,11,19,0,0,certified_reset,0,1,0.02411638415065575,0.02012250963226921,0.003993874518386541,0.007987749036773082,0.0,0.0,0,0,0.014007399486883527,-0.0014992116475643514,0.0035470364468355537,-0.002156845574570505,0.014007399486883527,-0.0014992116475643514,-0.011738011843669599,0.00020005633783775275,0.05718990111084871,0.29621334507546954
global_compatible,11,20,0,0,certified_reset,0,1,0.02012250963226921,0.01612863511388267,0.003993874518386541,0.003993874518386541,0.0,0.0,0,0,0.0035470364468355537,-0.002156845574570505,-0.00017771761994843762,-0.010930468765183202,0.0035470364468355537,-0.002156845574570505,-0.00035494042023604354,1.342197403258571e-05,0.05718990111084871,0.29621334507546954
global_compatible,11,21,0,0,certified_reset,0,1,0.01612863511388267,0.01213476059549613,0.003993874518386541,0.0,0.0,0.0,0,0,-0.00017771761994843762,-0.010930468765183202,-0.004079822432094631,0.014934758974967013,-0.00017771761994843762,-0.010930468765183202,0.016276512664147945,2.816023170189055e-05,0.05718990111084871,0.29621334507546954
global_compatible,12,0,0,0,certified_reset,0,1,0.1,0.09600612548161347,0.003993874518386541,0.08387136488611735,0.0,0.0,0,0,1.3016965744981448,0.23349722980941456,0.7663455024625915,-1.3113186060948074,1.3016965744981448,0.23349722980941456,-1.55,1.7642902441993649,0.05718990111084871,0.29621334507546954
global_compatible,12,1,0,0,certified_reset,0,1,0.09600612548161347,0.09201225096322693,0.003993874518386541,0.07987749036773081,0.0,0.0,0,0,0.7663455024625915,-1.3113186060948074,0.041934369273783946,-0.151273584345606,0.7663455024625915,-1.3113186060948074,1.1685953034991863,0.9309459713329278,0.05718990111084871,0.29621334507546954
global_compatible,12,2,0,0,certified_reset,0,1,0.09201225096322693,0.0880183764448404,0.003993874518386541,0.07588361584934428,0.0,0.0,0,0,0.041934369273783946,-0.151273584345606,-0.011193846423428824,0.024137042006396478,0.041934369273783946,-0.151273584345606,0.1810815057758623,0.006697319637479508,0.05718990111084871,0.29621334507546954
global_compatible,12,3,0,0,certified_reset,0,1,0.0880183764448404,0.08402450192645386,0.003993874518386541,0.07188974133095774,0.0,0.0,0,0,-0.011193846423428824,0.024137042006396478,0.0066742289174473775,-0.00791014514332402,-0.011193846423428824,0.024137042006396478,-0.024412396663900313,0.0002450687489505392,0.05718990111084871,0.29621334507546954
global_compatible,12,4,0,0,certified_reset,0,1,0.08402450192645386,0.08003062740806732,0.003993874518386541,0.0678958668125712,0.0,0.0,0,0,0.0066742289174473775,-0.00791014514332402,0.0004745047557015562,-0.02084815218968021,0.0066742289174473775,-0.00791014514332402,0.005003649146753901,5.6433915576007533e-05,0.05718990111084871,0.29621334507546954
global_compatible,12,5,0,0,certified_reset,0,1,0.08003062740806732,0.07603675288968079,0.003993874518386541,0.06390199229418467,0.0,0.0,0,0,0.0004745047557015562,-0.02084815218968021,0.0017946624591384094,-0.00048027899913241287,0.0004745047557015562,-0.02084815218968021,0.030239768850729022,0.00010132242621715362,0.05718990111084871,0.29621334507546954
global_compatible,12,6,0,0,certified_reset,0,1,0.07603675288968079,0.07204287837129425,0.003993874518386541,0.05990811777579813,0.0,0.0,0,0,0.0017946624591384094,-0.00048027899913241287,-0.0024939130369048225,-0.0015075458960588193,0.0017946624591384094,-0.00048027899913241287,-0.00108216742951719,3.291610725939793e-06,0.05718990111084871,0.29621334507546954
global_compatible,12,7,0,0,certified_reset,0,1,0.07204287837129425,0.06804900385290771,0.003993874518386541,0.05591424325741159,0.0,0.0,0,0,-0.0024939130369048225,-0.0015075458960588193,0.002533950167427022,0.010821484723799693,-0.0024939130369048225,-0.0015075458960588193,0.0047031486965308615,7.181677460356115e-06,0.05718990111084871,0.29621334507546954
global_compatible,12,8,0,0,certified_reset,0,1,0.06804900385290771,0.06405512933452118,0.003993874518386541,0.051920368739025044,0.0,0.0,0,0,0.002533950167427022,0.010821484723799693,0.00604017509826984,-0.01432806733339572,0.002533950167427022,0.010821484723799693,-0.018465277360948273,3.6023880844359573e-05,0.05718990111084871,0.29621334507546954
global_compatible,12,9,0,0,certified_reset,0,1,0.06405512933452118,0.060061254816134634,0.003993874518386541,0.0479264942206385,0.0,0.0,0,0,0.00604017509826984,-0.01432806733339572,-0.0068235936979240295,-0.004516731247583649,0.00604017509826984,-0.01432806733339572,0.015091760787399457,7.913057874121914e-05,0.05718990111084871,0.29621334507546954
global_compatible,12,10,0,0,certified_reset,0,1,0.060061254816134634,0.05606738029774809,0.003993874518386541,0.04393261970225196,0.0,0.0,0,0,-0.0068235936979240295,-0.004516731247583649,-0.008022795586957917,0.00880599123075173,-0.0068235936979240295,-0.004516731247583649,0.013446731316306484,5.475395054099371e-05,0.05718990111084871,0.29621334507546954
global_compatible,12,11,0,0,certified_reset,0,1,0.05606738029774809,0.05207350577936155,0.003993874518386541,0.039938745183865414,0.0,0.0,0,0,-0.008022795586957917,0.00880599123075173,-0.01593820261428714,0.0017210405937589583,-0.008022795586957917,0.00880599123075173,-0.004982821562970664,7.894414847841531e-05,0.05718990111084871,0.29621334507546954
global_compatible,12,12,0,0,certified_reset,0,1,0.05207350577936155,0.048079631260975,0.003993874518386541,0.03594487066547887,0.0,0.0,0,0,-0.01593820261428714,0.0017210405937589583,-0.008678239504876348,0.02774542091920937,-0.01593820261428714,0.0017210405937589583,0.013333326409642965,0.0002590038989332874,0.05718990111084871,0.29621334507546954
global_compatible,12,13,0,0,certified_reset,0,1,0.048079631260975,0.04408575674258846,0.003993874518386541,0.03195099614709233,0.0,0.0,0,0,-0.008678239504876348,0.02774542091920937,0.008179856071528805,0.001973952439338452,-0.008678239504876348,0.02774542091920937,-0.032232385925546156,0.0002398505172224683,0.05718990111084871,0.29621334507546954
global_compatible,12,14,0,0,certified_reset,0,1,0.04408575674258846,0.040091882224201916,0.003993874518386541,0.027957121628705783,0.0,0.0,0,0,0.008179856071528805,0.001973952439338452,6.344360636496849e-05,-0.013659046562286198,0.008179856071528805,0.001973952439338452,-0.011056860553568505,7.066776736535177e-05,0.05718990111084871,0.29621334507546954
global_compatible,12,15,0,0,certified_reset,0,1,0.040091882224201916,0.03609800770581537,0.003993874518386541,0.023963247110319243,0.0,0.0,0,0,6.344360636496849e-05,-0.013659046562286198,-0.003781000195243684,0.0005062996872328253,6.344360636496849e-05,-0.013659046562286198,0.020060440043861337,4.364707599834891e-05,0.05718990111084871,0.29621334507546954
global_compatible,12,16,0,0,certified_reset,0,1,0.03609800770581537,0.03210413318742883,0.003993874518386541,0.019969372591932703,0.0,0.0,0,0,-0.003781000195243684,0.0005062996872328253,-0.0022458268337409906,-0.0028798336036171975,-0.003781000195243684,0.0005062996872328253,0.0030187668444570247,1.4569927395155174e-05,0.05718990111084871,0.29621334507546954
global_compatible,12,17,0,0,certified_reset,0,1,0.03210413318742883,0.02811025866904229,0.003993874518386541,0.015975498073546163,0.0,0.0,0,0,-0.0022458268337409906,-0.0028798336036171975,-0.0104020732789565,0.007498330420760481,-0.0022458268337409906,-0.0028798336036171975,0.006479174406412896,7.586050177083086e-06,0.05718990111084871,0.29621334507546954
global_compatible,12,18,0,0,certified_reset,0,1,0.02811025866904229,0.02411638415065575,0.003993874518386541,0.011981623555159623,0.0,0.0,0,0,-0.0104020732789565,0.007498330420760481,0.0033495848690579407,0.005602852712956087,-0.0104020732789565,0.007498330420760481,-0.0006869519748484177,0.0001183354187139769,0.05718990111084871,0.29621334507546954
global_compatible,12,19,0,0,certified_reset,0,1,0.02411638415065575,0.02012250963226921,0.003993874518386541,0.007987749036773082,0.0,0.0,0,0,0.0033495848690579407,0.005602852712956087,-0.003261300540912596,-0.009003538658157284,0.0033495848690579407,0.005602852712956087,-0.01158908359706313,2.0227942794669135e-05,0.05718990111084871,0.29621334507546954
global_compatible,12,20,0,0,certified_reset,0,1,0.02012250963226921,0.01612863511388267,0.003993874518386541,0.003993874518386541,0.0,0.0,0,0,-0.003261300540912596,-0.009003538658157284,-0.0015234096348734944,0.008208544028470991,-0.003261300540912596,-0.009003538658157284,0.01651315329918839,3.2044654521627076e-05,0.05718990111084871,0.29621334507546954
global_compatible,12,21,0,0,certified_reset,0,1,0.01612863511388267,0.01213476059549613,0.003993874518386541,0.0,0.0,0.0,0,0,-0.0015234096348734944,0.008208544028470991,-0.005223619829453253,-0.014915684890969567,-0.0015234096348734944,0.008208544028470991,-0.010574868665227855,1.724490820991826e-05,0.05718990111084871,0.29621334507546954
global_compatible,13,0,0,0,certified_reset,0,1,0.1,0.09600612548161347,0.003993874518386541,0.08387136488611735,0.0,0.0,0,0,-0.9864555344815713,0.13032685361615037,-0.4593520854685701,0.926184280765511,-0.9864555344815713,0.13032685361615037,0.7902917458686382,0.9917658635782525,0.05718990111084871,0.29621334507546954
global_compatible,13,1,0,0,certified_reset,0,1,0.09600612548161347,0.09201225096322693,0.003993874518386541,0.07987749036773081,0.0,0.0,0,0,-0.4593520854685701,0.926184280765511,0.006793783148373338,0.012284988234741247,-0.4593520854685701,0.926184280765511,-0.9069497297641714,0.38597540168099,0.05718990111084871,0.29621334507546954
global_compatible,13,2,0,0,certified_reset,0,1,0.09201225096322693,0.0880183764448404,0.003993874518386541,0.07588361584934428,0.0,0.0,0,0,0.006793783148373338,0.012284988234741247,-0.000235378855912724,-0.019556659376142146,0.006793783148373338,0.012284988234741247,-0.024862593881042398,8.877497229645427e-05,0.05718990111084871,0.29621334507546954
global_compatible,13,3,0,0,certified_reset,0,1,0.0880183764448404,0.08402450192645386,0.003993874518386541,0.07188974133095774,0.0,0.0,0,0,-0.000235378855912724,-0.019556659376142146,-0.008489410563856076,0.0039030566839615135,-0.000235378855912724,-0.019556659376142146,0.02904703441464379,8.999198508474903e-05,0.05718990111084871,0.29621334507546954
global_compatible,13,4,0,0,certified_reset,0,1,0.08402450192645386,0.08003062740806732,0.003993874518386541,0.0678958668125712,0.0,0.0,0,0,-0.008489410563856076,0.0039030566839615135,-0.004879622456619609,0.0033968667763104488,-0.008489410563856076,0.0039030566839615135,0.0027037941699864973,7.499494756063145e-05,0.05718990111084871,0.29621334507546954
global_compatible,13,5,0,0,certified_reset,0,1,0.08003062740806732,0.07603675288968079,0.003993874518386541,0.06390199229418467,0.0,0.0,0,0,-0.004879622456619609,0.0033968667763104488,-0.0029688488373787,0.009827021279234772,-0.004879622456619609,0.0033968667763104488,-0.00014252337607904,2.588818984324492e-05,0.05718990111084871,0.29621334507546954
global_compatible,13,6,0,0,certified_reset,0,1,0.07603675288968079,0.07204287837129425,0.003993874518386541,0.05990811777579813,0.0,0.0,0,0,-0.0029688488373787,0.009827021279234772,-0.001994612098497232,-0.007877065751735232,-0.0029688488373787,0.009827021279234772,-0.011518742642488838,2.9513761720858068e-05,0.05718990111084871,0.29621334507546954
global_compatible,13,7,0,0,certified_reset,0,1,0.07204287837129425,0.06804900385290771,0.003993874518386541,0.05591424325741159,0.0,0.0,0,0,-0.001994612098497232,-0.007877065751735232,-0.0039995949032144386,0.004238184457398951,-0.001994612098497232,-0.007877065751735232,0.013589470859516515,1.976399005380157e-05,0.05718990111084871,0.29621334507546954
global_compatible,13,8,0,0,certified_reset,0,1,0.06804900385290771,0.06405512933452118,0.003993874518386541,0.051920368739025044,0.0,0.0,0,0,-0.0039995949032144386,0.004238184457398951,0.0021932191931849335,-0.002942249255208678,-0.0039995949032144386,0.004238184457398951,-0.0022602795241751213,1.9357678327092895e-05,0.05718990111084871,0.29621334507546954
global_compatible,13,9,0,0,certified_reset,0,1,0.06405512933452118,0.060061254816134634,0.003993874518386541,0.0479264942206385,0.0,0.0,0,0,0.0021932191931849335,-0.002942249255208678,-0.005944432916916005,0.00046440834549734355,0.0021932191931849335,-0.002942249255208678,0.002149257294992283,6.483922624716394e-06,0.05718990111084871,0.29621334507546954
global_compatible,13,10,0,0,certified_reset,0,1,0.060061254816134634,0.05606738029774809,0.003993874518386541,0.04393261970225196,0.0,0.0,0,0,-0.005944432916916005,0.00046440834549734355,-0.004361136867638629,0.0032354044998007506,-0.005944432916916005,0.00046440834549734355,0.005234325573657742,3.6060058329036876e-05,0.05718990111084871,0.29621334507546954
global_compatible,13,11,0,0,certified_reset,0,1,0.05606738029774809,0.05207350577936155,0.003993874518386541,0.039938745183865414,0.0,0.0,0,0,-0.004361136867638629,0.0032354044998007506,-0.002477452856304389,-0.00045072395278281585,-0.004361136867638629,0.0032354044998007506,-0.0004213330331498389,2.0908164426317028e-05,0.05718990111084871,0.29621334507546954
global_compatible,13,12,0,0,certified_reset,0,1,0.05207350577936155,0.048079631260975,0.003993874518386541,0.03594487066547887,0.0,0.0,0,0,-0.002477452856304389,-0.00045072395278281585,1.765658557401832e-05,0.006495933503108836,-0.002477452856304389,-0.00045072395278281585,0.0031314313397054904,6.419486585783209e-06,0.05718990111084871,0.29621334507546954
global_compatible,13,13,1,1,certified_reset,0,1,0.048079631260975,0.04408575674258846,0.003993874518386541,0.03195099614709233,0.0,0.0,0,0,1.765658557401832e-05,0.006495933503108836,-0.008554992060017768,0.0012718403735855746,1.765658557401832e-05,0.006495933503108836,-0.009580306415734978,9.890355904324582e-06,0.05718990111084871,0.29621334507546954
global_compatible,13,14,1,1,certified_reset,0,1,0.04408575674258846,0.040091882224201916,0.003993874518386541,0.027957121628705783,0.0,0.0,0,0,-0.008554992060017768,0.0012718403735855746,0.004179624333014498,0.031200881877675953,-0.008554992060017768,0.0012718403735855746,0.006644306593312314,7.45827234280742e-05,0.05718990111084871,0.29621334507546954
global_compatible,13,15,0,0,certified_reset,0,1,0.040091882224201916,0.03609800770581537,0.003993874518386541,0.023963247110319243,0.0,0.0,0,0,0.004179624333014498,0.031200881877675953,0.008438578081695786,-0.026426130792593833,0.004179624333014498,0.031200881877675953,-0.05012752909059474,0.0002555175942733812,0.05718990111084871,0.29621334507546954
global_compatible,13,16,0,0,certified_reset,0,1,0.03609800770581537,0.03210413318742883,0.003993874518386541,0.019969372591932703,0.0,0.0,0,0,0.008438578081695786,-0.026426130792593833,0.002778304388169176,0.009815592712918705,0.008438578081695786,-0.026426130792593833,0.030527281671777956,0.00022020874315768795,0.05718990111084871,0.29621334507546954
global_compatible,13,17,0,0,certified_reset,0,1,0.03210413318742883,0.02811025866904229,0.003993874518386541,0.015975498073546163,0.0,0.0,0,0,0.002778304388169176,0.009815592712918705,0.009490229905285918,-0.00906716658450387,0.002778304388169176,0.009815592712918705,-0.01722546823771777,3.24791490285982e-05,0.05718990111084871,0.29621334507546954
global_compatible,13,18,0,0,certified_reset,0,1,0.02811025866904229,0.02411638415065575,0.003993874518386541,0.011981623555159623,0.0,0.0,0,0,0.009490229905285918,-0.00906716658450387,0.011781453243634107,0.0036879293304680223,0.009490229905285918,-0.00906716658450387,0.0039047723873907405,0.00010524407661692225,0.05718990111084871,0.29621334507546954
global_compatible,13,19,0,0,certified_reset,0,1,0.02411638415065575,0.02012250963226921,0.003993874518386541,0.007987749036773082,0.0,0.0,0,0,0.011781453243634107,0.0036879293304680223,0.006898422140215646,-0.005492679768680828,0.011781453243634107,0.0036879293304680223,-0.017162385554404438,0.0001486144755742621,0.05718990111084871,0.29621334507546954
global_compatible,13,20,0,0,certified_reset,0,1,0.02012250963226921,0.01612863511388267,0.003993874518386541,0.003993874518386541,0.0,0.0,0,0,0.006898422140215646,-0.005492679768680828,0.005729363266763888,-0.007895666162016677,0.006898422140215646,-0.005492679768680828,0.0012225796827774844,5.305611113906555e-05,0.05718990111084871,0.29621334507546954
global_compatible,13,21,0,0,certified_reset,0,1,0.01612863511388267,0.01213476059549613,0.003993874518386541,0.0,0.0,0.0,0,0,0.005729363266763888,-0.007895666162016677,0.0018240714484720896,-0.002979202863982138,0.005729363266763888,-0.007895666162016677,0.0059250980629608875,4.492475106449868e-05,0.05718990111084871,0.29621334507546954
global_compatible,14,0,0,0,certified_reset,0,1,0.1,0.09600612548161347,0.003993874518386541,0.08387136488611735,0.0,0.0,0,0,-2.3873637317430045,0.5917376671837468,-1.1916292030960778,1.7995632537792299,-2.3873637317430045,0.5917376671837468,1.2136029813457607,5.7993540165676984,0.05718990111084871,0.29621334507546954
global_compatible,14,1,0,0,certified_reset,0,1,0.09600612548161347,0.09201225096322693,0.003993874518386541,0.07987749036773081,0.0,0.0,0,0,-1.1916292030960778,1.7995632537792299,-0.11665217257771975,0.33556698542378816,-1.1916292030960778,1.7995632537792299,-1.464343867010075,2.0565047544760917,0.05718990111084871,0.29621334507546954
global_compatible,14,2,0,0,certified_reset,0,1,0.09201225096322693,0.0880183764448404,0.003993874518386541,0.07588361584934428,0.0,0.0,0,0,-0.11665217257771975,0.33556698542378816,0.01956843665118079,-0.04673385927490584,-0.11665217257771975,0.33556698542378816,-0.37816106750581674,0.03745181049868417,0.05718990111084871,0.29621334507546954
global_compatible,14,3,0,0,certified_reset,0,1,0.0880183764448404,0.08402450192645386,0.003993874518386541,0.07188974133095774,0.0,0.0,0,0,0.01956843665118079,-0.04673385927490584,-0.005528353270973972,0.005698890740128779,0.01956843665118079,-0.04673385927490584,0.049358471734325574,0.0008369598297607875,0.05718990111084871,0.29621334507546954
global_compatible,14,4,0,0,certified_reset,0,1,0.08402450192645386,0.08003062740806732,0.003993874518386541,0.0678958668125712,0.0,0.0,0,0,-0.005528353270973972,0.005698890740128779,0.0070382799824251574,0.007734304511647422,-0.005528353270973972,0.005698890740128779,-0.002886019988949799,3.6616841693330664e-05,0.05718990111084871,0.29621334507546954
global_compatible,14,5,0,0,certified_reset,0,1,0.08003062740806732,0.07603675288968079,0.003993874518386541,0.06390199229418467,0.0,0.0,0,0,0.0070382799824251574,0.007734304511647422,0.010227827752143433,-0.011724476187478357,0.0070382799824251574,0.007734304511647422,-0.01840177506190761,6.877052217693294e-05,0.05718990111084871,0.29621334507546954
global_compatible,14,6,0,0,certified_reset,0,1,0.07603675288968079,0.07204287837129425,0.003993874518386541,0.05990811777579813,0.0,0.0,0,0,0.010227827752143433,-0.011724476187478357,0.0017267478858081107,0.010682585356452258,0.010227827752143433,-0.011724476187478357,0.0070844304526759385,0.00013060659093521988,0.05718990111084871,0.29621334507546954
global_compatible,14,7,0,0,certified_reset,0,1,0.07204287837129425,0.06804900385290771,0.003993874518386541,0.05591424325741159,0.0,0.0,0,0,0.0017267478858081107,0.010682585356452258,0.014166412034416646,-0.007808082419764539,0.0017267478858081107,0.010682585356452258,-0.017456043705221472,3.114066818872771e-05,0.05718990111084871,0.29621334507546954
global_compatible,14,8,0,0,certified_reset,0,1,0.06804900385290771,0.06405512933452118,0.003993874518386541,0.051920368739025044,0.0,0.0,0,0,0.014166412034416646,-0.007808082419764539,0.0055120912685180596,0.0018904646968671592,0.014166412034416646,-0.007808082419764539,-0.0026065022454233584,0.00021183098347104018,0.05718990111084871,0.29621334507546954
global_compatible,14,9,0,0,certified_reset,0,1,0.06405512933452118,0.060061254816134634,0.003993874518386541,0.0479264942206385,0.0,0.0,0,0,0.0055120912685180596,0.0018904646968671592,-0.005463968486820431,0.0010441435297468896,0.0055120912685180596,0.0018904646968671592,-0.008274643660295867,3.273818756371308e-05,0.05718990111084871,0.29621334507546954
global_compatible,14,10,0,0,certified_reset,0,1,0.060061254816134634,0.05606738029774809,0.003993874518386541,0.04393261970225196,0.0,0.0,0,0,-0.005463968486820431,0.0010441435297468896,0.008950650581530405,0.00789178076280423,-0.005463968486820431,0.0010441435297468896,0.0039024216227718797,3.0431916415941898e-05,0.05718990111084871,0.29621334507546954
global_compatible,14,11,0,0,certified_reset,0,1,0.05606738029774809,0.05207350577936155,0.003993874518386541,0.039938745183865414,0.0,0.0,0,0,0.008950650581530405,0.00789178076280423,0.005581889133203724,-0.013198489855849545,0.008950650581530405,0.00789178076280423,-0.020541472778297938,0.0001018733850796595,0.05718990111084871,0.29621334507546954
global_compatible,14,12,0,0,certified_reset,0,1,0.05207350577936155,0.048079631260975,0.003993874518386541,0.03594487066547887,0.0,0.0,0,0,0.005581889133203724,-0.013198489855849545,-0.0026278694961956025,0.0009437478521980814,0.005581889133203724,-0.013198489855849545,0.013886004298647798,6.733403838542285e-05,0.05718990111084871,0.29621334507546954
global_compatible,14,13,0,0,certified_reset,0,1,0.048079631260975,0.04408575674258846,0.003993874518386541,0.03195099614709233,0.0,0.0,0,0,-0.0026278694961956025,0.0009437478521980814,0.003436998445834646,0.0021905724654788746,-0.0026278694961956025,0.0009437478521980814,0.0012306492231182072,7.103879328329494e-06,0.05718990111084871,0.29621334507546954
global_compatible,14,14,0,0,certified_reset,0,1,0.04408575674258846,0.040091882224201916,0.003993874518386541,0.027957121628705783,0.0,0.0,0,0,0.003436998445834646,0.0021905724654788746,-0.006753154576265732,-0.003942923247151046,0.003436998445834646,0.0021905724654788746,-0.0066478305825606486,1.3781548993803043e-05,0.05718990111084871,0.29621334507546954
global_compatible,14,15,0,0,certified_reset,0,1,0.040091882224201916,0.03609800770581537,0.003993874518386541,0.023963247110319243,0.0,0.0,0,0,-0.006753154576265732,-0.003942923247151046,-0.009352913782669246,0.0063215887953948675,-0.006753154576265732,-0.003942923247151046,0.012530612921652444,5.232889910767222e-05,0.05718990111084871,0.29621334507546954
global_compatible,14,16,0,0,certified_reset,0,1,0.03609800770581537,0.03210413318742883,0.003993874518386541,0.019969372591932703,0.0,0.0,0,0,-0.009352913782669246,0.0063215887953948675,-0.006819217553874489,0.021442765578895365,-0.009352913782669246,0.0063215887953948675,1.4664055842340852e-06,9.467024356145414e-05,0.05718990111084871,0.29621334507546954
global_compatible,14,17,0,0,certified_reset,0,1,0.03210413318742883,0.02811025866904229,0.003993874518386541,0.015975498073546163,0.0,0.0,0,0,-0.006819217553874489,0.021442765578895365,0.005321709642030792,-0.01143944103351943,-0.006819217553874489,0.021442765578895365,-0.02479760934116605,0.0001446373589938599,0.05718990111084871,0.29621334507546954
global_compatible,14,18,0,0,certified_reset,0,1,0.02811025866904229,0.02411638415065575,0.003993874518386541,0.011981623555159623,0.0,0.0,0,0,0.005321709642030792,-0.01143944103351943,-0.0013421283296840766,0.002180691648313213,0.005321709642030792,-0.01143944103351943,0.011551889062650585,5.521169304566441e-05,0.05718990111084871,0.29621334507546954
global_compatible,14,19,0,0,certified_reset,0,1,0.02411638415065575,0.02012250963226921,0.003993874518386541,0.007987749036773082,0.0,0.0,0,0,-0.0013421283296840766,0.002180691648313213,0.008280179556196367,0.006375162102073478,-0.0013421283296840766,0.002180691648313213,-0.0018732817124210322,2.745012954396986e-06,0.05718990111084871,0.29621334507546954
global_compatible,14,20,0,0,certified_reset,0,1,0.02012250963226921,0.01612863511388267,0.003993874518386541,0.003993874518386541,0.0,0.0,0,0,0.008280179556196367,0.006375162102073478,0.010838787061449631,-0.01333204782163001,0.008280179556196367,0.006375162102073478,-0.01763504388603257,8.365192733339814e-05,0.05718990111084871,0.29621334507546954
global_compatible,14,21,0,0,certified_reset,0,1,0.01612863511388267,0.01213476059549613,0.003993874518386541,0.0,0.0,0.0,0,0,0.010838787061449631,-0.01333204782163001,0.0033978144759522185,0.0021962605302638287,0.010838787061449631,-0.01333204782163001,0.008843989509272244,0.0001514285385657322,0.05718990111084871,0.29621334507546954
global_compatible,15,0,0,0,certified_reset,0,1,0.1,0.09600612548161347,0.003993874518386541,0.08387136488611735,0.0,0.0,0,0,3.35233547138456,0.42794563125278373,2.9985845923129117,-1.1206569058194071,3.35233547138456,0.42794563125278373,-1.549999999999907,11.331180356098633,0.05718990111084871,0.29621334507546954
global_compatible,15,1,0,0,certified_reset,0,1,0.09600612548161347,0.09201225096322693,0.003993874518386541,0.07987749036773081,0.0,0.0,0,0,2.9985845923129117,-1.1206569058194071,1.4282231185233296,-2.0163366499909667,2.9985845923129117,-1.1206569058194071,-0.8973798798133199,9.237698765574665,0.05718990111084871,0.29621334507546954
global_compatible,15,2,0,0,certified_reset,0,1,0.09201225096322693,0.0880183764448404,0.003993874518386541,0.07588361584934428,0.0,0.0,0,0,1.4282231185233296,-2.0163366499909667,0.19183353872509154,-0.4744807082886813,1.4282231185233296,-2.0163366499909667,1.5480831587322432,2.831545740440688,0.05718990111084871,0.29621334507546954
global_compatible,15,3,0,0,certified_reset,0,1,0.0880183764448404,0.08402450192645386,0.003993874518386541,0.07188974133095774,0.0,0.0,0,0,0.19183353872509154,-0.4744807082886813,-0.03144283342159035,0.04854008484752487,0.19183353872509154,-0.4744807082886813,0.5079332653228102,0.08377376128719165,0.05718990111084871,0.29621334507546954
global_compatible,15,4,0,0,certified_reset,0,1,0.08402450192645386,0.08003062740806732,0.003993874518386541,0.0678958668125712,0.0,0.0,0,0,-0.03144283342159035,0.04854008484752487,0.0022541401023648206,0.008549180169541681,-0.03144283342159035,0.04854008484752487,-0.04019519913973566,0.0014531482950858386,0.05718990111084871,0.29621334507546954
global_compatible,15,5,0,0,certified_reset,0,1,0.08003062740806732,0.07603675288968079,0.003993874518386541,0.06390199229418467,0.0,0.0,0,0,0.0022541401023648206,0.008549180169541681,0.0038665075702061986,-0.008818526920671779,0.0022541401023648206,0.008549180169541681,-0.014840790233475743,2.374330065277126e-05,0.05718990111084871,0.29621334507546954
global_compatible,15,6,0,0,certified_reset,0,1,0.07603675288968079,0.07204287837129425,0.003993874518386541,0.05990811777579813,0.0,0.0,0,0,0.0038665075702061986,-0.008818526920671779,0.00327400552059155,0.007839368533106076,0.0038665075702061986,-0.008818526920671779,0.009139915047755427,3.103628703657681e-05,0.05718990111084871,0.29621334507546954
global_compatible,15,7,0,0,certified_reset,0,1,0.07204287837129425,0.06804900385290771,0.003993874518386541,0.05591424325741159,0.0,0.0,0,0,0.00327400552059155,0.007839368533106076,0.01138528826070239,-0.008294874430842293,0.00327400552059155,0.007839368533106076,-0.014808308552422319,2.7263288023071213e-05,0.05718990111084871,0.29621334507546954
global_compatible,15,8,0,0,certified_reset,0,1,0.06804900385290771,0.06405512933452118,0.003993874518386541,0.051920368739025044,0.0,0.0,0,0,0.01138528826070239,-0.008294874430842293,0.0062381196958325455,-0.00234781443120581,0.01138528826070239,-0.008294874430842293,0.0008790922855444617,0.00014202899838866966,0.05718990111084871,0.29621334507546954
global_compatible,15,9,0,0,certified_reset,0,1,0.06405512933452118,0.060061254816134634,0.003993874518386541,0.0479264942206385,0.0,0.0,0,0,0.0062381196958325455,-0.00234781443120581,0.01051421246281383,-0.0036094203913258705,0.0062381196958325455,-0.00234781443120581,-0.002753340415275554,4.009586129420176e-05,0.05718990111084871,0.29621334507546954
global_compatible,15,10,0,0,certified_reset,0,1,0.060061254816134634,0.05606738029774809,0.003993874518386541,0.04393261970225196,0.0,0.0,0,0,0.01051421246281383,-0.0036094203913258705,0.008077300955393937,-0.01832393455660168,0.01051421246281383,-0.0036094203913258705,-0.005152104642155779,0.00011355729307032015,0.05718990111084871,0.29621334507546954
global_compatible,15,11,0,0,certified_reset,0,1,0.05606738029774809,0.05207350577936155,0.003993874518386541,0.039938745183865414,0.0,0.0,0,0,0.008077300955393937,-0.01832393455660168,-0.0025704319197384917,-0.0023936854762920436,0.008077300955393937,-0.01832393455660168,0.018949495121435313,0.00013465785883217215,0.05718990111084871,0.29621334507546954
global_compatible,15,12,0,0,certified_reset,0,1,0.05207350577936155,0.048079631260975,0.003993874518386541,0.03594487066547887,0.0,0.0,0,0,-0.0025704319197384917,-0.0023936854762920436,-0.005407223122408782,0.0070271639298797005,-0.0025704319197384917,-0.0023936854762920436,0.006085033806223414,8.564162593276617e-06,0.05718990111084871,0.29621334507546954
global_compatible,15,13,0,0,certified_reset,0,1,0.048079631260975,0.04408575674258846,0.003993874518386541,0.03195099614709233,0.0,0.0,0,0,-0.005407223122408782,0.0070271639298797005,-0.0050971286720332375,0.021604139898863756,-0.005407223122408782,0.0070271639298797005,-0.004963832304655737,3.874263859576319e-05,0.05718990111084871,0.29621334507546954
global_compatible,15,14,0,0,certified_reset,0,1,0.04408575674258846,0.040091882224201916,0.003993874518386541,0.027957121628705783,0.0,0.0,0,0,-0.0050971286720332375,0.021604139898863756,-0.0005709180694951437,-0.01940757300743419,-0.0050971286720332375,0.021604139898863756,-0.02674991434631562,0.0001278826635761857,0.05718990111084871,0.29621334507546954
global_compatible,15,15,0,0,certified_reset,0,1,0.040091882224201916,0.03609800770581537,0.003993874518386541,0.023963247110319243,0.0,0.0,0,0,-0.0005709180694951437,-0.01940757300743419,-0.002054419846689163,0.015774341572594115,-0.0005709180694951437,-0.01940757300743419,0.029153569333161076,8.937191277066168e-05,0.05718990111084871,0.29621334507546954
global_compatible,15,16,0,0,certified_reset,0,1,0.03609800770581537,0.03210413318742883,0.003993874518386541,0.019969372591932703,0.0,0.0,0,0,-0.002054419846689163,0.015774341572594115,0.0034332623635686833,-0.005991172812456299,-0.002054419846689163,0.015774341572594115,-0.021192656684094677,6.023823170851467e-05,0.05718990111084871,0.29621334507546954
global_compatible,15,17,0,0,certified_reset,0,1,0.03210413318742883,0.02811025866904229,0.003993874518386541,0.015975498073546163,0.0,0.0,0,0,0.0034332623635686833,-0.005991172812456299,0.00017172156271065366,0.0014463769468666373,0.0034332623635686833,-0.005991172812456299,0.005407116523549173,1.8979160484946976e-05,0.05718990111084871,0.29621334507546954
global_compatible,15,18,0,0,certified_reset,0,1,0.02811025866904229,0.02411638415065575,0.003993874518386541,0.011981623555159623,0.0,0.0,0,0,0.00017172156271065366,0.0014463769468666373,0.003875346240248605,0.002608063778880895,0.00017172156271065366,0.0014463769468666373,-0.002299451574743433,5.382363627514463e-07,0.05718990111084871,0.29621334507546954
global_compatible,15,19,0,0,certified_reset,0,1,0.02411638415065575,0.02012250963226921,0.003993874518386541,0.007987749036773082,0.0,0.0,0,0,0.003875346240248605,0.002608063778880895,0.0010163928483685621,-0.002166791367517149,0.003875346240248605,0.002608063778880895,-0.007700010468211864,1.7724921913521193e-05,0.05718990111084871,0.29621334507546954
global_compatible,15,20,0,0,certified_reset,0,1,0.02012250963226921,0.01612863511388267,0.003993874518386541,0.003993874518386541,0.0,0.0,0,0,0.0010163928483685621,-0.002166791367517149,-0.006420641560080351,0.0035944337421296036,0.0010163928483685621,-0.002166791367517149,0.002178587263259544,1.9968077532681073e-06,0.05718990111084871,0.29621334507546954
global_compatible,15,21,0,0,certified_reset,0,1,0.01612863511388267,0.01213476059549613,0.003993874518386541,0.0,0.0,0.0,0,0,-0.006420641560080351,0.0035944337421296036,-0.005489795056797387,0.003579154422595104,-0.006420641560080351,0.0035944337421296036,0.0010964895126674107,4.358028698109656e-05,0.05718990111084871,0.29621334507546954
global_compatible,16,0,0,0,certified_reset,0,1,0.1,0.09600612548161347,0.003993874518386541,0.08387136488611735,0.0,0.0,0,0,-4.644767040510966,0.21104445889071566,-3.6478385027543667,1.7649742899694312,-4.644767040510966,0.21104445889071566,1.5499999999998286,21.641940518070108,0.05718990111084871,0.29621334507546954
global_compatible,16,1,0,0,certified_reset,0,1,0.09600612548161347,0.09201225096322693,0.003993874518386541,0.07987749036773081,0.0,0.0,0,0,-3.6478385027543667,1.7649742899694312,-1.6614588983592398,2.1990831038662026,-3.6478385027543667,1.7649742899694312,0.43697507241985406,13.872223586490685,0.05718990111084871,0.29621334507546954
global_compatible,16,2,0,0,certified_reset,0,1,0.09201225096322693,0.0880183764448404,0.003993874518386541,0.07588361584934428,0.0,0.0,0,0,-1.6614588983592398,2.1990831038662026,-0.24028364044347306,0.6544891212705599,-1.6614588983592398,2.1990831038662026,-1.55,3.6909821405248646,0.05718990111084871,0.29621334507546954
global_compatible,16,3,0,0,certified_reset,0,1,0.0880183764448404,0.08402450192645386,0.003993874518386541,0.07188974133095774,0.0,0.0,0,0,-0.24028364044347306,0.6544891212705599,0.05655938063956816,-0.062039293683355715,-0.24028364044347306,0.6544891212705599,-0.7248576442762807,0.14797577475148396,0.05718990111084871,0.29621334507546954
global_compatible,16,4,0,0,certified_reset,0,1,0.08402450192645386,0.08003062740806732,0.003993874518386541,0.0678958668125712,0.0,0.0,0,0,0.05655938063956816,-0.062039293683355715,0.012257981442100099,-0.028492635558606916,0.05655938063956816,-0.062039293683355715,0.03506929535682431,0.003922507238183501,0.05718990111084871,0.29621334507546954
global_compatible,16,5,0,0,certified_reset,0,1,0.08003062740806732,0.07603675288968079,0.003993874518386541,0.06390199229418467,0.0,0.0,0,0,0.012257981442100099,-0.028492635558606916,-0.005622120645103805,0.008490285610441801,0.012257981442100099,-0.028492635558606916,0.029764386341247555,0.0003185355269852529,0.05718990111084871,0.29621334507546954
global_compatible,16,6,0,0,certified_reset,0,1,0.07603675288968079,0.07204287837129425,0.003993874518386541,0.05990811777579813,0.0,0.0,0,0,-0.005622120645103805,0.008490285610441801,0.007113870951829686,-0.009489656033392826,-0.005622120645103805,0.008490285610441801,-0.006905159073238212,4.5775562048208045e-05,0.05718990111084871,0.29621334507546954
global_compatible,16,7,0,0,certified_reset,0,1,0.07204287837129425,0.06804900385290771,0.003993874518386541,0.05591424325741159,0.0,0.0,0,0,0.007113870951829686,-0.009489656033392826,0.00918422269277484,0.010170133753028766,0.007113870951829686,-0.009489656033392826,0.00689656508908598,6.800586806376579e-05,0.05718990111084871,0.29621334507546954
global_compatible,16,8,0,0,certified_reset,0,1,0.06804900385290771,0.06405512933452118,0.003993874518386541,0.051920368739025044,0.0,0.0,0,0,0.00918422269277484,0.010170133753028766,0.008951687718962025,-0.006381177317768237,0.00918422269277484,0.010170133753028766,-0.024129468624402902,0.00011752341957269053,0.05718990111084871,0.29621334507546954
global_compatible,16,9,0,0,certified_reset,0,1,0.06405512933452118,0.060061254816134634,0.003993874518386541,0.0479264942206385,0.0,0.0,0,0,0.008951687718962025,-0.006381177317768237,0.00982132278767198,-0.009039549696443792,0.008951687718962025,-0.006381177317768237,0.0004855723383538536,8.746810384315388e-05,0.05718990111084871,0.29621334507546954
global_compatible,16,10,0,0,certified_reset,0,1,0.060061254816134634,0.05606738029774809,0.003993874518386541,0.04393261970225196,0.0,0.0,0,0,0.00982132278767198,-0.009039549696443792,0.00920435742243616,-0.01268482951324361,0.00982132278767198,-0.009039549696443792,0.0035358996501063124,0.00011147936852664134,0.05718990111084871,0.29621334507546954
global_compatible,16,11,0,0,certified_reset,0,1,0.05606738029774809,0.05207350577936155,0.003993874518386541,0.039938745183865414,0.0,0.0,0,0,0.00920435742243616,-0.01268482951324361,-0.004685683957489152,-0.010770236249936414,0.00920435742243616,-0.01268482951324361,0.009518534383547208,0.000115948139940635,0.05718990111084871,0.29621334507546954
global_compatible,16,12,0,0,certified_reset,0,1,0.05207350577936155,0.048079631260975,0.003993874518386541,0.03594487066547887,0.0,0.0,0,0,-0.004685683957489152,-0.010770236249936414,-0.005481151232710266,0.022290455420386712,-0.004685683957489152,-0.010770236249936414,0.020531575435631246,5.33739118944966e-05,0.05718990111084871,0.29621334507546954
global_compatible,16,13,0,0,certified_reset,0,1,0.048079631260975,0.04408575674258846,0.003993874518386541,0.03195099614709233,0.0,0.0,0,0,-0.005481151232710266,0.022290455420386712,0.006216941641897842,-0.0141418489706928,-0.005481151232710266,0.022290455420386712,-0.027380107596042366,0.00013822036864779723,0.05718990111084871,0.29621334507546954
global_compatible,16,14,0,0,certified_reset,0,1,0.04408575674258846,0.040091882224201916,0.003993874518386541,0.027957121628705783,0.0,0.0,0,0,0.006216941641897842,-0.0141418489706928,-0.0006993653396944338,-0.0016546908245557868,0.006216941641897842,-0.0141418489706928,0.014639576565311015,8.000683404483282e-05,0.05718990111084871,0.29621334507546954
global_compatible,16,15,0,0,certified_reset,0,1,0.040091882224201916,0.03609800770581537,0.003993874518386541,0.023963247110319243,0.0,0.0,0,0,-0.0006993653396944338,-0.0016546908245557868,0.005020092959612353,-0.008715259076214541,-0.0006993653396944338,-0.0016546908245557868,0.0031379874244410045,1.228126315741098e-06,0.05718990111084871,0.29621334507546954
global_compatible,16,16,0,0,certified_reset,0,1,0.03609800770581537,0.03210413318742883,0.003993874518386541,0.019969372591932703,0.0,0.0,0,0,0.005020092959612353,-0.008715259076214541,-0.0008327630375054066,0.0026148910167215654,0.005020092959612353,-0.008715259076214541,0.007836419121412181,4.040860327710757e-05,0.05718990111084871,0.29621334507546954
global_compatible,16,17,0,0,certified_reset,0,1,0.03210413318742883,0.02811025866904229,0.003993874518386541,0.015975498073546163,0.0,0.0,0,0,-0.0008327630375054066,0.0026148910167215654,0.005481130286693325,0.01794009533424873,-0.0008327630375054066,0.0026148910167215654,-0.003019417520306122,2.1521942359631263e-06,0.05718990111084871,0.29621334507546954
global_compatible,16,18,0,0,certified_reset,0,1,0.02811025866904229,0.02411638415065575,0.003993874518386541,0.011981623555159623,0.0,0.0,0,0,0.005481130286693325,0.01794009533424873,0.006017513159091305,-0.013259700798961221,0.005481130286693325,0.01794009533424873,-0.031888473480391456,0.00011339712145079553,0.05718990111084871,0.29621334507546954
global_compatible,16,19,0,0,certified_reset,0,1,0.02411638415065575,0.02012250963226921,0.003993874518386541,0.007987749036773082,0.0,0.0,0,0,0.006017513159091305,-0.013259700798961221,-0.009845726766619944,0.010272360986350614,0.006017513159091305,-0.013259700798961221,0.013542719920191649,7.244313594079102e-05,0.05718990111084871,0.29621334507546954
global_compatible,16,20,0,0,certified_reset,0,1,0.02012250963226921,0.01612863511388267,0.003993874518386541,0.003993874518386541,0.0,0.0,0,0,-0.009845726766619944,0.010272360986350614,-0.003365333346185128,0.01200657103339215,-0.009845726766619944,0.010272360986350614,-0.005325422311184937,0.00011664119067484973,0.05718990111084871,0.29621334507546954
global_compatible,16,21,0,0,certified_reset,0,1,0.01612863511388267,0.01213476059549613,0.003993874518386541,0.0,0.0,0.0,0,0,-0.003365333346185128,0.01200657103339215,-0.0014912957707987643,-0.003847291884686006,-0.003365333346185128,0.01200657103339215,-0.014334988833052299,4.241116078841941e-05,0.05718990111084871,0.29621334507546954
global_compatible,17,0,0,0,certified_reset,0,1,0.1,0.09600612548161347,0.003993874518386541,0.08387136488611735,0.0,0.0,0,0,-2.741424206087595,0.21156705422283673,-1.7527639739847354,1.7497117790559102,-2.741424206087595,0.21156705422283673,1.55,7.583526089040855,0.05718990111084871,0.29621334507546954
global_compatible,17,1,0,0,certified_reset,0,1,0.09600612548161347,0.09201225096322693,0.003993874518386541,0.07987749036773081,0.0,0.0,0,0,-1.7527639739847354,1.7497117790559102,-0.4207322169735322,0.9262665350986264,-1.7527639739847354,1.7497117790559102,-0.8321530040974604,3.6405619498125326,0.05718990111084871,0.29621334507546954
global_compatible,17,2,0,0,certified_reset,0,1,0.09201225096322693,0.0880183764448404,0.003993874518386541,0.07588361584934428,0.0,0.0,0,0,-0.4207322169735322,0.9262665350986264,0.03206676486047849,-0.019593774056835583,-0.4207322169735322,0.9262665350986264,-0.945526541918084,0.3538006543641033,0.05718990111084871,0.29621334507546954
global_compatible,17,3,0,0,certified_reset,0,1,0.0880183764448404,0.08402450192645386,0.003993874518386541,0.07188974133095774,0.0,0.0,0,0,0.03206676486047849,-0.019593774056835583,0.010699289900534488,-0.021946434833420007,0.03206676486047849,-0.019593774056835583,-0.003067497063564675,0.0010976175237953508,0.05718990111084871,0.29621334507546954
global_compatible,17,4,0,0,certified_reset,0,1,0.08402450192645386,0.08003062740806732,0.003993874518386541,0.0678958668125712,0.0,0.0,0,0,0.010699289900534488,-0.021946434833420007,0.009834066269057501,0.005930238646326028,0.010699289900534488,-0.021946434833420007,0.021676496007113192,0.00021291784669589834,0.05718990111084871,0.29621334507546954
global_compatible,17,5,0,0,certified_reset,0,1,0.08003062740806732,0.07603675288968079,0.003993874518386541,0.06390199229418467,0.0,0.0,0,0,0.009834066269057501,0.005930238646326028,0.003844870804361306,0.009262047038378456,0.009834066269057501,0.005930238646326028,-0.01852858188895144,0.00011162175952703218,0.05718990111084871,0.29621334507546954
global_compatible,17,6,0,0,certified_reset,0,1,0.07603675288968079,0.07204287837129425,0.003993874518386541,0.05990811777579813,0.0,0.0,0,0,0.003844870804361306,0.009262047038378456,0.013000148773515257,-0.00910787409989402,0.003844870804361306,0.009262047038378456,-0.017474545807543415,3.7858418043132604e-05,0.05718990111084871,0.29621334507546954
global_compatible,17,7,0,0,certified_reset,0,1,0.07204287837129425,0.06804900385290771,0.003993874518386541,0.05591424325741159,0.0,0.0,0,0,0.013000148773515257,-0.00910787409989402,0.008249773468434817,-0.010721131289399142,0.013000148773515257,-0.00910787409989402,0.0004704423223434836,0.0001839410077445102,0.05718990111084871,0.29621334507546954
global_compatible,17,8,0,0,certified_reset,0,1,0.06804900385290771,0.06405512933452118,0.003993874518386541,0.051920368739025044,0.0,0.0,0,0,0.008249773468434817,-0.010721131289399142,0.0023153895865499537,0.007452337489284195,0.008249773468434817,-0.010721131289399142,0.007576780209293109,9.018363034140543e-05,0.05718990111084871,0.29621334507546954
global_compatible,17,9,0,0,certified_reset,0,1,0.06405512933452118,0.060061254816134634,0.003993874518386541,0.0479264942206385,0.0,0.0,0,0,0.0023153895865499537,0.007452337489284195,-0.000949341579332034,-0.011383575376830504,0.0023153895865499537,0.007452337489284195,-0.013281926067348845,1.9767988068721303e-05,0.05718990111084871,0.29621334507546954
global_compatible,17,10,0,0,certified_reset,0,1,0.060061254816134634,0.05606738029774809,0.003993874518386541,0.04393261970225196,0.0,0.0,0,0,-0.000949341579332034,-0.011383575376830504,-0.004908160809612293,-0.0014111270049927613,-0.000949341579332034,-0.011383575376830504,0.017717042810327724,3.207403148761999e-05,0.05718990111084871,0.29621334507546954
global_compatible,17,11,0,0,certified_reset,0,1,0.05606738029774809,0.05207350577936155,0.003993874518386541,0.039938745183865414,0.0,0.0,0,0,-0.004908160809612293,-0.0014111270049927613,-0.0008898030973092782,0.011702419130874471,-0.004908160809612293,-0.0014111270049927613,0.006969364785772085,2.566277396730257e-05,0.05718990111084871,0.29621334507546954
global_compatible,17,12,0,0,certified_reset,0,1,0.05207350577936155,0.048079631260975,0.003993874518386541,0.03594487066547887,0.0,0.0,0,0,-0.0008898030973092782,0.011702419130874471,-0.0029296936326318633,0.00473115794210068,-0.0008898030973092782,0.011702419130874471,-0.01635371803664023,3.212824232516771e-05,0.05718990111084871,0.29621334507546954
global_compatible,17,13,0,0,certified_reset,0,1,0.048079631260975,0.04408575674258846,0.003993874518386541,0.03195099614709233,0.0,0.0,0,0,-0.0029296936326318633,0.00473115794210068,-0.0024937450921093656,-0.0071082396388421785,-0.0029296936326318633,0.00473115794210068,-0.004053325216737677,1.3022934899058143e-05,0.05718990111084871,0.29621334507546954
global_compatible,17,14,0,0,certified_reset,0,1,0.04408575674258846,0.040091882224201916,0.003993874518386541,0.027957121628705783,0.0,0.0,0,0,-0.0024937450921093656,-0.0071082396388421785,0.0014341992621334223,0.005920661782871698,-0.0024937450921093656,-0.0071082396388421785,0.012953914545088738,1.950873487283338e-05,0.05718990111084871,0.29621334507546954
global_compatible,17,15,0,0,certified_reset,0,1,0.040091882224201916,0.03609800770581537,0.003993874518386541,0.023963247110319243,0.0,0.0,0,0,0.0014341992621334223,0.005920661782871698,0.002660770123786398,0.0009065796990634575,0.0014341992621334223,0.005920661782871698,-0.01015078312654173,1.0942649946044505e-05,0.05718990111084871,0.29621334507546954
global_compatible,17,16,0,0,certified_reset,0,1,0.03609800770581537,0.03210413318742883,0.003993874518386541,0.019969372591932703,0.0,0.0,0,0,0.002660770123786398,0.0009065796990634575,-0.0023003784248373195,0.004948273561145396,0.002660770123786398,0.0009065796990634575,-0.003987141954575848,7.625069790918474e-06,0.05718990111084871,0.29621334507546954
global_compatible,17,17,0,0,certified_reset,0,1,0.03210413318742883,0.02811025866904229,0.003993874518386541,0.015975498073546163,0.0,0.0,0,0,-0.0023003784248373195,0.004948273561145396,0.004608017474786931,-0.00019305060594514484,-0.0023003784248373195,0.004948273561145396,-0.00500069468827653,1.032428860405845e-05,0.05718990111084871,0.29621334507546954
global_compatible,17,18,0,0,certified_reset,0,1,0.02811025866904229,0.02411638415065575,0.003993874518386541,0.011981623555159623,0.0,0.0,0,0,0.004608017474786931,-0.00019305060594514484,-0.008529246706946565,-0.0009340944631485745,0.004608017474786931,-0.00019305060594514484,-0.004302011961251333,2.1703216057372506e-05,0.05718990111084871,0.29621334507546954
global_compatible,17,19,0,0,certified_reset,0,1,0.02411638415065575,0.02012250963226921,0.003993874518386541,0.007987749036773082,0.0,0.0,0,0,-0.008529246706946565,-0.0009340944631485745,-0.0030250343219187558,0.014293112148501649,-0.008529246706946565,-0.0009340944631485745,0.009868687518743802,7.533988006541932e-05,0.05718990111084871,0.29621334507546954
global_compatible,17,20,0,0,certified_reset,0,1,0.02012250963226921,0.01612863511388267,0.003993874518386541,0.003993874518386541,0.0,0.0,0,0,-0.0030250343219187558,0.014293112148501649,-0.002871145634108274,-0.007886401476410173,-0.0030250343219187558,0.014293112148501649,-0.018044611581704183,5.406378270728695e-05,0.05718990111084871,0.29621334507546954
global_compatible,17,21,0,0,certified_reset,0,1,0.01612863511388267,0.01213476059549613,0.003993874518386541,0.0,0.0,0.0,0,0,-0.002871145634108274,-0.007886401476410173,0.002066333927040959,0.015806991862821283,-0.002871145634108274,-0.007886401476410173,0.014476885508803196,2.467814168761632e-05,0.05718990111084871,0.29621334507546954
global_compatible,18,0,0,0,certified_reset,0,1,0.1,0.09600612548161347,0.003993874518386541,0.08387136488611735,0.0,0.0,0,0,-4.671391251526238,-0.5639036764978628,-4.45319814650594,0.9827426260964344,-4.671391251526238,-0.5639036764978628,1.5499999999985983,21.939196448981967,0.05718990111084871,0.29621334507546954
global_compatible,18,1,0,0,certified_reset,0,1,0.09600612548161347,0.09201225096322693,0.003993874518386541,0.07987749036773081,0.0,0.0,0,0,-4.45319814650594,0.9827426260964344,-2.7115433422856134,2.5249184778689306,-4.45319814650594,0.9827426260964344,1.5499999999999996,20.064877184490385,0.05718990111084871,0.29621334507546954
global_compatible,18,2,0,0,certified_reset,0,1,0.09201225096322693,0.0880183764448404,0.003993874518386541,0.07588361584934428,0.0,0.0,0,0,-2.7115433422856134,2.5249184778689306,-0.7290969004648393,1.429621613455199,-2.7115433422856134,2.5249184778689306,-1.0988357160216806,8.530191692942669,0.05718990111084871,0.29621334507546954
global_compatible,18,3,0,0,certified_reset,0,1,0.0880183764448404,0.08402450192645386,0.003993874518386541,0.07188974133095774,0.0,0.0,0,0,-0.7290969004648393,1.429621613455199,0.007318492509756308,0.05068087852778311,-0.7290969004648393,1.429621613455199,-1.3799593986725158,0.9470767211955354,0.05718990111084871,0.29621334507546954
global_compatible,18,4,0,0,certified_reset,0,1,0.08402450192645386,0.08003062740806732,0.003993874518386541,0.0678958668125712,0.0,0.0,0,0,0.007318492509756308,0.05068087852778311,0.014174797290558889,-0.031444140112522154,0.007318492509756308,0.05068087852778311,-0.08194264356204085,0.0006837645141663743,0.05718990111084871,0.29621334507546954
global_compatible,18,5,0,0,certified_reset,0,1,0.08003062740806732,0.07603675288968079,0.003993874518386541,0.06390199229418467,0.0,0.0,0,0,0.014174797290558889,-0.031444140112522154,-0.005426889298317321,0.008539973396972812,0.014174797290558889,-0.031444140112522154,0.032207343642003124,0.00040482981337515406,0.05718990111084871,0.29621334507546954
global_compatible,18,6,0,0,certified_reset,0,1,0.07603675288968079,0.07204287837129425,0.003993874518386541,0.05990811777579813,0.0,0.0,0,0,-0.005426889298317321,0.008539973396972812,0.0003149764727958975,-0.007582724992176531,-0.005426889298317321,0.008539973396972812,-0.007172429758703226,4.386482738405996e-05,0.05718990111084871,0.29621334507546954
global_compatible,18,7,0,0,certified_reset,0,1,0.07204287837129425,0.06804900385290771,0.003993874518386541,0.05591424325741159,0.0,0.0,0,0,0.0003149764727958975,-0.007582724992176531,0.003087081552835767,0.000793529391402733,0.0003149764727958975,-0.007582724992176531,0.010856167713011525,1.3395208908996935e-05,0.05718990111084871,0.29621334507546954
global_compatible,18,8,0,0,certified_reset,0,1,0.06804900385290771,0.06405512933452118,0.003993874518386541,0.051920368739025044,0.0,0.0,0,0,0.003087081552835767,0.000793529391402733,0.00512166251439687,-0.008261577762297967,0.003087081552835767,0.000793529391402733,-0.0042416503403253855,1.0093206455202052e-05,0.05718990111084871,0.29621334507546954
global_compatible,18,9,0,0,certified_reset,0,1,0.06405512933452118,0.060061254816134634,0.003993874518386541,0.0479264942206385,0.0,0.0,0,0,0.00512166251439687,-0.008261577762297967,0.008609640000318042,0.013465247649832424,0.00512166251439687,-0.008261577762297967,0.007065703178523335,3.976519102860227e-05,0.05718990111084871,0.29621334507546954
global_compatible,18,10,0,0,certified_reset,0,1,0.060061254816134634,0.05606738029774809,0.003993874518386541,0.04393261970225196,0.0,0.0,0,0,0.008609640000318042,0.013465247649832424,0.00943097131484736,-0.0039970419051073465,0.008609640000318042,0.013465247649832424,-0.02841147779481254,0.00012694252366604177,0.05718990111084871,0.29621334507546954
global_compatible,18,11,0,0,certified_reset,0,1,0.05606738029774809,0.05207350577936155,0.003993874518386541,0.039938745183865414,0.0,0.0,0,0,0.00943097131484736,-0.0039970419051073465,0.0050225097467488326,-0.015952756728505997,0.00943097131484736,-0.0039970419051073465,-0.0035035586996035144,9.212583494892608e-05,0.05718990111084871,0.29621334507546954
global_compatible,18,12,0,0,certified_reset,0,1,0.05207350577936155,0.048079631260975,0.003993874518386541,0.03594487066547887,0.0,0.0,0,0,0.0050225097467488326,-0.015952756728505997,0.003917805833687701,0.00035262044826114575,0.0050225097467488326,-0.015952756728505997,0.01849663099482975,7.958701861316024e-05,0.05718990111084871,0.29621334507546954
global_compatible,18,13,0,0,certified_reset,0,1,0.048079631260975,0.04408575674258846,0.003993874518386541,0.03195099614709233,0.0,0.0,0,0,0.003917805833687701,0.00035262044826114575,-0.0021632729121274976,-0.003644753709023822,0.003917805833687701,0.00035262044826114575,-0.004420377816290941,1.586007746394205e-05,0.05718990111084871,0.29621334507546954
global_compatible,18,14,0,0,certified_reset,0,1,0.04408575674258846,0.040091882224201916,0.003993874518386541,0.027957121628705783,0.0,0.0,0,0,-0.0021632729121274976,-0.003644753709023822,0.0005785441065648276,0.014932793030942623,-0.0021632729121274976,-0.003644753709023822,0.007521583326703879,8.485266413758051e-06,0.05718990111084871,0.29621334507546954
global_compatible,18,15,0,0,certified_reset,0,1,0.040091882224201916,0.03609800770581537,0.003993874518386541,0.023963247110319243,0.0,0.0,0,0,0.0005785441065648276,0.014932793030942623,0.007734802145932355,-0.0021486875218113873,0.0005785441065648276,0.014932793030942623,-0.022574674674325203,5.321300708642573e-05,0.05718990111084871,0.29621334507546954
global_compatible,18,16,0,0,certified_reset,0,1,0.03609800770581537,0.03210413318742883,0.003993874518386541,0.019969372591932703,0.0,0.0,0,0,0.007734802145932355,-0.0021486875218113873,0.01263960802098908,0.002792666869969659,0.007734802145932355,-0.0021486875218113873,-0.004537143875455598,6.117284055233421e-05,0.05718990111084871,0.29621334507546954
global_compatible,18,17,1,1,certified_reset,0,1,0.03210413318742883,0.02811025866904229,0.003993874518386541,0.015975498073546163,0.0,0.0,0,0,0.01263960802098908,0.002792666869969659,0.019317077325619526,-0.04717612603287233,0.01263960802098908,0.002792666869969659,-0.016700825934976862,0.0001681364484814041,0.05718990111084871,0.29621334507546954
global_compatible,18,18,1,1,certified_reset,0,1,0.02811025866904229,0.02411638415065575,0.003993874518386541,0.011981623555159623,0.0,0.0,0,0,0.019317077325619526,-0.04717612603287233,0.020234879666959235,0.032411054321541816,0.019317077325619526,-0.04717612603287233,0.05025805506759289,0.0008369019150278958,0.05718990111084871,0.29621334507546954
global_compatible,18,19,1,1,certified_reset,0,1,0.02411638415065575,0.02012250963226921,0.003993874518386541,0.007987749036773082,0.0,0.0,0,0,0.020234879666959235,0.032411054321541816,0.011919630687651473,-0.08301090000544592,0.020234879666959235,0.032411054321541816,-0.06789524224688298,0.0007137802127325015,0.05718990111084871,0.29621334507546954
global_compatible,18,20,1,1,certified_reset,0,1,0.02012250963226921,0.01612863511388267,0.003993874518386541,0.003993874518386541,0.0,0.0,0,0,0.011919630687651473,-0.08301090000544592,-0.02034506754497667,0.048241123766733146,0.011919630687651473,-0.08301090000544592,0.11041510641868203,0.0016872107024147702,0.05718990111084871,0.29621334507546954
global_compatible,18,21,0,0,certified_reset,0,1,0.01612863511388267,0.01213476059549613,0.003993874518386541,0.0,0.0,0.0,0,0,-0.02034506754497667,0.048241123766733146,0.004157913102876402,-0.001892910771226838,-0.02034506754497667,0.048241123766733146,-0.05079927226942902,0.0008973330089971604,0.05718990111084871,0.29621334507546954
global_compatible,19,0,0,0,certified_reset,0,1,0.1,0.09600612548161347,0.003993874518386541,0.08387136488611735,0.0,0.0,0,0,-4.668530984188773,0.30389704891636293,-3.5936417374625442,1.8553393658113975,-4.668530984188773,0.30389704891636293,1.5499999999997816,21.87186766527179,0.05718990111084871,0.29621334507546954
global_compatible,19,1,0,0,certified_reset,0,1,0.09600612548161347,0.09201225096322693,0.003993874518386541,0.07987749036773081,0.0,0.0,0,0,-3.5936417374625442,1.8553393658113975,-1.585511266833143,2.160751453630641,-3.5936417374625442,1.8553393658113975,0.3038412369953181,13.536180073884585,0.05718990111084871,0.29621334507546954
global_compatible,19,2,0,0,certified_reset,0,1,0.09201225096322693,0.0880183764448404,0.003993874518386541,0.07588361584934428,0.0,0.0,0,0,-1.585511266833143,2.160751453630641,-0.20077421022458572,0.6043469577007179,-1.585511266833143,2.160751453630641,-1.55,3.414300909240885,0.05718990111084871,0.29621334507546954
global_compatible,19,3,0,0,certified_reset,0,1,0.0880183764448404,0.08402450192645386,0.003993874518386541,0.07188974133095774,0.0,0.0,0,0,-0.20077421022458572,0.6043469577007179,0.05360769575265004,-0.09221097676145315,-0.20077421022458572,0.6043469577007179,-0.6903358766310554,0.11796671820618573,0.05718990111084871,0.29621334507546954
global_compatible,19,4,0,0,certified_reset,0,1,0.08402450192645386,0.08003062740806732,0.003993874518386541,0.0678958668125712,0.0,0.0,0,0,0.05360769575265004,-0.09221097676145315,-0.00033596313896178814,0.0017029221658452307,0.05360769575265004,-0.09221097676145315,0.08245431968779139,0.004574268477142332,0.05718990111084871,0.29621334507546954
global_compatible,19,5,1,1,certified_reset,0,1,0.08003062740806732,0.07603675288968079,0.003993874518386541,0.06390199229418467,0.0,0.0,0,0,-0.00033596313896178814,0.0017029221658452307,0.00034712203033540655,-0.026698074411952342,-0.00033596313896178814,0.0017029221658452307,-0.0021762491885860945,7.532626465384608e-07,0.05718990111084871,0.29621334507546954
global_compatible,19,6,1,1,certified_reset,0,1,0.07603675288968079,0.07204287837129425,0.003993874518386541,0.05990811777579813,0.0,0.0,0,0,0.00034712203033540655,-0.026698074411952342,-0.023741670787155948,0.018921057145767195,0.00034712203033540655,-0.026698074411952342,0.03898331521224206,0.00016641465724247576,0.05718990111084871,0.29621334507546954
global_compatible,19,7,1,1,certified_reset,0,1,0.07204287837129425,0.06804900385290771,0.003993874518386541,0.05591424325741159,0.0,0.0,0,0,-0.023741670787155948,0.018921057145767195,-0.03166385105591843,0.0004368749298615509,-0.023741670787155948,0.018921057145767195,-0.004228734784636377,0.0006285551393450737,0.05718990111084871,0.29621334507546954
global_compatible,19,8,1,1,certified_reset,0,1,0.06804900385290771,0.06405512933452118,0.003993874518386541,0.051920368739025044,0.0,0.0,0,0,-0.03166385105591843,0.0004368749298615509,-0.016740269146086208,0.023530539207989157,-0.03166385105591843,0.0004368749298615509,0.030887944774356663,0.0010264854467477607,0.05718990111084871,0.29621334507546954
global_compatible,19,9,1,1,certified_reset,0,1,0.06405512933452118,0.060061254816134634,0.003993874518386541,0.0479264942206385,0.0,0.0,0,0,-0.016740269146086208,0.023530539207989157,-0.0028294456323837763,0.044324628195777815,-0.016740269146086208,0.023530539207989157,-0.017996359102185052,0.0003879968641821445,0.05718990111084871,0.29621334507546954
global_compatible,19,10,1,1,certified_reset,0,1,0.060061254816134634,0.05606738029774809,0.003993874518386541,0.04393261970225196,0.0,0.0,0,0,-0.0028294456323837763,0.044324628195777815,0.0037651780504841022,-0.054012670268844876,-0.0028294456323837763,0.044324628195777815,-0.06247953378822558,0.00045923914579137573,0.05718990111084871,0.29621334507546954
global_compatible,19,11,1,1,certified_reset,0,1,0.05606738029774809,0.05207350577936155,0.003993874518386541,0.039938745183865414,0.0,0.0,0,0,0.0037651780504841022,-0.054012670268844876,-0.01064237203141851,-0.013858657506080126,0.0037651780504841022,-0.054012670268844876,0.07582003678085733,0.0006830198541108839,0.05718990111084871,0.29621334507546954
global_compatible,19,12,1,1,certified_reset,0,1,0.05207350577936155,0.048079631260975,0.003993874518386541,0.03594487066547887,0.0,0.0,0,0,-0.01064237203141851,-0.013858657506080126,-0.04558011729832099,-0.04096736480000959,-0.01064237203141851,-0.013858657506080126,0.031014402861003553,0.00017187864189248416,0.05718990111084871,0.29621334507546954
global_compatible,19,13,1,1,certified_reset,0,1,0.048079631260975,0.04408575674258846,0.003993874518386541,0.03195099614709233,0.0,0.0,0,0,-0.04558011729832099,-0.04096736480000959,-0.026042184150504542,0.08609046314752873,-0.04558011729832099,-0.04096736480000959,0.105737871389324,0.0026591580252356027,0.05718990111084871,0.29621334507546954
global_compatible,19,14,1,1,certified_reset,0,1,0.04408575674258846,0.040091882224201916,0.003993874518386541,0.027957121628705783,0.0,0.0,0,0,-0.026042184150504542,0.08609046314752873,-0.007453892410899613,-0.024216800837604274,-0.026042184150504542,0.08609046314752873,-0.10089035957900148,0.0022667491838203758,0.05718990111084871,0.29621334507546954
global_compatible,19,15,0,0,certified_reset,0,1,0.040091882224201916,0.03609800770581537,0.003993874518386541,0.023963247110319243,0.0,0.0,0,0,-0.007453892410899613,-0.024216800837604274,-0.013146530244291433,0.022790411823794515,-0.007453892410899613,-0.024216800837604274,0.04309769564868167,0.0002075574160344011,0.05718990111084871,0.29621334507546954
global_compatible,19,16,0,0,certified_reset,0,1,0.03609800770581537,0.03210413318742883,0.003993874518386541,0.019969372591932703,0.0,0.0,0,0,-0.013146530244291433,0.022790411823794515,-4.744239676448918e-05,-0.0017042713297052434,-0.013146530244291433,0.022790411823794515,-0.020480661034716668,0.0002768102111722109,0.05718990111084871,0.29621334507546954
global_compatible,19,17,0,0,certified_reset,0,1,0.03210413318742883,0.02811025866904229,0.003993874518386541,0.015975498073546163,0.0,0.0,0,0,-4.744239676448918e-05,-0.0017042713297052434,-0.0028131903889509623,-0.0005480719109249199,-4.744239676448918e-05,-0.0017042713297052434,0.0025548251642660315,6.882464092558832e-07,0.05718990111084871,0.29621334507546954
global_compatible,19,18,0,0,certified_reset,0,1,0.02811025866904229,0.02411638415065575,0.003993874518386541,0.011981623555159623,0.0,0.0,0,0,-0.0028131903889509623,-0.0005480719109249199,0.00044837818114578667,0.0027988489170611627,-0.0028131903889509623,-0.0005480719109249199,0.003607154091163123,8.293398087939019e-06,0.05718990111084871,0.29621334507546954
global_compatible,19,19,0,0,certified_reset,0,1,0.02411638415065575,0.02012250963226921,0.003993874518386541,0.007987749036773082,0.0,0.0,0,0,0.00044837818114578667,0.0027988489170611627,0.0021219580131872215,0.002239837927397747,0.00044837818114578667,0.0027988489170611627,-0.004565331521765419,2.1321392378144275e-06,0.05718990111084871,0.29621334507546954
global_compatible,19,20,0,0,certified_reset,0,1,0.02012250963226921,0.01612863511388267,0.003993874518386541,0.003993874518386541,0.0,0.0,0,0,0.0021219580131872215,0.002239837927397747,-0.006340161090204603,0.017195988914151358,0.0021219580131872215,0.002239837927397747,-0.0054109307437495,6.137697406952496e-06,0.05718990111084871,0.29621334507546954
global_compatible,19,21,0,0,certified_reset,0,1,0.01612863511388267,0.01213476059549613,0.003993874518386541,0.0,0.0,0.0,0,0,-0.006340161090204603,0.017195988914151358,0.0023837759656189653,-0.002509398758274648,-0.006340161090204603,0.017195988914151358,-0.019016341039316383,0.00010246453956524508,0.05718990111084871,0.29621334507546954
global_compatible,20,0,0,0,certified_reset,0,1,0.1,0.09600612548161347,0.003993874518386541,0.08387136488611735,0.0,0.0,0,0,2.6875111250817714,0.2439217009338568,2.1498427606371444,-1.3063279612436918,2.6875111250817714,0.2439217009338568,-1.5499999999999658,7.29348815075185,0.05718990111084871,0.29621334507546954
global_compatible,20,1,0,0,certified_reset,0,1,0.09600612548161347,0.09201225096322693,0.003993874518386541,0.07987749036773081,0.0,0.0,0,0,2.1498427606371444,-1.3063279612436918,0.7734999903088654,-1.4621005153279572,2.1498427606371444,-1.3063279612436918,-0.14239557744034007,4.92949950159468,0.05718990111084871,0.29621334507546954
global_compatible,20,2,0,0,certified_reset,0,1,0.09201225096322693,0.0880183764448404,0.003993874518386541,0.07588361584934428,0.0,0.0,0,0,0.7734999903088654,-1.4621005153279572,0.005972073643787117,-0.06761156004938489,0.7734999903088654,-1.4621005153279572,1.3835873960994618,1.030952912119957,0.05718990111084871,0.29621334507546954
global_compatible,20,3,0,0,certified_reset,0,1,0.0880183764448404,0.08402450192645386,0.003993874518386541,0.07188974133095774,0.0,0.0,0,0,0.005972073643787117,-0.06761156004938489,-0.021195189570052904,0.022859314982778402,0.005972073643787117,-0.06761156004938489,0.09364895925765011,0.001077757002273926,0.05718990111084871,0.29621334507546954
global_compatible,20,4,0,0,certified_reset,0,1,0.08402450192645386,0.08003062740806732,0.003993874518386541,0.0678958668125712,0.0,0.0,0,0,-0.021195189570052904,0.022859314982778402,-0.003663590633645529,0.011691967015092532,-0.021195189570052904,0.022859314982778402,-0.0125722962348563,0.0005472463173926418,0.05718990111084871,0.29621334507546954
global_compatible,20,5,0,0,certified_reset,0,1,0.08003062740806732,0.07603675288968079,0.003993874518386541,0.06390199229418467,0.0,0.0,0,0,-0.003663590633645529,0.011691967015092532,-0.0006529250831074694,-0.005434999015289709,-0.003663590633645529,0.011691967015092532,-0.013573397416288316,4.263420094920992e-05,0.05718990111084871,0.29621334507546954
global_compatible,20,6,0,0,certified_reset,0,1,0.07603675288968079,0.07204287837129425,0.003993874518386541,0.05990811777579813,0.0,0.0,0,0,-0.0006529250831074694,-0.005434999015289709,0.0014170863887176541,0.005368144710910124,-0.0006529250831074694,-0.005434999015289709,0.008655971269094842,7.6165157027518e-06,0.05718990111084871,0.29621334507546954
global_compatible,20,7,0,0,certified_reset,0,1,0.07204287837129425,0.06804900385290771,0.003993874518386541,0.05591424325741159,0.0,0.0,0,0,0.0014170863887176541,0.005368144710910124,0.0023935471440347145,-0.012653370714128977,0.0014170863887176541,0.005368144710910124,-0.00931898062743076,9.366274806158608e-06,0.05718990111084871,0.29621334507546954
global_compatible,20,8,0,0,certified_reset,0,1,0.06804900385290771,0.06405512933452118,0.003993874518386541,0.051920368739025044,0.0,0.0,0,0,0.0023935471440347145,-0.012653370714128977,0.0017666545186040671,0.004181664242806155,0.0023935471440347145,-0.012653370714128977,0.01625614758087925,4.115502856225173e-05,0.05718990111084871,0.29621334507546954
global_compatible,20,9,0,0,certified_reset,0,1,0.06405512933452118,0.060061254816134634,0.003993874518386541,0.0479264942206385,0.0,0.0,0,0,0.0017666545186040671,0.004181664242806155,-0.003198951988589171,-0.01687025132681616,0.0017666545186040671,0.004181664242806155,-0.00791940326533173,7.836528741199283e-06,0.05718990111084871,0.29621334507546954
global_compatible,20,10,0,0,certified_reset,0,1,0.060061254816134634,0.05606738029774809,0.003993874518386541,0.04393261970225196,0.0,0.0,0,0,-0.003198951988589171,-0.01687025132681616,-0.0036798209188131288,0.016689007960189333,-0.003198951988589171,-0.01687025132681616,0.028038636081227284,8.111639002707575e-05,0.05718990111084871,0.29621334507546954
global_compatible,20,11,0,0,certified_reset,0,1,0.05606738029774809,0.05207350577936155,0.003993874518386541,0.039938745183865414,0.0,0.0,0,0,-0.0036798209188131288,0.016689007960189333,0.008743560073154619,-0.005553431322010361,-0.0036798209188131288,0.016689007960189333,-0.020922341943814246,7.461882941002923e-05,0.05718990111084871,0.29621334507546954
global_compatible,20,12,0,0,certified_reset,0,1,0.05207350577936155,0.048079631260975,0.003993874518386541,0.03594487066547887,0.0,0.0,0,0,0.008743560073154619,-0.005553431322010361,0.01199145568921009,0.0016279116827989607,0.008743560073154619,-0.005553431322010361,-0.0005277801728910894,8.200811445132746e-05,0.05718990111084871,0.29621334507546954
global_compatible,20,13,0,0,certified_reset,0,1,0.048079631260975,0.04408575674258846,0.003993874518386541,0.03195099614709233,0.0,0.0,0,0,0.01199145568921009,0.0016279116827989607,0.007815450140553603,-0.015474005988890366,0.01199145568921009,0.0016279116827989607,-0.01433733727713393,0.00014941100791170518,0.05718990111084871,0.29621334507546954
global_compatible,20,14,0,0,certified_reset,0,1,0.04408575674258846,0.040091882224201916,0.003993874518386541,0.027957121628705783,0.0,0.0,0,0,0.007815450140553603,-0.015474005988890366,-0.0011003068928261035,-0.006086106668779876,0.007815450140553603,-0.015474005988890366,0.015014890743425558,0.00010981750954236319,0.05718990111084871,0.29621334507546954
global_compatible,20,15,0,0,certified_reset,0,1,0.040091882224201916,0.03609800770581537,0.003993874518386541,0.023963247110319243,0.0,0.0,0,0,-0.0011003068928261035,-0.006086106668779876,-0.0068304772943176,-4.7600487580515966e-05,-0.0011003068928261035,-0.006086106668779876,0.010059256081037719,1.0407716070076031e-05,0.05718990111084871,0.29621334507546954
global_compatible,20,16,0,0,certified_reset,0,1,0.03609800770581537,0.03210413318742883,0.003993874518386541,0.019969372591932703,0.0,0.0,0,0,-0.0068304772943176,-4.7600487580515966e-05,0.0009460868032683252,0.02171106439398803,-0.0068304772943176,-4.7600487580515966e-05,0.006869393555109919,4.783554210871816e-05,0.05718990111084871,0.29621334507546954
global_compatible,20,17,0,0,certified_reset,0,1,0.03210413318742883,0.02811025866904229,0.003993874518386541,0.015975498073546163,0.0,0.0,0,0,0.0009460868032683252,0.02171106439398803,-0.0027169801190141483,-0.009854689574106417,0.0009460868032683252,0.02171106439398803,-0.03292663232346298,0.00011284581522501245,0.05718990111084871,0.29621334507546954
global_compatible,20,18,0,0,certified_reset,0,1,0.02811025866904229,0.02411638415065575,0.003993874518386541,0.011981623555159623,0.0,0.0,0,0,-0.0027169801190141483,-0.009854689574106417,-0.005959788798242681,0.013965389771634116,-0.0027169801190141483,-0.009854689574106417,0.017225264679949996,3.228040773783676e-05,0.05718990111084871,0.29621334507546954
global_compatible,20,19,0,0,certified_reset,0,1,0.02411638415065575,0.02012250963226921,0.003993874518386541,0.007987749036773082,0.0,0.0,0,0,-0.005959788798242681,0.013965389771634116,-0.0033506137163756347,-0.007566810790810193,-0.005959788798242681,0.013965389771634116,-0.014637665381379865,7.598139378034941e-05,0.05718990111084871,0.29621334507546954
global_compatible,20,20,0,0,certified_reset,0,1,0.02012250963226921,0.01612863511388267,0.003993874518386541,0.003993874518386541,0.0,0.0,0,0,-0.0033506137163756347,-0.007566810790810193,0.001090441552647342,0.010823920510753704,-0.0033506137163756347,-0.007566810790810193,0.014483515060204281,2.6777110086749532e-05,0.05718990111084871,0.29621334507546954
global_compatible,20,21,0,0,certified_reset,0,1,0.01612863511388267,0.01213476059549613,0.003993874518386541,0.0,0.0,0.0,0,0,0.001090441552647342,0.010823920510753704,-0.00038110226109748816,-0.009140735890344804,0.001090441552647342,0.010823920510753704,-0.017033180908821863,2.953060001671694e-05,0.05718990111084871,0.29621334507546954
global_compatible,21,0,0,0,certified_reset,0,1,0.1,0.09600612548161347,0.003993874518386541,0.08387136488611735,0.0,0.0,0,0,0.5043309586908507,0.3197998644029111,0.34651578465767596,-0.6457176053014977,0.5043309586908507,0.3197998644029111,-0.9732884876258756,0.29644092948664075,0.05718990111084871,0.29621334507546954
global_compatible,21,1,0,0,certified_reset,0,1,0.09600612548161347,0.09201225096322693,0.003993874518386541,0.07987749036773081,0.0,0.0,0,0,0.34651578465767596,-0.6457176053014977,0.003191166126964385,-0.04679047556339255,0.34651578465767596,-0.6457176053014977,0.6061539428211341,0.20430997472019916,0.05718990111084871,0.29621334507546954
global_compatible,21,2,0,0,certified_reset,0,1,0.09201225096322693,0.0880183764448404,0.003993874518386541,0.07588361584934428,0.0,0.0,0,0,0.003191166126964385,-0.04679047556339255,-0.013219827929705186,0.018302842283877796,0.003191166126964385,-0.04679047556339255,0.06574887009405209,0.0005123391378367167,0.05718990111084871,0.29621334507546954
global_compatible,21,3,0,0,certified_reset,0,1,0.0880183764448404,0.08402450192645386,0.003993874518386541,0.07188974133095774,0.0,0.0,0,0,-0.013219827929705186,0.018302842283877796,0.002042390462698869,0.006021484245196338,-0.013219827929705186,0.018302842283877796,-0.013802757486477869,0.00023982567976710726,0.05718990111084871,0.29621334507546954
global_compatible,21,4,0,0,certified_reset,0,1,0.08402450192645386,0.08003062740806732,0.003993874518386541,0.0678958668125712,0.0,0.0,0,0,0.002042390462698869,0.006021484245196338,-0.0004895818218283708,-0.010660496383227205,0.002042390462698869,0.006021484245196338,-0.010900421290793058,1.3668327462769254e-05,0.05718990111084871,0.29621334507546954
global_compatible,21,5,0,0,certified_reset,0,1,0.08003062740806732,0.07603675288968079,0.003993874518386541,0.06390199229418467,0.0,0.0,0,0,-0.0004895818218283708,-0.010660496383227205,-0.0008195579851387872,0.006599187211558784,-0.0004895818218283708,-0.010660496383227205,0.016192541074050836,2.725096298575943e-05,0.05718990111084871,0.29621334507546954
global_compatible,21,6,0,0,certified_reset,0,1,0.07603675288968079,0.07204287837129425,0.003993874518386541,0.05990811777579813,0.0,0.0,0,0,-0.0008195579851387872,0.006599187211558784,0.003854026284480356,-0.0014555848388056792,-0.0008195579851387872,0.006599187211558784,-0.008904955516060966,1.0493000043156543e-05,0.05718990111084871,0.29621334507546954
global_compatible,21,7,0,0,certified_reset,0,1,0.07204287837129425,0.06804900385290771,0.003993874518386541,0.05591424325741159,0.0,0.0,0,0,0.003854026284480356,-0.0014555848388056792,0.0032591732139470126,-0.011351741175932479,0.003854026284480356,-0.0014555848388056792,-0.0016939245177191766,1.5306624008391683e-05,0.05718990111084871,0.29621334507546954
global_compatible,21,8,0,0,certified_reset,0,1,0.06804900385290771,0.06405512933452118,0.003993874518386541,0.051920368739025044,0.0,0.0,0,0,0.0032591732139470126,-0.011351741175932479,-0.0025776253203895726,0.00610359109303191,0.0032591732139470126,-0.011351741175932479,0.013475524026780794,3.835711872398332e-05,0.05718990111084871,0.29621334507546954
global_compatible,21,9,0,0,certified_reset,0,1,0.06405512933452118,0.060061254816134634,0.003993874518386541,0.0479264942206385,0.0,0.0,0,0,-0.0025776253203895726,0.00610359109303191,-0.0013379919046728216,-0.00042173944550462437,-0.0025776253203895726,0.00610359109303191,-0.006422949298518586,1.4381197596165879e-05,0.05718990111084871,0.29621334507546954
global_compatible,21,10,0,0,certified_reset,0,1,0.060061254816134634,0.05606738029774809,0.003993874518386541,0.04393261970225196,0.0,0.0,0,0,-0.0013379919046728216,-0.00042173944550462437,-0.0008378999091848409,0.0014466470027250757,-0.0013379919046728216,-0.00042173944550462437,0.0019501177514149905,1.9173118668606205e-06,0.05718990111084871,0.29621334507546954
global_compatible,21,11,0,0,certified_reset,0,1,0.05606738029774809,0.05207350577936155,0.003993874518386541,0.039938745183865414,0.0,0.0,0,0,-0.0008378999091848409,0.0014466470027250757,0.0043046457415723775,-0.004775145198737041,-0.0008378999091848409,0.0014466470027250757,-0.0012953440920249633,1.1207259248193842e-06,0.05718990111084871,0.29621334507546954
global_compatible,21,12,0,0,certified_reset,0,1,0.05207350577936155,0.048079631260975,0.003993874518386541,0.03594487066547887,0.0,0.0,0,0,0.0043046457415723775,-0.004775145198737041,-0.008015265004182988,0.007346298810666449,0.0043046457415723775,-0.004775145198737041,0.002747459673424801,2.2823050427288445e-05,0.05718990111084871,0.29621334507546954
global_compatible,21,13,0,0,certified_reset,0,1,0.048079631260975,0.04408575674258846,0.003993874518386541,0.03195099614709233,0.0,0.0,0,0,-0.008015265004182988,0.007346298810666449,-0.002224813638063672,-1.6342970519456386e-05,-0.008015265004182988,0.007346298810666449,-0.0028426620587799854,7.416075039559906e-05,0.05718990111084871,0.29621334507546954
global_compatible,21,14,0,0,certified_reset,0,1,0.04408575674258846,0.040091882224201916,0.003993874518386541,0.027957121628705783,0.0,0.0,0,0,-0.002224813638063672,-1.6342970519456386e-05,-0.004280171162991264,-0.007689669209994035,-0.002224813638063672,-1.6342970519456386e-05,0.002235664796660765,5.07479872787319e-06,0.05718990111084871,0.29621334507546954
global_compatible,21,15,2,2,certified_reset,0,1,0.040091882224201916,0.03609800770581537,0.003993874518386541,0.023963247110319243,0.0,0.0,0,0,-0.004280171162991264,-0.007689669209994035,0.02250053566933745,0.04062257939019177,-0.004280171162991264,-0.007689669209994035,0.015591328762943123,3.504068575999988e-05,0.05718990111084871,0.29621334507546954
global_compatible,21,16,2,2,certified_reset,0,1,0.03609800770581537,0.03210413318742883,0.003993874518386541,0.019969372591932703,0.0,0.0,0,0,0.02250053566933745,0.04062257939019177,-0.008504420018758972,-0.04503809114424033,0.02250053566933745,0.04062257939019177,-0.0822481804863401,0.0009724280973762041,0.05718990111084871,0.29621334507546954
global_compatible,21,17,1,1,certified_reset,0,1,0.03210413318742883,0.02811025866904229,0.003993874518386541,0.015975498073546163,0.0,0.0,0,0,-0.008504420018758972,-0.04503809114424033,-0.00580622056679719,0.04705342549652888,-0.008504420018758972,-0.04503809114424033,0.07481460889278055,0.0005773731401550031,0.05718990111084871,0.29621334507546954
global_compatible,21,18,1,1,certified_reset,0,1,0.02811025866904229,0.02411638415065575,0.003993874518386541,0.011981623555159623,0.0,0.0,0,0,-0.00580622056679719,0.04705342549652888,0.01352936752853888,-0.00849817042279472,-0.00580622056679719,0.04705342549652888,-0.06353636073130926,0.0005331583988171061,0.05718990111084871,0.29621334507546954
global_compatible,21,19,1,1,certified_reset,0,1,0.02411638415065575,0.02012250963226921,0.003993874518386541,0.007987749036773082,0.0,0.0,0,0,0.01352936752853888,-0.00849817042279472,-0.009814580433466814,-0.020595862608143407,0.01352936752853888,-0.00849817042279472,-0.000956287238678017,0.00019606604995062903,0.05718990111084871,0.29621334507546954
global_compatible,21,20,1,1,certified_reset,0,1,0.02012250963226921,0.01612863511388267,0.003993874518386541,0.003993874518386541,0.0,0.0,0,0,-0.009814580433466814,-0.020595862608143407,-0.012793716501895001,0.04466076345234328,-0.009814580433466814,-0.020595862608143407,0.04011409377901909,0.00021290862226102164,0.05718990111084871,0.29621334507546954
global_compatible,21,21,1,1,certified_reset,0,1,0.01612863511388267,0.01213476059549613,0.003993874518386541,0.0,0.0,0.0,0,0,-0.012793716501895001,0.04466076345234328,-0.016030869314472288,-0.016496522497342236,-0.012793716501895001,0.04466076345234328,-0.053050913377078734,0.0005930642497707272,0.05718990111084871,0.29621334507546954
global_compatible,22,0,0,0,certified_reset,0,1,0.1,0.09600612548161347,0.003993874518386541,0.08387136488611735,0.0,0.0,0,0,-5.070546481925195,-0.4536017920512491,-4.741949144631261,1.0960385804612713,-5.070546481925195,-0.4536017920512491,1.5499999999984095,25.807539950799228,0.05718990111084871,0.29621334507546954
global_compatible,22,1,0,0,certified_reset,0,1,0.09600612548161347,0.09201225096322693,0.003993874518386541,0.07987749036773081,0.0,0.0,0,0,-4.741949144631261,1.0960385804612713,-2.867535068179994,2.6431362984485367,-4.741949144631261,1.0960385804612713,1.55,22.762378292843866,0.05718990111084871,0.29621334507546954
global_compatible,22,2,0,0,certified_reset,0,1,0.09201225096322693,0.0880183764448404,0.003993874518386541,0.07588361584934428,0.0,0.0,0,0,-2.867535068179994,2.6431362984485367,-0.7967641536700122,1.4930437308102835,-2.867535068179994,2.6431362984485367,-1.1577777043306916,9.513779106149896,0.05718990111084871,0.29621334507546954
global_compatible,22,3,0,0,certified_reset,0,1,0.0880183764448404,0.08402450192645386,0.003993874518386541,0.07188974133095774,0.0,0.0,0,0,-0.7967641536700122,1.4930437308102835,-0.00052068161665925,0.08143424524299603,-0.7967641536700122,1.4930437308102835,-1.4060040918033632,1.0855066290078261,0.05718990111084871,0.29621334507546954
global_compatible,22,4,0,0,certified_reset,0,1,0.08402450192645386,0.08003062740806732,0.003993874518386541,0.0678958668125712,0.0,0.0,0,0,-0.00052068161665925,0.08143424524299603,0.015483244121766195,-0.02509482462196523,-0.00052068161665925,0.08143424524299603,-0.11943961353540072,0.0015505931750764295,0.05718990111084871,0.29621334507546954
global_compatible,22,5,0,0,certified_reset,0,1,0.08003062740806732,0.07603675288968079,0.003993874518386541,0.06390199229418467,0.0,0.0,0,0,0.015483244121766195,-0.02509482462196523,0.0017922305857231387,-0.01284263852274681,0.015483244121766195,-0.02509482462196523,0.021552679826297497,0.00036469883883187435,0.05718990111084871,0.29621334507546954
global_compatible,22,6,0,0,certified_reset,0,1,0.07603675288968079,0.07204287837129425,0.003993874518386541,0.05990811777579813,0.0,0.0,0,0,0.0017922305857231387,-0.01284263852274681,-0.013557167929569219,0.0020692340454622456,0.0017922305857231387,-0.01284263852274681,0.017130850811902226,4.0236747271562045e-05,0.05718990111084871,0.29621334507546954
global_compatible,22,7,0,0,certified_reset,0,1,0.07204287837129425,0.06804900385290771,0.003993874518386541,0.05591424325741159,0.0,0.0,0,0,-0.013557167929569219,0.0020692340454622456,-0.0008893200831045864,0.006468639201157378,-0.013557167929569219,0.0020692340454622456,0.010448570851128398,0.0001872968294075984,0.05718990111084871,0.29621334507546954
global_compatible,22,8,0,0,certified_reset,0,1,0.06804900385290771,0.06405512933452118,0.003993874518386541,0.051920368739025044,0.0,0.0,0,0,-0.0008893200831045864,0.006468639201157378,0.0009909766609361515,-0.0066592063567756715,-0.0008893200831045864,0.006468639201157378,-0.008642566559774781,1.0190031889371575e-05,0.05718990111084871,0.29621334507546954
global_compatible,22,9,0,0,certified_reset,0,1,0.06405512933452118,0.060061254816134634,0.003993874518386541,0.0479264942206385,0.0,0.0,0,0,0.0009909766609361515,-0.0066592063567756715,0.007095061764522204,0.0014634755347135652,0.0009909766609361515,-0.0066592063567756715,0.008822485613810493,1.0910046327049363e-05,0.05718990111084871,0.29621334507546954
global_compatible,22,10,1,1,certified_reset,0,1,0.060061254816134634,0.05606738029774809,0.003993874518386541,0.04393261970225196,0.0,0.0,0,0,0.007095061764522204,0.0014634755347135652,0.030390979077844715,0.02088183265706621,0.007095061764522204,0.0014634755347135652,-0.009225726400276833,5.285326904803098e-05,0.05718990111084871,0.29621334507546954
global_compatible,22,11,0,0,certified_reset,0,1,0.05606738029774809,0.05207350577936155,0.003993874518386541,0.039938745183865414,0.0,0.0,0,0,0.030390979077844715,0.02088183265706621,0.023102126224623903,-0.04055655554093735,0.030390979077844715,0.02088183265706621,-0.061025713484082866,0.0010952042202872186,0.05718990111084871,0.29621334507546954
global_compatible,22,12,0,0,certified_reset,0,1,0.05207350577936155,0.048079631260975,0.003993874518386541,0.03594487066547887,0.0,0.0,0,0,0.023102126224623903,-0.04055655554093735,0.0071899003894749765,-0.0002462638523022813,0.023102126224623903,-0.04055655554093735,0.03674343667701723,0.0008635303950915294,0.05718990111084871,0.29621334507546954
global_compatible,22,13,0,0,certified_reset,0,1,0.048079631260975,0.04408575674258846,0.003993874518386541,0.03195099614709233,0.0,0.0,0,0,0.0071899003894749765,-0.0002462638523022813,-0.00821624625698816,-0.006428832703784419,0.0071899003894749765,-0.0002462638523022813,-0.006791318687892433,5.285863410787648e-05,0.05718990111084871,0.29621334507546954
global_compatible,22,14,0,0,certified_reset,0,1,0.04408575674258846,0.040091882224201916,0.003993874518386541,0.027957121628705783,0.0,0.0,0,0,-0.00821624625698816,-0.006428832703784419,-0.005682015549394638,0.016689348012644857,-0.00821624625698816,-0.006428832703784419,0.01765519150512384,8.273872742052153e-05,0.05718990111084871,0.29621334507546954
global_compatible,22,15,0,0,certified_reset,0,1,0.040091882224201916,0.03609800770581537,0.003993874518386541,0.023963247110319243,0.0,0.0,0,0,-0.005682015549394638,0.016689348012644857,0.0011701842722273712,-0.002339786206780599,-0.005682015549394638,0.016689348012644857,-0.018930179066012735,9.138027336603622e-05,0.05718990111084871,0.29621334507546954
global_compatible,22,16,0,0,certified_reset,0,1,0.03609800770581537,0.03210413318742883,0.003993874518386541,0.019969372591932703,0.0,0.0,0,0,0.0011701842722273712,-0.002339786206780599,0.005865904578889772,-0.0007798720605731787,0.0011701842722273712,-0.002339786206780599,0.0022793951713676154,2.4846501984689866e-06,0.05718990111084871,0.29621334507546954
global_compatible,22,17,0,0,certified_reset,0,1,0.03210413318742883,0.02811025866904229,0.003993874518386541,0.015975498073546163,0.0,0.0,0,0,0.005865904578889772,-0.0007798720605731787,-0.005627515635742163,-0.009473621211607424,0.005865904578889772,-0.0007798720605731787,-0.004690761216392908,3.506839362592566e-05,0.05718990111084871,0.29621334507546954
global_compatible,22,18,0,0,certified_reset,0,1,0.02811025866904229,0.02411638415065575,0.003993874518386541,0.011981623555159623,0.0,0.0,0,0,-0.005627515635742163,-0.009473621211607424,-0.011064552277357566,0.0036740438871645364,-0.005627515635742163,-0.009473621211607424,0.019561824171927495,5.7390466148840954e-05,0.05718990111084871,0.29621334507546954
global_compatible,22,19,0,0,certified_reset,0,1,0.02411638415065575,0.02012250963226921,0.003993874518386541,0.007987749036773082,0.0,0.0,0,0,-0.011064552277357566,0.0036740438871645364,-0.006681326201594678,0.015300858211597625,-0.011064552277357566,0.0036740438871645364,0.00560828724804973,0.00012564038697206043,0.05718990111084871,0.29621334507546954
global_compatible,22,20,0,0,certified_reset,0,1,0.02012250963226921,0.01612863511388267,0.003993874518386541,0.003993874518386541,0.0,0.0,0,0,-0.006681326201594678,0.015300858211597625,0.004284077917950106,0.0024124764147853473,-0.006681326201594678,0.015300858211597625,-0.015885131703902156,9.308948220542811e-05,0.05718990111084871,0.29621334507546954
global_compatible,22,21,0,0,certified_reset,0,1,0.01612863511388267,0.01213476059549613,0.003993874518386541,0.0,0.0,0.0,0,0,0.004284077917950106,0.0024124764147853473,0.012192992011750992,-0.008053412591587043,0.004284077917950106,0.0024124764147853473,-0.00782165891054752,2.0930389951232605e-05,0.05718990111084871,0.29621334507546954
global_compatible,23,0,0,0,certified_reset,0,1,0.1,0.09600612548161347,0.003993874518386541,0.08387136488611735,0.0,0.0,0,0,-1.392352371310741,0.3438327600879534,-0.6090926479308654,1.2032712472341565,-1.392352371310741,0.3438327600879534,0.8799542054667207,1.979282885031354,0.05718990111084871,0.29621334507546954
global_compatible,23,1,0,0,certified_reset,0,1,0.09600612548161347,0.09201225096322693,0.003993874518386541,0.07987749036773081,0.0,0.0,0,0,-0.6090926479308654,1.2032712472341565,0.009306966887716428,0.027739665723387014,-0.6090926479308654,1.2032712472341565,-1.1660183641563164,0.665598929397857,0.05718990111084871,0.29621334507546954
global_compatible,23,2,0,0,certified_reset,0,1,0.09201225096322693,0.0880183764448404,0.003993874518386541,0.07588361584934428,0.0,0.0,0,0,0.009306966887716428,0.027739665723387014,0.01718468265699409,-0.032065924458241114,0.009306966887716428,0.027739665723387014,-0.05013072060167101,0.00028795489115026544,0.05718990111084871,0.29621334507546954
global_compatible,23,3,0,0,certified_reset,0,1,0.0880183764448404,0.08402450192645386,0.003993874518386541,0.07188974133095774,0.0,0.0,0,0,0.01718468265699409,-0.032065924458241114,0.0051136221341574984,-0.013575228506322565,0.01718468265699409,-0.032065924458241114,0.030126905562588083,0.0005030843110361136,0.05718990111084871,0.29621334507546954
global_compatible,23,4,0,0,certified_reset,0,1,0.08402450192645386,0.08003062740806732,0.003993874518386541,0.0678958668125712,0.0,0.0,0,0,0.0051136221341574984,-0.013575228506322565,-0.0020962779170704523,-0.00181001324321099,0.0051136221341574984,-0.013575228506322565,0.014908492740773244,6.48773394457848e-05,0.05718990111084871,0.29621334507546954
global_compatible,23,5,0,0,certified_reset,0,1,0.08003062740806732,0.07603675288968079,0.003993874518386541,0.06390199229418467,0.0,0.0,0,0,-0.0020962779170704523,-0.00181001324321099,0.0034627499752643725,-0.0033707743945732833,-0.0020962779170704523,-0.00181001324321099,0.004756338263529975,5.5496565768330675e-06,0.05718990111084871,0.29621334507546954
global_compatible,23,6,0,0,certified_reset,0,1,0.07603675288968079,0.07204287837129425,0.003993874518386541,0.05990811777579813,0.0,0.0,0,0,0.0034627499752643725,-0.0033707743945732833,0.0005066643566045321,-0.007441439874540875,0.0034627499752643725,-0.0033707743945732833,0.0015180873893944347,1.4093433727679334e-05,0.05718990111084871,0.29621334507546954
global_compatible,23,7,0,0,certified_reset,0,1,0.07204287837129425,0.06804900385290771,0.003993874518386541,0.05591424325741159,0.0,0.0,0,0,0.0005066643566045321,-0.007441439874540875,-0.003150916952565799,0.0026069388756526334,0.0005066643566045321,-0.007441439874540875,0.01045636011483073,1.29576003746823e-05,0.05718990111084871,0.29621334507546954
global_compatible,23,8,0,0,certified_reset,0,1,0.06804900385290771,0.06405512933452118,0.003993874518386541,0.051920368739025044,0.0,0.0,0,0,-0.003150916952565799,0.0026069388756526334,0.0035147866030657915,0.004114392207731272,-0.003150916952565799,0.0026069388756526334,-0.0006990789853425795,1.1163798881910255e-05,0.05718990111084871,0.29621334507546954
global_compatible,23,9,0,0,certified_reset,0,1,0.06405512933452118,0.060061254816134634,0.003993874518386541,0.0479264942206385,0.0,0.0,0,0,0.0035147866030657915,0.004114392207731272,0.005998628645601388,0.007292195580815788,0.0035147866030657915,0.004114392207731272,-0.00955816891525086,1.7684769873429627e-05,0.05718990111084871,0.29621334507546954
global_compatible,23,10,0,0,certified_reset,0,1,0.060061254816134634,0.05606738029774809,0.003993874518386541,0.04393261970225196,0.0,0.0,0,0,0.005998628645601388,0.007292195580815788,0.0004421770563168125,-0.010624416693839076,0.005998628645601388,0.007292195580815788,-0.016711821034695363,5.2537370635218184e-05,0.05718990111084871,0.29621334507546954
global_compatible,23,11,0,0,certified_reset,0,1,0.05606738029774809,0.05207350577936155,0.003993874518386541,0.039938745183865414,0.0,0.0,0,0,0.0004421770563168125,-0.010624416693839076,-0.014111036550448219,0.014065290699712093,0.0004421770563168125,-0.010624416693839076,0.015213392391945664,2.6299784666094517e-05,0.05718990111084871,0.29621334507546954
global_compatible,23,12,0,0,certified_reset,0,1,0.05207350577936155,0.048079631260975,0.003993874518386541,0.03594487066547887,0.0,0.0,0,0,-0.014111036550448219,0.014065290699712093,-0.007104372790010366,0.0029481316172336484,-0.014111036550448219,0.014065290699712093,-0.006665990292413333,0.00023584207063668264,0.05718990111084871,0.29621334507546954
global_compatible,23,13,0,0,certified_reset,0,1,0.048079631260975,0.04408575674258846,0.003993874518386541,0.03195099614709233,0.0,0.0,0,0,-0.007104372790010366,0.0029481316172336484,0.0017009299501906027,0.002835981023892001,-0.007104372790010366,0.0029481316172336484,0.002731354466605499,5.22230865758517e-05,0.05718990111084871,0.29621334507546954
global_compatible,23,14,0,0,certified_reset,0,1,0.04408575674258846,0.040091882224201916,0.003993874518386541,0.027957121628705783,0.0,0.0,0,0,0.0017009299501906027,0.002835981023892001,0.009973157750429331,-0.009745101224020513,0.0017009299501906027,0.002835981023892001,-0.0058698874242873985,5.2022540610181835e-06,0.05718990111084871,0.29621334507546954
global_compatible,23,15,0,0,certified_reset,0,1,0.040091882224201916,0.03609800770581537,0.003993874518386541,0.023963247110319243,0.0,0.0,0,0,0.009973157750429331,-0.009745101224020513,0.002967978573424398,-0.0167380151277626,0.009973157750429331,-0.009745101224020513,0.0044269289799654075,0.00011704787763574318,0.05718990111084871,0.29621334507546954
global_compatible,23,16,0,0,certified_reset,0,1,0.03609800770581537,0.03210413318742883,0.003993874518386541,0.019969372591932703,0.0,0.0,0,0,0.002967978573424398,-0.0167380151277626,-0.011435995711918319,-0.0014899701223006039,0.002967978573424398,-0.0167380151277626,0.021699311505094517,7.100940688228224e-05,0.05718990111084871,0.29621334507546954
global_compatible,23,17,0,0,certified_reset,0,1,0.03210413318742883,0.02811025866904229,0.003993874518386541,0.015975498073546163,0.0,0.0,0,0,-0.011435995711918319,-0.0014899701223006039,-0.00040186343607666666,0.00935696096775306,-0.011435995711918319,-0.0014899701223006039,0.013579711402306899,0.0001357918139410255,0.05718990111084871,0.29621334507546954
global_compatible,23,18,0,0,certified_reset,0,1,0.02811025866904229,0.02411638415065575,0.003993874518386541,0.011981623555159623,0.0,0.0,0,0,-0.00040186343607666666,0.00935696096775306,0.006661939056737976,-0.0037493765595855927,-0.00040186343607666666,0.00935696096775306,-0.013386986562640769,2.0401268791333226e-05,0.05718990111084871,0.29621334507546954
global_compatible,23,19,0,0,certified_reset,0,1,0.02411638415065575,0.02012250963226921,0.003993874518386541,0.007987749036773082,0.0,0.0,0,0,0.006661939056737976,-0.0037493765595855927,0.007564747100390607,0.0006752313801243427,0.006661939056737976,-0.0037493765595855927,-0.0011120318096671912,4.694275578973624e-05,0.05718990111084871,0.29621334507546954
global_compatible,23,20,0,0,certified_reset,0,1,0.02012250963226921,0.01612863511388267,0.003993874518386541,0.003993874518386541,0.0,0.0,0,0,0.007564747100390607,0.0006752313801243427,0.007032177628332116,-0.0009927172291609972,0.007564747100390607,0.0006752313801243427,-0.008523665053864211,5.912378907663659e-05,0.05718990111084871,0.29621334507546954
global_compatible,23,21,0,0,certified_reset,0,1,0.01612863511388267,0.01213476059549613,0.003993874518386541,0.0,0.0,0.0,0,0,0.007032177628332116,-0.0009927172291609972,0.0025658194714224336,-0.0015354942543668905,0.007032177628332116,-0.0009927172291609972,-0.005541264973333902,5.039655038350529e-05,0.05718990111084871,0.29621334507546954
global_compatible,24,0,2,2,certified_reset,0,1,0.1,0.09600612548161347,0.003993874518386541,0.08387136488611735,0.0,0.0,0,0,-5.747403397984748,-0.3351799181495982,-5.391499952179064,1.1594017243439207,-5.747403397984748,-0.3351799181495982,1.5499999999992875,33.11293052312211,0.05718990111084871,0.29621334507546954
global_compatible,24,1,2,2,certified_reset,0,1,0.09600612548161347,0.09201225096322693,0.003993874518386541,0.07987749036773081,0.0,0.0,0,0,-5.391499952179064,1.1594017243439207,-3.445837486550986,2.764221740542328,-5.391499952179064,1.1594017243439207,1.55,29.37029245886095,0.05718990111084871,0.29621334507546954
global_compatible,24,2,2,2,certified_reset,0,1,0.09201225096322693,0.0880183764448404,0.003993874518386541,0.07588361584934428,0.0,0.0,0,0,-3.445837486550986,2.764221740542328,-1.1769967438938793,1.747792155702101,-3.445837486550986,2.764221740542328,-0.9646742656470705,13.272426824249697,0.05718990111084871,0.29621334507546954
global_compatible,24,3,2,2,certified_reset,0,1,0.0880183764448404,0.08402450192645386,0.003993874518386541,0.07188974133095774,0.0,0.0,0,0,-1.1769967438938793,1.747792155702101,-0.11132786604463996,0.4137211656382131,-1.1769967438938793,1.747792155702101,-1.402654094462187,1.9843672333706661,0.05718990111084871,0.29621334507546954
global_compatible,24,4,0,0,certified_reset,0,1,0.08402450192645386,0.08003062740806732,0.003993874518386541,0.0678958668125712,0.0,0.0,0,0,-0.11132786604463996,0.4137211656382131,0.05487636808962314,-0.07930074235858439,-0.11132786604463996,0.4137211656382131,-0.49859396727182437,0.04941852888451724,0.05718990111084871,0.29621334507546954
global_compatible,24,5,0,0,certified_reset,0,1,0.08003062740806732,0.07603675288968079,0.003993874518386541,0.06390199229418467,0.0,0.0,0,0,0.05487636808962314,-0.07930074235858439,0.012177660761163714,-0.011441717794425342,0.05487636808962314,-0.07930074235858439,0.062173948720668365,0.004240005165147881,0.05718990111084871,0.29621334507546954
global_compatible,24,6,0,0,certified_reset,0,1,0.07603675288968079,0.07204287837129425,0.003993874518386541,0.05990811777579813,0.0,0.0,0,0,0.012177660761163714,-0.011441717794425342,0.007644339396975751,-0.011638153987598448,0.012177660761163714,-0.011441717794425342,0.004731134376103689,0.00017241933552181366,0.05718990111084871,0.29621334507546954
global_compatible,24,7,0,0,certified_reset,0,1,0.07204287837129425,0.06804900385290771,0.003993874518386541,0.05591424325741159,0.0,0.0,0,0,0.007644339396975751,-0.011638153987598448,0.001837099208298814,-0.009828184375099068,0.007644339396975751,-0.011638153987598448,0.009531333291311577,8.508747575693686e-05,0.05718990111084871,0.29621334507546954
global_compatible,24,8,0,0,certified_reset,0,1,0.06804900385290771,0.06405512933452118,0.003993874518386541,0.051920368739025044,0.0,0.0,0,0,0.001837099208298814,-0.009828184375099068,-0.004663979459550876,0.006355597180010496,0.001837099208298814,-0.009828184375099068,0.012647837677224298,2.4760905908836956e-05,0.05718990111084871,0.29621334507546954
global_compatible,24,9,0,0,certified_reset,0,1,0.06405512933452118,0.060061254816134634,0.003993874518386541,0.0479264942206385,0.0,0.0,0,0,-0.004663979459550876,0.006355597180010496,-0.006920877473286769,0.015956266673914435,-0.004663979459550876,0.006355597180010496,-0.004717901483185689,2.9580020051858955e-05,0.05718990111084871,0.29621334507546954
global_compatible,24,10,0,0,certified_reset,0,1,0.060061254816134634,0.05606738029774809,0.003993874518386541,0.04393261970225196,0.0,0.0,0,0,-0.006920877473286769,0.015956266673914435,0.00036541247857073536,-0.0008101491137533693,-0.006920877473286769,0.015956266673914435,-0.016613282766435863,0.00010062701441762016,0.05718990111084871,0.29621334507546954
global_compatible,24,11,0,0,certified_reset,0,1,0.05606738029774809,0.05207350577936155,0.003993874518386541,0.039938745183865414,0.0,0.0,0,0,0.00036541247857073536,-0.0008101491137533693,-0.005330932410810756,-0.006530743993188191,0.00036541247857073536,-0.0008101491137533693,0.0008292501993099146,2.68859162394363e-07,0.05718990111084871,0.29621334507546954
global_compatible,24,12,0,0,certified_reset,0,1,0.05207350577936155,0.048079631260975,0.003993874518386541,0.03594487066547887,0.0,0.0,0,0,-0.005330932410810756,-0.006530743993188191,-0.00015986575898774107,0.012498753649037117,-0.005330932410810756,-0.006530743993188191,0.014925429789086868,4.166516280717807e-05,0.05718990111084871,0.29621334507546954
global_compatible,24,13,0,0,certified_reset,0,1,0.048079631260975,0.04408575674258846,0.003993874518386541,0.03195099614709233,0.0,0.0,0,0,-0.00015986575898774107,0.012498753649037117,0.0032340050124773467,-0.02592142339028185,-0.00015986575898774107,0.012498753649037117,-0.018254864520981413,3.6475950728158735e-05,0.05718990111084871,0.29621334507546954
global_compatible,24,14,0,0,certified_reset,0,1,0.04408575674258846,0.040091882224201916,0.003993874518386541,0.027957121628705783,0.0,0.0,0,0,0.0032340050124773467,-0.02592142339028185,0.0027181068093377458,0.00999247603147847,0.0032340050124773467,-0.02592142339028185,0.034963670040424194,0.0001619658782922052,0.05718990111084871,0.29621334507546954
global_compatible,24,15,0,0,certified_reset,0,1,0.040091882224201916,0.03609800770581537,0.003993874518386541,0.023963247110319243,0.0,0.0,0,0,0.0027181068093377458,0.00999247603147847,-0.0002326117689651578,-0.000945953038816282,0.0027181068093377458,0.00999247603147847,-0.017427562853262673,3.2954027205219655e-05,0.05718990111084871,0.29621334507546954
global_compatible,24,16,0,0,certified_reset,0,1,0.03609800770581537,0.03210413318742883,0.003993874518386541,0.019969372591932703,0.0,0.0,0,0,-0.0002326117689651578,-0.000945953038816282,0.00019890410889636108,0.004360938667069913,-0.0002326117689651578,-0.000945953038816282,0.0016248882865551354,2.8118367095193857e-07,0.05718990111084871,0.29621334507546954
global_compatible,24,17,0,0,certified_reset,0,1,0.03210413318742883,0.02811025866904229,0.003993874518386541,0.015975498073546163,0.0,0.0,0,0,0.00019890410889636108,0.004360938667069913,0.002987046145150399,0.010981940993838153,0.00019890410889636108,0.004360938667069913,-0.006618863648231666,4.557998234813112e-06,0.05718990111084871,0.29621334507546954
global_compatible,24,18,0,0,certified_reset,0,1,0.02811025866904229,0.02411638415065575,0.003993874518386541,0.011981623555159623,0.0,0.0,0,0,0.002987046145150399,0.010981940993838153,0.008630319399924646,-0.015637354944243783,0.002987046145150399,0.010981940993838153,-0.01915053248513065,3.979956207344469e-05,0.05718990111084871,0.29621334507546954
global_compatible,24,19,0,0,certified_reset,0,1,0.02411638415065575,0.02012250963226921,0.003993874518386541,0.007987749036773082,0.0,0.0,0,0,0.008630319399924646,-0.015637354944243783,0.0037343976454150478,0.007645788682887979,0.008630319399924646,-0.015637354944243783,0.014439387745587177,0.00012370964744380883,0.05718990111084871,0.29621334507546954
global_compatible,24,20,0,0,certified_reset,0,1,0.02012250963226921,0.01612863511388267,0.003993874518386541,0.003993874518386541,0.0,0.0,0,0,0.0037343976454150478,0.007645788682887979,0.0036159181601237026,-0.010826723663685306,0.0037343976454150478,0.007645788682887979,-0.014981522604926346,3.007933148813745e-05,0.05718990111084871,0.29621334507546954
global_compatible,24,21,0,0,certified_reset,0,1,0.01612863511388267,0.01213476059549613,0.003993874518386541,0.0,0.0,0.0,0,0,0.0036159181601237026,-0.010826723663685306,0.006141869005374709,-0.004438994273788401,0.0036159181601237026,-0.010826723663685306,0.012349733821034789,3.7986992429137254e-05,0.05718990111084871,0.29621334507546954
global_compatible,25,0,0,0,certified_reset,0,1,0.1,0.09600612548161347,0.003993874518386541,0.08387136488611735,0.0,0.0,0,0,-1.7301524846376015,-0.5132021086760339,-1.4720928503132378,1.0382193626714793,-1.7301524846376015,-0.5132021086760339,1.55,3.100897872880581,0.05718990111084871,0.29621334507546954
global_compatible,25,1,0,0,certified_reset,0,1,0.09600612548161347,0.09201225096322693,0.003993874518386541,0.07987749036773081,0.0,0.0,0,0,-1.4720928503132378,1.0382193626714793,-0.46467123005871536,0.9749999307080849,-1.4720928503132378,1.0382193626714793,-0.0635380615888189,2.3611801871797895,0.05718990111084871,0.29621334507546954
global_compatible,25,2,0,0,certified_reset,0,1,0.09201225096322693,0.0880183764448404,0.003993874518386541,0.07588361584934428,0.0,0.0,0,0,-0.46467123005871536,0.9749999307080849,0.02730288200841189,-0.004027565437020741,-0.46467123005871536,0.9749999307080849,-0.9735627626572899,0.41072743904364056,0.05718990111084871,0.29621334507546954
global_compatible,25,3,0,0,certified_reset,0,1,0.0880183764448404,0.08402450192645386,0.003993874518386541,0.07188974133095774,0.0,0.0,0,0,0.02730288200841189,-0.004027565437020741,0.015763696681424296,-0.01940821133040692,0.02730288200841189,-0.004027565437020741,-0.02125485431771792,0.0007596614177698541,0.05718990111084871,0.29621334507546954
global_compatible,25,4,0,0,certified_reset,0,1,0.08402450192645386,0.08003062740806732,0.003993874518386541,0.0678958668125712,0.0,0.0,0,0,0.015763696681424296,-0.01940821133040692,0.012524671590851744,-0.004695513190496739,0.015763696681424296,-0.01940821133040692,0.012896718452253183,0.00032045442680309695,0.05718990111084871,0.29621334507546954
global_compatible,25,5,0,0,certified_reset,0,1,0.08003062740806732,0.07603675288968079,0.003993874518386541,0.06390199229418467,0.0,0.0,0,0,0.012524671590851744,-0.004695513190496739,-0.009071370761794604,-0.0021307946013247557,0.012524671590851744,-0.004695513190496739,-0.005554025582839798,0.00016160719040504291,0.05718990111084871,0.29621334507546954
global_compatible,25,6,0,0,certified_reset,0,1,0.07603675288968079,0.07204287837129425,0.003993874518386541,0.05990811777579813,0.0,0.0,0,0,-0.009071370761794604,-0.0021307946013247557,-0.008123791282714954,0.010790045430494832,-0.009071370761794604,-0.0021307946013247557,0.0121741267240802,8.681225294923734e-05,0.05718990111084871,0.29621334507546954
global_compatible,25,7,0,0,certified_reset,0,1,0.07204287837129425,0.06804900385290771,0.003993874518386541,0.05591424325741159,0.0,0.0,0,0,-0.008123791282714954,0.010790045430494832,0.002831034557755918,0.012220257391336076,-0.008123791282714954,0.010790045430494832,-0.007804150787606541,8.84751185135936e-05,0.05718990111084871,0.29621334507546954
global_compatible,25,8,0,0,certified_reset,0,1,0.06804900385290771,0.06405512933452118,0.003993874518386541,0.051920368739025044,0.0,0.0,0,0,0.002831034557755918,0.012220257391336076,0.00473470244927996,-0.010787836098392064,0.002831034557755918,0.012220257391336076,-0.020818554902791032,4.573030670111208e-05,0.05718990111084871,0.29621334507546954
global_compatible,25,9,0,0,certified_reset,0,1,0.06405512933452118,0.060061254816134634,0.003993874518386541,0.0479264942206385,0.0,0.0,0,0,0.00473470244927996,-0.010787836098392064,-0.00105010612349965,0.005728873811011253,0.00473470244927996,-0.010787836098392064,0.01117692405320082,4.6488431448931885e-05,0.05718990111084871,0.29621334507546954
global_compatible,25,10,0,0,certified_reset,0,1,0.060061254816134634,0.05606738029774809,0.003993874518386541,0.04393261970225196,0.0,0.0,0,0,-0.00105010612349965,0.005728873811011253,0.0022317673600705497,0.007212978221816188,-0.00105010612349965,0.005728873811011253,-0.007393160477568921,8.376792542436946e-06,0.05718990111084871,0.29621334507546954
global_compatible,25,11,0,0,certified_reset,0,1,0.05606738029774809,0.05207350577936155,0.003993874518386541,0.039938745183865414,0.0,0.0,0,0,0.0022317673600705497,0.007212978221816188,0.0032259835018709202,-0.011054923836535752,0.0022317673600705497,0.007212978221816188,-0.01284689388197501,1.8471722478955476e-05,0.05718990111084871,0.29621334507546954
global_compatible,25,12,0,0,certified_reset,0,1,0.05207350577936155,0.048079631260975,0.003993874518386541,0.03594487066547887,0.0,0.0,0,0,0.0032259835018709202,-0.011054923836535752,-0.00027738241057666496,-0.003918449274117584,0.0032259835018709202,-0.011054923836535752,0.013072576687978904,3.667731747160974e-05,0.05718990111084871,0.29621334507546954
global_compatible,25,13,0,0,certified_reset,0,1,0.048079631260975,0.04408575674258846,0.003993874518386541,0.03195099614709233,0.0,0.0,0,0,-0.00027738241057666496,-0.003918449274117584,-0.001288098047146454,-0.00025153010402054156,-0.00027738241057666496,-0.003918449274117584,0.0060518016810910255,3.7563126398685973e-06,0.05718990111084871,0.29621334507546954
global_compatible,25,14,0,0,certified_reset,0,1,0.04408575674258846,0.040091882224201916,0.003993874518386541,0.027957121628705783,0.0,0.0,0,0,-0.001288098047146454,-0.00025153010402054156,-0.006456749299026232,0.004383614588068286,-0.001288098047146454,-0.00025153010402054156,0.0016550986203227923,1.7390684959185138e-06,0.05718990111084871,0.29621334507546954
global_compatible,25,15,0,0,certified_reset,0,1,0.040091882224201916,0.03609800770581537,0.003993874518386541,0.023963247110319243,0.0,0.0,0,0,-0.006456749299026232,0.004383614588068286,-0.008136449435310337,0.017050522932743783,-0.006456749299026232,0.004383614588068286,-3.0427094657782533e-05,4.514852848988849e-05,0.05718990111084871,0.29621334507546954
global_compatible,25,16,0,0,certified_reset,0,1,0.03609800770581537,0.03210413318742883,0.003993874518386541,0.019969372591932703,0.0,0.0,0,0,-0.008136449435310337,0.017050522932743783,0.00324073276722266,-0.0031661869358013016,-0.008136449435310337,0.017050522932743783,-0.017014585899736666,0.00012576887255725372,0.05718990111084871,0.29621334507546954
global_compatible,25,17,0,0,certified_reset,0,1,0.03210413318742883,0.02811025866904229,0.003993874518386541,0.015975498073546163,0.0,0.0,0,0,0.00324073276722266,-0.0031661869358013016,-0.0057092011827337575,0.0007140764499838741,0.00324073276722266,-0.0031661869358013016,0.0014356956873659249,1.2358332569457656e-05,0.05718990111084871,0.29621334507546954
global_compatible,25,18,0,0,certified_reset,0,1,0.02811025866904229,0.02411638415065575,0.003993874518386541,0.011981623555159623,0.0,0.0,0,0,-0.0057092011827337575,0.0007140764499838741,0.0007129043893828717,0.01830098915279961,-0.0057092011827337575,0.0007140764499838741,0.004630505767172609,3.322280066817989e-05,0.05718990111084871,0.29621334507546954
global_compatible,25,19,0,0,certified_reset,0,1,0.02411638415065575,0.02012250963226921,0.003993874518386541,0.007987749036773082,0.0,0.0,0,0,0.0007129043893828717,0.01830098915279961,0.0012911254439705202,-0.00010855258413849586,0.0007129043893828717,0.01830098915279961,-0.027671368934089658,7.993756585032393e-05,0.05718990111084871,0.29621334507546954
global_compatible,25,20,0,0,certified_reset,0,1,0.02012250963226921,0.01612863511388267,0.003993874518386541,0.003993874518386541,0.0,0.0,0,0,0.0012911254439705202,-0.00010855258413849586,0.0068269266916051955,-0.00955741339581035,0.0012911254439705202,-0.00010855258413849586,-0.0011258196792841184,1.7008127202588241e-06,0.05718990111084871,0.29621334507546954
global_compatible,25,21,0,0,certified_reset,0,1,0.01612863511388267,0.01213476059549613,0.003993874518386541,0.0,0.0,0.0,0,0,0.0068269266916051955,-0.00955741339581035,0.002338909065045633,-0.0061428297759323295,0.0068269266916051955,-0.00955741339581035,0.00727825874496855,6.437320145883396e-05,0.05718990111084871,0.29621334507546954
global_compatible,26,0,0,0,certified_reset,0,1,0.1,0.09600612548161347,0.003993874518386541,0.08387136488611735,0.0,0.0,0,0,-5.8635800412127415,0.2030087465929009,-4.886051075479295,1.7641186305158594,-5.8635800412127415,0.2030087465929009,1.55,34.449051658923196,0.05718990111084871,0.29621334507546954
global_compatible,26,1,0,0,certified_reset,0,1,0.09600612548161347,0.09201225096322693,0.003993874518386541,0.07987749036773081,0.0,0.0,0,0,-4.886051075479295,1.7641186305158594,-2.6316032487328442,2.7364015090246823,-4.886051075479295,1.7641186305158594,0.9729292756229907,24.45734051423245,0.05718990111084871,0.29621334507546954
global_compatible,26,2,0,0,certified_reset,0,1,0.09201225096322693,0.0880183764448404,0.003993874518386541,0.07588361584934428,0.0,0.0,0,0,-2.6316032487328442,2.7364015090246823,-0.6076487373683679,1.3281378701463324,-2.6316032487328442,2.7364015090246823,-1.4217012074704094,8.32368729617099,0.05718990111084871,0.29621334507546954
global_compatible,26,3,0,0,certified_reset,0,1,0.0880183764448404,0.08402450192645386,0.003993874518386541,0.07188974133095774,0.0,0.0,0,0,-0.6076487373683679,1.3281378701463324,0.03825535390239494,-0.024002279124620187,-0.6076487373683679,1.3281378701463324,-1.3513947993883573,0.7324047220017498,0.05718990111084871,0.29621334507546954
global_compatible,26,4,0,0,certified_reset,0,1,0.08402450192645386,0.08003062740806732,0.003993874518386541,0.0678958668125712,0.0,0.0,0,0,0.03825535390239494,-0.024002279124620187,0.015817923412417813,-0.022993070974062446,0.03825535390239494,-0.024002279124620187,-0.00273449180933474,0.001567358730905579,0.05718990111084871,0.29621334507546954
global_compatible,26,5,0,0,certified_reset,0,1,0.08003062740806732,0.07603675288968079,0.003993874518386541,0.06390199229418467,0.0,0.0,0,0,0.015817923412417813,-0.022993070974062446,-0.004446753628656729,-0.002975158342766719,0.015817923412417813,-0.022993070974062446,0.018122520029458297,0.00035357998069385763,0.05718990111084871,0.29621334507546954
global_compatible,26,6,0,0,certified_reset,0,1,0.07603675288968079,0.07204287837129425,0.003993874518386541,0.05990811777579813,0.0,0.0,0,0,-0.004446753628656729,-0.002975158342766719,0.0012683905893938483,0.010223405449141368,-0.004446753628656729,-0.002975158342766719,0.008805696783022222,2.3305407319451173e-05,0.05718990111084871,0.29621334507546954
global_compatible,26,7,0,0,certified_reset,0,1,0.07204287837129425,0.06804900385290771,0.003993874518386541,0.05591424325741159,0.0,0.0,0,0,0.0012683905893938483,0.010223405449141368,0.002915603077995522,-0.007335655239809273,0.0012683905893938483,0.010223405449141368,-0.016324023033636663,2.7083901303286397e-05,0.05718990111084871,0.29621334507546954
global_compatible,26,8,0,0,certified_reset,0,1,0.06804900385290771,0.06405512933452118,0.003993874518386541,0.051920368739025044,0.0,0.0,0,0,0.002915603077995522,-0.007335655239809273,0.0014569479513927444,0.010130340865457837,0.002915603077995522,-0.007335655239809273,0.007902484570471435,1.9748103671601863e-05,0.05718990111084871,0.29621334507546954
global_compatible,26,9,0,0,certified_reset,0,1,0.06405512933452118,0.060061254816134634,0.003993874518386541,0.0479264942206385,0.0,0.0,0,0,0.0014569479513927444,0.010130340865457837,-0.0004099198873448156,-0.009785278029625241,0.0014569479513927444,0.010130340865457837,-0.016373238641070275,2.729705601206914e-05,0.05718990111084871,0.29621334507546954
global_compatible,26,10,0,0,certified_reset,0,1,0.060061254816134634,0.05606738029774809,0.003993874518386541,0.04393261970225196,0.0,0.0,0,0,-0.0004099198873448156,-0.009785278029625241,-0.00226101695815887,0.006537349234270842,-0.0004099198873448156,-0.009785278029625241,0.014825426377091215,2.2898165896676543e-05,0.05718990111084871,0.29621334507546954
global_compatible,26,11,0,0,certified_reset,0,1,0.05606738029774809,0.05207350577936155,0.003993874518386541,0.039938745183865414,0.0,0.0,0,0,-0.00226101695815887,0.006537349234270842,-0.0027205367217970453,0.005187096380705002,-0.00226101695815887,0.006537349234270842,-0.007378987305811861,1.4166082328513186e-05,0.05718990111084871,0.29621334507546954
global_compatible,26,12,0,0,certified_reset,0,1,0.05207350577936155,0.048079631260975,0.003993874518386541,0.03594487066547887,0.0,0.0,0,0,-0.0027205367217970453,0.005187096380705002,0.010533059197889615,0.00412129911166966,-0.0027205367217970453,0.005187096380705002,-0.004933450105024515,1.28528676984055e-05,0.05718990111084871,0.29621334507546954
global_compatible,26,13,0,0,certified_reset,0,1,0.048079631260975,0.04408575674258846,0.003993874518386541,0.03195099614709233,0.0,0.0,0,0,0.010533059197889615,0.00412129911166966,2.770032424988505e-05,-0.006270505174248102,0.010533059197889615,0.00412129911166966,-0.01655957565773841,0.00012085814386156894,0.05718990111084871,0.29621334507546954
global_compatible,26,14,0,0,certified_reset,0,1,0.04408575674258846,0.040091882224201916,0.003993874518386541,0.027957121628705783,0.0,0.0,0,0,2.770032424988505e-05,-0.006270505174248102,-5.530191653025534e-05,0.011223461775099919,2.770032424988505e-05,-0.006270505174248102,0.009212779924561477,9.200112481672622e-06,0.05718990111084871,0.29621334507546954
global_compatible,26,15,0,0,certified_reset,0,1,0.040091882224201916,0.03609800770581537,0.003993874518386541,0.023963247110319243,0.0,0.0,0,0,-5.530191653025534e-05,0.011223461775099919,0.010577707087508152,-0.003106308554945121,-5.530191653025534e-05,0.011223461775099919,-0.016479008813487246,2.94658985479299e-05,0.05718990111084871,0.29621334507546954
global_compatible,26,16,0,0,certified_reset,0,1,0.03609800770581537,0.03210413318742883,0.003993874518386541,0.019969372591932703,0.0,0.0,0,0,0.010577707087508152,-0.003106308554945121,0.006251903099507609,-0.0059853690106213015,0.010577707087508152,-0.003106308554945121,-0.005955645140369343,0.00011451147746600486,0.05718990111084871,0.29621334507546954
global_compatible,26,17,0,0,certified_reset,0,1,0.03210413318742883,0.02811025866904229,0.003993874518386541,0.015975498073546163,0.0,0.0,0,0,0.006251903099507609,-0.0059853690106213015,0.0022554116457287506,-0.002813481620220985,0.006251903099507609,-0.0059853690106213015,0.0025901139638109636,4.570244521906611e-05,0.05718990111084871,0.29621334507546954
global_compatible,26,18,0,0,certified_reset,0,1,0.02811025866904229,0.02411638415065575,0.003993874518386541,0.011981623555159623,0.0,0.0,0,0,0.0022554116457287506,-0.002813481620220985,0.004725987501735162,0.0007756080337251523,0.0022554116457287506,-0.002813481620220985,0.0018976577688012378,6.601731505793997e-06,0.05718990111084871,0.29621334507546954
global_compatible,26,19,0,0,certified_reset,0,1,0.02411638415065575,0.02012250963226921,0.003993874518386541,0.007987749036773082,0.0,0.0,0,0,0.004725987501735162,0.0007756080337251523,0.0007795089292140761,-0.008477544962024849,0.004725987501735162,0.0007756080337251523,-0.005845281857725917,2.3297423074419672e-05,0.05718990111084871,0.29621334507546954
global_compatible,26,20,0,0,certified_reset,0,1,0.02012250963226921,0.01612863511388267,0.003993874518386541,0.003993874518386541,0.0,0.0,0,0,0.0007795089292140761,-0.008477544962024849,0.003371988003937067,-0.006771699435375561,0.0007795089292140761,-0.008477544962024849,0.011709469745035344,1.6971804558439447e-05,0.05718990111084871,0.29621334507546954
global_compatible,26,21,0,0,certified_reset,0,1,0.01612863511388267,0.01213476059549613,0.003993874518386541,0.0,0.0,0.0,0,0,0.003371988003937067,-0.006771699435375561,-0.003188279508434018,-0.004083336429815587,0.003371988003937067,-0.006771699435375561,0.006618391291300419,2.0719445064566343e-05,0.05718990111084871,0.29621334507546954
global_compatible,27,0,0,0,certified_reset,0,1,0.1,0.09600612548161347,0.003993874518386541,0.08387136488611735,0.0,0.0,0,0,-2.580835240645139,-0.22460726272901327,-2.0218281718535405,1.3393219994137153,-2.580835240645139,-0.22460726272901327,1.549999999999972,6.729853755400562,0.05718990111084871,0.29621334507546954
global_compatible,27,1,2,2,certified_reset,0,1,0.09600612548161347,0.09201225096322693,0.003993874518386541,0.07987749036773081,0.0,0.0,0,0,-2.0218281718535405,1.3393219994137153,-0.7341184182063654,1.369420181692415,-2.0218281718535405,1.3393219994137153,0.022047524429276988,4.410682324094405,0.05718990111084871,0.29621334507546954
global_compatible,27,2,2,2,certified_reset,0,1,0.09201225096322693,0.0880183764448404,0.003993874518386541,0.07588361584934428,0.0,0.0,0,0,-0.7341184182063654,1.369420181692415,-0.0230069169400059,0.13517365764854727,-0.7341184182063654,1.369420181692415,-1.286275349579397,0.9178485529479735,0.05718990111084871,0.29621334507546954
global_compatible,27,3,2,2,certified_reset,0,1,0.0880183764448404,0.08402450192645386,0.003993874518386541,0.07188974133095774,0.0,0.0,0,0,-0.0230069169400059,0.13517365764854727,0.02552230002948313,-0.05958876394882036,-0.0230069169400059,0.13517365764854727,-0.17621306936076414,0.004594539562398466,0.05718990111084871,0.29621334507546954
global_compatible,27,4,2,2,certified_reset,0,1,0.08402450192645386,0.08003062740806732,0.003993874518386541,0.0678958668125712,0.0,0.0,0,0,0.02552230002948313,-0.05958876394882036,0.03975951843452925,0.04305702708260989,0.02552230002948313,-0.05958876394882036,0.06236953088494651,0.0013877845003758438,0.05718990111084871,0.29621334507546954
global_compatible,27,5,2,2,certified_reset,0,1,0.08003062740806732,0.07603675288968079,0.003993874518386541,0.06390199229418467,0.0,0.0,0,0,0.03975951843452925,0.04305702708260989,0.00808960320454909,-0.1496210773390131,0.03975951843452925,0.04305702708260989,-0.10301870303652688,0.002179844000143542,0.05718990111084871,0.29621334507546954
global_compatible,27,6,2,2,certified_reset,0,1,0.07603675288968079,0.07204287837129425,0.003993874518386541,0.05990811777579813,0.0,0.0,0,0,0.00808960320454909,-0.1496210773390131,-0.03378735396559309,0.04375972126521735,0.00808960320454909,-0.1496210773390131,0.21235382227879043,0.005222359347053002,0.05718990111084871,0.29621334507546954
global_compatible,27,7,2,2,certified_reset,0,1,0.07204287837129425,0.06804900385290771,0.003993874518386541,0.05591424325741159,0.0,0.0,0,0,-0.03378735396559309,0.04375972126521735,0.008264149441758234,0.017841736991870805,-0.03378735396559309,0.04375972126521735,-0.030822217563737802,0.0015100198923226518,0.05718990111084871,0.29621334507546954
global_compatible,27,8,0,0,certified_reset,0,1,0.06804900385290771,0.06405512933452118,0.003993874518386541,0.051920368739025044,0.0,0.0,0,0,0.008264149441758234,0.017841736991870805,0.008597453371877716,-0.017279842216849944,0.008264149441758234,0.017841736991870805,-0.034513392980813434,0.00015537448757159088,0.05718990111084871,0.29621334507546954
global_compatible,27,9,0,0,certified_reset,0,1,0.06405512933452118,0.060061254816134634,0.003993874518386541,0.0479264942206385,0.0,0.0,0,0,0.008597453371877716,-0.017279842216849944,-0.007281740706724308,-0.011310841374420875,0.008597453371877716,-0.017279842216849944,0.0168954074851379,0.00013479930480089417,0.05718990111084871,0.29621334507546954
global_compatible,27,10,0,0,certified_reset,0,1,0.060061254816134634,0.05606738029774809,0.003993874518386541,0.04393261970225196,0.0,0.0,0,0,-0.007281740706724308,-0.011310841374420875,-0.005877275142239739,0.014720190074469394,-0.007281740706724308,-0.011310841374420875,0.02391274916052884,9.034756089784113e-05,0.05718990111084871,0.29621334507546954
global_compatible,27,11,1,1,certified_reset,0,1,0.05606738029774809,0.05207350577936155,0.003993874518386541,0.039938745183865414,0.0,0.0,0,0,-0.005877275142239739,0.014720190074469394,0.012194880699274846,0.020360482165898704,-0.005877275142239739,0.014720190074469394,-0.01583392594859786,7.981331262036246e-05,0.05718990111084871,0.29621334507546954
global_compatible,27,12,1,1,certified_reset,0,1,0.05207350577936155,0.048079631260975,0.003993874518386541,0.03594487066547887,0.0,0.0,0,0,0.012194880699274846,0.020360482165898704,0.022759772413117673,-0.009837295168111349,0.012194880699274846,0.020360482165898704,-0.042139909957831144,0.0002677282776759173,0.05718990111084871,0.29621334507546954
global_compatible,27,13,1,1,certified_reset,0,1,0.048079631260975,0.04408575674258846,0.003993874518386541,0.03195099614709233,0.0,0.0,0,0,0.022759772413117673,-0.009837295168111349,0.014125626555688617,-0.03852166145269604,0.022759772413117673,-0.009837295168111349,-0.008171861426647775,0.0005370957509967391,0.05718990111084871,0.29621334507546954
global_compatible,27,14,1,1,certified_reset,0,1,0.04408575674258846,0.040091882224201916,0.003993874518386541,0.027957121628705783,0.0,0.0,0,0,0.014125626555688617,-0.03852166145269604,0.006147197733566281,0.0036097387578039007,0.014125626555688617,-0.03852166145269604,0.042683145097635405,0.0005121849096701234,0.05718990111084871,0.29621334507546954
global_compatible,27,15,1,1,certified_reset,0,1,0.040091882224201916,0.03609800770581537,0.003993874518386541,0.023963247110319243,0.0,0.0,0,0,0.006147197733566281,0.0036097387578039007,-0.0047090950593917475,-0.029533498710301073,0.006147197733566281,0.0036097387578039007,-0.011434587129534312,4.3402223048061705e-05,0.05718990111084871,0.29621334507546954
global_compatible,27,16,1,1,certified_reset,0,1,0.03609800770581537,0.03210413318742883,0.003993874518386541,0.019969372591932703,0.0,0.0,0,0,-0.0047090950593917475,-0.029533498710301073,-0.003222261156494971,-0.0022801093788576143,-0.0047090950593917475,-0.029533498710301073,0.04819890719045213,0.00023725490093007715,0.05718990111084871,0.29621334507546954
global_compatible,27,17,1,1,certified_reset,0,1,0.03210413318742883,0.02811025866904229,0.003993874518386541,0.015975498073546163,0.0,0.0,0,0,-0.003222261156494971,-0.0022801093788576143,0.010123559699977101,0.02112907772641674,-0.003222261156494971,-0.0022801093788576143,0.006567648416978726,1.239711888420219e-05,0.05718990111084871,0.29621334507546954
global_compatible,27,18,1,1,certified_reset,0,1,0.02811025866904229,0.02411638415065575,0.003993874518386541,0.011981623555159623,0.0,0.0,0,0,0.010123559699977101,0.02112907772641674,0.02036169374859233,-0.0180558327534713,0.010123559699977101,0.02112907772641674,-0.041208622581716516,0.00022529905197847216,0.05718990111084871,0.29621334507546954
global_compatible,27,19,1,1,certified_reset,0,1,0.02411638415065575,0.02012250963226921,0.003993874518386541,0.007987749036773082,0.0,0.0,0,0,0.02036169374859233,-0.0180558327534713,0.000863888673540052,-0.0287049451706971,0.02036169374859233,-0.0180558327534713,0.0063199766748096966,0.0004742794822965563,0.05718990111084871,0.29621334507546954
global_compatible,27,20,2,2,certified_reset,0,1,0.02012250963226921,0.01612863511388267,0.003993874518386541,0.003993874518386541,0.0,0.0,0,0,0.000863888673540052,-0.0287049451706971,-0.052659713787428765,0.02431174566137461,0.000863888673540052,-0.0287049451706971,0.041427005213387255,0.000191966520569512,0.05718990111084871,0.29621334507546954
global_compatible,27,21,2,2,certified_reset,0,1,0.01612863511388267,0.01213476059549613,0.003993874518386541,0.0,0.0,0.0,0,0,-0.052659713787428765,0.02431174566137461,-0.003112895383583409,0.11192170012831876,-0.052659713787428765,0.02431174566137461,0.016624499754037004,0.0028863457818543207,0.05718990111084871,0.29621334507546954
global_compatible,28,0,0,0,certified_reset,0,1,0.1,0.09600612548161347,0.003993874518386541,0.08387136488611735,0.0,0.0,0,0,-1.797471277598933,0.056406050993820456,-0.9640833761373443,1.6091461608727382,-1.797471277598933,0.056406050993820456,1.55,3.29153818945911,0.05718990111084871,0.29621334507546954
global_compatible,28,1,0,0,certified_reset,0,1,0.09600612548161347,0.09201225096322693,0.003993874518386541,0.07987749036773081,0.0,0.0,0,0,-0.9640833761373443,1.6091461608727382,-0.0645360812920562,0.20521289691394673,-0.9640833761373443,1.6091461608727382,-1.4104241992045026,1.4452724127561867,0.05718990111084871,0.29621334507546954
global_compatible,28,2,0,0,certified_reset,0,1,0.09201225096322693,0.0880183764448404,0.003993874518386541,0.07588361584934428,0.0,0.0,0,0,-0.0645360812920562,0.20521289691394673,0.016080961882197042,-0.03617519602299063,-0.0645360812920562,0.20521289691394673,-0.23803505512124198,0.013161642925965748,0.05718990111084871,0.29621334507546954
global_compatible,28,3,0,0,certified_reset,0,1,0.0880183764448404,0.08402450192645386,0.003993874518386541,0.07188974133095774,0.0,0.0,0,0,0.016080961882197042,-0.03617519602299063,-0.00029372541017938254,-0.004744209747162046,0.016080961882197042,-0.03617519602299063,0.03727929580803083,0.0005288970477695644,0.05718990111084871,0.29621334507546954
global_compatible,28,4,0,0,certified_reset,0,1,0.08402450192645386,0.08003062740806732,0.003993874518386541,0.0678958668125712,0.0,0.0,0,0,-0.00029372541017938254,-0.004744209747162046,0.004624824367028109,-0.0005058655832740574,-0.00029372541017938254,-0.004744209747162046,0.007282879253835499,5.46363757474586e-06,0.05718990111084871,0.29621334507546954
global_compatible,28,5,0,0,certified_reset,0,1,0.08003062740806732,0.07603675288968079,0.003993874518386541,0.06390199229418467,0.0,0.0,0,0,0.004624824367028109,-0.0005058655832740574,-0.000633822677303194,-0.007805410148851628,0.004624824367028109,-0.0005058655832740574,-0.003858507020096195,2.1807264334361657e-05,0.05718990111084871,0.29621334507546954
global_compatible,28,6,0,0,certified_reset,0,1,0.07603675288968079,0.07204287837129425,0.003993874518386541,0.05990811777579813,0.0,0.0,0,0,-0.000633822677303194,-0.007805410148851628,0.010683419229399752,0.002934183493979385,-0.000633822677303194,-0.007805410148851628,0.012127526369594742,1.5045050548917461e-05,0.05718990111084871,0.29621334507546954
global_compatible,28,7,0,0,certified_reset,0,1,0.07204287837129425,0.06804900385290771,0.003993874518386541,0.05591424325741159,0.0,0.0,0,0,0.010683419229399752,0.002934183493979385,-0.0015878933679033067,-0.015889096026582887,0.010683419229399752,0.002934183493979385,-0.014964012170793867,0.00012128318583704147,0.05718990111084871,0.29621334507546954
global_compatible,28,8,0,0,certified_reset,0,1,0.06804900385290771,0.06405512933452118,0.003993874518386541,0.051920368739025044,0.0,0.0,0,0,-0.0015878933679033067,-0.015889096026582887,-0.008023109368711031,0.005624856661547774,-0.0015878933679033067,-0.015889096026582887,0.02499057432282949,6.357803253000791e-05,0.05718990111084871,0.29621334507546954
global_compatible,28,9,0,0,certified_reset,0,1,0.06405512933452118,0.060061254816134634,0.003993874518386541,0.0479264942206385,0.0,0.0,0,0,-0.008023109368711031,0.005624856661547774,-0.006645437333959484,-0.007305213898920859,-0.008023109368711031,0.005624856661547774,-0.00029711419267840585,7.00675131067185e-05,0.05718990111084871,0.29621334507546954
global_compatible,28,10,0,0,certified_reset,0,1,0.060061254816134634,0.05606738029774809,0.003993874518386541,0.04393261970225196,0.0,0.0,0,0,-0.006645437333959484,-0.007305213898920859,-0.007438759722521176,-0.00138049159895552,-0.006645437333959484,-0.007305213898920859,0.01737802584786507,6.131763893842677e-05,0.05718990111084871,0.29621334507546954
global_compatible,28,11,0,0,certified_reset,0,1,0.05606738029774809,0.05207350577936155,0.003993874518386541,0.039938745183865414,0.0,0.0,0,0,-0.007438759722521176,-0.00138049159895552,-0.008228993436256642,0.009473302697507005,-0.007438759722521176,-0.00138049159895552,0.009444972078760978,5.790836991847931e-05,0.05718990111084871,0.29621334507546954
global_compatible,28,12,0,0,certified_reset,0,1,0.05207350577936155,0.048079631260975,0.003993874518386541,0.03594487066547887,0.0,0.0,0,0,-0.008228993436256642,0.009473302697507005,0.003873046413754316,0.017333165695547777,-0.008228993436256642,0.009473302697507005,-0.0057590813074405636,8.469933193134451e-05,0.05718990111084871,0.29621334507546954
global_compatible,28,13,0,0,certified_reset,0,1,0.048079631260975,0.04408575674258846,0.003993874518386541,0.03195099614709233,0.0,0.0,0,0,0.003873046413754316,0.017333165695547777,0.005498103735280143,-0.008975608508226363,0.003873046413754316,0.017333165695547777,-0.029392205090437093,9.067698547032965e-05,0.05718990111084871,0.29621334507546954
global_compatible,28,14,0,0,certified_reset,0,1,0.04408575674258846,0.040091882224201916,0.003993874518386541,0.027957121628705783,0.0,0.0,0,0,0.005498103735280143,-0.008975608508226363,0.001030640791269501,0.018098363939385513,0.005498103735280143,-0.008975608508226363,0.007744878486612257,4.6229801909941385e-05,0.05718990111084871,0.29621334507546954
global_compatible,28,15,0,0,certified_reset,0,1,0.040091882224201916,0.03609800770581537,0.003993874518386541,0.023963247110319243,0.0,0.0,0,0,0.001030640791269501,0.018098363939385513,3.804601159758305e-05,0.007108453817833878,0.001030640791269501,0.018098363939385513,-0.02768548663076702,7.918351460102908e-05,0.05718990111084871,0.29621334507546954
global_compatible,28,16,0,0,certified_reset,0,1,0.03609800770581537,0.03210413318742883,0.003993874518386541,0.019969372591932703,0.0,0.0,0,0,3.804601159758305e-05,0.007108453817833878,0.007618364308074198,-0.0018760406681602125,3.804601159758305e-05,0.007108453817833878,-0.010509137701218835,1.1857917702027826e-05,0.05718990111084871,0.29621334507546954
global_compatible,28,17,0,0,certified_reset,0,1,0.03210413318742883,0.02811025866904229,0.003993874518386541,0.015975498073546163,0.0,0.0,0,0,0.007618364308074198,-0.0018760406681602125,-0.00119087328733646,0.006710661243647661,0.007618364308074198,-0.0018760406681602125,-0.004824593401551465,5.925490741374258e-05,0.05718990111084871,0.29621334507546954
global_compatible,28,18,0,0,certified_reset,0,1,0.02811025866904229,0.02411638415065575,0.003993874518386541,0.011981623555159623,0.0,0.0,0,0,-0.00119087328733646,0.006710661243647661,-0.0010782989718637662,-0.0003433623960600637,-0.00119087328733646,0.006710661243647661,-0.008700727267736047,1.1416680940038744e-05,0.05718990111084871,0.29621334507546954
global_compatible,28,19,0,0,certified_reset,0,1,0.02411638415065575,0.02012250963226921,0.003993874518386541,0.007987749036773082,0.0,0.0,0,0,-0.0010782989718637662,-0.0003433623960600637,0.001848074780389512,0.011022567844928803,-0.0010782989718637662,-0.0003433623960600637,0.0015746082033131256,1.2459350398760395e-06,0.05718990111084871,0.29621334507546954
global_compatible,28,20,0,0,certified_reset,0,1,0.02012250963226921,0.01612863511388267,0.003993874518386541,0.003993874518386541,0.0,0.0,0,0,0.001848074780389512,0.011022567844928803,-0.003430474505932951,-0.010830077564661048,0.001848074780389512,0.011022567844928803,-0.018076826356677508,3.345413201343902e-05,0.05718990111084871,0.29621334507546954
global_compatible,28,21,0,0,certified_reset,0,1,0.01612863511388267,0.01213476059549613,0.003993874518386541,0.0,0.0,0.0,0,0,-0.003430474505932951,-0.010830077564661048,-0.007908162575529709,0.012843638325540986,-0.003430474505932951,-0.010830077564661048,0.019372539011382906,4.226284143972816e-05,0.05718990111084871,0.29621334507546954
global_compatible,29,0,0,0,certified_reset,0,1,0.1,0.09600612548161347,0.003993874518386541,0.08387136488611735,0.0,0.0,0,0,5.974698342483739,0.36053528026867754,5.564513656228998,-1.195915835658787,5.974698342483739,0.36053528026867754,-1.5499999999990726,35.78048020757519,0.05718990111084871,0.29621334507546954
global_compatible,29,1,0,0,certified_reset,0,1,0.09600612548161347,0.09201225096322693,0.003993874518386541,0.07987749036773081,0.0,0.0,0,0,5.564513656228998,-1.195915835658787,3.600866756540689,-2.741096583681643,5.564513656228998,-1.195915835658787,-1.5499999999999998,31.281313373835314,0.05718990111084871,0.29621334507546954
global_compatible,29,2,0,0,certified_reset,0,1,0.09201225096322693,0.0880183764448404,0.003993874518386541,0.07588361584934428,0.0,0.0,0,0,3.600866756540689,-2.741096583681643,1.2813757294936354,-1.8990377186460794,3.600866756540689,-2.741096583681643,0.8407719660593528,14.336363722425457,0.05718990111084871,0.29621334507546954
global_compatible,29,3,0,0,certified_reset,0,1,0.0880183764448404,0.08402450192645386,0.003993874518386541,0.07188974133095774,0.0,0.0,0,0,1.2813757294936354,-1.8990377186460794,0.1452252747637695,-0.3784777980046474,1.2813757294936354,-1.8990377186460794,1.52151331993967,2.3489407959354835,0.05718990111084871,0.29621334507546954
global_compatible,29,4,0,0,certified_reset,0,1,0.08402450192645386,0.08003062740806732,0.003993874518386541,0.0678958668125712,0.0,0.0,0,0,0.1452252747637695,-0.3784777980046474,-0.02060798365945068,0.04545494486081035,0.1452252747637695,-0.3784777980046474,0.4129232440242261,0.051137200411440015,0.05718990111084871,0.29621334507546954
global_compatible,29,5,0,0,certified_reset,0,1,0.08003062740806732,0.07603675288968079,0.003993874518386541,0.06390199229418467,0.0,0.0,0,0,-0.02060798365945068,0.04545494486081035,0.0032305326918347227,0.0032611374468590098,-0.02060798365945068,0.04545494486081035,-0.04643878536260397,0.000850510372370912,0.05718990111084871,0.29621334507546954
global_compatible,29,6,0,0,certified_reset,0,1,0.07603675288968079,0.07204287837129425,0.003993874518386541,0.05990811777579813,0.0,0.0,0,0,0.0032305326918347227,0.0032611374468590098,0.004154495517747065,-0.016370062123464747,0.0032305326918347227,0.0032611374468590098,-0.008023418468215736,1.3960025711430631e-05,0.05718990111084871,0.29621334507546954
global_compatible,29,7,0,0,certified_reset,0,1,0.07204287837129425,0.06804900385290771,0.003993874518386541,0.05591424325741159,0.0,0.0,0,0,0.004154495517747065,-0.016370062123464747,-0.00826253687538431,-0.006008010531417602,0.004154495517747065,-0.016370062123464747,0.01997938805418927,7.547543978917459e-05,0.05718990111084871,0.29621334507546954
global_compatible,29,8,0,0,certified_reset,0,1,0.06804900385290771,0.06405512933452118,0.003993874518386541,0.051920368739025044,0.0,0.0,0,0,-0.00826253687538431,-0.006008010531417602,-0.010894136030367315,0.007266553727074994,-0.00826253687538431,-0.006008010531417602,0.017076352325947224,8.205687513429506e-05,0.05718990111084871,0.29621334507546954
global_compatible,29,9,0,0,certified_reset,0,1,0.06405512933452118,0.060061254816134634,0.003993874518386541,0.0479264942206385,0.0,0.0,0,0,-0.010894136030367315,0.007266553727074994,0.0022837636026303955,0.016662418373309243,-0.010894136030367315,0.007266553727074994,0.00014379522551330448,0.00012818722132714347,0.05718990111084871,0.29621334507546954
global_compatible,29,10,0,0,certified_reset,0,1,0.060061254816134634,0.05606738029774809,0.003993874518386541,0.04393261970225196,0.0,0.0,0,0,0.0022837636026303955,0.016662418373309243,0.011533412909010367,-0.0187233666749071,0.0022837636026303955,0.016662418373309243,-0.026822892028081993,7.31767780999478e-05,0.05718990111084871,0.29621334507546954
global_compatible,29,11,0,0,certified_reset,0,1,0.05606738029774809,0.05207350577936155,0.003993874518386541,0.039938745183865414,0.0,0.0,0,0,0.011533412909010367,-0.0187233666749071,-0.009771409350065825,-0.0021805416527858517,0.011533412909010367,-0.0187233666749071,0.016095920858429313,0.00020259818277249138,0.05718990111084871,0.29621334507546954
global_compatible,29,12,0,0,certified_reset,0,1,0.05207350577936155,0.048079631260975,0.003993874518386541,0.03594487066547887,0.0,0.0,0,0,-0.009771409350065825,-0.0021805416527858517,-0.009234526776916833,0.0021585495087099327,-0.009771409350065825,-0.0021805416527858517,0.012941018988866704,0.00010052304714022517,0.05718990111084871,0.29621334507546954
global_compatible,29,13,0,0,certified_reset,0,1,0.048079631260975,0.04408575674258846,0.003993874518386541,0.03195099614709233,0.0,0.0,0,0,-0.009234526776916833,0.0021585495087099327,-0.007549995493575821,0.015895234602372132,-0.009234526776916833,0.0021585495087099327,0.006018895550086131,8.702084286134448e-05,0.05718990111084871,0.29621334507546954
global_compatible,29,14,0,0,certified_reset,0,1,0.04408575674258846,0.040091882224201916,0.003993874518386541,0.027957121628705783,0.0,0.0,0,0,-0.007549995493575821,0.015895234602372132,-0.002001118080845563,0.010718081181778812,-0.007549995493575821,0.015895234602372132,-0.01589591158484094,0.00010879795903244292,0.05718990111084871,0.29621334507546954
global_compatible,29,15,0,0,certified_reset,0,1,0.040091882224201916,0.03609800770581537,0.003993874518386541,0.023963247110319243,0.0,0.0,0,0,-0.002001118080845563,0.010718081181778812,0.004951865983498541,0.001240674571614319,-0.002001118080845563,0.010718081181778812,-0.013794538458530271,2.9439613415039992e-05,0.05718990111084871,0.29621334507546954
global_compatible,29,16,0,0,certified_reset,0,1,0.03609800770581537,0.03210413318742883,0.003993874518386541,0.019969372591932703,0.0,0.0,0,0,0.004951865983498541,0.001240674571614319,-0.008681797534220137,-0.006196888547769319,0.004951865983498541,0.001240674571614319,-0.006755652868181569,2.593901707109129e-05,0.05718990111084871,0.29621334507546954
global_compatible,29,17,0,0,certified_reset,0,1,0.03210413318742883,0.02811025866904229,0.003993874518386541,0.015975498073546163,0.0,0.0,0,0,-0.008681797534220137,-0.006196888547769319,-0.006851196781161227,0.018257467963399093,-0.008681797534220137,-0.006196888547769319,0.017776327673204983,9.01858110450451e-05,0.05718990111084871,0.29621334507546954
global_compatible,29,18,0,0,certified_reset,0,1,0.02811025866904229,0.02411638415065575,0.003993874518386541,0.011981623555159623,0.0,0.0,0,0,-0.006851196781161227,0.018257467963399093,-0.002636589370322384,-0.01638060820695178,-0.006851196781161227,0.018257467963399093,-0.02007609875028679,0.00011701546541819359,0.05718990111084871,0.29621334507546954
global_compatible,29,19,0,0,certified_reset,0,1,0.02411638415065575,0.02012250963226921,0.003993874518386541,0.007987749036773082,0.0,0.0,0,0,-0.002636589370322384,-0.01638060820695178,-0.004653053312286239,0.015133985829792307,-0.002636589370322384,-0.01638060820695178,0.026756481525772126,7.314771464000968e-05,0.05718990111084871,0.29621334507546954
global_compatible,29,20,0,0,certified_reset,0,1,0.02012250963226921,0.01612863511388267,0.003993874518386541,0.003993874518386541,0.0,0.0,0,0,-0.004653053312286239,0.015133985829792307,0.008078354118182824,0.004736474314155736,-0.004653053312286239,0.015133985829792307,-0.017662189182513773,7.067648317229438e-05,0.05718990111084871,0.29621334507546954
global_compatible,29,21,0,0,certified_reset,0,1,0.01612863511388267,0.01213476059549613,0.003993874518386541,0.0,0.0,0.0,0,0,0.008078354118182824,0.004736474314155736,0.00777780591876606,-0.009016104271226361,0.008078354118182824,0.004736474314155736,-0.015019834813116452,7.493784521125228e-05,0.05718990111084871,0.29621334507546954
global_compatible,30,0,0,0,certified_reset,0,1,0.1,0.09600612548161347,0.003993874518386541,0.08387136488611735,0.0,0.0,0,0,-3.1474258454694857,-0.19800178178061056,-2.56749457195315,1.3442927238425264,-3.1474258454694857,-0.19800178178061056,1.5499999999998764,9.973408799735191,0.05718990111084871,0.29621334507546954
global_compatible,30,1,0,0,certified_reset,0,1,0.09600612548161347,0.09201225096322693,0.003993874518386541,0.07987749036773081,0.0,0.0,0,0,-2.56749457195315,1.3442927238425264,-1.0434127248181058,1.694941992373468,-2.56749457195315,1.3442927238425264,0.34607325513439635,6.920304671384545,0.05718990111084871,0.29621334507546954
global_compatible,30,2,0,0,certified_reset,0,1,0.09201225096322693,0.0880183764448404,0.003993874518386541,0.07588361584934428,0.0,0.0,0,0,-1.0434127248181058,1.694941992373468,-0.07942782735924406,0.24670799348557879,-1.0434127248181058,1.694941992373468,-1.4578146742496525,1.6589498092757542,0.05718990111084871,0.29621334507546954
global_compatible,30,3,0,0,certified_reset,0,1,0.0880183764448404,0.08402450192645386,0.003993874518386541,0.07188974133095774,0.0,0.0,0,0,-0.07942782735924406,0.24670799348557879,0.030397412996890694,-0.03270908360888391,-0.07942782735924406,0.24670799348557879,-0.2843269075747848,0.019285494647228354,0.05718990111084871,0.29621334507546954
global_compatible,30,4,0,0,certified_reset,0,1,0.08402450192645386,0.08003062740806732,0.003993874518386541,0.0678958668125712,0.0,0.0,0,0,0.030397412996890694,-0.03270908360888391,0.006671389261861269,-0.009289122870436931,0.030397412996890694,-0.03270908360888391,0.017915904920939002,0.001124606355227875,0.05718990111084871,0.29621334507546954
global_compatible,30,5,0,0,certified_reset,0,1,0.08003062740806732,0.07603675288968079,0.003993874518386541,0.06390199229418467,0.0,0.0,0,0,0.006671389261861269,-0.009289122870436931,-0.0004903824914824196,-0.009051220880312964,0.006671389261861269,-0.009289122870436931,0.007035191460781331,6.127658732189751e-05,0.05718990111084871,0.29621334507546954
global_compatible,30,6,0,0,certified_reset,0,1,0.07603675288968079,0.07204287837129425,0.003993874518386541,0.05990811777579813,0.0,0.0,0,0,-0.0004903824914824196,-0.009051220880312964,-0.005674250426690285,0.00585602080656612,-0.0004903824914824196,-0.009051220880312964,0.01382017619042149,1.976183463266824e-05,0.05718990111084871,0.29621334507546954
global_compatible,30,7,0,0,certified_reset,0,1,0.07204287837129425,0.06804900385290771,0.003993874518386541,0.05591424325741159,0.0,0.0,0,0,-0.005674250426690285,0.00585602080656612,-0.005221115772602576,-0.0019113322611280141,-0.005674250426690285,0.00585602080656612,-0.0029754972833199115,3.859119385051935e-05,0.05718990111084871,0.29621334507546954
global_compatible,30,8,0,0,certified_reset,0,1,0.06804900385290771,0.06405512933452118,0.003993874518386541,0.051920368739025044,0.0,0.0,0,0,-0.005221115772602576,-0.0019113322611280141,-0.0026555974335438796,-0.002888893931937096,-0.005221115772602576,-0.0019113322611280141,0.008013767875044193,2.952313618203382e-05,0.05718990111084871,0.29621334507546954
global_compatible,30,9,0,0,certified_reset,0,1,0.06405512933452118,0.060061254816134634,0.003993874518386541,0.0479264942206385,0.0,0.0,0,0,-0.0026555974335438796,-0.002888893931937096,0.0025866132616126783,0.004826698655385743,-0.0026555974335438796,-0.002888893931937096,0.0069015163336925475,9.7451983886474e-06,0.05718990111084871,0.29621334507546954
global_compatible,30,10,0,0,certified_reset,0,1,0.060061254816134634,0.05606738029774809,0.003993874518386541,0.04393261970225196,0.0,0.0,0,0,0.0025866132616126783,0.004826698655385743,0.004873690196226469,0.0032721562940929167,0.0025866132616126783,0.004826698655385743,-0.009684152529233384,1.3228602004169468e-05,0.05718990111084871,0.29621334507546954
global_compatible,30,11,0,0,certified_reset,0,1,0.05606738029774809,0.05207350577936155,0.003993874518386541,0.039938745183865414,0.0,0.0,0,0,0.004873690196226469,0.0032721562940929167,-0.008927924166809455,-0.0029001289785994095,0.004873690196226469,0.0032721562940929167,-0.009671815782952712,2.801871786861327e-05,0.05718990111084871,0.29621334507546954
global_compatible,30,12,0,0,certified_reset,0,1,0.05207350577936155,0.048079631260975,0.003993874518386541,0.03594487066547887,0.0,0.0,0,0,-0.008927924166809455,-0.0029001289785994095,-0.002939015005714867,0.018027974792381263,-0.008927924166809455,-0.0029001289785994095,0.01316544509437835,8.555498819827976e-05,0.05718990111084871,0.29621334507546954
global_compatible,30,13,0,0,certified_reset,0,1,0.048079631260975,0.04408575674258846,0.003993874518386541,0.03195099614709233,0.0,0.0,0,0,-0.002939015005714867,0.018027974792381263,-0.0021973939897831614,0.010593901937227694,-0.002939015005714867,0.018027974792381263,-0.023632212573437582,8.110126350237286e-05,0.05718990111084871,0.29621334507546954
global_compatible,30,14,0,0,certified_reset,0,1,0.04408575674258846,0.040091882224201916,0.003993874518386541,0.027957121628705783,0.0,0.0,0,0,-0.0021973939897831614,0.010593901937227694,-0.01241957832068558,0.0014915965883394071,-0.0021973939897831614,0.010593901937227694,-0.013422308794680277,2.953403616683635e-05,0.05718990111084871,0.29621334507546954
global_compatible,30,15,0,0,certified_reset,0,1,0.040091882224201916,0.03609800770581537,0.003993874518386541,0.023963247110319243,0.0,0.0,0,0,-0.01241957832068558,0.0014915965883394071,-0.014398043520090279,0.0064373298569457265,-0.01241957832068558,0.0014915965883394071,0.01017218669937866,0.00015723323508864086,0.05718990111084871,0.29621334507546954
global_compatible,30,16,0,0,certified_reset,0,1,0.03609800770581537,0.03210413318742883,0.003993874518386541,0.019969372591932703,0.0,0.0,0,0,-0.014398043520090279,0.0064373298569457265,-0.0015465227671962525,0.013978281492352678,-0.014398043520090279,0.0064373298569457265,0.004857032382103776,0.00021535248511911627,0.05718990111084871,0.29621334507546954
global_compatible,30,17,1,1,certified_reset,0,1,0.03210413318742883,0.02811025866904229,0.003993874518386541,0.015975498073546163,0.0,0.0,0,0,-0.0015465227671962525,0.013978281492352678,0.020517620496213272,-0.009812357617282209,-0.0015465227671962525,0.013978281492352678,-0.019048842968767958,4.663381675697676e-05,0.05718990111084871,0.29621334507546954
global_compatible,30,18,1,1,certified_reset,0,1,0.02811025866904229,0.02411638415065575,0.003993874518386541,0.011981623555159623,0.0,0.0,0,0,0.020517620496213272,-0.009812357617282209,0.023551938655972066,-0.012268623901856216,0.020517620496213272,-0.009812357617282209,-0.005971799215142494,0.00043919513563497886,0.05718990111084871,0.29621334507546954
global_compatible,30,19,0,0,certified_reset,0,1,0.02411638415065575,0.02012250963226921,0.003993874518386541,0.007987749036773082,0.0,0.0,0,0,0.023551938655972066,-0.012268623901856216,0.00414574578537329,-0.02844596001833938,0.023551938655972066,-0.012268623901856216,-0.005383401315100026,0.0005825117835377924,0.05718990111084871,0.29621334507546954
global_compatible,30,20,0,0,certified_reset,0,1,0.02012250963226921,0.01612863511388267,0.003993874518386541,0.003993874518386541,0.0,0.0,0,0,0.00414574578537329,-0.02844596001833938,-0.00542093801549207,-0.0032180401703352946,0.00414574578537329,-0.02844596001833938,0.037778095627166663,0.0001985178962930174,0.05718990111084871,0.29621334507546954
global_compatible,30,21,0,0,certified_reset,0,1,0.01612863511388267,0.01213476059549613,0.003993874518386541,0.0,0.0,0.0,0,0,-0.00542093801549207,-0.0032180401703352946,-0.005334949146688736,0.018362782311320245,-0.00542093801549207,-0.0032180401703352946,0.010138396375147457,3.382028685111766e-05,0.05718990111084871,0.29621334507546954
global_compatible,31,0,0,0,certified_reset,0,1,0.1,0.09600612548161347,0.003993874518386541,0.08387136488611735,0.0,0.0,0,0,1.3495570163859476,-0.1816025944746511,0.6356065802492109,-1.2550609273457767,1.3495570163859476,-0.1816025944746511,-1.0763213962774028,1.8562021445962409,0.05718990111084871,0.29621334507546954
global_compatible,31,1,0,0,certified_reset,0,1,0.09600612548161347,0.09201225096322693,0.003993874518386541,0.07987749036773081,0.0,0.0,0,0,0.6356065802492109,-1.2550609273457767,-0.012823275342021302,-0.05064520097907457,0.6356065802492109,-1.2550609273457767,1.2159077897313468,0.7244885463273382,0.05718990111084871,0.29621334507546954
global_compatible,31,2,0,0,certified_reset,0,1,0.09201225096322693,0.0880183764448404,0.003993874518386541,0.07588361584934428,0.0,0.0,0,0,-0.012823275342021302,-0.05064520097907457,-0.017510551922929756,0.028364651506436873,-0.012823275342021302,-0.05064520097907457,0.08737401979367018,0.0008169804226678623,0.05718990111084871,0.29621334507546954
global_compatible,31,3,0,0,certified_reset,0,1,0.0880183764448404,0.08402450192645386,0.003993874518386541,0.07188974133095774,0.0,0.0,0,0,-0.017510551922929756,0.028364651506436873,-0.002984479925838069,-0.0005999177712724011,-0.017510551922929756,0.028364651506436873,-0.024349054202476423,0.00046626096157418743,0.05718990111084871,0.29621334507546954
global_compatible,31,4,0,0,certified_reset,0,1,0.08402450192645386,0.08003062740806732,0.003993874518386541,0.0678958668125712,0.0,0.0,0,0,-0.002984479925838069,-0.0005999177712724011,-0.004535832863411833,0.003896194294128417,-0.002984479925838069,-0.0005999177712724011,0.00385400372724692,9.343236285783154e-06,0.05718990111084871,0.29621334507546954
global_compatible,31,5,0,0,certified_reset,0,1,0.08003062740806732,0.07603675288968079,0.003993874518386541,0.06390199229418467,0.0,0.0,0,0,-0.004535832863411833,0.003896194294128417,-0.004642980426239443,0.004119748106507272,-0.004535832863411833,0.003896194294128417,-0.0012200368873963652,2.3343451410939776e-05,0.05718990111084871,0.29621334507546954
global_compatible,31,6,0,0,certified_reset,0,1,0.07603675288968079,0.07204287837129425,0.003993874518386541,0.05990811777579813,0.0,0.0,0,0,-0.004642980426239443,0.004119748106507272,-0.002775701418223876,0.0024028264492703053,-0.004642980426239443,0.004119748106507272,-0.0014362169307969464,2.466385361824294e-05,0.05718990111084871,0.29621334507546954
global_compatible,31,7,0,0,certified_reset,0,1,0.07204287837129425,0.06804900385290771,0.003993874518386541,0.05591424325741159,0.0,0.0,0,0,-0.002775701418223876,0.0024028264492703053,0.002059675616961863,0.010257937716790023,-0.002775701418223876,0.0024028264492703053,-0.000775211602243349,8.758785678992683e-06,0.05718990111084871,0.29621334507546954
global_compatible,31,8,1,1,certified_reset,0,1,0.06804900385290771,0.06405512933452118,0.003993874518386541,0.051920368739025044,0.0,0.0,0,0,0.002059675616961863,0.010257937716790023,0.01804998248663839,0.013535203102325323,0.002059675616961863,0.010257937716790023,-0.017165196885125817,3.054891476601335e-05,0.05718990111084871,0.29621334507546954
global_compatible,31,9,1,1,certified_reset,0,1,0.06405512933452118,0.060061254816134634,0.003993874518386541,0.0479264942206385,0.0,0.0,0,0,0.01804998248663839,0.013535203102325323,0.017175210835680986,0.019156233499671826,0.01804998248663839,0.013535203102325323,-0.03791357831370175,0.0003947141634254979,0.05718990111084871,0.29621334507546954
global_compatible,31,10,1,1,certified_reset,0,1,0.060061254816134634,0.05606738029774809,0.003993874518386541,0.04393261970225196,0.0,0.0,0,0,0.017175210835680986,0.019156233499671826,0.004277102635073039,-0.05031232875128723,0.017175210835680986,0.019156233499671826,-0.04532019690074174,0.00041238890416905443,0.05718990111084871,0.29621334507546954
global_compatible,31,11,0,0,certified_reset,0,1,0.05606738029774809,0.05207350577936155,0.003993874518386541,0.039938745183865414,0.0,0.0,0,0,0.004277102635073039,-0.05031232875128723,-0.00709577760491854,0.024186752733040506,0.004277102635073039,-0.05031232875128723,0.06985489623293593,0.0005959257465317735,0.05718990111084871,0.29621334507546954
global_compatible,31,12,0,0,certified_reset,0,1,0.05207350577936155,0.048079631260975,0.003993874518386541,0.03594487066547887,0.0,0.0,0,0,-0.00709577760491854,0.024186752733040506,-0.0033285855184745578,-0.0054700529464534,-0.00709577760491854,0.024186752733040506,-0.028567963097618884,0.00017605309410559998,0.05718990111084871,0.29621334507546954
global_compatible,31,13,0,0,certified_reset,0,1,0.048079631260975,0.04408575674258846,0.003993874518386541,0.03195099614709233,0.0,0.0,0,0,-0.0033285855184745578,-0.0054700529464534,0.00039886941730086015,0.006826586934473804,-0.0033285855184745578,-0.0054700529464534,0.011372983668966693,1.969896675482375e-05,0.05718990111084871,0.29621334507546954
global_compatible,31,14,0,0,certified_reset,0,1,0.04408575674258846,0.040091882224201916,0.003993874518386541,0.027957121628705783,0.0,0.0,0,0,0.00039886941730086015,0.006826586934473804,0.01023626659993222,0.010776585145719417,0.00039886941730086015,0.006826586934473804,-0.010451201176170401,1.1278199013984687e-05,0.05718990111084871,0.29621334507546954
global_compatible,31,15,0,0,certified_reset,0,1,0.040091882224201916,0.03609800770581537,0.003993874518386541,0.023963247110319243,0.0,0.0,0,0,0.01023626659993222,0.010776585145719417,0.006020063210452278,-0.018468273780429742,0.01023626659993222,0.010776585145719417,-0.026066743121148095,0.00014267229306101523,0.05718990111084871,0.29621334507546954
global_compatible,31,16,0,0,certified_reset,0,1,0.03609800770581537,0.03210413318742883,0.003993874518386541,0.019969372591932703,0.0,0.0,0,0,0.006020063210452278,-0.018468273780429742,0.0004260008674063743,-0.002070106763406086,0.006020063210452278,-0.018468273780429742,0.021214124635248698,0.0001088860227160412,0.05718990111084871,0.29621334507546954
global_compatible,31,17,0,0,certified_reset,0,1,0.03210413318742883,0.02811025866904229,0.003993874518386541,0.015975498073546163,0.0,0.0,0,0,0.0004260008674063743,-0.002070106763406086,0.0056956313979303706,0.013365552559227006,0.0004260008674063743,-0.002070106763406086,0.0026255979149907983,1.1251824114530158e-06,0.05718990111084871,0.29621334507546954
global_compatible,31,18,0,0,certified_reset,0,1,0.02811025866904229,0.02411638415065575,0.003993874518386541,0.011981623555159623,0.0,0.0,0,0,0.0056956313979303706,0.013365552559227006,0.004465757635813949,0.008026823771506061,0.0056956313979303706,0.013365552559227006,-0.025361567313476024,8.067528357441237e-05,0.05718990111084871,0.29621334507546954
global_compatible,31,19,0,0,certified_reset,0,1,0.02411638415065575,0.02012250963226921,0.003993874518386541,0.007987749036773082,0.0,0.0,0,0,0.004465757635813949,0.008026823771506061,0.00048710813377897616,-0.020148377061574095,0.004465757635813949,0.008026823771506061,-0.016274949301716732,3.8162222605753504e-05,0.05718990111084871,0.29621334507546954
global_compatible,31,20,0,0,certified_reset,0,1,0.02012250963226921,0.01612863511388267,0.003993874518386541,0.003993874518386541,0.0,0.0,0,0,0.00048710813377897616,-0.020148377061574095,-0.01719898863561113,0.00769653598437501,0.00048710813377897616,-0.020148377061574095,0.029197966158520116,9.462258270761151e-05,0.05718990111084871,0.29621334507546954
global_compatible,31,21,0,0,certified_reset,0,1,0.01612863511388267,0.01213476059549613,0.003993874518386541,0.0,0.0,0.0,0,0,-0.01719898863561113,0.00769653598437501,-0.006775556783578234,0.01494393475389036,-0.01719898863561113,0.00769653598437501,0.005795383848430089,0.00030730747184522727,0.05718990111084871,0.29621334507546954
global_compatible,32,0,2,2,certified_reset,0,1,0.1,0.09600612548161347,0.003993874518386541,0.08387136488611735,0.0,0.0,0,0,-5.666073108223655,-0.17429719602930316,-5.108156870985393,1.3577552026206996,-5.666073108223655,-0.17429719602930316,1.55,32.169915279993134,0.05718990111084871,0.29621334507546954
global_compatible,32,1,1,1,certified_reset,0,1,0.09600612548161347,0.09201225096322693,0.003993874518386541,0.07987749036773081,0.0,0.0,0,0,-5.108156870985393,1.3577552026206996,-2.9844012938364393,2.875184081371578,-5.108156870985393,1.3577552026206996,1.55,26.485158972839127,0.05718990111084871,0.29621334507546954
global_compatible,32,2,0,0,certified_reset,0,1,0.09201225096322693,0.0880183764448404,0.003993874518386541,0.07588361584934428,0.0,0.0,0,0,-2.9844012938364393,2.875184081371578,-0.8039303812039305,1.4744582498030674,-2.9844012938364393,2.875184081371578,-1.3881377151542027,10.442827270877505,0.05718990111084871,0.29621334507546954
global_compatible,32,3,0,0,certified_reset,0,1,0.0880183764448404,0.08402450192645386,0.003993874518386541,0.07188974133095774,0.0,0.0,0,0,-0.8039303812039305,1.4744582498030674,-0.0183305478015051,0.09563041204086863,-0.8039303812039305,1.4744582498030674,-1.3714899884193514,1.084653561005278,0.05718990111084871,0.29621334507546954
global_compatible,32,4,0,0,certified_reset,0,1,0.08402450192645386,0.08003062740806732,0.003993874518386541,0.0678958668125712,0.0,0.0,0,0,-0.0183305478015051,0.09563041204086863,0.014502939256169127,-0.029520161080760124,-0.0183305478015051,0.09563041204086863,-0.12261678938271822,0.0023580125359455462,0.05718990111084871,0.29621334507546954
global_compatible,32,5,0,0,certified_reset,0,1,0.08003062740806732,0.07603675288968079,0.003993874518386541,0.06390199229418467,0.0,0.0,0,0,0.014502939256169127,-0.029520161080760124,-0.003334101291904572,0.01295194894760323,0.014502939256169127,-0.029520161080760124,0.029045410051631294,0.000388285327036941,0.05718990111084871,0.29621334507546954
global_compatible,32,6,0,0,certified_reset,0,1,0.07603675288968079,0.07204287837129425,0.003993874518386541,0.05990811777579813,0.0,0.0,0,0,-0.003334101291904572,0.01295194894760323,-0.004109172326793187,-0.009094607821306944,-0.003334101291904572,0.01295194894760323,-0.015755139929216084,4.7517378956846886e-05,0.05718990111084871,0.29621334507546954
global_compatible,32,7,0,0,certified_reset,0,1,0.07204287837129425,0.06804900385290771,0.003993874518386541,0.05591424325741159,0.0,0.0,0,0,-0.004109172326793187,-0.009094607821306944,-0.0045676075701329595,0.005007293009400413,-0.004109172326793187,-0.009094607821306944,0.017489675537820187,3.942065642794652e-05,0.05718990111084871,0.29621334507546954
global_compatible,32,8,0,0,certified_reset,0,1,0.06804900385290771,0.06405512933452118,0.003993874518386541,0.051920368739025044,0.0,0.0,0,0,-0.0045676075701329595,0.005007293009400413,-0.006006310048857105,0.003587833798837461,-0.0045676075701329595,0.005007293009400413,-0.002828018282916868,2.5576118090706966e-05,0.05718990111084871,0.29621334507546954
global_compatible,32,9,0,0,certified_reset,0,1,0.06405512933452118,0.060061254816134634,0.003993874518386541,0.0479264942206385,0.0,0.0,0,0,-0.006006310048857105,0.003587833798837461,-0.002983999264592068,-0.0015189397865237467,-0.006006310048857105,0.003587833798837461,0.0006937843847182537,3.840485306856829e-05,0.05718990111084871,0.29621334507546954
global_compatible,32,10,0,0,certified_reset,0,1,0.060061254816134634,0.05606738029774809,0.003993874518386541,0.04393261970225196,0.0,0.0,0,0,-0.002983999264592068,-0.0015189397865237467,-0.0015540299501458367,0.0008850084730903261,-0.002983999264592068,-0.0015189397865237467,0.005209374022945008,9.997983107374625e-06,0.05718990111084871,0.29621334507546954
global_compatible,32,11,0,0,certified_reset,0,1,0.05606738029774809,0.05207350577936155,0.003993874518386541,0.039938745183865414,0.0,0.0,0,0,-0.0015540299501458367,0.0008850084730903261,0.008628639295146108,-0.01570552160196687,-0.0015540299501458367,0.0008850084730903261,0.00024490560149406084,2.557491754330852e-06,0.05718990111084871,0.29621334507546954
global_compatible,32,12,0,0,certified_reset,0,1,0.05207350577936155,0.048079631260975,0.003993874518386541,0.03594487066547887,0.0,0.0,0,0,0.008628639295146108,-0.01570552160196687,0.002545061316822389,0.009086598783105386,0.008628639295146108,-0.01570552160196687,0.014540314636598974,0.00012413834841119452,0.05718990111084871,0.29621334507546954
global_compatible,32,13,0,0,certified_reset,0,1,0.048079631260975,0.04408575674258846,0.003993874518386541,0.03195099614709233,0.0,0.0,0,0,0.002545061316822389,0.009086598783105386,-0.00023492227852508086,-0.009758962436418836,0.002545061316822389,0.009086598783105386,-0.01591956835267287,2.767508345989511e-05,0.05718990111084871,0.29621334507546954
global_compatible,32,14,0,0,certified_reset,0,1,0.04408575674258846,0.040091882224201916,0.003993874518386541,0.027957121628705783,0.0,0.0,0,0,-0.00023492227852508086,-0.009758962436418836,0.0009971481509134855,-0.0024459128593208555,-0.00023492227852508086,-0.009758962436418836,0.014612372273849329,2.2535946674064528e-05,0.05718990111084871,0.29621334507546954
global_compatible,32,15,0,0,certified_reset,0,1,0.040091882224201916,0.03609800770581537,0.003993874518386541,0.023963247110319243,0.0,0.0,0,0,0.0009971481509134855,-0.0024459128593208555,0.003307679714805614,0.0081559930348978,0.0009971481509134855,-0.0024459128593208555,0.002611172821213098,2.241608171196635e-06,0.05718990111084871,0.29621334507546954
global_compatible,32,16,0,0,certified_reset,0,1,0.03609800770581537,0.03210413318742883,0.003993874518386541,0.019969372591932703,0.0,0.0,0,0,0.003307679714805614,0.0081559930348978,0.00630951970533759,0.0066445690400509065,0.003307679714805614,0.0081559930348978,-0.015308486929061461,2.8773129426521946e-05,0.05718990111084871,0.29621334507546954
global_compatible,32,17,0,0,certified_reset,0,1,0.03210413318742883,0.02811025866904229,0.003993874518386541,0.015975498073546163,0.0,0.0,0,0,0.00630951970533759,0.0066445690400509065,0.007667140129938486,-0.018264005012511752,0.00630951970533759,0.0066445690400509065,-0.01606846202175971,5.421197929670224e-05,0.05718990111084871,0.29621334507546954
global_compatible,32,18,0,0,certified_reset,0,1,0.02811025866904229,0.02411638415065575,0.003993874518386541,0.011981623555159623,0.0,0.0,0,0,0.007667140129938486,-0.018264005012511752,-0.0027309139100974095,0.003450029983564723,0.007667140129938486,-0.018264005012511752,0.01927214517440583,0.0001281137255001673,0.05718990111084871,0.29621334507546954
global_compatible,32,19,0,0,certified_reset,0,1,0.02411638415065575,0.02012250963226921,0.003993874518386541,0.007987749036773082,0.0,0.0,0,0,-0.0027309139100974095,0.003450029983564723,-0.003361346124658301,-0.0036016603287862825,-0.0027309139100974095,0.003450029983564723,-0.0023600540470082596,9.73962440173273e-06,0.05718990111084871,0.29621334507546954
global_compatible,32,20,0,0,certified_reset,0,1,0.02012250963226921,0.01612863511388267,0.003993874518386541,0.003993874518386541,0.0,0.0,0,0,-0.003361346124658301,-0.0036016603287862825,0.003551342518288374,0.008905079577805473,-0.003361346124658301,-0.0036016603287862825,0.008651756687525092,1.550492239657028e-05,0.05718990111084871,0.29621334507546954
global_compatible,32,21,0,0,certified_reset,0,1,0.01612863511388267,0.01213476059549613,0.003993874518386541,0.0,0.0,0.0,0,0,0.003551342518288374,0.008905079577805473,0.003486410826716009,-0.00906690763134933,0.003551342518288374,0.008905079577805473,-0.016655319691015035,3.3821105144119296e-05,0.05718990111084871,0.29621334507546954
global_compatible,33,0,0,0,certified_reset,0,1,0.1,0.09600612548161347,0.003993874518386541,0.08387136488611735,0.0,0.0,0,0,-3.886206101349833,-0.045791046648397615,-3.157548442652535,1.5001723718631284,-3.886206101349833,-0.045791046648397615,1.5499999999999596,15.163037789760233,0.05718990111084871,0.29621334507546954
global_compatible,33,1,0,0,certified_reset,0,1,0.09600612548161347,0.09201225096322693,0.003993874518386541,0.07987749036773081,0.0,0.0,0,0,-3.157548442652535,1.5001723718631284,-1.404618945903886,1.993109560954949,-3.157548442652535,1.5001723718631284,0.5011404548868365,10.381483797739813,0.05718990111084871,0.29621334507546954
global_compatible,33,2,0,0,certified_reset,0,1,0.09201225096322693,0.0880183764448404,0.003993874518386541,0.07588361584934428,0.0,0.0,0,0,-1.404618945903886,1.993109560954949,-0.1862352130816063,0.45653162343920695,-1.404618945903886,1.993109560954949,-1.5373704852093468,2.74708951336657,0.05718990111084871,0.29621334507546954
global_compatible,33,3,0,0,certified_reset,0,1,0.0880183764448404,0.08402450192645386,0.003993874518386541,0.07188974133095774,0.0,0.0,0,0,-0.1862352130816063,0.45653162343920695,0.027249225091832613,-0.020901951859028225,-0.1862352130816063,0.45653162343920695,-0.487067275789886,0.07813022004619263,0.05718990111084871,0.29621334507546954
global_compatible,33,4,0,0,certified_reset,0,1,0.08402450192645386,0.08003062740806732,0.003993874518386541,0.0678958668125712,0.0,0.0,0,0,0.027249225091832613,-0.020901951859028225,0.006203410991316657,-0.027187228241696875,0.027249225091832613,-0.020901951859028225,0.003657421644712564,0.0008214951729056244,0.05718990111084871,0.29621334507546954
global_compatible,33,5,0,0,certified_reset,0,1,0.08003062740806732,0.07603675288968079,0.003993874518386541,0.06390199229418467,0.0,0.0,0,0,0.006203410991316657,-0.027187228241696875,-0.008407572389372744,0.0024594120995492874,0.006203410991316657,-0.027187228241696875,0.03387438897363002,0.00020021533193950963,0.05718990111084871,0.29621334507546954
global_compatible,33,6,0,0,certified_reset,0,1,0.07603675288968079,0.07204287837129425,0.003993874518386541,0.05990811777579813,0.0,0.0,0,0,-0.008407572389372744,0.0024594120995492874,-0.012732247110011766,0.006085901893198583,-0.008407572389372744,0.0024594120995492874,0.00474885871901898,7.233983237844669e-05,0.05718990111084871,0.29621334507546954
global_compatible,33,7,0,0,certified_reset,0,1,0.07204287837129425,0.06804900385290771,0.003993874518386541,0.05591424325741159,0.0,0.0,0,0,-0.012732247110011766,0.006085901893198583,-0.006083792966437244,0.007523485292387094,-0.012732247110011766,0.006085901893198583,0.0037100251107468206,0.0001691210999621171,0.05718990111084871,0.29621334507546954
global_compatible,33,8,0,0,certified_reset,0,1,0.06804900385290771,0.06405512933452118,0.003993874518386541,0.051920368739025044,0.0,0.0,0,0,-0.006083792966437244,0.007523485292387094,-0.00402749163603738,0.011107758776395327,-0.006083792966437244,0.007523485292387094,-0.00502250445544351,4.783168520365271e-05,0.05718990111084871,0.29621334507546954
global_compatible,33,9,0,0,certified_reset,0,1,0.06405512933452118,0.060061254816134634,0.003993874518386541,0.0479264942206385,0.0,0.0,0,0,-0.00402749163603738,0.011107758776395327,-0.0003415583480730524,-0.009692361600723521,-0.00402749163603738,0.011107758776395327,-0.012349316005848442,4.2242143929884395e-05,0.05718990111084871,0.29621334507546954
global_compatible,33,10,0,0,certified_reset,0,1,0.060061254816134634,0.05606738029774809,0.003993874518386541,0.04393261970225196,0.0,0.0,0,0,-0.0003415583480730524,-0.009692361600723521,-0.0010337417985617954,0.016636382320456874,-0.0003415583480730524,-0.009692361600723521,0.014618455547146773,2.2368680381588417e-05,0.05718990111084871,0.29621334507546954
global_compatible,33,11,0,0,certified_reset,0,1,0.05606738029774809,0.05207350577936155,0.003993874518386541,0.039938745183865414,0.0,0.0,0,0,-0.0010337417985617954,0.016636382320456874,-0.002521878675937549,-0.018582762463918337,-0.0010337417985617954,0.016636382320456874,-0.023475493381458767,6.466455085190043e-05,0.05718990111084871,0.29621334507546954
global_compatible,33,12,0,0,certified_reset,0,1,0.05207350577936155,0.048079631260975,0.003993874518386541,0.03594487066547887,0.0,0.0,0,0,-0.002521878675937549,-0.018582762463918337,-0.00858769292221669,0.015889261358495044,-0.002521878675937549,-0.018582762463918337,0.029887322719815482,9.08486044823827e-05,0.05718990111084871,0.29621334507546954
global_compatible,33,13,0,0,certified_reset,0,1,0.048079631260975,0.04408575674258846,0.003993874518386541,0.03195099614709233,0.0,0.0,0,0,-0.00858769292221669,0.015889261358495044,-0.0022964526380120837,-0.003734787568929124,-0.00858769292221669,0.015889261358495044,-0.014855583967762973,0.0001247100318752135,0.05718990111084871,0.29621334507546954
global_compatible,33,14,0,0,certified_reset,0,1,0.04408575674258846,0.040091882224201916,0.003993874518386541,0.027957121628705783,0.0,0.0,0,0,-0.0022964526380120837,-0.003734787568929124,0.002403573780119631,0.005711166950551773,-0.0022964526380120837,-0.003734787568929124,0.007785752298619027,9.299898063323899e-06,0.05718990111084871,0.29621334507546954
global_compatible,33,15,0,0,certified_reset,0,1,0.040091882224201916,0.03609800770581537,0.003993874518386541,0.023963247110319243,0.0,0.0,0,0,0.002403573780119631,0.005711166950551773,0.0011682148764473657,-0.0009522795002157433,0.002403573780119631,0.005711166950551773,-0.010807002578892208,1.4568086563656613e-05,0.05718990111084871,0.29621334507546954
global_compatible,33,16,0,0,certified_reset,0,1,0.03609800770581537,0.03210413318742883,0.003993874518386541,0.019969372591932703,0.0,0.0,0,0,0.0011682148764473657,-0.0009522795002157433,0.006331970294556393,-0.0013672279282623016,0.0011682148764473657,-0.0009522795002157433,0.00023851577533363566,1.5293787663056154e-06,0.05718990111084871,0.29621334507546954
global_compatible,33,17,0,0,certified_reset,0,1,0.03210413318742883,0.02811025866904229,0.003993874518386541,0.015975498073546163,0.0,0.0,0,0,0.006331970294556393,-0.0013672279282623016,0.011107124007925238,-0.0037071216088007232,0.006331970294556393,-0.0013672279282623016,-0.004290270359384305,4.089048450246754e-05,0.05718990111084871,0.29621334507546954
global_compatible,33,18,0,0,certified_reset,0,1,0.02811025866904229,0.02411638415065575,0.003993874518386541,0.011981623555159623,0.0,0.0,0,0,0.011107124007925238,-0.0037071216088007232,0.00846031332321253,-0.012391760154999364,0.011107124007925238,-0.0037071216088007232,-0.005596652389332071,0.00012662496178864334,0.05718990111084871,0.29621334507546954
global_compatible,33,19,0,0,certified_reset,0,1,0.02411638415065575,0.02012250963226921,0.003993874518386541,0.007987749036773082,0.0,0.0,0,0,0.00846031332321253,-0.012391760154999364,0.008537967191038054,-0.007824948312401285,0.00846031332321253,-0.012391760154999364,0.009828320690272353,0.00010163182826972371,0.05718990111084871,0.29621334507546954
global_compatible,33,20,0,0,certified_reset,0,1,0.02012250963226921,0.01612863511388267,0.003993874518386541,0.003993874518386541,0.0,0.0,0,0,0.008537967191038054,-0.007824948312401285,-0.00119533702475103,-0.01736722697708023,0.008537967191038054,-0.007824948312401285,0.0030280903187434173,8.414748392621924e-05,0.05718990111084871,0.29621334507546954
global_compatible,33,21,1,1,certified_reset,0,1,0.01612863511388267,0.01213476059549613,0.003993874518386541,0.0,0.0,0.0,0,0,-0.00119533702475103,-0.01736722697708023,-0.001004546047543459,0.03497071445107904,-0.00119533702475103,-0.01736722697708023,0.026773155826667453,7.364058054293227e-05,0.05718990111084871,0.29621334507546954
global_compatible,34,0,0,0,certified_reset,0,1,0.1,0.09600612548161347,0.003993874518386541,0.08387136488611735,0.0,0.0,0,0,0.7537349097320742,-0.1486014034476873,0.342173471431676,-0.6940173745108541,0.7537349097320742,-0.1486014034476873,-0.5316377354556958,0.5791571090720217,0.05718990111084871,0.29621334507546954
global_compatible,34,1,0,0,certified_reset,0,1,0.09600612548161347,0.09201225096322693,0.003993874518386541,0.07987749036773081,0.0,0.0,0,0,0.342173471431676,-0.6940173745108541,-0.010894666977962807,-0.014956412616133782,0.342173471431676,-0.6940173745108541,0.6816281272739895,0.21539692805100918,0.05718990111084871,0.29621334507546954
global_compatible,34,2,0,0,certified_reset,0,1,0.09201225096322693,0.0880183764448404,0.003993874518386541,0.07588361584934428,0.0,0.0,0,0,-0.010894666977962807,-0.014956412616133782,-0.011114733215428788,0.023699419784598292,-0.010894666977962807,-0.014956412616133782,0.03287947078074827,0.00018598522863319346,0.05718990111084871,0.29621334507546954
global_compatible,34,3,0,0,certified_reset,0,1,0.0880183764448404,0.08402450192645386,0.003993874518386541,0.07188974133095774,0.0,0.0,0,0,-0.011114733215428788,0.023699419784598292,0.00790639412616791,-0.003248763145483429,-0.011114733215428788,0.023699419784598292,-0.023843622930294066,0.00023884950297399667,0.05718990111084871,0.29621334507546954
global_compatible,34,4,0,0,certified_reset,0,1,0.08402450192645386,0.08003062740806732,0.003993874518386541,0.0678958668125712,0.0,0.0,0,0,0.00790639412616791,-0.003248763145483429,0.007755422390655689,-0.012144086904139685,0.00790639412616791,-0.003248763145483429,-0.003082328307991492,6.464838992883982e-05,0.05718990111084871,0.29621334507546954
global_compatible,34,5,0,0,certified_reset,0,1,0.08003062740806732,0.07603675288968079,0.003993874518386541,0.06390199229418467,0.0,0.0,0,0,0.007755422390655689,-0.012144086904139685,-0.0011821814597714672,-0.0024943394290870124,0.007755422390655689,-0.012144086904139685,0.010166277231646035,8.927659868860416e-05,0.05718990111084871,0.29621334507546954
global_compatible,34,6,0,0,certified_reset,0,1,0.07603675288968079,0.07204287837129425,0.003993874518386541,0.05990811777579813,0.0,0.0,0,0,-0.0011821814597714672,-0.0024943394290870124,-0.0015710216324753942,-0.001986353825159823,-0.0011821814597714672,-0.0024943394290870124,0.004848951007668304,3.1052724044462458e-06,0.05718990111084871,0.29621334507546954
global_compatible,34,7,0,0,certified_reset,0,1,0.07204287837129425,0.06804900385290771,0.003993874518386541,0.05591424325741159,0.0,0.0,0,0,-0.0015710216324753942,-0.001986353825159823,-0.005428492234355592,0.007086926800859738,-0.0015710216324753942,-0.001986353825159823,0.004488590606813985,3.682003383965992e-06,0.05718990111084871,0.29621334507546954
global_compatible,34,8,0,0,certified_reset,0,1,0.06804900385290771,0.06405512933452118,0.003993874518386541,0.051920368739025044,0.0,0.0,0,0,-0.005428492234355592,0.007086926800859738,-0.002165936728857879,-0.0024436276698197945,-0.005428492234355592,0.007086926800859738,-0.005031519514386523,3.914184832058421e-05,0.05718990111084871,0.29621334507546954
global_compatible,34,9,0,0,certified_reset,0,1,0.06405512933452118,0.060061254816134634,0.003993874518386541,0.0479264942206385,0.0,0.0,0,0,-0.002165936728857879,-0.0024436276698197945,-0.003200545249173405,0.0011092436973021364,-0.002165936728857879,-0.0024436276698197945,0.005753198332720164,6.593601103773525e-06,0.05718990111084871,0.29621334507546954
global_compatible,34,10,0,0,certified_reset,0,1,0.060061254816134634,0.05606738029774809,0.003993874518386541,0.04393261970225196,0.0,0.0,0,0,-0.003200545249173405,0.0011092436973021364,-0.005034399266078584,0.011092897731024292,-0.003200545249173405,0.0011092436973021364,0.0015549762935690914,1.0525414558246313e-05,0.05718990111084871,0.29621334507546954
global_compatible,34,11,0,0,certified_reset,0,1,0.05606738029774809,0.05207350577936155,0.003993874518386541,0.039938745183865414,0.0,0.0,0,0,-0.005034399266078584,0.011092897731024292,0.006232210753371928,-0.011509145142164102,-0.005034399266078584,0.011092897731024292,-0.011327327938260174,5.070231333858832e-05,0.05718990111084871,0.29621334507546954
global_compatible,34,12,0,0,certified_reset,0,1,0.05207350577936155,0.048079631260975,0.003993874518386541,0.03594487066547887,0.0,0.0,0,0,0.006232210753371928,-0.011509145142164102,0.003172878778390436,-0.013563351601101547,0.006232210753371928,-0.011509145142164102,0.010745333384666956,6.556988155574757e-05,0.05718990111084871,0.29621334507546954
global_compatible,34,13,0,0,certified_reset,0,1,0.048079631260975,0.04408575674258846,0.003993874518386541,0.03195099614709233,0.0,0.0,0,0,0.003172878778390436,-0.013563351601101547,-0.000822466309761224,-0.004404217058513375,0.003172878778390436,-0.013563351601101547,0.01681877979589498,5.025255478584921e-05,0.05718990111084871,0.29621334507546954
global_compatible,34,14,0,0,certified_reset,0,1,0.04408575674258846,0.040091882224201916,0.003993874518386541,0.027957121628705783,0.0,0.0,0,0,-0.000822466309761224,-0.004404217058513375,0.002756033468913851,-0.00036702474753629597,-0.000822466309761224,-0.004404217058513375,0.0073094008295879545,5.503617364611809e-06,0.05718990111084871,0.29621334507546954
global_compatible,34,15,0,0,certified_reset,0,1,0.040091882224201916,0.03609800770581537,0.003993874518386541,0.023963247110319243,0.0,0.0,0,0,0.002756033468913851,-0.00036702474753629597,-0.004235410515821901,-0.005858006071331022,0.002756033468913851,-0.00036702474753629597,-0.002202517054720595,7.741244805936428e-06,0.05718990111084871,0.29621334507546954
global_compatible,34,16,0,0,certified_reset,0,1,0.03609800770581537,0.03210413318742883,0.003993874518386541,0.019969372591932703,0.0,0.0,0,0,-0.004235410515821901,-0.005858006071331022,-0.007218517675502767,-0.005696865111967627,-0.004235410515821901,-0.005858006071331022,0.012846637570859885,2.824152698317566e-05,0.05718990111084871,0.29621334507546954
global_compatible,34,17,1,1,certified_reset,0,1,0.03210413318742883,0.02811025866904229,0.003993874518386541,0.015975498073546163,0.0,0.0,0,0,-0.007218517675502767,-0.005696865111967627,0.02369501163726792,0.024996294179204417,-0.007218517675502767,-0.005696865111967627,0.01558309687151555,6.401958911293352e-05,0.05718990111084871,0.29621334507546954
global_compatible,34,18,0,0,certified_reset,0,1,0.02811025866904229,0.02411638415065575,0.003993874518386541,0.011981623555159623,0.0,0.0,0,0,0.02369501163726792,0.024996294179204417,0.021663972512585738,-0.047516441190415634,0.02369501163726792,0.024996294179204417,-0.06041869654284662,0.000765180698873476,0.05718990111084871,0.29621334507546954
global_compatible,34,19,0,0,certified_reset,0,1,0.02411638415065575,0.02012250963226921,0.003993874518386541,0.007987749036773082,0.0,0.0,0,0,0.021663972512585738,-0.047516441190415634,0.001040059168681622,-0.0006839773544973446,0.021663972512585738,-0.047516441190415634,0.0484268530246766,0.0009343629003853121,0.05718990111084871,0.29621334507546954
global_compatible,34,20,0,0,certified_reset,0,1,0.02012250963226921,0.01612863511388267,0.003993874518386541,0.003993874518386541,0.0,0.0,0,0,0.001040059168681622,-0.0006839773544973446,0.005589254106138306,-0.004971486604009633,0.001040059168681622,-0.0006839773544973446,-2.3760799911574888e-05,1.165945692612751e-06,0.05718990111084871,0.29621334507546954
global_compatible,34,21,0,0,certified_reset,0,1,0.01612863511388267,0.01213476059549613,0.003993874518386541,0.0,0.0,0.0,0,0,0.005589254106138306,-0.004971486604009633,-0.0031687658474520938,-0.001652928631381504,0.005589254106138306,-0.004971486604009633,0.0017598131456875797,3.576600725036979e-05,0.05718990111084871,0.29621334507546954
global_compatible,35,0,0,0,certified_reset,0,1,0.1,0.09600612548161347,0.003993874518386541,0.08387136488611735,0.0,0.0,0,0,-1.5175854037103225,-0.5146136588946265,-1.2561150194454715,1.024671565572835,-1.5175854037103225,-0.5146136588946265,1.55,2.410796856780387,0.05718990111084871,0.29621334507546954
global_compatible,35,1,0,0,certified_reset,0,1,0.09600612548161347,0.09201225096322693,0.003993874518386541,0.07987749036773081,0.0,0.0,0,0,-1.2561150194454715,1.024671565572835,-0.3550750077614006,0.7754843131727343,-1.2561150194454715,1.024671565572835,-0.2586462790914658,1.768488716631521,0.05718990111084871,0.29621334507546954
global_compatible,35,2,0,0,certified_reset,0,1,0.09201225096322693,0.0880183764448404,0.003993874518386541,0.07588361584934428,0.0,0.0,0,0,-0.3550750077614006,0.7754843131727343,0.029994686068473195,-0.014654242641928274,-0.3550750077614006,0.7754843131727343,-0.78878995994477,0.24988066675535822,0.05718990111084871,0.29621334507546954
global_compatible,35,3,0,0,certified_reset,0,1,0.0880183764448404,0.08402450192645386,0.003993874518386541,0.07188974133095774,0.0,0.0,0,0,0.029994686068473195,-0.014654242641928274,0.00724537497576669,-0.023327785715905085,0.029994686068473195,-0.014654242641928274,-0.008280103413344373,0.0009400496240931836,0.05718990111084871,0.29621334507546954
global_compatible,35,4,0,0,certified_reset,0,1,0.08402450192645386,0.08003062740806732,0.003993874518386541,0.0678958668125712,0.0,0.0,0,0,0.00724537497576669,-0.023327785715905085,-0.003381328305356606,0.010225621409568097,0.00724537497576669,-0.023327785715905085,0.02715136022027562,0.00016887877313803866,0.05718990111084871,0.29621334507546954
global_compatible,35,5,0,0,certified_reset,0,1,0.08003062740806732,0.07603675288968079,0.003993874518386541,0.06390199229418467,0.0,0.0,0,0,-0.003381328305356606,0.010225621409568097,-0.00097236379025803,0.004852726494266155,-0.003381328305356606,0.010225621409568097,-0.011696045161896533,3.3674717897461e-05,0.05718990111084871,0.29621334507546954
global_compatible,35,6,0,0,certified_reset,0,1,0.07603675288968079,0.07204287837129425,0.003993874518386541,0.05990811777579813,0.0,0.0,0,0,-0.00097236379025803,0.004852726494266155,0.006070470943096262,0.01754858869331683,-0.00097236379025803,0.004852726494266155,-0.006183138017517612,6.140083031264236e-06,0.05718990111084871,0.29621334507546954
global_compatible,35,7,0,0,certified_reset,0,1,0.07204287837129425,0.06804900385290771,0.003993874518386541,0.05591424325741159,0.0,0.0,0,0,0.006070470943096262,0.01754858869331683,0.009640186195887017,-0.015193890299672289,0.006070470943096262,0.01754858869331683,-0.03189647120695919,0.00011771677308028276,0.05718990111084871,0.29621334507546954
global_compatible,35,8,0,0,certified_reset,0,1,0.06804900385290771,0.06405512933452118,0.003993874518386541,0.051920368739025044,0.0,0.0,0,0,0.009640186195887017,-0.015193890299672289,0.006265887270335885,0.01560181967095249,0.009640186195887017,-0.015193890299672289,0.012784236449423376,0.00013857288187016535,0.05718990111084871,0.29621334507546954
global_compatible,35,9,0,0,certified_reset,0,1,0.06405512933452118,0.060061254816134634,0.003993874518386541,0.0479264942206385,0.0,0.0,0,0,0.006265887270335885,0.01560181967095249,0.008579615966411713,-0.007200134344753769,0.006265887270335885,0.01560181967095249,-0.02922353291012165,0.00010442673504636697,0.05718990111084871,0.29621334507546954
global_compatible,35,10,0,0,certified_reset,0,1,0.060061254816134634,0.05606738029774809,0.003993874518386541,0.04393261970225196,0.0,0.0,0,0,0.008579615966411713,-0.007200134344753769,-0.0011706390430168243,-0.01071435993554869,0.008579615966411713,-0.007200134344753769,0.00206333760023197,8.304779240727058e-05,0.05718990111084871,0.29621334507546954
global_compatible,35,11,0,0,certified_reset,0,1,0.05606738029774809,0.05207350577936155,0.003993874518386541,0.039938745183865414,0.0,0.0,0,0,-0.0011706390430168243,-0.01071435993554869,-0.005987050651796791,-0.0003715722435178705,-0.0011706390430168243,-0.01071435993554869,0.01694804721058339,2.9214854964467795e-05,0.05718990111084871,0.29621334507546954
global_compatible,35,12,0,0,certified_reset,0,1,0.05207350577936155,0.048079631260975,0.003993874518386541,0.03594487066547887,0.0,0.0,0,0,-0.005987050651796791,-0.0003715722435178705,-0.0027555537413722704,0.011747906197773208,-0.005987050651796791,-0.0003715722435178705,0.006512322342421388,3.692988593225792e-05,0.05718990111084871,0.29621334507546954
global_compatible,35,13,0,0,certified_reset,0,1,0.048079631260975,0.04408575674258846,0.003993874518386541,0.03195099614709233,0.0,0.0,0,0,-0.0027555537413722704,0.011747906197773208,0.007597106045660276,-0.009348715906485141,-0.0027555537413722704,0.011747906197773208,-0.014560176791817814,3.773543913251754e-05,0.05718990111084871,0.29621334507546954
global_compatible,35,14,0,0,certified_reset,0,1,0.04408575674258846,0.040091882224201916,0.003993874518386541,0.027957121628705783,0.0,0.0,0,0,0.007597106045660276,-0.009348715906485141,0.0011603875110385601,-0.00722207795195757,0.007597106045660276,-0.009348715906485141,0.006204224334968101,7.441005829700347e-05,0.05718990111084871,0.29621334507546954
global_compatible,35,15,0,0,certified_reset,0,1,0.040091882224201916,0.03609800770581537,0.003993874518386541,0.023963247110319243,0.0,0.0,0,0,0.0011603875110385601,-0.00722207795195757,-0.0008074592808173103,-1.1015033838713585e-06,0.0011603875110385601,-0.00722207795195757,0.009482557430833764,1.2982985351448078e-05,0.05718990111084871,0.29621334507546954
global_compatible,35,16,0,0,certified_reset,0,1,0.03609800770581537,0.03210413318742883,0.003993874518386541,0.019969372591932703,0.0,0.0,0,0,-0.0008074592808173103,-1.1015033838713585e-06,0.005383164281983997,0.012188523246164809,-0.0008074592808173103,-1.1015033838713585e-06,0.000808943637447245,6.683504537879144e-07,0.05718990111084871,0.29621334507546954
global_compatible,35,17,0,0,certified_reset,0,1,0.03210413318742883,0.02811025866904229,0.003993874518386541,0.015975498073546163,0.0,0.0,0,0,0.005383164281983997,0.012188523246164809,0.004914762109825374,-0.0027239764274273708,0.005383164281983997,0.012188523246164809,-0.02331622385452264,6.931043286369753e-05,0.05718990111084871,0.29621334507546954
global_compatible,35,18,0,0,certified_reset,0,1,0.02811025866904229,0.02411638415065575,0.003993874518386541,0.011981623555159623,0.0,0.0,0,0,0.004914762109825374,-0.0027239764274273708,0.010289963434586994,-0.010334216267992694,0.004914762109825374,-0.0027239764274273708,-0.0008804527955122048,2.550987508819569e-05,0.05718990111084871,0.29621334507546954
global_compatible,35,19,0,0,certified_reset,0,1,0.02411638415065575,0.02012250963226921,0.003993874518386541,0.007987749036773082,0.0,0.0,0,0,0.010289963434586994,-0.010334216267992694,0.004725625266974551,-0.005350367252529437,0.010289963434586994,-0.010334216267992694,0.004980793735876433,0.00012572683979837707,0.05718990111084871,0.29621334507546954
global_compatible,35,20,0,0,certified_reset,0,1,0.02012250963226921,0.01612863511388267,0.003993874518386541,0.003993874518386541,0.0,0.0,0,0,0.004725625266974551,-0.005350367252529437,-0.0021992364999843116,-0.006045570836925052,0.004725625266974551,-0.005350367252529437,0.003173338064674256,2.7736043378335148e-05,0.05718990111084871,0.29621334507546954
global_compatible,35,21,0,0,certified_reset,0,1,0.01612863511388267,0.01213476059549613,0.003993874518386541,0.0,0.0,0.0,0,0,-0.0021992364999843116,-0.006045570836925052,0.0006982136916107388,-0.012877445568536592,-0.0021992364999843116,-0.006045570836925052,0.01109418154097222,1.4492469598434626e-05,0.05718990111084871,0.29621334507546954
global_compatible,36,0,0,0,certified_reset,0,1,0.1,0.09600612548161347,0.003993874518386541,0.08387136488611735,0.0,0.0,0,0,3.1894868736267554,0.5224182707347259,2.9367531224007553,-1.0272632476709507,3.1894868736267554,0.5224182707347259,-1.55,10.282014769964919,0.05718990111084871,0.29621334507546954
global_compatible,36,1,0,0,certified_reset,0,1,0.09600612548161347,0.09201225096322693,0.003993874518386541,0.07987749036773081,0.0,0.0,0,0,2.9367531224007553,-1.0272632476709507,1.4184819261407358,-1.9976698123913166,2.9367531224007553,-1.0272632476709507,-0.981133566437744,8.838533039213141,0.05718990111084871,0.29621334507546954
global_compatible,36,2,0,0,certified_reset,0,1,0.09201225096322693,0.0880183764448404,0.003993874518386541,0.07588361584934428,0.0,0.0,0,0,1.4184819261407358,-1.9976698123913166,0.18394248965999105,-0.4661281558861649,1.4184819261407358,-1.9976698123913166,1.5302855430744675,2.78895856315262,0.05718990111084871,0.29621334507546954
global_compatible,36,3,0,0,certified_reset,0,1,0.0880183764448404,0.08402450192645386,0.003993874518386541,0.07188974133095774,0.0,0.0,0,0,0.18394248965999105,-0.4661281558861649,-0.027615146853567127,0.05278800294482461,0.18394248965999105,-0.4661281558861649,0.5034868067403117,0.07928189600412545,0.05718990111084871,0.29621334507546954
global_compatible,36,4,0,0,certified_reset,0,1,0.08402450192645386,0.08003062740806732,0.003993874518386541,0.0678958668125712,0.0,0.0,0,0,-0.027615146853567127,0.05278800294482461,0.007874042355642782,0.010768435680321025,-0.027615146853567127,0.05278800294482461,-0.050264214720569585,0.0013273418036634725,0.05718990111084871,0.29621334507546954
global_compatible,36,5,0,0,certified_reset,0,1,0.08003062740806732,0.07603675288968079,0.003993874518386541,0.06390199229418467,0.0,0.0,0,0,0.007874042355642782,0.010768435680321025,0.0036440037076131654,-0.0005237840026028912,0.007874042355642782,0.010768435680321025,-0.02370841589473085,9.692542488461267e-05,0.05718990111084871,0.29621334507546954
global_compatible,36,6,0,0,certified_reset,0,1,0.07603675288968079,0.07204287837129425,0.003993874518386541,0.05990811777579813,0.0,0.0,0,0,0.0036440037076131654,-0.0005237840026028912,0.010902251372884298,-0.0011825667231325546,0.0036440037076131654,-0.0005237840026028912,-0.0028578548660669638,1.3532329324634949e-05,0.05718990111084871,0.29621334507546954
global_compatible,36,7,0,0,certified_reset,0,1,0.07204287837129425,0.06804900385290771,0.003993874518386541,0.05591424325741159,0.0,0.0,0,0,0.010902251372884298,-0.0011825667231325546,0.010433771641026702,-0.007907688098771315,0.010902251372884298,-0.0011825667231325546,-0.009112878038315689,0.00012118692218092685,0.05718990111084871,0.29621334507546954
global_compatible,36,8,0,0,certified_reset,0,1,0.06804900385290771,0.06405512933452118,0.003993874518386541,0.051920368739025044,0.0,0.0,0,0,0.010433771641026702,-0.007907688098771315,0.0022619765779222263,-0.007820150937884402,0.010433771641026702,-0.007907688098771315,0.0012583194257034418,0.00012015885044366151,0.05718990111084871,0.29621334507546954
global_compatible,36,9,0,0,certified_reset,0,1,0.06405512933452118,0.060061254816134634,0.003993874518386541,0.0479264942206385,0.0,0.0,0,0,0.0022619765779222263,-0.007820150937884402,0.003485278592265697,-0.003776298040686372,0.0022619765779222263,-0.007820150937884402,0.009266082966428228,1.827090230202e-05,0.05718990111084871,0.29621334507546954
global_compatible,36,10,0,0,certified_reset,0,1,0.060061254816134634,0.05606738029774809,0.003993874518386541,0.04393261970225196,0.0,0.0,0,0,0.003485278592265697,-0.003776298040686372,0.0015971387847651746,0.006744583468384494,0.003485278592265697,-0.003776298040686372,0.002095532808416011,1.4823825150060769e-05,0.05718990111084871,0.29621334507546954
global_compatible,36,11,0,0,certified_reset,0,1,0.05606738029774809,0.05207350577936155,0.003993874518386541,0.039938745183865414,0.0,0.0,0,0,0.0015971387847651746,0.006744583468384494,0.0072017709960453015,0.010219762258335062,0.0015971387847651746,0.006744583468384494,-0.011524963003526296,1.4059564712778398e-05,0.05718990111084871,0.29621334507546954
global_compatible,36,12,0,0,certified_reset,0,1,0.05207350577936155,0.048079631260975,0.003993874518386541,0.03594487066547887,0.0,0.0,0,0,0.0072017709960453015,0.010219762258335062,0.004919395092016362,-0.005387197261893005,0.0072017709960453015,0.010219762258335062,-0.02222523772966965,8.301437259402776e-05,0.05718990111084871,0.29621334507546954
global_compatible,36,13,0,0,certified_reset,0,1,0.048079631260975,0.04408575674258846,0.003993874518386541,0.03195099614709233,0.0,0.0,0,0,0.004919395092016362,-0.005387197261893005,0.0018294525100096973,0.0004256408942994298,0.004919395092016362,-0.005387197261893005,0.003038050537257936,2.9655132828966555e-05,0.05718990111084871,0.29621334507546954
global_compatible,36,14,0,0,certified_reset,0,1,0.04408575674258846,0.040091882224201916,0.003993874518386541,0.027957121628705783,0.0,0.0,0,0,0.0018294525100096973,0.0004256408942994298,0.004398918205571606,-0.010083685197381669,0.0018294525100096973,0.0004256408942994298,-0.0024488477519535134,3.5294284999489795e-06,0.05718990111084871,0.29621334507546954
global_compatible,36,15,0,0,certified_reset,0,1,0.040091882224201916,0.03609800770581537,0.003993874518386541,0.023963247110319243,0.0,0.0,0,0,0.004398918205571606,-0.010083685197381669,-0.008191163192560986,-0.002784572899841053,0.004398918205571606,-0.010083685197381669,0.010473346740428888,4.0395283466721574e-05,0.05718990111084871,0.29621334507546954
global_compatible,36,16,0,0,certified_reset,0,1,0.03609800770581537,0.03210413318742883,0.003993874518386541,0.019969372591932703,0.0,0.0,0,0,-0.008191163192560986,-0.002784572899841053,-0.005980674442626767,0.01233381527306308,-0.008191163192560986,-0.002784572899841053,0.012257181846070529,7.224680943957216e-05,0.05718990111084871,0.29621334507546954
global_compatible,36,17,0,0,certified_reset,0,1,0.03210413318742883,0.02811025866904229,0.003993874518386541,0.015975498073546163,0.0,0.0,0,0,-0.005980674442626767,0.01233381527306308,0.0030700535544348553,-0.0016602903227411754,-0.005980674442626767,0.01233381527306308,-0.01221455035549244,6.688048765256844e-05,0.05718990111084871,0.29621334507546954
global_compatible,36,18,0,0,certified_reset,0,1,0.02811025866904229,0.02411638415065575,0.003993874518386541,0.011981623555159623,0.0,0.0,0,0,0.0030700535544348553,-0.0016602903227411754,0.0030099734811963297,-0.005554102661722433,0.0030700535544348553,-0.0016602903227411754,-0.0006090814615738805,9.930684844810752e-06,0.05718990111084871,0.29621334507546954
global_compatible,36,19,0,0,certified_reset,0,1,0.02411638415065575,0.02012250963226921,0.003993874518386541,0.007987749036773082,0.0,0.0,0,0,0.0030099734811963297,-0.005554102661722433,-0.004778869820650315,-0.007938790732523359,0.0030099734811963297,-0.005554102661722433,0.005182591451225549,1.5284071859114455e-05,0.05718990111084871,0.29621334507546954
global_compatible,36,20,0,0,certified_reset,0,1,0.02012250963226921,0.01612863511388267,0.003993874518386541,0.003993874518386541,0.0,0.0,0,0,-0.004778869820650315,-0.007938790732523359,-0.0037140098273160133,0.012177608784796439,-0.004778869820650315,-0.007938790732523359,0.01645157682268946,4.094834795460748e-05,0.05718990111084871,0.29621334507546954
global_compatible,36,21,0,0,certified_reset,0,1,0.01612863511388267,0.01213476059549613,0.003993874518386541,0.0,0.0,0.0,0,0,-0.0037140098273160133,0.012177608784796439,0.010241724377126874,0.014959790693018754,-0.0037140098273160133,0.012177608784796439,-0.01424300490917042,4.555839674726549e-05,0.05718990111084871,0.29621334507546954
global_compatible,37,0,0,0,certified_reset,0,1,0.1,0.09600612548161347,0.003993874518386541,0.08387136488611735,0.0,0.0,0,0,4.839853672381485,0.13879933421975632,4.205772418322242,-1.4101473557817348,4.839853672381485,0.13879933421975632,-1.5499999999997376,23.4877138159969,0.05718990111084871,0.29621334507546954
global_compatible,37,1,0,0,certified_reset,0,1,0.09600612548161347,0.09201225096322693,0.003993874518386541,0.07987749036773081,0.0,0.0,0,0,4.205772418322242,-1.4101473557817348,2.2419481524754565,-2.5110563177985616,4.205772418322242,-1.4101473557817348,-1.1088337444053553,18.0771922432417,0.05718990111084871,0.29621334507546954
global_compatible,37,2,0,0,certified_reset,0,1,0.09201225096322693,0.0880183764448404,0.003993874518386541,0.07588361584934428,0.0,0.0,0,0,2.2419481524754565,-2.5110563177985616,0.45587118454096637,-1.0474725015298685,2.2419481524754565,-2.5110563177985616,1.4665682688186457,6.215074770173849,0.05718990111084871,0.29621334507546954
global_compatible,37,3,0,0,certified_reset,0,1,0.0880183764448404,0.08402450192645386,0.003993874518386541,0.07188974133095774,0.0,0.0,0,0,0.45587118454096637,-1.0474725015298685,-0.04590340582335987,0.050890060396054204,0.45587118454096637,-1.0474725015298685,1.0890852377469706,0.4349669587347665,0.05718990111084871,0.29621334507546954
global_compatible,37,4,0,0,certified_reset,0,1,0.08402450192645386,0.08003062740806732,0.003993874518386541,0.0678958668125712,0.0,0.0,0,0,-0.04590340582335987,0.050890060396054204,-0.0029704058671602765,0.0271745492237163,-0.04590340582335987,0.050890060396054204,-0.02925800083202032,0.0025946871159817594,0.05718990111084871,0.29621334507546954
global_compatible,37,5,0,0,certified_reset,0,1,0.08003062740806732,0.07603675288968079,0.003993874518386541,0.06390199229418467,0.0,0.0,0,0,-0.0029704058671602765,0.0271745492237163,0.006622295542824626,0.01068402752377037,-0.0029704058671602765,0.0271745492237163,-0.037073880808635946,0.00017610722956317625,0.05718990111084871,0.29621334507546954
global_compatible,37,6,0,0,certified_reset,0,1,0.07603675288968079,0.07204287837129425,0.003993874518386541,0.05990811777579813,0.0,0.0,0,0,0.006622295542824626,0.01068402752377037,0.005492046057492931,-0.004428257651220087,0.006622295542824626,0.01068402752377037,-0.022335204547193937,7.687305225380262e-05,0.05718990111084871,0.29621334507546954
global_compatible,37,7,0,0,certified_reset,0,1,0.07204287837129425,0.06804900385290771,0.003993874518386541,0.05591424325741159,0.0,0.0,0,0,0.005492046057492931,-0.004428257651220087,0.006022906155016501,-0.0002569286794677282,0.005492046057492931,-0.004428257651220087,0.0010562907669137188,3.372016750083639e-05,0.05718990111084871,0.29621334507546954
global_compatible,37,8,0,0,certified_reset,0,1,0.06804900385290771,0.06405512933452118,0.003993874518386541,0.051920368739025044,0.0,0.0,0,0,0.006022906155016501,-0.0002569286794677282,0.0033755693809998516,-0.010038231096464581,0.006022906155016501,-0.0002569286794677282,-0.005616066832495996,3.707578594115214e-05,0.05718990111084871,0.29621334507546954
global_compatible,37,9,0,0,certified_reset,0,1,0.06405512933452118,0.060061254816134634,0.003993874518386541,0.0479264942206385,0.0,0.0,0,0,0.0033755693809998516,-0.010038231096464581,0.002357403652924784,0.006529345984621776,0.0033755693809998516,-0.010038231096464581,0.011423665279346677,3.279486689459262e-05,0.05718990111084871,0.29621334507546954
global_compatible,37,10,0,0,certified_reset,0,1,0.060061254816134634,0.05606738029774809,0.003993874518386541,0.04393261970225196,0.0,0.0,0,0,0.002357403652924784,0.006529345984621776,0.005745472989799338,0.00048033124182724884,0.002357403652924784,0.006529345984621776,-0.011965855382446391,1.681071897630502e-05,0.05718990111084871,0.29621334507546954
global_compatible,37,11,0,0,certified_reset,0,1,0.05606738029774809,0.05207350577936155,0.003993874518386541,0.039938745183865414,0.0,0.0,0,0,0.005745472989799338,0.00048033124182724884,0.006188786849147775,-0.017834092424079538,0.005745472989799338,0.00048033124182724884,-0.0064289474929009735,3.408527328151324e-05,0.05718990111084871,0.29621334507546954
global_compatible,37,12,0,0,certified_reset,0,1,0.05207350577936155,0.048079631260975,0.003993874518386541,0.03594487066547887,0.0,0.0,0,0,0.006188786849147775,-0.017834092424079538,-0.001528178803444157,-0.0008139144128753027,0.006188786849147775,-0.017834092424079538,0.020108629995661192,0.00010565988113805457,0.05718990111084871,0.29621334507546954
global_compatible,37,13,0,0,certified_reset,0,1,0.048079631260975,0.04408575674258846,0.003993874518386541,0.03195099614709233,0.0,0.0,0,0,-0.001528178803444157,-0.0008139144128753027,-0.0031839078290359637,0.0106804521110281,-0.001528178803444157,-0.0008139144128753027,0.0027210028701718614,2.6396690716506094e-06,0.05718990111084871,0.29621334507546954
global_compatible,37,14,0,0,certified_reset,0,1,0.04408575674258846,0.040091882224201916,0.003993874518386541,0.027957121628705783,0.0,0.0,0,0,-0.0031839078290359637,0.0106804521110281,-0.007209899563756583,0.0021570474022597286,-0.0031839078290359637,0.0106804521110281,-0.012559717563378647,3.461390200886618e-05,0.05718990111084871,0.29621334507546954
global_compatible,37,15,0,0,certified_reset,0,1,0.040091882224201916,0.03609800770581537,0.003993874518386541,0.023963247110319243,0.0,0.0,0,0,-0.007209899563756583,0.0021570474022597286,-0.0014568548469262488,0.0049145545976384255,-0.007209899563756583,0.0021570474022597286,0.00399962933410898,5.3220091218921165e-05,0.05718990111084871,0.29621334507546954
global_compatible,37,16,0,0,certified_reset,0,1,0.03609800770581537,0.03210413318742883,0.003993874518386541,0.019969372591932703,0.0,0.0,0,0,-0.0014568548469262488,0.0049145545976384255,0.014583818011801048,0.004252293918102795,-0.0014568548469262488,0.0049145545976384255,-0.005787056707037533,7.3071891190446235e-06,0.05718990111084871,0.29621334507546954
global_compatible,37,17,0,0,certified_reset,0,1,0.03210413318742883,0.02811025866904229,0.003993874518386541,0.015975498073546163,0.0,0.0,0,0,0.014583818011801048,0.004252293918102795,0.009364175540816025,-0.014282473913632885,0.014583818011801048,0.004252293918102795,-0.020787254657587306,0.00022674525734818544,0.05718990111084871,0.29621334507546954
global_compatible,37,18,0,0,certified_reset,0,1,0.02811025866904229,0.02411638415065575,0.003993874518386541,0.011981623555159623,0.0,0.0,0,0,0.009364175540816025,-0.014282473913632885,-0.0009218509854166538,0.0030613513536170847,0.009364175540816025,-0.014282473913632885,0.011717785266785413,0.0001278384768450281,0.05718990111084871,0.29621334507546954
global_compatible,37,19,0,0,certified_reset,0,1,0.02411638415065575,0.02012250963226921,0.003993874518386541,0.007987749036773082,0.0,0.0,0,0,-0.0009218509854166538,0.0030613513536170847,0.0001897401015061609,0.004446229969935794,-0.0009218509854166538,0.0030613513536170847,-0.0035880380651183005,2.8585966480848707e-06,0.05718990111084871,0.29621334507546954
global_compatible,37,20,0,0,certified_reset,0,1,0.02012250963226921,0.01612863511388267,0.003993874518386541,0.003993874518386541,0.0,0.0,0,0,0.0001897401015061609,0.004446229969935794,0.0009153215712998263,-0.0039317811847449655,0.0001897401015061609,0.004446229969935794,-0.006737096444532291,4.729125988892755e-06,0.05718990111084871,0.29621334507546954
global_compatible,37,21,0,0,certified_reset,0,1,0.01612863511388267,0.01213476059549613,0.003993874518386541,0.0,0.0,0.0,0,0,0.0009153215712998263,-0.0039317811847449655,-0.001077939773101535,0.0005966143434133029,0.0009153215712998263,-0.0039317811847449655,0.0048796650034040176,4.215694433771546e-06,0.05718990111084871,0.29621334507546954
global_compatible,38,0,0,0,certified_reset,0,1,0.1,0.09600612548161347,0.003993874518386541,0.08387136488611735,0.0,0.0,0,0,-0.4841601836106584,-0.10787198664171704,-0.2788999602695479,0.5399788355954167,-0.4841601836106584,-0.10787198664171704,0.6410136298368287,0.24677809102518666,0.05718990111084871,0.29621334507546954
global_compatible,38,1,0,0,certified_reset,0,1,0.09600612548161347,0.09201225096322693,0.003993874518386541,0.07987749036773081,0.0,0.0,0,0,-0.2788999602695479,0.5399788355954167,0.0072710837512033775,0.025048129786558803,-0.2788999602695479,0.5399788355954167,-0.5177205587992303,0.13696993798381685,0.05718990111084871,0.29621334507546954
global_compatible,38,2,0,0,certified_reset,0,1,0.09201225096322693,0.0880183764448404,0.003993874518386541,0.07588361584934428,0.0,0.0,0,0,0.0072710837512033775,0.025048129786558803,0.008309717335274995,-0.02125021923227687,0.0072710837512033775,0.025048129786558803,-0.04413646402111399,0.00021450293036896404,0.05718990111084871,0.29621334507546954
global_compatible,38,3,0,0,certified_reset,0,1,0.0880183764448404,0.08402450192645386,0.003993874518386541,0.07188974133095774,0.0,0.0,0,0,0.008309717335274995,-0.02125021923227687,0.0022033929692002662,0.00709679906322418,0.008309717335274995,-0.02125021923227687,0.023028538481732034,0.00016359216894285445,0.05718990111084871,0.29621334507546954
global_compatible,38,4,0,0,certified_reset,0,1,0.08402450192645386,0.08003062740806732,0.003993874518386541,0.0678958668125712,0.0,0.0,0,0,0.0022033929692002662,0.00709679906322418,0.00042767656366187725,0.0017749977796503854,0.0022033929692002662,0.00709679906322418,-0.01264495933960785,1.7917935744109888e-05,0.05718990111084871,0.29621334507546954
global_compatible,38,5,0,0,certified_reset,0,1,0.08003062740806732,0.07603675288968079,0.003993874518386541,0.06390199229418467,0.0,0.0,0,0,0.00042767656366187725,0.0017749977796503854,0.0043001733027864045,0.0026281535428015756,0.00042767656366187725,0.0017749977796503854,-0.003045011548646102,9.818207075878187e-07,0.05718990111084871,0.29621334507546954
global_compatible,38,6,0,0,certified_reset,0,1,0.07603675288968079,0.07204287837129425,0.003993874518386541,0.05990811777579813,0.0,0.0,0,0,0.0043001733027864045,0.0026281535428015756,0.00222457571326613,-0.004537154466731108,0.0043001733027864045,0.0026281535428015756,-0.008152635876824871,2.139642161551652e-05,0.05718990111084871,0.29621334507546954
global_compatible,38,7,0,0,certified_reset,0,1,0.07204287837129425,0.06804900385290771,0.003993874518386541,0.05591424325741159,0.0,0.0,0,0,0.00222457571326613,-0.004537154466731108,-0.0023672789671432006,-0.00911197181008588,0.00222457571326613,-0.004537154466731108,0.004467329877479426,9.153101727805069e-06,0.05718990111084871,0.29621334507546954
global_compatible,38,8,0,0,certified_reset,0,1,0.06804900385290771,0.06405512933452118,0.003993874518386541,0.051920368739025044,0.0,0.0,0,0,-0.0023672789671432006,-0.00911197181008588,-0.0041022562442037565,0.019231143452902603,-0.0023672789671432006,-0.00911197181008588,0.015778517204373375,2.6773095285700197e-05,0.05718990111084871,0.29621334507546954
global_compatible,38,9,0,0,certified_reset,0,1,0.06405512933452118,0.060061254816134634,0.003993874518386541,0.0479264942206385,0.0,0.0,0,0,-0.0041022562442037565,0.019231143452902603,0.002375911796411231,0.003279571534084265,-0.0041022562442037565,0.019231143452902603,-0.024244331614753388,9.809383481036333e-05,0.05718990111084871,0.29621334507546954
global_compatible,38,10,0,0,certified_reset,0,1,0.060061254816134634,0.05606738029774809,0.003993874518386541,0.04393261970225196,0.0,0.0,0,0,0.002375911796411231,0.003279571534084265,0.008662292942687989,1.630701994514202e-05,0.002375911796411231,0.003279571534084265,-0.0071971706497557675,8.875944598860335e-06,0.05718990111084871,0.29621334507546954
global_compatible,38,11,0,0,certified_reset,0,1,0.05606738029774809,0.05207350577936155,0.003993874518386541,0.039938745183865414,0.0,0.0,0,0,0.008662292942687989,1.630701994514202e-05,0.0025830198963286144,-0.008283286143247784,0.008662292942687989,1.630701994514202e-05,-0.008649062594544206,7.690552398445264e-05,0.05718990111084871,0.29621334507546954
global_compatible,38,12,0,0,certified_reset,0,1,0.05207350577936155,0.048079631260975,0.003993874518386541,0.03594487066547887,0.0,0.0,0,0,0.0025830198963286144,-0.008283286143247784,-0.003978977731128649,0.010387387170772238,0.0025830198963286144,-0.008283286143247784,0.00963036818053895,2.1340900846713647e-05,0.05718990111084871,0.29621334507546954
global_compatible,38,13,0,0,certified_reset,0,1,0.048079631260975,0.04408575674258846,0.003993874518386541,0.03195099614709233,0.0,0.0,0,0,-0.003978977731128649,0.010387387170772238,0.0005709958373713686,-0.01616567434269083,-0.003978977731128649,0.010387387170772238,-0.011337581222369948,3.846738868655784e-05,0.05718990111084871,0.29621334507546954
global_compatible,38,14,0,0,certified_reset,0,1,0.04408575674258846,0.040091882224201916,0.003993874518386541,0.027957121628705783,0.0,0.0,0,0,0.0005709958373713686,-0.01616567434269083,-0.005690840117105113,0.01636161248945352,0.0005709958373713686,-0.01616567434269083,0.023242803528402228,6.087095899450097e-05,0.05718990111084871,0.29621334507546954
global_compatible,38,15,0,0,certified_reset,0,1,0.040091882224201916,0.03609800770581537,0.003993874518386541,0.023963247110319243,0.0,0.0,0,0,-0.005690840117105113,0.01636161248945352,-0.004706185677392839,-0.006150975884208065,-0.005690840117105113,0.01636161248945352,-0.018436453268052978,8.906965685198793e-05,0.05718990111084871,0.29621334507546954
global_compatible,38,16,0,0,certified_reset,0,1,0.03609800770581537,0.03210413318742883,0.003993874518386541,0.019969372591932703,0.0,0.0,0,0,-0.004706185677392839,-0.006150975884208065,-0.01474663434550642,0.008032725385274515,-0.004706185677392839,-0.006150975884208065,0.013747510286482278,3.3683245386080544e-05,0.05718990111084871,0.29621334507546954
global_compatible,38,17,0,0,certified_reset,0,1,0.03210413318742883,0.02811025866904229,0.003993874518386541,0.015975498073546163,0.0,0.0,0,0,-0.01474663434550642,0.008032725385274515,-0.005495686156902988,0.014780713950470344,-0.01474663434550642,0.008032725385274515,0.0028508733589183424,0.00022928085337352639,0.05718990111084871,0.29621334507546954
global_compatible,38,18,0,0,certified_reset,0,1,0.02811025866904229,0.02411638415065575,0.003993874518386541,0.011981623555159623,0.0,0.0,0,0,-0.005495686156902988,0.014780713950470344,0.003354026511518488,0.0008499503420647324,-0.005495686156902988,0.014780713950470344,-0.01629876360638213,7.616831959200644e-05,0.05718990111084871,0.29621334507546954
global_compatible,38,19,1,1,certified_reset,0,1,0.02411638415065575,0.02012250963226921,0.003993874518386541,0.007987749036773082,0.0,0.0,0,0,0.003354026511518488,0.0008499503420647324,0.011043088387391743,-0.022660966894640165,0.003354026511518488,0.0008499503420647324,-0.0045931213599891,1.1906947740774254e-05,0.05718990111084871,0.29621334507546954
global_compatible,38,20,1,1,certified_reset,0,1,0.02012250963226921,0.01612863511388267,0.003993874518386541,0.003993874518386541,0.0,0.0,0,0,0.011043088387391743,-0.022660966894640165,-0.015026216594118782,-0.02761982593063271,0.011043088387391743,-0.022660966894640165,0.022385455925042475,0.0002269110127640428,0.05718990111084871,0.29621334507546954
global_compatible,38,21,1,1,certified_reset,0,1,0.01612863511388267,0.01213476059549613,0.003993874518386541,0.0,0.0,0.0,0,0,-0.015026216594118782,-0.02761982593063271,0.006936646389785379,0.013503591861421149,-0.015026216594118782,-0.02761982593063271,0.05565013511287197,0.0004405244847843145,0.05718990111084871,0.29621334507546954
global_compatible,39,0,1,1,certified_reset,0,1,0.1,0.09600612548161347,0.003993874518386541,0.08387136488611735,0.0,0.0,0,0,0.2513803512679278,-0.045007348681449844,0.13172788791395842,-0.23895662056281736,0.2513803512679278,-0.045007348681449844,-0.18401562864530147,0.06440324385158995,0.05718990111084871,0.29621334507546954
global_compatible,39,1,0,0,certified_reset,0,1,0.09600612548161347,0.09201225096322693,0.003993874518386541,0.07987749036773081,0.0,0.0,0,0,0.13172788791395842,-0.23895662056281736,0.00194969446602759,-0.025735209853350472,0.13172788791395842,-0.23895662056281736,0.22083626824177977,0.028849500860490686,0.05718990111084871,0.29621334507546954
global_compatible,39,2,0,0,certified_reset,0,1,0.09201225096322693,0.0880183764448404,0.003993874518386541,0.07588361584934428,0.0,0.0,0,0,0.00194969446602759,-0.025735209853350472,-0.0060735144949860004,0.007942779495490222,0.00194969446602759,-0.025735209853350472,0.03597046381358225,0.00015536234990024206,0.05718990111084871,0.29621334507546954
global_compatible,39,3,0,0,certified_reset,0,1,0.0880183764448404,0.08402450192645386,0.003993874518386541,0.07188974133095774,0.0,0.0,0,0,-0.0060735144949860004,0.007942779495490222,0.0028606701817670468,-0.00241280518078111,-0.0060735144949860004,0.007942779495490222,-0.005653016154200985,4.9042287412312865e-05,0.05718990111084871,0.29621334507546954
global_compatible,39,4,0,0,certified_reset,0,1,0.08402450192645386,0.08003062740806732,0.003993874518386541,0.0678958668125712,0.0,0.0,0,0,0.0028606701817670468,-0.00241280518078111,-0.003891894914487025,0.0014019644257501278,0.0028606701817670468,-0.00241280518078111,0.0007033703803543783,9.243695327422855e-06,0.05718990111084871,0.29621334507546954
global_compatible,39,5,0,0,certified_reset,0,1,0.08003062740806732,0.07603675288968079,0.003993874518386541,0.06390199229418467,0.0,0.0,0,0,-0.003891894914487025,0.0014019644257501278,0.002904854077184767,-0.005678012560311111,-0.003891894914487025,0.0014019644257501278,0.0018080865193796855,1.558236621214143e-05,0.05718990111084871,0.29621334507546954
global_compatible,39,6,0,0,certified_reset,0,1,0.07603675288968079,0.07204287837129425,0.003993874518386541,0.05990811777579813,0.0,0.0,0,0,0.002904854077184767,-0.005678012560311111,0.003541464482652517,-0.006160076614067449,0.002904854077184767,-0.005678012560311111,0.005475026524743738,1.4990743890212284e-05,0.05718990111084871,0.29621334507546954
global_compatible,39,7,0,0,certified_reset,0,1,0.07204287837129425,0.06804900385290771,0.003993874518386541,0.05591424325741159,0.0,0.0,0,0,0.003541464482652517,-0.006160076614067449,-0.007228062608723777,0.002872266908595561,0.003541464482652517,-0.006160076614067449,0.00554774350352231,2.0141785031823634e-05,0.05718990111084871,0.29621334507546954
global_compatible,39,8,0,0,certified_reset,0,1,0.06804900385290771,0.06405512933452118,0.003993874518386541,0.051920368739025044,0.0,0.0,0,0,-0.007228062608723777,0.002872266908595561,-0.00435608231566474,0.005621484803859475,-0.007228062608723777,0.002872266908595561,0.00296506443978079,5.394966434889044e-05,0.05718990111084871,0.29621334507546954
global_compatible,39,9,0,0,certified_reset,0,1,0.06405512933452118,0.060061254816134634,0.003993874518386541,0.0479264942206385,0.0,0.0,0,0,-0.00435608231566474,0.005621484803859475,0.0034369774920886445,0.01698453255049858,-0.00435608231566474,0.005621484803859475,-0.003940286538997765,2.5051796043086396e-05,0.05718990111084871,0.29621334507546954
global_compatible,39,10,0,0,certified_reset,0,1,0.060061254816134634,0.05606738029774809,0.003993874518386541,0.04393261970225196,0.0,0.0,0,0,0.0034369774920886445,0.01698453255049858,0.012857822732203547,-0.021375337530294178,0.0034369774920886445,0.01698453255049858,-0.028443599038547228,8.396415471037531e-05,0.05718990111084871,0.29621334507546954
global_compatible,39,11,0,0,certified_reset,0,1,0.05606738029774809,0.05207350577936155,0.003993874518386541,0.039938745183865414,0.0,0.0,0,0,0.012857822732203547,-0.021375337530294178,-0.003221127938656601,-0.001193255204122876,0.012857822732203547,-0.021375337530294178,0.018679511204468174,0.0002562896186998371,0.05718990111084871,0.29621334507546954
global_compatible,39,12,0,0,certified_reset,0,1,0.05207350577936155,0.048079631260975,0.003993874518386541,0.03594487066547887,0.0,0.0,0,0,-0.003221127938656601,-0.001193255204122876,0.0039903381238969235,0.007863897881930454,-0.003221127938656601,-0.001193255204122876,0.004961768776727425,1.1247438368826742e-05,0.05718990111084871,0.29621334507546954
global_compatible,39,13,0,0,certified_reset,0,1,0.048079631260975,0.04408575674258846,0.003993874518386541,0.03195099614709233,0.0,0.0,0,0,0.0039903381238969235,0.007863897881930454,-0.009137862877850098,-0.006436180442806076,0.0039903381238969235,0.007863897881930454,-0.01555813496317036,3.310554761286827e-05,0.05718990111084871,0.29621334507546954
global_compatible,39,14,0,0,certified_reset,0,1,0.04408575674258846,0.040091882224201916,0.003993874518386541,0.027957121628705783,0.0,0.0,0,0,-0.009137862877850098,-0.006436180442806076,-0.01232762247607674,0.014273373976490082,-0.009137862877850098,-0.006436180442806076,0.01858276630889262,9.958991343128844e-05,0.05718990111084871,0.29621334507546954
global_compatible,39,15,0,0,certified_reset,0,1,0.040091882224201916,0.03609800770581537,0.003993874518386541,0.023963247110319243,0.0,0.0,0,0,-0.01232762247607674,0.014273373976490082,0.004896486622699607,0.015266648740141758,-0.01232762247607674,0.014273373976490082,-0.008751296723000741,0.0001905561626121165,0.05718990111084871,0.29621334507546954
global_compatible,39,16,0,0,certified_reset,0,1,0.03609800770581537,0.03210413318742883,0.003993874518386541,0.019969372591932703,0.0,0.0,0,0,0.004896486622699607,0.015266648740141758,0.0037625346392189387,-0.008520856595693632,0.004896486622699607,0.015266648740141758,-0.027365936812338863,8.465064516257623e-05,0.05718990111084871,0.29621334507546954
global_compatible,39,17,0,0,certified_reset,0,1,0.03210413318742883,0.02811025866904229,0.003993874518386541,0.015975498073546163,0.0,0.0,0,0,0.0037625346392189387,-0.008520856595693632,-0.0007261145263696429,-0.0027862335375884056,0.0037625346392189387,-0.008520856595693632,0.008807968247958257,2.9165074010136032e-05,0.05718990111084871,0.29621334507546954
global_compatible,39,18,1,1,certified_reset,0,1,0.02811025866904229,0.02411638415065575,0.003993874518386541,0.011981623555159623,0.0,0.0,0,0,-0.0007261145263696429,-0.0027862335375884056,0.00599756382668358,-0.022582735157701445,-0.0007261145263696429,-0.0027862335375884056,0.004828362391039286,2.5074269085619086e-06,0.05718990111084871,0.29621334507546954
global_compatible,39,19,0,0,certified_reset,0,1,0.02411638415065575,0.02012250963226921,0.003993874518386541,0.007987749036773082,0.0,0.0,0,0,0.00599756382668358,-0.022582735157701445,-0.017387553946050915,0.004396548612213399,0.00599756382668358,-0.022582735157701445,0.02729475749814872,0.0001463922534237313,0.05718990111084871,0.29621334507546954
global_compatible,39,20,0,0,certified_reset,0,1,0.02012250963226921,0.01612863511388267,0.003993874518386541,0.003993874518386541,0.0,0.0,0,0,-0.017387553946050915,0.004396548612213399,-0.0006894950097528062,0.012392952206333473,-0.017387553946050915,0.004396548612213399,0.010840980126507829,0.0003087445386253342,0.05718990111084871,0.29621334507546954
global_compatible,39,21,0,0,certified_reset,0,1,0.01612863511388267,0.01213476059549613,0.003993874518386541,0.0,0.0,0.0,0,0,-0.0006894950097528062,0.012392952206333473,0.006700002991978673,-0.007686936533941485,-0.0006894950097528062,0.012392952206333473,-0.017573047264650647,3.5841050712538984e-05,0.05718990111084871,0.29621334507546954
global_compatible,40,0,0,0,certified_reset,0,1,0.1,0.09600612548161347,0.003993874518386541,0.08387136488611735,0.0,0.0,0,0,-2.6716115148330846,-0.4807744429062681,-2.3712771015504366,1.058430285550885,-2.6716115148330846,-0.4807744429062681,1.5499999999999625,7.239176517880056,0.05718990111084871,0.29621334507546954
global_compatible,40,1,0,0,certified_reset,0,1,0.09600612548161347,0.09201225096322693,0.003993874518386541,0.07987749036773081,0.0,0.0,0,0,-2.3712771015504366,1.058430285550885,-1.0105784608458503,1.6444800101302302,-2.3712771015504366,1.058430285550885,0.5982127999713578,5.833550996675517,0.05718990111084871,0.29621334507546954
global_compatible,40,2,0,0,certified_reset,0,1,0.09201225096322693,0.0880183764448404,0.003993874518386541,0.07588361584934428,0.0,0.0,0,0,-1.0105784608458503,1.6444800101302302,-0.07793117809724574,0.24128820597011108,-1.0105784608458503,1.6444800101302302,-1.4161760267325574,1.5581842996620943,0.05718990111084871,0.29621334507546954
global_compatible,40,3,0,0,certified_reset,0,1,0.0880183764448404,0.08402450192645386,0.003993874518386541,0.07188974133095774,0.0,0.0,0,0,-0.07793117809724574,0.24128820597011108,0.022777860244176336,-0.0264548024370398,-0.07793117809724574,0.24128820597011108,-0.2778372580458817,0.018482706769835437,0.05718990111084871,0.29621334507546954
global_compatible,40,4,0,0,certified_reset,0,1,0.08402450192645386,0.08003062740806732,0.003993874518386541,0.0678958668125712,0.0,0.0,0,0,0.022777860244176336,-0.0264548024370398,0.007513817646402742,0.009957679857800914,0.022777860244176336,-0.0264548024370398,0.016290236030202337,0.0006514393950081267,0.05718990111084871,0.29621334507546954
global_compatible,40,5,0,0,certified_reset,0,1,0.08003062740806732,0.07603675288968079,0.003993874518386541,0.06390199229418467,0.0,0.0,0,0,0.007513817646402742,0.009957679857800914,0.007403456363342833,-0.006177684190440307,0.007513817646402742,0.009957679857800914,-0.02214760587908488,8.656833664485685e-05,0.05718990111084871,0.29621334507546954
global_compatible,40,6,0,0,certified_reset,0,1,0.07603675288968079,0.07204287837129425,0.003993874518386541,0.05990811777579813,0.0,0.0,0,0,0.007403456363342833,-0.006177684190440307,0.0026159460433561473,-0.0021393371460125695,0.007403456363342833,-0.006177684190440307,0.0017268935701692427,6.175520091121569e-05,0.05718990111084871,0.29621334507546954
global_compatible,40,7,0,0,certified_reset,0,1,0.07204287837129425,0.06804900385290771,0.003993874518386541,0.05591424325741159,0.0,0.0,0,0,0.0026159460433561473,-0.0021393371460125695,-0.002558972959756919,-0.011973652799410721,0.0026159460433561473,-0.0021393371460125695,0.0005447673122285345,7.674410403738157e-06,0.05718990111084871,0.29621334507546954
global_compatible,40,8,0,0,certified_reset,0,1,0.06804900385290771,0.06405512933452118,0.003993874518386541,0.051920368739025044,0.0,0.0,0,0,-0.002558972959756919,-0.011973652799410721,-0.004597229071117846,-0.0010332232526525445,-0.002558972959756919,-0.011973652799410721,0.020186833190379918,4.254235351012321e-05,0.05718990111084871,0.29621334507546954
global_compatible,40,9,0,0,certified_reset,0,1,0.06405512933452118,0.060061254816134634,0.003993874518386541,0.0479264942206385,0.0,0.0,0,0,-0.004597229071117846,-0.0010332232526525445,-0.003668287513707224,0.01042265784763436,-0.004597229071117846,-0.0010332232526525445,0.006100997859614331,2.2257228556574464e-05,0.05718990111084871,0.29621334507546954
global_compatible,40,10,0,0,certified_reset,0,1,0.060061254816134634,0.05606738029774809,0.003993874518386541,0.04393261970225196,0.0,0.0,0,0,-0.003668287513707224,0.01042265784763436,-0.010047385381618468,0.004155428137961898,-0.003668287513707224,0.01042265784763436,-0.01170049899719766,3.643259859239965e-05,0.05718990111084871,0.29621334507546954
global_compatible,40,11,0,0,certified_reset,0,1,0.05606738029774809,0.05207350577936155,0.003993874518386541,0.039938745183865414,0.0,0.0,0,0,-0.010047385381618468,0.004155428137961898,-0.0072603787940295084,0.012760635561420024,-0.010047385381618468,0.004155428137961898,0.0038815928503338434,0.00010443478702491236,0.05718990111084871,0.29621334507546954
global_compatible,40,12,0,0,certified_reset,0,1,0.05207350577936155,0.048079631260975,0.003993874518386541,0.03594487066547887,0.0,0.0,0,0,-0.0072603787940295084,0.012760635561420024,-0.002313085183305168,-0.004417567572399637,-0.0072603787940295084,0.012760635561420024,-0.011566504275406064,8.536778834926597e-05,0.05718990111084871,0.29621334507546954
global_compatible,40,13,0,0,certified_reset,0,1,0.048079631260975,0.04408575674258846,0.003993874518386541,0.03195099614709233,0.0,0.0,0,0,-0.002313085183305168,-0.004417567572399637,-0.006188690198186481,-0.0002049786191651807,-0.002313085183305168,-0.004417567572399637,0.00881042904964727,1.0803637152406642e-05,0.05718990111084871,0.29621334507546954
global_compatible,40,14,0,0,certified_reset,0,1,0.04408575674258846,0.040091882224201916,0.003993874518386541,0.027957121628705783,0.0,0.0,0,0,-0.006188690198186481,-0.0002049786191651807,-0.004801421827864955,0.0023351709803464396,-0.006188690198186481,-0.0002049786191651807,0.006463693653694868,3.935193268252648e-05,0.05718990111084871,0.29621334507546954
global_compatible,40,15,0,0,certified_reset,0,1,0.040091882224201916,0.03609800770581537,0.003993874518386541,0.023963247110319243,0.0,0.0,0,0,-0.004801421827864955,0.0023351709803464396,-0.012010210638305553,0.0005279590173481747,-0.004801421827864955,0.0023351709803464396,0.0013432455202297088,2.408030351362986e-05,0.05718990111084871,0.29621334507546954
global_compatible,40,16,0,0,certified_reset,0,1,0.03609800770581537,0.03210413318742883,0.003993874518386541,0.019969372591932703,0.0,0.0,0,0,-0.012010210638305553,0.0005279590173481747,-0.0015542924030698324,0.02306919594841006,-0.012010210638305553,0.0005279590173481747,0.011180251268177864,0.00014742028336727755,0.05718990111084871,0.29621334507546954
global_compatible,40,17,0,0,certified_reset,0,1,0.03210413318742883,0.02811025866904229,0.003993874518386541,0.015975498073546163,0.0,0.0,0,0,-0.0015542924030698324,0.02306919594841006,0.006135653211233705,-0.007062055413424695,-0.0015542924030698324,0.02306919594841006,-0.03243785318303591,0.00012451498715945045,0.05718990111084871,0.29621334507546954
global_compatible,40,18,0,0,certified_reset,0,1,0.02811025866904229,0.02411638415065575,0.003993874518386541,0.011981623555159623,0.0,0.0,0,0,0.006135653211233705,-0.007062055413424695,0.001212626947539799,-0.01562113621845701,0.006135653211233705,-0.007062055413424695,0.004293765635819001,4.708422371111656e-05,0.05718990111084871,0.29621334507546954
global_compatible,40,19,0,0,certified_reset,0,1,0.02411638415065575,0.02012250963226921,0.003993874518386541,0.007987749036773082,0.0,0.0,0,0,0.001212626947539799,-0.01562113621845701,-0.0109503617552049,0.0036529407916172925,0.001212626947539799,-0.01562113621845701,0.021804435120084797,5.727988030255545e-05,0.05718990111084871,0.29621334507546954
global_compatible,40,20,1,1,certified_reset,0,1,0.02012250963226921,0.01612863511388267,0.003993874518386541,0.003993874518386541,0.0,0.0,0,0,-0.0109503617552049,0.0036529407916172925,-0.007893920554950834,0.0034949715469686816,-0.0109503617552049,0.0036529407916172925,0.005521897214058206,0.00012307462204779083,0.05718990111084871,0.29621334507546954
global_compatible,40,21,1,1,certified_reset,0,1,0.01612863511388267,0.01213476059549613,0.003993874518386541,0.0,0.0,0.0,0,0,-0.007893920554950834,0.0034949715469686816,-0.026161588446869395,0.008032576865947218,-0.007893920554950834,0.0034949715469686816,0.0027144477616573848,6.469685609468618e-05,0.05718990111084871,0.29621334507546954
global_compatible,41,0,0,0,certified_reset,0,1,0.1,0.09600612548161347,0.003993874518386541,0.08387136488611735,0.0,0.0,0,0,5.646934188730151,-0.19251073113705136,4.668856231876055,-1.7619728786836615,5.646934188730151,-0.19251073113705136,-1.5499999999977625,31.954599100537806,0.05718990111084871,0.29621334507546954
global_compatible,41,1,0,0,certified_reset,0,1,0.09600612548161347,0.09201225096322693,0.003993874518386541,0.07987749036773081,0.0,0.0,0,0,4.668856231876055,-1.7619728786836615,2.470113438407497,-2.6412374004781465,4.668856231876055,-1.7619728786836615,-0.8817048464327205,22.37647231637247,0.05718990111084871,0.29621334507546954
global_compatible,41,2,0,0,certified_reset,0,1,0.09201225096322693,0.0880183764448404,0.003993874518386541,0.07588361584934428,0.0,0.0,0,0,2.470113438407497,-2.6412374004781465,0.5440533058884851,-1.2119086363395357,2.470113438407497,-2.6412374004781465,1.4311415301134236,7.408368851604912,0.05718990111084871,0.29621334507546954
global_compatible,41,3,0,0,certified_reset,0,1,0.0880183764448404,0.08402450192645386,0.003993874518386541,0.07188974133095774,0.0,0.0,0,0,0.5440533058884851,-1.2119086363395357,-0.0460155659613498,0.032144753032458305,0.5440533058884851,-1.2119086363395357,1.2435085856991428,0.5990218974260602,0.05718990111084871,0.29621334507546954
global_compatible,41,4,0,0,certified_reset,0,1,0.08402450192645386,0.08003062740806732,0.003993874518386541,0.0678958668125712,0.0,0.0,0,0,-0.0460155659613498,0.032144753032458305,-0.011186189606068849,0.024728322585950663,-0.0460155659613498,0.032144753032458305,-0.001531809997345224,0.0023034822983432264,0.05718990111084871,0.29621334507546954
global_compatible,41,5,1,1,certified_reset,0,1,0.08003062740806732,0.07603675288968079,0.003993874518386541,0.06390199229418467,0.0,0.0,0,0,-0.011186189606068849,0.024728322585950663,0.003554275230924055,0.004028058785070178,-0.011186189606068849,0.024728322585950663,-0.025288866464856865,0.00025118719590452756,0.05718990111084871,0.29621334507546954
global_compatible,41,6,1,1,certified_reset,0,1,0.07603675288968079,0.07204287837129425,0.003993874518386541,0.05990811777579813,0.0,0.0,0,0,0.003554275230924055,0.004028058785070178,0.02293631669404591,0.01199159986240543,0.003554275230924055,0.004028058785070178,-0.009471853756112923,1.7796319120266596e-05,0.05718990111084871,0.29621334507546954
global_compatible,41,7,0,0,certified_reset,0,1,0.07204287837129425,0.06804900385290771,0.003993874518386541,0.05591424325741159,0.0,0.0,0,0,0.02293631669404591,0.01199159986240543,0.008679519073797244,-0.03201412244733783,0.02293631669404591,0.01199159986240543,-0.04050699292338848,0.0005929787594887628,0.05718990111084871,0.29621334507546954
global_compatible,41,8,0,0,certified_reset,0,1,0.06804900385290771,0.06405512933452118,0.003993874518386541,0.051920368739025044,0.0,0.0,0,0,0.008679519073797244,-0.03201412244733783,-0.00450975251987509,-0.002845801859946248,0.008679519073797244,-0.03201412244733783,0.03852142210764628,0.0002969142768754619,0.05718990111084871,0.29621334507546954
global_compatible,41,9,0,0,certified_reset,0,1,0.06405512933452118,0.060061254816134634,0.003993874518386541,0.0479264942206385,0.0,0.0,0,0,-0.00450975251987509,-0.002845801859946248,-0.008364137941502571,-0.0009350720618143127,-0.00450975251987509,-0.002845801859946248,0.008683767356553232,2.3680809058781444e-05,0.05718990111084871,0.29621334507546954
global_compatible,41,10,0,0,certified_reset,0,1,0.060061254816134634,0.05606738029774809,0.003993874518386541,0.04393261970225196,0.0,0.0,0,0,-0.008364137941502571,-0.0009350720618143127,-0.004090120907659932,0.005777762720452285,-0.008364137941502571,-0.0009350720618143127,0.009703154926835962,7.24699686497788e-05,0.05718990111084871,0.29621334507546954
global_compatible,41,11,1,1,certified_reset,0,1,0.05606738029774809,0.05207350577936155,0.003993874518386541,0.039938745183865414,0.0,0.0,0,0,-0.004090120907659932,0.005777762720452285,-0.004783303934827999,0.0015924754917679119,-0.004090120907659932,0.005777762720452285,-0.004439322982046626,2.3230636322442762e-05,0.05718990111084871,0.29621334507546954
global_compatible,41,12,1,1,certified_reset,0,1,0.05207350577936155,0.048079631260975,0.003993874518386541,0.03594487066547887,0.0,0.0,0,0,-0.004783303934827999,0.0015924754917679119,0.012163548016269093,-0.009127621647549305,-0.004783303934827999,0.0015924754917679119,0.0024141092693385413,2.3482170696587338e-05,0.05718990111084871,0.29621334507546954
global_compatible,41,13,1,1,certified_reset,0,1,0.048079631260975,0.04408575674258846,0.003993874518386541,0.03195099614709233,0.0,0.0,0,0,0.012163548016269093,-0.009127621647549305,0.015929881859850347,-0.024983989821407183,0.012163548016269093,-0.009127621647549305,0.0013356717714459974,0.00016299292667045566,0.05718990111084871,0.29621334507546954
global_compatible,41,14,0,0,certified_reset,0,1,0.04408575674258846,0.040091882224201916,0.003993874518386541,0.027957121628705783,0.0,0.0,0,0,0.015929881859850347,-0.024983989821407183,0.00628269782703603,-0.010441271481561262,0.015929881859850347,-0.024983989821407183,0.02094667917627299,0.0003770861748129438,0.05718990111084871,0.29621334507546954
global_compatible,41,15,0,0,certified_reset,0,1,0.040091882224201916,0.03609800770581537,0.003993874518386541,0.023963247110319243,0.0,0.0,0,0,0.00628269782703603,-0.010441271481561262,0.005531420453030362,0.008695186673986405,0.00628269782703603,-0.010441271481561262,0.009125378338599126,6.117773225870722e-05,0.05718990111084871,0.29621334507546954
global_compatible,41,16,0,0,certified_reset,0,1,0.03609800770581537,0.03210413318742883,0.003993874518386541,0.019969372591932703,0.0,0.0,0,0,0.005531420453030362,0.008695186673986405,0.0049140633067223626,-0.007877763700781588,0.005531420453030362,0.008695186673986405,-0.018318422055139123,5.259485572614254e-05,0.05718990111084871,0.29621334507546954
global_compatible,41,17,0,0,certified_reset,0,1,0.03210413318742883,0.02811025866904229,0.003993874518386541,0.015975498073546163,0.0,0.0,0,0,0.0049140633067223626,-0.007877763700781588,0.0012554995512341928,0.005649985839085789,0.0049140633067223626,-0.007877763700781588,0.006710373339424835,3.6444394907900074e-05,0.05718990111084871,0.29621334507546954
global_compatible,41,18,0,0,certified_reset,0,1,0.02811025866904229,0.02411638415065575,0.003993874518386541,0.011981623555159623,0.0,0.0,0,0,0.0012554995512341928,0.005649985839085789,0.0021080109339858557,0.0027294975959447276,0.0012554995512341928,0.005649985839085789,-0.00957324644258871,9.613476506149284e-06,0.05718990111084871,0.29621334507546954
global_compatible,41,19,0,0,certified_reset,0,1,0.02411638415065575,0.02012250963226921,0.003993874518386541,0.007987749036773082,0.0,0.0,0,0,0.0021080109339858557,0.0027294975959447276,-0.0001828924473846285,-0.017370658754405834,0.0021080109339858557,0.0027294975959447276,-0.006118687077007264,6.720696669190561e-06,0.05718990111084871,0.29621334507546954
global_compatible,41,20,0,0,certified_reset,0,1,0.02012250963226921,0.01612863511388267,0.003993874518386541,0.003993874518386541,0.0,0.0,0,0,-0.0001828924473846285,-0.017370658754405834,-0.009743197304795434,0.005742674055916278,-0.0001828924473846285,-0.017370658754405834,0.025773442720348455,7.09533697899503e-05,0.05718990111084871,0.29621334507546954
global_compatible,41,21,0,0,certified_reset,0,1,0.01612863511388267,0.01213476059549613,0.003993874518386541,0.0,0.0,0.0,0,0,-0.009743197304795434,0.005742674055916278,-0.0033288784595570395,0.011818668587672634,-0.009743197304795434,0.005742674055916278,0.0012422670813413206,0.00010090456936395653,0.05718990111084871,0.29621334507546954
global_compatible,42,0,0,0,certified_reset,0,1,0.1,0.09600612548161347,0.003993874518386541,0.08387136488611735,0.0,0.0,0,0,3.449150067774177,-0.44829427090332563,2.2346679580006983,-1.982697991415235,3.449150067774177,-0.44829427090332563,-1.549999999999678,11.992872885625038,0.05718990111084871,0.29621334507546954
global_compatible,42,1,0,0,certified_reset,0,1,0.09600612548161347,0.09201225096322693,0.003993874518386541,0.07987749036773081,0.0,0.0,0,0,2.2346679580006983,-1.982697991415235,0.6082269206784215,-1.2888241114172736,2.2346679580006983,-1.982697991415235,0.6955001523991419,5.713430332593852,0.05718990111084871,0.29621334507546954
global_compatible,42,2,0,0,certified_reset,0,1,0.09201225096322693,0.0880183764448404,0.003993874518386541,0.07588361584934428,0.0,0.0,0,0,0.6082269206784215,-1.2888241114172736,-0.035319197385886,0.010662937508035653,0.6082269206784215,-1.2888241114172736,1.2929048269478007,0.7107222255572724,0.05718990111084871,0.29621334507546954
global_compatible,42,3,0,0,certified_reset,0,1,0.0880183764448404,0.08402450192645386,0.003993874518386541,0.07188974133095774,0.0,0.0,0,0,-0.035319197385886,0.010662937508035653,-0.013512990349830467,0.018103507282651903,-0.035319197385886,0.010662937508035653,0.019461194703834485,0.0012773798389997394,0.05718990111084871,0.29621334507546954
global_compatible,42,4,0,0,certified_reset,0,1,0.08402450192645386,0.08003062740806732,0.003993874518386541,0.0678958668125712,0.0,0.0,0,0,-0.013512990349830467,0.018103507282651903,-0.004359908483757193,0.010800261971608983,-0.013512990349830467,0.018103507282651903,-0.013216792511347417,0.000245960653969757,0.05718990111084871,0.29621334507546954
global_compatible,42,5,0,0,certified_reset,0,1,0.08003062740806732,0.07603675288968079,0.003993874518386541,0.06390199229418467,0.0,0.0,0,0,-0.004359908483757193,0.010800261971608983,-0.0010326170308404602,-0.00723486631948258,-0.004359908483757193,0.010800261971608983,-0.011567369257216357,4.3350121333026766e-05,0.05718990111084871,0.29621334507546954
global_compatible,42,6,0,0,certified_reset,0,1,0.07603675288968079,0.07204287837129425,0.003993874518386541,0.05990811777579813,0.0,0.0,0,0,-0.0010326170308404602,-0.00723486631948258,0.004415206586411159,0.008920539299652148,-0.0010326170308404602,-0.00723486631948258,0.011686061316770462,1.3902190978805756e-05,0.05718990111084871,0.29621334507546954
global_compatible,42,7,0,0,certified_reset,0,1,0.07204287837129425,0.06804900385290771,0.003993874518386541,0.05591424325741159,0.0,0.0,0,0,0.004415206586411159,0.008920539299652148,-0.0023350494143172746,-0.0034580695162680494,0.004415206586411159,0.008920539299652148,-0.017536906950652346,4.1506310686979363e-05,0.05718990111084871,0.29621334507546954
global_compatible,42,8,1,1,certified_reset,0,1,0.06804900385290771,0.06405512933452118,0.003993874518386541,0.051920368739025044,0.0,0.0,0,0,-0.0023350494143172746,-0.0034580695162680494,-0.001933914630134989,0.05500228220688122,-0.0023350494143172746,-0.0034580695162680494,0.007417474685359654,8.980413095283851e-06,0.05718990111084871,0.29621334507546954
global_compatible,42,9,0,0,certified_reset,0,1,0.06405512933452118,0.060061254816134634,0.003993874518386541,0.0479264942206385,0.0,0.0,0,0,-0.001933914630134989,0.05500228220688122,0.012533859332198735,-0.021060928900389606,-0.001933914630134989,0.05500228220688122,-0.07909629315016665,0.0007046908041828501,0.05718990111084871,0.29621334507546954
global_compatible,42,10,0,0,certified_reset,0,1,0.060061254816134634,0.05606738029774809,0.003993874518386541,0.04393261970225196,0.0,0.0,0,0,0.012533859332198735,-0.021060928900389606,0.002485689187857738,0.002132813851893332,0.012533859332198735,-0.021060928900389606,0.018545701601893956,0.00024553749666351554,0.05718990111084871,0.29621334507546954
global_compatible,42,11,0,0,certified_reset,0,1,0.05606738029774809,0.05207350577936155,0.003993874518386541,0.039938745183865414,0.0,0.0,0,0,0.002485689187857738,0.002132813851893332,0.0031357445893405445,-0.01635665133422856,0.002485689187857738,0.002132813851893332,-0.005617152911599884,7.78626199626929e-06,0.05718990111084871,0.29621334507546954
global_compatible,42,12,0,0,certified_reset,0,1,0.05207350577936155,0.048079631260975,0.003993874518386541,0.03594487066547887,0.0,0.0,0,0,0.0031357445893405445,-0.01635665133422856,0.007534939189585034,0.007218893615946773,0.0031357445893405445,-0.01635665133422856,0.020972338636277062,6.898607654295926e-05,0.05718990111084871,0.29621334507546954
global_compatible,42,13,0,0,certified_reset,0,1,0.048079631260975,0.04408575674258846,0.003993874518386541,0.03195099614709233,0.0,0.0,0,0,0.007534939189585034,0.007218893615946773,0.005743350612864456,-0.015981170699826817,0.007534939189585034,0.007218893615946773,-0.0181406399470703,7.438261553987972e-05,0.05718990111084871,0.29621334507546954
global_compatible,42,14,0,0,certified_reset,0,1,0.04408575674258846,0.040091882224201916,0.003993874518386541,0.027957121628705783,0.0,0.0,0,0,0.005743350612864456,-0.015981170699826817,0.002338075016178896,-0.0025691597274281053,0.005743350612864456,-0.015981170699826817,0.017825455075962837,8.690135452758032e-05,0.05718990111084871,0.29621334507546954
global_compatible,42,15,0,0,certified_reset,0,1,0.040091882224201916,0.03609800770581537,0.003993874518386541,0.023963247110319243,0.0,0.0,0,0,0.002338075016178896,-0.0025691597274281053,-0.003955163432759912,0.01115957704742777,0.002338075016178896,-0.0025691597274281053,0.0014564073053787011,6.707727544165878e-06,0.05718990111084871,0.29621334507546954
global_compatible,42,16,0,0,certified_reset,0,1,0.03609800770581537,0.03210413318742883,0.003993874518386541,0.019969372591932703,0.0,0.0,0,0,-0.003955163432759912,0.01115957704742777,-3.853043149358603e-05,0.002537321247352401,-0.003955163432759912,0.01115957704742777,-0.012497767544689765,4.19646813978145e-05,0.05718990111084871,0.29621334507546954
global_compatible,42,17,0,0,certified_reset,0,1,0.03210413318742883,0.02811025866904229,0.003993874518386541,0.015975498073546163,0.0,0.0,0,0,-3.853043149358603e-05,0.002537321247352401,-0.0013916740374947448,-0.0006605260670797634,-3.853043149358603e-05,0.002537321247352401,-0.0037016855082739534,1.5028863244130867e-06,0.05718990111084871,0.29621334507546954
global_compatible,42,18,0,0,certified_reset,0,1,0.02811025866904229,0.02411638415065575,0.003993874518386541,0.011981623555159623,0.0,0.0,0,0,-0.0013916740374947448,-0.0006605260670797634,-0.007898350153460756,-0.0009729375750512003,-0.0013916740374947448,-0.0006605260670797634,0.002356803358005339,2.1541527216970907e-06,0.05718990111084871,0.29621334507546954
global_compatible,42,19,0,0,certified_reset,0,1,0.02411638415065575,0.02012250963226921,0.003993874518386541,0.007987749036773082,0.0,0.0,0,0,-0.007898350153460756,-0.0009729375750512003,-0.005514386564691088,0.019252084082288463,-0.007898350153460756,-0.0009729375750512003,0.009296912212448313,6.471513891831319e-05,0.05718990111084871,0.29621334507546954
global_compatible,42,20,0,0,certified_reset,0,1,0.02012250963226921,0.01612863511388267,0.003993874518386541,0.003993874518386541,0.0,0.0,0,0,-0.005514386564691088,0.019252084082288463,0.005262783174092924,-0.0058517487097157,-0.005514386564691088,0.019252084082288463,-0.022871836024050515,0.00011020217473469282,0.05718990111084871,0.29621334507546954
global_compatible,42,21,0,0,certified_reset,0,1,0.01612863511388267,0.01213476059549613,0.003993874518386541,0.0,0.0,0.0,0,0,0.005262783174092924,-0.0058517487097157,-0.0024096125825692196,-0.0007113079704378484,0.005262783174092924,-0.0058517487097157,0.0033797691257518477,3.414619105419891e-05,0.05718990111084871,0.29621334507546954
global_compatible,43,0,0,0,certified_reset,0,1,0.1,0.09600612548161347,0.003993874518386541,0.08387136488611735,0.0,0.0,0,0,-2.427776876366663,-0.4553009266729812,-2.111652023945331,1.0996127089878998,-2.427776876366663,-0.4553009266729812,1.549999999999993,5.991476869509939,0.05718990111084871,0.29621334507546954
global_compatible,43,1,0,0,certified_reset,0,1,0.09600612548161347,0.09201225096322693,0.003993874518386541,0.07987749036773081,0.0,0.0,0,0,-2.111652023945331,1.0996127089878998,-0.8240103198876172,1.4910011722914198,-2.111652023945331,1.0996127089878998,0.3875284571102545,4.680475387617356,0.05718990111084871,0.29621334507546954
global_compatible,43,2,0,0,certified_reset,0,1,0.09201225096322693,0.0880183764448404,0.003993874518386541,0.07588361584934428,0.0,0.0,0,0,-0.8240103198876172,1.4910011722914198,-0.018449500522544734,0.10132589864865621,-0.8240103198876172,1.4910011722914198,-1.3758653486836219,1.1264733529633908,0.05718990111084871,0.29621334507546954
global_compatible,43,3,0,0,certified_reset,0,1,0.0880183764448404,0.08402450192645386,0.003993874518386541,0.07188974133095774,0.0,0.0,0,0,-0.018449500522544734,0.10132589864865621,0.014434802374163705,-0.035839755337577134,-0.018449500522544734,0.10132589864865621,-0.13088862000752333,0.0026167286333706194,0.05718990111084871,0.29621334507546954
global_compatible,43,4,1,1,certified_reset,0,1,0.08402450192645386,0.08003062740806732,0.003993874518386541,0.0678958668125712,0.0,0.0,0,0,0.014434802374163705,-0.035839755337577134,0.014124081344749222,-0.016346757310387084,0.014434802374163705,-0.035839755337577134,0.038420481384116474,0.0004764747056041731,0.05718990111084871,0.29621334507546954
global_compatible,43,5,1,1,certified_reset,0,1,0.08003062740806732,0.07603675288968079,0.003993874518386541,0.06390199229418467,0.0,0.0,0,0,0.014124081344749222,-0.016346757310387084,0.018980474012184317,-0.02264245241092635,0.014124081344749222,-0.016346757310387084,0.010014372831717737,0.000250095830835054,0.05718990111084871,0.29621334507546954
global_compatible,43,6,1,1,certified_reset,0,1,0.07603675288968079,0.07204287837129425,0.003993874518386541,0.05990811777579813,0.0,0.0,0,0,0.018980474012184317,-0.02264245241092635,0.012616075611509275,0.010881228984969469,0.018980474012184317,-0.02264245241092635,0.014454406827437346,0.0004577641578581225,0.05718990111084871,0.29621334507546954
global_compatible,43,7,1,1,certified_reset,0,1,0.07204287837129425,0.06804900385290771,0.003993874518386541,0.05591424325741159,0.0,0.0,0,0,0.012616075611509275,0.010881228984969469,0.005316551254354768,-0.044100486323179394,0.012616075611509275,0.010881228984969469,-0.028592445851129862,0.0002009157687892651,0.05718990111084871,0.29621334507546954
global_compatible,43,8,1,1,certified_reset,0,1,0.06804900385290771,0.06405512933452118,0.003993874518386541,0.051920368739025044,0.0,0.0,0,0,0.005316551254354768,-0.044100486323179394,0.0252627879393263,0.01667918236345956,0.005316551254354768,-0.044100486323179394,0.05967408261739217,0.0004673641415552329,0.05718990111084871,0.29621334507546954
global_compatible,43,9,1,1,certified_reset,0,1,0.06405512933452118,0.060061254816134634,0.003993874518386541,0.0479264942206385,0.0,0.0,0,0,0.0252627879393263,0.01667918236345956,0.028195454300592792,-0.00711584890396327,0.0252627879393263,0.01667918236345956,-0.04972629764894141,0.0007501011937905854,0.05718990111084871,0.29621334507546954
global_compatible,43,10,1,1,certified_reset,0,1,0.060061254816134634,0.05606738029774809,0.003993874518386541,0.04393261970225196,0.0,0.0,0,0,0.028195454300592792,-0.00711584890396327,0.0263899701440221,0.0020864919370861892,0.028195454300592792,-0.00711584890396327,-0.0175937492612048,0.0008118364985557965,0.05718990111084871,0.29621334507546954
global_compatible,43,11,1,1,certified_reset,0,1,0.05606738029774809,0.05207350577936155,0.003993874518386541,0.039938745183865414,0.0,0.0,0,0,0.0263899701440221,0.0020864919370861892,0.0037712615137555795,-0.039543573282888766,0.0263899701440221,0.0020864919370861892,-0.029351477769529163,0.0007187518761323915,0.05718990111084871,0.29621334507546954
global_compatible,43,12,1,1,certified_reset,0,1,0.05207350577936155,0.048079631260975,0.003993874518386541,0.03594487066547887,0.0,0.0,0,0,0.0037712615137555795,-0.039543573282888766,-0.0037048318826863593,0.03334987355312538,0.0037712615137555795,-0.039543573282888766,0.05449976587539099,0.0003699429792531998,0.05718990111084871,0.29621334507546954
global_compatible,43,13,1,1,certified_reset,0,1,0.048079631260975,0.04408575674258846,0.003993874518386541,0.03195099614709233,0.0,0.0,0,0,-0.0037048318826863593,0.03334987355312538,0.0036880900157184697,-0.04311704150389407,-0.0037048318826863593,0.03334987355312538,-0.04544114114395966,0.00026554674387230227,0.05718990111084871,0.29621334507546954
global_compatible,43,14,0,0,certified_reset,0,1,0.04408575674258846,0.040091882224201916,0.003993874518386541,0.027957121628705783,0.0,0.0,0,0,0.0036880900157184697,-0.04311704150389407,-0.007519431596670106,0.011300102258557886,0.0036880900157184697,-0.04311704150389407,0.05984441809775878,0.00043777013564926047,0.05718990111084871,0.29621334507546954
global_compatible,43,15,0,0,certified_reset,0,1,0.040091882224201916,0.03609800770581537,0.003993874518386541,0.023963247110319243,0.0,0.0,0,0,-0.007519431596670106,0.011300102258557886,0.006538576406498114,-0.002953051273537564,-0.007519431596670106,0.011300102258557886,-0.009155180443219958,8.162190075039438e-05,0.05718990111084871,0.29621334507546954
global_compatible,43,16,0,0,certified_reset,0,1,0.03609800770581537,0.03210413318742883,0.003993874518386541,0.019969372591932703,0.0,0.0,0,0,0.006538576406498114,-0.002953051273537564,0.01610818655216107,-0.0008336641106857388,0.006538576406498114,-0.002953051273537564,-0.0021580923446249158,4.443910761615753e-05,0.05718990111084871,0.29621334507546954
global_compatible,43,17,0,0,certified_reset,0,1,0.03210413318742883,0.02811025866904229,0.003993874518386541,0.015975498073546163,0.0,0.0,0,0,0.01610818655216107,-0.0008336641106857388,0.01810041506706973,-0.005834352725188004,0.01610818655216107,-0.0008336641106857388,-0.014810152260933495,0.0002650822885019238,0.05718990111084871,0.29621334507546954
global_compatible,43,18,0,0,certified_reset,0,1,0.02811025866904229,0.02411638415065575,0.003993874518386541,0.011981623555159623,0.0,0.0,0,0,0.01810041506706973,-0.005834352725188004,0.011405038058493104,-0.015133853116670018,0.01810041506706973,-0.005834352725188004,-0.009431978583281006,0.0003359762220100353,0.05718990111084871,0.29621334507546954
global_compatible,43,19,0,0,certified_reset,0,1,0.02411638415065575,0.02012250963226921,0.003993874518386541,0.007987749036773082,0.0,0.0,0,0,0.011405038058493104,-0.015133853116670018,0.001997173480269028,0.0035063192616967102,0.011405038058493104,-0.015133853116670018,0.010937338411099187,0.0001742915592318985,0.05718990111084871,0.29621334507546954
global_compatible,43,20,0,0,certified_reset,0,1,0.02012250963226921,0.01612863511388267,0.003993874518386541,0.003993874518386541,0.0,0.0,0,0,0.001997173480269028,0.0035063192616967102,-0.0032353085195685567,-0.0050023705952677985,0.001997173480269028,0.0035063192616967102,-0.007152554957328968,7.480647428420347e-06,0.05718990111084871,0.29621334507546954
global_compatible,43,21,0,0,certified_reset,0,1,0.01612863511388267,0.01213476059549613,0.003993874518386541,0.0,0.0,0.0,0,0,-0.0032353085195685567,-0.0050023705952677985,-0.006212675338577555,0.009849623441395845,-0.0032353085195685567,-0.0050023705952677985,0.010591051765844333,1.777574873749473e-05,0.05718990111084871,0.29621334507546954
global_compatible,44,0,0,0,certified_reset,0,1,0.1,0.09600612548161347,0.003993874518386541,0.08387136488611735,0.0,0.0,0,0,-1.1924724994746763,0.17904954799301487,-0.5536876236016121,1.0947534101489704,-1.1924724994746763,0.17904954799301487,0.9236621628113824,1.4490900300931873,0.05718990111084871,0.29621334507546954
global_compatible,44,1,0,0,certified_reset,0,1,0.09600612548161347,0.09201225096322693,0.003993874518386541,0.07987749036773081,0.0,0.0,0,0,-0.5536876236016121,1.0947534101489704,0.010847090001174757,0.04222615740700199,-0.5536876236016121,1.0947534101489704,-1.0613344722568336,0.5504580613055217,0.05718990111084871,0.29621334507546954
global_compatible,44,2,0,0,certified_reset,0,1,0.09201225096322693,0.0880183764448404,0.003993874518386541,0.07588361584934428,0.0,0.0,0,0,0.010847090001174757,0.04222615740700199,0.01972357326241068,-0.021309629302670913,0.010847090001174757,0.04222615740700199,-0.0730051900146494,0.0005718520122054257,0.05718990111084871,0.29621334507546954
global_compatible,44,3,0,0,certified_reset,0,1,0.0880183764448404,0.08402450192645386,0.003993874518386541,0.07188974133095774,0.0,0.0,0,0,0.01972357326241068,-0.021309629302670913,0.005658759476116805,-0.009706648048098189,0.01972357326241068,-0.021309629302670913,0.011754588529875465,0.0004742116552084536,0.05718990111084871,0.29621334507546954
global_compatible,44,4,0,0,certified_reset,0,1,0.08402450192645386,0.08003062740806732,0.003993874518386541,0.0678958668125712,0.0,0.0,0,0,0.005658759476116805,-0.009706648048098189,0.001962097110486884,-0.014023478999408468,0.005658759476116805,-0.009706648048098189,0.00866204497497463,5.085675732659053e-05,0.05718990111084871,0.29621334507546954
global_compatible,44,5,1,1,certified_reset,0,1,0.08003062740806732,0.07603675288968079,0.003993874518386541,0.06390199229418467,0.0,0.0,0,0,0.001962097110486884,-0.014023478999408468,-0.004432275618978013,0.03039755113076316,0.001962097110486884,-0.014023478999408468,0.018703300046994494,4.799359427161164e-05,0.05718990111084871,0.29621334507546954
global_compatible,44,6,1,1,certified_reset,0,1,0.07603675288968079,0.07204287837129425,0.003993874518386541,0.05990811777579813,0.0,0.0,0,0,-0.004432275618978013,0.03039755113076316,0.032387440095912184,0.005747123990651332,-0.004432275618978013,0.03039755113076316,-0.04036301754965708,0.00022669639745995996,0.05718990111084871,0.29621334507546954
global_compatible,44,7,1,1,certified_reset,0,1,0.07204287837129425,0.06804900385290771,0.003993874518386541,0.05591424325741159,0.0,0.0,0,0,0.032387440095912184,0.005747123990651332,-0.0011700472138449665,-0.048280552579546485,0.032387440095912184,0.005747123990651332,-0.040718230359869864,0.0010963409312067915,0.05718990111084871,0.29621334507546954
global_compatible,44,8,1,1,certified_reset,0,1,0.06804900385290771,0.06405512933452118,0.003993874518386541,0.051920368739025044,0.0,0.0,0,0,-0.0011700472138449665,-0.048280552579546485,0.008066725536163551,0.02071730400817664,-0.0011700472138449665,-0.048280552579546485,0.07228880821281297,0.0005515929216328914,0.05718990111084871,0.29621334507546954
global_compatible,44,9,0,0,certified_reset,0,1,0.06405512933452118,0.060061254816134634,0.003993874518386541,0.0479264942206385,0.0,0.0,0,0,0.008066725536163551,0.02071730400817664,0.013369352292231766,-0.021815947974521938,0.008066725536163551,0.02071730400817664,-0.0385532935018854,0.00017948817523795425,0.05718990111084871,0.29621334507546954
global_compatible,44,10,0,0,certified_reset,0,1,0.060061254816134634,0.05606738029774809,0.003993874518386541,0.04393261970225196,0.0,0.0,0,0,0.013369352292231766,-0.021815947974521938,0.003776160680172445,0.003038882214189592,0.013369352292231766,-0.021815947974521938,0.018820822129736844,0.00027326356983965115,0.05718990111084871,0.29621334507546954
global_compatible,44,11,0,0,certified_reset,0,1,0.05606738029774809,0.05207350577936155,0.003993874518386541,0.039938745183865414,0.0,0.0,0,0,0.003776160680172445,0.003038882214189592,5.3346507646429356e-05,-0.004879731775146225,0.003776160680172445,0.003038882214189592,-0.008236772457568887,1.761776491553377e-05,0.05718990111084871,0.29621334507546954
global_compatible,44,12,0,0,certified_reset,0,1,0.05207350577936155,0.048079631260975,0.003993874518386541,0.03594487066547887,0.0,0.0,0,0,5.3346507646429356e-05,-0.004879731775146225,-0.0050049751682559596,0.011648899197309989,5.3346507646429356e-05,-0.004879731775146225,0.007133728147953362,5.561218577627535e-06,0.05718990111084871,0.29621334507546954
global_compatible,44,13,0,0,certified_reset,0,1,0.048079631260975,0.04408575674258846,0.003993874518386541,0.03195099614709233,0.0,0.0,0,0,-0.0050049751682559596,0.011648899197309989,-0.003936881493357617,-0.007623310422059507,-0.0050049751682559596,0.011648899197309989,-0.012175778740642063,5.318144958502162e-05,0.05718990111084871,0.29621334507546954
global_compatible,44,14,0,0,certified_reset,0,1,0.04408575674258846,0.040091882224201916,0.003993874518386541,0.027957121628705783,0.0,0.0,0,0,-0.003936881493357617,-0.007623310422059507,-0.005881540078656908,0.01858400696068939,-0.003936881493357617,-0.007623310422059507,0.015150025230778241,3.1697792627466725e-05,0.05718990111084871,0.29621334507546954
global_compatible,44,15,0,0,certified_reset,0,1,0.040091882224201916,0.03609800770581537,0.003993874518386541,0.023963247110319243,0.0,0.0,0,0,-0.005881540078656908,0.01858400696068939,0.011074814673379103,0.0007796505969255457,-0.005881540078656908,0.01858400696068939,-0.021516980659176184,0.00010833278176272285,0.05718990111084871,0.29621334507546954
global_compatible,44,16,0,0,certified_reset,0,1,0.03609800770581537,0.03210413318742883,0.003993874518386541,0.019969372591932703,0.0,0.0,0,0,0.011074814673379103,0.0007796505969255457,0.0034598695787037975,-0.011019998630257393,0.011074814673379103,0.0007796505969255457,-0.012173873838415509,0.00012646601406512604,0.05718990111084871,0.29621334507546954
global_compatible,44,17,0,0,certified_reset,0,1,0.03210413318742883,0.02811025866904229,0.003993874518386541,0.015975498073546163,0.0,0.0,0,0,0.0034598695787037975,-0.011019998630257393,0.0025981663377022232,-0.0030538198743144188,0.0034598695787037975,-0.011019998630257393,0.012789387671949658,3.791917499318291e-05,0.05718990111084871,0.29621334507546954
global_compatible,44,18,0,0,certified_reset,0,1,0.02811025866904229,0.02411638415065575,0.003993874518386541,0.011981623555159623,0.0,0.0,0,0,0.0025981663377022232,-0.0030538198743144188,0.00550182028541059,-0.0012650816170917739,0.0025981663377022232,-0.0030538198743144188,0.0019162402239816228,8.520914581725503e-06,0.05718990111084871,0.29621334507546954
global_compatible,44,19,0,0,certified_reset,0,1,0.02411638415065575,0.02012250963226921,0.003993874518386541,0.007987749036773082,0.0,0.0,0,0,0.00550182028541059,-0.0012650816170917739,0.009435215450069326,-0.016969472380401085,0.00550182028541059,-0.0012650816170917739,-0.0036140317358287787,3.0884634757267545e-05,0.05718990111084871,0.29621334507546954
global_compatible,44,20,0,0,certified_reset,0,1,0.02012250963226921,0.01612863511388267,0.003993874518386541,0.003993874518386541,0.0,0.0,0,0,0.009435215450069326,-0.016969472380401085,-0.00773030438985943,-0.013243078502573636,0.009435215450069326,-0.016969472380401085,0.015599617014583126,0.00014694033058072385,0.05718990111084871,0.29621334507546954
global_compatible,44,21,0,0,certified_reset,0,1,0.01612863511388267,0.01213476059549613,0.003993874518386541,0.0,0.0,0.0,0,0,-0.00773030438985943,-0.013243078502573636,-0.014167770275643235,0.0169893260926501,-0.00773030438985943,-0.013243078502573636,0.027204345673267124,0.0001098277596282042,0.05718990111084871,0.29621334507546954
global_compatible,45,0,0,0,certified_reset,0,1,0.1,0.09600612548161347,0.003993874518386541,0.08387136488611735,0.0,0.0,0,0,3.236245404575129,0.24615359731657382,2.7124015929150733,-1.3066023062687284,3.236245404575129,0.24615359731657382,-1.5499999999999163,10.544253305458575,0.05718990111084871,0.29621334507546954
global_compatible,45,1,0,0,certified_reset,0,1,0.09600612548161347,0.09201225096322693,0.003993874518386541,0.07987749036773081,0.0,0.0,0,0,2.7124015929150733,-1.3066023062687284,1.1693522829341028,-1.7959373313397082,2.7124015929150733,-1.3066023062687284,-0.48274685693250863,7.670246240059599,0.05718990111084871,0.29621334507546954
global_compatible,45,2,0,0,certified_reset,0,1,0.09201225096322693,0.0880183764448404,0.003993874518386541,0.07588361584934428,0.0,0.0,0,0,1.1693522829341028,-1.7959373313397082,0.11320494694423504,-0.3096360821792436,1.1693522829341028,-1.7959373313397082,1.4811885670613067,2.002803112540953,0.05718990111084871,0.29621334507546954
global_compatible,45,3,0,0,certified_reset,0,1,0.0880183764448404,0.08402450192645386,0.003993874518386541,0.07188974133095774,0.0,0.0,0,0,0.11320494694423504,-0.3096360821792436,-0.01829703513675106,0.039418965170391194,0.11320494694423504,-0.3096360821792436,0.34339493376157004,0.033020772635690934,0.05718990111084871,0.29621334507546954
global_compatible,45,4,0,0,certified_reset,0,1,0.08402450192645386,0.08003062740806732,0.003993874518386541,0.0678958668125712,0.0,0.0,0,0,-0.01829703513675106,0.039418965170391194,-0.0008020156887443104,-0.0007097033494360789,-0.01829703513675106,0.039418965170391194,-0.039848742912365724,0.000654173419306711,0.05718990111084871,0.29621334507546954
global_compatible,45,5,0,0,certified_reset,0,1,0.08003062740806732,0.07603675288968079,0.003993874518386541,0.06390199229418467,0.0,0.0,0,0,-0.0008020156887443104,-0.0007097033494360789,-0.010705522539677168,-0.0033980636291697014,-0.0008020156887443104,-0.0007097033494360789,0.0018404588730781153,8.185735785354517e-07,0.05718990111084871,0.29621334507546954
global_compatible,45,6,0,0,certified_reset,0,1,0.07603675288968079,0.07204287837129425,0.003993874518386541,0.05990811777579813,0.0,0.0,0,0,-0.010705522539677168,-0.0033980636291697014,-0.014958935149110559,0.001671516218699409,-0.010705522539677168,-0.0033980636291697014,0.015663095015896918,0.0001228199570414807,0.05718990111084871,0.29621334507546954
global_compatible,45,7,0,0,certified_reset,0,1,0.07204287837129425,0.06804900385290771,0.003993874518386541,0.05591424325741159,0.0,0.0,0,0,-0.014958935149110559,0.001671516218699409,-0.004829060366059573,0.017455610197560867,-0.014958935149110559,0.001671516218699409,0.012433287255841302,0.00022813732055943948,0.05718990111084871,0.29621334507546954
global_compatible,45,8,0,0,certified_reset,0,1,0.06804900385290771,0.06405512933452118,0.003993874518386541,0.051920368739025044,0.0,0.0,0,0,-0.004829060366059573,0.017455610197560867,-0.001968998845093513,-0.00010586653686383901,-0.004829060366059573,0.017455610197560867,-0.020908313445537653,8.909446222392305e-05,0.05718990111084871,0.29621334507546954
global_compatible,45,9,0,0,certified_reset,0,1,0.06405512933452118,0.060061254816134634,0.003993874518386541,0.0479264942206385,0.0,0.0,0,0,-0.001968998845093513,-0.00010586653686383901,-0.008164539927159065,-0.0006179026384490601,-0.001968998845093513,-0.00010586653686383901,0.002116359294240108,3.990948258790458e-06,0.05718990111084871,0.29621334507546954
global_compatible,45,10,0,0,certified_reset,0,1,0.060061254816134634,0.05606738029774809,0.003993874518386541,0.04393261970225196,0.0,0.0,0,0,-0.008164539927159065,-0.0006179026384490601,-0.010001647821077375,0.014442696253789038,-0.008164539927159065,-0.0006179026384490601,0.00903899119101044,6.877102092666208e-05,0.05718990111084871,0.29621334507546954
global_compatible,45,11,0,0,certified_reset,0,1,0.05606738029774809,0.05207350577936155,0.003993874518386541,0.039938745183865414,0.0,0.0,0,0,-0.010001647821077375,0.014442696253789038,0.0011273124432108713,0.005724007808130792,-0.010001647821077375,0.014442696253789038,-0.011315283475649866,0.00014078031565447783,0.05718990111084871,0.29621334507546954
global_compatible,45,12,0,0,certified_reset,0,1,0.05207350577936155,0.048079631260975,0.003993874518386541,0.03594487066547887,0.0,0.0,0,0,0.0011273124432108713,0.005724007808130792,0.012337365096332788,0.0015722837175660698,0.0011273124432108713,0.005724007808130792,-0.00955323519738135,9.45000868278782e-06,0.05718990111084871,0.29621334507546954
global_compatible,45,13,0,0,certified_reset,0,1,0.048079631260975,0.04408575674258846,0.003993874518386541,0.03195099614709233,0.0,0.0,0,0,0.012337365096332788,0.0015722837175660698,0.008206663479754772,-0.01662372419213712,0.012337365096332788,0.0015722837175660698,-0.014600552452806757,0.00015798495451432382,0.05718990111084871,0.29621334507546954
global_compatible,45,14,0,0,certified_reset,0,1,0.04408575674258846,0.040091882224201916,0.003993874518386541,0.027957121628705783,0.0,0.0,0,0,0.008206663479754772,-0.01662372419213712,-0.0026368765864259523,0.00035977362644474674,0.008206663479754772,-0.01662372419213712,0.01631833812898191,0.0001237492065351594,0.05718990111084871,0.29621334507546954
global_compatible,45,15,0,0,certified_reset,0,1,0.040091882224201916,0.03609800770581537,0.003993874518386541,0.023963247110319243,0.0,0.0,0,0,-0.0026368765864259523,0.00035977362644474674,-0.0018926446391174631,0.004197598580947285,-0.0026368765864259523,0.00035977362644474674,0.002098777332577581,7.086538460546256e-06,0.05718990111084871,0.29621334507546954
global_compatible,45,16,0,0,certified_reset,0,1,0.03609800770581537,0.03210413318742883,0.003993874518386541,0.019969372591932703,0.0,0.0,0,0,-0.0018926446391174631,0.004197598580947285,0.003949199598451692,-0.0013203723413061242,-0.0018926446391174631,0.004197598580947285,-0.004296499284484869,7.2151714749382665e-06,0.05718990111084871,0.29621334507546954
global_compatible,45,17,0,0,certified_reset,0,1,0.03210413318742883,0.02811025866904229,0.003993874518386541,0.015975498073546163,0.0,0.0,0,0,0.003949199598451692,-0.0013203723413061242,0.00011779704929960888,-0.003646159420410421,0.003949199598451692,-0.0013203723413061242,-0.0019849422177283514,1.6008486320147537e-05,0.05718990111084871,0.29621334507546954
global_compatible,45,18,0,0,certified_reset,0,1,0.02811025866904229,0.02411638415065575,0.003993874518386541,0.011981623555159623,0.0,0.0,0,0,0.00011779704929960888,-0.003646159420410421,0.006534776142180836,-0.0031151370106355315,0.00011779704929960888,-0.003646159420410421,0.005251483481564111,3.0963342471807904e-06,0.05718990111084871,0.29621334507546954
global_compatible,45,19,0,0,certified_reset,0,1,0.02411638415065575,0.02012250963226921,0.003993874518386541,0.007987749036773082,0.0,0.0,0,0,0.006534776142180836,-0.0031151370106355315,0.014820378753758022,-0.008014737997850028,0.006534776142180836,-0.0031151370106355315,-0.0019169364697035438,4.454189951124346e-05,0.05718990111084871,0.29621334507546954
global_compatible,45,20,0,0,certified_reset,0,1,0.02012250963226921,0.01612863511388267,0.003993874518386541,0.003993874518386541,0.0,0.0,0,0,0.014820378753758022,-0.008014737997850028,0.00645175352510818,-0.022193535634486786,0.014820378753758022,-0.008014737997850028,-0.002948079593845229,0.00023142339026848593,0.05718990111084871,0.29621334507546954
global_compatible,45,21,0,0,certified_reset,0,1,0.01612863511388267,0.01213476059549613,0.003993874518386541,0.0,0.0,0.0,0,0,0.00645175352510818,-0.022193535634486786,0.0004216601467394599,-0.004302629652545761,0.00645175352510818,-0.022193535634486786,0.026271393771862963,0.00014753932112931509,0.05718990111084871,0.29621334507546954
global_compatible,46,0,0,0,certified_reset,0,1,0.1,0.09600612548161347,0.003993874518386541,0.08387136488611735,0.0,0.0,0,0,-1.2858769074807235,0.1553958509286153,-0.6016927252004427,1.20281622007,-1.2858769074807235,0.1553958509286153,1.0515148126990574,1.6854681229127764,0.05718990111084871,0.29621334507546954
global_compatible,46,1,0,0,certified_reset,0,1,0.09600612548161347,0.09201225096322693,0.003993874518386541,0.07987749036773081,0.0,0.0,0,0,-0.6016927252004427,1.20281622007,0.012508468879391697,0.034451407745325915,-0.6016927252004427,1.20281622007,-1.1727166319962667,0.656833777700579,0.05718990111084871,0.29621334507546954
global_compatible,46,2,0,0,certified_reset,0,1,0.09201225096322693,0.0880183764448404,0.003993874518386541,0.07588361584934428,0.0,0.0,0,0,0.012508468879391697,0.034451407745325915,0.011504187264850021,-0.015381694591834444,0.012508468879391697,0.034451407745325915,-0.06320376552276456,0.0004699716023273721,0.05718990111084871,0.29621334507546954
global_compatible,46,3,0,0,certified_reset,0,1,0.0880183764448404,0.08402450192645386,0.003993874518386541,0.07188974133095774,0.0,0.0,0,0,0.011504187264850021,-0.015381694591834444,0.003653219469677946,-0.0064016947808149885,0.011504187264850021,-0.015381694591834444,0.011205430925758245,0.00017807274181350031,0.05718990111084871,0.29621334507546954
global_compatible,46,4,0,0,certified_reset,0,1,0.08402450192645386,0.08003062740806732,0.003993874518386541,0.0678958668125712,0.0,0.0,0,0,0.003653219469677946,-0.0064016947808149885,-0.009162970091154092,6.930318948849352e-05,0.003653219469677946,-0.0064016947808149885,0.005794390077252653,2.156209169482661e-05,0.05718990111084871,0.29621334507546954
global_compatible,46,5,0,0,certified_reset,0,1,0.08003062740806732,0.07603675288968079,0.003993874518386541,0.06390199229418467,0.0,0.0,0,0,-0.009162970091154092,6.930318948849352e-05,-0.0018840233920528098,-0.0055510780741645505,-0.009162970091154092,6.930318948849352e-05,0.009020852993897018,8.599528013759515e-05,0.05718990111084871,0.29621334507546954
global_compatible,46,6,0,0,certified_reset,0,1,0.07603675288968079,0.07204287837129425,0.003993874518386541,0.05990811777579813,0.0,0.0,0,0,-0.0018840233920528098,-0.0055510780741645505,-0.0076787857179911444,0.0021597785836288356,-0.0018840233920528098,-0.0055510780741645505,0.010055301191024463,1.1623875394242299e-05,0.05718990111084871,0.29621334507546954
global_compatible,46,7,0,0,certified_reset,0,1,0.07204287837129425,0.06804900385290771,0.003993874518386541,0.05591424325741159,0.0,0.0,0,0,-0.0076787857179911444,0.0021597785836288356,-0.00719234097017322,0.0052470702834321835,-0.0076787857179911444,0.0021597785836288356,0.004457663150298693,6.0300154957317365e-05,0.05718990111084871,0.29621334507546954
global_compatible,46,8,0,0,certified_reset,0,1,0.06804900385290771,0.06405512933452118,0.003993874518386541,0.051920368739025044,0.0,0.0,0,0,-0.00719234097017322,0.0052470702834321835,-0.003450388629831165,0.016859975885591186,-0.00719234097017322,0.0052470702834321835,-0.0005650586054344505,5.669346529259151e-05,0.05718990111084871,0.29621334507546954
global_compatible,46,9,0,0,certified_reset,0,1,0.06405512933452118,0.060061254816134634,0.003993874518386541,0.0479264942206385,0.0,0.0,0,0,-0.003450388629831165,0.016859975885591186,-0.0033401653515177723,-0.015698319974885674,-0.003450388629831165,0.016859975885591186,-0.021399387658713725,7.452010813635485e-05,0.05718990111084871,0.29621334507546954
global_compatible,46,10,0,0,certified_reset,0,1,0.060061254816134634,0.05606738029774809,0.003993874518386541,0.04393261970225196,0.0,0.0,0,0,-0.0033401653515177723,-0.015698319974885674,-0.00722858964670109,0.020369611762718245,-0.0033401653515177723,-0.015698319974885674,0.026453376086878234,7.300993724142639e-05,0.05718990111084871,0.29621334507546954
global_compatible,46,11,0,0,certified_reset,0,1,0.05606738029774809,0.05207350577936155,0.003993874518386541,0.039938745183865414,0.0,0.0,0,0,-0.00722858964670109,0.020369611762718245,0.0036672716188165966,-0.00963880872773074,-0.00722858964670109,0.020369611762718245,-0.022808604519254122,0.0001399441142887842,0.05718990111084871,0.29621334507546954
global_compatible,46,12,0,0,certified_reset,0,1,0.05207350577936155,0.048079631260975,0.003993874518386541,0.03594487066547887,0.0,0.0,0,0,0.0036672716188165966,-0.00963880872773074,0.0035547645560706507,0.016001696484840625,0.0036672716188165966,-0.00963880872773074,0.0105472775036016,3.2953201758787304e-05,0.05718990111084871,0.29621334507546954
global_compatible,46,13,0,0,certified_reset,0,1,0.048079631260975,0.04408575674258846,0.003993874518386541,0.03195099614709233,0.0,0.0,0,0,0.0035547645560706507,0.016001696484840625,0.004154142408454331,-0.016924754067956786,0.0035547645560706507,0.016001696484840625,-0.0271095418444318,7.709930479520408e-05,0.05718990111084871,0.29621334507546954
global_compatible,46,14,0,0,certified_reset,0,1,0.04408575674258846,0.040091882224201916,0.003993874518386541,0.027957121628705783,0.0,0.0,0,0,0.004154142408454331,-0.016924754067956786,0.0026397746302374656,0.002039304668199714,0.004154142408454331,-0.016924754067956786,0.02079736996783932,7.963067813614593e-05,0.05718990111084871,0.29621334507546954
global_compatible,46,15,0,0,certified_reset,0,1,0.040091882224201916,0.03609800770581537,0.003993874518386541,0.023963247110319243,0.0,0.0,0,0,0.0026397746302374656,0.002039304668199714,0.005667188201749671,-5.2722376429571813e-05,0.0026397746302374656,0.002039304668199714,-0.005632699470983509,8.510170117059201e-06,0.05718990111084871,0.29621334507546954
global_compatible,46,16,0,0,certified_reset,0,1,0.03609800770581537,0.03210413318742883,0.003993874518386541,0.019969372591932703,0.0,0.0,0,0,0.005667188201749671,-5.2722376429571813e-05,-0.0004997677248709024,-0.008196899763456398,0.005667188201749671,-5.2722376429571813e-05,-0.005563433776793275,3.2891317335585524e-05,0.05718990111084871,0.29621334507546954
global_compatible,46,17,0,0,certified_reset,0,1,0.03210413318742883,0.02811025866904229,0.003993874518386541,0.015975498073546163,0.0,0.0,0,0,-0.0004997677248709024,-0.008196899763456398,-0.0031195536269258838,0.019401527730968537,-0.0004997677248709024,-0.008196899763456398,0.012572788152667854,1.6295692658906545e-05,0.05718990111084871,0.29621334507546954
global_compatible,46,18,0,0,certified_reset,0,1,0.02811025866904229,0.02411638415065575,0.003993874518386541,0.011981623555159623,0.0,0.0,0,0,-0.0031195536269258838,0.019401527730968537,0.011301874049119478,0.00342975340989847,-0.0031195536269258838,0.019401527730968537,-0.02547364362433245,9.370974791195117e-05,0.05718990111084871,0.29621334507546954
global_compatible,46,19,0,0,certified_reset,0,1,0.02411638415065575,0.02012250963226921,0.003993874518386541,0.007987749036773082,0.0,0.0,0,0,0.011301874049119478,0.00342975340989847,0.0006825672099347547,-0.0024218548016533524,0.011301874049119478,0.00342975340989847,-0.016304434015512105,0.00013649559875780282,0.05718990111084871,0.29621334507546954
global_compatible,46,20,0,0,certified_reset,0,1,0.02012250963226921,0.01612863511388267,0.003993874518386541,0.003993874518386541,0.0,0.0,0,0,0.0006825672099347547,-0.0024218548016533524,0.006713238863589197,0.008570205261648825,0.0006825672099347547,-0.0024218548016533524,0.0028858173442629937,1.7298650621417953e-06,0.05718990111084871,0.29621334507546954
global_compatible,46,21,0,0,certified_reset,0,1,0.01612863511388267,0.01213476059549613,0.003993874518386541,0.0,0.0,0.0,0,0,0.006713238863589197,0.008570205261648825,0.005140524696849667,-0.031392486997745356,0.006713238863589197,0.008570205261648825,-0.019308469399371392,6.76087160840887e-05,0.05718990111084871,0.29621334507546954
global_compatible,47,0,0,0,certified_reset,0,1,0.1,0.09600612548161347,0.003993874518386541,0.08387136488611735,0.0,0.0,0,0,-1.00639766176241,0.23047493501981076,-0.4411446542758731,0.8968446659051105,-1.00639766176241,0.23047493501981076,0.6626217202868036,1.0333743074267718,0.05718990111084871,0.29621334507546954
global_compatible,47,1,0,0,certified_reset,0,1,0.09600612548161347,0.09201225096322693,0.003993874518386541,0.07987749036773081,0.0,0.0,0,0,-0.4411446542758731,0.8968446659051105,0.01677655064724197,0.021047072527929884,-0.4411446542758731,0.8968446659051105,-0.8818611106917964,0.35883004531718465,0.05718990111084871,0.29621334507546954
global_compatible,47,2,0,0,certified_reset,0,1,0.09201225096322693,0.0880183764448404,0.003993874518386541,0.07588361584934428,0.0,0.0,0,0,0.01677655064724197,0.021047072527929884,0.007450569867486563,-0.022425606007741756,0.01677655064724197,0.021047072527929884,-0.04771035570156832,0.00041809586980799863,0.05718990111084871,0.29621334507546954
global_compatible,47,3,0,0,certified_reset,0,1,0.0880183764448404,0.08402450192645386,0.003993874518386541,0.07188974133095774,0.0,0.0,0,0,0.007450569867486563,-0.022425606007741756,-0.009407342378814014,-0.007000135419812497,0.007450569867486563,-0.022425606007741756,0.02561777621490997,0.00016244115767183228,0.05718990111084871,0.29621334507546954
global_compatible,47,4,0,0,certified_reset,0,1,0.08402450192645386,0.08003062740806732,0.003993874518386541,0.0678958668125712,0.0,0.0,0,0,-0.009407342378814014,-0.007000135419812497,-0.008661103326847455,0.012575710457917869,-0.009407342378814014,-0.007000135419812497,0.019675636571169258,0.00010699669875547686,0.05718990111084871,0.29621334507546954
global_compatible,47,5,0,0,certified_reset,0,1,0.08003062740806732,0.07603675288968079,0.003993874518386541,0.06390199229418467,0.0,0.0,0,0,-0.008661103326847455,0.012575710457917869,-0.0030655353107589545,0.01284280049846218,-0.008661103326847455,0.012575710457917869,-0.00990318509735242,0.00010593326654898791,0.05718990111084871,0.29621334507546954
global_compatible,47,6,0,0,certified_reset,0,1,0.07603675288968079,0.07204287837129425,0.003993874518386541,0.05990811777579813,0.0,0.0,0,0,-0.0030655353107589545,0.01284280049846218,0.005233304237038373,0.0010541686255142258,-0.0030655353107589545,0.01284280049846218,-0.015865108759569303,4.537880307612814e-05,0.05718990111084871,0.29621334507546954
global_compatible,47,7,0,0,certified_reset,0,1,0.07204287837129425,0.06804900385290771,0.003993874518386541,0.05591424325741159,0.0,0.0,0,0,0.005233304237038373,0.0010541686255142258,0.014970548318620422,0.004878643658454649,0.005233304237038373,0.0010541686255142258,-0.0067599264871061856,2.8729917258564116e-05,0.05718990111084871,0.29621334507546954
global_compatible,47,8,0,0,certified_reset,0,1,0.06804900385290771,0.06405512933452118,0.003993874518386541,0.051920368739025044,0.0,0.0,0,0,0.014970548318620422,0.004878643658454649,0.008444413653804527,-0.028205225305390696,0.014970548318620422,0.004878643658454649,-0.022092741446470613,0.00024060375708597612,0.05718990111084871,0.29621334507546954
global_compatible,47,9,0,0,certified_reset,0,1,0.06405512933452118,0.060061254816134634,0.003993874518386541,0.0479264942206385,0.0,0.0,0,0,0.008444413653804527,-0.028205225305390696,-0.00042768875976540105,0.01765098358309811,0.008444413653804527,-0.028205225305390696,0.03314394035132089,0.00024196739372187156,0.05718990111084871,0.29621334507546954
global_compatible,47,10,0,0,certified_reset,0,1,0.060061254816134634,0.05606738029774809,0.003993874518386541,0.04393261970225196,0.0,0.0,0,0,-0.00042768875976540105,0.01765098358309811,0.006446429018107221,-0.009284092674811669,-0.00042768875976540105,0.01765098358309811,-0.02557334098587855,7.261311176587388e-05,0.05718990111084871,0.29621334507546954
global_compatible,47,11,0,0,certified_reset,0,1,0.05606738029774809,0.05207350577936155,0.003993874518386541,0.039938745183865414,0.0,0.0,0,0,0.006446429018107221,-0.009284092674811669,-0.005972117062523423,-0.004804848750864964,0.006446429018107221,-0.009284092674811669,0.007255443894769374,5.8387471561256984e-05,0.05718990111084871,0.29621334507546954
global_compatible,47,12,0,0,certified_reset,0,1,0.05207350577936155,0.048079631260975,0.003993874518386541,0.03594487066547887,0.0,0.0,0,0,-0.005972117062523423,-0.004804848750864964,0.0028821213081908527,0.015980720644840324,-0.005972117062523423,-0.004804848750864964,0.013022992830600747,4.406172363849431e-05,0.05718990111084871,0.29621334507546954
global_compatible,47,13,0,0,certified_reset,0,1,0.048079631260975,0.04408575674258846,0.003993874518386541,0.03195099614709233,0.0,0.0,0,0,0.0028821213081908527,0.015980720644840324,0.0032130556874826834,-0.00606048323847858,0.0028821213081908527,0.015980720644840324,-0.026413167755443567,7.171702682617448e-05,0.05718990111084871,0.29621334507546954
global_compatible,47,14,0,0,certified_reset,0,1,0.04408575674258846,0.040091882224201916,0.003993874518386541,0.027957121628705783,0.0,0.0,0,0,0.0032130556874826834,-0.00606048323847858,0.003920789882878477,-0.0012076922799084287,0.0032130556874826834,-0.00606048323847858,0.005728781899118306,1.7755502677154827e-05,0.05718990111084871,0.29621334507546954
global_compatible,47,15,0,0,certified_reset,0,1,0.040091882224201916,0.03609800770581537,0.003993874518386541,0.023963247110319243,0.0,0.0,0,0,0.003920789882878477,-0.0012076922799084287,0.0028361282208384008,-0.009566085854321631,0.003920789882878477,-0.0012076922799084287,-0.0021210535109291574,1.574759872131892e-05,0.05718990111084871,0.29621334507546954
global_compatible,47,16,0,0,certified_reset,0,1,0.03609800770581537,0.03210413318742883,0.003993874518386541,0.019969372591932703,0.0,0.0,0,0,0.0028361282208384008,-0.009566085854321631,-0.0015970241475595762,-0.002313681612118512,0.0028361282208384008,-0.009566085854321631,0.011266584299843386,2.768882107267836e-05,0.05718990111084871,0.29621334507546954
global_compatible,47,17,0,0,certified_reset,0,1,0.03210413318742883,0.02811025866904229,0.003993874518386541,0.015975498073546163,0.0,0.0,0,0,-0.0015970241475595762,-0.002313681612118512,-0.0024781279737932675,0.0011433473935407669,-0.0015970241475595762,-0.002313681612118512,0.00499869673867789,4.1387224234260715e-06,0.05718990111084871,0.29621334507546954
global_compatible,47,18,0,0,certified_reset,0,1,0.02811025866904229,0.02411638415065575,0.003993874518386541,0.011981623555159623,0.0,0.0,0,0,-0.0024781279737932675,0.0011433473935407669,-0.0019010905945210062,-0.0008791160172177876,-0.0024781279737932675,0.0011433473935407669,0.0007855171543926779,6.391847971709819e-06,0.05718990111084871,0.29621334507546954
global_compatible,47,19,0,0,certified_reset,0,1,0.02411638415065575,0.02012250963226921,0.003993874518386541,0.007987749036773082,0.0,0.0,0,0,-0.0019010905945210062,-0.0008791160172177876,-0.0045940481093487825,0.006216452711717922,-0.0019010905945210062,-0.0008791160172177876,0.003187979735262253,4.007337913298498e-06,0.05718990111084871,0.29621334507546954
global_compatible,47,20,0,0,certified_reset,0,1,0.02012250963226921,0.01612863511388267,0.003993874518386541,0.003993874518386541,0.0,0.0,0,0,-0.0045940481093487825,0.006216452711717922,-0.0058860048215255995,-0.0029147224354315188,-0.0045940481093487825,0.006216452711717922,-0.004580317627577016,2.858573194731296e-05,0.05718990111084871,0.29621334507546954
global_compatible,47,21,0,0,certified_reset,0,1,0.01612863511388267,0.01213476059549613,0.003993874518386541,0.0,0.0,0.0,0,0,-0.0058860048215255995,-0.0029147224354315188,-0.0074165271343755714,0.019289113472588743,-0.0058860048215255995,-0.0029147224354315188,0.010153695882714305,3.875170049859826e-05,0.05718990111084871,0.29621334507546954
global_compatible,48,0,0,0,certified_reset,0,1,0.1,0.09600612548161347,0.003993874518386541,0.08387136488611735,0.0,0.0,0,0,5.914105417657781,-0.23695098393930902,4.895108263741044,-1.807433981172922,5.914105417657781,-0.23695098393930902,-1.5499999999989795,35.04681162955121,0.05718990111084871,0.29621334507546954
global_compatible,48,1,0,0,certified_reset,0,1,0.09600612548161347,0.09201225096322693,0.003993874518386541,0.07987749036773081,0.0,0.0,0,0,4.895108263741044,-1.807433981172922,2.621444850695918,-2.7249179104488244,4.895108263741044,-1.807433981172922,-0.9242488923242284,24.57146798145367,0.05718990111084871,0.29621334507546954
global_compatible,48,2,0,0,certified_reset,0,1,0.09201225096322693,0.0880183764448404,0.003993874518386541,0.07588361584934428,0.0,0.0,0,0,2.621444850695918,-2.7249179104488244,0.6026720821218551,-1.3060466489327438,2.621444850695918,-2.7249179104488244,1.4129507349851165,8.258415821090779,0.05718990111084871,0.29621334507546954
global_compatible,48,3,0,0,certified_reset,0,1,0.0880183764448404,0.08402450192645386,0.003993874518386541,0.07188974133095774,0.0,0.0,0,0,0.6026720821218551,-1.3060466489327438,-0.04118764555145389,0.023288126657689236,0.6026720821218551,-1.3060466489327438,1.3238077913166337,0.7140617281317786,0.05718990111084871,0.29621334507546954
global_compatible,48,4,0,0,certified_reset,0,1,0.08402450192645386,0.08003062740806732,0.003993874518386541,0.0678958668125712,0.0,0.0,0,0,-0.04118764555145389,0.023288126657689236,-0.003919408504799533,0.031653659144006,-0.04118764555145389,0.023288126657689236,0.006706521422729634,0.0017951672135924613,0.05718990111084871,0.29621334507546954
global_compatible,48,5,0,0,certified_reset,0,1,0.08003062740806732,0.07603675288968079,0.003993874518386541,0.06390199229418467,0.0,0.0,0,0,-0.003919408504799533,0.031653659144006,0.003643882886859991,-0.004289847011888736,-0.003919408504799533,0.031653659144006,-0.04272762900096748,0.00024135476472548752,0.05718990111084871,0.29621334507546954
global_compatible,48,6,0,0,certified_reset,0,1,0.07603675288968079,0.07204287837129425,0.003993874518386541,0.05990811777579813,0.0,0.0,0,0,0.003643882886859991,-0.004289847011888736,-0.004833151557577461,-0.00897007073262985,0.003643882886859991,-0.004289847011888736,0.002690226614619112,1.6771317203475156e-05,0.05718990111084871,0.29621334507546954
global_compatible,48,7,0,0,certified_reset,0,1,0.07204287837129425,0.06804900385290771,0.003993874518386541,0.05591424325741159,0.0,0.0,0,0,-0.004833151557577461,-0.00897007073262985,-0.004509835223539675,0.018853132111789107,-0.004833151557577461,-0.00897007073262985,0.018024741832618166,4.596482734253568e-05,0.05718990111084871,0.29621334507546954
global_compatible,48,8,0,0,certified_reset,0,1,0.06804900385290771,0.06405512933452118,0.003993874518386541,0.051920368739025044,0.0,0.0,0,0,-0.004509835223539675,0.018853132111789107,-0.0015488752585864074,0.007648079046474883,-0.004509835223539675,0.018853132111789107,-0.02328217150212944,9.78694077662666e-05,0.05718990111084871,0.29621334507546954
global_compatible,48,9,0,0,certified_reset,0,1,0.06405512933452118,0.060061254816134634,0.003993874518386541,0.0479264942206385,0.0,0.0,0,0,-0.0015488752585864074,0.007648079046474883,0.006946997320373323,-0.0068750921570824375,-0.0015488752585864074,0.007648079046474883,-0.009725096376402979,1.5292212413122338e-05,0.05718990111084871,0.29621334507546954
global_compatible,48,10,0,0,certified_reset,0,1,0.060061254816134634,0.05606738029774809,0.003993874518386541,0.04393261970225196,0.0,0.0,0,0,0.006946997320373323,-0.0068750921570824375,-0.0008015936857573287,0.005977255980593497,0.006946997320373323,-0.0068750921570824375,0.0032068215206605515,5.7025904966216185e-05,0.05718990111084871,0.29621334507546954
global_compatible,48,11,0,0,certified_reset,0,1,0.05606738029774809,0.05207350577936155,0.003993874518386541,0.039938745183865414,0.0,0.0,0,0,-0.0008015936857573287,0.005977255980593497,0.006133840617729254,-0.0022557677605939356,-0.0008015936857573287,0.005977255980593497,-0.008003904536438204,8.67508066311375e-06,0.05718990111084871,0.29621334507546954
global_compatible,48,12,0,0,certified_reset,0,1,0.05207350577936155,0.048079631260975,0.003993874518386541,0.03594487066547887,0.0,0.0,0,0,0.006133840617729254,-0.0022557677605939356,0.006108891182828655,0.005773315930688234,0.006133840617729254,-0.0022557677605939356,-0.002786962972367071,3.8734107663091115e-05,0.05718990111084871,0.29621334507546954
global_compatible,48,13,0,0,certified_reset,0,1,0.048079631260975,0.04408575674258846,0.003993874518386541,0.03195099614709233,0.0,0.0,0,0,0.006108891182828655,0.005773315930688234,0.013209423904250034,-0.010562369984243364,0.006108891182828655,0.005773315930688234,-0.014586779086145621,4.8637516416739004e-05,0.05718990111084871,0.29621334507546954
global_compatible,48,14,0,0,certified_reset,0,1,0.04408575674258846,0.040091882224201916,0.003993874518386541,0.027957121628705783,0.0,0.0,0,0,0.013209423904250034,-0.010562369984243364,-0.001701942487594841,7.938523434021516e-05,0.013209423904250034,-0.010562369984243364,0.0024056272947817602,0.0001947150146923353,0.05718990111084871,0.29621334507546954
global_compatible,48,15,0,0,certified_reset,0,1,0.040091882224201916,0.03609800770581537,0.003993874518386541,0.023963247110319243,0.0,0.0,0,0,-0.001701942487594841,7.938523434021516e-05,-0.002089921896447717,0.013247254397141573,-0.001701942487594841,7.938523434021516e-05,0.001576096229194153,2.9598445769501414e-06,0.05718990111084871,0.29621334507546954
global_compatible,48,16,0,0,certified_reset,0,1,0.03609800770581537,0.03210413318742883,0.003993874518386541,0.019969372591932703,0.0,0.0,0,0,-0.002089921896447717,0.013247254397141573,-6.742155364701562e-05,-0.0023135518665060688,-0.002089921896447717,0.013247254397141573,-0.017432645186622932,4.355335631958443e-05,0.05718990111084871,0.29621334507546954
global_compatible,48,17,0,0,certified_reset,0,1,0.03210413318742883,0.02811025866904229,0.003993874518386541,0.015975498073546163,0.0,0.0,0,0,-6.742155364701562e-05,-0.0023135518665060688,0.0036276674543505734,0.010779157638571544,-6.742155364701562e-05,-0.0023135518665060688,0.003473211770354546,1.26957966896188e-06,0.05718990111084871,0.29621334507546954
global_compatible,48,18,0,0,certified_reset,0,1,0.02811025866904229,0.02411638415065575,0.003993874518386541,0.011981623555159623,0.0,0.0,0,0,0.0036276674543505734,0.010779157638571544,0.009505282044699918,-0.007674572883229328,0.0036276674543505734,0.010779157638571544,-0.019491972118374744,4.357263867743338e-05,0.05718990111084871,0.29621334507546954
global_compatible,48,19,0,0,certified_reset,0,1,0.02411638415065575,0.02012250963226921,0.003993874518386541,0.007987749036773082,0.0,0.0,0,0,0.009505282044699918,-0.007674572883229328,0.004681633687232846,-0.00946606909667807,0.009505282044699918,-0.007674572883229328,0.001838575864065559,0.00010103672818869257,0.05718990111084871,0.29621334507546954
global_compatible,48,20,0,0,certified_reset,0,1,0.02012250963226921,0.01612863511388267,0.003993874518386541,0.003993874518386541,0.0,0.0,0,0,0.004681633687232846,-0.00946606909667807,0.0016926988388873453,0.009338506320207227,0.004681633687232846,-0.00946606909667807,0.009279944474137035,4.0199791763265125e-05,0.05718990111084871,0.29621334507546954
global_compatible,48,21,0,0,certified_reset,0,1,0.01612863511388267,0.01213476059549613,0.003993874518386541,0.0,0.0,0.0,0,0,0.0016926988388873453,0.009338506320207227,0.007268104806659803,0.0032262289435571467,0.0016926988388873453,0.009338506320207227,-0.015442177499967265,2.4524136560342005e-05,0.05718990111084871,0.29621334507546954
global_compatible,49,0,0,0,certified_reset,0,1,0.1,0.09600612548161347,0.003993874518386541,0.08387136488611735,0.0,0.0,0,0,4.342643057726615,0.5154192681223534,4.078666636970432,-1.030509478881649,4.342643057726615,0.5154192681223534,-1.5499999999999468,18.966429490772484,0.05718990111084871,0.29621334507546954
global_compatible,49,1,0,0,certified_reset,0,1,0.09600612548161347,0.09201225096322693,0.003993874518386541,0.07987749036773081,0.0,0.0,0,0,4.078666636970432,-1.030509478881649,2.293747522415888,-2.566697509294362,4.078666636970432,-1.030509478881649,-1.5148765339720485,16.88404376985686,0.05718990111084871,0.29621334507546954
global_compatible,49,2,0,0,certified_reset,0,1,0.09201225096322693,0.0880183764448404,0.003993874518386541,0.07588361584934428,0.0,0.0,0,0,2.293747522415888,-2.566697509294362,0.47784915110395054,-1.0788337907525274,2.293747522415888,-2.566697509294362,1.4969572672058957,6.503128221844258,0.05718990111084871,0.29621334507546954
global_compatible,49,3,0,0,certified_reset,0,1,0.0880183764448404,0.08402450192645386,0.003993874518386541,0.07188974133095774,0.0,0.0,0,0,0.47784915110395054,-1.0788337907525274,-0.04573760114192962,0.027858144995597866,0.47784915110395054,-1.0788337907525274,1.1133980347317354,0.4688300134568827,0.05718990111084871,0.29621334507546954
global_compatible,49,4,0,0,certified_reset,0,1,0.08402450192645386,0.08003062740806732,0.003993874518386541,0.0678958668125712,0.0,0.0,0,0,-0.04573760114192962,0.027858144995597866,-0.013757913959656767,0.038768316985101775,-0.04573760114192962,0.027858144995597866,0.004505090803922769,0.002232129277964267,0.05718990111084871,0.29621334507546954
global_compatible,49,5,0,0,certified_reset,0,1,0.08003062740806732,0.07603675288968079,0.003993874518386541,0.06390199229418467,0.0,0.0,0,0,-0.013757913959656767,0.038768316985101775,0.0026228648532389716,-0.004158988003791777,-0.013757913959656767,0.038768316985101775,-0.04341304945817012,0.0005069343504370762,0.05718990111084871,0.29621334507546954
global_compatible,49,6,0,0,certified_reset,0,1,0.07603675288968079,0.07204287837129425,0.003993874518386541,0.05990811777579813,0.0,0.0,0,0,0.0026228648532389716,-0.004158988003791777,0.008444321840024402,0.007503538978521682,0.0026228648532389716,-0.004158988003791777,0.0035098741962520264,1.0300893079017292e-05,0.05718990111084871,0.29621334507546954
global_compatible,49,7,1,1,certified_reset,0,1,0.07204287837129425,0.06804900385290771,0.003993874518386541,0.05591424325741159,0.0,0.0,0,0,0.008444321840024402,0.007503538978521682,0.02779638338211227,-0.002174857527987994,0.008444321840024402,0.007503538978521682,-0.019463572929771335,9.091189561412123e-05,0.05718990111084871,0.29621334507546954
global_compatible,49,8,0,0,certified_reset,0,1,0.06804900385290771,0.06405512933452118,0.003993874518386541,0.051920368739025044,0.0,0.0,0,0,0.02779638338211227,-0.002174857527987994,0.016064113140815704,-0.02982339118987679,0.02779638338211227,-0.002174857527987994,-0.024473981026658594,0.0007884647237557666,0.05718990111084871,0.29621334507546954
global_compatible,49,9,0,0,certified_reset,0,1,0.06405512933452118,0.060061254816134634,0.003993874518386541,0.0479264942206385,0.0,0.0,0,0,0.016064113140815704,-0.02982339118987679,0.002822254453000357,0.004144563198309392,0.016064113140815704,-0.02982339118987679,0.027939750499389005,0.0004376697116217262,0.05718990111084871,0.29621334507546954
global_compatible,49,10,0,0,certified_reset,0,1,0.060061254816134634,0.05606738029774809,0.003993874518386541,0.04393261970225196,0.0,0.0,0,0,0.002822254453000357,0.004144563198309392,0.0033516401630056753,-0.009422905730583027,0.002822254453000357,0.004144563198309392,-0.008914526508275719,1.304377250800961e-05,0.05718990111084871,0.29621334507546954
global_compatible,49,11,1,1,certified_reset,0,1,0.05606738029774809,0.05207350577936155,0.003993874518386541,0.039938745183865414,0.0,0.0,0,0,0.0033516401630056753,-0.009422905730583027,-0.014783391502874554,-0.02395144321610086,0.0033516401630056753,-0.009422905730583027,0.010546224789245912,2.9996470648247133e-05,0.05718990111084871,0.29621334507546954
global_compatible,49,12,1,1,certified_reset,0,1,0.05207350577936155,0.048079631260975,0.003993874518386541,0.03594487066547887,0.0,0.0,0,0,-0.014783391502874554,-0.02395144321610086,0.014724269178753732,0.040086384187218584,-0.014783391502874554,-0.02395144321610086,0.05000493754422957,0.00038432190258145974,0.05718990111084871,0.29621334507546954
global_compatible,49,13,1,1,certified_reset,0,1,0.048079631260975,0.04408575674258846,0.003993874518386541,0.03195099614709233,0.0,0.0,0,0,0.014724269178753732,0.040086384187218584,0.01815594622687449,-0.04296255200137167,0.014724269178753732,0.040086384187218584,-0.07371379378123295,0.0006418924631859024,0.05718990111084871,0.29621334507546954
global_compatible,49,14,1,1,certified_reset,0,1,0.04408575674258846,0.040091882224201916,0.003993874518386541,0.027957121628705783,0.0,0.0,0,0,0.01815594622687449,-0.04296255200137167,0.015794364952718003,0.018924723152286386,0.01815594622687449,-0.04296255200137167,0.0452116534470673,0.0007129812809833025,0.05718990111084871,0.29621334507546954
global_compatible,49,15,1,1,certified_reset,0,1,0.040091882224201916,0.03609800770581537,0.003993874518386541,0.023963247110319243,0.0,0.0,0,0,0.015794364952718003,0.018924723152286386,-0.013130239394325886,-0.033927500146745705,0.015794364952718003,0.018924723152286386,-0.043605939575359076,0.00036146503976621663,0.05718990111084871,0.29621334507546954
global_compatible,49,16,1,1,certified_reset,0,1,0.03609800770581537,0.03210413318742883,0.003993874518386541,0.019969372591932703,0.0,0.0,0,0,-0.013130239394325886,-0.033927500146745705,0.009881310597403731,0.020202037846955248,-0.013130239394325886,-0.033927500146745705,0.06305546871318268,0.0004789965378356238,0.05718990111084871,0.29621334507546954
global_compatible,49,17,2,2,certified_reset,0,1,0.03210413318742883,0.02811025866904229,0.003993874518386541,0.015975498073546163,0.0,0.0,0,0,0.009881310597403731,0.020202037846955248,0.025554186875875004,0.001256315570830415,0.009881310597403731,0.020202037846955248,-0.039598110250507516,0.00021030257747821322,0.05718990111084871,0.29621334507546954
global_compatible,49,18,2,2,certified_reset,0,1,0.02811025866904229,0.02411638415065575,0.003993874518386541,0.011981623555159623,0.0,0.0,0,0,0.025554186875875004,0.001256315570830415,-0.0042895062286725915,-0.030234258701032593,0.025554186875875004,0.001256315570830415,-0.027298495504127687,0.0006719307624932963,0.05718990111084871,0.29621334507546954
global_compatible,49,19,2,2,certified_reset,0,1,0.02411638415065575,0.02012250963226921,0.003993874518386541,0.007987749036773082,0.0,0.0,0,0,-0.0042895062286725915,-0.030234258701032593,-0.014367766209606243,0.00014893651789087484,-0.0042895062286725915,-0.030234258701032593,0.04881118300540799,0.0002425030252016804,0.05718990111084871,0.29621334507546954
global_compatible,49,20,2,2,certified_reset,0,1,0.02012250963226921,0.01612863511388267,0.003993874518386541,0.003993874518386541,0.0,0.0,0,0,-0.014367766209606243,0.00014893651789087484,-0.06385549592221273,-0.004219446972647955,-0.014367766209606243,0.00014893651789087484,0.014087205239010801,0.00021139793241559834,0.05718990111084871,0.29621334507546954
global_compatible,49,21,2,2,certified_reset,0,1,0.01612863511388267,0.01213476059549613,0.003993874518386541,0.0,0.0,0.0,0,0,-0.06385549592221273,-0.004219446972647955,0.01610558675993814,0.10425395060153961,-0.06385549592221273,-0.004219446972647955,0.06980114229523549,0.004202534018010618,0.05718990111084871,0.29621334507546954
global_compatible,50,0,0,0,certified_reset,0,1,0.1,0.09600612548161347,0.003993874518386541,0.08387136488611735,0.0,0.0,0,0,5.905237589215858,0.40752227503258254,5.5421359249274404,-1.1437723635831234,5.905237589215858,0.40752227503258254,-1.5499999999990874,34.96178687792444,0.05718990111084871,0.29621334507546954
global_compatible,50,1,0,0,certified_reset,0,1,0.09600612548161347,0.09201225096322693,0.003993874518386541,0.07987749036773081,0.0,0.0,0,0,5.5421359249274404,-1.1437723635831234,3.621914792470316,-2.70761290843465,5.5421359249274404,-1.1437723635831234,-1.55,31.01081184991671,0.05718990111084871,0.29621334507546954
global_compatible,50,2,0,0,certified_reset,0,1,0.09201225096322693,0.0880183764448404,0.003993874518386541,0.07588361584934428,0.0,0.0,0,0,3.621914792470316,-2.70761290843465,1.3058278448895775,-1.908283369874044,3.621914792470316,-2.70761290843465,0.7845711212743774,14.453265739169685,0.05718990111084871,0.29621334507546954
global_compatible,50,3,0,0,certified_reset,0,1,0.0880183764448404,0.08402450192645386,0.003993874518386541,0.07188974133095774,0.0,0.0,0,0,1.3058278448895775,-1.908283369874044,0.14627416680746486,-0.3938122543412586,1.3058278448895775,-1.908283369874044,1.5107850879215863,2.4177263255889248,0.05718990111084871,0.29621334507546954
global_compatible,50,4,0,0,certified_reset,0,1,0.08402450192645386,0.08003062740806732,0.003993874518386541,0.0678958668125712,0.0,0.0,0,0,0.14627416680746486,-0.3938122543412586,-0.026905659901449552,0.03550924939301866,0.14627416680746486,-0.3938122543412586,0.4344677838716797,0.054031044756259215,0.05718990111084871,0.29621334507546954
global_compatible,50,5,0,0,certified_reset,0,1,0.08003062740806732,0.07603675288968079,0.003993874518386541,0.06390199229418467,0.0,0.0,0,0,-0.026905659901449552,0.03550924939301866,-0.006138155028308424,-0.00012181549176657792,-0.026905659901449552,0.03550924939301866,-0.025516776028675317,0.0009671554038469171,0.05718990111084871,0.29621334507546954
global_compatible,50,6,0,0,certified_reset,0,1,0.07603675288968079,0.07204287837129425,0.003993874518386541,0.05990811777579813,0.0,0.0,0,0,-0.006138155028308424,-0.00012181549176657792,-0.010364246700461266,0.0115112174910668,-0.006138155028308424,-0.00012181549176657792,0.006286536150701323,3.866763159342603e-05,0.05718990111084871,0.29621334507546954
global_compatible,50,7,0,0,certified_reset,0,1,0.07204287837129425,0.06804900385290771,0.003993874518386541,0.05591424325741159,0.0,0.0,0,0,-0.010364246700461266,0.0115112174910668,-0.007472554237769401,0.014338095894903688,-0.010364246700461266,0.0115112174910668,-0.00663577239619213,0.00013236990961316947,0.05718990111084871,0.29621334507546954
global_compatible,50,8,0,0,certified_reset,0,1,0.06804900385290771,0.06405512933452118,0.003993874518386541,0.051920368739025044,0.0,0.0,0,0,-0.007472554237769401,0.014338095894903688,0.005272876202657378,0.012045848336714387,-0.007472554237769401,0.014338095894903688,-0.013679610269384555,9.752193916492342e-05,0.05718990111084871,0.29621334507546954
global_compatible,50,9,0,0,certified_reset,0,1,0.06405512933452118,0.060061254816134634,0.003993874518386541,0.0479264942206385,0.0,0.0,0,0,0.005272876202657378,0.012045848336714387,0.009288413253802757,-0.012131738363134777,0.005272876202657378,0.012045848336714387,-0.022995270728842238,6.714122853307167e-05,0.05718990111084871,0.29621334507546954
global_compatible,50,10,0,0,certified_reset,0,1,0.060061254816134634,0.05606738029774809,0.003993874518386541,0.04393261970225196,0.0,0.0,0,0,0.009288413253802757,-0.012131738363134777,-0.0010424096842256226,-0.007176662013490046,0.009288413253802757,-0.012131738363134777,0.008621978956516278,0.00011462531742966405,0.05718990111084871,0.29621334507546954
global_compatible,50,11,0,0,certified_reset,0,1,0.05606738029774809,0.05207350577936155,0.003993874518386541,0.039938745183865414,0.0,0.0,0,0,-0.0010424096842256226,-0.007176662013490046,-0.0035273680371272374,0.00605150677272633,-0.0010424096842256226,-0.007176662013490046,0.011607387983742504,1.3725710322952389e-05,0.05718990111084871,0.29621334507546954
global_compatible,50,12,0,0,certified_reset,0,1,0.05207350577936155,0.048079631260975,0.003993874518386541,0.03594487066547887,0.0,0.0,0,0,-0.0035273680371272374,0.00605150677272633,0.00042852782853496866,-0.001546013885667173,-0.0035273680371272374,0.00605150677272633,-0.0054018258687823124,1.976355049692648e-05,0.05718990111084871,0.29621334507546954
global_compatible,50,13,0,0,certified_reset,0,1,0.048079631260975,0.04408575674258846,0.003993874518386541,0.03195099614709233,0.0,0.0,0,0,0.00042852782853496866,-0.001546013885667173,-0.005226441045143658,0.0005343383574840305,0.00042852782853496866,-0.001546013885667173,0.0018474751743777018,6.991938210690713e-07,0.05718990111084871,0.29621334507546954
global_compatible,50,14,0,0,certified_reset,0,1,0.04408575674258846,0.040091882224201916,0.003993874518386541,0.027957121628705783,0.0,0.0,0,0,-0.005226441045143658,0.0005343383574840305,-0.003647971765218822,-0.00700424734634984,-0.005226441045143658,0.0005343383574840305,0.004415920880766988,2.785458807544235e-05,0.05718990111084871,0.29621334507546954
global_compatible,50,15,0,0,certified_reset,0,1,0.040091882224201916,0.03609800770581537,0.003993874518386541,0.023963247110319243,0.0,0.0,0,0,-0.003647971765218822,-0.00700424734634984,-0.000763215288951625,0.02185524090385792,-0.003647971765218822,-0.00700424734634984,0.013946536755258554,2.7001051746470953e-05,0.05718990111084871,0.29621334507546954
global_compatible,50,16,0,0,certified_reset,0,1,0.03609800770581537,0.03210413318742883,0.003993874518386541,0.019969372591932703,0.0,0.0,0,0,-0.000763215288951625,0.02185524090385792,0.0048554526016800605,-0.002533637308057557,-0.000763215288951625,0.02185524090385792,-0.03143760855152355,0.00011126785825707976,0.05718990111084871,0.29621334507546954
global_compatible,50,17,0,0,certified_reset,0,1,0.03210413318742883,0.02811025866904229,0.003993874518386541,0.015975498073546163,0.0,0.0,0,0,0.0048554526016800605,-0.002533637308057557,-0.005067527438542246,-0.0021519724862294675,0.0048554526016800605,-0.002533637308057557,-0.0011027022194076226,2.4761296013359436e-05,0.05718990111084871,0.29621334507546954
global_compatible,50,18,0,0,certified_reset,0,1,0.02811025866904229,0.02411638415065575,0.003993874518386541,0.011981623555159623,0.0,0.0,0,0,-0.005067527438542246,-0.0021519724862294675,-0.007270743287110683,-0.0006022474848107083,-0.005067527438542246,-0.0021519724862294675,0.00821450317359862,2.820036330477304e-05,0.05718990111084871,0.29621334507546954
global_compatible,50,19,0,0,certified_reset,0,1,0.02411638415065575,0.02012250963226921,0.003993874518386541,0.007987749036773082,0.0,0.0,0,0,-0.007270743287110683,-0.0006022474848107083,-0.0037664689416252247,0.01592255584077581,-0.007270743287110683,-0.0006022474848107083,0.008128348727848268,5.458074563903582e-05,0.05718990111084871,0.29621334507546954
global_compatible,50,20,0,0,certified_reset,0,1,0.02012250963226921,0.01612863511388267,0.003993874518386541,0.003993874518386541,0.0,0.0,0,0,-0.0037664689416252247,0.01592255584077581,-0.0043087849386642075,-0.013635993743587212,-0.0037664689416252247,0.01592255584077581,-0.019706277067902893,6.952972339562363e-05,0.05718990111084871,0.29621334507546954
global_compatible,50,21,0,0,certified_reset,0,1,0.01612863511388267,0.01213476059549613,0.003993874518386541,0.0,0.0,0.0,0,0,-0.0043087849386642075,-0.013635993743587212,-0.00490030695239516,0.006957213534025862,-0.0043087849386642075,-0.013635993743587212,0.024378965993129314,6.689323578754033e-05,0.05718990111084871,0.29621334507546954
global_compatible,51,0,0,0,certified_reset,0,1,0.1,0.09600612548161347,0.003993874518386541,0.08387136488611735,0.0,0.0,0,0,0.7779357924814665,0.33188837246884084,0.474327663579425,-0.9294874051710319,0.7779357924814665,0.33188837246884084,-1.263541004428225,0.6649244744909574,0.05718990111084871,0.29621334507546954
global_compatible,51,1,0,0,certified_reset,0,1,0.09600612548161347,0.09201225096322693,0.003993874518386541,0.07987749036773081,0.0,0.0,0,0,0.474327663579425,-0.9294874051710319,-0.004101136587223787,-0.03802496565140402,0.474327663579425,-0.9294874051710319,0.8969029646296225,0.40060803618263535,0.05718990111084871,0.29621334507546954
global_compatible,51,2,0,0,certified_reset,0,1,0.09201225096322693,0.0880183764448404,0.003993874518386541,0.07588361584934428,0.0,0.0,0,0,-0.004101136587223787,-0.03802496565140402,-0.006865752167732982,0.028022361450251748,-0.004101136587223787,-0.03802496565140402,0.060098701454447075,0.0003673773115221166,0.05718990111084871,0.29621334507546954
global_compatible,51,3,0,0,certified_reset,0,1,0.0880183764448404,0.08402450192645386,0.003993874518386541,0.07188974133095774,0.0,0.0,0,0,-0.006865752167732982,0.028022361450251748,0.0027160414397851126,-0.00233461376534368,-0.006865752167732982,0.028022361450251748,-0.03444399778546349,0.0002181437708395954,0.05718990111084871,0.29621334507546954
global_compatible,51,4,0,0,certified_reset,0,1,0.08402450192645386,0.08003062740806732,0.003993874518386541,0.0678958668125712,0.0,0.0,0,0,0.0027160414397851126,-0.00233461376534368,0.0006545770598854301,0.004389857983562331,0.0027160414397851126,-0.00233461376534368,0.0007348614596287593,8.371457494750976e-06,0.05718990111084871,0.29621334507546954
global_compatible,51,5,0,0,certified_reset,0,1,0.08003062740806732,0.07603675288968079,0.003993874518386541,0.06390199229418467,0.0,0.0,0,0,0.0006545770598854301,0.004389857983562331,-0.003934754382537206,0.00800584331786196,0.0006545770598854301,0.004389857983562331,-0.0071156192554359746,5.163025622888802e-06,0.05718990111084871,0.29621334507546954
global_compatible,51,6,0,0,certified_reset,0,1,0.07603675288968079,0.07204287837129425,0.003993874518386541,0.05990811777579813,0.0,0.0,0,0,-0.003934754382537206,0.00800584331786196,-0.000716043025604199,-0.00438898176651967,-0.003934754382537206,0.00800584331786196,-0.007878942331312734,2.857107025882744e-05,0.05718990111084871,0.29621334507546954
global_compatible,51,7,0,0,certified_reset,0,1,0.07204287837129425,0.06804900385290771,0.003993874518386541,0.05591424325741159,0.0,0.0,0,0,-0.000716043025604199,-0.00438898176651967,-0.008470420722710734,-0.0035816311984058803,-0.000716043025604199,-0.00438898176651967,0.007178128485714651,5.2682247988837e-06,0.05718990111084871,0.29621334507546954
global_compatible,51,8,0,0,certified_reset,0,1,0.06804900385290771,0.06405512933452118,0.003993874518386541,0.051920368739025044,0.0,0.0,0,0,-0.008470420722710734,-0.0035816311984058803,-0.018477299810678,0.026852952557359935,-0.008470420722710734,-0.0035816311984058803,0.013709460889510453,7.875581493420385e-05,0.05718990111084871,0.29621334507546954
global_compatible,51,9,0,0,certified_reset,0,1,0.06405512933452118,0.060061254816134634,0.003993874518386541,0.0479264942206385,0.0,0.0,0,0,-0.018477299810678,0.026852952557359935,0.002383056231236199,0.0036890967189507824,-0.018477299810678,0.026852952557359935,-0.02115817635846644,0.0004823969099526887,0.05718990111084871,0.29621334507546954
global_compatible,51,10,0,0,certified_reset,0,1,0.060061254816134634,0.05606738029774809,0.003993874518386541,0.04393261970225196,0.0,0.0,0,0,0.002383056231236199,0.0036890967189507824,0.0017535668119868387,-0.0021747559917240167,0.002383056231236199,0.0036890967189507824,-0.007805144159241183,9.651662113216313e-06,0.05718990111084871,0.29621334507546954
global_compatible,51,11,0,0,certified_reset,0,1,0.05606738029774809,0.05207350577936155,0.003993874518386541,0.039938745183865414,0.0,0.0,0,0,0.0017535668119868387,-0.0021747559917240167,0.0014219179647664301,0.007499379071227064,0.0017535668119868387,-0.0021747559917240167,0.0014563392228770667,3.9793411146410515e-06,0.05718990111084871,0.29621334507546954
global_compatible,51,12,0,0,certified_reset,0,1,0.05207350577936155,0.048079631260975,0.003993874518386541,0.03594487066547887,0.0,0.0,0,0,0.0014219179647664301,0.007499379071227064,0.006040403837114679,-0.014323936087979806,0.0014219179647664301,0.007499379071227064,-0.01246242375298825,1.602797440521418e-05,0.05718990111084871,0.29621334507546954
global_compatible,51,13,0,0,certified_reset,0,1,0.048079631260975,0.04408575674258846,0.003993874518386541,0.03195099614709233,0.0,0.0,0,0,0.006040403837114679,-0.014323936087979806,-0.0022990913339011217,0.005355600354697237,0.006040403837114679,-0.014323936087979806,0.01508596351272315,7.910766200256555e-05,0.05718990111084871,0.29621334507546954
global_compatible,51,14,0,0,certified_reset,0,1,0.04408575674258846,0.040091882224201916,0.003993874518386541,0.027957121628705783,0.0,0.0,0,0,-0.0022990913339011217,0.005355600354697237,-0.007673504756052432,0.013883463890849008,-0.0022990913339011217,0.005355600354697237,-0.005597694577616607,1.1232017504888171e-05,0.05718990111084871,0.29621334507546954
global_compatible,51,15,0,0,certified_reset,0,1,0.040091882224201916,0.03609800770581537,0.003993874518386541,0.023963247110319243,0.0,0.0,0,0,-0.007673504756052432,0.013883463890849008,-0.004839880825909275,-0.0011718648740480365,-0.007673504756052432,0.013883463890849008,-0.012813303615213689,9.768229650908198e-05,0.05718990111084871,0.29621334507546954
global_compatible,51,16,0,0,certified_reset,0,1,0.03609800770581537,0.03210413318742883,0.003993874518386541,0.019969372591932703,0.0,0.0,0,0,-0.004839880825909275,-0.0011718648740480365,-0.0019262345315575187,0.005592472480128367,-0.004839880825909275,-0.0011718648740480365,0.006544707330700391,2.474246437106231e-05,0.05718990111084871,0.29621334507546954
global_compatible,51,17,0,0,certified_reset,0,1,0.03210413318742883,0.02811025866904229,0.003993874518386541,0.015975498073546163,0.0,0.0,0,0,-0.0019262345315575187,0.005592472480128367,-0.005490648661350988,-0.001620187087232989,-0.0019262345315575187,0.005592472480128367,-0.0063188461475659026,1.0338209605858588e-05,0.05718990111084871,0.29621334507546954
global_compatible,51,18,1,1,certified_reset,0,1,0.02811025866904229,0.02411638415065575,0.003993874518386541,0.011981623555159623,0.0,0.0,0,0,-0.005490648661350988,-0.001620187087232989,0.019157856633011408,-0.0024284999906031488,-0.005490648661350988,-0.001620187087232989,0.007850157474757272,3.216034814743216e-05,0.05718990111084871,0.29621334507546954
global_compatible,51,19,0,0,certified_reset,0,1,0.02411638415065575,0.02012250963226921,0.003993874518386541,0.007987749036773082,0.0,0.0,0,0,0.019157856633011408,-0.0024284999906031488,0.010011358631731344,-0.01581983294276419,0.019157856633011408,-0.0024284999906031488,-0.015500920378799599,0.000374092004282551,0.05718990111084871,0.29621334507546954
global_compatible,51,20,0,0,certified_reset,0,1,0.02012250963226921,0.01612863511388267,0.003993874518386541,0.003993874518386541,0.0,0.0,0,0,0.010011358631731344,-0.01581983294276419,-0.002001641908038659,0.0030538705327889312,0.010011358631731344,-0.01581983294276419,0.013337809878115331,0.00014972281154241451,0.05718990111084871,0.29621334507546954
global_compatible,51,21,0,0,certified_reset,0,1,0.01612863511388267,0.01213476059549613,0.003993874518386541,0.0,0.0,0.0,0,0,-0.002001641908038659,0.0030538705327889312,0.0064851419551496025,-0.005102875427047845,-0.002001641908038659,0.0030538705327889312,-0.0025018500866385795,5.84175421600356e-06,0.05718990111084871,0.29621334507546954
global_compatible,52,0,0,0,certified_reset,0,1,0.1,0.09600612548161347,0.003993874518386541,0.08387136488611735,0.0,0.0,0,0,3.596644901715811,-0.2689096665135123,2.5507951059654643,-1.8188775416007894,3.596644901715811,-0.2689096665135123,-1.55,13.00893328261233,0.05718990111084871,0.29621334507546954
global_compatible,52,1,2,2,certified_reset,0,1,0.09600612548161347,0.09201225096322693,0.003993874518386541,0.07987749036773081,0.0,0.0,0,0,2.5507951059654643,-1.8188775416007894,0.8520571570210261,-1.4746407210583679,2.5507951059654643,-1.8188775416007894,0.27993024080446993,7.104011488151437,0.05718990111084871,0.29621334507546954
global_compatible,52,2,2,2,certified_reset,0,1,0.09201225096322693,0.0880183764448404,0.003993874518386541,0.07588361584934428,0.0,0.0,0,0,0.8520571570210261,-1.4746407210583679,0.07327157330720438,-0.13894672951529022,0.8520571570210261,-1.4746407210583679,1.3238360991194944,1.1612366953806892,0.05718990111084871,0.29621334507546954
global_compatible,52,3,2,2,certified_reset,0,1,0.0880183764448404,0.08402450192645386,0.003993874518386541,0.07188974133095774,0.0,0.0,0,0,0.07327157330720438,-0.13894672951529022,0.005951898353463054,0.03781271893543649,0.07327157330720438,-0.13894672951529022,0.13171771281733985,0.009277577207397945,0.05718990111084871,0.29621334507546954
global_compatible,52,4,2,2,certified_reset,0,1,0.08402450192645386,0.08003062740806732,0.003993874518386541,0.0678958668125712,0.0,0.0,0,0,0.005951898353463054,0.03781271893543649,0.07610243272281902,0.021945205417811815,0.005951898353463054,0.03781271893543649,-0.06163035440255658,0.0003877469169968314,0.05718990111084871,0.29621334507546954
global_compatible,52,5,2,2,certified_reset,0,1,0.08003062740806732,0.07603675288968079,0.003993874518386541,0.06390199229418467,0.0,0.0,0,0,0.07610243272281902,0.021945205417811815,0.02221993553830722,-0.07938350323747445,0.07610243272281902,0.021945205417811815,-0.10810800870214268,0.006170450372319152,0.05718990111084871,0.29621334507546954
global_compatible,52,6,1,1,certified_reset,0,1,0.07603675288968079,0.07204287837129425,0.003993874518386541,0.05990811777579813,0.0,0.0,0,0,0.02221993553830722,-0.07938350323747445,-0.010908752732661106,-0.030493017383994916,0.02221993553830722,-0.07938350323747445,0.09481566240851926,0.0018527890868014264,0.05718990111084871,0.29621334507546954
global_compatible,52,7,0,0,certified_reset,0,1,0.07204287837129425,0.06804900385290771,0.003993874518386541,0.05591424325741159,0.0,0.0,0,0,-0.010908752732661106,-0.030493017383994916,-0.019939935681865025,0.03239708775439592,-0.010908752732661106,-0.030493017383994916,0.05578226138299654,0.0003641607429598758,0.05718990111084871,0.29621334507546954
global_compatible,52,8,0,0,certified_reset,0,1,0.06804900385290771,0.06405512933452118,0.003993874518386541,0.051920368739025044,0.0,0.0,0,0,-0.019939935681865025,0.03239708775439592,0.007554585272126725,-0.005099754228426786,-0.019939935681865025,0.03239708775439592,-0.027869914161463998,0.0006059421709749838,0.05718990111084871,0.29621334507546954
global_compatible,52,9,0,0,certified_reset,0,1,0.06405512933452118,0.060061254816134634,0.003993874518386541,0.0479264942206385,0.0,0.0,0,0,0.007554585272126725,-0.005099754228426786,-0.0024769276743198698,-0.017313063078188713,0.007554585272126725,-0.005099754228426786,-1.690770836113669e-05,6.17531145548633e-05,0.05718990111084871,0.29621334507546954
global_compatible,52,10,0,0,certified_reset,0,1,0.060061254816134634,0.05606738029774809,0.003993874518386541,0.04393261970225196,0.0,0.0,0,0,-0.0024769276743198698,-0.017313063078188713,-0.008559328082966998,0.016001940117760446,-0.0024769276743198698,-0.017313063078188713,0.02797308445450802,7.965109461816901e-05,0.05718990111084871,0.29621334507546954
global_compatible,52,11,0,0,certified_reset,0,1,0.05606738029774809,0.05207350577936155,0.003993874518386541,0.039938745183865414,0.0,0.0,0,0,-0.008559328082966998,0.016001940117760446,-0.01403207718033823,0.005036524737108602,-0.008559328082966998,0.016001940117760446,-0.0150502053552658,0.0001250159900185897,0.05718990111084871,0.29621334507546954
global_compatible,52,12,0,0,certified_reset,0,1,0.05207350577936155,0.048079631260975,0.003993874518386541,0.03594487066547887,0.0,0.0,0,0,-0.01403207718033823,0.005036524737108602,-0.016626186192904943,0.016070471195910777,-0.01403207718033823,0.005036524737108602,0.0065525082042671694,0.00020253855874609482,0.05718990111084871,0.29621334507546954
global_compatible,52,13,0,0,certified_reset,0,1,0.048079631260975,0.04408575674258846,0.003993874518386541,0.03195099614709233,0.0,0.0,0,0,-0.016626186192904943,0.016070471195910777,-0.004912974087638269,0.012441725575066322,-0.016626186192904943,0.016070471195910777,-0.0071165130761384095,0.00032418299428276176,0.05718990111084871,0.29621334507546954
global_compatible,52,14,0,0,certified_reset,0,1,0.04408575674258846,0.040091882224201916,0.003993874518386541,0.027957121628705783,0.0,0.0,0,0,-0.004912974087638269,0.012441725575066322,-0.0013872156842826143,0.006528305400846405,-0.004912974087638269,0.012441725575066322,-0.013435452243603173,5.651347516190531e-05,0.05718990111084871,0.29621334507546954
global_compatible,52,15,0,0,certified_reset,0,1,0.040091882224201916,0.03609800770581537,0.003993874518386541,0.023963247110319243,0.0,0.0,0,0,-0.0013872156842826143,0.006528305400846405,0.004609633056855264,-0.009680704990273348,-0.0013872156842826143,0.006528305400846405,-0.008235744360731361,1.1291433337312305e-05,0.05718990111084871,0.29621334507546954
global_compatible,52,16,0,0,certified_reset,0,1,0.03609800770581537,0.03210413318742883,0.003993874518386541,0.019969372591932703,0.0,0.0,0,0,0.004609633056855264,-0.009680704990273348,-0.0012969316396493674,0.008781567939247021,0.004609633056855264,-0.009680704990273348,0.009670207219407832,4.0455428450076576e-05,0.05718990111084871,0.29621334507546954
global_compatible,52,17,0,0,certified_reset,0,1,0.03210413318742883,0.02811025866904229,0.003993874518386541,0.015975498073546163,0.0,0.0,0,0,-0.0012969316396493674,0.008781567939247021,-0.0062107089424731235,-0.004731931143632101,-0.0012969316396493674,0.008781567939247021,-0.011642855538369782,1.8951802189997306e-05,0.05718990111084871,0.29621334507546954
global_compatible,52,18,0,0,certified_reset,0,1,0.02811025866904229,0.02411638415065575,0.003993874518386541,0.011981623555159623,0.0,0.0,0,0,-0.0062107089424731235,-0.004731931143632101,-0.017037265748856858,-0.0004015869520927473,-0.0062107089424731235,-0.004731931143632101,0.013155963499287068,4.6930300980633537e-05,0.05718990111084871,0.29621334507546954
global_compatible,52,19,0,0,certified_reset,0,1,0.02411638415065575,0.02012250963226921,0.003993874518386541,0.007987749036773082,0.0,0.0,0,0,-0.017037265748856858,-0.0004015869520927473,-0.008263652233872616,0.015326510071318578,-0.017037265748856858,-0.0004015869520927473,0.017553883329968618,0.0002980009236706412,0.05718990111084871,0.29621334507546954
global_compatible,52,20,0,0,certified_reset,0,1,0.02012250963226921,0.01612863511388267,0.003993874518386541,0.003993874518386541,0.0,0.0,0,0,-0.008263652233872616,0.015326510071318578,-0.011439160506349372,-0.009989758916266332,-0.008263652233872616,0.015326510071318578,-0.014351482550907527,0.00011571941850153431,0.05718990111084871,0.29621334507546954
global_compatible,52,21,0,0,certified_reset,0,1,0.01612863511388267,0.01213476059549613,0.003993874518386541,0.0,0.0,0.0,0,0,-0.011439160506349372,-0.009989758916266332,-0.007039532697265937,0.030815457455770624,-0.011439160506349372,-0.009989758916266332,0.026104822010988106,0.00016585408737257955,0.05718990111084871,0.29621334507546954
global_compatible,53,0,0,0,certified_reset,0,1,0.1,0.09600612548161347,0.003993874518386541,0.08387136488611735,0.0,0.0,0,0,5.237113142265564,0.33493344114200485,4.7989944592328815,-1.21014114107567,5.237113142265564,0.33493344114200485,-1.5499999999983354,27.507609038689697,0.05718990111084871,0.29621334507546954
global_compatible,53,1,0,0,certified_reset,0,1,0.09600612548161347,0.09201225096322693,0.003993874518386541,0.07987749036773081,0.0,0.0,0,0,4.7989944592328815,-1.21014114107567,2.821538294399956,-2.7667109953175006,4.7989944592328815,-1.21014114107567,-1.5499999999999994,23.3540098043862,0.05718990111084871,0.29621334507546954
global_compatible,53,2,0,0,certified_reset,0,1,0.09201225096322693,0.0880183764448404,0.003993874518386541,0.07588361584934428,0.0,0.0,0,0,2.821538294399956,-2.7667109953175006,0.7207782224704564,-1.4264575888688145,2.821538294399956,-2.7667109953175006,1.346003390397669,9.384215626629398,0.05718990111084871,0.29621334507546954
global_compatible,53,3,0,0,certified_reset,0,1,0.0880183764448404,0.08402450192645386,0.003993874518386541,0.07188974133095774,0.0,0.0,0,0,0.7207782224704564,-1.4264575888688145,-0.013837177144063703,-0.04424373223720973,0.7207782224704564,-1.4264575888688145,1.3835780728768112,0.9336390785927662,0.05718990111084871,0.29621334507546954
global_compatible,53,4,0,0,certified_reset,0,1,0.08402450192645386,0.08003062740806732,0.003993874518386541,0.0678958668125712,0.0,0.0,0,0,-0.013837177144063703,-0.04424373223720973,-0.01481779744025754,0.023850902003925943,-0.013837177144063703,-0.04424373223720973,0.07895121131821146,0.0006996512271415451,0.05718990111084871,0.29621334507546954
global_compatible,53,5,0,0,certified_reset,0,1,0.08003062740806732,0.07603675288968079,0.003993874518386541,0.06390199229418467,0.0,0.0,0,0,-0.01481779744025754,0.023850902003925943,0.00263071819999666,0.006234264427707451,-0.01481779744025754,0.023850902003925943,-0.020379747767638068,0.0003323462687094748,0.05718990111084871,0.29621334507546954
global_compatible,53,6,0,0,certified_reset,0,1,0.07603675288968079,0.07204287837129425,0.003993874518386541,0.05990811777579813,0.0,0.0,0,0,0.00263071819999666,0.006234264427707451,-0.006505188756355602,-0.006354597975424823,0.00263071819999666,0.006234264427707451,-0.011799552562508055,1.739730379650256e-05,0.05718990111084871,0.29621334507546954
global_compatible,53,7,0,0,certified_reset,0,1,0.07204287837129425,0.06804900385290771,0.003993874518386541,0.05591424325741159,0.0,0.0,0,0,-0.006505188756355602,-0.006354597975424823,-0.006337632990529616,0.017722569445898853,-0.006505188756355602,-0.006354597975424823,0.015841248747146458,5.5859674579808756e-05,0.05718990111084871,0.29621334507546954
global_compatible,53,8,0,0,certified_reset,0,1,0.06804900385290771,0.06405512933452118,0.003993874518386541,0.051920368739025044,0.0,0.0,0,0,-0.006337632990529616,0.017722569445898853,0.0031617277424464043,-0.0003934002780189075,-0.006337632990529616,0.017722569445898853,-0.01979860312574101,0.00010650131326356177,0.05718990111084871,0.29621334507546954
global_compatible,53,9,0,0,certified_reset,0,1,0.06405512933452118,0.060061254816134634,0.003993874518386541,0.0479264942206385,0.0,0.0,0,0,0.0031617277424464043,-0.0003934002780189075,0.006095894801569864,-0.002136475727413654,0.0031617277424464043,-0.0003934002780189075,-0.0025698735219198505,1.0189486045496018e-05,0.05718990111084871,0.29621334507546954
global_compatible,53,10,0,0,certified_reset,0,1,0.060061254816134634,0.05606738029774809,0.003993874518386541,0.04393261970225196,0.0,0.0,0,0,0.006095894801569864,-0.002136475727413654,0.00677542991774552,-0.0045588504260444555,0.006095894801569864,-0.002136475727413654,-0.0029218074394735893,3.8194972535729555e-05,0.05718990111084871,0.29621334507546954
global_compatible,53,11,0,0,certified_reset,0,1,0.05606738029774809,0.05207350577936155,0.003993874518386541,0.039938745183865414,0.0,0.0,0,0,0.00677542991774552,-0.0045588504260444555,0.0013626066334453243,0.008504625225958759,0.00677542991774552,-0.0045588504260444555,-3.159352142256731e-05,4.9647436621314185e-05,0.05718990111084871,0.29621334507546954
global_compatible,53,12,0,0,certified_reset,0,1,0.05207350577936155,0.048079631260975,0.003993874518386541,0.03594487066547887,0.0,0.0,0,0,0.0013626066334453243,0.008504625225958759,0.0037993645159273073,-0.006906405043657141,0.0013626066334453243,0.008504625225958759,-0.013882219138527973,1.969375408488454e-05,0.05718990111084871,0.29621334507546954
global_compatible,53,13,0,0,certified_reset,0,1,0.048079631260975,0.04408575674258846,0.003993874518386541,0.03195099614709233,0.0,0.0,0,0,0.0037993645159273073,-0.006906405043657141,0.004480683119462767,0.00016504423033611166,0.0037993645159273073,-0.006906405043657141,0.006388831162907818,2.4041317328460596e-05,0.05718990111084871,0.29621334507546954
global_compatible,53,14,0,0,certified_reset,0,1,0.04408575674258846,0.040091882224201916,0.003993874518386541,0.027957121628705783,0.0,0.0,0,0,0.004480683119462767,0.00016504423033611166,0.0018072450574712095,-0.012180552993599675,0.004480683119462767,0.00016504423033611166,-0.004703878802661232,2.063458623942584e-05,0.05718990111084871,0.29621334507546954
global_compatible,53,15,0,0,certified_reset,0,1,0.040091882224201916,0.03609800770581537,0.003993874518386541,0.023963247110319243,0.0,0.0,0,0,0.0018072450574712095,-0.012180552993599675,-0.00795061159698739,0.0032921216435633648,0.0018072450574712095,-0.012180552993599675,0.01614178809670891,3.648592459311065e-05,0.05718990111084871,0.29621334507546954
global_compatible,53,16,0,0,certified_reset,0,1,0.03609800770581537,0.03210413318742883,0.003993874518386541,0.019969372591932703,0.0,0.0,0,0,-0.00795061159698739,0.0032921216435633648,-0.007839298544544501,0.0012876959563891477,-0.00795061159698739,0.0032921216435633648,0.0030689713002153636,6.53985410720723e-05,0.05718990111084871,0.29621334507546954
global_compatible,53,17,0,0,certified_reset,0,1,0.03210413318742883,0.02811025866904229,0.003993874518386541,0.015975498073546163,0.0,0.0,0,0,-0.007839298544544501,0.0012876959563891477,-0.0032318639464151773,0.01997107164378031,-0.007839298544544501,0.0012876959563891477,0.005907745343122559,6.262560700417536e-05,0.05718990111084871,0.29621334507546954
global_compatible,53,18,0,0,certified_reset,0,1,0.02811025866904229,0.02411638415065575,0.003993874518386541,0.011981623555159623,0.0,0.0,0,0,-0.0032318639464151773,0.01997107164378031,-0.0005400202730766711,-0.003168859642498792,-0.0032318639464151773,0.01997107164378031,-0.026202888142531054,9.940159471156921e-05,0.05718990111084871,0.29621334507546954
global_compatible,53,19,0,0,certified_reset,0,1,0.02411638415065575,0.02012250963226921,0.003993874518386541,0.007987749036773082,0.0,0.0,0,0,-0.0005400202730766711,-0.003168859642498792,-0.005672038324569686,0.006344141732196209,-0.0005400202730766711,-0.003168859642498792,0.005205772313431726,2.7766243879104726e-06,0.05718990111084871,0.29621334507546954
global_compatible,53,20,0,0,certified_reset,0,1,0.02012250963226921,0.01612863511388267,0.003993874518386541,0.003993874518386541,0.0,0.0,0,0,-0.005672038324569686,0.006344141732196209,4.831811104620792e-05,0.0007852228857595351,-0.005672038324569686,0.006344141732196209,-0.0036936785712165716,3.975776446734874e-05,0.05718990111084871,0.29621334507546954
global_compatible,53,21,0,0,certified_reset,0,1,0.01612863511388267,0.01213476059549613,0.003993874518386541,0.0,0.0,0.0,0,0,4.831811104620792e-05,0.0007852228857595351,0.0004434527375665682,-0.0024639577028067287,4.831811104620792e-05,0.0007852228857595351,-0.0012025968364258474,1.4947411508730583e-07,0.05718990111084871,0.29621334507546954
global_compatible,54,0,0,0,certified_reset,0,1,0.1,0.09600612548161347,0.003993874518386541,0.08387136488611735,0.0,0.0,0,0,-4.874577874776328,-0.49467518761004636,-4.592884020845618,1.0635920407144734,-4.874577874776328,-0.49467518761004636,1.55,23.86561859468157,0.05718990111084871,0.29621334507546954
global_compatible,54,1,0,0,certified_reset,0,1,0.09600612548161347,0.09201225096322693,0.003993874518386541,0.07987749036773081,0.0,0.0,0,0,-4.592884020845618,1.0635920407144734,-2.7546380989364665,2.6183860403612846,-4.592884020845618,1.0635920407144734,1.5499999999999996,21.358267174171825,0.05718990111084871,0.29621334507546954
global_compatible,54,2,0,0,certified_reset,0,1,0.09201225096322693,0.0880183764448404,0.003993874518386541,0.07588361584934428,0.0,0.0,0,0,-2.7546380989364665,2.6183860403612846,-0.7313745309170611,1.4240917579029526,-2.7546380989364665,2.6183860403612846,-1.1940332108833767,8.857744120974214,0.05718990111084871,0.29621334507546954
global_compatible,54,3,0,0,certified_reset,0,1,0.0880183764448404,0.08402450192645386,0.003993874518386541,0.07188974133095774,0.0,0.0,0,0,-0.7313745309170611,1.4240917579029526,0.00924123739276304,0.04902456608340295,-0.7313745309170611,1.4240917579029526,-1.3695438605550347,0.9468466844106327,0.05718990111084871,0.29621334507546954
global_compatible,54,4,0,0,certified_reset,0,1,0.08402450192645386,0.08003062740806732,0.003993874518386541,0.0678958668125712,0.0,0.0,0,0,0.00924123739276304,0.04902456608340295,0.02087697788173916,-0.030929841088280573,0.00924123739276304,0.04902456608340295,-0.08141738983275482,0.0006837337070687408,0.05718990111084871,0.29621334507546954
global_compatible,54,5,0,0,certified_reset,0,1,0.08003062740806732,0.07603675288968079,0.003993874518386541,0.06390199229418467,0.0,0.0,0,0,0.02087697788173916,-0.030929841088280573,0.0050232024512402145,0.004178845106587038,0.02087697788173916,-0.030929841088280573,0.024775260169741468,0.0006233914559409176,0.05718990111084871,0.29621334507546954
global_compatible,54,6,0,0,certified_reset,0,1,0.07603675288968079,0.07204287837129425,0.003993874518386541,0.05990811777579813,0.0,0.0,0,0,0.0050232024512402145,0.004178845106587038,0.0038971154057536395,-0.01608357867369226,0.0050232024512402145,0.004178845106587038,-0.011152266519221776,3.148518343551193e-05,0.05718990111084871,0.29621334507546954
global_compatible,54,7,0,0,certified_reset,0,1,0.07204287837129425,0.06804900385290771,0.003993874518386541,0.05591424325741159,0.0,0.0,0,0,0.0038971154057536395,-0.01608357867369226,0.00026988513957167636,0.008214680454535552,0.0038971154057536395,-0.01608357867369226,0.0198145710061223,7.156560962119163e-05,0.05718990111084871,0.29621334507546954
global_compatible,54,8,0,0,certified_reset,0,1,0.06804900385290771,0.06405512933452118,0.003993874518386541,0.051920368739025044,0.0,0.0,0,0,0.00026988513957167636,0.008214680454535552,0.005438257177293128,0.0004452963445824628,0.00026988513957167636,0.008214680454535552,-0.012369560883642803,1.6044564394538393e-05,0.05718990111084871,0.29621334507546954
global_compatible,54,9,0,0,certified_reset,0,1,0.06405512933452118,0.060061254816134634,0.003993874518386541,0.0479264942206385,0.0,0.0,0,0,0.005438257177293128,0.0004452963445824628,0.0009164514233994492,-0.004600537039185322,0.005438257177293128,0.0004452963445824628,-0.006068946317443607,3.0531135851690265e-05,0.05718990111084871,0.29621334507546954
global_compatible,54,10,0,0,certified_reset,0,1,0.060061254816134634,0.05606738029774809,0.003993874518386541,0.04393261970225196,0.0,0.0,0,0,0.0009164514233994492,-0.004600537039185322,0.006258862445565994,-0.01830798452501905,0.0009164514233994492,-0.004600537039185322,0.005863056068161471,5.508958261715891e-06,0.05718990111084871,0.29621334507546954
global_compatible,54,11,0,0,certified_reset,0,1,0.05606738029774809,0.05207350577936155,0.003993874518386541,0.039938745183865414,0.0,0.0,0,0,0.006258862445565994,-0.01830798452501905,0.007441618784347482,0.013919034671948221,0.006258862445565994,-0.01830798452501905,0.020735652640710006,0.00011025535489972158,0.05718990111084871,0.29621334507546954
global_compatible,54,12,0,0,certified_reset,0,1,0.05207350577936155,0.048079631260975,0.003993874518386541,0.03594487066547887,0.0,0.0,0,0,0.007441618784347482,0.013919034671948221,0.005221878771342456,-0.009719980758711805,0.007441618784347482,0.013919034671948221,-0.027916638551704974,0.00010973427254801822,0.05718990111084871,0.29621334507546954
global_compatible,54,13,0,0,certified_reset,0,1,0.048079631260975,0.04408575674258846,0.003993874518386541,0.03195099614709233,0.0,0.0,0,0,0.005221878771342456,-0.009719980758711805,-0.00999826396198487,0.013149218378182807,0.005221878771342456,-0.009719980758711805,0.00912192603393177,4.635430093776104e-05,0.05718990111084871,0.29621334507546954
global_compatible,54,14,0,0,certified_reset,0,1,0.04408575674258846,0.040091882224201916,0.003993874518386541,0.027957121628705783,0.0,0.0,0,0,-0.00999826396198487,0.013149218378182807,0.005308225508626746,0.009764837420301556,-0.00999826396198487,0.013149218378182807,-0.009411299482299242,0.00013330194611444883,0.05718990111084871,0.29621334507546954
global_compatible,54,15,0,0,certified_reset,0,1,0.040091882224201916,0.03609800770581537,0.003993874518386541,0.023963247110319243,0.0,0.0,0,0,0.005308225508626746,0.009764837420301556,0.003227227972850665,-0.00016732831472164936,0.005308225508626746,0.009764837420301556,-0.019670512607806837,5.501385367886875e-05,0.05718990111084871,0.29621334507546954
global_compatible,54,16,0,0,certified_reset,0,1,0.03609800770581537,0.03210413318742883,0.003993874518386541,0.019969372591932703,0.0,0.0,0,0,0.003227227972850665,-0.00016732831472164936,-0.001088768287682092,0.012695465706657447,0.003227227972850665,-0.00016732831472164936,-0.0029692506739606257,1.064045140555357e-05,0.05718990111084871,0.29621334507546954
global_compatible,54,17,0,0,certified_reset,0,1,0.03210413318742883,0.02811025866904229,0.003993874518386541,0.015975498073546163,0.0,0.0,0,0,-0.001088768287682092,0.012695465706657447,0.005830634217659872,-0.004374695191142135,-0.001088768287682092,0.012695465706657447,-0.017613749787860455,3.79529938356008e-05,0.05718990111084871,0.29621334507546954
global_compatible,54,18,0,0,certified_reset,0,1,0.02811025866904229,0.02411638415065575,0.003993874518386541,0.011981623555159623,0.0,0.0,0,0,0.005830634217659872,-0.004374695191142135,0.0026398547707617544,0.004239035455005373,0.005830634217659872,-0.004374695191142135,0.0006380754366864967,3.74513063294911e-05,0.05718990111084871,0.29621334507546954
global_compatible,54,19,0,0,certified_reset,0,1,0.02411638415065575,0.02012250963226921,0.003993874518386541,0.007987749036773082,0.0,0.0,0,0,0.0026398547707617544,0.004239035455005373,-0.0015629988282072522,-0.017520221285748892,0.0026398547707617544,0.004239035455005373,-0.008870100539680034,1.2170296186297067e-05,0.05718990111084871,0.29621334507546954
global_compatible,54,20,0,0,certified_reset,0,1,0.02012250963226921,0.01612863511388267,0.003993874518386541,0.003993874518386541,0.0,0.0,0,0,-0.0015629988282072522,-0.017520221285748892,-0.009370785348437292,0.019538207897449526,-0.0015629988282072522,-0.017520221285748892,0.027368100408814666,7.642075603894082e-05,0.05718990111084871,0.29621334507546954
global_compatible,54,21,0,0,certified_reset,0,1,0.01612863511388267,0.01213476059549613,0.003993874518386541,0.0,0.0,0.0,0,0,-0.009370785348437292,0.019538207897449526,0.004128483682928889,-0.0072546107743655264,-0.009370785348437292,0.019538207897449526,-0.019448991799465045,0.0001659816823087911,0.05718990111084871,0.29621334507546954
global_compatible,55,0,0,0,certified_reset,0,1,0.1,0.09600612548161347,0.003993874518386541,0.08387136488611735,0.0,0.0,0,0,5.876192970081554,-0.12105661163038817,4.975090257300646,-1.6641481819027917,5.876192970081554,-0.12105661163038817,-1.55,34.59234416821538,0.05718990111084871,0.29621334507546954
global_compatible,55,1,0,0,certified_reset,0,1,0.09600612548161347,0.09201225096322693,0.003993874518386541,0.07987749036773081,0.0,0.0,0,0,4.975090257300646,-1.6641481819027917,2.736317105694611,-2.792856869410179,4.975090257300646,-1.6641481819027917,-1.1327780372385097,25.282092771168525,0.05718990111084871,0.29621334507546954
global_compatible,55,2,0,0,certified_reset,0,1,0.09201225096322693,0.0880183764448404,0.003993874518386541,0.07588361584934428,0.0,0.0,0,0,2.736317105694611,-2.792856869410179,0.6587707430565835,-1.3541181018216266,2.736317105694611,-2.792856869410179,1.4315472821876103,8.942673402187493,0.05718990111084871,0.29621334507546954
global_compatible,55,3,0,0,certified_reset,0,1,0.0880183764448404,0.08402450192645386,0.003993874518386541,0.07188974133095774,0.0,0.0,0,0,0.6587707430565835,-1.3541181018216266,-0.028101305289712906,-0.026742296347770422,0.6587707430565835,-1.3541181018216266,1.338762278496833,0.8088404529280548,0.05718990111084871,0.29621334507546954
global_compatible,55,4,0,0,certified_reset,0,1,0.08402450192645386,0.08003062740806732,0.003993874518386541,0.0678958668125712,0.0,0.0,0,0,-0.028101305289712906,-0.026742296347770422,-0.011686232997773062,0.04757535746967988,-0.028101305289712906,-0.026742296347770422,0.06737454172394133,0.0010318936553097798,0.05718990111084871,0.29621334507546954
global_compatible,55,5,0,0,certified_reset,0,1,0.08003062740806732,0.07603675288968079,0.003993874518386541,0.06390199229418467,0.0,0.0,0,0,-0.011686232997773062,0.04757535746967988,0.013080769413844399,-0.005066434476096302,-0.011686232997773062,0.04757535746967988,-0.05844875345729422,0.0006293890961022376,0.05718990111084871,0.29621334507546954
global_compatible,55,6,0,0,certified_reset,0,1,0.07603675288968079,0.07204287837129425,0.003993874518386541,0.05990811777579813,0.0,0.0,0,0,0.013080769413844399,-0.005066434476096302,0.00066956983495302,0.005263376523248516,0.013080769413844399,-0.005066434476096302,-0.005565644603619981,0.00017650131494861615,0.05718990111084871,0.29621334507546954
global_compatible,55,7,0,0,certified_reset,0,1,0.07204287837129425,0.06804900385290771,0.003993874518386541,0.05591424325741159,0.0,0.0,0,0,0.00066956983495302,0.005263376523248516,0.00809879771131165,-0.0020377012022079126,0.00066956983495302,0.005263376523248516,-0.00842172692392093,7.208024709993437e-06,0.05718990111084871,0.29621334507546954
global_compatible,55,8,0,0,certified_reset,0,1,0.06804900385290771,0.06405512933452118,0.003993874518386541,0.051920368739025044,0.0,0.0,0,0,0.00809879771131165,-0.0020377012022079126,0.010410140654913125,-0.006502524193444462,0.00809879771131165,-0.0020377012022079126,-0.005059953588529639,6.697800334080498e-05,0.05718990111084871,0.29621334507546954
global_compatible,55,9,0,0,certified_reset,0,1,0.06405512933452118,0.060061254816134634,0.003993874518386541,0.0479264942206385,0.0,0.0,0,0,0.010410140654913125,-0.006502524193444462,0.00421669967070977,-0.006716274247339407,0.010410140654913125,-0.006502524193444462,-0.0007871110695791172,0.00011599742481051091,0.05718990111084871,0.29621334507546954
global_compatible,55,10,0,0,certified_reset,0,1,0.060061254816134634,0.05606738029774809,0.003993874518386541,0.04393261970225196,0.0,0.0,0,0,0.00421669967070977,-0.006716274247339407,0.010536523885635965,-8.579063604269223e-05,0.00421669967070977,-0.006716274247339407,0.005693752566674762,2.6710527728012182e-05,0.05718990111084871,0.29621334507546954
global_compatible,55,11,0,0,certified_reset,0,1,0.05606738029774809,0.05207350577936155,0.003993874518386541,0.039938745183865414,0.0,0.0,0,0,0.010536523885635965,-8.579063604269223e-05,-0.0006589083659780627,-0.0032090550034727834,0.010536523885635965,-8.579063604269223e-05,-0.01036361909580417,0.000113704775417632,0.05718990111084871,0.29621334507546954
global_compatible,55,12,0,0,certified_reset,0,1,0.05207350577936155,0.048079631260975,0.003993874518386541,0.03594487066547887,0.0,0.0,0,0,-0.0006589083659780627,-0.0032090550034727834,0.010069613106027156,0.0028336810007893354,-0.0006589083659780627,-0.0032090550034727834,0.0053829305303241355,3.0122048848697394e-06,0.05718990111084871,0.29621334507546954
global_compatible,55,13,0,0,certified_reset,0,1,0.048079631260975,0.04408575674258846,0.003993874518386541,0.03195099614709233,0.0,0.0,0,0,0.010069613106027156,0.0028336810007893354,0.005167420805894541,-0.0037910995310136125,0.010069613106027156,0.0028336810007893354,-0.014202407347346638,0.0001078851721091352,0.05718990111084871,0.29621334507546954
global_compatible,55,14,0,0,certified_reset,0,1,0.04408575674258846,0.040091882224201916,0.003993874518386541,0.027957121628705783,0.0,0.0,0,0,0.005167420805894541,-0.0037910995310136125,0.00242027720073145,-0.0005831773925173791,0.005167420805894541,-0.0037910995310136125,0.0004374589532978511,2.9294060461316595e-05,0.05718990111084871,0.29621334507546954
global_compatible,55,15,0,0,certified_reset,0,1,0.040091882224201916,0.03609800770581537,0.003993874518386541,0.023963247110319243,0.0,0.0,0,0,0.00242027720073145,-0.0005831773925173791,-0.0021690647944303957,0.001580185995031702,0.00242027720073145,-0.0005831773925173791,-0.0015515075718529924,5.979138378824199e-06,0.05718990111084871,0.29621334507546954
global_compatible,55,16,0,0,certified_reset,0,1,0.03609800770581537,0.03210413318742883,0.003993874518386541,0.019969372591932703,0.0,0.0,0,0,-0.0021690647944303957,0.001580185995031702,-0.007545494205803107,-0.0009050855269775522,-0.0021690647944303957,0.001580185995031702,-0.0001693964329700553,5.155017261425929e-06,0.05718990111084871,0.29621334507546954
global_compatible,55,17,0,0,certified_reset,0,1,0.03210413318742883,0.02811025866904229,0.003993874518386541,0.015975498073546163,0.0,0.0,0,0,-0.007545494205803107,-0.0009050855269775522,-0.005645528888512583,0.006632088035100722,-0.007545494205803107,-0.0009050855269775522,0.008845428426428145,5.9037975276990797e-05,0.05718990111084871,0.29621334507546954
global_compatible,55,18,0,0,certified_reset,0,1,0.02811025866904229,0.02411638415065575,0.003993874518386541,0.011981623555159623,0.0,0.0,0,0,-0.005645528888512583,0.006632088035100722,0.008598611406028188,0.009989562297574767,-0.005645528888512583,0.006632088035100722,-0.004146925060211325,4.021914762436405e-05,0.05718990111084871,0.29621334507546954
global_compatible,55,19,0,0,certified_reset,0,1,0.02411638415065575,0.02012250963226921,0.003993874518386541,0.007987749036773082,0.0,0.0,0,0,0.008598611406028188,0.009989562297574767,0.006690523291787864,-0.01375843106611852,0.008598611406028188,0.009989562297574767,-0.023279081906341422,0.00010544645335341477,0.05718990111084871,0.29621334507546954
global_compatible,55,20,0,0,certified_reset,0,1,0.02012250963226921,0.01612863511388267,0.003993874518386541,0.003993874518386541,0.0,0.0,0,0,0.006690523291787864,-0.01375843106611852,-0.010028605972414712,-0.008173416463219525,0.006690523291787864,-0.01375843106611852,0.01360796001197861,8.346551288235048e-05,0.05718990111084871,0.29621334507546954
global_compatible,55,21,0,0,certified_reset,0,1,0.01612863511388267,0.01213476059549613,0.003993874518386541,0.0,0.0,0.0,0,0,-0.010028605972414712,-0.008173416463219525,-0.005961753882703185,0.0011154147079339618,-0.010028605972414712,-0.008173416463219525,0.022026757124576666,0.0001247272410882003,0.05718990111084871,0.29621334507546954
global_compatible,56,0,0,0,certified_reset,0,1,0.1,0.09600612548161347,0.003993874518386541,0.08387136488611735,0.0,0.0,0,0,-5.678319657618195,-0.05786982711269162,-4.952588765035416,1.4861667146681683,-5.678319657618195,-0.05786982711269162,1.55,32.30397943913342,0.05718990111084871,0.29621334507546954
global_compatible,56,1,0,0,certified_reset,0,1,0.09600612548161347,0.09201225096322693,0.003993874518386541,0.07987749036773081,0.0,0.0,0,0,-4.952588765035416,1.4861667146681683,-2.7984025288206897,2.829464678145366,-4.952588765035416,1.4861667146681683,1.3391608946364297,24.970533743779875,0.05718990111084871,0.29621334507546954
global_compatible,56,2,0,0,certified_reset,0,1,0.09201225096322693,0.0880183764448404,0.003993874518386541,0.07588361584934428,0.0,0.0,0,0,-2.7984025288206897,2.829464678145366,-0.691974362999338,1.3873314319674626,-2.7984025288206897,2.829464678145366,-1.4414535147689973,9.324058084868035,0.05718990111084871,0.29621334507546954
global_compatible,56,3,0,0,certified_reset,0,1,0.0880183764448404,0.08402450192645386,0.003993874518386541,0.07188974133095774,0.0,0.0,0,0,-0.691974362999338,1.3873314319674626,0.022014770478028967,0.026284394471137888,-0.691974362999338,1.3873314319674626,-1.3546256682814795,0.871147716959996,0.05718990111084871,0.29621334507546954
global_compatible,56,4,0,0,certified_reset,0,1,0.08402450192645386,0.08003062740806732,0.003993874518386541,0.0678958668125712,0.0,0.0,0,0,0.022014770478028967,0.026284394471137888,0.017561581545172292,-0.027937395571261698,0.022014770478028967,0.026284394471137888,-0.06063888912328967,0.0007009334817415503,0.05718990111084871,0.29621334507546954
global_compatible,56,5,0,0,certified_reset,0,1,0.08003062740806732,0.07603675288968079,0.003993874518386541,0.06390199229418467,0.0,0.0,0,0,0.017561581545172292,-0.027937395571261698,-0.001843484791509266,-0.012103271877911876,0.017561581545172292,-0.027937395571261698,0.023671473928470663,0.0004629072661513202,0.05718990111084871,0.29621334507546954
global_compatible,56,6,0,0,certified_reset,0,1,0.07603675288968079,0.07204287837129425,0.003993874518386541,0.05990811777579813,0.0,0.0,0,0,-0.001843484791509266,-0.012103271877911876,-0.007863715933227895,0.014284406503635499,-0.001843484791509266,-0.012103271877911876,0.019663761451405633,3.9433078264088054e-05,0.05718990111084871,0.29621334507546954
global_compatible,56,7,0,0,certified_reset,0,1,0.07204287837129425,0.06804900385290771,0.003993874518386541,0.05591424325741159,0.0,0.0,0,0,-0.007863715933227895,0.014284406503635499,0.0051815402294170644,0.007693315478677907,-0.007863715933227895,0.014284406503635499,-0.013209478307244771,0.00010292825465624026,0.05718990111084871,0.29621334507546954
global_compatible,56,8,0,0,certified_reset,0,1,0.06804900385290771,0.06405512933452118,0.003993874518386541,0.051920368739025044,0.0,0.0,0,0,0.0051815402294170644,0.007693315478677907,0.00197689493485417,-0.007350087836258309,0.0051815402294170644,0.007693315478677907,-0.016491347141775296,4.430115096263467e-05,0.05718990111084871,0.29621334507546954
global_compatible,56,9,0,0,certified_reset,0,1,0.06405512933452118,0.060061254816134634,0.003993874518386541,0.0479264942206385,0.0,0.0,0,0,0.00197689493485417,-0.007350087836258309,-0.0006900065976778073,0.0018981670052552004,0.00197689493485417,-0.007350087836258309,0.00885891178076576,1.5594403948065054e-05,0.05718990111084871,0.29621334507546954
global_compatible,56,10,0,0,certified_reset,0,1,0.060061254816134634,0.05606738029774809,0.003993874518386541,0.04393261970225196,0.0,0.0,0,0,-0.0006900065976778073,0.0018981670052552004,-0.0034997177802209263,-0.00022918098931892347,-0.0006900065976778073,0.0018981670052552004,-0.0021051683190495014,1.2354492824982552e-06,0.05718990111084871,0.29621334507546954
global_compatible,56,11,0,0,certified_reset,0,1,0.05606738029774809,0.05207350577936155,0.003993874518386541,0.039938745183865414,0.0,0.0,0,0,-0.0034997177802209263,-0.00022918098931892347,0.0025802258155531443,0.006925760607872912,-0.0034997177802209263,-0.00022918098931892347,0.0038205935807445884,1.2622402230580891e-05,0.05718990111084871,0.29621334507546954
global_compatible,56,12,0,0,certified_reset,0,1,0.05207350577936155,0.048079631260975,0.003993874518386541,0.03594487066547887,0.0,0.0,0,0,0.0025802258155531443,0.006925760607872912,-0.004127181191168793,-0.005725184980365787,0.0025802258155531443,0.006925760607872912,-0.01276975231245991,1.9368138411847818e-05,0.05718990111084871,0.29621334507546954
global_compatible,56,13,0,0,certified_reset,0,1,0.048079631260975,0.04408575674258846,0.003993874518386541,0.03195099614709233,0.0,0.0,0,0,-0.004127181191168793,-0.005725184980365787,-0.006380046498136922,0.006090109432876361,-0.004127181191168793,-0.005725184980365787,0.01254442115718776,2.6867680889653035e-05,0.05718990111084871,0.29621334507546954
global_compatible,56,14,0,0,certified_reset,0,1,0.04408575674258846,0.040091882224201916,0.003993874518386541,0.027957121628705783,0.0,0.0,0,0,-0.006380046498136922,0.006090109432876361,-0.000699989244342872,0.008739969371245365,-0.006380046498136922,0.006090109432876361,-0.0026143118076015414,4.7551956896867054e-05,0.05718990111084871,0.29621334507546954
global_compatible,56,15,0,0,certified_reset,0,1,0.040091882224201916,0.03609800770581537,0.003993874518386541,0.023963247110319243,0.0,0.0,0,0,-0.000699989244342872,0.008739969371245365,0.00043227263666577895,-0.0030699855349455977,-0.000699989244342872,0.008739969371245365,-0.012176146838861741,1.7946120368089052e-05,0.05718990111084871,0.29621334507546954
global_compatible,56,16,0,0,certified_reset,0,1,0.03609800770581537,0.03210413318742883,0.003993874518386541,0.019969372591932703,0.0,0.0,0,0,0.00043227263666577895,-0.0030699855349455977,0.0005392074474429125,0.0042661463555392735,0.00043227263666577895,-0.0030699855349455977,0.00409170125577044,2.3018761248313566e-06,0.05718990111084871,0.29621334507546954
global_compatible,56,17,0,0,certified_reset,0,1,0.03210413318742883,0.02811025866904229,0.003993874518386541,0.015975498073546163,0.0,0.0,0,0,0.0005392074474429125,0.0042661463555392735,0.0050408105055108725,0.006279143195130234,0.0005392074474429125,0.0042661463555392735,-0.0068204913867536115,4.729723091135991e-06,0.05718990111084871,0.29621334507546954
global_compatible,56,18,0,0,certified_reset,0,1,0.02811025866904229,0.02411638415065575,0.003993874518386541,0.011981623555159623,0.0,0.0,0,0,0.0050408105055108725,0.006279143195130234,0.0018789246468316556,-0.0019003193775069859,0.0050408105055108725,0.006279143195130234,-0.014268384746152328,3.759641570176565e-05,0.05718990111084871,0.29621334507546954
global_compatible,56,19,0,0,certified_reset,0,1,0.02411638415065575,0.02012250963226921,0.003993874518386541,0.007987749036773082,0.0,0.0,0,0,0.0018789246468316556,-0.0019003193775069859,0.001197777147874873,0.008420054243498258,0.0018789246468316556,-0.0019003193775069859,0.0009270285609755795,4.20186084986821e-06,0.05718990111084871,0.29621334507546954
global_compatible,56,20,0,0,certified_reset,0,1,0.02012250963226921,0.01612863511388267,0.003993874518386541,0.003993874518386541,0.0,0.0,0,0,0.001197777147874873,0.008420054243498258,0.0018627674051225102,0.00845124657945957,0.001197777147874873,0.008420054243498258,-0.013595076786874551,1.881683934041819e-05,0.05718990111084871,0.29621334507546954
global_compatible,56,21,0,0,certified_reset,0,1,0.01612863511388267,0.01213476059549613,0.003993874518386541,0.0,0.0,0.0,0,0,0.0018627674051225102,0.00845124657945957,0.008421753239435961,0.0005271323152847137,0.0018627674051225102,0.00845124657945957,-0.014304790850548095,2.1441820811963835e-05,0.05718990111084871,0.29621334507546954
global_compatible,57,0,0,0,certified_reset,0,1,0.1,0.09600612548161347,0.003993874518386541,0.08387136488611735,0.0,0.0,0,0,1.0187257665575586,-0.02723474770276213,0.5037462147776757,-0.994020992814732,1.0187257665575586,-0.02723474770276213,-0.974289437470144,1.0616666968142707,0.05718990111084871,0.29621334507546954
global_compatible,57,1,0,0,certified_reset,0,1,0.09600612548161347,0.09201225096322693,0.003993874518386541,0.07987749036773081,0.0,0.0,0,0,0.5037462147776757,-0.994020992814732,-0.010646501240196764,-0.02635724283752493,0.5037462147776757,-0.994020992814732,0.9626731021262959,0.45478272858992214,0.05718990111084871,0.29621334507546954
global_compatible,57,2,0,0,certified_reset,0,1,0.09201225096322693,0.0880183764448404,0.003993874518386541,0.07588361584934428,0.0,0.0,0,0,-0.010646501240196764,-0.02635724283752493,-0.011662541724214931,0.02513434094152745,-0.010646501240196764,-0.02635724283752493,0.04942830735540659,0.00029947369285735143,0.05718990111084871,0.29621334507546954
global_compatible,57,3,1,1,certified_reset,0,1,0.0880183764448404,0.08402450192645386,0.003993874518386541,0.07188974133095774,0.0,0.0,0,0,-0.011662541724214931,0.02513434094152745,-0.0007289951843680647,-0.004637900654854798,-0.011662541724214931,0.02513434094152745,-0.0254149586170823,0.00026587519952844406,0.05718990111084871,0.29621334507546954
global_compatible,57,4,0,0,certified_reset,0,1,0.08402450192645386,0.08003062740806732,0.003993874518386541,0.0678958668125712,0.0,0.0,0,0,-0.0007289951843680647,-0.004637900654854798,-0.002299525320032492,0.0008666977115308044,-0.0007289951843680647,-0.004637900654854798,0.007555585167487215,5.830427706585111e-06,0.05718990111084871,0.29621334507546954
global_compatible,57,5,0,0,certified_reset,0,1,0.08003062740806732,0.07603675288968079,0.003993874518386541,0.06390199229418467,0.0,0.0,0,0,-0.002299525320032492,0.0008666977115308044,-0.0001008088392272094,-0.004200910374235993,-0.002299525320032492,0.0008666977115308044,0.001016658901274611,5.4488662666801495e-06,0.05718990111084871,0.29621334507546954
global_compatible,57,6,0,0,certified_reset,0,1,0.07603675288968079,0.07204287837129425,0.003993874518386541,0.05990811777579813,0.0,0.0,0,0,-0.0001008088392272094,-0.004200910374235993,-0.007001255412207596,0.012740219762061498,-0.0001008088392272094,-0.004200910374235993,0.006286487458301275,4.1747371711762645e-06,0.05718990111084871,0.29621334507546954
global_compatible,57,7,0,0,certified_reset,0,1,0.07204287837129425,0.06804900385290771,0.003993874518386541,0.05591424325741159,0.0,0.0,0,0,-0.007001255412207596,0.012740219762061498,0.0005451919388852394,-0.0005645469904778625,-0.007001255412207596,0.012740219762061498,-0.01179561325215455,8.171236557223827e-05,0.05718990111084871,0.29621334507546954
global_compatible,57,8,0,0,certified_reset,0,1,0.06804900385290771,0.06405512933452118,0.003993874518386541,0.051920368739025044,0.0,0.0,0,0,0.0005451919388852394,-0.0005645469904778625,-0.0052857326432112755,0.0057178851879804305,0.0005451919388852394,-0.0005645469904778625,0.00028690028935825327,3.5666043942866296e-07,0.05718990111084871,0.29621334507546954
global_compatible,57,9,0,0,certified_reset,0,1,0.06405512933452118,0.060061254816134634,0.003993874518386541,0.0479264942206385,0.0,0.0,0,0,-0.0052857326432112755,0.0057178851879804305,0.00016880975398397618,-0.00016649608399489516,-0.0052857326432112755,0.0057178851879804305,-0.0031623040537181652,3.4073931732839994e-05,0.05718990111084871,0.29621334507546954
global_compatible,57,10,0,0,certified_reset,0,1,0.060061254816134634,0.05606738029774809,0.003993874518386541,0.04393261970225196,0.0,0.0,0,0,0.00016880975398397618,-0.00016649608399489516,-0.001147344422711762,0.009191989472364782,0.00016880975398397618,-0.00016649608399489516,7.900953233928236e-05,3.3642565972556695e-08,0.05718990111084871,0.29621334507546954
global_compatible,57,11,0,0,certified_reset,0,1,0.05606738029774809,0.05207350577936155,0.003993874518386541,0.039938745183865414,0.0,0.0,0,0,-0.001147344422711762,0.009191989472364782,0.010890886032925517,-0.004395570071249279,-0.001147344422711762,0.009191989472364782,-0.012397838511998525,2.0367739901379328e-05,0.05718990111084871,0.29621334507546954
global_compatible,57,12,0,0,certified_reset,0,1,0.05207350577936155,0.048079631260975,0.003993874518386541,0.03594487066547887,0.0,0.0,0,0,0.010890886032925517,-0.004395570071249279,0.008606529327495517,-0.0033215155521074107,0.010890886032925517,-0.004395570071249279,-0.00436922480743299,0.00012256643824284653,0.05718990111084871,0.29621334507546954
global_compatible,57,13,0,0,certified_reset,0,1,0.048079631260975,0.04408575674258846,0.003993874518386541,0.03195099614709233,0.0,0.0,0,0,0.008606529327495517,-0.0033215155521074107,0.011963714944046647,-0.016641892727742504,0.008606529327495517,-0.0033215155521074107,-0.003678618896519011,7.639649679100656e-05,0.05718990111084871,0.29621334507546954
global_compatible,57,14,0,0,certified_reset,0,1,0.04408575674258846,0.040091882224201916,0.003993874518386541,0.027957121628705783,0.0,0.0,0,0,0.011963714944046647,-0.016641892727742504,0.014750197453189038,0.004190620942814846,0.011963714944046647,-0.016641892727742504,0.012602056238641171,0.0001969522376395559,0.05718990111084871,0.29621334507546954
global_compatible,57,15,0,0,certified_reset,0,1,0.040091882224201916,0.03609800770581537,0.003993874518386541,0.023963247110319243,0.0,0.0,0,0,0.014750197453189038,0.004190620942814846,0.006913781932128618,-0.004487461438770253,0.014750197453189038,0.004190620942814846,-0.02086376917546335,0.00023161178121278427,0.05718990111084871,0.29621334507546954
global_compatible,57,16,0,0,certified_reset,0,1,0.03609800770581537,0.03210413318742883,0.003993874518386541,0.019969372591932703,0.0,0.0,0,0,0.006913781932128618,-0.004487461438770253,0.004075900526337225,-0.0043345857803459825,0.006913781932128618,-0.004487461438770253,-0.0002736249829729808,5.14269682004118e-05,0.05718990111084871,0.29621334507546954
global_compatible,57,17,0,0,certified_reset,0,1,0.03210413318742883,0.02811025866904229,0.003993874518386541,0.015975498073546163,0.0,0.0,0,0,0.004075900526337225,-0.0043345857803459825,-0.00906028070208356,0.003034912645600807,0.004075900526337225,-0.0043345857803459825,0.00232437934163232,2.012998768338321e-05,0.05718990111084871,0.29621334507546954
global_compatible,57,18,0,0,certified_reset,0,1,0.02811025866904229,0.02411638415065575,0.003993874518386541,0.011981623555159623,0.0,0.0,0,0,-0.00906028070208356,0.003034912645600807,-0.002587997587358232,0.010254167731539575,-0.00906028070208356,0.003034912645600807,0.004549908936916346,8.426415324186053e-05,0.05718990111084871,0.29621334507546954
global_compatible,57,19,0,0,certified_reset,0,1,0.02411638415065575,0.02012250963226921,0.003993874518386541,0.007987749036773082,0.0,0.0,0,0,-0.002587997587358232,0.010254167731539575,-0.009500833889278668,0.011752635930483485,-0.002587997587358232,0.010254167731539575,-0.012526419447251856,2.9547143172362814e-05,0.05718990111084871,0.29621334507546954
global_compatible,57,20,0,0,certified_reset,0,1,0.02012250963226921,0.01612863511388267,0.003993874518386541,0.003993874518386541,0.0,0.0,0,0,-0.009500833889278668,0.011752635930483485,-0.006529449646533055,-0.0005380007696287326,-0.009500833889278668,0.011752635930483485,-0.007853290044093878,0.00011667009994119108,0.05718990111084871,0.29621334507546954
global_compatible,57,21,0,0,certified_reset,0,1,0.01612863511388267,0.01213476059549613,0.003993874518386541,0.0,0.0,0.0,0,0,-0.006529449646533055,-0.0005380007696287326,-0.006744276154509558,0.021850398453178776,-0.006529449646533055,-0.0005380007696287326,0.007294058291290839,4.4015894914591153e-05,0.05718990111084871,0.29621334507546954
global_compatible,58,0,1,1,certified_reset,0,1,0.1,0.09600612548161347,0.003993874518386541,0.08387136488611735,0.0,0.0,0,0,4.567986658568499,0.3202780411580821,4.108733129182852,-1.2308600157965568,4.567986658568499,0.3202780411580821,-1.55,20.94502865711645,0.05718990111084871,0.29621334507546954
global_compatible,58,1,1,1,certified_reset,0,1,0.09600612548161347,0.09201225096322693,0.003993874518386541,0.07987749036773081,0.0,0.0,0,0,4.108733129182852,-1.2308600157965568,2.2410226967468314,-2.4929826243444118,4.108733129182852,-1.2308600157965568,-1.2846014668824857,17.19564589819023,0.05718990111084871,0.29621334507546954
global_compatible,58,2,1,1,certified_reset,0,1,0.09201225096322693,0.0880183764448404,0.003993874518386541,0.07588361584934428,0.0,0.0,0,0,2.2410226967468314,-2.4929826243444118,0.44453474920784064,-1.096279899150365,2.2410226967468314,-2.4929826243444118,1.4408690534090194,6.192778543812202,0.05718990111084871,0.29621334507546954
global_compatible,58,3,1,1,certified_reset,0,1,0.0880183764448404,0.08402450192645386,0.003993874518386541,0.07188974133095774,0.0,0.0,0,0,0.44453474920784064,-1.096279899150365,-0.0629685210423266,0.09396039042767712,0.44453474920784064,-1.096279899150365,1.1722721132311922,0.4482960220503701,0.05718990111084871,0.29621334507546954
global_compatible,58,4,0,0,certified_reset,0,1,0.08402450192645386,0.08003062740806732,0.003993874518386541,0.0678958668125712,0.0,0.0,0,0,-0.0629685210423266,0.09396039042767712,-0.013284711771434686,0.014869243001495495,-0.0629685210423266,0.09396039042767712,-0.07571213183457234,0.005697482709409192,0.05718990111084871,0.29621334507546954
global_compatible,58,5,0,0,certified_reset,0,1,0.08003062740806732,0.07603675288968079,0.003993874518386541,0.06390199229418467,0.0,0.0,0,0,-0.013284711771434686,0.014869243001495495,-0.0013886969294012088,-0.0021264531580966906,-0.013284711771434686,0.014869243001495495,-0.00867655454930779,0.00021816262156002726,0.05718990111084871,0.29621334507546954
global_compatible,58,6,0,0,certified_reset,0,1,0.07603675288968079,0.07204287837129425,0.003993874518386541,0.05990811777579813,0.0,0.0,0,0,-0.0013886969294012088,-0.0021264531580966906,-0.0015512182796535655,-0.015447456782482364,-0.0013886969294012088,-0.0021264531580966906,0.004513753278593633,3.251752924273005e-06,0.05718990111084871,0.29621334507546954
global_compatible,58,7,0,0,certified_reset,0,1,0.07204287837129425,0.06804900385290771,0.003993874518386541,0.05591424325741159,0.0,0.0,0,0,-0.0015512182796535655,-0.015447456782482364,-0.008083944133369002,0.019136524308288536,-0.0015512182796535655,-0.015447456782482364,0.024299349911496727,6.012004409256413e-05,0.05718990111084871,0.29621334507546954
global_compatible,58,8,0,0,certified_reset,0,1,0.06804900385290771,0.06405512933452118,0.003993874518386541,0.051920368739025044,0.0,0.0,0,0,-0.008083944133369002,0.019136524308288536,0.0046444546515001725,-0.016874882657082667,-0.008083944133369002,0.019136524308288536,-0.02014054944613147,0.00014140837731954202,0.05718990111084871,0.29621334507546954
global_compatible,58,9,0,0,certified_reset,0,1,0.06405512933452118,0.060061254816134634,0.003993874518386541,0.0479264942206385,0.0,0.0,0,0,0.0046444546515001725,-0.016874882657082667,0.0032332978889750884,0.020653127100672016,0.0046444546515001725,-0.016874882657082667,0.020231366785329143,8.306076370416025e-05,0.05718990111084871,0.29621334507546954
global_compatible,58,10,0,0,certified_reset,0,1,0.060061254816134634,0.05606738029774809,0.003993874518386541,0.04393261970225196,0.0,0.0,0,0,0.0032332978889750884,0.020653127100672016,0.007567415276780039,-0.024297288462817215,0.0032332978889750884,0.020653127100672016,-0.03364394145893944,0.00011553138378773669,0.05718990111084871,0.29621334507546954
global_compatible,58,11,0,0,certified_reset,0,1,0.05606738029774809,0.05207350577936155,0.003993874518386541,0.039938745183865414,0.0,0.0,0,0,0.007567415276780039,-0.024297288462817215,-0.003020160107499278,0.009313282581258527,0.007567415276780039,-0.024297288462817215,0.02825538613409358,0.0001834894259070752,0.05718990111084871,0.29621334507546954
global_compatible,58,12,0,0,certified_reset,0,1,0.05207350577936155,0.048079631260975,0.003993874518386541,0.03594487066547887,0.0,0.0,0,0,-0.003020160107499278,0.009313282581258527,-0.0023892524075245433,-0.006612817625834646,-0.003020160107499278,0.009313282581258527,-0.010711687227646729,2.760257499541053e-05,0.05718990111084871,0.29621334507546954
global_compatible,58,13,0,0,certified_reset,0,1,0.048079631260975,0.04408575674258846,0.003993874518386541,0.03195099614709233,0.0,0.0,0,0,-0.0023892524075245433,-0.006612817625834646,-0.005498214487272991,0.010419095615406016,-0.0023892524075245433,-0.006612817625834646,0.012117874815838797,1.7250883569629218e-05,0.05718990111084871,0.29621334507546954
global_compatible,58,14,0,0,certified_reset,0,1,0.04408575674258846,0.040091882224201916,0.003993874518386541,0.027957121628705783,0.0,0.0,0,0,-0.005498214487272991,0.010419095615406016,0.000914747927977414,-0.014834406459813996,-0.005498214487272991,0.010419095615406016,-0.009872922377738036,5.2207587074714726e-05,0.05718990111084871,0.29621334507546954
global_compatible,58,15,0,0,certified_reset,0,1,0.040091882224201916,0.03609800770581537,0.003993874518386541,0.023963247110319243,0.0,0.0,0,0,0.000914747927977414,-0.014834406459813996,-0.0017071738454855262,0.009689690152832105,0.000914747927977414,-0.014834406459813996,0.02094147214069874,5.141112585992532e-05,0.05718990111084871,0.29621334507546954
global_compatible,58,16,0,0,certified_reset,0,1,0.03609800770581537,0.03210413318742883,0.003993874518386541,0.019969372591932703,0.0,0.0,0,0,-0.0017071738454855262,0.009689690152832105,0.004125854208486221,-0.0046671795248359,-0.0017071738454855262,0.009689690152832105,-0.012573652989766055,2.3767078422806624e-05,0.05718990111084871,0.29621334507546954
global_compatible,58,17,0,0,certified_reset,0,1,0.03210413318742883,0.02811025866904229,0.003993874518386541,0.015975498073546163,0.0,0.0,0,0,0.004125854208486221,-0.0046671795248359,0.0024257598933312315,-0.0069584231272580436,0.004125854208486221,-0.0046671795248359,0.002762287581253126,2.1134290415790637e-05,0.05718990111084871,0.29621334507546954
global_compatible,58,18,0,0,certified_reset,0,1,0.02811025866904229,0.02411638415065575,0.003993874518386541,0.011981623555159623,0.0,0.0,0,0,0.0024257598933312315,-0.0069584231272580436,-0.004751999566733251,-0.00770295181667281,0.0024257598933312315,-0.0069584231272580436,0.007833825672305322,1.6134069111928825e-05,0.05718990111084871,0.29621334507546954
global_compatible,58,19,0,0,certified_reset,0,1,0.02411638415065575,0.02012250963226921,0.003993874518386541,0.007987749036773082,0.0,0.0,0,0,-0.004751999566733251,-0.00770295181667281,-0.009189392776111631,0.009277201311175418,-0.004751999566733251,-0.00770295181667281,0.01607752223313317,3.972405191535222e-05,0.05718990111084871,0.29621334507546954
global_compatible,58,20,0,0,certified_reset,0,1,0.02012250963226921,0.01612863511388267,0.003993874518386541,0.003993874518386541,0.0,0.0,0,0,-0.009189392776111631,0.009277201311175418,-0.0017100816001690002,0.006183128731500091,-0.009189392776111631,0.009277201311175418,-0.004515351228191956,0.00010044661306175447,0.05718990111084871,0.29621334507546954
global_compatible,58,21,0,0,certified_reset,0,1,0.01612863511388267,0.01213476059549613,0.003993874518386541,0.0,0.0,0.0,0,0,-0.0017100816001690002,0.006183128731500091,0.007840719806545821,-0.0046280460022496694,-0.0017100816001690002,0.006183128731500091,-0.007404765339406919,1.1176737386382965e-05,0.05718990111084871,0.29621334507546954
global_compatible,59,0,0,0,certified_reset,0,1,0.1,0.09600612548161347,0.003993874518386541,0.08387136488611735,0.0,0.0,0,0,0.31084571931662364,0.563288468125814,0.30535427863958203,-0.5808666648187023,0.31084571931662364,0.563288468125814,-1.1393043963928542,0.18618832560670603,0.05718990111084871,0.29621334507546954
global_compatible,59,1,0,0,certified_reset,0,1,0.09600612548161347,0.09201225096322693,0.003993874518386541,0.07987749036773081,0.0,0.0,0,0,0.30535427863958203,-0.5808666648187023,0.003904333045198981,-0.03706619555620188,0.30535427863958203,-0.5808666648187023,0.5516106619871767,0.16158118835751625,0.05718990111084871,0.29621334507546954
global_compatible,59,2,0,0,certified_reset,0,1,0.09201225096322693,0.0880183764448404,0.003993874518386541,0.07588361584934428,0.0,0.0,0,0,0.003904333045198981,-0.03706619555620188,-0.005993415119566702,0.015669822848697074,0.003904333045198981,-0.03706619555620188,0.050716377719796486,0.0003268501042951675,0.05718990111084871,0.29621334507546954
global_compatible,59,3,0,0,certified_reset,0,1,0.0880183764448404,0.08402450192645386,0.003993874518386541,0.07188974133095774,0.0,0.0,0,0,-0.005993415119566702,0.015669822848697074,0.012096604116351509,0.011990157134091786,-0.005993415119566702,0.015669822848697074,-0.01711183602809814,8.743920076148249e-05,0.05718990111084871,0.29621334507546954
global_compatible,59,4,0,0,certified_reset,0,1,0.08402450192645386,0.08003062740806732,0.003993874518386541,0.0678958668125712,0.0,0.0,0,0,0.012096604116351509,0.011990157134091786,0.00910081948915526,-0.00825565663569421,0.012096604116351509,0.011990157134091786,-0.02970946746340482,0.0001942716388297482,0.05718990111084871,0.29621334507546954
global_compatible,59,5,0,0,certified_reset,0,1,0.08003062740806732,0.07603675288968079,0.003993874518386541,0.06390199229418467,0.0,0.0,0,0,0.00910081948915526,-0.00825565663569421,0.0018185020202997222,-0.005038997694250441,0.00910081948915526,-0.00825565663569421,0.003101945623913656,9.533352300809785e-05,0.05718990111084871,0.29621334507546954
global_compatible,59,6,0,0,certified_reset,0,1,0.07603675288968079,0.07204287837129425,0.003993874518386541,0.05990811777579813,0.0,0.0,0,0,0.0018185020202997222,-0.005038997694250441,0.00905596799497583,-0.005236862569321652,0.0018185020202997222,-0.005038997694250441,0.005607871455929405,8.663624751768892e-06,0.05718990111084871,0.29621334507546954
global_compatible,59,7,0,0,certified_reset,0,1,0.07204287837129425,0.06804900385290771,0.003993874518386541,0.05591424325741159,0.0,0.0,0,0,0.00905596799497583,-0.005236862569321652,0.004087880406001611,-0.011663968702302824,0.00905596799497583,-0.005236862569321652,-0.001301991945129963,8.698938722424933e-05,0.05718990111084871,0.29621334507546954
global_compatible,59,8,0,0,certified_reset,0,1,0.06804900385290771,0.06405512933452118,0.003993874518386541,0.051920368739025044,0.0,0.0,0,0,0.004087880406001611,-0.011663968702302824,-0.002890722190973774,0.011457839178232562,0.004087880406001611,-0.011663968702302824,0.013109881645494193,4.549616099263751e-05,0.05718990111084871,0.29621334507546954
global_compatible,59,9,0,0,certified_reset,0,1,0.06405512933452118,0.060061254816134634,0.003993874518386541,0.0479264942206385,0.0,0.0,0,0,-0.002890722190973774,0.011457839178232562,0.0005609935386558216,0.0008478538634724042,-0.002890722190973774,0.011457839178232562,-0.014000049344459278,3.6887083480733964e-05,0.05718990111084871,0.29621334507546954
global_compatible,59,10,0,0,certified_reset,0,1,0.060061254816134634,0.05606738029774809,0.003993874518386541,0.04393261970225196,0.0,0.0,0,0,0.0005609935386558216,0.0008478538634724042,0.0063391455818563106,-0.006377710480244532,0.0005609935386558216,0.0008478538634724042,-0.0018080442742613974,5.258334641407312e-07,0.05718990111084871,0.29621334507546954
global_compatible,59,11,0,0,certified_reset,0,1,0.05606738029774809,0.05207350577936155,0.003993874518386541,0.039938745183865414,0.0,0.0,0,0,0.0063391455818563106,-0.006377710480244532,-0.00425332065906054,-0.003830123797580123,0.0063391455818563106,-0.006377710480244532,0.003080697403459281,4.774356849482817e-05,0.05718990111084871,0.29621334507546954
global_compatible,59,12,0,0,certified_reset,0,1,0.05207350577936155,0.048079631260975,0.003993874518386541,0.03594487066547887,0.0,0.0,0,0,-0.00425332065906054,-0.003830123797580123,-0.008207503559707601,0.006138267625343252,-0.00425332065906054,-0.003830123797580123,0.009876065150103325,2.316972589488045e-05,0.05718990111084871,0.29621334507546954
global_compatible,59,13,1,1,certified_reset,0,1,0.048079631260975,0.04408575674258846,0.003993874518386541,0.03195099614709233,0.0,0.0,0,0,-0.008207503559707601,0.006138267625343252,0.01740161033203691,0.004505858921200312,-0.008207503559707601,0.006138267625343252,-0.0008707688299936075,7.416416994075583e-05,0.05718990111084871,0.29621334507546954
global_compatible,59,14,1,1,certified_reset,0,1,0.04408575674258846,0.040091882224201916,0.003993874518386541,0.027957121628705783,0.0,0.0,0,0,0.01740161033203691,0.004505858921200312,-0.006988382055245821,-0.06270672622209876,0.01740161033203691,0.004505858921200312,-0.023967289975598067,0.00032083131449861074,0.05718990111084871,0.29621334507546954
global_compatible,59,15,1,1,certified_reset,0,1,0.040091882224201916,0.03609800770581537,0.003993874518386541,0.023963247110319243,0.0,0.0,0,0,-0.006988382055245821,-0.06270672622209876,-0.0378434145096495,0.02305219578558241,-0.006988382055245821,-0.06270672622209876,0.09933455646689703,0.0010033053688907453,0.05718990111084871,0.29621334507546954
global_compatible,59,16,1,1,certified_reset,0,1,0.03609800770581537,0.03210413318742883,0.003993874518386541,0.019969372591932703,0.0,0.0,0,0,-0.0378434145096495,0.02305219578558241,0.009447229571359492,0.028047600974125314,-0.0378434145096495,0.02305219578558241,0.0037227255320444732,0.0015281231603804521,0.05718990111084871,0.29621334507546954
global_compatible,59,17,1,1,certified_reset,0,1,0.03210413318742883,0.02811025866904229,0.003993874518386541,0.015975498073546163,0.0,0.0,0,0,0.009447229571359492,0.028047600974125314,0.0266241054977466,0.03136219046565999,0.009447229571359492,0.028047600974125314,-0.05072683912689928,0.0002951806774418032,0.05718990111084871,0.29621334507546954
global_compatible,59,18,1,1,certified_reset,0,1,0.02811025866904229,0.02411638415065575,0.003993874518386541,0.011981623555159623,0.0,0.0,0,0,0.0266241054977466,0.03136219046565999,-0.0006351044316416019,-0.05624730159391064,0.0266241054977466,0.03136219046565999,-0.07271228816973357,0.0010180655731718805,0.05718990111084871,0.29621334507546954
global_compatible,59,19,1,1,certified_reset,0,1,0.02411638415065575,0.02012250963226921,0.003993874518386541,0.007987749036773082,0.0,0.0,0,0,-0.0006351044316416019,-0.05624730159391064,-0.004913077600774314,0.012434649951242835,-0.0006351044316416019,-0.05624730159391064,0.08349047858336382,0.0007441464665784108,0.05718990111084871,0.29621334507546954
global_compatible,59,20,1,1,certified_reset,0,1,0.02012250963226921,0.01612863511388267,0.003993874518386541,0.003993874518386541,0.0,0.0,0,0,-0.004913077600774314,0.012434649951242835,-0.004884119256123373,0.004532244763417903,-0.004913077600774314,0.012434649951242835,-0.01342669557400481,5.6476928855945114e-05,0.05718990111084871,0.29621334507546954
global_compatible,59,21,0,0,certified_reset,0,1,0.01612863511388267,0.01213476059549613,0.003993874518386541,0.0,0.0,0.0,0,0,-0.004884119256123373,0.004532244763417903,-0.0014350799403407874,0.0035458029364838694,-0.004884119256123373,0.004532244763417903,-0.0018121987251003867,2.7634146180711734e-05,0.05718990111084871,0.29621334507546954
global_compatible,60,0,0,0,certified_reset,0,1,0.1,0.09600612548161347,0.003993874518386541,0.08387136488611735,0.0,0.0,0,0,-4.749169091625334,0.41869895728305806,-3.5499205316516957,1.9665229116585372,-4.749169091625334,0.41869895728305806,1.55,22.646225147878788,0.05718990111084871,0.29621334507546954
global_compatible,60,1,0,0,certified_reset,0,1,0.09600612548161347,0.09201225096322693,0.003993874518386541,0.07987749036773081,0.0,0.0,0,0,-3.5499205316516957,1.9665229116585372,-1.5121053721041269,2.114493984692372,-3.5499205316516957,1.9665229116585372,0.1335717049044195,13.29848004122507,0.05718990111084871,0.29621334507546954
global_compatible,60,2,0,0,certified_reset,0,1,0.09201225096322693,0.0880183764448404,0.003993874518386541,0.07588361584934428,0.0,0.0,0,0,-1.5121053721041269,2.114493984692372,-0.16375566906507458,0.5579484622180497,-1.5121053721041269,2.114493984692372,-1.55,3.1513204223802003,0.05718990111084871,0.29621334507546954
global_compatible,60,3,0,0,certified_reset,0,1,0.0880183764448404,0.08402450192645386,0.003993874518386541,0.07188974133095774,0.0,0.0,0,0,-0.16375566906507458,0.5579484622180497,0.058463564408894046,-0.10501261672905124,-0.16375566906507458,0.5579484622180497,-0.6588490998789857,0.09370314012970152,0.05718990111084871,0.29621334507546954
global_compatible,60,4,0,0,certified_reset,0,1,0.08402450192645386,0.08003062740806732,0.003993874518386541,0.0678958668125712,0.0,0.0,0,0,0.058463564408894046,-0.10501261672905124,-0.0011605903496898877,-0.00038054686987081497,0.058463564408894046,-0.10501261672905124,0.09647793793953596,0.005635665117130397,0.05718990111084871,0.29621334507546954
global_compatible,60,5,0,0,certified_reset,0,1,0.08003062740806732,0.07603675288968079,0.003993874518386541,0.06390199229418467,0.0,0.0,0,0,-0.0011605903496898877,-0.00038054686987081497,0.0005824560060546999,-0.005579546939091394,-0.0011605903496898877,-0.00038054686987081497,0.0017179085642838687,1.4468170713046179e-06,0.05718990111084871,0.29621334507546954
global_compatible,60,6,0,0,certified_reset,0,1,0.07603675288968079,0.07204287837129425,0.003993874518386541,0.05990811777579813,0.0,0.0,0,0,0.0005824560060546999,-0.005579546939091394,0.0015674038013793095,0.005783245364307985,0.0005824560060546999,-0.005579546939091394,0.007635736072707074,7.400508561484541e-06,0.05718990111084871,0.29621334507546954
global_compatible,60,7,0,0,certified_reset,0,1,0.07204287837129425,0.06804900385290771,0.003993874518386541,0.05591424325741159,0.0,0.0,0,0,0.0015674038013793095,0.005783245364307985,-0.00790385795947222,-0.004556022561994869,0.0015674038013793095,0.005783245364307985,-0.010079785454077854,1.101707339646646e-05,0.05718990111084871,0.29621334507546954
global_compatible,60,8,0,0,certified_reset,0,1,0.06804900385290771,0.06405512933452118,0.003993874518386541,0.051920368739025044,0.0,0.0,0,0,-0.00790385795947222,-0.004556022561994869,-0.006482153833160827,0.003512147481424744,-0.00790385795947222,-0.004556022561994869,0.014583877813525858,7.15245294308818e-05,0.05718990111084871,0.29621334507546954
global_compatible,60,9,0,0,certified_reset,0,1,0.06405512933452118,0.060061254816134634,0.003993874518386541,0.0479264942206385,0.0,0.0,0,0,-0.006482153833160827,0.003512147481424744,-0.0013787788489408493,0.0017962891467115743,-0.006482153833160827,0.003512147481424744,0.0012820624796829473,4.427974280943694e-05,0.05718990111084871,0.29621334507546954
global_compatible,60,10,0,0,certified_reset,0,1,0.060061254816134634,0.05606738029774809,0.003993874518386541,0.04393261970225196,0.0,0.0,0,0,-0.0013787788489408493,0.0017962891467115743,-0.00015398903904306513,-0.0001944770969144866,-0.0013787788489408493,0.0017962891467115743,-0.0012725930581003562,2.5223162873216666e-06,0.05718990111084871,0.29621334507546954
global_compatible,60,11,0,0,certified_reset,0,1,0.05606738029774809,0.05207350577936155,0.003993874518386541,0.039938745183865414,0.0,0.0,0,0,-0.00015398903904306513,-0.0001944770969144866,-0.0015866020693411408,0.008719472003312944,-0.00015398903904306513,-0.0001944770969144866,0.00043298037325029506,3.520726565627735e-08,0.05718990111084871,0.29621334507546954
global_compatible,60,12,0,0,certified_reset,0,1,0.05207350577936155,0.048079631260975,0.003993874518386541,0.03594487066547887,0.0,0.0,0,0,-0.0015866020693411408,0.008719472003312944,0.0030363962401809344,0.0014306082633285125,-0.0015866020693411408,0.008719472003312944,-0.011259838895989577,1.9372159988509068e-05,0.05718990111084871,0.29621334507546954
global_compatible,60,13,0,0,certified_reset,0,1,0.048079631260975,0.04408575674258846,0.003993874518386541,0.03195099614709233,0.0,0.0,0,0,0.0030363962401809344,0.0014306082633285125,0.002845416845996816,-0.00485686958174405,0.0030363962401809344,0.0014306082633285125,-0.005129007663192828,1.0245765318170873e-05,0.05718990111084871,0.29621334507546954
global_compatible,60,14,0,0,certified_reset,0,1,0.04408575674258846,0.040091882224201916,0.003993874518386541,0.027957121628705783,0.0,0.0,0,0,0.002845416845996816,-0.00485686958174405,-0.006794855932138576,-0.004813862393193542,0.002845416845996816,-0.00485686958174405,0.004316610106331676,1.28082778818673e-05,0.05718990111084871,0.29621334507546954
global_compatible,60,15,0,0,certified_reset,0,1,0.040091882224201916,0.03609800770581537,0.003993874518386541,0.023963247110319243,0.0,0.0,0,0,-0.006794855932138576,-0.004813862393193542,0.003314111375756123,0.013140245705544552,-0.006794855932138576,-0.004813862393193542,0.013855629986910185,5.5140718002181464e-05,0.05718990111084871,0.29621334507546954
global_compatible,60,16,0,0,certified_reset,0,1,0.03609800770581537,0.03210413318742883,0.003993874518386541,0.019969372591932703,0.0,0.0,0,0,0.003314111375756123,0.013140245705544552,0.004123107964756279,-0.010629132076283526,0.003314111375756123,0.013140245705544552,-0.022659618246841293,5.489968198460548e-05,0.05718990111084871,0.29621334507546954
global_compatible,60,17,0,0,certified_reset,0,1,0.03210413318742883,0.02811025866904229,0.003993874518386541,0.015975498073546163,0.0,0.0,0,0,0.004123107964756279,-0.010629132076283526,-0.009228216999654112,0.0042336190213708045,0.004123107964756279,-0.010629132076283526,0.011551970482039639,4.0672340604598826e-05,0.05718990111084871,0.29621334507546954
global_compatible,60,18,0,0,certified_reset,0,1,0.02811025866904229,0.02411638415065575,0.003993874518386541,0.011981623555159623,0.0,0.0,0,0,-0.009228216999654112,0.0042336190213708045,-0.008043331475762545,0.008543984628608906,-0.009228216999654112,0.0042336190213708045,0.0029507991856462775,8.86039047918157e-05,0.05718990111084871,0.29621334507546954
global_compatible,60,19,0,0,certified_reset,0,1,0.02411638415065575,0.02012250963226921,0.003993874518386541,0.007987749036773082,0.0,0.0,0,0,-0.008043331475762545,0.008543984628608906,0.0027104134757844176,0.010303324578314933,-0.008043331475762545,0.008543984628608906,-0.004572957753156714,7.835792099439932e-05,0.05718990111084871,0.29621334507546954
global_compatible,60,20,0,0,certified_reset,0,1,0.02012250963226921,0.01612863511388267,0.003993874518386541,0.003993874518386541,0.0,0.0,0,0,0.0027104134757844176,0.010303324578314933,0.012961161092271457,-0.01027309008323379,0.0027104134757844176,0.010303324578314933,-0.01787493041442646,3.4442699168628016e-05,0.05718990111084871,0.29621334507546954
global_compatible,60,21,0,0,certified_reset,0,1,0.01612863511388267,0.01213476059549613,0.003993874518386541,0.0,0.0,0.0,0,0,0.012961161092271457,-0.01027309008323379,0.0073440061118240935,-0.014093779489283326,0.012961161092271457,-0.01027309008323379,0.002224897094101831,0.00018711199941127756,0.05718990111084871,0.29621334507546954
global_compatible,61,0,0,0,certified_reset,0,1,0.1,0.09600612548161347,0.003993874518386541,0.08387136488611735,0.0,0.0,0,0,2.3566888025643564,-0.4620942689182834,1.209300376943517,-1.8238561734694627,2.3566888025643564,-0.4620942689182834,-1.363269789150192,5.638880325488542,0.05718990111084871,0.29621334507546954
global_compatible,61,1,0,0,certified_reset,0,1,0.09600612548161347,0.09201225096322693,0.003993874518386541,0.07987749036773081,0.0,0.0,0,0,1.209300376943517,-1.8238561734694627,0.12550263277697093,-0.33367397225082873,1.209300376943517,-1.8238561734694627,1.4825332255977577,2.1161162622712455,0.05718990111084871,0.29621334507546954
global_compatible,61,2,0,0,certified_reset,0,1,0.09201225096322693,0.0880183764448404,0.003993874518386541,0.07588361584934428,0.0,0.0,0,0,0.12550263277697093,-0.33367397225082873,-0.026542523802953688,0.033760214928206356,0.12550263277697093,-0.33367397225082873,0.3665601723612262,0.039150967389364945,0.05718990111084871,0.29621334507546954
global_compatible,61,3,0,0,certified_reset,0,1,0.0880183764448404,0.08402450192645386,0.003993874518386541,0.07188974133095774,0.0,0.0,0,0,-0.026542523802953688,0.033760214928206356,0.0018444263275370354,0.01872043281495476,-0.026542523802953688,0.033760214928206356,-0.023302332977388984,0.0009232359180448547,0.05718990111084871,0.29621334507546954
global_compatible,61,4,0,0,certified_reset,0,1,0.08402450192645386,0.08003062740806732,0.003993874518386541,0.0678958668125712,0.0,0.0,0,0,0.0018444263275370354,0.01872043281495476,0.003929698441238182,-0.008858904636851897,0.0018444263275370354,0.01872043281495476,-0.02941579317530966,8.811595954128889e-05,0.05718990111084871,0.29621334507546954
global_compatible,61,5,0,0,certified_reset,0,1,0.08003062740806732,0.07603675288968079,0.003993874518386541,0.06390199229418467,0.0,0.0,0,0,0.003929698441238182,-0.008858904636851897,-0.0025434801484556977,0.005273124004114574,0.003929698441238182,-0.008858904636851897,0.009136733555904095,3.165596178652988e-05,0.05718990111084871,0.29621334507546954
global_compatible,61,6,0,0,certified_reset,0,1,0.07603675288968079,0.07204287837129425,0.003993874518386541,0.05990811777579813,0.0,0.0,0,0,-0.0025434801484556977,0.005273124004114574,-0.0008157147142514459,-0.007935793205404273,-0.0025434801484556977,0.005273124004114574,-0.005231346985345006,1.2158516664913651e-05,0.05718990111084871,0.29621334507546954
global_compatible,61,7,0,0,certified_reset,0,1,0.07204287837129425,0.06804900385290771,0.003993874518386541,0.05591424325741159,0.0,0.0,0,0,-0.0008157147142514459,-0.007935793205404273,0.00015666160699316038,-0.004024045234250999,-0.0008157147142514459,-0.007935793205404273,0.0125020747535815,1.590876380745913e-05,0.05718990111084871,0.29621334507546954
global_compatible,61,8,0,0,certified_reset,0,1,0.06804900385290771,0.06405512933452118,0.003993874518386541,0.051920368739025044,0.0,0.0,0,0,0.00015666160699316038,-0.004024045234250999,-0.008319678727658666,0.005038084823635691,0.00015666160699316038,-0.004024045234250999,0.005774384554016505,3.772859992060961e-06,0.05718990111084871,0.29621334507546954
global_compatible,61,9,0,0,certified_reset,0,1,0.06405512933452118,0.060061254816134634,0.003993874518386541,0.0479264942206385,0.0,0.0,0,0,-0.008319678727658666,0.005038084823635691,-0.0025715569552079193,-0.00614752216155866,-0.008319678727658666,0.005038084823635691,0.000860105456815064,7.38043624306039e-05,0.05718990111084871,0.29621334507546954
global_compatible,61,10,0,0,certified_reset,0,1,0.060061254816134634,0.05606738029774809,0.003993874518386541,0.04393261970225196,0.0,0.0,0,0,-0.0025715569552079193,-0.00614752216155866,0.00392456276240646,0.003393365014119111,-0.0025715569552079193,-0.00614752216155866,0.011613193052392829,1.6787126666515727e-05,0.05718990111084871,0.29621334507546954
global_compatible,61,11,0,0,certified_reset,0,1,0.05606738029774809,0.05207350577936155,0.003993874518386541,0.039938745183865414,0.0,0.0,0,0,0.00392456276240646,0.003393365014119111,0.006908454206824809,-0.00602561989065196,0.00392456276240646,0.003393365014119111,-0.008907065177437314,1.9458274829373905e-05,0.05718990111084871,0.29621334507546954
global_compatible,61,12,0,0,certified_reset,0,1,0.05207350577936155,0.048079631260975,0.003993874518386541,0.03594487066547887,0.0,0.0,0,0,0.006908454206824809,-0.00602561989065196,0.008568647018636811,-0.027326647427680192,0.006908454206824809,-0.00602561989065196,0.0019937276894504215,5.436157039227913e-05,0.05718990111084871,0.29621334507546954
global_compatible,61,13,0,0,certified_reset,0,1,0.048079631260975,0.04408575674258846,0.003993874518386541,0.03195099614709233,0.0,0.0,0,0,0.008568647018636811,-0.027326647427680192,0.0029160758963702234,0.01456846134130307,0.008568647018636811,-0.027326647427680192,0.031723050218548036,0.0002329947283438198,0.05718990111084871,0.29621334507546954
global_compatible,61,14,0,0,certified_reset,0,1,0.04408575674258846,0.040091882224201916,0.003993874518386541,0.027957121628705783,0.0,0.0,0,0,0.0029160758963702234,0.01456846134130307,0.01148316853109029,-0.005025475963347134,0.0029160758963702234,0.01456846134130307,-0.024360471824048602,6.154252517419562e-05,0.05718990111084871,0.29621334507546954
global_compatible,61,15,0,0,certified_reset,0,1,0.040091882224201916,0.03609800770581537,0.003993874518386541,0.023963247110319243,0.0,0.0,0,0,0.01148316853109029,-0.005025475963347134,0.0038360385801991153,-0.006956614888154404,0.01148316853109029,-0.005025475963347134,-0.00403361353226287,0.00013681588402508606,0.05718990111084871,0.29621334507546954
global_compatible,61,16,0,0,certified_reset,0,1,0.03609800770581537,0.03210413318742883,0.003993874518386541,0.019969372591932703,0.0,0.0,0,0,0.0038360385801991153,-0.006956614888154404,-0.00340869998038385,0.009477395915907641,0.0038360385801991153,-0.006956614888154404,0.006426662527295725,2.4458750096146192e-05,0.05718990111084871,0.29621334507546954
global_compatible,61,17,0,0,certified_reset,0,1,0.03210413318742883,0.02811025866904229,0.003993874518386541,0.015975498073546163,0.0,0.0,0,0,-0.00340869998038385,0.009477395915907641,0.005977678630471985,0.0001530183778660286,-0.00340869998038385,0.009477395915907641,-0.010566536880966749,3.0578314100124936e-05,0.05718990111084871,0.29621334507546954
global_compatible,61,18,1,1,certified_reset,0,1,0.02811025866904229,0.02411638415065575,0.003993874518386541,0.011981623555159623,0.0,0.0,0,0,0.005977678630471985,0.0001530183778660286,-0.014915137678428612,-0.01804193453091303,0.005977678630471985,0.0001530183778660286,-0.0061764499419220955,3.6690569788641815e-05,0.05718990111084871,0.29621334507546954
global_compatible,61,19,1,1,certified_reset,0,1,0.02411638415065575,0.02012250963226921,0.003993874518386541,0.007987749036773082,0.0,0.0,0,0,-0.014915137678428612,-0.01804193453091303,-0.0020723294877699992,-0.00016189798892920007,-0.014915137678428612,-0.01804193453091303,0.04143356665946702,0.00032397189541078864,0.05718990111084871,0.29621334507546954
global_compatible,61,20,0,0,certified_reset,0,1,0.02012250963226921,0.01612863511388267,0.003993874518386541,0.003993874518386541,0.0,0.0,0,0,-0.0020723294877699992,-0.00016189798892920007,-0.007379567582642462,0.010042876045712537,-0.0020723294877699992,-0.00016189798892920007,0.002301600537273925,4.431701604298035e-06,0.05718990111084871,0.29621334507546954
global_compatible,61,21,0,0,certified_reset,0,1,0.01612863511388267,0.01213476059549613,0.003993874518386541,0.0,0.0,0.0,0,0,-0.007379567582642462,0.010042876045712537,-0.002129962440863222,0.004766533723938758,-0.007379567582642462,0.010042876045712537,-0.007442802482296716,7.399758509506798e-05,0.05718990111084871,0.29621334507546954
global_compatible,62,0,0,0,certified_reset,0,1,0.1,0.09600612548161347,0.003993874518386541,0.08387136488611735,0.0,0.0,0,0,2.0875708994922277,-0.13398923596368667,1.1794647043921966,-1.6944771055134191,2.0875708994922277,-0.13398923596368667,-1.549999999999986,4.421246321170531,0.05718990111084871,0.29621334507546954
global_compatible,62,1,0,0,certified_reset,0,1,0.09600612548161347,0.09201225096322693,0.003993874518386541,0.07987749036773081,0.0,0.0,0,0,1.1794647043921966,-1.6944771055134191,0.15491338131543592,-0.36889555339275254,1.1794647043921966,-1.6944771055134191,1.3216553127074815,1.9516317870468138,0.05718990111084871,0.29621334507546954
global_compatible,62,2,0,0,certified_reset,0,1,0.09201225096322693,0.0880183764448404,0.003993874518386541,0.07588361584934428,0.0,0.0,0,0,0.15491338131543592,-0.36889555339275254,-0.017873949492169732,0.02064115157001987,0.15491338131543592,-0.36889555339275254,0.3891583842361394,0.052279369187443844,0.05718990111084871,0.29621334507546954
global_compatible,62,3,0,0,certified_reset,0,1,0.0880183764448404,0.08402450192645386,0.003993874518386541,0.07188974133095774,0.0,0.0,0,0,-0.017873949492169732,0.02064115157001987,-0.0005649638834633939,0.013697777845683472,-0.017873949492169732,0.02064115157001987,-0.01260862993958099,0.0004001427940370431,0.05718990111084871,0.29621334507546954
global_compatible,62,4,0,0,certified_reset,0,1,0.08402450192645386,0.08003062740806732,0.003993874518386541,0.0678958668125712,0.0,0.0,0,0,-0.0005649638834633939,0.013697777845683472,0.005881719106880918,-0.013219361647282064,-0.0005649638834633939,0.013697777845683472,-0.01961580537056741,4.371192092176302e-05,0.05718990111084871,0.29621334507546954
global_compatible,62,5,0,0,certified_reset,0,1,0.08003062740806732,0.07603675288968079,0.003993874518386541,0.06390199229418467,0.0,0.0,0,0,0.005881719106880918,-0.013219361647282064,0.002756792004696072,-0.0018530510312557806,0.005881719106880918,-0.013219361647282064,0.013614752174062637,7.068393059637039e-05,0.05718990111084871,0.29621334507546954
global_compatible,62,6,0,0,certified_reset,0,1,0.07603675288968079,0.07204287837129425,0.003993874518386541,0.05990811777579813,0.0,0.0,0,0,0.002756792004696072,-0.0018530510312557806,-0.01067216752706731,0.00656472985120026,0.002756792004696072,-0.0018530510312557806,-1.415589640452345e-05,8.217990829290124e-06,0.05718990111084871,0.29621334507546954
global_compatible,62,7,0,0,certified_reset,0,1,0.07204287837129425,0.06804900385290771,0.003993874518386541,0.05591424325741159,0.0,0.0,0,0,-0.01067216752706731,0.00656472985120026,-0.006628205783880955,0.013996117357456442,-0.01067216752706731,0.00656472985120026,0.0009550675656980404,0.00012167518562062934,0.05718990111084871,0.29621334507546954
global_compatible,62,8,0,0,certified_reset,0,1,0.06804900385290771,0.06405512933452118,0.003993874518386541,0.051920368739025044,0.0,0.0,0,0,-0.006628205783880955,0.013996117357456442,0.0007033716936101439,-0.012928719845273887,-0.006628205783880955,0.013996117357456442,-0.014015950906871027,8.410471810413324e-05,0.05718990111084871,0.29621334507546954
global_compatible,62,9,0,0,certified_reset,0,1,0.06405512933452118,0.060061254816134634,0.003993874518386541,0.0479264942206385,0.0,0.0,0,0,0.0007033716936101439,-0.012928719845273887,-0.0031444505943666865,0.0005127382958420483,0.0007033716936101439,-0.012928719845273887,0.018342971221515375,3.899367000096973e-05,0.05718990111084871,0.29621334507546954
global_compatible,62,10,0,0,certified_reset,0,1,0.060061254816134634,0.05606738029774809,0.003993874518386541,0.04393261970225196,0.0,0.0,0,0,-0.0031444505943666865,0.0005127382958420483,0.004646552266465494,0.00862622829386806,-0.0031444505943666865,0.0005127382958420483,0.0023757128840529488,1.0075991933903528e-05,0.05718990111084871,0.29621334507546954
global_compatible,62,11,0,0,certified_reset,0,1,0.05606738029774809,0.05207350577936155,0.003993874518386541,0.039938745183865414,0.0,0.0,0,0,0.004646552266465494,0.00862622829386806,0.0010835894500781543,0.0038304669189908516,0.004646552266465494,0.00862622829386806,-0.01733431574133919,4.2496537144533985e-05,0.05718990111084871,0.29621334507546954
global_compatible,62,12,2,2,certified_reset,0,1,0.05207350577936155,0.048079631260975,0.003993874518386541,0.03594487066547887,0.0,0.0,0,0,0.0010835894500781543,0.0038304669189908516,0.0088018258586419,0.10654616777150906,0.0010835894500781543,0.0038304669189908516,-0.006721001331590728,4.944508395948773e-06,0.05718990111084871,0.29621334507546954
global_compatible,62,13,0,0,certified_reset,0,1,0.048079631260975,0.04408575674258846,0.003993874518386541,0.03195099614709233,0.0,0.0,0,0,0.0088018258586419,0.10654616777150906,0.039299818844725554,-0.05557938697866357,0.0088018258586419,0.10654616777150906,-0.16572082715583092,0.002807432408299197,0.05718990111084871,0.29621334507546954
global_compatible,62,14,0,0,certified_reset,0,1,0.04408575674258846,0.040091882224201916,0.003993874518386541,0.027957121628705783,0.0,0.0,0,0,0.039299818844725554,-0.05557938697866357,0.006652976929145582,-0.012552113999466992,0.039299818844725554,-0.05557938697866357,0.0427422751316246,0.00214618059956026,0.05718990111084871,0.29621334507546954
global_compatible,62,15,0,0,certified_reset,0,1,0.040091882224201916,0.03609800770581537,0.003993874518386541,0.023963247110319243,0.0,0.0,0,0,0.006652976929145582,-0.012552113999466992,0.0061078304740890465,0.01069663452344828,0.006652976929145582,-0.012552113999466992,0.011868386254714777,7.614356868103169e-05,0.05718990111084871,0.29621334507546954
global_compatible,62,16,0,0,certified_reset,0,1,0.03609800770581537,0.03210413318742883,0.003993874518386541,0.019969372591932703,0.0,0.0,0,0,0.0061078304740890465,0.01069663452344828,0.010960998309521639,-0.006657060833535591,0.0061078304740890465,0.01069663452344828,-0.021839160244158953,6.982455432754276e-05,0.05718990111084871,0.29621334507546954
global_compatible,62,17,1,1,certified_reset,0,1,0.03210413318742883,0.02811025866904229,0.003993874518386541,0.015975498073546163,0.0,0.0,0,0,0.010960998309521639,-0.006657060833535591,0.003679677834331964,0.026170671337372914,0.010960998309521639,-0.006657060833535591,-0.0011117366259043705,0.0001281513455089215,0.05718990111084871,0.29621334507546954
global_compatible,62,18,2,2,certified_reset,0,1,0.02811025866904229,0.02411638415065575,0.003993874518386541,0.011981623555159623,0.0,0.0,0,0,0.003679677834331964,0.026170671337372914,0.03322741393616208,-0.04276968755954248,0.003679677834331964,0.026170671337372914,-0.04221895568207533,0.00018138376132138256,0.05718990111084871,0.29621334507546954
global_compatible,62,19,2,2,certified_reset,0,1,0.02411638415065575,0.02012250963226921,0.003993874518386541,0.007987749036773082,0.0,0.0,0,0,0.03322741393616208,-0.04276968755954248,-0.04961661127237707,0.031532143813638995,0.03322741393616208,-0.04276968755954248,0.02991590423250321,0.0014556993813456245,0.05718990111084871,0.29621334507546954
global_compatible,62,20,2,2,certified_reset,0,1,0.02012250963226921,0.01612863511388267,0.003993874518386541,0.003993874518386541,0.0,0.0,0,0,-0.04961661127237707,0.031532143813638995,-0.028052295248824598,0.061707590895509576,-0.04961661127237707,0.031532143813638995,0.0029558794113438104,0.0026409962415586577,0.05718990111084871,0.29621334507546954
global_compatible,62,21,2,2,certified_reset,0,1,0.01612863511388267,0.01213476059549613,0.003993874518386541,0.0,0.0,0.0,0,0,-0.028052295248824598,0.061707590895509576,0.03750031339742856,-0.01088921706718354,-0.028052295248824598,0.061707590895509576,-0.06297039191817982,0.00157147184452842,0.05718990111084871,0.29621334507546954
global_compatible,63,0,0,0,certified_reset,0,1,0.1,0.09600612548161347,0.003993874518386541,0.08387136488611735,0.0,0.0,0,0,0.3484420377875548,0.25605274310509196,0.2391397023506771,-0.4786133486680666,0.3484420377875548,0.25605274310509196,-0.7241547748187398,0.14632319845015884,0.05718990111084871,0.29621334507546954
global_compatible,63,1,0,0,certified_reset,0,1,0.09600612548161347,0.09201225096322693,0.003993874518386541,0.07987749036773081,0.0,0.0,0,0,0.2391397023506771,-0.4786133486680666,-0.010202347114794664,-0.021961446869505973,0.2391397023506771,-0.4786133486680666,0.4669157014940681,0.10387078680209973,0.05718990111084871,0.29621334507546954
global_compatible,63,2,0,0,certified_reset,0,1,0.09201225096322693,0.0880183764448404,0.003993874518386541,0.07588361584934428,0.0,0.0,0,0,-0.010202347114794664,-0.021961446869505973,-0.01237352654492938,0.019906974979668653,-0.010202347114794664,-0.021961446869505973,0.04250730065264448,0.0002360745786185008,0.05718990111084871,0.29621334507546954
global_compatible,63,3,0,0,certified_reset,0,1,0.0880183764448404,0.08402450192645386,0.003993874518386541,0.07188974133095774,0.0,0.0,0,0,-0.01237352654492938,0.019906974979668653,0.00410061971132122,0.007330282743365433,-0.01237352654492938,0.019906974979668653,-0.01700015049189077,0.00023166106458815303,0.05718990111084871,0.29621334507546954
global_compatible,63,4,0,0,certified_reset,0,1,0.08402450192645386,0.08003062740806732,0.003993874518386541,0.0678958668125712,0.0,0.0,0,0,0.00410061971132122,0.007330282743365433,0.006164609400580513,-0.013101466709023832,0.00410061971132122,0.007330282743365433,-0.01487725153118621,3.202034546251327e-05,0.05718990111084871,0.29621334507546954
global_compatible,63,5,0,0,certified_reset,0,1,0.08003062740806732,0.07603675288968079,0.003993874518386541,0.06390199229418467,0.0,0.0,0,0,0.006164609400580513,-0.013101466709023832,0.009076543631379476,0.0018427898949577566,0.006164609400580513,-0.013101466709023832,0.013162077297614514,7.323013341841388e-05,0.05718990111084871,0.29621334507546954
global_compatible,63,6,0,0,certified_reset,0,1,0.07603675288968079,0.07204287837129425,0.003993874518386541,0.05990811777579813,0.0,0.0,0,0,0.009076543631379476,0.0018427898949577566,0.010195614505391875,-0.003914650603523097,0.009076543631379476,0.0018427898949577566,-0.01175264847606595,8.644802037483722e-05,0.05718990111084871,0.29621334507546954
global_compatible,63,7,0,0,certified_reset,0,1,0.07204287837129425,0.06804900385290771,0.003993874518386541,0.05591424325741159,0.0,0.0,0,0,0.010195614505391875,-0.003914650603523097,-0.0026366654515745736,-0.0012917166645493904,0.010195614505391875,-0.003914650603523097,-0.004389736696274971,0.00010719070793170225,0.05718990111084871,0.29621334507546954
global_compatible,63,8,0,0,certified_reset,0,1,0.06804900385290771,0.06405512933452118,0.003993874518386541,0.051920368739025044,0.0,0.0,0,0,-0.0026366654515745736,-0.0012917166645493904,0.002698275261253765,-0.0030011201494836402,-0.0026366654515745736,-0.0012917166645493904,0.004527909036096345,7.764889458971452e-06,0.05718990111084871,0.29621334507546954
global_compatible,63,9,0,0,certified_reset,0,1,0.06405512933452118,0.060061254816134634,0.003993874518386541,0.0479264942206385,0.0,0.0,0,0,0.002698275261253765,-0.0030011201494836402,0.003799611947479596,-0.004180950537898086,0.002698275261253765,-0.0030011201494836402,0.0017347396557028404,8.977132414615382e-06,0.05718990111084871,0.29621334507546954
global_compatible,63,10,0,0,certified_reset,0,1,0.060061254816134634,0.05606738029774809,0.003993874518386541,0.04393261970225196,0.0,0.0,0,0,0.003799611947479596,-0.004180950537898086,-0.0023108917792873723,-0.006380837441590343,0.003799611947479596,-0.004180950537898086,0.0023743246597614518,1.7724448923241525e-05,0.05718990111084871,0.29621334507546954
global_compatible,63,11,0,0,certified_reset,0,1,0.05606738029774809,0.05207350577936155,0.003993874518386541,0.039938745183865414,0.0,0.0,0,0,-0.0023108917792873723,-0.006380837441590343,-0.007932801468027367,0.010168570719901206,-0.0023108917792873723,-0.006380837441590343,0.011699374794679498,1.6090820642317718e-05,0.05718990111084871,0.29621334507546954
global_compatible,63,12,0,0,certified_reset,0,1,0.05207350577936155,0.048079631260975,0.003993874518386541,0.03594487066547887,0.0,0.0,0,0,-0.007932801468027367,0.010168570719901206,-0.012459457267334564,0.006725937129825761,-0.007932801468027367,0.010168570719901206,-0.0070797209678144105,8.279436984310371e-05,0.05718990111084871,0.29621334507546954
global_compatible,63,13,0,0,certified_reset,0,1,0.048079631260975,0.04408575674258846,0.003993874518386541,0.03195099614709233,0.0,0.0,0,0,-0.012459457267334564,0.006725937129825761,0.0003961554614954968,0.006214686718706515,-0.012459457267334564,0.006725937129825761,0.0024943897633850406,0.00016353650635321444,0.05718990111084871,0.29621334507546954
global_compatible,63,14,0,0,certified_reset,0,1,0.04408575674258846,0.040091882224201916,0.003993874518386541,0.027957121628705783,0.0,0.0,0,0,0.0003961554614954968,0.006214686718706515,0.003796823288018442,-0.009963718301826414,0.0003961554614954968,0.006214686718706515,-0.00954932664019461,9.388699713801059e-06,0.05718990111084871,0.29621334507546954
global_compatible,63,15,0,0,certified_reset,0,1,0.040091882224201916,0.03609800770581537,0.003993874518386541,0.023963247110319243,0.0,0.0,0,0,0.003796823288018442,-0.009963718301826414,-0.0028652688380118216,0.0017012530527017377,0.003796823288018442,-0.009963718301826414,0.010896715769701897,3.525395027624804e-05,0.05718990111084871,0.29621334507546954
global_compatible,63,16,0,0,certified_reset,0,1,0.03609800770581537,0.03210413318742883,0.003993874518386541,0.019969372591932703,0.0,0.0,0,0,-0.0028652688380118216,0.0017012530527017377,0.0009129628555806552,0.00021898127623696997,-0.0028652688380118216,0.0017012530527017377,0.0003496278368575779,8.733788655568114e-06,0.05718990111084871,0.29621334507546954
global_compatible,63,17,0,0,certified_reset,0,1,0.03210413318742883,0.02811025866904229,0.003993874518386541,0.015975498073546163,0.0,0.0,0,0,0.0009129628555806552,0.00021898127623696997,-0.0020995603891513885,0.005753748997844896,0.0009129628555806552,0.00021898127623696997,-0.0012295365614783187,8.799266834519094e-07,0.05718990111084871,0.29621334507546954
global_compatible,63,18,1,1,certified_reset,0,1,0.02811025866904229,0.02411638415065575,0.003993874518386541,0.011981623555159623,0.0,0.0,0,0,-0.0020995603891513885,0.005753748997844896,-0.024502808904963896,-0.01327149955317662,-0.0020995603891513885,0.005753748997844896,-0.006387511743921478,1.1387174440098106e-05,0.05718990111084871,0.29621334507546954
global_compatible,63,19,1,1,certified_reset,0,1,0.02411638415065575,0.02012250963226921,0.003993874518386541,0.007987749036773082,0.0,0.0,0,0,-0.024502808904963896,-0.01327149955317662,-0.017554980648634606,0.03138201284594462,-0.024502808904963896,-0.01327149955317662,0.04395175002737917,0.0006803854385651028,0.05718990111084871,0.29621334507546954
global_compatible,63,20,1,1,certified_reset,0,1,0.02012250963226921,0.01612863511388267,0.003993874518386541,0.003993874518386541,0.0,0.0,0,0,-0.017554980648634606,0.03138201284594462,0.02319289017611846,-0.026079887255553772,-0.017554980648634606,0.03138201284594462,-0.02874918913569892,0.0005061097739202862,0.05718990111084871,0.29621334507546954
global_compatible,63,21,0,0,certified_reset,0,1,0.01612863511388267,0.01213476059549613,0.003993874518386541,0.0,0.0,0.0,0,0,0.02319289017611846,-0.026079887255553772,0.008857489609898019,-0.011040933789434071,0.02319289017611846,-0.026079887255553772,0.015322638106115958,0.0006662086291519984,0.05718990111084871,0.29621334507546954
global_compatible,64,0,0,0,certified_reset,0,1,0.1,0.09600612548161347,0.003993874518386541,0.08387136488611735,0.0,0.0,0,0,-5.101930088261162,0.31930681464258504,-4.005907538591573,1.862348979056188,-5.101930088261162,0.31930681464258504,1.55,26.108105357042447,0.05718990111084871,0.29621334507546954
global_compatible,64,1,0,0,certified_reset,0,1,0.09600612548161347,0.09201225096322693,0.003993874518386541,0.07987749036773081,0.0,0.0,0,0,-4.005907538591573,1.862348979056188,-1.900533444883055,2.34032274223299,-4.005907538591573,1.862348979056188,0.4734311998952458,16.67720050483314,0.05718990111084871,0.29621334507546954
global_compatible,64,2,0,0,certified_reset,0,1,0.09201225096322693,0.0880183764448404,0.003993874518386541,0.07588361584934428,0.0,0.0,0,0,-1.900533444883055,2.34032274223299,-0.3381514332228836,0.780391492064105,-1.900533444883055,2.34032274223299,-1.55,4.657969771925382,0.05718990111084871,0.29621334507546954
global_compatible,64,3,0,0,certified_reset,0,1,0.0880183764448404,0.08402450192645386,0.003993874518386541,0.07188974133095774,0.0,0.0,0,0,-0.3381514332228836,0.780391492064105,0.037894430822488404,-0.029320178240811488,-0.3381514332228836,0.780391492064105,-0.8128709391069422,0.24048732944129256,0.05718990111084871,0.29621334507546954
global_compatible,64,4,0,0,certified_reset,0,1,0.08402450192645386,0.08003062740806732,0.003993874518386541,0.0678958668125712,0.0,0.0,0,0,0.037894430822488404,-0.029320178240811488,0.017265422269893985,-0.014808212735361507,0.037894430822488404,-0.029320178240811488,0.00545722267794374,0.0015914735327174077,0.05718990111084871,0.29621334507546954
global_compatible,64,5,0,0,certified_reset,0,1,0.08003062740806732,0.07603675288968079,0.003993874518386541,0.06390199229418467,0.0,0.0,0,0,0.017265422269893985,-0.014808212735361507,-0.0017653576752945516,-0.011270184881352415,0.017265422269893985,-0.014808212735361507,0.004620847298680776,0.0003380995814965244,0.05718990111084871,0.29621334507546954
global_compatible,64,6,0,0,certified_reset,0,1,0.07603675288968079,0.07204287837129425,0.003993874518386541,0.05990811777579813,0.0,0.0,0,0,-0.0017653576752945516,-0.011270184881352415,-0.0029534253263016758,-0.0023155373907082395,-0.0017653576752945516,-0.011270184881352415,0.018361282052859827,3.440797679411381e-05,0.05718990111084871,0.29621334507546954
global_compatible,64,7,0,0,certified_reset,0,1,0.07204287837129425,0.06804900385290771,0.003993874518386541,0.05591424325741159,0.0,0.0,0,0,-0.0029534253263016758,-0.0023155373907082395,-0.0060308760138118814,0.022732854360773998,-0.0029534253263016758,-0.0023155373907082395,0.006352641149488578,1.0696730810792776e-05,0.05718990111084871,0.29621334507546954
global_compatible,64,8,0,0,certified_reset,0,1,0.06804900385290771,0.06405512933452118,0.003993874518386541,0.051920368739025044,0.0,0.0,0,0,-0.0060308760138118814,0.022732854360773998,0.008044051310101472,-0.010163771077938429,-0.0060308760138118814,0.022732854360773998,-0.02748206626019098,0.00014827394477207872,0.05718990111084871,0.29621334507546954
global_compatible,64,9,0,0,certified_reset,0,1,0.06405512933452118,0.060061254816134634,0.003993874518386541,0.0479264942206385,0.0,0.0,0,0,0.008044051310101472,-0.010163771077938429,0.0002445293744071154,-0.013817522051252255,0.008044051310101472,-0.010163771077938429,0.0069614490551422915,8.451270945768153e-05,0.05718990111084871,0.29621334507546954
global_compatible,64,10,0,0,certified_reset,0,1,0.060061254816134634,0.05606738029774809,0.003993874518386541,0.04393261970225196,0.0,0.0,0,0,0.0002445293744071154,-0.013817522051252255,-0.009093373100727976,0.005283007609307134,0.0002445293744071154,-0.013817522051252255,0.020109725955560168,4.453612637977281e-05,0.05718990111084871,0.29621334507546954
global_compatible,64,11,0,0,certified_reset,0,1,0.05606738029774809,0.05207350577936155,0.003993874518386541,0.039938745183865414,0.0,0.0,0,0,-0.009093373100727976,0.005283007609307134,-0.006544371219793508,0.007862218575706202,-0.009093373100727976,0.005283007609307134,0.0012740144829904482,8.775384266361435e-05,0.05718990111084871,0.29621334507546954
global_compatible,64,12,0,0,certified_reset,0,1,0.05207350577936155,0.048079631260975,0.003993874518386541,0.03594487066547887,0.0,0.0,0,0,-0.006544371219793508,0.007862218575706202,-0.006028016359912321,0.0019398478671427185,-0.006544371219793508,0.007862218575706202,-0.005062903638406334,5.4596226061548614e-05,0.05718990111084871,0.29621334507546954
global_compatible,64,13,0,0,certified_reset,0,1,0.048079631260975,0.04408575674258846,0.003993874518386541,0.03195099614709233,0.0,0.0,0,0,-0.006028016359912321,0.0019398478671427185,-0.004621554198242946,-0.002992598115219399,-0.006028016359912321,0.0019398478671427185,0.0031403998906923687,3.726087577678558e-05,0.05718990111084871,0.29621334507546954
global_compatible,64,14,0,0,certified_reset,0,1,0.04408575674258846,0.040091882224201916,0.003993874518386541,0.027957121628705783,0.0,0.0,0,0,-0.004621554198242946,-0.002992598115219399,-0.0011242230418036128,0.006459942248467574,-0.004621554198242946,-0.002992598115219399,0.009006469695385563,2.499869144290311e-05,0.05718990111084871,0.29621334507546954
global_compatible,64,15,0,0,certified_reset,0,1,0.040091882224201916,0.03609800770581537,0.003993874518386541,0.023963247110319243,0.0,0.0,0,0,-0.0011242230418036128,0.006459942248467574,0.014783812134937738,-0.000777313100911433,-0.0011242230418036128,0.006459942248467574,-0.008394202438869732,1.0536997005976865e-05,0.05718990111084871,0.29621334507546954
global_compatible,64,16,0,0,certified_reset,0,1,0.03609800770581537,0.03210413318742883,0.003993874518386541,0.019969372591932703,0.0,0.0,0,0,0.014783812134937738,-0.000777313100911433,0.011824714216751527,-0.014251921141949358,0.014783812134937738,-0.000777313100911433,-0.013574594381736265,0.00022327660037508172,0.05718990111084871,0.29621334507546954
global_compatible,64,17,0,0,certified_reset,0,1,0.03210413318742883,0.02811025866904229,0.003993874518386541,0.015975498073546163,0.0,0.0,0,0,0.011824714216751527,-0.014251921141949358,0.0018674420949972362,-0.0013051832371035648,0.011824714216751527,-0.014251921141949358,0.009217656161393846,0.00017850910205812945,0.05718990111084871,0.29621334507546954
global_compatible,64,18,0,0,certified_reset,0,1,0.02811025866904229,0.02411638415065575,0.003993874518386541,0.011981623555159623,0.0,0.0,0,0,0.0018674420949972362,-0.0013051832371035648,-0.005637431811279056,0.006035274312154562,0.0018674420949972362,-0.0013051832371035648,5.918638422360123e-05,3.7940581447045082e-06,0.05718990111084871,0.29621334507546954
global_compatible,64,19,0,0,certified_reset,0,1,0.02411638415065575,0.02012250963226921,0.003993874518386541,0.007987749036773082,0.0,0.0,0,0,-0.005637431811279056,0.006035274312154562,-0.0027067941399235565,-0.0020757866324358078,-0.005637431811279056,0.006035274312154562,-0.0032799233513391836,3.860600134071905e-05,0.05718990111084871,0.29621334507546954
global_compatible,64,20,0,0,certified_reset,0,1,0.02012250963226921,0.01612863511388267,0.003993874518386541,0.003993874518386541,0.0,0.0,0,0,-0.0027067941399235565,-0.0020757866324358078,0.003570943918418038,-0.004703005469444275,-0.0027067941399235565,-0.0020757866324358078,0.0057501596529843345,8.928943142606583e-06,0.05718990111084871,0.29621334507546954
global_compatible,64,21,1,1,certified_reset,0,1,0.01612863511388267,0.01213476059549613,0.003993874518386541,0.0,0.0,0.0,0,0,0.003570943918418038,-0.004703005469444275,-0.0025468398945631653,-0.002328475676545025,0.003570943918418038,-0.004703005469444275,0.0033671822652492456,1.7016375258884094e-05,0.05718990111084871,0.29621334507546954
global_compatible,65,0,0,0,certified_reset,0,1,0.1,0.09600612548161347,0.003993874518386541,0.08387136488611735,0.0,0.0,0,0,1.549088677125929,0.3836740999100511,1.1563187595479312,-1.1595561905396978,1.549088677125929,0.3836740999100511,-1.55,2.4862352762892823,0.05718990111084871,0.29621334507546954
global_compatible,65,1,0,0,certified_reset,0,1,0.09600612548161347,0.09201225096322693,0.003993874518386541,0.07987749036773081,0.0,0.0,0,0,1.1563187595479312,-1.1595561905396978,0.27905636069725137,-0.5989659860114631,1.1563187595479312,-1.1595561905396978,0.5567142761296878,1.5868440439370397,0.05718990111084871,0.29621334507546954
global_compatible,65,2,0,0,certified_reset,0,1,0.09201225096322693,0.0880183764448404,0.003993874518386541,0.07588361584934428,0.0,0.0,0,0,0.27905636069725137,-0.5989659860114631,-0.01354868965284727,0.005529965708498649,0.27905636069725137,-0.5989659860114631,0.6044587002716101,0.1515835558857087,0.05718990111084871,0.29621334507546954
global_compatible,65,3,0,0,certified_reset,0,1,0.0880183764448404,0.08402450192645386,0.003993874518386541,0.07188974133095774,0.0,0.0,0,0,-0.01354868965284727,0.005529965708498649,-0.0027264231481262946,0.01673155396353501,-0.01354868965284727,0.005529965708498649,0.005344250504223804,0.00018978551037815886,0.05718990111084871,0.29621334507546954
global_compatible,65,4,0,0,certified_reset,0,1,0.08402450192645386,0.08003062740806732,0.003993874518386541,0.0678958668125712,0.0,0.0,0,0,-0.0027264231481262946,0.01673155396353501,0.005444389521156006,-0.005492706476449935,-0.0027264231481262946,0.01673155396353501,-0.021935514646820607,6.985263489940405e-05,0.05718990111084871,0.29621334507546954
global_compatible,65,5,0,0,certified_reset,0,1,0.08003062740806732,0.07603675288968079,0.003993874518386541,0.06390199229418467,0.0,0.0,0,0,0.005444389521156006,-0.005492706476449935,0.0024398655828434786,0.0076040679189614884,0.005444389521156006,-0.005492706476449935,0.002670137649421975,3.525018653330316e-05,0.05718990111084871,0.29621334507546954
global_compatible,65,6,0,0,certified_reset,0,1,0.07603675288968079,0.07204287837129425,0.003993874518386541,0.05990811777579813,0.0,0.0,0,0,0.0024398655828434786,0.0076040679189614884,0.00344215251891971,0.0021207462474429695,0.0024398655828434786,0.0076040679189614884,-0.013630860701554197,2.1005885953885788e-05,0.05718990111084871,0.29621334507546954
global_compatible,65,7,0,0,certified_reset,0,1,0.07204287837129425,0.06804900385290771,0.003993874518386541,0.05591424325741159,0.0,0.0,0,0,0.00344215251891971,0.0021207462474429695,0.004943142029522888,-0.009308859095314613,0.00344215251891971,0.0021207462474429695,-0.006553033625754944,1.37315318423e-05,0.05718990111084871,0.29621334507546954
global_compatible,65,8,0,0,certified_reset,0,1,0.06804900385290771,0.06405512933452118,0.003993874518386541,0.051920368739025044,0.0,0.0,0,0,0.004943142029522888,-0.009308859095314613,-0.0006751363435703883,-0.005574461070160573,0.004943142029522888,-0.009308859095314613,0.00878755646532022,4.196305621797132e-05,0.05718990111084871,0.29621334507546954
global_compatible,65,9,0,0,certified_reset,0,1,0.06405512933452118,0.060061254816134634,0.003993874518386541,0.0479264942206385,0.0,0.0,0,0,-0.0006751363435703883,-0.005574461070160573,0.012017970408007929,-0.010480671490224308,-0.0006751363435703883,-0.005574461070160573,0.008882046731175063,8.021508855871471e-06,0.05718990111084871,0.29621334507546954
global_compatible,65,10,0,0,certified_reset,0,1,0.060061254816134634,0.05606738029774809,0.003993874518386541,0.04393261970225196,0.0,0.0,0,0,0.012017970408007929,-0.010480671490224308,0.004257465955107813,-0.0072890974247847426,0.012017970408007929,-0.010480671490224308,0.0034731933045872004,0.0001645051950005101,0.05718990111084871,0.29621334507546954
global_compatible,65,11,0,0,certified_reset,0,1,0.05606738029774809,0.05207350577936155,0.003993874518386541,0.039938745183865414,0.0,0.0,0,0,0.004257465955107813,-0.0072890974247847426,0.0064613878403246,0.0009020387452534316,0.004257465955107813,-0.0072890974247847426,0.006497304295798164,2.8744959864947658e-05,0.05718990111084871,0.29621334507546954
global_compatible,65,12,0,0,certified_reset,0,1,0.05207350577936155,0.048079631260975,0.003993874518386541,0.03594487066547887,0.0,0.0,0,0,0.0064613878403246,0.0009020387452534316,0.011003587246860227,-0.007751426543200697,0.0064613878403246,0.0009020387452534316,-0.007761579905859719,4.3402047190599636e-05,0.05718990111084871,0.29621334507546954
global_compatible,65,13,0,0,certified_reset,0,1,0.048079631260975,0.04408575674258846,0.003993874518386541,0.03195099614709233,0.0,0.0,0,0,0.011003587246860227,-0.007751426543200697,0.017938392983847817,-0.014157396177870776,0.011003587246860227,-0.007751426543200697,0.00045790144314088475,0.0001318994045643903,0.05718990111084871,0.29621334507546954
global_compatible,65,14,0,0,certified_reset,0,1,0.04408575674258846,0.040091882224201916,0.003993874518386541,0.027957121628705783,0.0,0.0,0,0,0.017938392983847817,-0.014157396177870776,0.004670057556662342,-0.013861989001954343,0.017938392983847817,-0.014157396177870776,0.0029935102650565804,0.00035808770641232977,0.05718990111084871,0.29621334507546954
global_compatible,65,15,0,0,certified_reset,0,1,0.040091882224201916,0.03609800770581537,0.003993874518386541,0.023963247110319243,0.0,0.0,0,0,0.004670057556662342,-0.013861989001954343,0.0045536825090672015,-0.00896879425076581,0.004670057556662342,-0.013861989001954343,0.01576973181922101,6.26144016600474e-05,0.05718990111084871,0.29621334507546954
global_compatible,65,16,0,0,certified_reset,0,1,0.03609800770581537,0.03210413318742883,0.003993874518386541,0.019969372591932703,0.0,0.0,0,0,0.0045536825090672015,-0.00896879425076581,0.0009095575887766512,-0.0016519092525703926,0.0045536825090672015,-0.00896879425076581,0.008680765876909243,3.709898545488993e-05,0.05718990111084871,0.29621334507546954
global_compatible,65,17,0,0,certified_reset,0,1,0.03210413318742883,0.02811025866904229,0.003993874518386541,0.015975498073546163,0.0,0.0,0,0,0.0009095575887766512,-0.0016519092525703926,-0.004657626190656348,0.004012950067946247,0.0009095575887766512,-0.0016519092525703926,0.001531137884185587,1.3770893399818847e-06,0.05718990111084871,0.29621334507546954
global_compatible,65,18,0,0,certified_reset,0,1,0.02811025866904229,0.02411638415065575,0.003993874518386541,0.011981623555159623,0.0,0.0,0,0,-0.004657626190656348,0.004012950067946247,0.00045005837509236096,0.0015283534394586967,-0.004657626190656348,0.004012950067946247,-0.0012757713741515422,2.463284983147494e-05,0.05718990111084871,0.29621334507546954
global_compatible,65,19,0,0,certified_reset,0,1,0.02411638415065575,0.02012250963226921,0.003993874518386541,0.007987749036773082,0.0,0.0,0,0,0.00045005837509236096,0.0015283534394586967,-0.0006787023893986045,-0.011504382914579381,0.00045005837509236096,0.0015283534394586967,-0.0026966325924812737,8.048037869245242e-07,0.05718990111084871,0.29621334507546954
global_compatible,65,20,0,0,certified_reset,0,1,0.02012250963226921,0.01612863511388267,0.003993874518386541,0.003993874518386541,0.0,0.0,0,0,-0.0006787023893986045,-0.011504382914579381,-0.0024423973596691315,-0.006194074723950659,-0.0006787023893986045,-0.011504382914579381,0.01762153804804267,3.204675073698864e-05,0.05718990111084871,0.29621334507546954
global_compatible,65,21,0,0,certified_reset,0,1,0.01612863511388267,0.01213476059549613,0.003993874518386541,0.0,0.0,0.0,0,0,-0.0024423973596691315,-0.006194074723950659,-0.0036500576762759787,7.761876975533304e-05,-0.0024423973596691315,-0.006194074723950659,0.011559881597781459,1.6212057529846104e-05,0.05718990111084871,0.29621334507546954
global_compatible,66,0,0,0,certified_reset,0,1,0.1,0.09600612548161347,0.003993874518386541,0.08387136488611735,0.0,0.0,0,0,-4.27938767359856,-0.33333522509910896,-3.842887907033502,1.217466317480481,-4.27938767359856,-0.33333522509910896,1.5499999999999103,18.393221587959825,0.05718990111084871,0.29621334507546954
global_compatible,66,1,0,0,certified_reset,0,1,0.09600612548161347,0.09201225096322693,0.003993874518386541,0.07987749036773081,0.0,0.0,0,0,-3.842887907033502,1.217466317480481,-2.03224539997333,2.40187199805298,-3.842887907033502,1.217466317480481,1.1860173739683522,15.069753758464106,0.05718990111084871,0.29621334507546954
global_compatible,66,2,0,0,certified_reset,0,1,0.09201225096322693,0.0880183764448404,0.003993874518386541,0.07588361584934428,0.0,0.0,0,0,-2.03224539997333,2.40187199805298,-0.3765367225859655,0.8902992768770913,-2.03224539997333,2.40187199805298,-1.5145467553331213,5.225785699670595,0.05718990111084871,0.29621334507546954
global_compatible,66,3,0,0,certified_reset,0,1,0.0880183764448404,0.08402450192645386,0.003993874518386541,0.07188974133095774,0.0,0.0,0,0,-0.3765367225859655,0.8902992768770913,0.04806256303490571,-0.046455814243941844,-0.3765367225859655,0.8902992768770913,-0.936552357266422,0.3063820658367295,0.05718990111084871,0.29621334507546954
global_compatible,66,4,0,0,certified_reset,0,1,0.08402450192645386,0.08003062740806732,0.003993874518386541,0.0678958668125712,0.0,0.0,0,0,0.04806256303490571,-0.046455814243941844,0.01531373514241836,-0.017457179557973712,0.04806256303490571,-0.046455814243941844,0.02057388302284108,0.002709057763922397,0.05718990111084871,0.29621334507546954
global_compatible,66,5,0,0,certified_reset,0,1,0.08003062740806732,0.07603675288968079,0.003993874518386541,0.06390199229418467,0.0,0.0,0,0,0.01531373514241836,-0.017457179557973712,0.004513496468807195,-0.011776575815903467,0.01531373514241836,-0.017457179557973712,0.010470655852505006,0.0002921069111231594,0.05718990111084871,0.29621334507546954
global_compatible,66,6,0,0,certified_reset,0,1,0.07603675288968079,0.07204287837129425,0.003993874518386541,0.05990811777579813,0.0,0.0,0,0,0.004513496468807195,-0.011776575815903467,0.0036928262838192786,-0.004630913035779795,0.004513496468807195,-0.011776575815903467,0.012853334264445898,4.946564824736452e-05,0.05718990111084871,0.29621334507546954
global_compatible,66,7,0,0,certified_reset,0,1,0.07204287837129425,0.06804900385290771,0.003993874518386541,0.05591424325741159,0.0,0.0,0,0,0.0036928262838192786,-0.004630913035779795,0.005739242095135631,-0.0015050702169151988,0.0036928262838192786,-0.004630913035779795,0.003148900067770749,1.7745019251478613e-05,0.05718990111084871,0.29621334507546954
global_compatible,66,8,0,0,certified_reset,0,1,0.06804900385290771,0.06405512933452118,0.003993874518386541,0.051920368739025044,0.0,0.0,0,0,0.005739242095135631,-0.0015050702169151988,0.0014357010820725347,0.0008279798840683346,0.005739242095135631,-0.0015050702169151988,-0.003495010643170474,3.365201985588583e-05,0.05718990111084871,0.29621334507546954
global_compatible,66,9,0,0,certified_reset,0,1,0.06405512933452118,0.060061254816134634,0.003993874518386541,0.0479264942206385,0.0,0.0,0,0,0.0014357010820725347,0.0008279798840683346,0.0005334637597492292,0.004890302738772262,0.0014357010820725347,0.0008279798840683346,-0.002646806722680135,2.3597763666607923e-06,0.05718990111084871,0.29621334507546954
global_compatible,66,10,0,0,certified_reset,0,1,0.060061254816134634,0.05606738029774809,0.003993874518386541,0.04393261970225196,0.0,0.0,0,0,0.0005334637597492292,0.004890302738772262,0.003140785894562426,-0.016268844137156138,0.0005334637597492292,0.004890302738772262,-0.0077320305049923274,6.083901934050908e-06,0.05718990111084871,0.29621334507546954
global_compatible,66,11,0,0,certified_reset,0,1,0.05606738029774809,0.05207350577936155,0.003993874518386541,0.039938745183865414,0.0,0.0,0,0,0.003140785894562426,-0.016268844137156138,-0.0018189349696028261,0.008325769290116821,0.003140785894562426,-0.016268844137156138,0.020838658491342463,6.836233034908662e-05,0.05718990111084871,0.29621334507546954
global_compatible,66,12,0,0,certified_reset,0,1,0.05207350577936155,0.048079631260975,0.003993874518386541,0.03594487066547887,0.0,0.0,0,0,-0.0018189349696028261,0.008325769290116821,0.004279616810110113,-0.0018906770827616314,-0.0018189349696028261,0.008325769290116821,-0.01045325399185154,1.851760556810346e-05,0.05718990111084871,0.29621334507546954
global_compatible,66,13,0,0,certified_reset,0,1,0.048079631260975,0.04408575674258846,0.003993874518386541,0.03195099614709233,0.0,0.0,0,0,0.004279616810110113,-0.0018906770827616314,0.002068293367188635,-0.006558180428539397,0.004279616810110113,-0.0018906770827616314,-0.0014777758498053033,1.9013154347564154e-05,0.05718990111084871,0.29621334507546954
global_compatible,66,14,0,0,certified_reset,0,1,0.04408575674258846,0.040091882224201916,0.003993874518386541,0.027957121628705783,0.0,0.0,0,0,0.002068293367188635,-0.006558180428539397,0.00043587170829409287,-0.013128211085549924,0.002068293367188635,-0.006558180428539397,0.0076002647896974,1.3463689570584247e-05,0.05718990111084871,0.29621334507546954
global_compatible,66,15,0,0,certified_reset,0,1,0.040091882224201916,0.03609800770581537,0.003993874518386541,0.023963247110319243,0.0,0.0,0,0,0.00043587170829409287,-0.013128211085549924,-0.00030134859714428487,0.004524965765561774,0.00043587170829409287,-0.013128211085549924,0.018903988082647254,4.014699001702901e-05,0.05718990111084871,0.29621334507546954
global_compatible,66,16,0,0,certified_reset,0,1,0.03609800770581537,0.03210413318742883,0.003993874518386541,0.019969372591932703,0.0,0.0,0,0,-0.00030134859714428487,0.004524965765561774,-0.0016043853999031907,0.0002779770033780153,-0.00030134859714428487,0.004524965765561774,-0.006365188466701584,4.78925831472769e-06,0.05718990111084871,0.29621334507546954
global_compatible,66,17,0,0,certified_reset,0,1,0.03210413318742883,0.02811025866904229,0.003993874518386541,0.015975498073546163,0.0,0.0,0,0,-0.0016043853999031907,0.0002779770033780153,-0.007236189456331407,0.005747801042589127,-0.0016043853999031907,0.0002779770033780153,0.0011841918033717086,2.6230190856951034e-06,0.05718990111084871,0.29621334507546954
global_compatible,66,18,0,0,certified_reset,0,1,0.02811025866904229,0.02411638415065575,0.003993874518386541,0.011981623555159623,0.0,0.0,0,0,-0.007236189456331407,0.005747801042589127,0.0041231913016614415,-0.00550698879698675,-0.007236189456331407,0.005747801042589127,-0.0012636987688961713,5.834906024091852e-05,0.05718990111084871,0.29621334507546954
global_compatible,66,19,0,0,certified_reset,0,1,0.02411638415065575,0.02012250963226921,0.003993874518386541,0.007987749036773082,0.0,0.0,0,0,0.0041231913016614415,-0.00550698879698675,0.006172759802323076,0.0019642019034271166,0.0041231913016614415,-0.00550698879698675,0.004008483879422975,2.2861251695211182e-05,0.05718990111084871,0.29621334507546954
global_compatible,66,20,0,0,certified_reset,0,1,0.02012250963226921,0.01612863511388267,0.003993874518386541,0.003993874518386541,0.0,0.0,0,0,0.006172759802323076,0.0019642019034271166,0.010591636383371513,-0.007862153437359264,0.006172759802323076,0.0019642019034271166,-0.00903889427901695,4.0839959862993565e-05,0.05718990111084871,0.29621334507546954
global_compatible,66,21,1,1,certified_reset,0,1,0.01612863511388267,0.01213476059549613,0.003993874518386541,0.0,0.0,0.0,0,0,0.010591636383371513,-0.007862153437359264,0.0133425228232882,-0.014308180504518571,0.010591636383371513,-0.007862153437359264,0.0010372236747965954,0.00012333607930241255,0.05718990111084871,0.29621334507546954
global_compatible,67,0,0,0,certified_reset,0,1,0.1,0.09600612548161347,0.003993874518386541,0.08387136488611735,0.0,0.0,0,0,-2.9602841671184925,-0.23984658439118706,-2.4195572992474146,1.3043083304147347,-2.9602841671184925,-0.23984658439118706,1.55,8.833699599220369,0.05718990111084871,0.29621334507546954
global_compatible,67,1,0,0,certified_reset,0,1,0.09600612548161347,0.09201225096322693,0.003993874518386541,0.07987749036773081,0.0,0.0,0,0,-2.4195572992474146,1.3043083304147347,-0.9594241728538936,1.6082533489558994,-2.4195572992474146,1.3043083304147347,0.30836601858596674,6.162854404118975,0.05718990111084871,0.29621334507546954
global_compatible,67,2,0,0,certified_reset,0,1,0.09201225096322693,0.0880183764448404,0.003993874518386541,0.07588361584934428,0.0,0.0,0,0,-0.9594241728538936,1.6082533489558994,-0.06196740448814275,0.19725512834768008,-0.9594241728538936,1.6082533489558994,-1.413748370093639,1.4360280450019542,0.05718990111084871,0.29621334507546954
global_compatible,67,3,0,0,certified_reset,0,1,0.0880183764448404,0.08402450192645386,0.003993874518386541,0.07188974133095774,0.0,0.0,0,0,-0.06196740448814275,0.19725512834768008,0.015664945574529382,-0.031355097804125466,-0.06196740448814275,0.19725512834768008,-0.22887015554359125,0.012153223340163541,0.05718990111084871,0.29621334507546954
global_compatible,67,4,1,1,certified_reset,0,1,0.08402450192645386,0.08003062740806732,0.003993874518386541,0.0678958668125712,0.0,0.0,0,0,0.015664945574529382,-0.031355097804125466,0.02897103291684287,0.018605950868746238,0.015664945574529382,-0.031355097804125466,0.030590378121696613,0.00044575038918880626,0.05718990111084871,0.29621334507546954
global_compatible,67,5,1,1,certified_reset,0,1,0.08003062740806732,0.07603675288968079,0.003993874518386541,0.06390199229418467,0.0,0.0,0,0,0.02897103291684287,0.018605950868746238,0.019123572213377543,-0.036252842188811175,0.02897103291684287,0.018605950868746238,-0.05625977953399968,0.0009807624714905851,0.05718990111084871,0.29621334507546954
global_compatible,67,6,1,1,certified_reset,0,1,0.07603675288968079,0.07204287837129425,0.003993874518386541,0.05990811777579813,0.0,0.0,0,0,0.019123572213377543,-0.036252842188811175,0.024727054179663283,0.0017018165965690698,0.019123572213377543,-0.036252842188811175,0.03436592023306653,0.0006318047680549354,0.05718990111084871,0.29621334507546954
global_compatible,67,7,1,1,certified_reset,0,1,0.07204287837129425,0.06804900385290771,0.003993874518386541,0.05591424325741159,0.0,0.0,0,0,0.024727054179663283,0.0017018165965690698,0.008705941675269837,-0.04027790256327039,0.024727054179663283,0.0017018165965690698,-0.02713157067764328,0.0006303515739410066,0.05718990111084871,0.29621334507546954
global_compatible,67,8,0,0,certified_reset,0,1,0.06804900385290771,0.06405512933452118,0.003993874518386541,0.051920368739025044,0.0,0.0,0,0,0.008705941675269837,-0.04027790256327039,-0.008720714940803072,0.01692917866129964,0.008705941675269837,-0.04027790256327039,0.0506677502187058,0.0004319896415401639,0.05718990111084871,0.29621334507546954
global_compatible,67,9,0,0,certified_reset,0,1,0.06405512933452118,0.060061254816134634,0.003993874518386541,0.0479264942206385,0.0,0.0,0,0,-0.008720714940803072,0.01692917866129964,-0.001569730626651552,-0.0048993729113335025,-0.008720714940803072,0.01692917866129964,-0.016248617692228497,0.0001342387847277675,0.05718990111084871,0.29621334507546954
global_compatible,67,10,0,0,certified_reset,0,1,0.060061254816134634,0.05606738029774809,0.003993874518386541,0.04393261970225196,0.0,0.0,0,0,-0.001569730626651552,-0.0048993729113335025,-0.0005051924801703763,-0.01194922725280988,-0.001569730626651552,-0.0048993729113335025,0.008780556231331916,8.712202319912951e-06,0.05718990111084871,0.29621334507546954
global_compatible,67,11,0,0,certified_reset,0,1,0.05606738029774809,0.05207350577936155,0.003993874518386541,0.039938745183865414,0.0,0.0,0,0,-0.0005051924801703763,-0.01194922725280988,-0.004006727765814895,-0.002012424264666548,-0.0005051924801703763,-0.01194922725280988,0.01810135138277994,3.414781823816541e-05,0.05718990111084871,0.29621334507546954
global_compatible,67,12,0,0,certified_reset,0,1,0.05207350577936155,0.048079631260975,0.003993874518386541,0.03594487066547887,0.0,0.0,0,0,-0.004006727765814895,-0.002012424264666548,-0.0010832472961423774,0.015459292007698133,-0.004006727765814895,-0.002012424264666548,0.006957811849023548,1.7993119288295698e-05,0.05718990111084871,0.29621334507546954
global_compatible,67,13,0,0,certified_reset,0,1,0.048079631260975,0.04408575674258846,0.003993874518386541,0.03195099614709233,0.0,0.0,0,0,-0.0010832472961423774,0.015459292007698133,0.000278207142568679,-0.003822711544139765,-0.0010832472961423774,0.015459292007698133,-0.021696045334176548,5.595953197143616e-05,0.05718990111084871,0.29621334507546954
global_compatible,67,14,0,0,certified_reset,0,1,0.04408575674258846,0.040091882224201916,0.003993874518386541,0.027957121628705783,0.0,0.0,0,0,0.000278207142568679,-0.003822711544139765,0.0017465598213304671,0.0032543345709678197,0.000278207142568679,-0.003822711544139765,0.005354173807998845,3.4244408822786472e-06,0.05718990111084871,0.29621334507546954
global_compatible,67,15,0,0,certified_reset,0,1,0.040091882224201916,0.03609800770581537,0.003993874518386541,0.023963247110319243,0.0,0.0,0,0,0.0017465598213304671,0.0032543345709678197,0.010879176151392335,-0.00232395254916894,0.0017465598213304671,0.0032543345709678197,-0.006532010684632509,6.023475129053079e-06,0.05718990111084871,0.29621334507546954
global_compatible,67,16,0,0,certified_reset,0,1,0.03609800770581537,0.03210413318742883,0.003993874518386541,0.019969372591932703,0.0,0.0,0,0,0.010879176151392335,-0.00232395254916894,0.006717722354941328,-0.004412134463635806,0.010879176151392335,-0.00232395254916894,-0.007406872496227824,0.00012070015371855014,0.05718990111084871,0.29621334507546954
global_compatible,67,17,0,0,certified_reset,0,1,0.03210413318742883,0.02811025866904229,0.003993874518386541,0.015975498073546163,0.0,0.0,0,0,0.006717722354941328,-0.004412134463635806,0.0020049005449620694,0.001744790418963681,0.006717722354941328,-0.004412134463635806,-0.0001906699172641496,4.86327500080487e-05,0.05718990111084871,0.29621334507546954
global_compatible,67,18,0,0,certified_reset,0,1,0.02811025866904229,0.02411638415065575,0.003993874518386541,0.011981623555159623,0.0,0.0,0,0,0.0020049005449620694,0.001744790418963681,0.003717965638286436,-0.0018333646815438518,0.0020049005449620694,0.001744790418963681,-0.004570889591082735,5.0899248356352575e-06,0.05718990111084871,0.29621334507546954
global_compatible,67,19,0,0,certified_reset,0,1,0.02411638415065575,0.02012250963226921,0.003993874518386541,0.007987749036773082,0.0,0.0,0,0,0.003717965638286436,-0.0018333646815438518,-0.006910822294945634,-0.0009262295488447331,0.003717965638286436,-0.0018333646815438518,-0.0010008658675570042,1.4453332489595511e-05,0.05718990111084871,0.29621334507546954
global_compatible,67,20,0,0,certified_reset,0,1,0.02012250963226921,0.01612863511388267,0.003993874518386541,0.003993874518386541,0.0,0.0,0,0,-0.006910822294945634,-0.0009262295488447331,-0.003976345672380346,0.0012689482793252823,-0.006910822294945634,-0.0009262295488447331,0.00824431730618835,4.961310620033312e-05,0.05718990111084871,0.29621334507546954
global_compatible,67,21,0,0,certified_reset,0,1,0.01612863511388267,0.01213476059549613,0.003993874518386541,0.0,0.0,0.0,0,0,-0.003976345672380346,0.0012689482793252823,0.012754139307145551,0.01680538857495243,-0.003976345672380346,0.0012689482793252823,0.0020928215441765935,1.6210663809060615e-05,0.05718990111084871,0.29621334507546954
global_compatible,68,0,0,0,certified_reset,0,1,0.1,0.09600612548161347,0.003993874518386541,0.08387136488611735,0.0,0.0,0,0,0.34524280721940315,-0.1550675864809417,0.14320490868046493,-0.2692492862728024,0.34524280721940315,-0.1550675864809417,-0.11535535008602592,0.12385353950443509,0.05718990111084871,0.29621334507546954
global_compatible,68,1,0,0,certified_reset,0,1,0.09600612548161347,0.09201225096322693,0.003993874518386541,0.07987749036773081,0.0,0.0,0,0,0.14320490868046493,-0.2692492862728024,0.007213154815492754,-0.012187881448872668,0.14320490868046493,-0.2692492862728024,0.25403134718162446,0.035170076072467506,0.05718990111084871,0.29621334507546954
global_compatible,68,2,0,0,certified_reset,0,1,0.09201225096322693,0.0880183764448404,0.003993874518386541,0.07588361584934428,0.0,0.0,0,0,0.007213154815492754,-0.012187881448872668,0.0017626446711501316,-0.0108683509351641,0.007213154815492754,-0.012187881448872668,0.010767285923066418,8.166596530411233e-05,0.05718990111084871,0.29621334507546954
global_compatible,68,3,0,0,certified_reset,0,1,0.0880183764448404,0.08402450192645386,0.003993874518386541,0.07188974133095774,0.0,0.0,0,0,0.0017626446711501316,-0.0108683509351641,-0.0027654491348992755,0.008654253750127312,0.0017626446711501316,-0.0108683509351641,0.014254221990058324,2.9448276719259337e-05,0.05718990111084871,0.29621334507546954
global_compatible,68,4,0,0,certified_reset,0,1,0.08402450192645386,0.08003062740806732,0.003993874518386541,0.0678958668125712,0.0,0.0,0,0,-0.0027654491348992755,0.008654253750127312,-0.002830028450744695,-0.0057603632581326855,-0.0027654491348992755,0.008654253750127312,-0.009992205009079607,2.3625112376188716e-05,0.05718990111084871,0.29621334507546954
global_compatible,68,5,0,0,certified_reset,0,1,0.08003062740806732,0.07603675288968079,0.003993874518386541,0.06390199229418467,0.0,0.0,0,0,-0.002830028450744695,-0.0057603632581326855,0.005398188825971175,0.016315843928022867,-0.002830028450744695,-0.0057603632581326855,0.011304055493852161,1.717632407304275e-05,0.05718990111084871,0.29621334507546954
global_compatible,68,6,0,0,certified_reset,0,1,0.07603675288968079,0.07204287837129425,0.003993874518386541,0.05990811777579813,0.0,0.0,0,0,0.005398188825971175,0.016315843928022867,0.008194417913838502,-0.008659833726255173,0.005398188825971175,0.016315843928022867,-0.02941228456389409,9.868472203757524e-05,0.05718990111084871,0.29621334507546954
global_compatible,68,7,0,0,certified_reset,0,1,0.07204287837129425,0.06804900385290771,0.003993874518386541,0.05591424325741159,0.0,0.0,0,0,0.008194417913838502,-0.008659833726255173,0.0025431349672855232,-0.0039869122270472694,0.008194417913838502,-0.008659833726255173,0.004596812623880871,8.11754417340637e-05,0.05718990111084871,0.29621334507546954
global_compatible,68,8,0,0,certified_reset,0,1,0.06804900385290771,0.06405512933452118,0.003993874518386541,0.051920368739025044,0.0,0.0,0,0,0.0025431349672855232,-0.0039869122270472694,0.006477684500166269,0.008480630567438552,0.0025431349672855232,-0.0039869122270472694,0.003337652157902328,9.607217949121314e-06,0.05718990111084871,0.29621334507546954
global_compatible,68,9,0,0,certified_reset,0,1,0.06405512933452118,0.060061254816134634,0.003993874518386541,0.0479264942206385,0.0,0.0,0,0,0.006477684500166269,0.008480630567438552,0.008606875096801563,-0.008630093033768164,0.006477684500166269,0.008480630567438552,-0.018940601368400835,6.387485305645817e-05,0.05718990111084871,0.29621334507546954
global_compatible,68,10,0,0,certified_reset,0,1,0.060061254816134634,0.05606738029774809,0.003993874518386541,0.04393261970225196,0.0,0.0,0,0,0.008606875096801563,-0.008630093033768164,0.0011057634973641456,-0.0084453388474542,0.008606875096801563,-0.008630093033768164,0.004141991773506834,8.791333236710676e-05,0.05718990111084871,0.29621334507546954
global_compatible,68,11,0,0,certified_reset,0,1,0.05606738029774809,0.05207350577936155,0.003993874518386541,0.039938745183865414,0.0,0.0,0,0,0.0011057634973641456,-0.0084453388474542,-0.003815892278517012,-0.0028137520183847183,0.0011057634973641456,-0.0084453388474542,0.011338005490300236,1.7274746809252372e-05,0.05718990111084871,0.29621334507546954
global_compatible,68,12,0,0,certified_reset,0,1,0.05207350577936155,0.048079631260975,0.003993874518386541,0.03594487066547887,0.0,0.0,0,0,-0.003815892278517012,-0.0028137520183847183,-0.006261255131681558,-0.0028524099208947495,-0.003815892278517012,-0.0028137520183847183,0.007944013601510327,1.7563813759543814e-05,0.05718990111084871,0.29621334507546954
global_compatible,68,13,0,0,certified_reset,0,1,0.048079631260975,0.04408575674258846,0.003993874518386541,0.03195099614709233,0.0,0.0,0,0,-0.006261255131681558,-0.0028524099208947495,-0.008894221275535477,0.008823530129122292,-0.006261255131681558,-0.0028524099208947495,0.010434594369852144,4.338985843981978e-05,0.05718990111084871,0.29621334507546954
global_compatible,68,14,0,0,certified_reset,0,1,0.04408575674258846,0.040091882224201916,0.003993874518386541,0.027957121628705783,0.0,0.0,0,0,-0.008894221275535477,0.008823530129122292,-0.00680777432436998,-0.0002592374059124797,-0.008894221275535477,0.008823530129122292,-0.004138586163347528,9.354921259308942e-05,0.05718990111084871,0.29621334507546954
global_compatible,68,15,0,0,certified_reset,0,1,0.040091882224201916,0.03609800770581537,0.003993874518386541,0.023963247110319243,0.0,0.0,0,0,-0.00680777432436998,-0.0002592374059124797,-0.0010302051032594554,0.011439621037768797,-0.00680777432436998,-0.0002592374059124797,0.007156431273628998,4.763825069177788e-05,0.05718990111084871,0.29621334507546954
global_compatible,68,16,0,0,certified_reset,0,1,0.03609800770581537,0.03210413318742883,0.003993874518386541,0.019969372591932703,0.0,0.0,0,0,-0.0010302051032594554,0.011439621037768797,0.008031798482817688,-0.008886331670684469,-0.0010302051032594554,0.011439621037768797,-0.015827022499195646,3.0879375892330195e-05,0.05718990111084871,0.29621334507546954
global_compatible,68,17,0,0,certified_reset,0,1,0.03210413318742883,0.02811025866904229,0.003993874518386541,0.015975498073546163,0.0,0.0,0,0,0.008031798482817688,-0.008886331670684469,0.0018872629030057897,-0.019957019737591335,0.008031798482817688,-0.008886331670684469,0.005090155267258586,7.937156918576629e-05,0.05718990111084871,0.29621334507546954
global_compatible,68,18,0,0,certified_reset,0,1,0.02811025866904229,0.02411638415065575,0.003993874518386541,0.011981623555159623,0.0,0.0,0,0,0.0018872629030057897,-0.019957019737591335,-0.002533317826212211,0.0020021199545336415,0.0018872629030057897,-0.019957019737591335,0.02751814681532624,9.418384599399791e-05,0.05718990111084871,0.29621334507546954
global_compatible,68,19,0,0,certified_reset,0,1,0.02411638415065575,0.02012250963226921,0.003993874518386541,0.007987749036773082,0.0,0.0,0,0,-0.002533317826212211,0.0020021199545336415,0.004090654260469704,0.0074632527958469665,-0.002533317826212211,0.0020021199545336415,-0.0004269768496541091,7.143784115579597e-06,0.05718990111084871,0.29621334507546954
global_compatible,68,20,0,0,certified_reset,0,1,0.02012250963226921,0.01612863511388267,0.003993874518386541,0.003993874518386541,0.0,0.0,0,0,0.004090654260469704,0.0074632527958469665,0.0011778659614186805,0.01875047615014549,0.004090654260469704,0.0074632527958469665,-0.01506708427065053,3.243490360222022e-05,0.05718990111084871,0.29621334507546954
global_compatible,68,21,0,0,certified_reset,0,1,0.01612863511388267,0.01213476059549613,0.003993874518386541,0.0,0.0,0.0,0,0,0.0011778659614186805,0.01875047615014549,0.0036203276383588853,-0.009997022254266791,0.0011778659614186805,0.01875047615014549,-0.028792869913545,8.539756622381833e-05,0.05718990111084871,0.29621334507546954
global_compatible,69,0,0,0,certified_reset,0,1,0.1,0.09600612548161347,0.003993874518386541,0.08387136488611735,0.0,0.0,0,0,-1.638234891545963,-0.42848055958364284,-1.2955652346006366,1.127091491197334,-1.638234891545963,-0.42848055958364284,1.5499999999999998,2.776923266068013,0.05718990111084871,0.29621334507546954
global_compatible,69,1,0,0,certified_reset,0,1,0.09600612548161347,0.09201225096322693,0.003993874518386541,0.07987749036773081,0.0,0.0,0,0,-1.2955652346006366,1.127091491197334,-0.3529284968860372,0.7586878082174378,-1.2955652346006366,1.127091491197334,-0.37023526972787113,1.9105764722948617,0.05718990111084871,0.29621334507546954
global_compatible,69,2,0,0,certified_reset,0,1,0.09201225096322693,0.0880183764448404,0.003993874518386541,0.07588361584934428,0.0,0.0,0,0,-0.3529284968860372,0.7586878082174378,0.02148332703366791,-0.009363402543472588,-0.3529284968860372,0.7586878082174378,-0.7661850114001852,0.24284380496739547,0.05718990111084871,0.29621334507546954
global_compatible,69,3,0,0,certified_reset,0,1,0.0880183764448404,0.08402450192645386,0.003993874518386541,0.07188974133095774,0.0,0.0,0,0,0.02148332703366791,-0.009363402543472588,0.007684839960847627,-0.013307907618596695,0.02148332703366791,-0.009363402543472588,-0.007598662966582137,0.00047875802770191864,0.05718990111084871,0.29621334507546954
global_compatible,69,4,0,0,certified_reset,0,1,0.08402450192645386,0.08003062740806732,0.003993874518386541,0.0678958668125712,0.0,0.0,0,0,0.007684839960847627,-0.013307907618596695,0.00126811764777892,-0.006950040775774481,0.007684839960847627,-0.013307907618596695,0.011952941856104973,9.450665863254493e-05,0.05718990111084871,0.29621334507546954
global_compatible,69,5,0,0,certified_reset,0,1,0.08003062740806732,0.07603675288968079,0.003993874518386541,0.06390199229418467,0.0,0.0,0,0,0.00126811764777892,-0.006950040775774481,0.001513170575288709,0.007025723365950056,0.00126811764777892,-0.006950040775774481,0.008973011427850003,1.2315547742003541e-05,0.05718990111084871,0.29621334507546954
global_compatible,69,6,0,0,certified_reset,0,1,0.07603675288968079,0.07204287837129425,0.003993874518386541,0.05990811777579813,0.0,0.0,0,0,0.001513170575288709,0.007025723365950056,0.00796190171461281,-0.004317318458199136,0.001513170575288709,0.007025723365950056,-0.011855953585817048,1.468871806231995e-05,0.05718990111084871,0.29621334507546954
global_compatible,69,7,0,0,certified_reset,0,1,0.07204287837129425,0.06804900385290771,0.003993874518386541,0.05591424325741159,0.0,0.0,0,0,0.00796190171461281,-0.004317318458199136,0.0015122980245766728,-0.007171938202163018,0.00796190171461281,-0.004317318458199136,-0.0015711558313742445,6.68086551398272e-05,0.05718990111084871,0.29621334507546954
global_compatible,69,8,0,0,certified_reset,0,1,0.06804900385290771,0.06405512933452118,0.003993874518386541,0.051920368739025044,0.0,0.0,0,0,0.0015122980245766728,-0.007171938202163018,-0.0017915834511193461,0.005384004038598851,0.0015122980245766728,-0.007171938202163018,0.009056850941855533,1.3596314603329397e-05,0.05718990111084871,0.29621334507546954
global_compatible,69,9,0,0,certified_reset,0,1,0.06405512933452118,0.060061254816134634,0.003993874518386541,0.0479264942206385,0.0,0.0,0,0,-0.0017915834511193461,0.005384004038598851,0.0023083120913278167,-0.004185000091071523,-0.0017915834511193461,0.005384004038598851,-0.006146870201119536,9.372121501836762e-06,0.05718990111084871,0.29621334507546954
global_compatible,69,10,0,0,certified_reset,0,1,0.060061254816134634,0.05606738029774809,0.003993874518386541,0.04393261970225196,0.0,0.0,0,0,0.0023083120913278167,-0.004185000091071523,-0.0003969689501321275,0.008704265305732026,0.0023083120913278167,-0.004185000091071523,0.003863588583855887,8.854048266811096e-06,0.05718990111084871,0.29621334507546954
global_compatible,69,11,0,0,certified_reset,0,1,0.05606738029774809,0.05207350577936155,0.003993874518386541,0.039938745183865414,0.0,0.0,0,0,-0.0003969689501321275,0.008704265305732026,-0.0011927671611193223,-0.007314947983530237,-0.0003969689501321275,0.008704265305732026,-0.012426626221597837,1.7655672540914218e-05,0.05718990111084871,0.29621334507546954
global_compatible,69,12,0,0,certified_reset,0,1,0.05207350577936155,0.048079631260975,0.003993874518386541,0.03594487066547887,0.0,0.0,0,0,-0.0011927671611193223,-0.007314947983530237,-0.00225955250701332,0.00582725172804692,-0.0011927671611193223,-0.007314947983530237,0.011960740042215517,1.4630699579896643e-05,0.05718990111084871,0.29621334507546954
global_compatible,69,13,0,0,certified_reset,0,1,0.048079631260975,0.04408575674258846,0.003993874518386541,0.03195099614709233,0.0,0.0,0,0,-0.00225955250701332,0.00582725172804692,0.006746055989015259,0.007588693326658918,-0.00225955250701332,0.00582725172804692,-0.006333563654397267,1.2220663532422378e-05,0.05718990111084871,0.29621334507546954
global_compatible,69,14,1,1,certified_reset,0,1,0.04408575674258846,0.040091882224201916,0.003993874518386541,0.027957121628705783,0.0,0.0,0,0,0.006746055989015259,0.007588693326658918,0.016258744514368113,-0.010971928532924178,0.006746055989015259,0.007588693326658918,-0.017895883075577115,6.38817251363908e-05,0.05718990111084871,0.29621334507546954
global_compatible,69,15,1,1,certified_reset,0,1,0.040091882224201916,0.03609800770581537,0.003993874518386541,0.023963247110319243,0.0,0.0,0,0,0.016258744514368113,-0.010971928532924178,0.019855870676288443,-0.038643466735789465,0.016258744514368113,-0.010971928532924178,-2.8393165267764728e-05,0.00028601577216947824,0.05718990111084871,0.29621334507546954
global_compatible,69,16,1,1,certified_reset,0,1,0.03609800770581537,0.03210413318742883,0.003993874518386541,0.019969372591932703,0.0,0.0,0,0,0.019855870676288443,-0.038643466735789465,-0.023051691202432435,0.0036173431151574897,0.019855870676288443,-0.038643466735789465,0.037153395710529225,0.0006975621244788826,0.05718990111084871,0.29621334507546954
global_compatible,69,17,1,1,certified_reset,0,1,0.03210413318742883,0.02811025866904229,0.003993874518386541,0.015975498073546163,0.0,0.0,0,0,-0.023051691202432435,0.0036173431151574897,0.030327366230981694,0.043296674076804625,-0.023051691202432435,0.0036173431151574897,0.017624026507945607,0.0005415009558694201,0.05718990111084871,0.29621334507546954
global_compatible,69,18,1,1,certified_reset,0,1,0.02811025866904229,0.02411638415065575,0.003993874518386541,0.011981623555159623,0.0,0.0,0,0,0.030327366230981694,0.043296674076804625,0.03852417918988973,0.003183237230162471,0.030327366230981694,0.043296674076804625,-0.09398124534656435,0.001477989361930715,0.05718990111084871,0.29621334507546954
global_compatible,69,19,0,0,certified_reset,0,1,0.02411638415065575,0.02012250963226921,0.003993874518386541,0.007987749036773082,0.0,0.0,0,0,0.03852417918988973,0.003183237230162471,0.01165142873430415,-0.062305370535853985,0.03852417918988973,0.003183237230162471,-0.043051065973368476,0.0015322711791582444,0.05718990111084871,0.29621334507546954
global_compatible,69,20,0,0,certified_reset,0,1,0.02012250963226921,0.01612863511388267,0.003993874518386541,0.003993874518386541,0.0,0.0,0,0,0.01165142873430415,-0.062305370535853985,-0.006244320457138606,0.014892949952009892,0.01165142873430415,-0.062305370535853985,0.08018053974267506,0.000995231420956047,0.05718990111084871,0.29621334507546954
global_compatible,69,21,0,0,certified_reset,0,1,0.01612863511388267,0.01213476059549613,0.003993874518386541,0.0,0.0,0.0,0,0,-0.006244320457138606,0.014892949952009892,0.00611783487519877,-0.007277558242101874,-0.006244320457138606,0.014892949952009892,-0.01572295303637646,8.509581176519505e-05,0.05718990111084871,0.29621334507546954
global_compatible,70,0,0,0,certified_reset,0,1,0.1,0.09600612548161347,0.003993874518386541,0.08387136488611735,0.0,0.0,0,0,-0.49443586969934294,0.5244261163369043,-0.10579753658819517,0.2436099910093751,-0.49443586969934294,0.5244261163369043,-0.28018857243579015,0.2959335654177533,0.05718990111084871,0.29621334507546954
global_compatible,70,1,0,0,certified_reset,0,1,0.09600612548161347,0.09201225096322693,0.003993874518386541,0.07987749036773081,0.0,0.0,0,0,-0.10579753658819517,0.2436099910093751,0.013114587401353982,-0.01912076476910641,-0.10579753658819517,0.2436099910093751,-0.2535111415946377,0.023482065210471716,0.05718990111084871,0.29621334507546954
global_compatible,70,2,0,0,certified_reset,0,1,0.09201225096322693,0.0880183764448404,0.003993874518386541,0.07588361584934428,0.0,0.0,0,0,0.013114587401353982,-0.01912076476910641,0.004864573240282478,-0.0030893139304856232,0.013114587401353982,-0.01912076476910641,0.015109583551248034,0.00024350854674904637,0.05718990111084871,0.29621334507546954
global_compatible,70,3,0,0,certified_reset,0,1,0.0880183764448404,0.08402450192645386,0.003993874518386541,0.07188974133095774,0.0,0.0,0,0,0.004864573240282478,-0.0030893139304856232,0.008882538838184375,0.002273389351988923,0.004864573240282478,-0.0030893139304856232,-0.0002902643283639785,2.5384074045577036e-05,0.05718990111084871,0.29621334507546954
global_compatible,70,4,0,0,certified_reset,0,1,0.08402450192645386,0.08003062740806732,0.003993874518386541,0.0678958668125712,0.0,0.0,0,0,0.008882538838184375,0.002273389351988923,0.011904481617558117,-0.004854966538417769,0.008882538838184375,0.002273389351988923,-0.012193112894433417,8.354659010949637e-05,0.05718990111084871,0.29621334507546954
global_compatible,70,5,0,0,certified_reset,0,1,0.08003062740806732,0.07603675288968079,0.003993874518386541,0.06390199229418467,0.0,0.0,0,0,0.011904481617558117,-0.004854966538417769,0.0023531443645951836,-0.003567036737012158,0.011904481617558117,-0.004854966538417769,-0.004704428301895773,0.0001465126997400192,0.05718990111084871,0.29621334507546954
global_compatible,70,6,0,0,certified_reset,0,1,0.07603675288968079,0.07204287837129425,0.003993874518386541,0.05990811777579813,0.0,0.0,0,0,0.0023531443645951836,-0.003567036737012158,0.005993437280120511,0.0011030712965325214,0.0023531443645951836,-0.003567036737012158,0.002910102084274279,8.03928094912349e-06,0.05718990111084871,0.29621334507546954
global_compatible,70,7,0,0,certified_reset,0,1,0.07204287837129425,0.06804900385290771,0.003993874518386541,0.05591424325741159,0.0,0.0,0,0,0.005993437280120511,0.0011030712965325214,-0.004096668801788845,-0.009530271282442986,0.005993437280120511,0.0011030712965325214,-0.007591592196649482,3.7581115164086185e-05,0.05718990111084871,0.29621334507546954
global_compatible,70,8,0,0,certified_reset,0,1,0.06804900385290771,0.06405512933452118,0.003993874518386541,0.051920368739025044,0.0,0.0,0,0,-0.004096668801788845,-0.009530271282442986,-0.007060307828313024,-0.0018277142350839205,-0.004096668801788845,-0.009530271282442986,0.018121606199779466,4.134120328209954e-05,0.05718990111084871,0.29621334507546954
global_compatible,70,9,0,0,certified_reset,0,1,0.06405512933452118,0.060061254816134634,0.003993874518386541,0.0479264942206385,0.0,0.0,0,0,-0.007060307828313024,-0.0018277142350839205,-0.013503896691775822,-0.0003834409858442401,-0.007060307828313024,-0.0018277142350839205,0.009725445149845312,5.281385079312753e-05,0.05718990111084871,0.29621334507546954
global_compatible,70,10,0,0,certified_reset,0,1,0.060061254816134634,0.05606738029774809,0.003993874518386541,0.04393261970225196,0.0,0.0,0,0,-0.013503896691775822,-0.0003834409858442401,-0.005097229826129445,0.013874906626374825,-0.013503896691775822,-0.0003834409858442401,0.014010739829666016,0.00018728921148465129,0.05718990111084871,0.29621334507546954
global_compatible,70,11,0,0,certified_reset,0,1,0.05606738029774809,0.05207350577936155,0.003993874518386541,0.039938745183865414,0.0,0.0,0,0,-0.005097229826129445,0.013874906626374825,-0.0015872447547098149,-0.00738845338355517,-0.005097229826129445,0.013874906626374825,-0.015366090930949653,6.653701676315055e-05,0.05718990111084871,0.29621334507546954
global_compatible,70,12,0,0,certified_reset,0,1,0.05207350577936155,0.048079631260975,0.003993874518386541,0.03594487066547887,0.0,0.0,0,0,-0.0015872447547098149,-0.00738845338355517,-0.002083736709755833,0.00518452541799493,-0.0015872447547098149,-0.00738845338355517,0.01246487934497703,1.6229740150648903e-05,0.05718990111084871,0.29621334507546954
global_compatible,70,13,0,0,certified_reset,0,1,0.048079631260975,0.04408575674258846,0.003993874518386541,0.03195099614709233,0.0,0.0,0,0,-0.002083736709755833,0.00518452541799493,0.005632751056582477,-0.0016268221301964404,-0.002083736709755833,0.00518452541799493,-0.005561704599147287,9.953547312558858e-06,0.05718990111084871,0.29621334507546954
global_compatible,70,14,0,0,certified_reset,0,1,0.04408575674258846,0.040091882224201916,0.003993874518386541,0.027957121628705783,0.0,0.0,0,0,0.005632751056582477,-0.0016268221301964404,0.018471793963484216,-0.002693686796128887,0.005632751056582477,-0.0016268221301964404,-0.003211628789728362,3.246212749629974e-05,0.05718990111084871,0.29621334507546954
global_compatible,70,15,0,0,certified_reset,0,1,0.040091882224201916,0.03609800770581537,0.003993874518386541,0.023963247110319243,0.0,0.0,0,0,0.018471793963484216,-0.002693686796128887,0.0157586757561727,-0.006640831594598221,0.018471793963484216,-0.002693686796128887,-0.014425571516021897,0.00034771567080852354,0.05718990111084871,0.29621334507546954
global_compatible,70,16,0,0,certified_reset,0,1,0.03609800770581537,0.03210413318742883,0.003993874518386541,0.019969372591932703,0.0,0.0,0,0,0.0157586757561727,-0.006640831594598221,0.01496973512869922,-0.005154341922948234,0.0157586757561727,-0.006640831594598221,-0.005913945107240631,0.00025714834622467817,0.05718990111084871,0.29621334507546954
global_compatible,70,17,0,0,certified_reset,0,1,0.03210413318742883,0.02811025866904229,0.003993874518386541,0.015975498073546163,0.0,0.0,0,0,0.01496973512869922,-0.005154341922948234,0.01059217653078584,-0.005325261584400677,0.01496973512869922,-0.005154341922948234,-0.007313276127219012,0.0002302121733347943,0.05718990111084871,0.29621334507546954
global_compatible,70,18,0,0,certified_reset,0,1,0.02811025866904229,0.02411638415065575,0.003993874518386541,0.011981623555159623,0.0,0.0,0,0,0.01059217653078584,-0.005325261584400677,-0.0056528787714637254,-0.0036865706076883832,0.01059217653078584,-0.005325261584400677,-0.0027034485155310716,0.0001174814334758464,0.05718990111084871,0.29621334507546954
global_compatible,70,19,0,0,certified_reset,0,1,0.02411638415065575,0.02012250963226921,0.003993874518386541,0.007987749036773082,0.0,0.0,0,0,-0.0056528787714637254,-0.0036865706076883832,-0.007041349844972858,0.012525138687890725,-0.0056528787714637254,-0.0036865706076883832,0.011060892250951566,3.7459966351729195e-05,0.05718990111084871,0.29621334507546954
global_compatible,70,20,0,0,certified_reset,0,1,0.02012250963226921,0.01612863511388267,0.003993874518386541,0.003993874518386541,0.0,0.0,0,0,-0.007041349844972858,0.012525138687890725,0.0008432031161114751,0.007859545443588379,-0.007041349844972858,0.012525138687890725,-0.011435978382963294,8.108838552585083e-05,0.05718990111084871,0.29621334507546954
global_compatible,70,21,0,0,certified_reset,0,1,0.01612863511388267,0.01213476059549613,0.003993874518386541,0.0,0.0,0.0,0,0,0.0008432031161114751,0.007859545443588379,-0.01079885548266702,-0.008661611967823972,0.0008432031161114751,0.007859545443588379,-0.012415107552545046,1.568340570792118e-05,0.05718990111084871,0.29621334507546954
global_compatible,71,0,0,0,certified_reset,0,1,0.1,0.09600612548161347,0.003993874518386541,0.08387136488611735,0.0,0.0,0,0,-5.409783651992306,-0.47529136589369353,-5.112890899942609,1.0827317691966594,-5.409783651992306,-0.47529136589369353,1.5499999999980247,29.366484000211823,0.05718990111084871,0.29621334507546954
global_compatible,71,1,0,0,certified_reset,0,1,0.09600612548161347,0.09201225096322693,0.003993874518386541,0.07987749036773081,0.0,0.0,0,0,-5.112890899942609,1.0827317691966594,-3.2539016442739843,2.626907698279207,-5.112890899942609,1.0827317691966594,1.5499999999999994,26.41273130984093,0.05718990111084871,0.29621334507546954
global_compatible,71,2,0,0,certified_reset,0,1,0.09201225096322693,0.0880183764448404,0.003993874518386541,0.07588361584934428,0.0,0.0,0,0,-3.2539016442739843,2.626907698279207,-1.0687976221003905,1.7384254184546033,-3.2539016442739843,2.626907698279207,-0.9027200341841604,11.850364427062017,0.05718990111084871,0.29621334507546954
global_compatible,71,3,0,0,certified_reset,0,1,0.0880183764448404,0.08402450192645386,0.003993874518386541,0.07188974133095774,0.0,0.0,0,0,-1.0687976221003905,1.7384254184546033,-0.08473826457629237,0.23083580554041627,-1.0687976221003905,1.7384254184546033,-1.4965939459920479,1.7423053213821817,0.05718990111084871,0.29621334507546954
global_compatible,71,4,0,0,certified_reset,0,1,0.08402450192645386,0.08003062740806732,0.003993874518386541,0.0678958668125712,0.0,0.0,0,0,-0.08473826457629237,0.23083580554041627,0.0179374232520476,-0.019935571532758854,-0.08473826457629237,0.23083580554041627,-0.25565908519270414,0.018405943120949703,0.05718990111084871,0.29621334507546954
global_compatible,71,5,0,0,certified_reset,0,1,0.08003062740806732,0.07603675288968079,0.003993874518386541,0.06390199229418467,0.0,0.0,0,0,0.0179374232520476,-0.019935571532758854,0.010603400406311782,-0.0006850216715046653,0.0179374232520476,-0.019935571532758854,0.011507009881678104,0.00039659829705431795,0.05718990111084871,0.29621334507546954
global_compatible,71,6,0,0,certified_reset,0,1,0.07603675288968079,0.07204287837129425,0.003993874518386541,0.05990811777579813,0.0,0.0,0,0,0.010603400406311782,-0.0006850216715046653,0.008341435383052395,-0.008742933373662887,0.010603400406311782,-0.0006850216715046653,-0.009547178811185466,0.00011479528160216917,0.05718990111084871,0.29621334507546954
global_compatible,71,7,0,0,certified_reset,0,1,0.07204287837129425,0.06804900385290771,0.003993874518386541,0.05591424325741159,0.0,0.0,0,0,0.008341435383052395,-0.008742933373662887,-0.0015277049637125529,0.0014226246707433237,0.008341435383052395,-0.008742933373662887,0.004571849829992086,8.386108863707392e-05,0.05718990111084871,0.29621334507546954
global_compatible,71,8,0,0,certified_reset,0,1,0.06804900385290771,0.06405512933452118,0.003993874518386541,0.051920368739025044,0.0,0.0,0,0,-0.0015277049637125529,0.0014226246707433237,0.0035310949403477244,0.00830477179859241,-0.0015277049637125529,0.0014226246707433237,-0.0005762320965186208,2.706478513563788e-06,0.05718990111084871,0.29621334507546954
global_compatible,71,9,0,0,certified_reset,0,1,0.06405512933452118,0.060061254816134634,0.003993874518386541,0.0479264942206385,0.0,0.0,0,0,0.0035310949403477244,0.00830477179859241,0.003871982961913342,-0.015941340985365177,0.0035310949403477244,0.00830477179859241,-0.01574815758503585,3.10832053936326e-05,0.05718990111084871,0.29621334507546954
global_compatible,71,10,0,0,certified_reset,0,1,0.060061254816134634,0.05606738029774809,0.003993874518386541,0.04393261970225196,0.0,0.0,0,0,0.003871982961913342,-0.015941340985365177,0.0016393613975735203,0.0016390573078324745,0.003871982961913342,-0.015941340985365177,0.019629817828443422,7.036823919089714e-05,0.05718990111084871,0.29621334507546954
global_compatible,71,11,0,0,certified_reset,0,1,0.05606738029774809,0.05207350577936155,0.003993874518386541,0.039938745183865414,0.0,0.0,0,0,0.0016393613975735203,0.0016390573078324745,0.003327868080662255,0.00020998195379731384,0.0016393613975735203,0.0016390573078324745,-0.004046611906743786,3.580454084453847e-06,0.05718990111084871,0.29621334507546954
global_compatible,71,12,0,0,certified_reset,0,1,0.05207350577936155,0.048079631260975,0.003993874518386541,0.03594487066547887,0.0,0.0,0,0,0.003327868080662255,0.00020998195379731384,-0.003454627771722529,-0.00882148035876346,0.003327868080662255,0.00020998195379731384,-0.0036232497545936886,1.1410841067660458e-05,0.05718990111084871,0.29621334507546954
global_compatible,71,13,0,0,certified_reset,0,1,0.048079631260975,0.04408575674258846,0.003993874518386541,0.03195099614709233,0.0,0.0,0,0,-0.003454627771722529,-0.00882148035876346,0.002885651084584707,-0.0018814553794807738,-0.003454627771722529,-0.00882148035876346,0.01643533499932993,3.2694791784270455e-05,0.05718990111084871,0.29621334507546954
global_compatible,71,14,0,0,certified_reset,0,1,0.04408575674258846,0.040091882224201916,0.003993874518386541,0.027957121628705783,0.0,0.0,0,0,0.002885651084584707,-0.0018814553794807738,0.0006548231536954083,-0.0035867209022901474,0.002885651084584707,-0.0018814553794807738,-9.998400088940403e-05,8.964409484071624e-06,0.05718990111084871,0.29621334507546954
global_compatible,71,15,0,0,certified_reset,0,1,0.040091882224201916,0.03609800770581537,0.003993874518386541,0.023963247110319243,0.0,0.0,0,0,0.0006548231536954083,-0.0035867209022901474,0.00027575376166432785,0.0026281748580174067,0.0006548231536954083,-0.0035867209022901474,0.004630869842807575,3.2805392797077253e-06,0.05718990111084871,0.29621334507546954
global_compatible,71,16,0,0,certified_reset,0,1,0.03609800770581537,0.03210413318742883,0.003993874518386541,0.019969372591932703,0.0,0.0,0,0,0.00027575376166432785,0.0026281748580174067,-0.011106946932457607,0.001575289414024449,0.00027575376166432785,0.0026281748580174067,-0.004142092254204469,1.7482778983072103e-06,0.05718990111084871,0.29621334507546954
global_compatible,71,17,0,0,certified_reset,0,1,0.03210413318742883,0.02811025866904229,0.003993874518386541,0.015975498073546163,0.0,0.0,0,0,-0.011106946932457607,0.001575289414024449,-0.013213164215195347,0.005152352820606819,-0.011106946932457607,0.001575289414024449,0.008738897426711,0.00012572015497912262,0.05718990111084871,0.29621334507546954
global_compatible,71,18,0,0,certified_reset,0,1,0.02811025866904229,0.02411638415065575,0.003993874518386541,0.011981623555159623,0.0,0.0,0,0,-0.013213164215195347,0.005152352820606819,-0.008198757088561862,0.01116503698040497,-0.013213164215195347,0.005152352820606819,0.005567065238007501,0.00018014092708766737,0.05718990111084871,0.29621334507546954
global_compatible,71,19,0,0,certified_reset,0,1,0.02411638415065575,0.02012250963226921,0.003993874518386541,0.007987749036773082,0.0,0.0,0,0,-0.008198757088561862,0.01116503698040497,0.002095336261467811,0.006709617304480765,-0.008198757088561862,0.01116503698040497,-0.008281459018033538,9.13726310232135e-05,0.05718990111084871,0.29621334507546954
global_compatible,71,20,2,2,certified_reset,0,1,0.02012250963226921,0.01612863511388267,0.003993874518386541,0.003993874518386541,0.0,0.0,0,0,0.002095336261467811,0.006709617304480765,-0.04795688765047195,-0.0647351436549035,0.002095336261467811,0.006709617304480765,-0.011971296825042985,1.60766463275198e-05,0.05718990111084871,0.29621334507546954
global_compatible,71,21,1,1,certified_reset,0,1,0.01612863511388267,0.01213476059549613,0.003993874518386541,0.0,0.0,0.0,0,0,-0.04795688765047195,-0.0647351436549035,-0.03964051113926959,0.06804115073527,-0.04795688765047195,-0.0647351436549035,0.14311592635724413,0.003566232270871071,0.05718990111084871,0.29621334507546954
global_compatible,72,0,0,0,certified_reset,0,1,0.1,0.09600612548161347,0.003993874518386541,0.08387136488611735,0.0,0.0,0,0,-3.6892219514476903,-0.5473960055495686,-3.466020088164846,1.0076139044963985,-3.6892219514476903,-0.5473960055495686,1.55,13.724356736683996,0.05718990111084871,0.29621334507546954
global_compatible,72,1,0,0,certified_reset,0,1,0.09600612548161347,0.09201225096322693,0.003993874518386541,0.07987749036773081,0.0,0.0,0,0,-3.466020088164846,1.0076139044963985,-1.8216279073998665,2.2919507050027175,-3.466020088164846,1.0076139044963985,1.2780091477520885,12.236879376601904,0.05718990111084871,0.29621334507546954
global_compatible,72,2,0,0,certified_reset,0,1,0.09201225096322693,0.0880183764448404,0.003993874518386541,0.07588361584934428,0.0,0.0,0,0,-1.8216279073998665,2.2919507050027175,-0.30692588256586384,0.7388660914560368,-1.8216279073998665,2.2919507050027175,-1.55,4.323937579167258,0.05718990111084871,0.29621334507546954
global_compatible,72,3,0,0,certified_reset,0,1,0.0880183764448404,0.08402450192645386,0.003993874518386541,0.07188974133095774,0.0,0.0,0,0,-0.30692588256586384,0.7388660914560368,0.0370786222476242,-0.05011652899458418,-0.30692588256586384,0.7388660914560368,-0.7827936972401713,0.20778880489844154,0.05718990111084871,0.29621334507546954
global_compatible,72,4,0,0,certified_reset,0,1,0.08402450192645386,0.08003062740806732,0.003993874518386541,0.0678958668125712,0.0,0.0,0,0,0.0370786222476242,-0.05011652899458418,0.007295569894443571,-0.01786714865500761,0.0370786222476242,-0.05011652899458418,0.03690509291256572,0.0018609738409778392,0.05718990111084871,0.29621334507546954
global_compatible,72,5,0,0,certified_reset,0,1,0.08003062740806732,0.07603675288968079,0.003993874518386541,0.06390199229418467,0.0,0.0,0,0,0.007295569894443571,-0.01786714865500761,-0.004301013703482445,9.846461751647473e-05,0.007295569894443571,-0.01786714865500761,0.019056350592053822,0.00011976625272271838,0.05718990111084871,0.29621334507546954
global_compatible,72,6,0,0,certified_reset,0,1,0.07603675288968079,0.07204287837129425,0.003993874518386541,0.05990811777579813,0.0,0.0,0,0,-0.004301013703482445,9.846461751647473e-05,0.005075932105420888,0.0023295585955360647,-0.004301013703482445,9.846461751647473e-05,0.004140750593905703,1.892910941512952e-05,0.05718990111084871,0.29621334507546954
global_compatible,72,7,0,0,certified_reset,0,1,0.07204287837129425,0.06804900385290771,0.003993874518386541,0.05591424325741159,0.0,0.0,0,0,0.005075932105420888,0.0023295585955360647,-0.004144409416176907,0.006299396619097899,0.005075932105420888,0.0023295585955360647,-0.008484206400228116,2.8541462479890796e-05,0.05718990111084871,0.29621334507546954
global_compatible,72,8,0,0,certified_reset,0,1,0.06804900385290771,0.06405512933452118,0.003993874518386541,0.051920368739025044,0.0,0.0,0,0,-0.004144409416176907,0.006299396619097899,0.007838631926641547,-0.004384391523268523,-0.004144409416176907,0.006299396619097899,-0.005153403030976654,2.4982900076534164e-05,0.05718990111084871,0.29621334507546954
global_compatible,72,9,0,0,certified_reset,0,1,0.06405512933452118,0.060061254816134634,0.003993874518386541,0.0479264942206385,0.0,0.0,0,0,0.007838631926641547,-0.004384391523268523,0.006402084077125691,-0.0031358416259538702,0.007838631926641547,-0.004384391523268523,-0.001345179165163168,6.494950818129951e-05,0.05718990111084871,0.29621334507546954
global_compatible,72,10,0,0,certified_reset,0,1,0.060061254816134634,0.05606738029774809,0.003993874518386541,0.04393261970225196,0.0,0.0,0,0,0.006402084077125691,-0.0031358416259538702,-0.0014965376626282071,-0.014388290179155296,0.006402084077125691,-0.0031358416259538702,-0.001755447195968387,4.283375088858384e-05,0.05718990111084871,0.29621334507546954
global_compatible,72,11,0,0,certified_reset,0,1,0.05606738029774809,0.05207350577936155,0.003993874518386541,0.039938745183865414,0.0,0.0,0,0,-0.0014965376626282071,-0.014388290179155296,-0.00804553529854891,0.0196590123085479,-0.0014965376626282071,-0.014388290179155296,0.022686960342036863,5.237120018501735e-05,0.05718990111084871,0.29621334507546954
global_compatible,72,12,0,0,certified_reset,0,1,0.05207350577936155,0.048079631260975,0.003993874518386541,0.03594487066547887,0.0,0.0,0,0,-0.00804553529854891,0.0196590123085479,0.005321365570670553,-0.011741123902941726,-0.00804553529854891,0.0196590123085479,-0.020948693029255543,0.00014526764942162079,0.05718990111084871,0.29621334507546954
global_compatible,72,13,0,0,certified_reset,0,1,0.048079631260975,0.04408575674258846,0.003993874518386541,0.03195099614709233,0.0,0.0,0,0,0.005321365570670553,-0.011741123902941726,-0.005679657467017032,0.0019524233004671395,0.005321365570670553,-0.011741123902941726,0.011996964201226656,5.6728828578617105e-05,0.05718990111084871,0.29621334507546954
global_compatible,72,14,0,0,certified_reset,0,1,0.04408575674258846,0.040091882224201916,0.003993874518386541,0.027957121628705783,0.0,0.0,0,0,-0.005679657467017032,0.0019524233004671395,-0.0007649889103161565,-0.002837588316170467,-0.005679657467017032,0.0019524233004671395,0.002779747059052913,3.313783599940742e-05,0.05718990111084871,0.29621334507546954
global_compatible,72,15,0,0,certified_reset,0,1,0.040091882224201916,0.03609800770581537,0.003993874518386541,0.023963247110319243,0.0,0.0,0,0,-0.0007649889103161565,-0.002837588316170467,0.006887496443288748,0.01363967279077133,-0.0007649889103161565,-0.002837588316170467,0.004944258543853764,2.64569368799056e-06,0.05718990111084871,0.29621334507546954
global_compatible,72,16,0,0,certified_reset,0,1,0.03609800770581537,0.03210413318742883,0.003993874518386541,0.019969372591932703,0.0,0.0,0,0,0.006887496443288748,0.01363967279077133,0.0055140984115027315,-0.024483156440457614,0.006887496443288748,0.01363967279077133,-0.02695081920449839,9.908359494222953e-05,0.05718990111084871,0.29621334507546954
global_compatible,72,17,0,0,certified_reset,0,1,0.03210413318742883,0.02811025866904229,0.003993874518386541,0.015975498073546163,0.0,0.0,0,0,0.0055140984115027315,-0.024483156440457614,-0.0028414254649834353,0.016264137964407156,0.0055140984115027315,-0.024483156440457614,0.030576022739211783,0.00016167410132728263,0.05718990111084871,0.29621334507546954
global_compatible,72,18,0,0,certified_reset,0,1,0.02811025866904229,0.02411638415065575,0.003993874518386541,0.011981623555159623,0.0,0.0,0,0,-0.0028414254649834353,0.016264137964407156,0.004268782743415972,0.0006926793130612565,-0.0028414254649834353,0.016264137964407156,-0.0211245538922085,6.684386117222549e-05,0.05718990111084871,0.29621334507546954
global_compatible,72,19,0,0,certified_reset,0,1,0.02411638415065575,0.02012250963226921,0.003993874518386541,0.007987749036773082,0.0,0.0,0,0,0.004268782743415972,0.0006926793130612565,-0.010370617509396949,-0.0002854009045706032,0.004268782743415972,0.0006926793130612565,-0.005273879540149994,1.900421607912005e-05,0.05718990111084871,0.29621334507546954
global_compatible,72,20,0,0,certified_reset,0,1,0.02012250963226921,0.01612863511388267,0.003993874518386541,0.003993874518386541,0.0,0.0,0,0,-0.010370617509396949,-0.0002854009045706032,-0.010374888763303988,0.0059058145014233175,-0.010370617509396949,-0.0002854009045706032,0.01074637084496351,0.00011045148134638696,0.05718990111084871,0.29621334507546954
global_compatible,72,21,0,0,certified_reset,0,1,0.01612863511388267,0.01213476059549613,0.003993874518386541,0.0,0.0,0.0,0,0,-0.010374888763303988,0.0059058145014233175,-0.006140123179687849,-0.003893658680172006,-0.010374888763303988,0.0059058145014233175,0.0016354847890659664,0.00011398334319985297,0.05718990111084871,0.29621334507546954
global_compatible,73,0,0,0,certified_reset,0,1,0.1,0.09600612548161347,0.003993874518386541,0.08387136488611735,0.0,0.0,0,0,2.2744184771508014,0.48181927992945905,1.9732462050700943,-1.0585941018924956,2.2744184771508014,0.48181927992945905,-1.55,5.274828876537084,0.05718990111084871,0.29621334507546954
global_compatible,73,1,0,0,certified_reset,0,1,0.09600612548161347,0.09201225096322693,0.003993874518386541,0.07987749036773081,0.0,0.0,0,0,1.9732462050700943,-1.0585941018924956,0.7373256817879567,-1.422611984588151,1.9732462050700943,-1.0585941018924956,-0.3569376075227508,4.098597562276215,0.05718990111084871,0.29621334507546954
global_compatible,73,2,0,0,certified_reset,0,1,0.09201225096322693,0.0880183764448404,0.003993874518386541,0.07588361584934428,0.0,0.0,0,0,0.7373256817879567,-1.422611984588151,0.004164689102345187,-0.07100334917780315,0.7373256817879567,-1.422611984588151,1.3614388814474732,0.9542755312868896,0.05718990111084871,0.29621334507546954
global_compatible,73,3,0,0,certified_reset,0,1,0.0880183764448404,0.08402450192645386,0.003993874518386541,0.07188974133095774,0.0,0.0,0,0,0.004164689102345187,-0.07100334917780315,-0.012541961202059297,0.04186520715668535,0.004164689102345187,-0.07100334917780315,0.10044500851110542,0.0011770402356928009,0.05718990111084871,0.29621334507546954
global_compatible,73,4,0,0,certified_reset,0,1,0.08402450192645386,0.08003062740806732,0.003993874518386541,0.0678958668125712,0.0,0.0,0,0,-0.012541961202059297,0.04186520715668535,0.010380419380826265,-0.00572712630902985,-0.012541961202059297,0.04186520715668535,-0.04918629008654671,0.0005332682717549009,0.05718990111084871,0.29621334507546954
global_compatible,73,5,0,0,certified_reset,0,1,0.08003062740806732,0.07603675288968079,0.003993874518386541,0.06390199229418467,0.0,0.0,0,0,0.010380419380826265,-0.00572712630902985,0.01586478690091857,-0.003321516827357966,0.010380419380826265,-0.00572712630902985,-0.0019044630862308602,0.00011374777664972867,0.05718990111084871,0.29621334507546954
global_compatible,73,6,0,0,certified_reset,0,1,0.07603675288968079,0.07204287837129425,0.003993874518386541,0.05990811777579813,0.0,0.0,0,0,0.01586478690091857,-0.003321516827357966,0.005964868706690019,-0.011336521148712453,0.01586478690091857,-0.003321516827357966,-0.010903334406206548,0.00025664937626709264,0.05718990111084871,0.29621334507546954
global_compatible,73,7,0,0,certified_reset,0,1,0.07204287837129425,0.06804900385290771,0.003993874518386541,0.05591424325741159,0.0,0.0,0,0,0.005964868706690019,-0.011336521148712453,0.005566039421425808,0.008137319511249526,0.005964868706690019,-0.011336521148712453,0.0107602020482223,6.160721550695089e-05,0.05718990111084871,0.29621334507546954
global_compatible,73,8,0,0,certified_reset,0,1,0.06804900385290771,0.06405512933452118,0.003993874518386541,0.051920368739025044,0.0,0.0,0,0,0.005566039421425808,0.008137319511249526,0.0035677703430167375,-0.026601367086780296,0.005566039421425808,0.008137319511249526,-0.017531114583467577,5.058316869340208e-05,0.05718990111084871,0.29621334507546954
global_compatible,73,9,0,0,certified_reset,0,1,0.06405512933452118,0.060061254816134634,0.003993874518386541,0.0479264942206385,0.0,0.0,0,0,0.0035677703430167375,-0.026601367086780296,-0.002265158115422647,0.0073309901319539425,0.0035677703430167375,-0.026601367086780296,0.035635959491902264,0.00017185091700263708,0.05718990111084871,0.29621334507546954
global_compatible,73,10,0,0,certified_reset,0,1,0.060061254816134634,0.05606738029774809,0.003993874518386541,0.04393261970225196,0.0,0.0,0,0,-0.002265158115422647,0.0073309901319539425,0.000373192790237183,-0.007410345417108684,-0.002265158115422647,0.0073309901319539425,-0.00854446989146268,1.6629955367682977e-05,0.05718990111084871,0.29621334507546954
global_compatible,73,11,0,0,certified_reset,0,1,0.05606738029774809,0.05207350577936155,0.003993874518386541,0.039938745183865414,0.0,0.0,0,0,0.000373192790237183,-0.007410345417108684,0.007806802135739543,0.006395554864989537,0.000373192790237183,-0.007410345417108684,0.010543908907163219,1.2803002690904373e-05,0.05718990111084871,0.29621334507546954
global_compatible,73,12,0,0,certified_reset,0,1,0.05207350577936155,0.048079631260975,0.003993874518386541,0.03594487066547887,0.0,0.0,0,0,0.007806802135739543,0.006395554864989537,0.0031531688183421974,-0.013424692432356746,0.007806802135739543,0.006395554864989537,-0.01719746051740469,7.570253775837626e-05,0.05718990111084871,0.29621334507546954
global_compatible,73,13,0,0,certified_reset,0,1,0.048079631260975,0.04408575674258846,0.003993874518386541,0.03195099614709233,0.0,0.0,0,0,0.0031531688183421974,-0.013424692432356746,0.003926452198842016,0.0166948357114535,0.0031531688183421974,-0.013424692432356746,0.016637679967553175,4.93028095071413e-05,0.05718990111084871,0.29621334507546954
global_compatible,73,14,0,0,certified_reset,0,1,0.04408575674258846,0.040091882224201916,0.003993874518386541,0.027957121628705783,0.0,0.0,0,0,0.003926452198842016,0.0166948357114535,0.01946034224926846,-0.004568003282230904,0.003926452198842016,0.0166948357114535,-0.02850460408730066,8.589899532197138e-05,0.05718990111084871,0.29621334507546954
global_compatible,73,15,0,0,certified_reset,0,1,0.040091882224201916,0.03609800770581537,0.003993874518386541,0.023963247110319243,0.0,0.0,0,0,0.01946034224926846,-0.004568003282230904,0.00937142342882215,-0.01844659219911791,0.01946034224926846,-0.004568003282230904,-0.012644771730483617,0.0003864581744791289,0.05718990111084871,0.29621334507546954
global_compatible,73,16,0,0,certified_reset,0,1,0.03609800770581537,0.03210413318742883,0.003993874518386541,0.019969372591932703,0.0,0.0,0,0,0.00937142342882215,-0.01844659219911791,0.0021473683424463484,-0.003012675216739979,0.00937142342882215,-0.01844659219911791,0.0178439906999832,0.0001570335946617043,0.05718990111084871,0.29621334507546954
global_compatible,73,17,0,0,certified_reset,0,1,0.03210413318742883,0.02811025866904229,0.003993874518386541,0.015975498073546163,0.0,0.0,0,0,0.0021473683424463484,-0.003012675216739979,0.003951121806360837,-0.013162200950759838,0.0021473683424463484,-0.003012675216739979,0.002302220182474515,6.377414395436272e-06,0.05718990111084871,0.29621334507546954
global_compatible,73,18,0,0,certified_reset,0,1,0.02811025866904229,0.02411638415065575,0.003993874518386541,0.011981623555159623,0.0,0.0,0,0,0.003951121806360837,-0.013162200950759838,-0.007758374205655488,0.0133652511963013,0.003951121806360837,-0.013162200950759838,0.015454180326233755,5.276599186386685e-05,0.05718990111084871,0.29621334507546954
global_compatible,73,19,0,0,certified_reset,0,1,0.02411638415065575,0.02012250963226921,0.003993874518386541,0.007987749036773082,0.0,0.0,0,0,-0.007758374205655488,0.0133652511963013,-0.0006592898415232454,0.012863283733860437,-0.007758374205655488,0.0133652511963013,-0.011959570354371694,9.592154250875158e-05,0.05718990111084871,0.29621334507546954
global_compatible,73,20,0,0,certified_reset,0,1,0.02012250963226921,0.01612863511388267,0.003993874518386541,0.003993874518386541,0.0,0.0,0,0,-0.0006592898415232454,0.012863283733860437,0.014224486184212808,-0.01674767364352507,-0.0006592898415232454,0.012863283733860437,-0.01829119259099624,3.858238857036237e-05,0.05718990111084871,0.29621334507546954
global_compatible,73,21,0,0,certified_reset,0,1,0.01612863511388267,0.01213476059549613,0.003993874518386541,0.0,0.0,0.0,0,0,0.014224486184212808,-0.01674767364352507,-0.01079900065686781,-0.0050675966244499,0.014224486184212808,-0.01674767364352507,0.01050695691224925,0.000255583133838362,0.05718990111084871,0.29621334507546954
global_compatible,74,0,0,0,certified_reset,0,1,0.1,0.09600612548161347,0.003993874518386541,0.08387136488611735,0.0,0.0,0,0,3.959735531144812,-0.234444794383529,2.9519932489635985,-1.7887653008547406,3.959735531144812,-0.234444794383529,-1.5499999999996927,15.749461561701098,0.05718990111084871,0.29621334507546954
global_compatible,74,1,0,0,certified_reset,0,1,0.09600612548161347,0.09201225096322693,0.003993874518386541,0.07987749036773081,0.0,0.0,0,0,2.9519932489635985,-1.7887653008547406,1.1649208562378448,-1.795689364691875,2.9519932489635985,-1.7887653008547406,-0.0021266063312904773,9.290206889265576,0.05718990111084871,0.29621334507546954
global_compatible,74,2,0,0,certified_reset,0,1,0.09201225096322693,0.0880183764448404,0.003993874518386541,0.07588361584934428,0.0,0.0,0,0,1.1649208562378448,-1.795689364691875,0.11360105347388261,-0.3231116306478109,1.1649208562378448,-1.795689364691875,1.4852323813024868,1.9925985349638016,0.05718990111084871,0.29621334507546954
global_compatible,74,3,0,0,certified_reset,0,1,0.0880183764448404,0.08402450192645386,0.003993874518386541,0.07188974133095774,0.0,0.0,0,0,0.11360105347388261,-0.3231116306478109,-0.03249319741831333,0.02961162008212235,0.11360105347388261,-0.3231116306478109,0.3628509509004829,0.03498892231939028,0.05718990111084871,0.29621334507546954
global_compatible,74,4,0,0,certified_reset,0,1,0.08402450192645386,0.08003062740806732,0.003993874518386541,0.0678958668125712,0.0,0.0,0,0,-0.03249319741831333,0.02961162008212235,-0.007135349035916474,0.01924352222474903,-0.03249319741831333,0.02961162008212235,-0.011266246408874893,0.0012168137340689527,0.05718990111084871,0.29621334507546954
global_compatible,74,5,0,0,certified_reset,0,1,0.08003062740806732,0.07603675288968079,0.003993874518386541,0.06390199229418467,0.0,0.0,0,0,-0.007135349035916474,0.01924352222474903,0.00011513574936937204,0.004261215707500073,-0.007135349035916474,0.01924352222474903,-0.021243922474741602,0.00012885217848776872,0.05718990111084871,0.29621334507546954
global_compatible,74,6,0,0,certified_reset,0,1,0.07603675288968079,0.07204287837129425,0.003993874518386541,0.05990811777579813,0.0,0.0,0,0,0.00011513574936937204,0.004261215707500073,-0.0019634548273729266,0.00502100409326395,0.00011513574936937204,0.004261215707500073,-0.006393228394519074,4.303523148447133e-06,0.05718990111084871,0.29621334507546954
global_compatible,74,7,0,0,certified_reset,0,1,0.07204287837129425,0.06804900385290771,0.003993874518386541,0.05591424325741159,0.0,0.0,0,0,-0.0019634548273729266,0.00502100409326395,0.0018738600885851693,-0.007509403677540156,-0.0019634548273729266,0.00502100409326395,-0.005443020924569805,9.133703557589868e-06,0.05718990111084871,0.29621334507546954
global_compatible,74,8,0,0,certified_reset,0,1,0.06804900385290771,0.06405512933452118,0.003993874518386541,0.051920368739025044,0.0,0.0,0,0,0.0018738600885851693,-0.007509403677540156,0.002568204939497679,-0.013582270961473224,0.0018738600885851693,-0.007509403677540156,0.00919179878577096,1.5773986601150582e-05,0.05718990111084871,0.29621334507546954
global_compatible,74,9,0,0,certified_reset,0,1,0.06405512933452118,0.060061254816134634,0.003993874518386541,0.0479264942206385,0.0,0.0,0,0,0.002568204939497679,-0.013582270961473224,0.004338061039577526,0.0013029932508010398,0.002568204939497679,-0.013582270961473224,0.017446525969089886,4.741126352577165e-05,0.05718990111084871,0.29621334507546954
global_compatible,74,10,0,0,certified_reset,0,1,0.060061254816134634,0.05606738029774809,0.003993874518386541,0.04393261970225196,0.0,0.0,0,0,0.004338061039577526,0.0013029932508010398,-0.002208199817209369,0.0016491816749040654,0.004338061039577526,0.0013029932508010398,-0.006239748340572471,2.009773752103632e-05,0.05718990111084871,0.29621334507546954
global_compatible,74,11,0,0,certified_reset,0,1,0.05606738029774809,0.05207350577936155,0.003993874518386541,0.039938745183865414,0.0,0.0,0,0,-0.002208199817209369,0.0016491816749040654,-0.006786383420910363,0.010520552029433949,-0.002208199817209369,0.0016491816749040654,-0.00023165025816190482,5.36705201420724e-06,0.05718990111084871,0.29621334507546954
global_compatible,74,12,0,0,certified_reset,0,1,0.05207350577936155,0.048079631260975,0.003993874518386541,0.03594487066547887,0.0,0.0,0,0,-0.006786383420910363,0.010520552029433949,-0.002601978929848096,0.002195560983851777,-0.006786383420910363,0.010520552029433949,-0.008736144687140616,6.788576823619824e-05,0.05718990111084871,0.29621334507546954
global_compatible,74,13,0,0,certified_reset,0,1,0.048079631260975,0.04408575674258846,0.003993874518386541,0.03195099614709233,0.0,0.0,0,0,-0.002601978929848096,0.002195560983851777,0.009989700621496948,-0.0005275245590970392,-0.002601978929848096,0.002195560983851777,-0.0006472332307905895,7.648454968835628e-06,0.05718990111084871,0.29621334507546954
global_compatible,74,14,0,0,certified_reset,0,1,0.04408575674258846,0.040091882224201916,0.003993874518386541,0.027957121628705783,0.0,0.0,0,0,0.009989700621496948,-0.0005275245590970392,0.004225064040209285,-0.0156723128945759,0.009989700621496948,-0.0005275245590970392,-0.00916995630259749,0.0001019464117608063,0.05718990111084871,0.29621334507546954
global_compatible,74,15,0,0,certified_reset,0,1,0.040091882224201916,0.03609800770581537,0.003993874518386541,0.023963247110319243,0.0,0.0,0,0,0.004225064040209285,-0.0156723128945759,0.009598289923378986,0.011841520985571138,0.004225064040209285,-0.0156723128945759,0.01888260362360671,7.097683459781395e-05,0.05718990111084871,0.29621334507546954
global_compatible,74,16,0,0,certified_reset,0,1,0.03609800770581537,0.03210413318742883,0.003993874518386541,0.019969372591932703,0.0,0.0,0,0,0.009598289923378986,0.011841520985571138,0.005354129243435531,-0.013369564974281063,0.009598289923378986,0.011841520985571138,-0.027003933748346753,0.000135597371865676,0.05718990111084871,0.29621334507546954
global_compatible,74,17,0,0,certified_reset,0,1,0.03210413318742883,0.02811025866904229,0.003993874518386541,0.015975498073546163,0.0,0.0,0,0,0.005354129243435531,-0.013369564974281063,0.0011653051348233107,-0.003354495145543237,0.005354129243435531,-0.013369564974281063,0.014361622413067722,6.599725308207389e-05,0.05718990111084871,0.29621334507546954
global_compatible,74,18,0,0,certified_reset,0,1,0.02811025866904229,0.02411638415065575,0.003993874518386541,0.011981623555159623,0.0,0.0,0,0,0.0011653051348233107,-0.003354495145543237,0.0013405947605613286,-0.0024164055895385967,0.0011653051348233107,-0.003354495145543237,0.0037843551347030865,3.7414444345495807e-06,0.05718990111084871,0.29621334507546954
global_compatible,74,19,0,0,certified_reset,0,1,0.02411638415065575,0.02012250963226921,0.003993874518386541,0.007987749036773082,0.0,0.0,0,0,0.0013405947605613286,-0.0024164055895385967,0.0029132632438829886,0.007406699441391842,0.0013405947605613286,-0.0024164055895385967,0.00222493540452181,2.971975626069459e-06,0.05718990111084871,0.29621334507546954
global_compatible,74,20,0,0,certified_reset,0,1,0.02012250963226921,0.01612863511388267,0.003993874518386541,0.003993874518386541,0.0,0.0,0,0,0.0029132632438829886,0.007406699441391842,-0.00273083797713658,-0.014170041555650005,0.0029132632438829886,0.007406699441391842,-0.013809943718778032,2.3129621756775614e-05,0.05718990111084871,0.29621334507546954
global_compatible,74,21,0,0,certified_reset,0,1,0.01612863511388267,0.01213476059549613,0.003993874518386541,0.0,0.0,0.0,0,0,-0.00273083797713658,-0.014170041555650005,-0.0035876291713525963,0.0024083393804336948,-0.00273083797713658,-0.014170041555650005,0.023594961054010023,5.75177447198703e-05,0.05718990111084871,0.29621334507546954
global_compatible,75,0,0,0,certified_reset,0,1,0.1,0.09600612548161347,0.003993874518386541,0.08387136488611735,0.0,0.0,0,0,-2.5377080785604855,0.10066124099543294,-1.664460847430336,1.6492523071678193,-2.5377080785604855,0.10066124099543294,1.55,6.501848675370125,0.05718990111084871,0.29621334507546954
global_compatible,75,1,0,0,certified_reset,0,1,0.09600612548161347,0.09201225096322693,0.003993874518386541,0.07987749036773081,0.0,0.0,0,0,-1.664460847430336,1.6492523071678193,-0.40288164430911266,0.8746776386021663,-1.664460847430336,1.6492523071678193,-0.7720943429099922,3.2749391255730598,0.05718990111084871,0.29621334507546954
global_compatible,75,2,0,0,certified_reset,0,1,0.09201225096322693,0.0880183764448404,0.003993874518386541,0.07588361584934428,0.0,0.0,0,0,-0.40288164430911266,0.8746776386021663,0.026868851076773156,0.007187624656088531,-0.40288164430911266,0.8746776386021663,-0.8873068038308577,0.31970742828904686,0.05718990111084871,0.29621334507546954
global_compatible,75,3,0,0,certified_reset,0,1,0.0880183764448404,0.08402450192645386,0.003993874518386541,0.07188974133095774,0.0,0.0,0,0,0.026868851076773156,0.007187624656088531,0.01639682023960864,-0.01954959424772592,0.026868851076773156,0.007187624656088531,-0.0373436101108494,0.0007660979392640184,0.05718990111084871,0.29621334507546954
global_compatible,75,4,0,0,certified_reset,0,1,0.08402450192645386,0.08003062740806732,0.003993874518386541,0.0678958668125712,0.0,0.0,0,0,0.01639682023960864,-0.01954959424772592,0.0008556278542769628,-0.004467242461442316,0.01639682023960864,-0.01954959424772592,0.012474869054199379,0.00034153986726315444,0.05718990111084871,0.29621334507546954
global_compatible,75,5,0,0,certified_reset,0,1,0.08003062740806732,0.07603675288968079,0.003993874518386541,0.06390199229418467,0.0,0.0,0,0,0.0008556278542769628,-0.004467242461442316,-0.008979603679500115,0.005125292889962109,0.0008556278542769628,-0.004467242461442316,0.005725819172845685,5.143850092694158e-06,0.05718990111084871,0.29621334507546954
global_compatible,75,6,0,0,certified_reset,0,1,0.07603675288968079,0.07204287837129425,0.003993874518386541,0.05990811777579813,0.0,0.0,0,0,-0.008979603679500115,0.005125292889962109,-0.008471856916411405,0.004980412207527107,-0.008979603679500115,0.005125292889962109,0.0013897577269581293,8.540992080180432e-05,0.05718990111084871,0.29621334507546954
global_compatible,75,7,0,0,certified_reset,0,1,0.07204287837129425,0.06804900385290771,0.003993874518386541,0.05591424325741159,0.0,0.0,0,0,-0.008471856916411405,0.004980412207527107,0.0026878095215756973,0.015620173196305716,-0.008471856916411405,0.004980412207527107,0.0010990686355964163,7.626736944503086e-05,0.05718990111084871,0.29621334507546954
global_compatible,75,8,0,0,certified_reset,0,1,0.06804900385290771,0.06405512933452118,0.003993874518386541,0.051920368739025044,0.0,0.0,0,0,0.0026878095215756973,0.015620173196305716,0.011097803802382584,-0.016121668294992807,0.0026878095215756973,0.015620173196305716,-0.025689925577371445,6.764179285141081e-05,0.05718990111084871,0.29621334507546954
global_compatible,75,9,0,0,certified_reset,0,1,0.06405512933452118,0.060061254816134634,0.003993874518386541,0.0479264942206385,0.0,0.0,0,0,0.011097803802382584,-0.016121668294992807,0.002993347489601756,0.0041305543153363,0.011097803802382584,-0.016121668294992807,0.012698562991017282,0.00017397606073757792,0.05718990111084871,0.29621334507546954
global_compatible,75,10,0,0,certified_reset,0,1,0.060061254816134634,0.05606738029774809,0.003993874518386541,0.04393261970225196,0.0,0.0,0,0,0.002993347489601756,0.0041305543153363,-0.011119704335855803,-0.0021782144170840604,0.002993347489601756,0.0041305543153363,-0.009062564099180291,1.4084447106148723e-05,0.05718990111084871,0.29621334507546954
global_compatible,75,11,0,0,certified_reset,0,1,0.05606738029774809,0.05207350577936155,0.003993874518386541,0.039938745183865414,0.0,0.0,0,0,-0.011119704335855803,-0.0021782144170840604,0.004741003257831098,0.004712792214201011,-0.011119704335855803,-0.0021782144170840604,0.014284577260507596,0.00012960308445305832,0.05718990111084871,0.29621334507546954
global_compatible,75,12,0,0,certified_reset,0,1,0.05207350577936155,0.048079631260975,0.003993874518386541,0.03594487066547887,0.0,0.0,0,0,0.004741003257831098,0.004712792214201011,0.013626802201247297,0.0015003923493247763,0.004741003257831098,0.004712792214201011,-0.011666157496507967,2.9877466540860373e-05,0.05718990111084871,0.29621334507546954
global_compatible,75,13,0,0,certified_reset,0,1,0.048079631260975,0.04408575674258846,0.003993874518386541,0.03195099614709233,0.0,0.0,0,0,0.013626802201247297,0.0015003923493247763,-0.001881031002676791,-0.017121109612457396,0.013626802201247297,0.0015003923493247763,-0.015775544181105737,0.00019231664498351288,0.05718990111084871,0.29621334507546954
global_compatible,75,14,1,1,certified_reset,0,1,0.04408575674258846,0.040091882224201916,0.003993874518386541,0.027957121628705783,0.0,0.0,0,0,-0.001881031002676791,-0.017121109612457396,0.009208471313519626,-0.0011970905379160707,-0.001881031002676791,-0.017121109612457396,0.02709215477022855,7.465172987050228e-05,0.05718990111084871,0.29621334507546954
global_compatible,75,15,1,1,certified_reset,0,1,0.040091882224201916,0.03609800770581537,0.003993874518386541,0.023963247110319243,0.0,0.0,0,0,0.009208471313519626,-0.0011970905379160707,0.0070078435231536885,-0.006834733547233211,0.009208471313519626,-0.0011970905379160707,-0.007409452143992926,8.642638809484116e-05,0.05718990111084871,0.29621334507546954
global_compatible,75,16,1,1,certified_reset,0,1,0.03609800770581537,0.03210413318742883,0.003993874518386541,0.019969372591932703,0.0,0.0,0,0,0.0070078435231536885,-0.006834733547233211,0.003261925820351029,-0.018987296448107687,0.0070078435231536885,-0.006834733547233211,0.0030873636912633596,5.77566110881619e-05,0.05718990111084871,0.29621334507546954
global_compatible,75,17,1,1,certified_reset,0,1,0.03210413318742883,0.02811025866904229,0.003993874518386541,0.015975498073546163,0.0,0.0,0,0,0.003261925820351029,-0.018987296448107687,-0.019083003116315177,0.009590037164603023,0.003261925820351029,-0.018987296448107687,0.024719953269242798,9.081019905180952e-05,0.05718990111084871,0.29621334507546954
global_compatible,75,18,1,1,certified_reset,0,1,0.02811025866904229,0.02411638415065575,0.003993874518386541,0.011981623555159623,0.0,0.0,0,0,-0.019083003116315177,0.009590037164603023,0.016363127314026227,0.005634700711360352,-0.019083003116315177,0.009590037164603023,0.0048783432769416435,0.0003813103500728109,0.05718990111084871,0.29621334507546954
global_compatible,75,19,1,1,certified_reset,0,1,0.02411638415065575,0.02012250963226921,0.003993874518386541,0.007987749036773082,0.0,0.0,0,0,0.016363127314026227,0.005634700711360352,-0.02596280033512475,-0.0319714645587023,0.016363127314026227,0.005634700711360352,-0.024595033841261757,0.0002885898011155403,0.05718990111084871,0.29621334507546954
global_compatible,75,20,1,1,certified_reset,0,1,0.02012250963226921,0.01612863511388267,0.003993874518386541,0.003993874518386541,0.0,0.0,0,0,-0.02596280033512475,-0.0319714645587023,-0.020623253059949446,0.037171858502746694,-0.02596280033512475,-0.0319714645587023,0.07295054207471675,0.0009911029592515335,0.05718990111084871,0.29621334507546954
global_compatible,75,21,0,0,certified_reset,0,1,0.01612863511388267,0.01213476059549613,0.003993874518386541,0.0,0.0,0.0,0,0,-0.020623253059949446,0.037171858502746694,-0.0038171296868043944,-0.004761595364618245,-0.020623253059949446,0.037171858502746694,-0.03422228737639705,0.0007033121622252117,0.05718990111084871,0.29621334507546954
global_compatible,76,0,1,1,certified_reset,0,1,0.1,0.09600612548161347,0.003993874518386541,0.08387136488611735,0.0,0.0,0,0,-5.630907401778509,-0.34649241118575186,-5.194781566457377,1.222230702665009,-5.630907401778509,-0.34649241118575186,1.5499999999981828,31.788790925785534,0.05718990111084871,0.29621334507546954
global_compatible,76,1,1,1,certified_reset,0,1,0.09600612548161347,0.09201225096322693,0.003993874518386541,0.07987749036773081,0.0,0.0,0,0,-5.194781566457377,1.222230702665009,-3.188766129567928,2.754190841449072,-5.194781566457377,1.222230702665009,1.5499999999999994,27.31471064350202,0.05718990111084871,0.29621334507546954
global_compatible,76,2,0,0,certified_reset,0,1,0.09201225096322693,0.0880183764448404,0.003993874518386541,0.07588361584934428,0.0,0.0,0,0,-3.188766129567928,2.754190841449072,-0.9858002311223714,1.6503176000628381,-3.188766129567928,2.754190841449072,-1.1073481301412644,11.56428702051476,0.05718990111084871,0.29621334507546954
global_compatible,76,3,0,0,certified_reset,0,1,0.0880183764448404,0.08402450192645386,0.003993874518386541,0.07188974133095774,0.0,0.0,0,0,-0.9858002311223714,1.6503176000628381,-0.053592354156002435,0.199051922105839,-0.9858002311223714,1.6503176000628381,-1.4494481434497566,1.5145632662885593,0.05718990111084871,0.29621334507546954
global_compatible,76,4,0,0,certified_reset,0,1,0.08402450192645386,0.08003062740806732,0.003993874518386541,0.0678958668125712,0.0,0.0,0,0,-0.053592354156002435,0.199051922105839,0.018590374180354145,-0.04262523893868034,-0.053592354156002435,0.199051922105839,-0.23985691332590522,0.01144232408066338,0.05718990111084871,0.29621334507546954
global_compatible,76,5,0,0,certified_reset,0,1,0.08003062740806732,0.07603675288968079,0.003993874518386541,0.06390199229418467,0.0,0.0,0,0,0.018590374180354145,-0.04262523893868034,-0.001039660575380069,0.0061170098405576,0.018590374180354145,-0.04262523893868034,0.04428286947226034,0.0007216703044073355,0.05718990111084871,0.29621334507546954
global_compatible,76,6,0,0,certified_reset,0,1,0.07603675288968079,0.07204287837129425,0.003993874518386541,0.05990811777579813,0.0,0.0,0,0,-0.001039660575380069,0.0061170098405576,0.00269143592429044,-0.003998166945902817,-0.001039660575380069,0.0061170098405576,-0.007970584011888963,9.404355039370248e-06,0.05718990111084871,0.29621334507546954
global_compatible,76,7,0,0,certified_reset,0,1,0.07204287837129425,0.06804900385290771,0.003993874518386541,0.05591424325741159,0.0,0.0,0,0,0.00269143592429044,-0.003998166945902817,-0.007026420013981565,0.006730730164555396,0.00269143592429044,-0.003998166945902817,0.0032059961644229913,1.0378148626634283e-05,0.05718990111084871,0.29621334507546954
global_compatible,76,8,0,0,certified_reset,0,1,0.06804900385290771,0.06405512933452118,0.003993874518386541,0.051920368739025044,0.0,0.0,0,0,-0.007026420013981565,0.006730730164555396,-0.0098207101652614,0.009166325409975272,-0.007026420013981565,0.006730730164555396,-0.002919931646191661,5.7738219371991555e-05,0.05718990111084871,0.29621334507546954
global_compatible,76,9,0,0,certified_reset,0,1,0.06405512933452118,0.060061254816134634,0.003993874518386541,0.0479264942206385,0.0,0.0,0,0,-0.0098207101652614,0.009166325409975272,-0.006314494535427172,0.0013661824750325962,-0.0098207101652614,0.009166325409975272,-0.0037251461607633258,0.00011191713987192533,0.05718990111084871,0.29621334507546954
global_compatible,76,10,0,0,certified_reset,0,1,0.060061254816134634,0.05606738029774809,0.003993874518386541,0.04393261970225196,0.0,0.0,0,0,-0.006314494535427172,0.0013661824750325962,-0.0037532954451402426,0.005237714006639193,-0.006314494535427172,0.0013661824750325962,0.004273017699909373,4.06652700644486e-05,0.05718990111084871,0.29621334507546954
global_compatible,76,11,0,0,certified_reset,0,1,0.05606738029774809,0.05207350577936155,0.003993874518386541,0.039938745183865414,0.0,0.0,0,0,-0.0037532954451402426,0.005237714006639193,-0.0005616361256565206,0.011899675694613249,-0.0037532954451402426,0.005237714006639193,-0.0039741767568998625,1.9420135363649557e-05,0.05718990111084871,0.29621334507546954
global_compatible,76,12,0,0,certified_reset,0,1,0.05207350577936155,0.048079631260975,0.003993874518386541,0.03594487066547887,0.0,0.0,0,0,-0.0005616361256565206,0.011899675694613249,-0.0013249131674534223,-0.009937479404609335,-0.0005616361256565206,0.011899675694613249,-0.016968727136183064,3.300228834785283e-05,0.05718990111084871,0.29621334507546954
global_compatible,76,13,0,0,certified_reset,0,1,0.048079631260975,0.04408575674258846,0.003993874518386541,0.03195099614709233,0.0,0.0,0,0,-0.0013249131674534223,-0.009937479404609335,-0.002383198056441574,0.01817745926543799,-0.0013249131674534223,-0.009937479404609335,0.01595892600400964,2.589820732639408e-05,0.05718990111084871,0.29621334507546954
global_compatible,76,14,0,0,certified_reset,0,1,0.04408575674258846,0.040091882224201916,0.003993874518386541,0.027957121628705783,0.0,0.0,0,0,-0.002383198056441574,0.01817745926543799,0.004322479291236921,-0.0036278543593885864,-0.002383198056441574,0.01817745926543799,-0.024403858336232005,8.004394508099725e-05,0.05718990111084871,0.29621334507546954
global_compatible,76,15,0,0,certified_reset,0,1,0.040091882224201916,0.03609800770581537,0.003993874518386541,0.023963247110319243,0.0,0.0,0,0,0.004322479291236921,-0.0036278543593885864,0.005172081023400137,-0.0011884579327118422,0.004322479291236921,-0.0036278543593885864,0.0010402348525184162,2.107991834241014e-05,0.05718990111084871,0.29621334507546954
global_compatible,76,16,0,0,certified_reset,0,1,0.03609800770581537,0.03210413318742883,0.003993874518386541,0.019969372591932703,0.0,0.0,0,0,0.005172081023400137,-0.0011884579327118422,0.0029189854181148485,-0.007667680831852127,0.005172081023400137,-0.0011884579327118422,-0.0033968674005743467,2.7293127622451555e-05,0.05718990111084871,0.29621334507546954
global_compatible,76,17,0,0,certified_reset,0,1,0.03210413318742883,0.02811025866904229,0.003993874518386541,0.015975498073546163,0.0,0.0,0,0,0.0029189854181148485,-0.007667680831852127,0.006172226033541997,0.01018166341209486,0.0029189854181148485,-0.007667680831852127,0.008387411326433506,2.0861991871184198e-05,0.05718990111084871,0.29621334507546954
global_compatible,76,18,0,0,certified_reset,0,1,0.02811025866904229,0.02411638415065575,0.003993874518386541,0.011981623555159623,0.0,0.0,0,0,0.006172226033541997,0.01018166341209486,0.004857266776606623,-0.013968993244550346,0.006172226033541997,0.01018166341209486,-0.02114652335047296,6.793568902513044e-05,0.05718990111084871,0.29621334507546954
global_compatible,76,19,0,0,certified_reset,0,1,0.02411638415065575,0.02012250963226921,0.003993874518386541,0.007987749036773082,0.0,0.0,0,0,0.004857266776606623,-0.013968993244550346,0.0058578957047438745,0.008925678128987662,0.004857266776606623,-0.013968993244550346,0.015743499227774255,6.491338374543248e-05,0.05718990111084871,0.29621334507546954
global_compatible,76,20,0,0,certified_reset,0,1,0.02012250963226921,0.01612863511388267,0.003993874518386541,0.003993874518386541,0.0,0.0,0,0,0.0058578957047438745,0.008925678128987662,0.015225447303536905,-0.004884157884082252,0.0058578957047438745,0.008925678128987662,-0.018984016074224508,5.766495515652906e-05,0.05718990111084871,0.29621334507546954
global_compatible,76,21,0,0,certified_reset,0,1,0.01612863511388267,0.01213476059549613,0.003993874518386541,0.0,0.0,0.0,0,0,0.015225447303536905,-0.004884157884082252,0.00769480500326713,-0.01274059761862962,0.015225447303536905,-0.004884157884082252,-0.007961481042428354,0.00023769277478509856,0.05718990111084871,0.29621334507546954
global_compatible,77,0,0,0,certified_reset,0,1,0.1,0.09600612548161347,0.003993874518386541,0.08387136488611735,0.0,0.0,0,0,3.5097855983583823,0.3467040807603329,3.0789559306835663,-1.2060233909721092,3.5097855983583823,0.3467040807603329,-1.55,12.400294115974765,0.05718990111084871,0.29621334507546954
global_compatible,77,1,1,1,certified_reset,0,1,0.09600612548161347,0.09201225096322693,0.003993874518386541,0.07987749036773081,0.0,0.0,0,0,3.0789559306835663,-1.2060233909721092,1.4606805289850855,-2.051957358325409,3.0789559306835663,-1.2060233909721092,-0.8352719810291412,9.75922024067175,0.05718990111084871,0.29621334507546954
global_compatible,77,2,0,0,certified_reset,0,1,0.09201225096322693,0.0880183764448404,0.003993874518386541,0.07588361584934428,0.0,0.0,0,0,1.4606805289850855,-2.051957358325409,0.18631949256776217,-0.49209661458904747,1.4606805289850855,-2.051957358325409,1.55,2.951545327825592,0.05718990111084871,0.29621334507546954
global_compatible,77,3,0,0,certified_reset,0,1,0.0880183764448404,0.08402450192645386,0.003993874518386541,0.07188974133095774,0.0,0.0,0,0,0.18631949256776217,-0.49209661458904747,-0.039094829952352035,0.030456245648187996,0.18631949256776217,-0.49209661458904747,0.5393737463011453,0.08557668832188196,0.05718990111084871,0.29621334507546954
global_compatible,77,4,0,0,certified_reset,0,1,0.08402450192645386,0.08003062740806732,0.003993874518386541,0.0678958668125712,0.0,0.0,0,0,-0.039094829952352035,0.030456245648187996,-0.018846352872540047,0.03427815298131366,-0.039094829952352035,0.030456245648187996,-0.005936481884549491,0.0016962516962493598,0.05718990111084871,0.29621334507546954
global_compatible,77,5,0,0,certified_reset,0,1,0.08003062740806732,0.07603675288968079,0.003993874518386541,0.06390199229418467,0.0,0.0,0,0,-0.018846352872540047,0.03427815298131366,-0.006607078903337675,-0.006025366003917123,-0.018846352872540047,0.03427815298131366,-0.031729318618337624,0.0005918522770217598,0.05718990111084871,0.29621334507546954
global_compatible,77,6,0,0,certified_reset,0,1,0.07603675288968079,0.07204287837129425,0.003993874518386541,0.05990811777579813,0.0,0.0,0,0,-0.006607078903337675,-0.006025366003917123,-0.008851820241841935,0.005447725062476342,-0.006607078903337675,-0.006025366003917123,0.01545540469019593,5.6160136374981875e-05,0.05718990111084871,0.29621334507546954
global_compatible,77,7,0,0,certified_reset,0,1,0.07204287837129425,0.06804900385290771,0.003993874518386541,0.05591424325741159,0.0,0.0,0,0,-0.008851820241841935,0.005447725062476342,-0.00662662645165386,0.017773251261254484,-0.008851820241841935,0.005447725062476342,0.0007916517235143319,8.371237690930612e-05,0.05718990111084871,0.29621334507546954
global_compatible,77,8,0,0,certified_reset,0,1,0.06804900385290771,0.06405512933452118,0.003993874518386541,0.051920368739025044,0.0,0.0,0,0,-0.00662662645165386,0.017773251261254484,-0.005260121388091622,-0.0030058124137062265,-0.00662662645165386,0.017773251261254484,-0.019581641968527557,0.00011035811855557176,0.05718990111084871,0.29621334507546954
global_compatible,77,9,0,0,certified_reset,0,1,0.06405512933452118,0.060061254816134634,0.003993874518386541,0.0479264942206385,0.0,0.0,0,0,-0.005260121388091622,-0.0030058124137062265,0.0048840468625512045,0.021443656890409387,-0.005260121388091622,-0.0030058124137062265,0.009666557183658572,3.163121870003274e-05,0.05718990111084871,0.29621334507546954
global_compatible,77,10,0,0,certified_reset,0,1,0.060061254816134634,0.05606738029774809,0.003993874518386541,0.04393261970225196,0.0,0.0,0,0,0.0048840468625512045,0.021443656890409387,0.01061478517544432,-0.023610938810174818,0.0048840468625512045,0.021443656890409387,-0.03645374114066163,0.00013984527058440377,0.05718990111084871,0.29621334507546954
global_compatible,77,11,0,0,certified_reset,0,1,0.05606738029774809,0.05207350577936155,0.003993874518386541,0.039938745183865414,0.0,0.0,0,0,0.01061478517544432,-0.023610938810174818,0.006604488907880217,0.0034705540433498483,0.01061478517544432,-0.023610938810174818,0.024209987499790583,0.00022767250935894039,0.05718990111084871,0.29621334507546954
global_compatible,77,12,0,0,certified_reset,0,1,0.05207350577936155,0.048079631260975,0.003993874518386541,0.03594487066547887,0.0,0.0,0,0,0.006604488907880217,0.0034705540433498483,0.0021448303406721506,-0.002429660701425654,0.006604488907880217,0.0034705540433498483,-0.011687694986981452,4.920238325323676e-05,0.05718990111084871,0.29621334507546954
global_compatible,77,13,0,0,certified_reset,0,1,0.048079631260975,0.04408575674258846,0.003993874518386541,0.03195099614709233,0.0,0.0,0,0,0.0021448303406721506,-0.002429660701425654,-0.008771606693882205,0.006558304795295529,0.0021448303406721506,-0.002429660701425654,0.0014411550118157278,5.714805586799249e-06,0.05718990111084871,0.29621334507546954
global_compatible,77,14,0,0,certified_reset,0,1,0.04408575674258846,0.040091882224201916,0.003993874518386541,0.027957121628705783,0.0,0.0,0,0,-0.008771606693882205,0.006558304795295529,0.0009249035928946144,0.006757242633309828,-0.008771606693882205,0.006558304795295529,-0.0009278107542079047,8.470464993388904e-05,0.05718990111084871,0.29621334507546954
global_compatible,77,15,0,0,certified_reset,0,1,0.040091882224201916,0.03609800770581537,0.003993874518386541,0.023963247110319243,0.0,0.0,0,0,0.0009249035928946144,0.006757242633309828,-0.0034547309831670725,-0.005638619239761298,0.0009249035928946144,0.006757242633309828,-0.010873181154126832,1.2029957407386428e-05,0.05718990111084871,0.29621334507546954
global_compatible,77,16,0,0,certified_reset,0,1,0.03609800770581537,0.03210413318742883,0.003993874518386541,0.019969372591932703,0.0,0.0,0,0,-0.0034547309831670725,-0.005638619239761298,-0.009932124314531528,0.0036157711291371873,-0.0034547309831670725,-0.005638619239761298,0.011747303994360145,2.11080697920334e-05,0.05718990111084871,0.29621334507546954
global_compatible,77,17,0,0,certified_reset,0,1,0.03210413318742883,0.02811025866904229,0.003993874518386541,0.015975498073546163,0.0,0.0,0,0,-0.009932124314531528,0.0036157711291371873,-0.009156123077670428,0.005686236973927592,-0.009932124314531528,0.0036157711291371873,0.0045595331644737655,0.00010152011112075115,0.05718990111084871,0.29621334507546954
global_compatible,77,18,0,0,certified_reset,0,1,0.02811025866904229,0.02411638415065575,0.003993874518386541,0.011981623555159623,0.0,0.0,0,0,-0.009156123077670428,0.005686236973927592,-0.009460152142860362,0.008471474253223116,-0.009156123077670428,0.005686236973927592,0.0007426517545086272,8.966837047041988e-05,0.05718990111084871,0.29621334507546954
global_compatible,77,19,0,0,certified_reset,0,1,0.02411638415065575,0.02012250963226921,0.003993874518386541,0.007987749036773082,0.0,0.0,0,0,-0.009460152142860362,0.008471474253223116,-0.0017266492111568795,0.0023171963630797647,-0.009460152142860362,0.008471474253223116,-0.003056490891194023,0.00010264588966440828,0.05718990111084871,0.29621334507546954
global_compatible,77,20,0,0,certified_reset,0,1,0.02012250963226921,0.01612863511388267,0.003993874518386541,0.003993874518386541,0.0,0.0,0,0,-0.0017266492111568795,0.0023171963630797647,-0.0017438013047749218,0.012884188372958624,-0.0017266492111568795,0.0023171963630797647,-0.001693372237222927,4.019497054046225e-06,0.05718990111084871,0.29621334507546954
global_compatible,77,21,0,0,certified_reset,0,1,0.01612863511388267,0.01213476059549613,0.003993874518386541,0.0,0.0,0.0,0,0,-0.0017438013047749218,0.012884188372958624,0.0027676553254388087,-0.012350313182290941,-0.0017438013047749218,0.012884188372958624,-0.01724136910874156,4.03528790145102e-05,0.05718990111084871,0.29621334507546954
global_compatible,78,0,0,0,certified_reset,0,1,0.1,0.09600612548161347,0.003993874518386541,0.08387136488611735,0.0,0.0,0,0,-4.092896558457511,-0.5696319263784316,-3.900669263581659,0.9909104610534161,-4.092896558457511,-0.5696319263784316,1.5499999999999308,16.87027123391226,0.05718990111084871,0.29621334507546954
global_compatible,78,1,0,0,certified_reset,0,1,0.09600612548161347,0.09201225096322693,0.003993874518386541,0.07987749036773081,0.0,0.0,0,0,-3.900669263581659,0.9909104610534161,-2.1623372659615208,2.4826220833133705,-3.900669263581659,0.9909104610534161,1.4860611061488433,15.447172781659406,0.05718990111084871,0.29621334507546954
global_compatible,78,2,0,0,certified_reset,0,1,0.09201225096322693,0.0880183764448404,0.003993874518386541,0.07588361584934428,0.0,0.0,0,0,-2.1623372659615208,2.4826220833133705,-0.4309638314224885,0.9802801646412123,-2.1623372659615208,2.4826220833133705,-1.503960479404931,5.841664113396182,0.05718990111084871,0.29621334507546954
global_compatible,78,3,0,0,certified_reset,0,1,0.0880183764448404,0.08402450192645386,0.003993874518386541,0.07188974133095774,0.0,0.0,0,0,-0.4309638314224885,0.9802801646412123,0.0450070198236888,-0.05098785076202314,-0.4309638314224885,0.9802801646412123,-1.014906172388096,0.3844515436771579,0.05718990111084871,0.29621334507546954
global_compatible,78,4,0,0,certified_reset,0,1,0.08402450192645386,0.08003062740806732,0.003993874518386541,0.0678958668125712,0.0,0.0,0,0,0.0450070198236888,-0.05098785076202314,0.014101323305095961,-0.01853589930844208,0.0450070198236888,-0.05098785076202314,0.030291973423531193,0.002516528891316677,0.05718990111084871,0.29621334507546954
global_compatible,78,5,0,0,certified_reset,0,1,0.08003062740806732,0.07603675288968079,0.003993874518386541,0.06390199229418467,0.0,0.0,0,0,0.014101323305095961,-0.01853589930844208,0.0008361165029041001,-0.002638049843979823,0.014101323305095961,-0.01853589930844208,0.013264463370188925,0.0002650902900384062,0.05718990111084871,0.29621334507546954
global_compatible,78,6,0,0,certified_reset,0,1,0.07603675288968079,0.07204287837129425,0.003993874518386541,0.05990811777579813,0.0,0.0,0,0,0.0008361165029041001,-0.002638049843979823,-0.004002381076225376,0.0017361879011690508,0.0008361165029041001,-0.002638049843979823,0.0030557252467835676,2.185202482302299e-06,0.05718990111084871,0.29621334507546954
global_compatible,78,7,0,0,certified_reset,0,1,0.07204287837129425,0.06804900385290771,0.003993874518386541,0.05591424325741159,0.0,0.0,0,0,-0.004002381076225376,0.0017361879011690508,0.007657557789710616,-0.003462977296939569,-0.004002381076225376,0.0017361879011690508,0.001426125410422812,1.6612482838553183e-05,0.05718990111084871,0.29621334507546954
global_compatible,78,8,0,0,certified_reset,0,1,0.06804900385290771,0.06405512933452118,0.003993874518386541,0.051920368739025044,0.0,0.0,0,0,0.007657557789710616,-0.003462977296939569,-0.0017209472159576984,-0.016332811257263012,0.007657557789710616,-0.003462977296939569,-0.002519774507121708,6.095552100856765e-05,0.05718990111084871,0.29621334507546954
global_compatible,78,9,0,0,certified_reset,0,1,0.06405512933452118,0.060061254816134634,0.003993874518386541,0.0479264942206385,0.0,0.0,0,0,-0.0017209472159576984,-0.016332811257263012,-0.004127380067895463,0.0070605002136992084,-0.0017209472159576984,-0.016332811257263012,0.025776120292926433,6.758879899576583e-05,0.05718990111084871,0.29621334507546954
global_compatible,78,10,0,0,certified_reset,0,1,0.060061254816134634,0.05606738029774809,0.003993874518386541,0.04393261970225196,0.0,0.0,0,0,-0.004127380067895463,0.0070605002136992084,-0.005075430041394865,0.0034477015090694074,-0.004127380067895463,0.0070605002136992084,-0.006290848590340077,2.699775501270173e-05,0.05718990111084871,0.29621334507546954
global_compatible,78,11,0,0,certified_reset,0,1,0.05606738029774809,0.05207350577936155,0.003993874518386541,0.039938745183865414,0.0,0.0,0,0,-0.005075430041394865,0.0034477015090694074,-0.0049046341355599,0.005906169428583366,-0.005075430041394865,0.0034477015090694074,-2.7149685732239113e-05,2.789960475794447e-05,0.05718990111084871,0.29621334507546954
global_compatible,78,12,0,0,certified_reset,0,1,0.05207350577936155,0.048079631260975,0.003993874518386541,0.03594487066547887,0.0,0.0,0,0,-0.0049046341355599,0.005906169428583366,0.00643570174090449,-0.0014208880373319825,-0.0049046341355599,0.005906169428583366,-0.0038148646397741896,3.069817652663829e-05,0.05718990111084871,0.29621334507546954
global_compatible,78,13,1,1,certified_reset,0,1,0.048079631260975,0.04408575674258846,0.003993874518386541,0.03195099614709233,0.0,0.0,0,0,0.00643570174090449,-0.0014208880373319825,0.00940535177164908,0.017488607817311735,0.00643570174090449,-0.0014208880373319825,-0.0043157212928330215,4.2247299261450355e-05,0.05718990111084871,0.29621334507546954
global_compatible,78,14,1,1,certified_reset,0,1,0.04408575674258846,0.040091882224201916,0.003993874518386541,0.027957121628705783,0.0,0.0,0,0,0.00940535177164908,0.017488607817311735,0.01371396944912576,-0.0303762631942409,0.00940535177164908,0.017488607817311735,-0.035130466559682855,0.00017436763657578008,0.05718990111084871,0.29621334507546954
global_compatible,78,15,1,1,certified_reset,0,1,0.040091882224201916,0.03609800770581537,0.003993874518386541,0.023963247110319243,0.0,0.0,0,0,0.01371396944912576,-0.0303762631942409,0.030246385754327178,0.004184091095533799,0.01371396944912576,-0.0303762631942409,0.03109216443116391,0.00037833015109316106,0.05718990111084871,0.29621334507546954
global_compatible,78,16,0,0,certified_reset,0,1,0.03609800770581537,0.03210413318742883,0.003993874518386541,0.019969372591932703,0.0,0.0,0,0,0.030246385754327178,0.004184091095533799,0.0175277308725256,-0.016544620437991556,0.030246385754327178,0.004184091095533799,-0.03628266667021432,0.0009509058400103437,0.05718990111084871,0.29621334507546954
global_compatible,78,17,2,2,certified_reset,0,1,0.03210413318742883,0.02811025866904229,0.003993874518386541,0.015975498073546163,0.0,0.0,0,0,0.0175277308725256,-0.016544620437991556,0.06033304344413446,-0.02014846262563428,0.0175277308725256,-0.016544620437991556,0.006915269732148581,0.00035768727720509366,0.05718990111084871,0.29621334507546954
global_compatible,78,18,2,2,certified_reset,0,1,0.02811025866904229,0.02411638415065575,0.003993874518386541,0.011981623555159623,0.0,0.0,0,0,0.06033304344413446,-0.02014846262563428,-0.06809651993538532,-0.0656158985547454,0.06033304344413446,-0.02014846262563428,-0.03039800693160141,0.0037362500001789432,0.05718990111084871,0.29621334507546954
global_compatible,78,19,2,2,certified_reset,0,1,0.02411638415065575,0.02012250963226921,0.003993874518386541,0.007987749036773082,0.0,0.0,0,0,-0.06809651993538532,-0.0656158985547454,0.006258579988594241,0.0983723563315287,-0.06809651993538532,-0.0656158985547454,0.1644682816142833,0.006088361724505605,0.05718990111084871,0.29621334507546954
global_compatible,78,20,2,2,certified_reset,0,1,0.02012250963226921,0.01612863511388267,0.003993874518386541,0.003993874518386541,0.0,0.0,0,0,0.006258579988594241,0.0983723563315287,0.0439361046313083,-0.022629777853363613,0.006258579988594241,0.0983723563315287,-0.15114381412678246,0.0023521628254325223,0.05718990111084871,0.29621334507546954
global_compatible,78,21,2,2,certified_reset,0,1,0.01612863511388267,0.01213476059549613,0.003993874518386541,0.0,0.0,0.0,0,0,0.0439361046313083,-0.022629777853363613,-0.006949872421877171,-0.0027965116437372074,0.0439361046313083,-0.022629777853363613,-0.010408939557371237,0.0020252691729656614,0.05718990111084871,0.29621334507546954
global_compatible,79,0,0,0,certified_reset,0,1,0.1,0.09600612548161347,0.003993874518386541,0.08387136488611735,0.0,0.0,0,0,4.382715239273756,-0.4828359189730429,3.123558098277991,-2.025543423002263,4.382715239273756,-0.4828359189730429,-1.5499999999998837,19.310218862999502,0.05718990111084871,0.29621334507546954
global_compatible,79,1,0,0,certified_reset,0,1,0.09600612548161347,0.09201225096322693,0.003993874518386541,0.07987749036773081,0.0,0.0,0,0,3.123558098277991,-2.025543423002263,1.2009941197333571,-1.8249452873502312,3.123558098277991,-2.025543423002263,0.20124302302897673,10.496136370700157,0.05718990111084871,0.29621334507546954
global_compatible,79,2,0,0,certified_reset,0,1,0.09201225096322693,0.0880183764448404,0.003993874518386541,0.07588361584934428,0.0,0.0,0,0,1.2009941197333571,-1.8249452873502312,0.12213316272505566,-0.31971494468985007,1.2009941197333571,-1.8249452873502312,1.4924082427343361,2.097545489036563,0.05718990111084871,0.29621334507546954
global_compatible,79,3,0,0,certified_reset,0,1,0.0880183764448404,0.08402450192645386,0.003993874518386541,0.07188974133095774,0.0,0.0,0,0,0.12213316272505566,-0.31971494468985007,-0.019216472739273543,0.016417945428586815,0.12213316272505566,-0.31971494468985007,0.34935256149617677,0.03636686599726952,0.05718990111084871,0.29621334507546954
global_compatible,79,4,0,0,certified_reset,0,1,0.08402450192645386,0.08003062740806732,0.003993874518386541,0.0678958668125712,0.0,0.0,0,0,-0.019216472739273543,0.016417945428586815,0.003546752195023915,0.007197948626030437,-0.019216472739273543,0.016417945428586815,-0.0050507728031459215,0.000418429389964258,0.05718990111084871,0.29621334507546954
global_compatible,79,5,0,0,certified_reset,0,1,0.08003062740806732,0.07603675288968079,0.003993874518386541,0.06390199229418467,0.0,0.0,0,0,0.003546752195023915,0.007197948626030437,0.005436716928711331,-0.005539078004779417,0.003546752195023915,0.007197948626030437,-0.014136347363865114,2.6901242648838582e-05,0.05718990111084871,0.29621334507546954
global_compatible,79,6,0,0,certified_reset,0,1,0.07603675288968079,0.07204287837129425,0.003993874518386541,0.05990811777579813,0.0,0.0,0,0,0.005436716928711331,-0.005539078004779417,0.002531290940043957,-0.006809718954749936,0.005436716928711331,-0.005539078004779417,0.0027454881041328863,3.5268982911930357e-05,0.05718990111084871,0.29621334507546954
global_compatible,79,7,0,0,certified_reset,0,1,0.07204287837129425,0.06804900385290771,0.003993874518386541,0.05591424325741159,0.0,0.0,0,0,0.002531290940043957,-0.006809718954749936,0.0007644532326259892,-0.008240371635504045,0.002531290940043957,-0.006809718954749936,0.007510107866434165,1.616448583096803e-05,0.05718990111084871,0.29621334507546954
global_compatible,79,8,0,0,certified_reset,0,1,0.06804900385290771,0.06405512933452118,0.003993874518386541,0.051920368739025044,0.0,0.0,0,0,0.0007644532326259892,-0.008240371635504045,0.003348314412556075,0.008239101914410166,0.0007644532326259892,-0.008240371635504045,0.011375510312567958,1.6042115061075352e-05,0.05718990111084871,0.29621334507546954
global_compatible,79,9,0,0,certified_reset,0,1,0.06405512933452118,0.060061254816134634,0.003993874518386541,0.0479264942206385,0.0,0.0,0,0,0.003348314412556075,0.008239101914410166,0.010703640720379883,-0.005474065314898253,0.003348314412556075,0.008239101914410166,-0.015472308745174412,2.9414921917067453e-05,0.05718990111084871,0.29621334507546954
global_compatible,79,10,0,0,certified_reset,0,1,0.060061254816134634,0.05606738029774809,0.003993874518386541,0.04393261970225196,0.0,0.0,0,0,0.010703640720379883,-0.005474065314898253,0.00744581404703059,-0.025965045963803585,0.010703640720379883,-0.005474065314898253,-0.00259733611445232,0.00012013034893617932,0.05718990111084871,0.29621334507546954
global_compatible,79,11,0,0,certified_reset,0,1,0.05606738029774809,0.05207350577936155,0.003993874518386541,0.039938745183865414,0.0,0.0,0,0,0.00744581404703059,-0.025965045963803585,-0.003475152162408372,0.004801094392987994,0.00744581404703059,-0.025965045963803585,0.03083623765050515,0.00020056503577635675,0.05718990111084871,0.29621334507546954
global_compatible,79,12,0,0,certified_reset,0,1,0.05207350577936155,0.048079631260975,0.003993874518386541,0.03594487066547887,0.0,0.0,0,0,-0.003475152162408372,0.004801094392987994,0.0015963520005176912,-0.009155927952860276,-0.003475152162408372,0.004801094392987994,-0.0036123150671054298,1.6551994382161042e-05,0.05718990111084871,0.29621334507546954
global_compatible,79,13,0,0,certified_reset,0,1,0.048079631260975,0.04408575674258846,0.003993874518386541,0.03195099614709233,0.0,0.0,0,0,0.0015963520005176912,-0.009155927952860276,-0.008393521402881072,0.0006166646877332834,0.0015963520005176912,-0.009155927952860276,0.011897996600746233,2.117698078937533e-05,0.05718990111084871,0.29621334507546954
global_compatible,79,14,0,0,certified_reset,0,1,0.04408575674258846,0.040091882224201916,0.003993874518386541,0.027957121628705783,0.0,0.0,0,0,-0.008393521402881072,0.0006166646877332834,-0.006210246436605053,0.009406906672073369,-0.008393521402881072,0.0006166646877332834,0.007447726326506441,7.190636678716355e-05,0.05718990111084871,0.29621334507546954
global_compatible,79,15,0,0,certified_reset,0,1,0.040091882224201916,0.03609800770581537,0.003993874518386541,0.023963247110319243,0.0,0.0,0,0,-0.006210246436605053,0.009406906672073369,-0.0030344268246178955,0.00666875180504718,-0.006210246436605053,0.009406906672073369,-0.007672071526336875,5.5966858605674215e-05,0.05718990111084871,0.29621334507546954
global_compatible,79,16,0,0,certified_reset,0,1,0.03609800770581537,0.03210413318742883,0.003993874518386541,0.019969372591932703,0.0,0.0,0,0,-0.0030344268246178955,0.00666875180504718,0.001825650060616293,0.016220059382493445,-0.0030344268246178955,0.00666875180504718,-0.006800450945526637,1.8368904595241098e-05,0.05718990111084871,0.29621334507546954
global_compatible,79,17,0,0,certified_reset,0,1,0.03210413318742883,0.02811025866904229,0.003993874518386541,0.015975498073546163,0.0,0.0,0,0,0.001825650060616293,0.016220059382493445,-0.0009423970346975575,-0.012488199518551,0.001825650060616293,0.016220059382493445,-0.02571209651353752,6.721705456875543e-05,0.05718990111084871,0.29621334507546954
global_compatible,79,18,0,0,certified_reset,0,1,0.02811025866904229,0.02411638415065575,0.003993874518386541,0.011981623555159623,0.0,0.0,0,0,-0.0009423970346975575,-0.012488199518551,-0.006982388107754089,0.013692038951755334,-0.0009423970346975575,-0.012488199518551,0.01933738867991109,3.830840009368032e-05,0.05718990111084871,0.29621334507546954
global_compatible,79,19,0,0,certified_reset,0,1,0.02411638415065575,0.02012250963226921,0.003993874518386541,0.007987749036773082,0.0,0.0,0,0,-0.006982388107754089,0.013692038951755334,-0.0019788134706923413,-0.0033521316594611063,-0.006982388107754089,0.013692038951755334,-0.013214386355883012,8.686419137451876e-05,0.05718990111084871,0.29621334507546954
global_compatible,79,20,0,0,certified_reset,0,1,0.02012250963226921,0.01612863511388267,0.003993874518386541,0.003993874518386541,0.0,0.0,0,0,-0.0019788134706923413,-0.0033521316594611063,-0.0033530391458822723,0.01243071270996054,-0.0019788134706923413,-0.0033521316594611063,0.00690807685044708,7.1313624953106045e-06,0.05718990111084871,0.29621334507546954
global_compatible,79,21,0,0,certified_reset,0,1,0.01612863511388267,0.01213476059549613,0.003993874518386541,0.0,0.0,0.0,0,0,-0.0033530391458822723,0.01243071270996054,0.007178453882679765,-0.0022374687845269866,-0.0033530391458822723,0.01243071270996054,-0.014970384252263255,4.465975295629262e-05,0.05718990111084871,0.29621334507546954
global_compatible,80,0,0,0,certified_reset,0,1,0.1,0.09600612548161347,0.003993874518386541,0.08387136488611735,0.0,0.0,0,0,-3.5365847632934337,0.5180079432788266,-2.253634494324175,2.0678159962770897,-3.5365847632934337,0.5180079432788266,1.5499999999996534,12.615794089233239,0.05718990111084871,0.29621334507546954
global_compatible,80,1,0,0,certified_reset,0,1,0.09600612548161347,0.09201225096322693,0.003993874518386541,0.07987749036773081,0.0,0.0,0,0,-2.253634494324175,2.0678159962770897,-0.584923721466964,1.2591400382203108,-2.253634494324175,2.0678159962770897,-0.802000412237486,5.864603889541201,0.05718990111084871,0.29621334507546954
global_compatible,80,2,0,0,certified_reset,0,1,0.09201225096322693,0.0880183764448404,0.003993874518386541,0.07588361584934428,0.0,0.0,0,0,-0.584923721466964,1.2591400382203108,0.03747493480049525,-0.017906287785467583,-0.584923721466964,1.2591400382203108,-1.2723839196888382,0.667987835364731,0.05718990111084871,0.29621334507546954
global_compatible,80,3,0,0,certified_reset,0,1,0.0880183764448404,0.08402450192645386,0.003993874518386541,0.07188974133095774,0.0,0.0,0,0,0.03747493480049525,-0.017906287785467583,-0.0020719968067233058,-0.02408480162263621,0.03747493480049525,-0.017906287785467583,-0.010937960187505388,0.0014650760382340334,0.05718990111084871,0.29621334507546954
global_compatible,80,4,0,0,certified_reset,0,1,0.08402450192645386,0.08003062740806732,0.003993874518386541,0.0678958668125712,0.0,0.0,0,0,-0.0020719968067233058,-0.02408480162263621,-0.0070765731207360315,0.01616880073406054,-0.0020719968067233058,-0.02408480162263621,0.03754494466764161,0.0001439477229757915,0.05718990111084871,0.29621334507546954
global_compatible,80,5,0,0,certified_reset,0,1,0.08003062740806732,0.07603675288968079,0.003993874518386541,0.06390199229418467,0.0,0.0,0,0,-0.0070765731207360315,0.01616880073406054,0.003281260747788443,0.004480234881677458,-0.0070765731207360315,0.01616880073406054,-0.01676791355674926,0.00010416438135128528,0.05718990111084871,0.29621334507546954
global_compatible,80,6,0,0,certified_reset,0,1,0.07603675288968079,0.07204287837129425,0.003993874518386541,0.05990811777579813,0.0,0.0,0,0,0.003281260747788443,0.004480234881677458,-0.006894699421146756,-0.006513341359922662,0.003281260747788443,0.004480234881677458,-0.009867368170279436,1.681384678727316e-05,0.05718990111084871,0.29621334507546954
global_compatible,80,7,0,0,certified_reset,0,1,0.07204287837129425,0.06804900385290771,0.003993874518386541,0.05591424325741159,0.0,0.0,0,0,-0.006894699421146756,-0.006513341359922662,-0.004505099528447599,0.001991618032994148,-0.006894699421146756,-0.006513341359922662,0.01646354970049098,6.194934264723308e-05,0.05718990111084871,0.29621334507546954
global_compatible,80,8,0,0,certified_reset,0,1,0.06804900385290771,0.06405512933452118,0.003993874518386541,0.051920368739025044,0.0,0.0,0,0,-0.004505099528447599,0.001991618032994148,-0.0028556126509826536,0.000530620130019204,-0.004505099528447599,0.001991618032994148,0.0015534063871199197,2.107022617638995e-05,0.05718990111084871,0.29621334507546954
global_compatible,80,9,0,0,certified_reset,0,1,0.06405512933452118,0.060061254816134634,0.003993874518386541,0.0479264942206385,0.0,0.0,0,0,-0.0028556126509826536,0.000530620130019204,0.0019358836318998695,-0.0026294554537516037,-0.0028556126509826536,0.000530620130019204,0.0020617684450041354,8.311476230501235e-06,0.05718990111084871,0.29621334507546954
global_compatible,80,10,0,0,certified_reset,0,1,0.060061254816134634,0.05606738029774809,0.003993874518386541,0.04393261970225196,0.0,0.0,0,0,0.0019358836318998695,-0.0026294554537516037,-0.0037224361532092456,-0.009609056511752647,0.0019358836318998695,-0.0026294554537516037,0.001948031787701453,5.087042609392742e-06,0.05718990111084871,0.29621334507546954
global_compatible,80,11,0,0,certified_reset,0,1,0.05606738029774809,0.05207350577936155,0.003993874518386541,0.039938745183865414,0.0,0.0,0,0,-0.0037224361532092456,-0.009609056511752647,-0.018139686176967863,0.020229389103127327,-0.0037224361532092456,-0.009609056511752647,0.017859929112082163,3.845107168022431e-05,0.05718990111084871,0.29621334507546954
global_compatible,80,12,0,0,certified_reset,0,1,0.05207350577936155,0.048079631260975,0.003993874518386541,0.03594487066547887,0.0,0.0,0,0,-0.018139686176967863,0.020229389103127327,-0.003976293311442946,0.007560340638376812,-0.018139686176967863,0.020229389103127327,-0.011737184285712944,0.0004061533250002294,0.05718990111084871,0.29621334507546954
global_compatible,80,13,0,0,certified_reset,0,1,0.048079631260975,0.04408575674258846,0.003993874518386541,0.03195099614709233,0.0,0.0,0,0,-0.003976293311442946,0.007560340638376812,-0.0039012631994083573,-0.004030711495358559,-0.003976293311442946,0.007560340638376812,-0.007174926475735373,2.738647284922366e-05,0.05718990111084871,0.29621334507546954
global_compatible,80,14,0,0,certified_reset,0,1,0.04408575674258846,0.040091882224201916,0.003993874518386541,0.027957121628705783,0.0,0.0,0,0,-0.0039012631994083573,-0.004030711495358559,-0.010308242818833406,0.0033016130269024335,-0.0039012631994083573,-0.004030711495358559,0.009822100191530354,2.055609018395626e-05,0.05718990111084871,0.29621334507546954
global_compatible,80,15,0,0,certified_reset,0,1,0.040091882224201916,0.03609800770581537,0.003993874518386541,0.023963247110319243,0.0,0.0,0,0,-0.010308242818833406,0.0033016130269024335,-0.002106956191461496,0.009540405858024091,-0.010308242818833406,0.0033016130269024335,0.005401686657739355,0.00010895144222503461,0.05718990111084871,0.29621334507546954
global_compatible,80,16,0,0,certified_reset,0,1,0.03609800770581537,0.03210413318742883,0.003993874518386541,0.019969372591932703,0.0,0.0,0,0,-0.002106956191461496,0.009540405858024091,-0.00415240628192332,0.007185849264942793,-0.002106956191461496,0.009540405858024091,-0.011953792951750166,2.43950754495184e-05,0.05718990111084871,0.29621334507546954
global_compatible,80,17,0,0,certified_reset,0,1,0.03210413318742883,0.02811025866904229,0.003993874518386541,0.015975498073546163,0.0,0.0,0,0,-0.00415240628192332,0.007185849264942793,0.002178404995866514,0.008799492280357047,-0.00415240628192332,0.007185849264942793,-0.006452497272612691,2.75779032950093e-05,0.05718990111084871,0.29621334507546954
global_compatible,80,18,0,0,certified_reset,0,1,0.02811025866904229,0.02411638415065575,0.003993874518386541,0.011981623555159623,0.0,0.0,0,0,0.002178404995866514,0.008799492280357047,-0.008034991873953179,0.009516169500368307,0.002178404995866514,0.008799492280357047,-0.015131237185254205,2.4406898385498063e-05,0.05718990111084871,0.29621334507546954
global_compatible,80,19,0,0,certified_reset,0,1,0.02411638415065575,0.02012250963226921,0.003993874518386541,0.007987749036773082,0.0,0.0,0,0,-0.008034991873953179,0.009516169500368307,0.0015050945331250877,-0.0020793594196602217,-0.008034991873953179,0.009516169500368307,-0.006018916879048616,8.176712517716923e-05,0.05718990111084871,0.29621334507546954
global_compatible,80,20,0,0,certified_reset,0,1,0.02012250963226921,0.01612863511388267,0.003993874518386541,0.003993874518386541,0.0,0.0,0,0,0.0015050945331250877,-0.0020793594196602217,9.249842895980205e-05,0.004644489518878498,0.0015050945331250877,-0.0020793594196602217,0.0015603950693656007,3.104452780258883e-06,0.05718990111084871,0.29621334507546954
global_compatible,80,21,0,0,certified_reset,0,1,0.01612863511388267,0.01213476059549613,0.003993874518386541,0.0,0.0,0.0,0,0,9.249842895980205e-05,0.004644489518878498,-0.0024548028034281025,0.0033473409974947767,9.249842895980205e-05,0.004644489518878498,-0.006930420226416755,5.092154992603193e-06,0.05718990111084871,0.29621334507546954
global_compatible,81,0,0,0,certified_reset,0,1,0.1,0.09600612548161347,0.003993874518386541,0.08387136488611735,0.0,0.0,0,0,-2.6122143775296403,0.4489034262141852,-1.4006498324507906,1.9910962126994547,-2.6122143775296403,0.4489034262141852,1.5351437665107406,6.918853185261015,0.05718990111084871,0.29621334507546954
global_compatible,81,1,0,0,certified_reset,0,1,0.09600612548161347,0.09201225096322693,0.003993874518386541,0.07987749036773081,0.0,0.0,0,0,-1.4006498324507906,1.9910962126994547,-0.17734509383120628,0.4638702593925404,-1.4006498324507906,1.9910962126994547,-1.5383543274725446,2.734586847146465,0.05718990111084871,0.29621334507546954
global_compatible,81,2,0,0,certified_reset,0,1,0.09201225096322693,0.0880183764448404,0.003993874518386541,0.07588361584934428,0.0,0.0,0,0,-0.17734509383120628,0.4638702593925404,0.03417457923278606,-0.05277622893229551,-0.17734509383120628,0.4638702593925404,-0.5067301426612624,0.07660227940183943,0.05718990111084871,0.29621334507546954
global_compatible,81,3,0,0,certified_reset,0,1,0.0880183764448404,0.08402450192645386,0.003993874518386541,0.07188974133095774,0.0,0.0,0,0,0.03417457923278606,-0.05277622893229551,-0.004044552750616856,-0.010837750583718896,0.03417457923278606,-0.05277622893229551,0.04371524686341922,0.0017170368972027458,0.05718990111084871,0.29621334507546954
global_compatible,81,4,0,0,certified_reset,0,1,0.08402450192645386,0.08003062740806732,0.003993874518386541,0.0678958668125712,0.0,0.0,0,0,-0.004044552750616856,-0.010837750583718896,-0.008592874123556095,0.004089187346062186,-0.004044552750616856,-0.010837750583718896,0.01999453577528117,4.7495174262929206e-05,0.05718990111084871,0.29621334507546954
global_compatible,81,5,0,0,certified_reset,0,1,0.08003062740806732,0.07603675288968079,0.003993874518386541,0.06390199229418467,0.0,0.0,0,0,-0.008592874123556095,0.004089187346062186,0.0015724677892925308,0.01054241637640532,-0.008592874123556095,0.004089187346062186,0.002533468668601354,7.700780885786466e-05,0.05718990111084871,0.29621334507546954
global_compatible,81,6,0,0,certified_reset,0,1,0.07603675288968079,0.07204287837129425,0.003993874518386541,0.05990811777579813,0.0,0.0,0,0,0.0015724677892925308,0.01054241637640532,0.004795155149911922,-0.01406933561954361,0.0015724677892925308,0.01054241637640532,-0.017096954507481013,2.9785959033764258e-05,0.05718990111084871,0.29621334507546954
global_compatible,81,7,0,0,certified_reset,0,1,0.07204287837129425,0.06804900385290771,0.003993874518386541,0.05591424325741159,0.0,0.0,0,0,0.004795155149911922,-0.01406933561954361,-5.2772665477027626e-05,0.00424597786275648,0.004795155149911922,-0.01406933561954361,0.015950387709672866,6.498420147351345e-05,0.05718990111084871,0.29621334507546954
global_compatible,81,8,0,0,certified_reset,0,1,0.06804900385290771,0.06405512933452118,0.003993874518386541,0.051920368739025044,0.0,0.0,0,0,-5.2772665477027626e-05,0.00424597786275648,0.006477295610044085,0.0030223226679191645,-5.2772665477027626e-05,0.00424597786275648,-0.00620050402514445,4.209040250350617e-06,0.05718990111084871,0.29621334507546954
global_compatible,81,9,0,0,certified_reset,0,1,0.06405512933452118,0.060061254816134634,0.003993874518386541,0.0479264942206385,0.0,0.0,0,0,0.006477295610044085,0.0030223226679191645,0.005064142119663874,-0.010223459477159526,0.006477295610044085,0.0030223226679191645,-0.01090096983141321,4.6570335177154135e-05,0.05718990111084871,0.29621334507546954
global_compatible,81,10,0,0,certified_reset,0,1,0.060061254816134634,0.05606738029774809,0.003993874518386541,0.04393261970225196,0.0,0.0,0,0,0.005064142119663874,-0.010223459477159526,-0.00203064004359788,-0.011271592899775314,0.005064142119663874,-0.010223459477159526,0.010016008469902351,4.696698831248473e-05,0.05718990111084871,0.29621334507546954
global_compatible,81,11,0,0,certified_reset,0,1,0.05606738029774809,0.05207350577936155,0.003993874518386541,0.039938745183865414,0.0,0.0,0,0,-0.00203064004359788,-0.011271592899775314,5.82398900288994e-05,0.0010688730402992463,-0.00203064004359788,-0.011271592899775314,0.0186244857965066,3.566407093595785e-05,0.05718990111084871,0.29621334507546954
global_compatible,81,12,0,0,certified_reset,0,1,0.05207350577936155,0.048079631260975,0.003993874518386541,0.03594487066547887,0.0,0.0,0,0,5.82398900288994e-05,0.0010688730402992463,0.003270314106352193,-0.008753101660807377,5.82398900288994e-05,0.0010688730402992463,-0.0016310960293960373,2.75551864948506e-07,0.05718990111084871,0.29621334507546954
global_compatible,81,13,0,0,certified_reset,0,1,0.048079631260975,0.04408575674258846,0.003993874518386541,0.03195099614709233,0.0,0.0,0,0,0.003270314106352193,-0.008753101660807377,0.002639248863381858,0.0009933091221377547,0.003270314106352193,-0.008753101660807377,0.009633970017026977,2.6806310774627705e-05,0.05718990111084871,0.29621334507546954
global_compatible,81,14,0,0,certified_reset,0,1,0.04408575674258846,0.040091882224201916,0.003993874518386541,0.027957121628705783,0.0,0.0,0,0,0.002639248863381858,0.0009933091221377547,0.0012365492295115619,0.001992061817975338,0.002639248863381858,0.0009933091221377547,-0.0040906112936663925,7.56156142394118e-06,0.05718990111084871,0.29621334507546954
global_compatible,81,15,0,0,certified_reset,0,1,0.040091882224201916,0.03609800770581537,0.003993874518386541,0.023963247110319243,0.0,0.0,0,0,0.0012365492295115619,0.001992061817975338,-0.00694747347119712,-0.01032690287000474,0.0012365492295115619,0.001992061817975338,-0.0041646543968033665,2.6769585047203153e-06,0.05718990111084871,0.29621334507546954
global_compatible,81,16,0,0,certified_reset,0,1,0.03609800770581537,0.03210413318742883,0.003993874518386541,0.019969372591932703,0.0,0.0,0,0,-0.00694747347119712,-0.01032690287000474,-0.0027486546260421358,0.0049135421732175825,-0.00694747347119712,-0.01032690287000474,0.02213315863903505,7.971039153607725e-05,0.05718990111084871,0.29621334507546954
global_compatible,81,17,0,0,certified_reset,0,1,0.03210413318742883,0.02811025866904229,0.003993874518386541,0.015975498073546163,0.0,0.0,0,0,-0.0027486546260421358,0.0049135421732175825,-0.00047479652145143394,0.0030696535287697106,-0.0027486546260421358,0.0049135421732175825,-0.004502150626825082,1.2407557663766168e-05,0.05718990111084871,0.29621334507546954
global_compatible,81,18,0,0,certified_reset,0,1,0.02811025866904229,0.02411638415065575,0.003993874518386541,0.011981623555159623,0.0,0.0,0,0,-0.00047479652145143394,0.0030696535287697106,0.00323978043453607,-0.014380409559551343,-0.00047479652145143394,0.0030696535287697106,-0.004047871013780286,2.3311623319913484e-06,0.05718990111084871,0.29621334507546954
global_compatible,81,19,0,0,certified_reset,0,1,0.02411638415065575,0.02012250963226921,0.003993874518386541,0.007987749036773082,0.0,0.0,0,0,0.00323978043453607,-0.014380409559551343,0.000592044717809367,-0.0012028996511701659,0.00323978043453607,-0.014380409559551343,0.01795735020249205,5.578115015945468e-05,0.05718990111084871,0.29621334507546954
global_compatible,81,20,0,0,certified_reset,0,1,0.02012250963226921,0.01612863511388267,0.003993874518386541,0.003993874518386541,0.0,0.0,0,0,0.000592044717809367,-0.0012028996511701659,0.006444024749809706,-0.002899358600606956,0.000592044717809367,-0.0012028996511701659,0.0011826284136094657,6.459363597442393e-07,0.05718990111084871,0.29621334507546954
global_compatible,81,21,0,0,certified_reset,0,1,0.01612863511388267,0.01213476059549613,0.003993874518386541,0.0,0.0,0.0,0,0,0.006444024749809706,-0.002899358600606956,-0.0034582183348112936,0.0003331483114661308,0.006444024749809706,-0.002899358600606956,-0.0021449849118819085,4.315360943604951e-05,0.05718990111084871,0.29621334507546954
global_compatible,82,0,0,0,certified_reset,0,1,0.1,0.09600612548161347,0.003993874518386541,0.08387136488611735,0.0,0.0,0,0,-5.517012803965519,0.10230322922206714,-4.638300802932218,1.6451239395773178,-5.517012803965519,0.10230322922206714,1.5499999999998377,30.499376650247136,0.05718990111084871,0.29621334507546954
global_compatible,82,1,0,0,certified_reset,0,1,0.09600612548161347,0.09201225096322693,0.003993874518386541,0.07987749036773081,0.0,0.0,0,0,-4.638300802932218,1.6451239395773178,-2.4865292926621803,2.643737240559313,-4.638300802932218,1.6451239395773178,1.0103817440993519,22.026514019984557,0.05718990111084871,0.29621334507546954
global_compatible,82,2,0,0,certified_reset,0,1,0.09201225096322693,0.0880183764448404,0.003993874518386541,0.07588361584934428,0.0,0.0,0,0,-2.4865292926621803,2.643737240559313,-0.5556224740435681,1.2280003961857378,-2.4865292926621803,2.643737240559313,-1.418478189208483,7.491212320080218,0.05718990111084871,0.29621334507546954
global_compatible,82,3,0,0,certified_reset,0,1,0.0880183764448404,0.08402450192645386,0.003993874518386541,0.07188974133095774,0.0,0.0,0,0,-0.5556224740435681,1.2280003961857378,0.04424718811406789,-0.036005385406722226,-0.5556224740435681,1.2280003961857378,-1.255693239307448,0.6195727665891755,0.05718990111084871,0.29621334507546954
global_compatible,82,4,0,0,certified_reset,0,1,0.08402450192645386,0.08003062740806732,0.003993874518386541,0.0678958668125712,0.0,0.0,0,0,0.04424718811406789,-0.036005385406722226,0.0163766729386685,-0.03416213680813912,0.04424718811406789,-0.036005385406722226,0.008979947195849812,0.002193179442384306,0.05718990111084871,0.29621334507546954
global_compatible,82,5,0,0,certified_reset,0,1,0.08003062740806732,0.07603675288968079,0.003993874518386541,0.06390199229418467,0.0,0.0,0,0,0.0163766729386685,-0.03416213680813912,0.0019797235455339458,-0.0010968737163023876,0.0163766729386685,-0.03416213680813912,0.03401876797745084,0.0005071966173413505,0.05718990111084871,0.29621334507546954
global_compatible,82,6,0,0,certified_reset,0,1,0.07603675288968079,0.07204287837129425,0.003993874518386541,0.05990811777579813,0.0,0.0,0,0,0.0019797235455339458,-0.0010968737163023876,1.7088622014300265e-05,-0.013969380726606917,0.0019797235455339458,-0.0010968737163023876,-0.00035458211736073397,4.139012279602999e-06,0.05718990111084871,0.29621334507546954
global_compatible,82,7,0,0,certified_reset,0,1,0.07204287837129425,0.06804900385290771,0.003993874518386541,0.05591424325741159,0.0,0.0,0,0,1.7088622014300265e-05,-0.013969380726606917,0.008056125253022121,0.010791275074819058,1.7088622014300265e-05,-0.013969380726606917,0.02055950633765808,4.5693472161488846e-05,0.05718990111084871,0.29621334507546954
global_compatible,82,8,0,0,certified_reset,0,1,0.06804900385290771,0.06405512933452118,0.003993874518386541,0.051920368739025044,0.0,0.0,0,0,0.008056125253022121,0.010791275074819058,0.01697100466790672,-0.015042269816670865,0.008056125253022121,0.010791275074819058,-0.023921155075260266,0.00010016798678902098,0.05718990111084871,0.29621334507546954
global_compatible,82,9,0,0,certified_reset,0,1,0.06405512933452118,0.060061254816134634,0.003993874518386541,0.0479264942206385,0.0,0.0,0,0,0.01697100466790672,-0.015042269816670865,0.008992647001535348,-0.008851249745228584,0.01697100466790672,-0.015042269816670865,0.00525955443223987,0.000329435150881509,0.05718990111084871,0.29621334507546954
global_compatible,82,10,0,0,certified_reset,0,1,0.060061254816134634,0.05606738029774809,0.003993874518386541,0.04393261970225196,0.0,0.0,0,0,0.008992647001535348,-0.008851249745228584,0.008822850271947772,-0.001293318087285698,0.008992647001535348,-0.008851249745228584,0.004083441154780344,9.538659435527016e-05,0.05718990111084871,0.29621334507546954
global_compatible,82,11,0,0,certified_reset,0,1,0.05606738029774809,0.05207350577936155,0.003993874518386541,0.039938745183865414,0.0,0.0,0,0,0.008822850271947772,-0.001293318087285698,0.014638787601505799,-0.009255145020392829,0.008822850271947772,-0.001293318087285698,-0.006879458101681797,7.932694141701081e-05,0.05718990111084871,0.29621334507546954
global_compatible,82,12,0,0,certified_reset,0,1,0.05207350577936155,0.048079631260975,0.003993874518386541,0.03594487066547887,0.0,0.0,0,0,0.014638787601505799,-0.009255145020392829,0.011610379583413169,-0.012326319843265869,0.014638787601505799,-0.009255145020392829,-0.0009400633815828864,0.0002297345831037651,0.05718990111084871,0.29621334507546954
global_compatible,82,13,0,0,certified_reset,0,1,0.048079631260975,0.04408575674258846,0.003993874518386541,0.03195099614709233,0.0,0.0,0,0,0.011610379583413169,-0.012326319843265869,0.008327081801238147,-0.0016014818527233677,0.011610379583413169,-0.012326319843265869,0.006595599706589051,0.00016323733141630447,0.05718990111084871,0.29621334507546954
global_compatible,82,14,0,0,certified_reset,0,1,0.04408575674258846,0.040091882224201916,0.003993874518386541,0.027957121628705783,0.0,0.0,0,0,0.008327081801238147,-0.0016014818527233677,0.007808095183205228,-0.0013208803431046297,0.008327081801238147,-0.0016014818527233677,-0.005932110081453199,7.068169351740194e-05,0.05718990111084871,0.29621334507546954
global_compatible,82,15,0,0,certified_reset,0,1,0.040091882224201916,0.03609800770581537,0.003993874518386541,0.023963247110319243,0.0,0.0,0,0,0.007808095183205228,-0.0013208803431046297,0.007173756920365498,-0.009108411509817149,0.007808095183205228,-0.0013208803431046297,-0.005830545940942493,6.213028251777274e-05,0.05718990111084871,0.29621334507546954
global_compatible,82,16,0,0,certified_reset,0,1,0.03609800770581537,0.03210413318742883,0.003993874518386541,0.019969372591932703,0.0,0.0,0,0,0.007173756920365498,-0.009108411509817149,0.004362907483257017,-0.008898412728091384,0.007173756920365498,-0.009108411509817149,0.0062732325094328285,6.737999334721752e-05,0.05718990111084871,0.29621334507546954
global_compatible,82,17,0,0,certified_reset,0,1,0.03210413318742883,0.02811025866904229,0.003993874518386541,0.015975498073546163,0.0,0.0,0,0,0.004362907483257017,-0.008898412728091384,0.004650149138203592,0.0007855401169531251,0.004362907483257017,-0.008898412728091384,0.008760416371587924,3.520629891685229e-05,0.05718990111084871,0.29621334507546954
global_compatible,82,18,0,0,certified_reset,0,1,0.02811025866904229,0.02411638415065575,0.003993874518386541,0.011981623555159623,0.0,0.0,0,0,0.004650149138203592,0.0007855401169531251,0.004764750459581931,-0.0069905020445166135,0.004650149138203592,0.0007855401169531251,-0.00578664088934661,2.257209051665375e-05,0.05718990111084871,0.29621334507546954
global_compatible,82,19,0,0,certified_reset,0,1,0.02411638415065575,0.02012250963226921,0.003993874518386541,0.007987749036773082,0.0,0.0,0,0,0.004764750459581931,-0.0069905020445166135,0.004215157268335852,-0.005626982650783774,0.004764750459581931,-0.0069905020445166135,0.005552253800878553,3.2269616389010856e-05,0.05718990111084871,0.29621334507546954
global_compatible,82,20,0,0,certified_reset,0,1,0.02012250963226921,0.01612863511388267,0.003993874518386541,0.003993874518386541,0.0,0.0,0,0,0.004215157268335852,-0.005626982650783774,-0.002685130950658185,0.011568898490952014,0.004215157268335852,-0.005626982650783774,0.0040918965512132645,2.3885469306850227e-05,0.05718990111084871,0.29621334507546954
global_compatible,82,21,0,0,certified_reset,0,1,0.01612863511388267,0.01213476059549613,0.003993874518386541,0.0,0.0,0.0,0,0,-0.002685130950658185,0.011568898490952014,-0.005221616210860564,0.002145316538883741,-0.002685130950658185,0.011568898490952014,-0.014366901299019436,3.646121875848801e-05,0.05718990111084871,0.29621334507546954
global_compatible,83,0,0,0,certified_reset,0,1,0.1,0.09600612548161347,0.003993874518386541,0.08387136488611735,0.0,0.0,0,0,0.2429240949257485,0.20044564996438385,0.17716620124690846,-0.32732872002001,0.2429240949257485,0.20044564996438385,-0.5371709202994313,0.0734580533820135,0.05718990111084871,0.29621334507546954
global_compatible,83,1,0,0,certified_reset,0,1,0.09600612548161347,0.09201225096322693,0.003993874518386541,0.07987749036773081,0.0,0.0,0,0,0.17716620124690846,-0.32732872002001,-0.0017841304553721203,-0.01924360688156931,0.17716620124690846,-0.32732872002001,0.3057703939096171,0.05301118758003999,0.05718990111084871,0.29621334507546954
global_compatible,83,2,0,0,certified_reset,0,1,0.09201225096322693,0.0880183764448404,0.003993874518386541,0.07588361584934428,0.0,0.0,0,0,-0.0017841304553721203,-0.01924360688156931,-0.004708885605061541,0.006781331864800762,-0.0017841304553721203,-0.01924360688156931,0.03012249587704744,9.252419347458353e-05,0.05718990111084871,0.29621334507546954
global_compatible,83,3,0,0,certified_reset,0,1,0.0880183764448404,0.08402450192645386,0.003993874518386541,0.07188974133095774,0.0,0.0,0,0,-0.004708885605061541,0.006781331864800762,0.011762914448406006,-0.0031756510177563518,-0.004708885605061541,0.006781331864800762,-0.005298153210639842,3.115292746254232e-05,0.05718990111084871,0.29621334507546954
global_compatible,83,4,0,0,certified_reset,0,1,0.08402450192645386,0.08003062740806732,0.003993874518386541,0.0678958668125712,0.0,0.0,0,0,0.011762914448406006,-0.0031756510177563518,-0.0013234636323672996,-0.011152977741661485,0.011762914448406006,-0.0031756510177563518,-0.0070333135288213585,0.00014141810048997017,0.05718990111084871,0.29621334507546954
global_compatible,83,5,0,0,certified_reset,0,1,0.08003062740806732,0.07603675288968079,0.003993874518386541,0.06390199229418467,0.0,0.0,0,0,-0.0013234636323672996,-0.011152977741661485,-0.012754740042826333,0.010437905373721437,-0.0013234636323672996,-0.011152977741661485,0.017750086280656392,3.201819931154688e-05,0.05718990111084871,0.29621334507546954
global_compatible,83,6,0,0,certified_reset,0,1,0.07603675288968079,0.07204287837129425,0.003993874518386541,0.05990811777579813,0.0,0.0,0,0,-0.012754740042826333,0.010437905373721437,-0.00562278102069675,0.011165471752992144,-0.012754740042826333,0.010437905373721437,-0.0026731579363568955,0.0001824730142402325,0.05718990111084871,0.29621334507546954
global_compatible,83,7,0,0,certified_reset,0,1,0.07204287837129425,0.06804900385290771,0.003993874518386541,0.05591424325741159,0.0,0.0,0,0,-0.00562278102069675,0.011165471752992144,0.005678779576984516,0.004381862807512709,-0.00562278102069675,0.011165471752992144,-0.010847341309740839,5.699748344799363e-05,0.05718990111084871,0.29621334507546954
global_compatible,83,8,1,1,certified_reset,0,1,0.06804900385290771,0.06405512933452118,0.003993874518386541,0.051920368739025044,0.0,0.0,0,0,0.005678779576984516,0.004381862807512709,-0.006934890106721972,0.025600016787307465,0.005678779576984516,0.004381862807512709,-0.012109448706423609,3.9370636082809414e-05,0.05718990111084871,0.29621334507546954
global_compatible,83,9,1,1,certified_reset,0,1,0.06405512933452118,0.060061254816134634,0.003993874518386541,0.0479264942206385,0.0,0.0,0,0,-0.006934890106721972,0.025600016787307465,0.007926497869065114,0.018032819916555927,-0.006934890106721972,0.025600016787307465,-0.030804209830427413,0.00018978013908611162,0.05718990111084871,0.29621334507546954
global_compatible,83,10,0,0,certified_reset,0,1,0.060061254816134634,0.05606738029774809,0.003993874518386541,0.04393261970225196,0.0,0.0,0,0,0.007926497869065114,0.018032819916555927,0.0029890303384831392,-0.00973886732638294,0.007926497869065114,0.018032819916555927,-0.03446021246773876,0.00015104989149706475,0.05718990111084871,0.29621334507546954
global_compatible,83,11,1,1,certified_reset,0,1,0.05606738029774809,0.05207350577936155,0.003993874518386541,0.039938745183865414,0.0,0.0,0,0,0.0029890303384831392,-0.00973886732638294,0.027654951491407502,0.017659229615729896,0.0029890303384831392,-0.00973886732638294,0.01136892536724852,2.9237810588684358e-05,0.05718990111084871,0.29621334507546954
global_compatible,83,12,0,0,certified_reset,0,1,0.05207350577936155,0.048079631260975,0.003993874518386541,0.03594487066547887,0.0,0.0,0,0,0.027654951491407502,0.017659229615729896,0.015111423047715386,-0.03889278809041649,0.027654951491407502,0.017659229615729896,-0.053553117723597575,0.0008926274627518325,0.05718990111084871,0.29621334507546954
global_compatible,83,13,0,0,certified_reset,0,1,0.048079631260975,0.04408575674258846,0.003993874518386541,0.03195099614709233,0.0,0.0,0,0,0.015111423047715386,-0.03889278809041649,-0.001163932289401297,0.00326302424956341,0.015111423047715386,-0.03889278809041649,0.042246702293386104,0.0005452515166739613,0.05718990111084871,0.29621334507546954
global_compatible,83,14,0,0,certified_reset,0,1,0.04408575674258846,0.040091882224201916,0.003993874518386541,0.027957121628705783,0.0,0.0,0,0,-0.001163932289401297,0.00326302424956341,0.001158361566286942,-0.0149877619162016,-0.001163932289401297,0.00326302424956341,-0.0036437143554168363,3.603173637490707e-06,0.05718990111084871,0.29621334507546954
global_compatible,83,15,0,0,certified_reset,0,1,0.040091882224201916,0.03609800770581537,0.003993874518386541,0.023963247110319243,0.0,0.0,0,0,0.001158361566286942,-0.0149877619162016,-0.007905177855674132,0.012978265632037396,0.001158361566286942,-0.0149877619162016,0.020925028087095305,5.272216283560767e-05,0.05718990111084871,0.29621334507546954
global_compatible,83,16,0,0,certified_reset,0,1,0.03609800770581537,0.03210413318742883,0.003993874518386541,0.019969372591932703,0.0,0.0,0,0,-0.007905177855674132,0.012978265632037396,0.0021966784360899676,0.0006894530287629259,-0.007905177855674132,0.012978265632037396,-0.011243030908871745,9.597034871711695e-05,0.05718990111084871,0.29621334507546954
global_compatible,83,17,0,0,certified_reset,0,1,0.03210413318742883,0.02811025866904229,0.003993874518386541,0.015975498073546163,0.0,0.0,0,0,0.0021966784360899676,0.0006894530287629259,-0.00911533473326861,-0.013287640731422228,0.0021966784360899676,0.0006894530287629259,-0.003204462681620305,5.167672864726763e-06,0.05718990111084871,0.29621334507546954
global_compatible,83,18,0,0,certified_reset,0,1,0.02811025866904229,0.02411638415065575,0.003993874518386541,0.011981623555159623,0.0,0.0,0,0,-0.00911533473326861,-0.013287640731422228,0.0027373722974417935,0.013502154727037563,-0.00911533473326861,-0.013287640731422228,0.028652930550619488,0.0001353951393453219,0.05718990111084871,0.29621334507546954
global_compatible,83,19,0,0,certified_reset,0,1,0.02411638415065575,0.02012250963226921,0.003993874518386541,0.007987749036773082,0.0,0.0,0,0,0.0027373722974417935,0.013502154727037563,0.002735903535214532,-0.011039935188298624,0.0027373722974417935,0.013502154727037563,-0.02261969274199218,5.3099942397470405e-05,0.05718990111084871,0.29621334507546954
global_compatible,83,20,0,0,certified_reset,0,1,0.02012250963226921,0.01612863511388267,0.003993874518386541,0.003993874518386541,0.0,0.0,0,0,0.002735903535214532,-0.011039935188298624,0.0027267549743854834,0.008089247208379094,0.002735903535214532,-0.011039935188298624,0.013540922361774226,3.4007513027319453e-05,0.05718990111084871,0.29621334507546954
global_compatible,83,21,0,0,certified_reset,0,1,0.01612863511388267,0.01213476059549613,0.003993874518386541,0.0,0.0,0.0,0,0,0.0027267549743854834,0.008089247208379094,0.012434299506338026,-0.0027617372581063854,0.0027267549743854834,0.008089247208379094,-0.01463303928265816,2.4566804328219813e-05,0.05718990111084871,0.29621334507546954
global_compatible,84,0,0,0,certified_reset,0,1,0.1,0.09600612548161347,0.003993874518386541,0.08387136488611735,0.0,0.0,0,0,3.8943048656420984,0.3646057662009605,3.487475334264273,-1.186507823869781,3.8943048656420984,0.3646057662009605,-1.55,15.249601612218182,0.05718990111084871,0.29621334507546954
global_compatible,84,1,0,0,certified_reset,0,1,0.09600612548161347,0.09201225096322693,0.003993874518386541,0.07987749036773081,0.0,0.0,0,0,3.487475334264273,-1.186507823869781,1.7569298974391225,-2.249326068099427,3.487475334264273,-1.186507823869781,-1.0700663970733675,12.444514406354097,0.05718990111084871,0.29621334507546954
global_compatible,84,2,0,0,certified_reset,0,1,0.09201225096322693,0.0880183764448404,0.003993874518386541,0.07588361584934428,0.0,0.0,0,0,1.7569298974391225,-2.249326068099427,0.2795355775594632,-0.709562103729201,1.7569298974391225,-2.249326068099427,1.55,4.057569361429139,0.05718990111084871,0.29621334507546954
global_compatible,84,3,0,0,certified_reset,0,1,0.0880183764448404,0.08402450192645386,0.003993874518386541,0.07188974133095774,0.0,0.0,0,0,0.2795355775594632,-0.709562103729201,-0.056670760522340394,0.050949445171174716,0.2795355775594632,-0.709562103729201,0.7669006507878271,0.18346966255472216,0.05718990111084871,0.29621334507546954
global_compatible,84,4,0,0,certified_reset,0,1,0.08402450192645386,0.08003062740806732,0.003993874518386541,0.0678958668125712,0.0,0.0,0,0,-0.056670760522340394,0.050949445171174716,-0.021129275889053046,0.031446303132204624,-0.056670760522340394,0.050949445171174716,-0.018625474570750686,0.0036875000791401938,0.05718990111084871,0.29621334507546954
global_compatible,84,5,0,0,certified_reset,0,1,0.08003062740806732,0.07603675288968079,0.003993874518386541,0.06390199229418467,0.0,0.0,0,0,-0.021129275889053046,0.031446303132204624,-8.160382284717622e-05,0.0080458652458952,-0.021129275889053046,0.031446303132204624,-0.0252858708120096,0.0006404272776866098,0.05718990111084871,0.29621334507546954
global_compatible,84,6,0,0,certified_reset,0,1,0.07603675288968079,0.07204287837129425,0.003993874518386541,0.05990811777579813,0.0,0.0,0,0,-8.160382284717622e-05,0.0080458652458952,0.002651177265467157,0.005759547810179623,-8.160382284717622e-05,0.0080458652458952,-0.011768820189345804,1.5121757960050868e-05,0.05718990111084871,0.29621334507546954
global_compatible,84,7,0,0,certified_reset,0,1,0.07204287837129425,0.06804900385290771,0.003993874518386541,0.05591424325741159,0.0,0.0,0,0,0.002651177265467157,0.005759547810179623,0.0011204307470267785,-0.003255264471057285,0.002651177265467157,0.005759547810179623,-0.011122842433499137,1.6092711863935218e-05,0.05718990111084871,0.29621334507546954
global_compatible,84,8,0,0,certified_reset,0,1,0.06804900385290771,0.06405512933452118,0.003993874518386541,0.051920368739025044,0.0,0.0,0,0,0.0011204307470267785,-0.003255264471057285,-0.0001506859816323633,0.006191182614675746,0.0011204307470267785,-0.003255264471057285,0.003678569994562571,3.501076408780403e-06,0.05718990111084871,0.29621334507546954
global_compatible,84,9,0,0,certified_reset,0,1,0.06405512933452118,0.060061254816134634,0.003993874518386541,0.0479264942206385,0.0,0.0,0,0,-0.0001506859816323633,0.006191182614675746,-0.004214183017900826,0.006154979567985934,-0.0001506859816323633,0.006191182614675746,-0.008969744232342975,8.933647645189138e-06,0.05718990111084871,0.29621334507546954
global_compatible,84,10,0,0,certified_reset,0,1,0.060061254816134634,0.05606738029774809,0.003993874518386541,0.04393261970225196,0.0,0.0,0,0,-0.004214183017900826,0.006154979567985934,-0.007123370027373889,0.0044086356443357125,-0.004214183017900826,0.006154979567985934,-0.0048712434642689244,2.5171643057386657e-05,0.05718990111084871,0.29621334507546954
global_compatible,84,11,0,0,certified_reset,0,1,0.05606738029774809,0.05207350577936155,0.003993874518386541,0.039938745183865414,0.0,0.0,0,0,-0.007123370027373889,0.0044086356443357125,-0.00219780771300685,0.01681418940014191,-0.007123370027373889,0.0044086356443357125,0.0005980126279762712,5.424983330848048e-05,0.05718990111084871,0.29621334507546954
global_compatible,84,12,0,0,certified_reset,0,1,0.05207350577936155,0.048079631260975,0.003993874518386541,0.03594487066547887,0.0,0.0,0,0,-0.00219780771300685,0.01681418940014191,0.007725380203220562,0.007489574637769322,-0.00219780771300685,0.01681418940014191,-0.02258137128036116,6.846737069898242e-05,0.05718990111084871,0.29621334507546954
global_compatible,84,13,0,0,certified_reset,0,1,0.048079631260975,0.04408575674258846,0.003993874518386541,0.03195099614709233,0.0,0.0,0,0,0.007725380203220562,0.007489574637769322,0.011092798063172381,-0.015136612406628312,0.007725380203220562,0.007489574637769322,-0.018724131092381077,7.854319749927812e-05,0.05718990111084871,0.29621334507546954
global_compatible,84,14,1,1,certified_reset,0,1,0.04408575674258846,0.040091882224201916,0.003993874518386541,0.027957121628705783,0.0,0.0,0,0,0.011092798063172381,-0.015136612406628312,0.01491179161813709,0.00184756884769695,0.011092798063172381,-0.015136612406628312,0.01125427568085975,0.00016745770322456967,0.05718990111084871,0.29621334507546954
global_compatible,84,15,0,0,certified_reset,0,1,0.040091882224201916,0.03609800770581537,0.003993874518386541,0.023963247110319243,0.0,0.0,0,0,0.01491179161813709,0.00184756884769695,0.004848001700261809,-0.0024965960782347956,0.01491179161813709,0.00184756884769695,-0.017568409530560113,0.00023069218651503693,0.05718990111084871,0.29621334507546954
global_compatible,84,16,0,0,certified_reset,0,1,0.03609800770581537,0.03210413318742883,0.003993874518386541,0.019969372591932703,0.0,0.0,0,0,0.004848001700261809,-0.0024965960782347956,0.0009067417443062244,-0.005184445712320886,0.004848001700261809,-0.0024965960782347956,-0.0011510051116526822,2.4658179360931977e-05,0.05718990111084871,0.29621334507546954
global_compatible,84,17,0,0,certified_reset,0,1,0.03210413318742883,0.02811025866904229,0.003993874518386541,0.015975498073546163,0.0,0.0,0,0,0.0009067417443062244,-0.005184445712320886,-0.0037535688602335173,0.00711362830667226,0.0009067417443062244,-0.005184445712320886,0.006733071769341943,6.7936628990656654e-06,0.05718990111084871,0.29621334507546954
global_compatible,84,18,0,0,certified_reset,0,1,0.02811025866904229,0.02411638415065575,0.003993874518386541,0.011981623555159623,0.0,0.0,0,0,-0.0037535688602335173,0.00711362830667226,0.00910936166175199,-0.009489737334678144,-0.0037535688602335173,0.00711362830667226,-0.006738276918425311,2.433305596763732e-05,0.05718990111084871,0.29621334507546954
global_compatible,84,19,0,0,certified_reset,0,1,0.02411638415065575,0.02012250963226921,0.003993874518386541,0.007987749036773082,0.0,0.0,0,0,0.00910936166175199,-0.009489737334678144,0.0059050067264466675,-0.011403930042124054,0.00910936166175199,-0.009489737334678144,0.004913896018898391,9.979404987932378e-05,0.05718990111084871,0.29621334507546954
global_compatible,84,20,0,0,certified_reset,0,1,0.02012250963226921,0.01612863511388267,0.003993874518386541,0.003993874518386541,0.0,0.0,0,0,0.0059050067264466675,-0.011403930042124054,0.0048674747500241115,-0.008440151083508566,0.0059050067264466675,-0.011403930042124054,0.010917651814605722,6.12579141410232e-05,0.05718990111084871,0.29621334507546954
global_compatible,84,21,0,0,certified_reset,0,1,0.01612863511388267,0.01213476059549613,0.003993874518386541,0.0,0.0,0.0,0,0,0.0048674747500241115,-0.008440151083508566,-0.0003937105620006158,0.0032337093021141284,0.0048674747500241115,-0.008440151083508566,0.007585218422592826,3.795320596132447e-05,0.05718990111084871,0.29621334507546954
global_compatible,85,0,0,0,certified_reset,0,1,0.1,0.09600612548161347,0.003993874518386541,0.08387136488611735,0.0,0.0,0,0,2.0919052455805254,-0.06317879804932869,1.25120069609988,-1.6114670485129121,2.0919052455805254,-0.06317879804932869,-1.55,4.436848537381451,0.05718990111084871,0.29621334507546954
global_compatible,85,1,0,0,certified_reset,0,1,0.09600612548161347,0.09201225096322693,0.003993874518386541,0.07987749036773081,0.0,0.0,0,0,1.25120069609988,-1.6114670485129121,0.20874396085014035,-0.482469002724753,1.25120069609988,-1.6114670485129121,1.1279417379674226,2.0647381847467736,0.05718990111084871,0.29621334507546954
global_compatible,85,2,0,0,certified_reset,0,1,0.09201225096322693,0.0880183764448404,0.003993874518386541,0.07588361584934428,0.0,0.0,0,0,0.20874396085014035,-0.482469002724753,-0.019022725034842692,0.014269611174751957,0.20874396085014035,-0.482469002724753,0.5028616787315205,0.0917955288360612,0.05718990111084871,0.29621334507546954
global_compatible,85,3,0,0,certified_reset,0,1,0.0880183764448404,0.08402450192645386,0.003993874518386541,0.07188974133095774,0.0,0.0,0,0,-0.019022725034842692,0.014269611174751957,-0.0052123674576825575,0.027402285576984316,-0.019022725034842692,0.014269611174751957,-0.002078960903143428,0.0003986240442662999,0.05718990111084871,0.29621334507546954
global_compatible,85,4,0,0,certified_reset,0,1,0.08402450192645386,0.08003062740806732,0.003993874518386541,0.0678958668125712,0.0,0.0,0,0,-0.0052123674576825575,0.027402285576984316,0.0074383632846291015,-0.01369022584908429,-0.0052123674576825575,0.027402285576984316,-0.03517839172293942,0.00019326610149089093,0.05718990111084871,0.29621334507546954
global_compatible,85,5,0,0,certified_reset,0,1,0.08003062740806732,0.07603675288968079,0.003993874518386541,0.06390199229418467,0.0,0.0,0,0,0.0074383632846291015,-0.01369022584908429,0.007867160844644991,-0.006857146857359337,0.0074383632846291015,-0.01369022584908429,0.012757185433815155,9.31339039427453e-05,0.05718990111084871,0.29621334507546954
global_compatible,85,6,1,1,certified_reset,0,1,0.07603675288968079,0.07204287837129425,0.003993874518386541,0.05990811777579813,0.0,0.0,0,0,0.007867160844644991,-0.006857146857359337,0.0017901918035215492,0.011692168661059203,0.007867160844644991,-0.006857146857359337,0.0022702094457495567,7.048474937291528e-05,0.05718990111084871,0.29621334507546954
global_compatible,85,7,1,1,certified_reset,0,1,0.07204287837129425,0.06804900385290771,0.003993874518386541,0.05591424325741159,0.0,0.0,0,0,0.0017901918035215492,0.011692168661059203,0.030088967713130955,0.006296186876980766,0.0017901918035215492,0.011692168661059203,-0.0190044343257238,3.684122523417236e-05,0.05718990111084871,0.29621334507546954
global_compatible,85,8,1,1,certified_reset,0,1,0.06804900385290771,0.06405512933452118,0.003993874518386541,0.051920368739025044,0.0,0.0,0,0,0.030088967713130955,0.006296186876980766,0.009693503396313334,-0.028543597459039272,0.030088967713130955,0.006296186876980766,-0.03923957021462426,0.0009509751292617233,0.05718990111084871,0.29621334507546954
global_compatible,85,9,0,0,certified_reset,0,1,0.06405512933452118,0.060061254816134634,0.003993874518386541,0.0479264942206385,0.0,0.0,0,0,0.009693503396313334,-0.028543597459039272,0.0053774904678000005,0.0013036844869888263,0.009693503396313334,-0.028543597459039272,0.03239425106210845,0.0002668513477038722,0.05718990111084871,0.29621334507546954
global_compatible,85,10,0,0,certified_reset,0,1,0.060061254816134634,0.05606738029774809,0.003993874518386541,0.04393261970225196,0.0,0.0,0,0,0.0053774904678000005,0.0013036844869888263,-0.0014336600481860548,0.0029416454304695494,0.0053774904678000005,0.0013036844869888263,-0.007275786905363365,3.054675739207705e-05,0.05718990111084871,0.29621334507546954
global_compatible,85,11,0,0,certified_reset,0,1,0.05606738029774809,0.05207350577936155,0.003993874518386541,0.039938745183865414,0.0,0.0,0,0,-0.0014336600481860548,0.0029416454304695494,0.0032540037754686694,0.005724709550774575,-0.0014336600481860548,0.0029416454304695494,-0.0029066205763922546,3.8241822240909405e-06,0.05718990111084871,0.29621334507546954
global_compatible,85,12,1,1,certified_reset,0,1,0.05207350577936155,0.048079631260975,0.003993874518386541,0.03594487066547887,0.0,0.0,0,0,0.0032540037754686694,0.005724709550774575,-0.027393654206504123,-0.03819761544453264,0.0032540037754686694,0.005724709550774575,-0.011670695435075458,1.9892682768552967e-05,0.05718990111084871,0.29621334507546954
global_compatible,85,13,1,1,certified_reset,0,1,0.048079631260975,0.04408575674258846,0.003993874518386541,0.03195099614709233,0.0,0.0,0,0,-0.027393654206504123,-0.03819761544453264,-0.011805939041981715,0.03242014152647425,-0.027393654206504123,-0.03819761544453264,0.08354835373212016,0.0011875508846859195,0.05718990111084871,0.29621334507546954
global_compatible,85,14,1,1,certified_reset,0,1,0.04408575674258846,0.040091882224201916,0.003993874518386541,0.027957121628705783,0.0,0.0,0,0,-0.011805939041981715,0.03242014152647425,0.006736026337921898,-0.01604358746678934,-0.011805939041981715,0.03242014152647425,-0.03600248572211981,0.00036097647490466577,0.05718990111084871,0.29621334507546954
global_compatible,85,15,0,0,certified_reset,0,1,0.040091882224201916,0.03609800770581537,0.003993874518386541,0.023963247110319243,0.0,0.0,0,0,0.006736026337921898,-0.01604358746678934,-0.005726204515879327,0.0004954694237239622,0.006736026337921898,-0.01604358746678934,0.01692439500834329,9.886633526995198e-05,0.05718990111084871,0.29621334507546954
global_compatible,85,16,0,0,certified_reset,0,1,0.03609800770581537,0.03210413318742883,0.003993874518386541,0.019969372591932703,0.0,0.0,0,0,-0.005726204515879327,0.0004954694237239622,-0.009130700740605263,0.010939054823919547,-0.005726204515879327,0.0004954694237239622,0.004966115826338338,3.345016400866416e-05,0.05718990111084871,0.29621334507546954
global_compatible,85,17,1,1,certified_reset,0,1,0.03210413318742883,0.02811025866904229,0.003993874518386541,0.015975498073546163,0.0,0.0,0,0,-0.009130700740605263,0.010939054823919547,-0.002010618697816814,-0.00956961040239401,-0.009130700740605263,0.010939054823919547,-0.0070217100864449775,0.00010614163200727074,0.05718990111084871,0.29621334507546954
global_compatible,85,18,2,2,certified_reset,0,1,0.02811025866904229,0.02411638415065575,0.003993874518386541,0.011981623555159623,0.0,0.0,0,0,-0.002010618697816814,-0.00956961040239401,-0.020762757813908128,0.011726807766303434,-0.002010618697816814,-0.00956961040239401,0.016100357069017447,2.700706477740646e-05,0.05718990111084871,0.29621334507546954
global_compatible,85,19,2,2,certified_reset,0,1,0.02411638415065575,0.02012250963226921,0.003993874518386541,0.007987749036773082,0.0,0.0,0,0,-0.020762757813908128,0.011726807766303434,-0.01692953115014882,-0.026622135582528836,-0.020762757813908128,0.011726807766303434,0.003398349098285398,0.00045613407512365867,0.05718990111084871,0.29621334507546954
global_compatible,85,20,2,2,certified_reset,0,1,0.02012250963226921,0.01612863511388267,0.003993874518386541,0.003993874518386541,0.0,0.0,0,0,-0.01692953115014882,-0.026622135582528836,-0.09239465853990189,0.07969277116662536,-0.01692953115014882,-0.026622135582528836,0.05607384800464775,0.0004927887942504864,0.05718990111084871,0.29621334507546954
global_compatible,85,21,2,2,certified_reset,0,1,0.01612863511388267,0.01213476059549613,0.003993874518386541,0.0,0.0,0.0,0,0,-0.09239465853990189,0.07969277116662536,-0.027810276404769973,0.037352434671536254,-0.09239465853990189,0.07969277116662536,-0.025394310539191636,0.009696063501617988,0.05718990111084871,0.29621334507546954
global_compatible,86,0,0,0,certified_reset,0,1,0.1,0.09600612548161347,0.003993874518386541,0.08387136488611735,0.0,0.0,0,0,-2.830811885005373,0.3041799062193078,-1.7510501915385315,1.8553331987676593,-2.830811885005373,0.3041799062193078,1.55,8.090213003050241,0.05718990111084871,0.29621334507546954
global_compatible,86,1,0,0,certified_reset,0,1,0.09600612548161347,0.09201225096322693,0.003993874518386541,0.07987749036773081,0.0,0.0,0,0,-1.7510501915385315,1.8553331987676593,-0.39919068339978836,0.855981886075848,-1.7510501915385315,1.8553331987676593,-0.9894495719395733,3.710259064793311,0.05718990111084871,0.29621334507546954
global_compatible,86,2,0,0,certified_reset,0,1,0.09201225096322693,0.0880183764448404,0.003993874518386541,0.07588361584934428,0.0,0.0,0,0,-0.39919068339978836,0.855981886075848,0.0196040001987978,-0.003842972283275128,-0.39919068339978836,0.855981886075848,-0.8634446254679053,0.30987851531661925,0.05718990111084871,0.29621334507546954
global_compatible,86,3,0,0,certified_reset,0,1,0.0880183764448404,0.08402450192645386,0.003993874518386541,0.07188974133095774,0.0,0.0,0,0,0.0196040001987978,-0.003842972283275128,0.0007434925213360491,-0.013320740484248934,0.0196040001987978,-0.003842972283275128,-0.013860456635836953,0.0003917779487229159,0.05718990111084871,0.29621334507546954
global_compatible,86,4,0,0,certified_reset,0,1,0.08402450192645386,0.08003062740806732,0.003993874518386541,0.0678958668125712,0.0,0.0,0,0,0.0007434925213360491,-0.013320740484248934,-0.0001273231792151071,0.003293483718431584,0.0007434925213360491,-0.013320740484248934,0.018884628959086724,4.140809427110959e-05,0.05718990111084871,0.29621334507546954
global_compatible,86,5,0,0,certified_reset,0,1,0.08003062740806732,0.07603675288968079,0.003993874518386541,0.06390199229418467,0.0,0.0,0,0,-0.0001273231792151071,0.003293483718431584,-0.005321783529638192,-0.014828570436731196,-0.0001273231792151071,0.003293483718431584,-0.004724953221550403,2.5268070662547385e-06,0.05718990111084871,0.29621334507546954
global_compatible,86,6,0,0,certified_reset,0,1,0.07603675288968079,0.07204287837129425,0.003993874518386541,0.05990811777579813,0.0,0.0,0,0,-0.005321783529638192,-0.014828570436731196,-0.003471672184863995,0.00643507376539236,-0.005321783529638192,-0.014828570436731196,0.027145760948122644,8.632325858812156e-05,0.05718990111084871,0.29621334507546954
global_compatible,86,7,0,0,certified_reset,0,1,0.07204287837129425,0.06804900385290771,0.003993874518386541,0.05591424325741159,0.0,0.0,0,0,-0.003471672184863995,0.00643507376539236,-0.002292684212570908,-0.011194225355376744,-0.003471672184863995,0.00643507376539236,-0.006025557864374697,2.041402283446892e-05,0.05718990111084871,0.29621334507546954
global_compatible,86,8,0,0,certified_reset,0,1,0.06804900385290771,0.06405512933452118,0.003993874518386541,0.051920368739025044,0.0,0.0,0,0,-0.002292684212570908,-0.011194225355376744,-0.001824898892212472,0.005283275551518723,-0.002292684212570908,-0.011194225355376744,0.018772716542780694,3.6622695693714404e-05,0.05718990111084871,0.29621334507546954
global_compatible,86,9,0,0,certified_reset,0,1,0.06405512933452118,0.060061254816134634,0.003993874518386541,0.0479264942206385,0.0,0.0,0,0,-0.001824898892212472,0.005283275551518723,-0.0007773822531764781,0.004409150344908625,-0.001824898892212472,0.005283275551518723,-0.005964434245173205,9.243957963012763e-06,0.05718990111084871,0.29621334507546954
global_compatible,86,10,0,0,certified_reset,0,1,0.060061254816134634,0.05606738029774809,0.003993874518386541,0.04393261970225196,0.0,0.0,0,0,-0.0007773822531764781,0.004409150344908625,0.0022018458535817582,0.0017219346110400832,-0.0007773822531764781,0.004409150344908625,-0.0057213154856721625,4.921968657239952e-06,0.05718990111084871,0.29621334507546954
global_compatible,86,11,0,0,certified_reset,0,1,0.05606738029774809,0.05207350577936155,0.003993874518386541,0.039938745183865414,0.0,0.0,0,0,0.0022018458535817582,0.0017219346110400832,0.0049420953620219095,0.002768726327493237,0.0022018458535817582,0.0017219346110400832,-0.004727680431156558,5.940609804259295e-06,0.05718990111084871,0.29621334507546954
global_compatible,86,12,0,0,certified_reset,0,1,0.05207350577936155,0.048079631260975,0.003993874518386541,0.03594487066547887,0.0,0.0,0,0,0.0049420953620219095,0.002768726327493237,0.009256502003874019,-0.015853109710445297,0.0049420953620219095,0.002768726327493237,-0.008999106055839833,2.782875649820455e-05,0.05718990111084871,0.29621334507546954
global_compatible,86,13,0,0,certified_reset,0,1,0.048079631260975,0.04408575674258846,0.003993874518386541,0.03195099614709233,0.0,0.0,0,0,0.009256502003874019,-0.015853109710445297,0.0020995744590814867,-0.006052943734600496,0.009256502003874019,-0.015853109710445297,0.014134071681236593,0.0001359149246534368,0.05718990111084871,0.29621334507546954
global_compatible,86,14,0,0,certified_reset,0,1,0.04408575674258846,0.040091882224201916,0.003993874518386541,0.027957121628705783,0.0,0.0,0,0,0.0020995744590814867,-0.006052943734600496,-0.00697870841017644,-0.004504302430223115,0.0020995744590814867,-0.006052943734600496,0.0068221099484944365,1.2166605526724077e-05,0.05718990111084871,0.29621334507546954
global_compatible,86,15,0,0,certified_reset,0,1,0.040091882224201916,0.03609800770581537,0.003993874518386541,0.023963247110319243,0.0,0.0,0,0,-0.00697870841017644,-0.004504302430223115,-0.0022153286814868742,0.01653882449923861,-0.00697870841017644,-0.004504302430223115,0.013583174835883165,5.6966910308746104e-05,0.05718990111084871,0.29621334507546954
global_compatible,86,16,0,0,certified_reset,0,1,0.03609800770581537,0.03210413318742883,0.003993874518386541,0.019969372591932703,0.0,0.0,0,0,-0.0022153286814868742,0.01653882449923861,0.002174033090526137,-0.007430966366759747,-0.0022153286814868742,0.01653882449923861,-0.022159057349120884,6.641916557904982e-05,0.05718990111084871,0.29621334507546954
global_compatible,86,17,0,0,certified_reset,0,1,0.03210413318742883,0.02811025866904229,0.003993874518386541,0.015975498073546163,0.0,0.0,0,0,0.002174033090526137,-0.007430966366759747,0.006998840638398267,0.007735534064622505,0.002174033090526137,-0.007430966366759747,0.00878158449148263,1.6593792539133454e-05,0.05718990111084871,0.29621334507546954
global_compatible,86,18,0,0,certified_reset,0,1,0.02811025866904229,0.02411638415065575,0.003993874518386541,0.011981623555159623,0.0,0.0,0,0,0.006998840638398267,0.007735534064622505,-0.002306768882181273,-0.011912082481483338,0.006998840638398267,0.007735534064622505,-0.018365978203596103,6.818742687375758e-05,0.05718990111084871,0.29621334507546954
global_compatible,86,19,0,0,certified_reset,0,1,0.02411638415065575,0.02012250963226921,0.003993874518386541,0.007987749036773082,0.0,0.0,0,0,-0.002306768882181273,-0.011912082481483338,-0.0019309470679301343,0.00508527818046931,-0.002306768882181273,-0.011912082481483338,0.01984644367255644,4.0709803465217934e-05,0.05718990111084871,0.29621334507546954
global_compatible,86,20,0,0,certified_reset,0,1,0.02012250963226921,0.01612863511388267,0.003993874518386541,0.003993874518386541,0.0,0.0,0,0,-0.0019309470679301343,0.00508527818046931,-2.1892133723904915e-05,0.004847157553639469,-0.0019309470679301343,0.00508527818046931,-0.005568483678285411,9.158566592127565e-06,0.05718990111084871,0.29621334507546954
global_compatible,86,21,0,0,certified_reset,0,1,0.01612863511388267,0.01213476059549613,0.003993874518386541,0.0,0.0,0.0,0,0,-2.1892133723904915e-05,0.004847157553639469,-0.00024153299691793062,-0.018090597829362107,-2.1892133723904915e-05,0.004847157553639469,-0.007117221729520276,5.495938937162624e-06,0.05718990111084871,0.29621334507546954
global_compatible,87,0,0,0,certified_reset,0,1,0.1,0.09600612548161347,0.003993874518386541,0.08387136488611735,0.0,0.0,0,0,-4.0178371087838,-0.45670419780627947,-3.7029342770640823,1.0938909175722542,-4.0178371087838,-0.45670419780627947,1.55,16.240621703093062,0.05718990111084871,0.29621334507546954
global_compatible,87,1,0,0,certified_reset,0,1,0.09600612548161347,0.09201225096322693,0.003993874518386541,0.07987749036773081,0.0,0.0,0,0,-3.7029342770640823,1.0938909175722542,-1.9660727708009211,2.3629745380765588,-3.7029342770640823,1.0938909175722542,1.2756009406375688,13.967788725368456,0.05718990111084871,0.29621334507546954
global_compatible,87,2,0,0,certified_reset,0,1,0.09201225096322693,0.0880183764448404,0.003993874518386541,0.07588361584934428,0.0,0.0,0,0,-1.9660727708009211,2.3629745380765588,-0.36789215874876235,0.8354138302750125,-1.9660727708009211,2.3629745380765588,-1.5231405201427008,4.928497826354988,0.05718990111084871,0.29621334507546954
global_compatible,87,3,0,0,certified_reset,0,1,0.0880183764448404,0.08402450192645386,0.003993874518386541,0.07188974133095774,0.0,0.0,0,0,-0.36789215874876235,0.8354138302750125,0.03501923788017106,-0.022935629108140274,-0.36789215874876235,0.8354138302750125,-0.8643090277544087,0.2796453210619269,0.05718990111084871,0.29621334507546954
global_compatible,87,4,0,0,certified_reset,0,1,0.08402450192645386,0.08003062740806732,0.003993874518386541,0.0678958668125712,0.0,0.0,0,0,0.03501923788017106,-0.022935629108140274,0.018827911013820496,-0.031121734286370537,0.03501923788017106,-0.022935629108140274,-0.0010851193207632424,0.0013210642136720259,0.05718990111084871,0.29621334507546954
global_compatible,87,5,0,0,certified_reset,0,1,0.08003062740806732,0.07603675288968079,0.003993874518386541,0.06390199229418467,0.0,0.0,0,0,0.018827911013820496,-0.031121734286370537,0.0024260237558553516,-0.01562368698546043,0.018827911013820496,-0.031121734286370537,0.027100715694597273,0.0005471926750217892,0.05718990111084871,0.29621334507546954
global_compatible,87,6,0,0,certified_reset,0,1,0.07603675288968079,0.07204287837129425,0.003993874518386541,0.05990811777579813,0.0,0.0,0,0,0.0024260237558553516,-0.01562368698546043,0.0031820778567314663,0.013076980213427403,0.0024260237558553516,-0.01562368698546043,0.020596426719828153,6.042883820814199e-05,0.05718990111084871,0.29621334507546954
global_compatible,87,7,0,0,certified_reset,0,1,0.07204287837129425,0.06804900385290771,0.003993874518386541,0.05591424325741159,0.0,0.0,0,0,0.0031820778567314663,0.013076980213427403,0.005942425535279272,-4.611460218399699e-06,0.0031820778567314663,0.013076980213427403,-0.022434487224326866,5.348960898218978e-05,0.05718990111084871,0.29621334507546954
global_compatible,87,8,0,0,certified_reset,0,1,0.06804900385290771,0.06405512933452118,0.003993874518386541,0.051920368739025044,0.0,0.0,0,0,0.005942425535279272,-4.611460218399699e-06,0.00014747958360119455,-0.0013910295286003061,0.005942425535279272,-4.611460218399699e-06,-0.005910659936050822,3.618582259213181e-05,0.05718990111084871,0.29621334507546954
global_compatible,87,9,0,0,certified_reset,0,1,0.06405512933452118,0.060061254816134634,0.003993874518386541,0.0479264942206385,0.0,0.0,0,0,0.00014747958360119455,-0.0013910295286003061,-0.0002599880652976059,-0.01824305973315383,0.00014747958360119455,-0.0013910295286003061,0.0019006434223494922,4.603547299510297e-07,0.05718990111084871,0.29621334507546954
global_compatible,87,10,0,0,certified_reset,0,1,0.060061254816134634,0.05606738029774809,0.003993874518386541,0.04393261970225196,0.0,0.0,0,0,-0.0002599880652976059,-0.01824305973315383,-0.009967468242679408,0.002621180907118878,-0.0002599880652976059,-0.01824305973315383,0.027132533935883465,7.837761485557924e-05,0.05718990111084871,0.29621334507546954
global_compatible,87,11,0,0,certified_reset,0,1,0.05606738029774809,0.05207350577936155,0.003993874518386541,0.039938745183865414,0.0,0.0,0,0,-0.009967468242679408,0.002621180907118878,-0.0063103802938973535,0.009985405044603773,-0.009967468242679408,0.002621180907118878,0.006066548630342436,0.00010150720455854228,0.05718990111084871,0.29621334507546954
global_compatible,87,12,0,0,certified_reset,0,1,0.05207350577936155,0.048079631260975,0.003993874518386541,0.03594487066547887,0.0,0.0,0,0,-0.0063103802938973535,0.009985405044603773,-0.007033758718068138,-0.003568259556800806,-0.0063103802938973535,0.009985405044603773,-0.008424366206194505,5.954264460587358e-05,0.05718990111084871,0.29621334507546954
global_compatible,87,13,0,0,certified_reset,0,1,0.048079631260975,0.04408575674258846,0.003993874518386541,0.03195099614709233,0.0,0.0,0,0,-0.007033758718068138,-0.003568259556800806,-0.0017527538467035754,0.019001898115030853,-0.007033758718068138,-0.003568259556800806,0.01225939036084746,5.552292373213658e-05,0.05718990111084871,0.29621334507546954
global_compatible,87,14,0,0,certified_reset,0,1,0.04408575674258846,0.040091882224201916,0.003993874518386541,0.027957121628705783,0.0,0.0,0,0,-0.0017527538467035754,0.019001898115030853,0.0007582028431808181,-0.0010441205859378485,-0.0017527538467035754,0.019001898115030853,-0.0262495122263868,8.529105210553729e-05,0.05718990111084871,0.29621334507546954
global_compatible,87,15,0,0,certified_reset,0,1,0.040091882224201916,0.03609800770581537,0.003993874518386541,0.023963247110319243,0.0,0.0,0,0,0.0007582028431808181,-0.0010441205859378485,-0.002920671537687816,-0.006852456298263375,0.0007582028431808181,-0.0010441205859378485,0.0007840206477914844,7.864725644478158e-07,0.05718990111084871,0.29621334507546954
global_compatible,87,16,0,0,certified_reset,0,1,0.03609800770581537,0.03210413318742883,0.003993874518386541,0.019969372591932703,0.0,0.0,0,0,-0.002920671537687816,-0.006852456298263375,-0.005113976738338714,0.005069532428588718,-0.002920671537687816,-0.006852456298263375,0.013000429237457468,2.1207709557542878e-05,0.05718990111084871,0.29621334507546954
global_compatible,87,17,0,0,certified_reset,0,1,0.03210413318742883,0.02811025866904229,0.003993874518386541,0.015975498073546163,0.0,0.0,0,0,-0.005113976738338714,0.005069532428588718,0.0015039090119740896,0.005856039302586406,-0.005113976738338714,0.005069532428588718,-0.0023710452222819164,3.091933309443439e-05,0.05718990111084871,0.29621334507546954
global_compatible,87,18,0,0,certified_reset,0,1,0.02811025866904229,0.02411638415065575,0.003993874518386541,0.011981623555159623,0.0,0.0,0,0,0.0015039090119740896,0.005856039302586406,0.002321473432172281,-0.0018849541477039054,0.0015039090119740896,0.005856039302586406,-0.010122654152037449,1.0996220829759509e-05,0.05718990111084871,0.29621334507546954
global_compatible,87,19,0,0,certified_reset,0,1,0.02411638415065575,0.02012250963226921,0.003993874518386541,0.007987749036773082,0.0,0.0,0,0,0.002321473432172281,-0.0018849541477039054,0.0009018727541119173,-0.003764130295072863,0.002321473432172281,-0.0018849541477039054,0.00046035558664866294,6.034086462946025e-06,0.05718990111084871,0.29621334507546954
global_compatible,87,20,1,1,certified_reset,0,1,0.02012250963226921,0.01612863511388267,0.003993874518386541,0.003993874518386541,0.0,0.0,0,0,0.0009018727541119173,-0.003764130295072863,0.017391389666333593,-0.01417271549474166,0.0009018727541119173,-0.003764130295072863,0.004647228707890915,3.903654669286909e-06,0.05718990111084871,0.29621334507546954
global_compatible,87,21,1,1,certified_reset,0,1,0.01612863511388267,0.01213476059549613,0.003993874518386541,0.0,0.0,0.0,0,0,0.017391389666333593,-0.01417271549474166,0.011296293285039205,0.010700579212988438,0.017391389666333593,-0.01417271549474166,0.0035618300358229472,0.0003389334559654374,0.05718990111084871,0.29621334507546954
global_compatible,88,0,0,0,certified_reset,0,1,0.1,0.09600612548161347,0.003993874518386541,0.08387136488611735,0.0,0.0,0,0,3.7956725106930165,-0.3295426937986731,2.6975949406268827,-1.8835491195067193,3.7956725106930165,-0.3295426937986731,-1.55,14.486740018097123,0.05718990111084871,0.29621334507546954
global_compatible,88,1,0,0,certified_reset,0,1,0.09600612548161347,0.09201225096322693,0.003993874518386541,0.07987749036773081,0.0,0.0,0,0,2.6975949406268827,-1.8835491195067193,0.9425832802636327,-1.625197113939094,2.6975949406268827,-1.8835491195067193,0.27494996028106944,7.917504712119235,0.05718990111084871,0.29621334507546954
global_compatible,88,2,1,1,certified_reset,0,1,0.09201225096322693,0.0880183764448404,0.003993874518386541,0.07588361584934428,0.0,0.0,0,0,0.9425832802636327,-1.625197113939094,0.04598790650295349,-0.19538634002718275,0.9425832802636327,-1.625197113939094,1.4554766757059192,1.4168513677187216,0.05718990111084871,0.29621334507546954
global_compatible,88,3,1,1,certified_reset,0,1,0.0880183764448404,0.08402450192645386,0.003993874518386541,0.07188974133095774,0.0,0.0,0,0,0.04598790650295349,-0.19538634002718275,-0.04094931778769997,0.058848865111332076,0.04598790650295349,-0.19538634002718275,0.24202933706597696,0.010450990480998516,0.05718990111084871,0.29621334507546954
global_compatible,88,4,0,0,certified_reset,0,1,0.08402450192645386,0.08003062740806732,0.003993874518386541,0.0678958668125712,0.0,0.0,0,0,-0.04094931778769997,0.058848865111332076,-0.007998504498491373,0.002999521018578177,-0.04094931778769997,0.058848865111332076,-0.04591566402131447,0.002352926838821513,0.05718990111084871,0.29621334507546954
global_compatible,88,5,0,0,certified_reset,0,1,0.08003062740806732,0.07603675288968079,0.003993874518386541,0.06390199229418467,0.0,0.0,0,0,-0.007998504498491373,0.002999521018578177,0.0007827110961073688,0.00773415103784139,-0.007998504498491373,0.002999521018578177,0.003542441875940433,6.590927931485775e-05,0.05718990111084871,0.29621334507546954
global_compatible,88,6,0,0,certified_reset,0,1,0.07603675288968079,0.07204287837129425,0.003993874518386541,0.05990811777579813,0.0,0.0,0,0,0.0007827110961073688,0.00773415103784139,-0.0027411410937969874,-0.004937808765595137,0.0007827110961073688,0.00773415103784139,-0.012170871640922015,1.5082966182170339e-05,0.05718990111084871,0.29621334507546954
global_compatible,88,7,0,0,certified_reset,0,1,0.07204287837129425,0.06804900385290771,0.003993874518386541,0.05591424325741159,0.0,0.0,0,0,-0.0027411410937969874,-0.004937808765595137,-0.0001757119925845864,0.021442772993609648,-0.0027411410937969874,-0.004937808765595137,0.010001041974099305,1.4403127483300818e-05,0.05718990111084871,0.29621334507546954
global_compatible,88,8,0,0,certified_reset,0,1,0.06804900385290771,0.06405512933452118,0.003993874518386541,0.051920368739025044,0.0,0.0,0,0,-0.0001757119925845864,0.021442772993609648,0.008539540805403104,-0.015631890432208882,-0.0001757119925845864,0.021442772993609648,-0.03141070114228204,0.00010745933081856754,0.05718990111084871,0.29621334507546954
global_compatible,88,9,0,0,certified_reset,0,1,0.06405512933452118,0.060061254816134634,0.003993874518386541,0.0479264942206385,0.0,0.0,0,0,0.008539540805403104,-0.015631890432208882,-0.001629590482303389,0.012608106484344699,0.008539540805403104,-0.015631890432208882,0.014522129350014007,0.0001221801429158332,0.05718990111084871,0.29621334507546954
global_compatible,88,10,0,0,certified_reset,0,1,0.060061254816134634,0.05606738029774809,0.003993874518386541,0.04393261970225196,0.0,0.0,0,0,-0.001629590482303389,0.012608106484344699,-0.0003004831163158357,-0.007856738671821503,-0.001629590482303389,0.012608106484344699,-0.016947455397765456,3.84495540931985e-05,0.05718990111084871,0.29621334507546954
global_compatible,88,11,0,0,certified_reset,0,1,0.05606738029774809,0.05207350577936155,0.003993874518386541,0.039938745183865414,0.0,0.0,0,0,-0.0003004831163158357,-0.007856738671821503,0.0017893570550540925,0.009692287246169252,-0.0003004831163158357,-0.007856738671821503,0.011873908622150958,1.4726134412683841e-05,0.05718990111084871,0.29621334507546954
global_compatible,88,12,0,0,certified_reset,0,1,0.05207350577936155,0.048079631260975,0.003993874518386541,0.03594487066547887,0.0,0.0,0,0,0.0017893570550540925,0.009692287246169252,0.006386282087072416,0.004283683044872762,0.0017893570550540925,0.009692287246169252,-0.016059647623395068,2.655888348636825e-05,0.05718990111084871,0.29621334507546954
global_compatible,88,13,0,0,certified_reset,0,1,0.048079631260975,0.04408575674258846,0.003993874518386541,0.03195099614709233,0.0,0.0,0,0,0.006386282087072416,0.004283683044872762,0.004587430992697442,0.003704818804488138,0.006386282087072416,0.004283683044872762,-0.012668487316001746,4.809985244476191e-05,0.05718990111084871,0.29621334507546954
global_compatible,88,14,0,0,certified_reset,0,1,0.04408575674258846,0.040091882224201916,0.003993874518386541,0.027957121628705783,0.0,0.0,0,0,0.004587430992697442,0.003704818804488138,-0.0023636591648845953,0.0040001317522365045,0.004587430992697442,0.003704818804488138,-0.01002720932888342,2.602876911322821e-05,0.05718990111084871,0.29621334507546954
global_compatible,88,15,0,0,certified_reset,0,1,0.040091882224201916,0.03609800770581537,0.003993874518386541,0.023963247110319243,0.0,0.0,0,0,-0.0023636591648845953,0.0040001317522365045,0.00595956186898026,-0.0030405057655459584,-0.0023636591648845953,0.0040001317522365045,-0.0035400634291730434,8.780375601152278e-06,0.05718990111084871,0.29621334507546954
global_compatible,88,16,0,0,certified_reset,0,1,0.03609800770581537,0.03210413318742883,0.003993874518386541,0.019969372591932703,0.0,0.0,0,0,0.00595956186898026,-0.0030405057655459584,-0.007234324804174352,-0.00560886114795268,0.00595956186898026,-0.0030405057655459584,-0.0014544600392570066,3.723330557620565e-05,0.05718990111084871,0.29621334507546954
global_compatible,88,17,0,0,certified_reset,0,1,0.03210413318742883,0.02811025866904229,0.003993874518386541,0.015975498073546163,0.0,0.0,0,0,-0.007234324804174352,-0.00560886114795268,-0.004386078743270368,0.011720749909847691,-0.007234324804174352,-0.00560886114795268,0.015465801294316682,6.397790882203682e-05,0.05718990111084871,0.29621334507546954
global_compatible,88,18,1,1,certified_reset,0,1,0.02811025866904229,0.02411638415065575,0.003993874518386541,0.011981623555159623,0.0,0.0,0,0,-0.004386078743270368,0.011720749909847691,0.006274012846263586,0.03822142834037647,-0.004386078743270368,0.011720749909847691,-0.012902670835230712,4.812733573008104e-05,0.05718990111084871,0.29621334507546954
global_compatible,88,19,1,1,certified_reset,0,1,0.02411638415065575,0.02012250963226921,0.003993874518386541,0.007987749036773082,0.0,0.0,0,0,0.006274012846263586,0.03822142834037647,0.0019576071524767744,-0.04302179199687184,0.006274012846263586,0.03822142834037647,-0.06255500055277494,0.0004001494047371584,0.05718990111084871,0.29621334507546954
global_compatible,88,20,0,0,certified_reset,0,1,0.02012250963226921,0.01612863511388267,0.003993874518386541,0.003993874518386541,0.0,0.0,0,0,0.0019576071524767744,-0.04302179199687184,-0.008677346263963636,0.01595514433886657,0.0019576071524767744,-0.04302179199687184,0.0614235922835174,0.00043131109358070176,0.05718990111084871,0.29621334507546954
global_compatible,88,21,0,0,certified_reset,0,1,0.01612863511388267,0.01213476059549613,0.003993874518386541,0.0,0.0,0.0,0,0,-0.008677346263963636,0.01595514433886657,-0.01538518817624825,0.009210374454892872,-0.008677346263963636,0.01595514433886657,-0.014865448743781312,0.0001266428709009053,0.05718990111084871,0.29621334507546954
global_compatible,89,0,0,0,certified_reset,0,1,0.1,0.09600612548161347,0.003993874518386541,0.08387136488611735,0.0,0.0,0,0,-0.5296112787999938,0.07295958030431227,-0.2452795512755983,0.4895586530167675,-0.5296112787999938,0.07295958030431227,0.41989337280484984,0.2858540258097732,0.05718990111084871,0.29621334507546954
global_compatible,89,1,0,0,certified_reset,0,1,0.09600612548161347,0.09201225096322693,0.003993874518386541,0.07987749036773081,0.0,0.0,0,0,-0.2452795512755983,0.4895586530167675,0.004506425630907112,0.0055258782910402775,-0.2452795512755983,0.4895586530167675,-0.4769254264834847,0.10898868628846672,0.05718990111084871,0.29621334507546954
global_compatible,89,2,0,0,certified_reset,0,1,0.09201225096322693,0.0880183764448404,0.003993874518386541,0.07588361584934428,0.0,0.0,0,0,0.004506425630907112,0.0055258782910402775,0.00918059643432736,-0.008630193304274822,0.004506425630907112,0.0055258782910402775,-0.012625711253034149,2.9789446142751627e-05,0.05718990111084871,0.29621334507546954
global_compatible,89,3,0,0,certified_reset,0,1,0.0880183764448404,0.08402450192645386,0.003993874518386541,0.07188974133095774,0.0,0.0,0,0,0.00918059643432736,-0.008630193304274822,-0.00407627305128409,-0.01144174289759731,0.00918059643432736,-0.008630193304274822,0.0035711889100049016,9.800862821020476e-05,0.05718990111084871,0.29621334507546954
global_compatible,89,4,0,0,certified_reset,0,1,0.08402450192645386,0.08003062740806732,0.003993874518386541,0.0678958668125712,0.0,0.0,0,0,-0.00407627305128409,-0.01144174289759731,-0.007785858058416063,0.008348270586971593,-0.00407627305128409,-0.01144174289759731,0.020913077012156618,5.111434823778407e-05,0.05718990111084871,0.29621334507546954
global_compatible,89,5,0,0,certified_reset,0,1,0.08003062740806732,0.07603675288968079,0.003993874518386541,0.06390199229418467,0.0,0.0,0,0,-0.007785858058416063,0.008348270586971593,-0.002452359344706706,-0.00331510988023826,-0.007785858058416063,0.008348270586971593,-0.004542084406616037,7.368020089751607e-05,0.05718990111084871,0.29621334507546954
global_compatible,89,6,0,0,certified_reset,0,1,0.07603675288968079,0.07204287837129425,0.003993874518386541,0.05990811777579813,0.0,0.0,0,0,-0.002452359344706706,-0.00331510988023826,0.0012696137099452954,0.011783161084327132,-0.002452359344706706,-0.00331510988023826,0.00732136828183586,9.33231882677671e-06,0.05718990111084871,0.29621334507546954
global_compatible,89,7,0,0,certified_reset,0,1,0.07204287837129425,0.06804900385290771,0.003993874518386541,0.05591424325741159,0.0,0.0,0,0,0.0012696137099452954,0.011783161084327132,0.003504659279948444,-0.0022335621269909643,0.0012696137099452954,0.011783161084327132,-0.018623006329473606,3.527404741622765e-05,0.05718990111084871,0.29621334507546954
global_compatible,89,8,0,0,certified_reset,0,1,0.06804900385290771,0.06405512933452118,0.003993874518386541,0.051920368739025044,0.0,0.0,0,0,0.003504659279948444,-0.0022335621269909643,-0.002082853275146517,-0.009606034926886269,0.003504659279948444,-0.0022335621269909643,-0.0001993977382955344,1.3181614614502794e-05,0.05718990111084871,0.29621334507546954
global_compatible,89,9,0,0,certified_reset,0,1,0.06405512933452118,0.060061254816134634,0.003993874518386541,0.0479264942206385,0.0,0.0,0,0,-0.002082853275146517,-0.009606034926886269,-0.007179316994407192,0.010609559876419934,-0.002082853275146517,-0.009606034926886269,0.0162228792855822,2.752748633663347e-05,0.05718990111084871,0.29621334507546954
global_compatible,89,10,0,0,certified_reset,0,1,0.060061254816134634,0.05606738029774809,0.003993874518386541,0.04393261970225196,0.0,0.0,0,0,-0.007179316994407192,0.010609559876419934,-0.0015504613856167045,0.004488793948021401,-0.007179316994407192,0.010609559876419934,-0.008480544906217509,7.360188049268438e-05,0.05718990111084871,0.29621334507546954
global_compatible,89,11,0,0,certified_reset,0,1,0.05606738029774809,0.05207350577936155,0.003993874518386541,0.039938745183865414,0.0,0.0,0,0,-0.0015504613856167045,0.004488793948021401,-0.009550389264598648,-0.010829405353881829,-0.0015504613856167045,0.004488793948021401,-0.0050665729405697645,6.672553341744154e-06,0.05718990111084871,0.29621334507546954
global_compatible,89,12,0,0,certified_reset,0,1,0.05207350577936155,0.048079631260975,0.003993874518386541,0.03594487066547887,0.0,0.0,0,0,-0.009550389264598648,-0.010829405353881829,-0.006678743643530481,0.001774408672296524,-0.009550389264598648,-0.010829405353881829,0.025465349270867528,0.00012853171909990615,0.05718990111084871,0.29621334507546954
global_compatible,89,13,0,0,certified_reset,0,1,0.048079631260975,0.04408575674258846,0.003993874518386541,0.03195099614709233,0.0,0.0,0,0,-0.006678743643530481,0.001774408672296524,-0.005835414031933576,0.006130104112139154,-0.006678743643530481,0.001774408672296524,0.004038559861542194,4.5580100504418096e-05,0.05718990111084871,0.29621334507546954
global_compatible,89,14,0,0,certified_reset,0,1,0.04408575674258846,0.040091882224201916,0.003993874518386541,0.027957121628705783,0.0,0.0,0,0,-0.005835414031933576,0.006130104112139154,0.005827777491144616,0.0036316017252763107,-0.005835414031933576,0.006130104112139154,-0.0032159351184523565,4.107468464785942e-05,0.05718990111084871,0.29621334507546954
global_compatible,89,15,0,0,certified_reset,0,1,0.040091882224201916,0.03609800770581537,0.003993874518386541,0.023963247110319243,0.0,0.0,0,0,0.005827777491144616,0.0036316017252763107,0.0079026497419834,-0.022175926529125915,0.005827777491144616,0.0036316017252763107,-0.011151870226591039,3.944603132144541e-05,0.05718990111084871,0.29621334507546954
global_compatible,89,16,0,0,certified_reset,0,1,0.03609800770581537,0.03210413318742883,0.003993874518386541,0.019969372591932703,0.0,0.0,0,0,0.0079026497419834,-0.022175926529125915,-0.0027055222403639246,-0.0014274621602381908,0.0079026497419834,-0.022175926529125915,0.024795742130145283,0.00016634150277562113,0.05718990111084871,0.29621334507546954
global_compatible,89,17,0,0,certified_reset,0,1,0.03210413318742883,0.02811025866904229,0.003993874518386541,0.015975498073546163,0.0,0.0,0,0,-0.0027055222403639246,-0.0014274621602381908,0.0035252292629028375,-0.0027950138317992847,-0.0027055222403639246,-0.0014274621602381908,0.004798862830743242,8.262354384215195e-06,0.05718990111084871,0.29621334507546954
global_compatible,89,18,0,0,certified_reset,0,1,0.02811025866904229,0.02411638415065575,0.003993874518386541,0.011981623555159623,0.0,0.0,0,0,0.0035252292629028375,-0.0027950138317992847,0.0012256467666016417,-0.010072567911610708,0.0035252292629028375,-0.0027950138317992847,0.0006078110885807379,1.3842655631602403e-05,0.05718990111084871,0.29621334507546954
global_compatible,89,19,0,0,certified_reset,0,1,0.02411638415065575,0.02012250963226921,0.003993874518386541,0.007987749036773082,0.0,0.0,0,0,0.0012256467666016417,-0.010072567911610708,-0.0011570336739217908,0.006835361145524285,0.0012256467666016417,-0.010072567911610708,0.01361615891928947,2.439939696948646e-05,0.05718990111084871,0.29621334507546954
global_compatible,89,20,0,0,certified_reset,0,1,0.02012250963226921,0.01612863511388267,0.003993874518386541,0.003993874518386541,0.0,0.0,0,0,-0.0011570336739217908,0.006835361145524285,-0.002219521503890784,0.001345403219165076,-0.0011570336739217908,0.006835361145524285,-0.008916488641622353,1.1736310323147222e-05,0.05718990111084871,0.29621334507546954
global_compatible,89,21,0,0,certified_reset,0,1,0.01612863511388267,0.01213476059549613,0.003993874518386541,0.0,0.0,0.0,0,0,-0.002219521503890784,0.001345403219165076,-0.009341915699125352,-0.007466395095608984,-0.002219521503890784,0.001345403219165076,0.000225283731310531,5.253364293208592e-06,0.05718990111084871,0.29621334507546954
global_compatible,90,0,0,0,certified_reset,0,1,0.1,0.09600612548161347,0.003993874518386541,0.08387136488611735,0.0,0.0,0,0,-2.796171658872948,-0.35270808633868467,-2.3727666766840794,1.2088944197461666,-2.796171658872948,-0.35270808633868467,1.55,7.901030984834659,0.05718990111084871,0.29621334507546954
global_compatible,90,1,0,0,certified_reset,0,1,0.09600612548161347,0.09201225096322693,0.003993874518386541,0.07987749036773081,0.0,0.0,0,0,-2.3727666766840794,1.2088944197461666,-0.9640506806372569,1.6180808743786395,-2.3727666766840794,1.2088944197461666,0.40384968712792363,5.897155695484059,0.05718990111084871,0.29621334507546954
global_compatible,90,2,0,0,certified_reset,0,1,0.09201225096322693,0.0880183764448404,0.003993874518386541,0.07588361584934428,0.0,0.0,0,0,-0.9640506806372569,1.6180808743786395,-0.05687709710596295,0.19959874376517917,-0.9640506806372569,1.6180808743786395,-1.4236198564371803,1.451334481113603,0.05718990111084871,0.29621334507546954
global_compatible,90,3,0,0,certified_reset,0,1,0.0880183764448404,0.08402450192645386,0.003993874518386541,0.07188974133095774,0.0,0.0,0,0,-0.05687709710596295,0.19959874376517917,0.02364990647339273,-0.023936969207193536,-0.05687709710596295,0.19959874376517917,-0.237391501334392,0.011815010830120832,0.05718990111084871,0.29621334507546954
global_compatible,90,4,0,0,certified_reset,0,1,0.08402450192645386,0.08003062740806732,0.003993874518386541,0.0678958668125712,0.0,0.0,0,0,0.02364990647339273,-0.023936969207193536,0.006901446979286143,-0.013473164678677214,0.02364990647339273,-0.023936969207193536,0.011714480475368475,0.0006658849315891218,0.05718990111084871,0.29621334507546954
global_compatible,90,5,0,0,certified_reset,0,1,0.08003062740806732,0.07603675288968079,0.003993874518386541,0.06390199229418467,0.0,0.0,0,0,0.006901446979286143,-0.013473164678677214,-0.004000153549054642,-0.002960899027820495,0.006901446979286143,-0.013473164678677214,0.012973214446845013,8.451228769756947e-05,0.05718990111084871,0.29621334507546954
global_compatible,90,6,0,0,certified_reset,0,1,0.07603675288968079,0.07204287837129425,0.003993874518386541,0.05990811777579813,0.0,0.0,0,0,-0.004000153549054642,-0.002960899027820495,-0.0015784418753395694,-0.0018715181844382285,-0.004000153549054642,-0.002960899027820495,0.00834314144725441,1.9319474795767514e-05,0.05718990111084871,0.29621334507546954
global_compatible,90,7,0,0,certified_reset,0,1,0.07204287837129425,0.06804900385290771,0.003993874518386541,0.05591424325741159,0.0,0.0,0,0,-0.0015784418753395694,-0.0018715181844382285,0.008052833133469134,-0.004883885068848135,-0.0015784418753395694,-0.0018715181844382285,0.004329258439822271,3.5905051764377398e-06,0.05718990111084871,0.29621334507546954
global_compatible,90,8,0,0,certified_reset,0,1,0.06804900385290771,0.06405512933452118,0.003993874518386541,0.051920368739025044,0.0,0.0,0,0,0.008052833133469134,-0.004883885068848135,0.009167086734406735,-0.00947176002105797,0.008052833133469134,-0.004883885068848135,-0.0008227397561036752,6.915846399898434e-05,0.05718990111084871,0.29621334507546954
global_compatible,90,9,0,0,certified_reset,0,1,0.06405512933452118,0.060061254816134634,0.003993874518386541,0.0479264942206385,0.0,0.0,0,0,0.009167086734406735,-0.00947176002105797,-0.004435102500231179,0.00032302521710965773,0.009167086734406735,-0.00947176002105797,0.004820874616872295,0.00010076506281929819,0.05718990111084871,0.29621334507546954
global_compatible,90,10,0,0,certified_reset,0,1,0.060061254816134634,0.05606738029774809,0.003993874518386541,0.04393261970225196,0.0,0.0,0,0,-0.004435102500231179,0.00032302521710965773,0.003489892127363716,0.002295648072954637,-0.004435102500231179,0.00032302521710965773,0.003938874558553791,2.007678465961739e-05,0.05718990111084871,0.29621334507546954
global_compatible,90,11,0,0,certified_reset,0,1,0.05606738029774809,0.05207350577936155,0.003993874518386541,0.039938745183865414,0.0,0.0,0,0,0.003489892127363716,0.002295648072954637,0.0006419883714703673,0.0036807182724225363,0.003489892127363716,0.002295648072954637,-0.0068555292720493665,1.4302904114108248e-05,0.05718990111084871,0.29621334507546954
global_compatible,90,12,0,0,certified_reset,0,1,0.05207350577936155,0.048079631260975,0.003993874518386541,0.03594487066547887,0.0,0.0,0,0,0.0006419883714703673,0.0036807182724225363,0.012051140439685413,-0.0010945178312396968,0.0006419883714703673,0.0036807182724225363,-0.006063061834467802,3.769750699487801e-06,0.05718990111084871,0.29621334507546954
global_compatible,90,13,0,0,certified_reset,0,1,0.048079631260975,0.04408575674258846,0.003993874518386541,0.03195099614709233,0.0,0.0,0,0,0.012051140439685413,-0.0010945178312396968,0.015073440405198636,-0.005173216931493338,0.012051140439685413,-0.0010945178312396968,-0.010385506685838729,0.00014814208909598347,0.05718990111084871,0.29621334507546954
global_compatible,90,14,0,0,certified_reset,0,1,0.04408575674258846,0.040091882224201916,0.003993874518386541,0.027957121628705783,0.0,0.0,0,0,0.015073440405198636,-0.005173216931493338,-0.002572846080338263,-0.013408456403102741,0.015073440405198636,-0.005173216931493338,-0.00738095717486908,0.00023338776008515816,0.05718990111084871,0.29621334507546954
global_compatible,90,15,0,0,certified_reset,0,1,0.040091882224201916,0.03609800770581537,0.003993874518386541,0.023963247110319243,0.0,0.0,0,0,-0.002572846080338263,-0.013408456403102741,-0.008104139858061458,0.009563505977581571,-0.002572846080338263,-0.013408456403102741,0.022317764433658564,5.143320874652208e-05,0.05718990111084871,0.29621334507546954
global_compatible,90,16,1,1,certified_reset,0,1,0.03609800770581537,0.03210413318742883,0.003993874518386541,0.019969372591932703,0.0,0.0,0,0,-0.008104139858061458,0.009563505977581571,-0.011510123419922223,-0.03998599846711602,-0.008104139858061458,0.009563505977581571,-0.006014905188178847,8.304447633457283e-05,0.05718990111084871,0.29621334507546954
global_compatible,90,17,1,1,certified_reset,0,1,0.03210413318742883,0.02811025866904229,0.003993874518386541,0.015975498073546163,0.0,0.0,0,0,-0.011510123419922223,-0.03998599846711602,0.0012861155156239854,0.03357524054401219,-0.011510123419922223,-0.03998599846711602,0.07036508978068992,0.0005440625008521527,0.05718990111084871,0.29621334507546954
global_compatible,90,18,1,1,certified_reset,0,1,0.02811025866904229,0.02411638415065575,0.003993874518386541,0.011981623555159623,0.0,0.0,0,0,0.0012861155156239854,0.03357524054401219,0.030141929886498015,0.0015862098240693387,0.0012861155156239854,0.03357524054401219,-0.05074182955524054,0.00026893584475074623,0.05718990111084871,0.29621334507546954
global_compatible,90,19,0,0,certified_reset,0,1,0.02411638415065575,0.02012250963226921,0.003993874518386541,0.007987749036773082,0.0,0.0,0,0,0.030141929886498015,0.0015862098240693387,0.01752672546413953,-0.03587029223271855,0.030141929886498015,0.0015862098240693387,-0.03235184611374391,0.0009351548770458217,0.05718990111084871,0.29621334507546954
global_compatible,90,20,0,0,certified_reset,0,1,0.02012250963226921,0.01612863511388267,0.003993874518386541,0.003993874518386541,0.0,0.0,0,0,0.01752672546413953,-0.03587029223271855,0.004723843158431066,-0.0013148824182760335,0.01752672546413953,-0.03587029223271855,0.03539203066741568,0.0005701030170393125,0.05718990111084871,0.29621334507546954
global_compatible,90,21,0,0,certified_reset,0,1,0.01612863511388267,0.01213476059549613,0.003993874518386541,0.0,0.0,0.0,0,0,0.004723843158431066,-0.0013148824182760335,0.004837326789789811,0.007263499589705106,0.004723843158431066,-0.0013148824182760335,-0.0027656203271762933,2.2817115419608717e-05,0.05718990111084871,0.29621334507546954
global_compatible,91,0,0,0,certified_reset,0,1,0.1,0.09600612548161347,0.003993874518386541,0.08387136488611735,0.0,0.0,0,0,-5.726305324613117,-0.1562899272022129,-5.105517804721274,1.3928348835322621,-5.726305324613117,-0.1562899272022129,1.5499999999974834,32.85503194813441,0.05718990111084871,0.29621334507546954
global_compatible,91,1,0,0,certified_reset,0,1,0.09600612548161347,0.09201225096322693,0.003993874518386541,0.07987749036773081,0.0,0.0,0,0,-5.105517804721274,1.3928348835322621,-2.948967683769777,2.921481520090123,-5.105517804721274,1.3928348835322621,1.5185498722157256,26.47315991948728,0.05718990111084871,0.29621334507546954
global_compatible,91,2,0,0,certified_reset,0,1,0.09201225096322693,0.0880183764448404,0.003993874518386541,0.07588361584934428,0.0,0.0,0,0,-2.948967683769777,2.921481520090123,-0.7583959462412962,1.450090376937615,-2.948967683769777,2.921481520090123,-1.4696796106045986,10.286719122865213,0.05718990111084871,0.29621334507546954
global_compatible,91,3,0,0,certified_reset,0,1,0.0880183764448404,0.08402450192645386,0.003993874518386541,0.07188974133095774,0.0,0.0,0,0,-0.7583959462412962,1.450090376937615,0.002452117210705429,0.05950054343884993,-0.7583959462412962,1.450090376937615,-1.380935321467531,1.0013361485588204,0.05718990111084871,0.29621334507546954
global_compatible,91,4,0,0,certified_reset,0,1,0.08402450192645386,0.08003062740806732,0.003993874518386541,0.0678958668125712,0.0,0.0,0,0,0.002452117210705429,0.05950054343884993,0.015110809088717066,-0.03359980550251816,0.002452117210705429,0.05950054343884993,-0.09008907945669074,0.0008461705752622105,0.05718990111084871,0.29621334507546954
global_compatible,91,5,0,0,certified_reset,0,1,0.08003062740806732,0.07603675288968079,0.003993874518386541,0.06390199229418467,0.0,0.0,0,0,0.015110809088717066,-0.03359980550251816,-0.0024562967533027,-0.006650093737375486,0.015110809088717066,-0.03359980550251816,0.03445215330472602,0.0004612207703642318,0.05718990111084871,0.29621334507546954
global_compatible,91,6,0,0,certified_reset,0,1,0.07603675288968079,0.07204287837129425,0.003993874518386541,0.05990811777579813,0.0,0.0,0,0,-0.0024562967533027,-0.006650093737375486,-0.008095280082208375,-0.0031220450912724535,-0.0024562967533027,-0.006650093737375486,0.012247740361002724,1.774384674790728e-05,0.05718990111084871,0.29621334507546954
global_compatible,91,7,0,0,certified_reset,0,1,0.07204287837129425,0.06804900385290771,0.003993874518386541,0.05591424325741159,0.0,0.0,0,0,-0.008095280082208375,-0.0031220450912724535,-0.010594811203806113,0.005905564335022824,-0.008095280082208375,-0.0031220450912724535,0.01265827375545452,7.129384677044927e-05,0.05718990111084871,0.29621334507546954
global_compatible,91,8,0,0,certified_reset,0,1,0.06804900385290771,0.06405512933452118,0.003993874518386541,0.051920368739025044,0.0,0.0,0,0,-0.010594811203806113,0.005905564335022824,-0.0016555642746386538,0.012957639827620607,-0.010594811203806113,0.005905564335022824,0.0018544262273714166,0.00011861362108083147,0.05718990111084871,0.29621334507546954
global_compatible,91,9,0,0,certified_reset,0,1,0.06405512933452118,0.060061254816134634,0.003993874518386541,0.0479264942206385,0.0,0.0,0,0,-0.0016555642746386538,0.012957639827620607,0.0015098797103399724,-0.009536272910990047,-0.0016555642746386538,0.012957639827620607,-0.017437087948956046,4.0564271353371684e-05,0.05718990111084871,0.29621334507546954
global_compatible,91,10,2,2,certified_reset,0,1,0.060061254816134634,0.05606738029774809,0.003993874518386541,0.04393261970225196,0.0,0.0,0,0,0.0015098797103399724,-0.009536272910990047,0.01607831462387788,0.01488225794763512,0.0015098797103399724,-0.009536272910990047,0.012542185700862542,2.2581687479488206e-05,0.05718990111084871,0.29621334507546954
global_compatible,91,11,2,2,certified_reset,0,1,0.05606738029774809,0.05207350577936155,0.003993874518386541,0.039938745183865414,0.0,0.0,0,0,0.01607831462387788,0.01488225794763512,0.016344320339989296,-0.06698165560242675,0.01607831462387788,0.01488225794763512,-0.037937037147755474,0.00033435935912475056,0.05718990111084871,0.29621334507546954
global_compatible,91,12,2,2,certified_reset,0,1,0.05207350577936155,0.048079631260975,0.003993874518386541,0.03594487066547887,0.0,0.0,0,0,0.016344320339989296,-0.06698165560242675,0.0264607392901108,0.07303369111617894,0.016344320339989296,-0.06698165560242675,0.08239800588330828,0.0012444501854184098,0.05718990111084871,0.29621334507546954
global_compatible,91,13,2,2,certified_reset,0,1,0.048079631260975,0.04408575674258846,0.003993874518386541,0.03195099614709233,0.0,0.0,0,0,0.0264607392901108,0.07303369111617894,-0.020500662543274074,-0.09172737354582183,0.0264607392901108,0.07303369111617894,-0.13393465577277683,0.0021087386310531375,0.05718990111084871,0.29621334507546954
global_compatible,91,14,2,2,certified_reset,0,1,0.04408575674258846,0.040091882224201916,0.003993874518386541,0.027957121628705783,0.0,0.0,0,0,-0.020500662543274074,-0.09172737354582183,-0.03563503907019104,0.07899786082607901,-0.020500662543274074,-0.09172737354582183,0.15553800132321138,0.0025395829014743356,0.05718990111084871,0.29621334507546954
global_compatible,91,15,2,2,certified_reset,0,1,0.040091882224201916,0.03609800770581537,0.003993874518386541,0.023963247110319243,0.0,0.0,0,0,-0.03563503907019104,0.07899786082607901,0.06307234919517099,0.054353899466454,-0.03563503907019104,0.07899786082607901,-0.08088952785188741,0.0025567530651539523,0.05718990111084871,0.29621334507546954
global_compatible,91,16,1,1,certified_reset,0,1,0.03609800770581537,0.03210413318742883,0.003993874518386541,0.019969372591932703,0.0,0.0,0,0,0.06307234919517099,0.054353899466454,0.05447436039054334,-0.1032819236191747,0.06307234919517099,0.054353899466454,-0.14287469127622804,0.005020233017877213,0.05718990111084871,0.29621334507546954
global_compatible,91,17,1,1,certified_reset,0,1,0.03210413318742883,0.02811025866904229,0.003993874518386541,0.015975498073546163,0.0,0.0,0,0,0.05447436039054334,-0.1032819236191747,-0.013662850457554963,-0.016164534421674877,0.05447436039054334,-0.1032819236191747,0.09790230113657504,0.005127165488520579,0.05718990111084871,0.29621334507546954
global_compatible,91,18,2,2,certified_reset,0,1,0.02811025866904229,0.02411638415065575,0.003993874518386541,0.011981623555159623,0.0,0.0,0,0,-0.013662850457554963,-0.016164534421674877,-0.04117112021599699,0.03840764625087171,-0.013662850457554963,-0.016164534421674877,0.037418278183261634,0.0002687092623330208,0.05718990111084871,0.29621334507546954
global_compatible,91,19,2,2,certified_reset,0,1,0.02411638415065575,0.02012250963226921,0.003993874518386541,0.007987749036773082,0.0,0.0,0,0,-0.04117112021599699,0.03840764625087171,0.03388974644930347,0.04223517655824223,-0.04117112021599699,0.03840764625087171,-0.015576375537460772,0.001966653239007954,0.05718990111084871,0.29621334507546954
global_compatible,91,20,1,1,certified_reset,0,1,0.02012250963226921,0.01612863511388267,0.003993874518386541,0.003993874518386541,0.0,0.0,0,0,0.03388974644930347,0.04223517655824223,0.01820303055625365,-0.0168866121701406,0.03388974644930347,0.04223517655824223,-0.09596393117128665,0.001699827641547324,0.05718990111084871,0.29621334507546954
global_compatible,91,21,1,1,certified_reset,0,1,0.01612863511388267,0.01213476059549613,0.003993874518386541,0.0,0.0,0.0,0,0,0.01820303055625365,-0.0168866121701406,-0.0034906443238852496,-0.03465052204058619,0.01820303055625365,-0.0168866121701406,0.006750040107663589,0.000383817778173534,0.05718990111084871,0.29621334507546954
global_compatible,92,0,0,0,certified_reset,0,1,0.1,0.09600612548161347,0.003993874518386541,0.08387136488611735,0.0,0.0,0,0,1.4511858109688571,0.14308675304621676,0.8177469931316931,-1.4114602234485905,1.4511858109688571,0.14308675304621676,-1.55,2.1696880453588547,0.05718990111084871,0.29621334507546954
global_compatible,92,1,0,0,certified_reset,0,1,0.09600612548161347,0.09201225096322693,0.003993874518386541,0.07987749036773081,0.0,0.0,0,0,0.8177469931316931,-1.4114602234485905,0.02836910627400499,-0.1375730973168827,0.8177469931316931,-1.4114602234485905,1.2649296813352535,1.067310915471956,0.05718990111084871,0.29621334507546954
global_compatible,92,2,0,0,certified_reset,0,1,0.09201225096322693,0.0880183764448404,0.003993874518386541,0.07588361584934428,0.0,0.0,0,0,0.02836910627400499,-0.1375730973168827,-0.020875450755218693,0.04221923965869252,0.02836910627400499,-0.1375730973168827,0.1744070610447636,0.004971996043307472,0.05718990111084871,0.29621334507546954
global_compatible,92,3,0,0,certified_reset,0,1,0.0880183764448404,0.08402450192645386,0.003993874518386541,0.07188974133095774,0.0,0.0,0,0,-0.020875450755218693,0.04221923965869252,0.003977631318316192,-0.010282885285891039,-0.020875450755218693,0.04221923965869252,-0.04140894162421462,0.0007994955109189619,0.05718990111084871,0.29621334507546954
global_compatible,92,4,0,0,certified_reset,0,1,0.08402450192645386,0.08003062740806732,0.003993874518386541,0.0678958668125712,0.0,0.0,0,0,0.003977631318316192,-0.010282885285891039,-0.010816660188785038,0.0073432944984551775,0.003977631318316192,-0.010282885285891039,0.011182985580119022,3.7980821431081547e-05,0.05718990111084871,0.29621334507546954
global_compatible,92,5,0,0,certified_reset,0,1,0.08003062740806732,0.07603675288968079,0.003993874518386541,0.06390199229418467,0.0,0.0,0,0,-0.010816660188785038,0.0073432944984551775,0.0024325998714564536,0.01306286322364041,-0.010816660188785038,0.0073432944984551775,-4.6247977539979024e-05,0.00012670650644792041,0.05718990111084871,0.29621334507546954
global_compatible,92,6,0,0,certified_reset,0,1,0.07603675288968079,0.07204287837129425,0.003993874518386541,0.05990811777579813,0.0,0.0,0,0,0.0024325998714564536,0.01306286322364041,0.0018243270758468684,-0.005741211033164343,0.0024325998714564536,0.01306286322364041,-0.02166665664791027,4.836855359998749e-05,0.05718990111084871,0.29621334507546954
global_compatible,92,7,0,0,certified_reset,0,1,0.07204287837129425,0.06804900385290771,0.003993874518386541,0.05591424325741159,0.0,0.0,0,0,0.0018243270758468684,-0.005741211033164343,0.00283416886864527,0.003511065837640702,0.0018243270758468684,-0.005741211033164343,0.0066423686033899535,1.0364266539169538e-05,0.05718990111084871,0.29621334507546954
global_compatible,92,8,0,0,certified_reset,0,1,0.06804900385290771,0.06405512933452118,0.003993874518386541,0.051920368739025044,0.0,0.0,0,0,0.00283416886864527,0.003511065837640702,0.003294910291512808,-0.0016687607925631614,0.00283416886864527,0.003511065837640702,-0.007993276876782602,1.1848790053645265e-05,0.05718990111084871,0.29621334507546954
global_compatible,92,9,0,0,certified_reset,0,1,0.06405512933452118,0.060061254816134634,0.003993874518386541,0.0479264942206385,0.0,0.0,0,0,0.003294910291512808,-0.0016687607925631614,0.007258746780895026,-0.0013061870095900604,0.003294910291512808,-0.0016687607925631614,-0.0008254449055441909,1.1374725076322525e-05,0.05718990111084871,0.29621334507546954
global_compatible,92,10,0,0,certified_reset,0,1,0.060061254816134634,0.05606738029774809,0.003993874518386541,0.04393261970225196,0.0,0.0,0,0,0.007258746780895026,-0.0013061870095900604,0.0048284159537992305,-0.009073646988917914,0.007258746780895026,-0.0013061870095900604,-0.00530317203827286,5.36995980815658e-05,0.05718990111084871,0.29621334507546954
global_compatible,92,11,0,0,certified_reset,0,1,0.05606738029774809,0.05207350577936155,0.003993874518386541,0.039938745183865414,0.0,0.0,0,0,0.0048284159537992305,-0.009073646988917914,-0.0012459272335904195,0.004705519099164149,0.0048284159537992305,-0.009073646988917914,0.00855712912624894,3.9963804637295226e-05,0.05718990111084871,0.29621334507546954
global_compatible,92,12,0,0,certified_reset,0,1,0.05207350577936155,0.048079631260975,0.003993874518386541,0.03594487066547887,0.0,0.0,0,0,-0.0012459272335904195,0.004705519099164149,0.007565355139792795,0.0013730098476618427,-0.0012459272335904195,0.004705519099164149,-0.00568800155002629,6.346712510897559e-06,0.05718990111084871,0.29621334507546954
global_compatible,92,13,0,0,certified_reset,0,1,0.048079631260975,0.04408575674258846,0.003993874518386541,0.03195099614709233,0.0,0.0,0,0,0.007565355139792795,0.0013730098476618427,0.0025042396061161114,-0.003202292104555386,0.007565355139792795,0.0013730098476618427,-0.00955174965933227,5.9854824517572856e-05,0.05718990111084871,0.29621334507546954
global_compatible,92,14,0,0,certified_reset,0,1,0.04408575674258846,0.040091882224201916,0.003993874518386541,0.027957121628705783,0.0,0.0,0,0,0.0025042396061161114,-0.003202292104555386,-0.003813371234944655,-0.00891783404060843,0.0025042396061161114,-0.003202292104555386,0.002222053513473187,8.240495500380637e-06,0.05718990111084871,0.29621334507546954
global_compatible,92,15,0,0,certified_reset,0,1,0.040091882224201916,0.03609800770581537,0.003993874518386541,0.023963247110319243,0.0,0.0,0,0,-0.003813371234944655,-0.00891783404060843,-0.009488037532237429,0.0013048106012759275,-0.003813371234944655,-0.00891783404060843,0.016930438668002437,3.6022791528428333e-05,0.05718990111084871,0.29621334507546954
global_compatible,92,16,0,0,certified_reset,0,1,0.03609800770581537,0.03210413318742883,0.003993874518386541,0.019969372591932703,0.0,0.0,0,0,-0.009488037532237429,0.0013048106012759275,-0.01151617833216051,-0.004678759955401839,-0.009488037532237429,0.0013048106012759275,0.0075284925241395195,9.17462667322331e-05,0.05718990111084871,0.29621334507546954
global_compatible,92,17,0,0,certified_reset,0,1,0.03210413318742883,0.02811025866904229,0.003993874518386541,0.015975498073546163,0.0,0.0,0,0,-0.01151617833216051,-0.004678759955401839,-0.007512489915700941,0.001400929516022404,-0.01151617833216051,-0.004678759955401839,0.018358404435544012,0.0001449884817632472,0.05718990111084871,0.29621334507546954
global_compatible,92,18,0,0,certified_reset,0,1,0.02811025866904229,0.02411638415065575,0.003993874518386541,0.011981623555159623,0.0,0.0,0,0,-0.007512489915700941,0.001400929516022404,-0.005980798420373773,0.0073544925537155775,-0.007512489915700941,0.001400929516022404,0.005418449275988424,5.7524763179015115e-05,0.05718990111084871,0.29621334507546954
global_compatible,92,19,0,0,certified_reset,0,1,0.02411638415065575,0.02012250963226921,0.003993874518386541,0.007987749036773082,0.0,0.0,0,0,-0.005980798420373773,0.0073544925537155775,-0.007080760404156963,0.01600851403690805,-0.005980798420373773,0.0073544925537155775,-0.004877251592346817,4.6100580252600074e-05,0.05718990111084871,0.29621334507546954
global_compatible,92,20,0,0,certified_reset,0,1,0.02012250963226921,0.01612863511388267,0.003993874518386541,0.003993874518386541,0.0,0.0,0,0,-0.007080760404156963,0.01600851403690805,-0.008354284917927994,0.0012081786091578555,-0.007080760404156963,0.01600851403690805,-0.016530559666139113,0.00010309770687355048,0.05718990111084871,0.29621334507546954
global_compatible,92,21,0,0,certified_reset,0,1,0.01612863511388267,0.01213476059549613,0.003993874518386541,0.0,0.0,0.0,0,0,-0.008354284917927994,0.0012081786091578555,-0.004623229661489144,0.0034106579245774616,-0.008354284917927994,0.0012081786091578555,0.0065397416106333355,7.112602719755818e-05,0.05718990111084871,0.29621334507546954
global_compatible,93,0,0,0,certified_reset,0,1,0.1,0.09600612548161347,0.003993874518386541,0.08387136488611735,0.0,0.0,0,0,5.113082236965024,-0.14051202913248473,4.202827577616455,-1.6871451506288544,5.113082236965024,-0.14051202913248473,-1.55,26.207226315426823,0.05718990111084871,0.29621334507546954
global_compatible,93,1,0,0,certified_reset,0,1,0.09600612548161347,0.09201225096322693,0.003993874518386541,0.07987749036773081,0.0,0.0,0,0,4.202827577616455,-1.6871451506288544,2.1276083717757466,-2.462250905556311,4.202827577616455,-1.6871451506288544,-0.7712330387093218,18.190992233845602,0.05718990111084871,0.29621334507546954
global_compatible,93,2,0,0,certified_reset,0,1,0.09201225096322693,0.0880183764448404,0.003993874518386541,0.07588361584934428,0.0,0.0,0,0,2.1276083717757466,-2.462250905556311,0.42388833991414254,-0.965070592865667,2.1276083717757466,-2.462250905556311,1.508531654589136,5.674891391416997,0.05718990111084871,0.29621334507546954
global_compatible,93,3,0,0,certified_reset,0,1,0.0880183764448404,0.08402450192645386,0.003993874518386541,0.07188974133095774,0.0,0.0,0,0,0.42388833991414254,-0.965070592865667,-0.0391582601908657,0.030271684241654093,0.42388833991414254,-0.965070592865667,0.9995465380864558,0.3723036816187193,0.05718990111084871,0.29621334507546954
global_compatible,93,4,0,0,certified_reset,0,1,0.08402450192645386,0.08003062740806732,0.003993874518386541,0.0678958668125712,0.0,0.0,0,0,-0.0391582601908657,0.030271684241654093,-0.003816908492098285,0.02503020879891417,-0.0391582601908657,0.030271684241654093,-0.005600023208402219,0.0016991008237026571,0.05718990111084871,0.29621334507546954
global_compatible,93,5,0,0,certified_reset,0,1,0.08003062740806732,0.07603675288968079,0.003993874518386541,0.06390199229418467,0.0,0.0,0,0,-0.003816908492098285,0.02503020879891417,0.005899491257671147,-0.001512767907529188,-0.003816908492098285,0.02503020879891417,-0.03307279654849956,0.00015468608067861634,0.05718990111084871,0.29621334507546954
global_compatible,93,6,0,0,certified_reset,0,1,0.07603675288968079,0.07204287837129425,0.003993874518386541,0.05990811777579813,0.0,0.0,0,0,0.005899491257671147,-0.001512767907529188,0.003177007111899349,-0.01684223107842258,0.005899491257671147,-0.001512767907529188,-0.003648256462909216,3.554866549338631e-05,0.05718990111084871,0.29621334507546954
global_compatible,93,7,0,0,certified_reset,0,1,0.07204287837129425,0.06804900385290771,0.003993874518386541,0.05591424325741159,0.0,0.0,0,0,0.003177007111899349,-0.01684223107842258,-0.0096690678023365,0.016212463885151282,0.003177007111899349,-0.01684223107842258,0.021647209959041232,7.28673512501464e-05,0.05718990111084871,0.29621334507546954
global_compatible,93,8,0,0,certified_reset,0,1,0.06804900385290771,0.06405512933452118,0.003993874518386541,0.051920368739025044,0.0,0.0,0,0,-0.0096690678023365,0.016212463885151282,-0.0012291620782079581,0.013143754495029846,-0.0096690678023365,0.016212463885151282,-0.014253819161744083,0.00014588207352449317,0.05718990111084871,0.29621334507546954
global_compatible,93,9,0,0,certified_reset,0,1,0.06405512933452118,0.060061254816134634,0.003993874518386541,0.0479264942206385,0.0,0.0,0,0,-0.0012291620782079581,0.013143754495029846,-0.003147160268546712,-0.005243265727127534,-0.0012291620782079581,0.013143754495029846,-0.018134835717567466,4.082913687769463e-05,0.05718990111084871,0.29621334507546954
global_compatible,93,10,1,1,certified_reset,0,1,0.060061254816134634,0.05606738029774809,0.003993874518386541,0.04393261970225196,0.0,0.0,0,0,-0.003147160268546712,-0.005243265727127534,-0.012027786659315169,0.027119650815106283,-0.003147160268546712,-0.005243265727127534,0.010859054221214522,1.7801124607749576e-05,0.05718990111084871,0.29621334507546954
global_compatible,93,11,1,1,certified_reset,0,1,0.05606738029774809,0.05207350577936155,0.003993874518386541,0.039938745183865414,0.0,0.0,0,0,-0.012027786659315169,0.027119650815106283,-0.011363907696198014,-0.008573081571985152,-0.012027786659315169,0.027119650815106283,-0.027973437830943804,0.00029661606538403497,0.05718990111084871,0.29621334507546954
global_compatible,93,12,1,1,certified_reset,0,1,0.05207350577936155,0.048079631260975,0.003993874518386541,0.03594487066547887,0.0,0.0,0,0,-0.011363907696198014,-0.008573081571985152,-0.026495525988468938,-0.022462630050346488,-0.011363907696198014,-0.008573081571985152,0.023945933591523767,0.00015670318249213418,0.05718990111084871,0.29621334507546954
global_compatible,93,13,0,0,certified_reset,0,1,0.048079631260975,0.04408575674258846,0.003993874518386541,0.03195099614709233,0.0,0.0,0,0,-0.026495525988468938,-0.022462630050346488,-0.017162012041187457,0.04763833497976218,-0.026495525988468938,-0.022462630050346488,0.05947572261534914,0.0008812694917012529,0.05718990111084871,0.29621334507546954
global_compatible,93,14,0,0,certified_reset,0,1,0.04408575674258846,0.040091882224201916,0.003993874518386541,0.027957121628705783,0.0,0.0,0,0,-0.017162012041187457,0.04763833497976218,0.011237151472033476,0.003427764429139238,-0.017162012041187457,0.04763833497976218,-0.0530887341021183,0.0007734889722519246,0.05718990111084871,0.29621334507546954
global_compatible,93,15,0,0,certified_reset,0,1,0.040091882224201916,0.03609800770581537,0.003993874518386541,0.023963247110319243,0.0,0.0,0,0,0.011237151472033476,0.003427764429139238,0.0033106359537218946,-0.004889274240854695,0.011237151472033476,0.003427764429139238,-0.016242872622820842,0.0001349842683981547,0.05718990111084871,0.29621334507546954
global_compatible,93,16,0,0,certified_reset,0,1,0.03609800770581537,0.03210413318742883,0.003993874518386541,0.019969372591932703,0.0,0.0,0,0,0.0033106359537218946,-0.004889274240854695,0.004421522961866644,-0.007831859844765442,0.0033106359537218946,-0.004889274240854695,0.003906057503742903,1.564464301705108e-05,0.05718990111084871,0.29621334507546954
global_compatible,93,17,0,0,certified_reset,0,1,0.03210413318742883,0.02811025866904229,0.003993874518386541,0.015975498073546163,0.0,0.0,0,0,0.004421522961866644,-0.007831859844765442,0.0025023762398648196,0.0007302260162134605,0.004421522961866644,-0.007831859844765442,0.007135152442884834,3.1863470464943e-05,0.05718990111084871,0.29621334507546954
global_compatible,93,18,0,0,certified_reset,0,1,0.02811025866904229,0.02411638415065575,0.003993874518386541,0.011981623555159623,0.0,0.0,0,0,0.0025023762398648196,0.0007302260162134605,-1.4764812458515839e-05,0.00791435001298876,0.0025023762398648196,0.0007302260162134605,-0.003563231571265864,6.675283732857535e-06,0.05718990111084871,0.29621334507546954
global_compatible,93,19,0,0,certified_reset,0,1,0.02411638415065575,0.02012250963226921,0.003993874518386541,0.007987749036773082,0.0,0.0,0,0,-1.4764812458515839e-05,0.00791435001298876,0.00422600367056393,0.0037668629748449384,-1.4764812458515839e-05,0.00791435001298876,-0.011641113930586904,1.466275484136668e-05,0.05718990111084871,0.29621334507546954
global_compatible,93,20,0,0,certified_reset,0,1,0.02012250963226921,0.01612863511388267,0.003993874518386541,0.003993874518386541,0.0,0.0,0,0,0.00422600367056393,0.0037668629748449384,0.005257072974436169,0.0010774844714367526,0.00422600367056393,0.0037668629748449384,-0.00975616851016206,2.279274382441313e-05,0.05718990111084871,0.29621334507546954
global_compatible,93,21,0,0,certified_reset,0,1,0.01612863511388267,0.01213476059549613,0.003993874518386541,0.0,0.0,0.0,0,0,0.005257072974436169,0.0010774844714367526,0.005757452615735032,-0.006893984683035337,0.005257072974436169,0.0010774844714367526,-0.006821993943845895,2.9009281394307618e-05,0.05718990111084871,0.29621334507546954
global_compatible,94,0,0,0,certified_reset,0,1,0.1,0.09600612548161347,0.003993874518386541,0.08387136488611735,0.0,0.0,0,0,4.926249886282076,0.27306862626720196,4.423516444332023,-1.269331112825366,4.926249886282076,0.27306862626720196,-1.55,24.34142240753143,0.05718990111084871,0.29621334507546954
global_compatible,94,1,0,0,certified_reset,0,1,0.09600612548161347,0.09201225096322693,0.003993874518386541,0.07987749036773081,0.0,0.0,0,0,4.423516444332023,-1.269331112825366,2.4612283884085095,-2.640147234420026,4.423516444332023,-1.269331112825366,-1.3738789588135119,19.904702583430154,0.05718990111084871,0.29621334507546954
global_compatible,94,2,0,0,certified_reset,0,1,0.09201225096322693,0.0880183764448404,0.003993874518386541,0.07588361584934428,0.0,0.0,0,0,2.4612283884085095,-2.640147234420026,0.5398404276713783,-1.2002088420192885,2.4612283884085095,-2.640147234420026,1.4383834597422969,7.364036789834282,0.05718990111084871,0.29621334507546954
global_compatible,94,3,0,0,certified_reset,0,1,0.0880183764448404,0.08402450192645386,0.003993874518386541,0.07188974133095774,0.0,0.0,0,0,0.5398404276713783,-1.2002088420192885,-0.04410763750866133,0.023427170783234016,0.5398404276713783,-1.2002088420192885,1.2304686764895887,0.5885692440469983,0.05718990111084871,0.29621334507546954
global_compatible,94,4,0,0,certified_reset,0,1,0.08402450192645386,0.08003062740806732,0.003993874518386541,0.0678958668125712,0.0,0.0,0,0,-0.04410763750866133,0.023427170783234016,-0.01608281002834708,0.023011266274763055,-0.04410763750866133,0.023427170783234016,0.009410297596892134,0.002046487348680246,0.05718990111084871,0.29621334507546954
global_compatible,94,5,0,0,certified_reset,0,1,0.08003062740806732,0.07603675288968079,0.003993874518386541,0.06390199229418467,0.0,0.0,0,0,-0.01608281002834708,0.023011266274763055,-0.01455332808295215,0.014583602363009186,-0.01608281002834708,0.023011266274763055,-0.017887153732627125,0.0003619688427265159,0.05718990111084871,0.29621334507546954
global_compatible,94,6,0,0,certified_reset,0,1,0.07603675288968079,0.07204287837129425,0.003993874518386541,0.05990811777579813,0.0,0.0,0,0,-0.01455332808295215,0.014583602363009186,-0.006445365484550188,0.014673405897402916,-0.01455332808295215,0.014583602363009186,-0.006995862478159418,0.00025130557300420274,0.05718990111084871,0.29621334507546954
global_compatible,94,7,0,0,certified_reset,0,1,0.07204287837129425,0.06804900385290771,0.003993874518386541,0.05591424325741159,0.0,0.0,0,0,-0.006445365484550188,0.014673405897402916,0.00515333455295509,-0.0008668420686649434,-0.006445365484550188,0.014673405897402916,-0.01519578223611686,8.607112248700696e-05,0.05718990111084871,0.29621334507546954
global_compatible,94,8,0,0,certified_reset,0,1,0.06804900385290771,0.06405512933452118,0.003993874518386541,0.051920368739025044,0.0,0.0,0,0,0.00515333455295509,-0.0008668420686649434,-0.0007106586567351978,-0.0009398936796660455,0.00515333455295509,-0.0008668420686649434,-0.0038515852976253066,2.7062979478264236e-05,0.05718990111084871,0.29621334507546954
global_compatible,94,9,0,0,certified_reset,0,1,0.06405512933452118,0.060061254816134634,0.003993874518386541,0.0479264942206385,0.0,0.0,0,0,-0.0007106586567351978,-0.0009398936796660455,-0.0032094033549958942,-0.008466340271906892,-0.0007106586567351978,-0.0009398936796660455,0.002091185991056561,7.73374220856168e-07,0.05718990111084871,0.29621334507546954
global_compatible,94,10,0,0,certified_reset,0,1,0.060061254816134634,0.05606738029774809,0.003993874518386541,0.04393261970225196,0.0,0.0,0,0,-0.0032094033549958942,-0.008466340271906892,-0.008746906837935078,0.0036995150487045625,-0.0032094033549958942,-0.008466340271906892,0.015666277251121567,2.9338281135732372e-05,0.05718990111084871,0.29621334507546954
global_compatible,94,11,1,1,certified_reset,0,1,0.05606738029774809,0.05207350577936155,0.003993874518386541,0.039938745183865414,0.0,0.0,0,0,-0.008746906837935078,0.0036995150487045625,-0.01013482675458938,0.04237324931010719,-0.008746906837935078,0.0036995150487045625,0.003261709942126363,7.923790211238604e-05,0.05718990111084871,0.29621334507546954
global_compatible,94,12,0,0,certified_reset,0,1,0.05207350577936155,0.048079631260975,0.003993874518386541,0.03594487066547887,0.0,0.0,0,0,-0.01013482675458938,0.04237324931010719,0.0036877081607358934,-0.016909578271597323,-0.01013482675458938,0.04237324931010719,-0.05232774456517984,0.0004943581409048783,0.05718990111084871,0.29621334507546954
global_compatible,94,13,0,0,certified_reset,0,1,0.048079631260975,0.04408575674258846,0.003993874518386541,0.03195099614709233,0.0,0.0,0,0,0.0036877081607358934,-0.016909578271597323,-0.000686151464007226,-0.011202701976588148,0.0036877081607358934,-0.016909578271597323,0.021236428405878145,7.634192948289754e-05,0.05718990111084871,0.29621334507546954
global_compatible,94,14,0,0,certified_reset,0,1,0.04408575674258846,0.040091882224201916,0.003993874518386541,0.027957121628705783,0.0,0.0,0,0,-0.000686151464007226,-0.011202701976588148,0.0012368357494525854,0.011438593062305137,-0.000686151464007226,-0.011202701976588148,0.017182330256403585,3.044171134128767e-05,0.05718990111084871,0.29621334507546954
global_compatible,94,15,0,0,certified_reset,0,1,0.040091882224201916,0.03609800770581537,0.003993874518386541,0.023963247110319243,0.0,0.0,0,0,0.0012368357494525854,0.011438593062305137,0.01067992738219535,-0.005844678138056994,0.0012368357494525854,0.011438593062305137,-0.01808453672788195,3.325747841177946e-05,0.05718990111084871,0.29621334507546954
global_compatible,94,16,0,0,certified_reset,0,1,0.03609800770581537,0.03210413318742883,0.003993874518386541,0.019969372591932703,0.0,0.0,0,0,0.01067992738219535,-0.005844678138056994,-0.004070406215770861,-0.019729942589832777,0.01067992738219535,-0.005844678138056994,-0.0020258105544490126,0.0001203122938557756,0.05718990111084871,0.29621334507546954
global_compatible,94,17,0,0,certified_reset,0,1,0.03210413318742883,0.02811025866904229,0.003993874518386541,0.015975498073546163,0.0,0.0,0,0,-0.004070406215770861,-0.019729942589832777,-0.018406494021600134,0.023873793831863378,-0.004070406215770861,-0.019729942589832777,0.03311987490478699,0.00011406007383176204,0.05718990111084871,0.29621334507546954
global_compatible,94,18,0,0,certified_reset,0,1,0.02811025866904229,0.02411638415065575,0.003993874518386541,0.011981623555159623,0.0,0.0,0,0,-0.018406494021600134,0.023873793831863378,0.0005270364403377526,0.015898183258225236,-0.018406494021600134,0.023873793831863378,-0.01683479081819842,0.00044847672246125115,0.05718990111084871,0.29621334507546954
global_compatible,94,19,0,0,certified_reset,0,1,0.02411638415065575,0.02012250963226921,0.003993874518386541,0.007987749036773082,0.0,0.0,0,0,0.0005270364403377526,0.015898183258225236,0.0011523070944845473,-0.008039239088981968,0.0005270364403377526,0.015898183258225236,-0.02394463563401887,6.0106808364772415e-05,0.05718990111084871,0.29621334507546954
global_compatible,94,20,0,0,certified_reset,0,1,0.02012250963226921,0.01612863511388267,0.003993874518386541,0.003993874518386541,0.0,0.0,0,0,0.0011523070944845473,-0.008039239088981968,-0.004218464549675165,-0.0013810372912272566,0.0011523070944845473,-0.008039239088981968,0.010697387937631973,1.582195008057108e-05,0.05718990111084871,0.29621334507546954
global_compatible,94,21,0,0,certified_reset,0,1,0.01612863511388267,0.01213476059549613,0.003993874518386541,0.0,0.0,0.0,0,0,-0.004218464549675165,-0.0013810372912272566,0.0091214736763777,0.007113493560379372,-0.004218464549675165,-0.0013810372912272566,0.006237325370233129,1.9111356371176794e-05,0.05718990111084871,0.29621334507546954
global_compatible,95,0,0,0,certified_reset,0,1,0.1,0.09600612548161347,0.003993874518386541,0.08387136488611735,0.0,0.0,0,0,-2.342302886811391,0.29415319098411397,-1.2638026314470667,1.8409512563386377,-2.342302886811391,0.29415319098411397,1.55,5.562020011522881,0.05718990111084871,0.29621334507546954
global_compatible,95,1,0,0,certified_reset,0,1,0.09600612548161347,0.09201225096322693,0.003993874518386541,0.07987749036773081,0.0,0.0,0,0,-1.2638026314470667,1.8409512563386377,-0.13883585905852852,0.38251309842422165,-1.2638026314470667,1.8409512563386377,-1.453442878082314,2.2600477713274008,0.05718990111084871,0.29621334507546954
global_compatible,95,2,0,0,certified_reset,0,1,0.09201225096322693,0.0880183764448404,0.003993874518386541,0.07588361584934428,0.0,0.0,0,0,-0.13883585905852852,0.38251309842422165,0.027431987187759927,-0.0411647218931874,-0.13883585905852852,0.38251309842422165,-0.4252299421821334,0.05013283703762279,0.05718990111084871,0.29621334507546954
global_compatible,95,3,0,0,certified_reset,0,1,0.0880183764448404,0.08402450192645386,0.003993874518386541,0.07188974133095774,0.0,0.0,0,0,0.027431987187759927,-0.0411647218931874,0.0006302094022335083,-0.004251436032765975,0.027431987187759927,-0.0411647218931874,0.03332381565716791,0.0010852920174560707,0.05718990111084871,0.29621334507546954
global_compatible,95,4,0,0,certified_reset,0,1,0.08402450192645386,0.08003062740806732,0.003993874518386541,0.0678958668125712,0.0,0.0,0,0,0.0006302094022335083,-0.004251436032765975,-0.0012511950089529435,-0.0017913034479883345,0.0006302094022335083,-0.004251436032765975,0.00564211151517567,4.446446950731624e-06,0.05718990111084871,0.29621334507546954
global_compatible,95,5,0,0,certified_reset,0,1,0.08003062740806732,0.07603675288968079,0.003993874518386541,0.06390199229418467,0.0,0.0,0,0,-0.0012511950089529435,-0.0017913034479883345,-0.009737037442310326,0.014487644199858379,-0.0012511950089529435,-0.0017913034479883345,0.0038776431162603287,2.5189701015552655e-06,0.05718990111084871,0.29621334507546954
global_compatible,95,6,0,0,certified_reset,0,1,0.07603675288968079,0.07204287837129425,0.003993874518386541,0.05990811777579813,0.0,0.0,0,0,-0.009737037442310326,0.014487644199858379,-0.01060628122600063,-0.003075529885075462,-0.009737037442310326,0.014487644199858379,-0.011642972437687872,0.00013597939853567643,0.05718990111084871,0.29621334507546954
global_compatible,95,7,1,1,certified_reset,0,1,0.07204287837129425,0.06804900385290771,0.003993874518386541,0.05591424325741159,0.0,0.0,0,0,-0.01060628122600063,-0.003075529885075462,0.018912498000908676,0.02017496365279258,-0.01060628122600063,-0.003075529885075462,0.015090737245078818,0.00011988905934333227,0.05718990111084871,0.29621334507546954
global_compatible,95,8,1,1,certified_reset,0,1,0.06804900385290771,0.06405512933452118,0.003993874518386541,0.051920368739025044,0.0,0.0,0,0,0.018912498000908676,0.02017496365279258,-0.005205110142763765,-0.024868071399667322,0.018912498000908676,0.02017496365279258,-0.04855633795046458,0.0004898907780238382,0.05718990111084871,0.29621334507546954
global_compatible,95,9,1,1,certified_reset,0,1,0.06405512933452118,0.060061254816134634,0.003993874518386541,0.0479264942206385,0.0,0.0,0,0,-0.005205110142763765,-0.024868071399667322,-0.01734338822013943,-0.02301439612987922,-0.005205110142763765,-0.024868071399667322,0.04181816745723252,0.00018212792536034204,0.05718990111084871,0.29621334507546954
global_compatible,95,10,1,1,certified_reset,0,1,0.060061254816134634,0.05606738029774809,0.003993874518386541,0.04393261970225196,0.0,0.0,0,0,-0.01734338822013943,-0.02301439612987922,-0.016021180781961686,-0.0072734697363240446,-0.01734338822013943,-0.02301439612987922,0.05117218674474097,0.00046159716962057714,0.05718990111084871,0.29621334507546954
global_compatible,95,11,1,1,certified_reset,0,1,0.05606738029774809,0.05207350577936155,0.003993874518386541,0.039938745183865414,0.0,0.0,0,0,-0.016021180781961686,-0.0072734697363240446,0.00737289860962158,0.018709816533516884,-0.016021180781961686,-0.0072734697363240446,0.026669222823578986,0.000283982024959581,0.05718990111084871,0.29621334507546954
global_compatible,95,12,0,0,certified_reset,0,1,0.05207350577936155,0.048079631260975,0.003993874518386541,0.03594487066547887,0.0,0.0,0,0,0.00737289860962158,0.018709816533516884,0.009589074113557937,-0.014587578743265515,0.00737289860962158,0.018709816533516884,-0.03490475451728292,0.0001478284833547695,0.05718990111084871,0.29621334507546954
global_compatible,95,13,0,0,certified_reset,0,1,0.048079631260975,0.04408575674258846,0.003993874518386541,0.03195099614709233,0.0,0.0,0,0,0.009589074113557937,-0.014587578743265515,0.008901930236529004,-0.008139902893689998,0.009589074113557937,-0.014587578743265515,0.01194219990632703,0.0001338192874667488,0.05718990111084871,0.29621334507546954
global_compatible,95,14,0,0,certified_reset,0,1,0.04408575674258846,0.040091882224201916,0.003993874518386541,0.027957121628705783,0.0,0.0,0,0,0.008901930236529004,-0.008139902893689998,0.007464127254967505,-0.015263023793216392,0.008901930236529004,-0.008139902893689998,0.0031305599759748554,9.141581552147522e-05,0.05718990111084871,0.29621334507546954
global_compatible,95,15,0,0,certified_reset,0,1,0.040091882224201916,0.03609800770581537,0.003993874518386541,0.023963247110319243,0.0,0.0,0,0,0.007464127254967505,-0.015263023793216392,-0.006948518369099812,0.0020494686993995977,0.007464127254967505,-0.015263023793216392,0.015050292104282952,0.00010330875914516692,0.05718990111084871,0.29621334507546954
global_compatible,95,16,0,0,certified_reset,0,1,0.03609800770581537,0.03210413318742883,0.003993874518386541,0.019969372591932703,0.0,0.0,0,0,-0.006948518369099812,0.0020494686993995977,0.0006658813334799417,0.002954764374057576,-0.006948518369099812,0.0020494686993995977,0.0039025252852608037,4.941870806673737e-05,0.05718990111084871,0.29621334507546954
global_compatible,95,17,0,0,certified_reset,0,1,0.03210413318742883,0.02811025866904229,0.003993874518386541,0.015975498073546163,0.0,0.0,0,0,0.0006658813334799417,0.002954764374057576,-0.004090591171391786,-0.00532552355553718,0.0006658813334799417,0.002954764374057576,-0.00501396194166789,2.643407160205351e-06,0.05718990111084871,0.29621334507546954
global_compatible,95,18,0,0,certified_reset,0,1,0.02811025866904229,0.02411638415065575,0.003993874518386541,0.011981623555159623,0.0,0.0,0,0,-0.004090591171391786,-0.00532552355553718,-0.004625705473158469,0.014266360329627654,-0.004090591171391786,-0.00532552355553718,0.01191556912147439,2.5387472023988922e-05,0.05718990111084871,0.29621334507546954
global_compatible,95,19,0,0,certified_reset,0,1,0.02411638415065575,0.02012250963226921,0.003993874518386541,0.007987749036773082,0.0,0.0,0,0,-0.004625705473158469,0.014266360329627654,0.0027550771121120097,0.0026449384793405823,-0.004625705473158469,0.014266360329627654,-0.01641121923560115,6.476558071424161e-05,0.05718990111084871,0.29621334507546954
global_compatible,95,20,0,0,certified_reset,0,1,0.02012250963226921,0.01612863511388267,0.003993874518386541,0.003993874518386541,0.0,0.0,0,0,0.0027550771121120097,0.0026449384793405823,-0.0012778388250330132,0.0007068085449752192,0.0027550771121120097,0.0026449384793405823,-0.0066399211909890475,9.951889649956451e-06,0.05718990111084871,0.29621334507546954
global_compatible,95,21,0,0,certified_reset,0,1,0.01612863511388267,0.01213476059549613,0.003993874518386541,0.0,0.0,0.0,0,0,-0.0012778388250330132,0.0007068085449752192,-0.001965135672594511,0.012810595042241727,-0.0012778388250330132,0.0007068085449752192,0.00022859655581353093,1.7241025698599943e-06,0.05718990111084871,0.29621334507546954
global_compatible,96,0,0,0,certified_reset,0,1,0.1,0.09600612548161347,0.003993874518386541,0.08387136488611735,0.0,0.0,0,0,-4.4109946758883165,0.4521060727230609,-3.17561586747061,1.9973598451780383,-4.4109946758883165,0.4521060727230609,1.5499999999999794,19.553728512893823,0.05718990111084871,0.29621334507546954
global_compatible,96,1,0,0,certified_reset,0,1,0.09600612548161347,0.09201225096322693,0.003993874518386541,0.07987749036773081,0.0,0.0,0,0,-3.17561586747061,1.9973598451780383,-1.247579540257314,1.8788449647853176,-3.17561586747061,1.9973598451780383,-0.13313966073473463,10.803079635165963,0.05718990111084871,0.29621334507546954
global_compatible,96,2,0,0,certified_reset,0,1,0.09201225096322693,0.0880183764448404,0.003993874518386541,0.07588361584934428,0.0,0.0,0,0,-1.247579540257314,1.8788449647853176,-0.13670593121742702,0.35276272222399346,-1.247579540257314,1.8788449647853176,-1.525422924463691,2.2500380990364803,0.05718990111084871,0.29621334507546954
global_compatible,96,3,0,0,certified_reset,0,1,0.0880183764448404,0.08402450192645386,0.003993874518386541,0.07188974133095774,0.0,0.0,0,0,-0.13670593121742702,0.35276272222399346,0.022067089469289994,-0.02291248420212834,-0.13670593121742702,0.35276272222399346,-0.3835262249739779,0.04476529763545247,0.05718990111084871,0.29621334507546954
global_compatible,96,4,0,0,certified_reset,0,1,0.08402450192645386,0.08003062740806732,0.003993874518386541,0.0678958668125712,0.0,0.0,0,0,0.022067089469289994,-0.02291248420212834,0.010300393704066681,-0.01652513074531315,0.022067089469289994,-0.02291248420212834,0.011779103521027056,0.0005849218674559266,0.05718990111084871,0.29621334507546954
global_compatible,96,5,0,0,certified_reset,0,1,0.08003062740806732,0.07603675288968079,0.003993874518386541,0.06390199229418467,0.0,0.0,0,0,0.010300393704066681,-0.01652513074531315,0.005519350017781893,-0.0005297271661105134,0.010300393704066681,-0.01652513074531315,0.014085222804147769,0.00016021233830178355,0.05718990111084871,0.29621334507546954
global_compatible,96,6,0,0,certified_reset,0,1,0.07603675288968079,0.07204287837129425,0.003993874518386541,0.05990811777579813,0.0,0.0,0,0,0.005519350017781893,-0.0005297271661105134,-0.0012461493362425809,0.007920626510311439,0.005519350017781893,-0.0005297271661105134,-0.0047155009264325375,3.106963330016142e-05,0.05718990111084871,0.29621334507546954
global_compatible,96,7,0,0,certified_reset,0,1,0.07204287837129425,0.06804900385290771,0.003993874518386541,0.05591424325741159,0.0,0.0,0,0,-0.0012461493362425809,0.007920626510311439,0.011056128417828229,0.006946456659130218,-0.0012461493362425809,0.007920626510311439,-0.01042465342873576,1.5562261522801835e-05,0.05718990111084871,0.29621334507546954
global_compatible,96,8,1,1,certified_reset,0,1,0.06804900385290771,0.06405512933452118,0.003993874518386541,0.051920368739025044,0.0,0.0,0,0,0.011056128417828229,0.006946456659130218,0.006723520956860583,0.015590135107113557,0.011056128417828229,0.006946456659130218,-0.021243627343600167,0.00014220585498044426,0.05718990111084871,0.29621334507546954
global_compatible,96,9,2,2,certified_reset,0,1,0.06405512933452118,0.060061254816134634,0.003993874518386541,0.0479264942206385,0.0,0.0,0,0,0.006723520956860583,0.015590135107113557,0.0012883520713176354,0.05662629198721415,0.006723520956860583,0.015590135107113557,-0.02966509034002412,0.0001109555899578381,0.05718990111084871,0.29621334507546954
global_compatible,96,10,2,2,certified_reset,0,1,0.060061254816134634,0.05606738029774809,0.003993874518386541,0.04393261970225196,0.0,0.0,0,0,0.0012883520713176354,0.05662629198721415,0.06970278992658821,-0.04185169033772505,0.0012883520713176354,0.05662629198721415,-0.08469437173907603,0.0007581649161264104,0.05718990111084871,0.29621334507546954
global_compatible,96,11,2,2,certified_reset,0,1,0.05606738029774809,0.05207350577936155,0.003993874518386541,0.039938745183865414,0.0,0.0,0,0,0.06970278992658821,-0.04185169033772505,-0.03324393301633319,-0.12368513242216254,0.06970278992658821,-0.04185169033772505,-0.007753214253840788,0.005175263248974204,0.05718990111084871,0.29621334507546954
global_compatible,96,12,2,2,certified_reset,0,1,0.05207350577936155,0.048079631260975,0.003993874518386541,0.03594487066547887,0.0,0.0,0,0,-0.03324393301633319,-0.12368513242216254,-0.04055028750107782,0.12844340485312242,-0.03324393301633319,-0.12368513242216254,0.2153030157861178,0.005017685954371199,0.05718990111084871,0.29621334507546954
global_compatible,96,13,2,2,certified_reset,0,1,0.048079631260975,0.04408575674258846,0.003993874518386541,0.03195099614709233,0.0,0.0,0,0,-0.04055028750107782,0.12844340485312242,-0.0347655016717385,-0.04141793958279391,-0.04055028750107782,0.12844340485312242,-0.1488350518849837,0.005167710118207573,0.05718990111084871,0.29621334507546954
global_compatible,96,14,0,0,certified_reset,0,1,0.04408575674258846,0.040091882224201916,0.003993874518386541,0.027957121628705783,0.0,0.0,0,0,-0.0347655016717385,-0.04141793958279391,-0.030346663752694472,0.057813792691376896,-0.0347655016717385,-0.04141793958279391,0.09563116866309333,0.0017460533464554917,0.05718990111084871,0.29621334507546954
global_compatible,96,15,0,0,certified_reset,0,1,0.040091882224201916,0.03609800770581537,0.003993874518386541,0.023963247110319243,0.0,0.0,0,0,-0.030346663752694472,0.057813792691376896,-0.00684414696877077,0.0044346740163332425,-0.030346663752694472,0.057813792691376896,-0.05494751981367936,0.0015980389818260384,0.05718990111084871,0.29621334507546954
global_compatible,96,16,0,0,certified_reset,0,1,0.03609800770581537,0.03210413318742883,0.003993874518386541,0.019969372591932703,0.0,0.0,0,0,-0.00684414696877077,0.0044346740163332425,0.0011094692940425738,0.008091499185725127,-0.00684414696877077,0.0044346740163332425,0.00028044747249845813,5.038425405336031e-05,0.05718990111084871,0.29621334507546954
global_compatible,96,17,0,0,certified_reset,0,1,0.03210413318742883,0.02811025866904229,0.003993874518386541,0.015975498073546163,0.0,0.0,0,0,0.0011094692940425738,0.008091499185725127,0.0043053411206326435,-0.0019227109523968274,0.0011094692940425738,0.008091499185725127,-0.013023035277605448,1.72559329435335e-05,0.05718990111084871,0.29621334507546954
global_compatible,96,18,0,0,certified_reset,0,1,0.02811025866904229,0.02411638415065575,0.003993874518386541,0.011981623555159623,0.0,0.0,0,0,0.0043053411206326435,-0.0019227109523968274,0.0003483127844695292,-0.0050993117158483064,0.0043053411206326435,-0.0019227109523968274,-0.0014587671392431373,1.9254589337337743e-05,0.05718990111084871,0.29621334507546954
global_compatible,96,19,0,0,certified_reset,0,1,0.02411638415065575,0.02012250963226921,0.003993874518386541,0.007987749036773082,0.0,0.0,0,0,0.0003483127844695292,-0.0050993117158483064,-0.0009836473210159576,-0.010663080112567443,0.0003483127844695292,-0.0050993117158483064,0.007163772232786886,6.0848490064759316e-06,0.05718990111084871,0.29621334507546954
global_compatible,96,20,0,0,certified_reset,0,1,0.02012250963226921,0.01612863511388267,0.003993874518386541,0.003993874518386541,0.0,0.0,0,0,-0.0009836473210159576,-0.010663080112567443,0.007333742978143898,0.0034619560164950527,-0.0009836473210159576,-0.010663080112567443,0.0166845029686442,2.839310798257494e-05,0.05718990111084871,0.29621334507546954
global_compatible,96,21,0,0,certified_reset,0,1,0.01612863511388267,0.01213476059549613,0.003993874518386541,0.0,0.0,0.0,0,0,0.007333742978143898,0.0034619560164950527,0.010832192362848572,-0.010337371839664138,0.007333742978143898,0.0034619560164950527,-0.01240510079903601,5.9788274318157366e-05,0.05718990111084871,0.29621334507546954
global_compatible,97,0,0,0,certified_reset,0,1,0.1,0.09600612548161347,0.003993874518386541,0.08387136488611735,0.0,0.0,0,0,2.6207288622565983,0.07583285279563501,1.9082424752978158,-1.4799441722380282,2.6207288622565983,0.07583285279563501,-1.55,6.929317381346126,0.05718990111084871,0.29621334507546954
global_compatible,97,1,0,0,certified_reset,0,1,0.09600612548161347,0.09201225096322693,0.003993874518386541,0.07987749036773081,0.0,0.0,0,0,1.9082424752978158,-1.4799441722380282,0.566264984711196,-1.1998432780784813,1.9082424752978158,-1.4799441722380282,0.2799395448583551,4.037590753779557,0.05718990111084871,0.29621334507546954
global_compatible,97,2,0,0,certified_reset,0,1,0.09201225096322693,0.0880183764448404,0.003993874518386541,0.07588361584934428,0.0,0.0,0,0,0.566264984711196,-1.1998432780784813,-0.02931768309676106,0.011669160906370477,0.566264984711196,-1.1998432780784813,1.2036150645813282,0.6160055640531698,0.05718990111084871,0.29621334507546954
global_compatible,97,3,0,0,certified_reset,0,1,0.0880183764448404,0.08402450192645386,0.003993874518386541,0.07188974133095774,0.0,0.0,0,0,-0.02931768309676106,0.011669160906370477,-0.01067209001589921,0.027126874984468308,-0.02931768309676106,0.011669160906370477,0.012003700811727558,0.0008876392399181236,0.05718990111084871,0.29621334507546954
global_compatible,97,4,0,0,certified_reset,0,1,0.08402450192645386,0.08003062740806732,0.003993874518386541,0.0678958668125712,0.0,0.0,0,0,-0.01067209001589921,0.027126874984468308,-0.0061810777542744815,-0.004553770583783258,-0.01067209001589921,0.027126874984468308,-0.029336416500704416,0.0002678652609911607,0.05718990111084871,0.29621334507546954
global_compatible,97,5,0,0,certified_reset,0,1,0.08003062740806732,0.07603675288968079,0.003993874518386541,0.06390199229418467,0.0,0.0,0,0,-0.0061810777542744815,-0.004553770583783258,-0.013517476249063288,0.008403518828068997,-0.0061810777542744815,-0.004553770583783258,0.012864321809168867,4.607562036998466e-05,0.05718990111084871,0.29621334507546954
global_compatible,97,6,0,0,certified_reset,0,1,0.07603675288968079,0.07204287837129425,0.003993874518386541,0.05990811777579813,0.0,0.0,0,0,-0.013517476249063288,0.008403518828068997,-0.01083742188783973,0.0033904944208272966,-0.013517476249063288,0.008403518828068997,0.0010824085659902687,0.00019546289751645114,0.05718990111084871,0.29621334507546954
global_compatible,97,7,0,0,certified_reset,0,1,0.07204287837129425,0.06804900385290771,0.003993874518386541,0.05591424325741159,0.0,0.0,0,0,-0.01083742188783973,0.0033904944208272966,-0.011851095352838938,0.01719871399966244,-0.01083742188783973,0.0033904944208272966,0.005796837421942506,0.00012035897771261748,0.05718990111084871,0.29621334507546954
global_compatible,97,8,0,0,certified_reset,0,1,0.06804900385290771,0.06405512933452118,0.003993874518386541,0.051920368739025044,0.0,0.0,0,0,-0.011851095352838938,0.01719871399966244,-0.0057259374923875495,0.010422817061515807,-0.011851095352838938,0.01719871399966244,-0.01353432574529576,0.0001982711477801683,0.05718990111084871,0.29621334507546954
global_compatible,97,9,0,0,certified_reset,0,1,0.06405512933452118,0.060061254816134634,0.003993874518386541,0.0479264942206385,0.0,0.0,0,0,-0.0057259374923875495,0.010422817061515807,-0.0002666954162913944,-0.004077467311928613,-0.0057259374923875495,0.010422817061515807,-0.009649920298739015,5.46687050006383e-05,0.05718990111084871,0.29621334507546954
global_compatible,97,10,0,0,certified_reset,0,1,0.060061254816134634,0.05606738029774809,0.003993874518386541,0.04393261970225196,0.0,0.0,0,0,-0.0002666954162913944,-0.004077467311928613,-0.00803273772710983,0.0038467369195283796,-0.0002666954162913944,-0.004077467311928613,0.006271719686071938,4.04712128295974e-06,0.05718990111084871,0.29621334507546954
global_compatible,97,11,0,0,certified_reset,0,1,0.05606738029774809,0.05207350577936155,0.003993874518386541,0.039938745183865414,0.0,0.0,0,0,-0.00803273772710983,0.0038467369195283796,-0.011691246713866168,0.0024069933905071657,-0.00803273772710983,0.0038467369195283796,0.002328953418444695,6.732400528021701e-05,0.05718990111084871,0.29621334507546954
global_compatible,97,12,0,0,certified_reset,0,1,0.05207350577936155,0.048079631260975,0.003993874518386541,0.03594487066547887,0.0,0.0,0,0,-0.011691246713866168,0.0024069933905071657,-0.0012768936680500609,0.010853340195064377,-0.011691246713866168,0.0024069933905071657,0.00809508912971256,0.00013936636251768637,0.05718990111084871,0.29621334507546954
global_compatible,97,13,0,0,certified_reset,0,1,0.048079631260975,0.04408575674258846,0.003993874518386541,0.03195099614709233,0.0,0.0,0,0,-0.0012768936680500609,0.010853340195064377,0.006956986655824405,-0.0001176616183219902,-0.0012768936680500609,0.010853340195064377,-0.014718855570238191,2.8249673982108645e-05,0.05718990111084871,0.29621334507546954
global_compatible,97,14,0,0,certified_reset,0,1,0.04408575674258846,0.040091882224201916,0.003993874518386541,0.027957121628705783,0.0,0.0,0,0,0.006956986655824405,-0.0001176616183219902,0.0018756918397552648,0.0033338099295186756,0.006956986655824405,-0.0001176616183219902,-0.0067491225253001105,4.954092166701338e-05,0.05718990111084871,0.29621334507546954
global_compatible,97,15,0,0,certified_reset,0,1,0.040091882224201916,0.03609800770581537,0.003993874518386541,0.023963247110319243,0.0,0.0,0,0,0.0018756918397552648,0.0033338099295186756,-0.0008311536085896325,0.007862748705194067,0.0018756918397552648,0.0033338099295186756,-0.0067803449005205425,6.66811875828318e-06,0.05718990111084871,0.29621334507546954
global_compatible,97,16,0,0,certified_reset,0,1,0.03609800770581537,0.03210413318742883,0.003993874518386541,0.019969372591932703,0.0,0.0,0,0,-0.0008311536085896325,0.007862748705194067,0.0011746943805757337,-0.017192061942513437,-0.0008311536085896325,0.007862748705194067,-0.010755619211700483,1.4711007032934658e-05,0.05718990111084871,0.29621334507546954
global_compatible,97,17,0,0,certified_reset,0,1,0.03210413318742883,0.02811025866904229,0.003993874518386541,0.015975498073546163,0.0,0.0,0,0,0.0011746943805757337,-0.017192061942513437,-0.0073150899859765126,0.012014175400221164,0.0011746943805757337,-0.017192061942513437,0.024155520866106412,6.916919548591816e-05,0.05718990111084871,0.29621334507546954
global_compatible,97,18,0,0,certified_reset,0,1,0.02811025866904229,0.02411638415065575,0.003993874518386541,0.011981623555159623,0.0,0.0,0,0,-0.0073150899859765126,0.012014175400221164,-0.0004128935501093227,0.01471702224690401,-0.0073150899859765126,0.012014175400221164,-0.010413659996331707,8.220292326442412e-05,0.05718990111084871,0.29621334507546954
global_compatible,97,19,0,0,certified_reset,0,1,0.02411638415065575,0.02012250963226921,0.003993874518386541,0.007987749036773082,0.0,0.0,0,0,-0.0004128935501093227,0.01471702224690401,0.0006742670687657718,-0.00785095627442941,-0.0004128935501093227,0.01471702224690401,-0.021266206820979464,5.046310378439487e-05,0.05718990111084871,0.29621334507546954
global_compatible,97,20,0,0,certified_reset,0,1,0.02012250963226921,0.01612863511388267,0.003993874518386541,0.003993874518386541,0.0,0.0,0,0,0.0006742670687657718,-0.00785095627442941,-0.0073219498669033324,-0.0072415230028314535,0.0006742670687657718,-0.00785095627442941,0.010894050816852985,1.4516397256166821e-05,0.05718990111084871,0.29621334507546954
global_compatible,97,21,0,0,certified_reset,0,1,0.01612863511388267,0.01213476059549613,0.003993874518386541,0.0,0.0,0.0,0,0,-0.0073219498669033324,-0.0072415230028314535,-0.007022170276809854,-0.005153165616004429,-0.0073219498669033324,-0.0072415230028314535,0.01795712624486828,7.111154739989583e-05,0.05718990111084871,0.29621334507546954
global_compatible,98,0,0,0,certified_reset,0,1,0.1,0.09600612548161347,0.003993874518386541,0.08387136488611735,0.0,0.0,0,0,-3.914963530177456,0.15993082028935146,-2.9769103873430547,1.7192029954725918,-3.914963530177456,0.15993082028935146,1.5499999999999157,15.391605958729638,0.05718990111084871,0.29621334507546954
global_compatible,98,1,0,0,certified_reset,0,1,0.09600612548161347,0.09201225096322693,0.003993874518386541,0.07987749036773081,0.0,0.0,0,0,-2.9769103873430547,1.7192029954725918,-1.2074452696865194,1.816709529967691,-2.9769103873430547,1.7192029954725918,0.10749149597650516,9.394302923949207,0.05718990111084871,0.29621334507546954
global_compatible,98,2,0,0,certified_reset,0,1,0.09201225096322693,0.0880183764448404,0.003993874518386541,0.07588361584934428,0.0,0.0,0,0,-1.2074452696865194,1.816709529967691,-0.12478174708669368,0.3448255793035348,-1.2074452696865194,1.816709529967691,-1.473856486481942,2.1063084357865516,0.05718990111084871,0.29621334507546954
global_compatible,98,3,0,0,certified_reset,0,1,0.0880183764448404,0.08402450192645386,0.003993874518386541,0.07188974133095774,0.0,0.0,0,0,-0.12478174708669368,0.3448255793035348,0.024386393322271733,-0.04393863124231083,-0.12478174708669368,0.3448255793035348,-0.3837051577254633,0.04065406803319896,0.05718990111084871,0.29621334507546954
global_compatible,98,4,0,0,certified_reset,0,1,0.08402450192645386,0.08003062740806732,0.003993874518386541,0.0678958668125712,0.0,0.0,0,0,0.024386393322271733,-0.04393863124231083,0.009837767818021169,-0.0004582413154770775,0.024386393322271733,-0.04393863124231083,0.04044325656886567,0.0009830962010965159,0.05718990111084871,0.29621334507546954
global_compatible,98,5,0,0,certified_reset,0,1,0.08003062740806732,0.07603675288968079,0.003993874518386541,0.06390199229418467,0.0,0.0,0,0,0.009837767818021169,-0.0004582413154770775,-0.009451526661023082,-0.005890904065150831,0.009837767818021169,-0.0004582413154770775,-0.009116001064311296,9.889700984498394e-05,0.05718990111084871,0.29621334507546954
global_compatible,98,6,0,0,certified_reset,0,1,0.07603675288968079,0.07204287837129425,0.003993874518386541,0.05990811777579813,0.0,0.0,0,0,-0.009451526661023082,-0.005890904065150831,-0.019739159950696732,0.0044357451552403645,-0.009451526661023082,-0.005890904065150831,0.018093265732684438,0.00010376200797273436,0.05718990111084871,0.29621334507546954
global_compatible,98,7,0,0,certified_reset,0,1,0.07204287837129425,0.06804900385290771,0.003993874518386541,0.05591424325741159,0.0,0.0,0,0,-0.019739159950696732,0.0044357451552403645,-0.013805858877665406,0.02761280048847008,-0.019739159950696732,0.0044357451552403645,0.01311939958487068,0.00039747905201068033,0.05718990111084871,0.29621334507546954
global_compatible,98,8,0,0,certified_reset,0,1,0.06804900385290771,0.06405512933452118,0.003993874518386541,0.051920368739025044,0.0,0.0,0,0,-0.013805858877665406,0.02761280048847008,0.00917360402616488,0.009988692887279355,-0.013805858877665406,0.02761280048847008,-0.026932457518734576,0.00034597968619686344,0.05718990111084871,0.29621334507546954
global_compatible,98,9,0,0,certified_reset,0,1,0.06405512933452118,0.060061254816134634,0.003993874518386541,0.0479264942206385,0.0,0.0,0,0,0.00917360402616488,0.009988692887279355,0.017341162712967602,-0.02377826772669192,0.00917360402616488,0.009988692887279355,-0.02384913717392416,0.0001163338618347341,0.05718990111084871,0.29621334507546954
global_compatible,98,10,0,0,certified_reset,0,1,0.060061254816134634,0.05606738029774809,0.003993874518386541,0.04393261970225196,0.0,0.0,0,0,0.017341162712967602,-0.02377826772669192,-0.003338716249577262,-0.014029492480405435,0.017341162712967602,-0.02377826772669192,0.017760211013284077,0.00041037463451333025,0.05718990111084871,0.29621334507546954
global_compatible,98,11,0,0,certified_reset,0,1,0.05606738029774809,0.05207350577936155,0.003993874518386541,0.039938745183865414,0.0,0.0,0,0,-0.003338716249577262,-0.014029492480405435,-0.010871556225805167,0.012993762040896263,-0.003338716249577262,-0.014029492480405435,0.023992786652144493,6.096717014496981e-05,0.05718990111084871,0.29621334507546954
global_compatible,98,12,0,0,certified_reset,0,1,0.05207350577936155,0.048079631260975,0.003993874518386541,0.03594487066547887,0.0,0.0,0,0,-0.010871556225805167,0.012993762040896263,-0.0026558360003124146,0.010895211692249697,-0.010871556225805167,0.012993762040896263,-0.008313812341924935,0.00015030953501784025,0.05718990111084871,0.29621334507546954
global_compatible,98,13,0,0,certified_reset,0,1,0.048079631260975,0.04408575674258846,0.003993874518386541,0.03195099614709233,0.0,0.0,0,0,-0.0026558360003124146,0.010895211692249697,0.005120637743749688,-0.0049528939755349895,-0.0026558360003124146,0.010895211692249697,-0.013404048644597601,3.291219266963212e-05,0.05718990111084871,0.29621334507546954
global_compatible,98,14,1,1,certified_reset,0,1,0.04408575674258846,0.040091882224201916,0.003993874518386541,0.027957121628705783,0.0,0.0,0,0,0.005120637743749688,-0.0049528939755349895,0.020715317760376526,0.03128162951393426,0.005120637743749688,-0.0049528939755349895,0.0021982743690901678,3.07573497296792e-05,0.05718990111084871,0.29621334507546954
global_compatible,98,15,1,1,certified_reset,0,1,0.040091882224201916,0.03609800770581537,0.003993874518386541,0.023963247110319243,0.0,0.0,0,0,0.020715317760376526,0.03128162951393426,0.019963798735397487,-0.046130203029036386,0.020715317760376526,0.03128162951393426,-0.06670986467745477,0.0007165168031539472,0.05718990111084871,0.29621334507546954
global_compatible,98,16,1,1,certified_reset,0,1,0.03609800770581537,0.03210413318742883,0.003993874518386541,0.019969372591932703,0.0,0.0,0,0,0.019963798735397487,-0.046130203029036386,0.003777397021919821,-0.03071586397451516,0.019963798735397487,-0.046130203029036386,0.04807655955566641,0.0008393763630852179,0.05718990111084871,0.29621334507546954
global_compatible,98,17,1,1,certified_reset,0,1,0.03210413318742883,0.02811025866904229,0.003993874518386541,0.015975498073546163,0.0,0.0,0,0,0.003777397021919821,-0.03071586397451516,-0.01764454487804716,-0.016863319051517892,0.003777397021919821,-0.03071586397451516,0.0414830111174002,0.0002271133074915327,0.05718990111084871,0.29621334507546954
global_compatible,98,18,1,1,certified_reset,0,1,0.02811025866904229,0.02411638415065575,0.003993874518386541,0.011981623555159623,0.0,0.0,0,0,-0.01764454487804716,-0.016863319051517892,-0.013116327593417158,0.013485847543805368,-0.01764454487804716,-0.016863319051517892,0.04241053517758241,0.0004074831766026357,0.05718990111084871,0.29621334507546954
global_compatible,98,19,1,1,certified_reset,0,1,0.02411638415065575,0.02012250963226921,0.003993874518386541,0.007987749036773082,0.0,0.0,0,0,-0.013116327593417158,0.013485847543805368,-0.00959168054265306,0.03370094076678611,-0.013116327593417158,0.013485847543805368,-0.006808639004660835,0.00020593324378068807,0.05718990111084871,0.29621334507546954
global_compatible,98,20,0,0,certified_reset,0,1,0.02012250963226921,0.01612863511388267,0.003993874518386541,0.003993874518386541,0.0,0.0,0,0,-0.00959168054265306,0.03370094076678611,0.001379577056895195,-0.009451662382355586,-0.00959168054265306,0.03370094076678611,-0.040093697487302925,0.00033662356362935,0.05718990111084871,0.29621334507546954
global_compatible,98,21,0,0,certified_reset,0,1,0.01612863511388267,0.01213476059549613,0.003993874518386541,0.0,0.0,0.0,0,0,0.001379577056895195,-0.009451662382355586,-0.005072512633527417,0.0021207671696295495,0.001379577056895195,-0.009451662382355586,0.012545266256698905,2.1917931414404734e-05,0.05718990111084871,0.29621334507546954
global_compatible,99,0,0,0,certified_reset,0,1,0.1,0.09600612548161347,0.003993874518386541,0.08387136488611735,0.0,0.0,0,0,-0.4392284336189789,0.4222145965063654,-0.09666134458670608,0.23589296090631381,-0.4392284336189789,0.4222145965063654,-0.1845970333942601,0.2258612483083767,0.05718990111084871,0.29621334507546954
global_compatible,99,1,0,0,certified_reset,0,1,0.09600612548161347,0.09201225096322693,0.003993874518386541,0.07987749036773081,0.0,0.0,0,0,-0.09666134458670608,0.23589296090631381,0.015627440847679152,-0.019577756714781677,-0.09666134458670608,0.23589296090631381,-0.2512407331730936,0.02093765120837036,0.05718990111084871,0.29621334507546954
global_compatible,99,2,1,1,certified_reset,0,1,0.09201225096322693,0.0880183764448404,0.003993874518386541,0.07588361584934428,0.0,0.0,0,0,0.015627440847679152,-0.019577756714781677,0.0224860155626155,-0.01510181565508517,0.015627440847679152,-0.019577756714781677,0.013277963397636313,0.00031761645568440737,0.05718990111084871,0.29621334507546954
global_compatible,99,3,1,1,certified_reset,0,1,0.0880183764448404,0.08402450192645386,0.003993874518386541,0.07188974133095774,0.0,0.0,0,0,0.0224860155626155,-0.01510181565508517,0.018580054205005078,-0.011724095830452997,0.0224860155626155,-0.01510181565508517,-0.00014267220251198832,0.0005466730752605524,0.05718990111084871,0.29621334507546954
global_compatible,99,4,1,1,certified_reset,0,1,0.08402450192645386,0.08003062740806732,0.003993874518386541,0.0678958668125712,0.0,0.0,0,0,0.018580054205005078,-0.011724095830452997,-0.005968929716640947,0.0014287458281962897,0.018580054205005078,-0.011724095830452997,-0.0012332125561023953,0.0003699982307386363,0.05718990111084871,0.29621334507546954
global_compatible,99,5,1,1,certified_reset,0,1,0.08003062740806732,0.07603675288968079,0.003993874518386541,0.06390199229418467,0.0,0.0,0,0,-0.005968929716640947,0.0014287458281962897,0.002017276484933209,0.01398542290781161,-0.005968929716640947,0.0014287458281962897,0.003841384511199731,3.63644644717574e-05,0.05718990111084871,0.29621334507546954
global_compatible,99,6,1,1,certified_reset,0,1,0.07603675288968079,0.07204287837129425,0.003993874518386541,0.05990811777579813,0.0,0.0,0,0,0.002017276484933209,0.01398542290781161,0.0258375015175445,0.0023289355872199314,0.002017276484933209,0.01398542290781161,-0.0226131160310814,5.205979953640476e-05,0.05718990111084871,0.29621334507546954
global_compatible,99,7,0,0,certified_reset,0,1,0.07204287837129425,0.06804900385290771,0.003993874518386541,0.05591424325741159,0.0,0.0,0,0,0.0258375015175445,0.0023289355872199314,0.011660194018175134,-0.027378492570125645,0.0258375015175445,0.0023289355872199314,-0.02915541460960307,0.0006898037490700562,0.05718990111084871,0.29621334507546954
global_compatible,99,8,0,0,certified_reset,0,1,0.06804900385290771,0.06405512933452118,0.003993874518386541,0.051920368739025044,0.0,0.0,0,0,0.011660194018175134,-0.027378492570125645,0.001492069270895101,-9.562939922646901e-05,0.011660194018175134,-0.027378492570125645,0.028723330594193686,0.00029151060152630726,0.05718990111084871,0.29621334507546954
global_compatible,99,9,0,0,certified_reset,0,1,0.06405512933452118,0.060061254816134634,0.003993874518386541,0.0479264942206385,0.0,0.0,0,0,0.001492069270895101,-9.562939922646901e-05,0.0005341367544012867,-0.009543630846105995,0.001492069270895101,-9.562939922646901e-05,-0.0013409706522714484,2.272871863165126e-06,0.05718990111084871,0.29621334507546954
global_compatible,99,10,0,0,certified_reset,0,1,0.060061254816134634,0.05606738029774809,0.003993874518386541,0.04393261970225196,0.0,0.0,0,0,0.0005341367544012867,-0.009543630846105995,0.004661966975228898,0.012081545953442475,0.0005341367544012867,-0.009543630846105995,0.013525689452040232,2.1253469102042402e-05,0.05718990111084871,0.29621334507546954
global_compatible,99,11,0,0,certified_reset,0,1,0.05606738029774809,0.05207350577936155,0.003993874518386541,0.039938745183865414,0.0,0.0,0,0,0.004661966975228898,0.012081545953442475,0.008149294924150865,-0.0035617602844532697,0.004661966975228898,0.012081545953442475,-0.022442185495403798,6.0598703795903295e-05,0.05718990111084871,0.29621334507546954
global_compatible,99,12,0,0,certified_reset,0,1,0.05207350577936155,0.048079631260975,0.003993874518386541,0.03594487066547887,0.0,0.0,0,0,0.008149294924150865,-0.0035617602844532697,0.01128956795290676,-0.008408934039584521,0.008149294924150865,-0.0035617602844532697,-0.002870313213231084,6.890047974764582e-05,0.05718990111084871,0.29621334507546954
global_compatible,99,13,0,0,certified_reset,0,1,0.048079631260975,0.04408575674258846,0.003993874518386541,0.03195099614709233,0.0,0.0,0,0,0.01128956795290676,-0.008408934039584521,0.004966275474213535,-0.0026869333094443225,0.01128956795290676,-0.008408934039584521,0.0011454919285115001,0.00014021497926003149,0.05718990111084871,0.29621334507546954
global_compatible,99,14,0,0,certified_reset,0,1,0.04408575674258846,0.040091882224201916,0.003993874518386541,0.027957121628705783,0.0,0.0,0,0,0.004966275474213535,-0.0026869333094443225,-0.0017681311900662124,0.012415532270168887,0.004966275474213535,-0.0026869333094443225,-0.0009890323198482494,2.5987876618709738e-05,0.05718990111084871,0.29621334507546954
global_compatible,99,15,0,0,certified_reset,0,1,0.040091882224201916,0.03609800770581537,0.003993874518386541,0.023963247110319243,0.0,0.0,0,0,-0.0017681311900662124,0.012415532270168887,0.007105895988977289,-0.006334610377815783,-0.0017681311900662124,0.012415532270168887,-0.01652698236842345,3.770099603972835e-05,0.05718990111084871,0.29621334507546954
global_compatible,99,16,0,0,certified_reset,0,1,0.03609800770581537,0.03210413318742883,0.003993874518386541,0.019969372591932703,0.0,0.0,0,0,0.007105895988977289,-0.006334610377815783,0.004757579340752501,-0.007900310716581796,0.007105895988977289,-0.006334610377815783,0.0022542018508483427,5.784370541074438e-05,0.05718990111084871,0.29621334507546954
global_compatible,99,17,0,0,certified_reset,0,1,0.03210413318742883,0.02811025866904229,0.003993874518386541,0.015975498073546163,0.0,0.0,0,0,0.004757579340752501,-0.007900310716581796,0.003919140585685332,-0.0019403977573562397,0.004757579340752501,-0.007900310716581796,0.006899859220245367,3.505944631037182e-05,0.05718990111084871,0.29621334507546954
global_compatible,99,18,0,0,certified_reset,0,1,0.02811025866904229,0.02411638415065575,0.003993874518386541,0.011981623555159623,0.0,0.0,0,0,0.003919140585685332,-0.0019403977573562397,-0.0030502523243939573,0.0014181586110549246,0.003919140585685332,-0.0019403977573562397,-0.0010401158908708104,1.6064434779242577e-05,0.05718990111084871,0.29621334507546954
global_compatible,99,19,0,0,certified_reset,0,1,0.02411638415065575,0.02012250963226921,0.003993874518386541,0.007987749036773082,0.0,0.0,0,0,-0.0030502523243939573,0.0014181586110549246,0.0006160149487237491,0.000953452062410243,-0.0030502523243939573,0.0014181586110549246,0.0009465533029193486,9.68844961365209e-06,0.05718990111084871,0.29621334507546954
global_compatible,99,20,0,0,certified_reset,0,1,0.02012250963226921,0.01612863511388267,0.003993874518386541,0.003993874518386541,0.0,0.0,0,0,0.0006160149487237491,0.000953452062410243,0.004936232295782895,0.01176289672323801,0.0006160149487237491,0.000953452062410243,-0.002017378375320032,6.448525551379278e-07,0.05718990111084871,0.29621334507546954
global_compatible,99,21,0,0,certified_reset,0,1,0.01612863511388267,0.01213476059549613,0.003993874518386541,0.0,0.0,0.0,0,0,0.004936232295782895,0.01176289672323801,0.003186003359193754,0.0024465341614774757,0.004936232295782895,0.01176289672323801,-0.022242764725127293,6.164073692124568e-05,0.05718990111084871,0.29621334507546954
global_compatible,100,0,0,0,certified_reset,0,1,0.1,0.09600612548161347,0.003993874518386541,0.08387136488611735,0.0,0.0,0,0,-5.805606897935276,0.05129653223161412,-4.979628144334136,1.6035083433474988,-5.805606897935276,0.05129653223161412,1.5499999999986278,33.765607593512975,0.05718990111084871,0.29621334507546954
global_compatible,100,1,0,0,certified_reset,0,1,0.09600612548161347,0.09201225096322693,0.003993874518386541,0.07987749036773081,0.0,0.0,0,0,-4.979628144334136,1.6035083433474988,-2.766961623050339,2.806894519389066,-4.979628144334136,1.6035083433474988,1.2083652250850545,25.296023140067806,0.05718990111084871,0.29621334507546954
global_compatible,100,2,0,0,certified_reset,0,1,0.09201225096322693,0.0880183764448404,0.003993874518386541,0.07588361584934428,0.0,0.0,0,0,-2.766961623050339,2.806894519389066,-0.6749973704669829,1.3778830063059657,-2.766961623050339,2.806894519389066,-1.4312050687306908,9.125443553888125,0.05718990111084871,0.29621334507546954
global_compatible,100,3,0,0,certified_reset,0,1,0.0880183764448404,0.08402450192645386,0.003993874518386541,0.07188974133095774,0.0,0.0,0,0,-0.6749973704669829,1.3778830063059657,0.02605084337014502,0.009131191099214751,-0.6749973704669829,1.3778830063059657,-1.3576123183827438,0.8434403145449736,0.05718990111084871,0.29621334507546954
global_compatible,100,4,0,0,certified_reset,0,1,0.08402450192645386,0.08003062740806732,0.003993874518386541,0.0678958668125712,0.0,0.0,0,0,0.02605084337014502,0.009131191099214751,0.02152060996952812,-0.03797348334029641,0.02605084337014502,0.009131191099214751,-0.03938982560295187,0.0007324435564818709,0.05718990111084871,0.29621334507546954
global_compatible,100,5,0,0,certified_reset,0,1,0.08003062740806732,0.07603675288968079,0.003993874518386541,0.06390199229418467,0.0,0.0,0,0,0.02152060996952812,-0.03797348334029641,-0.003166796107133351,0.006738141503175024,0.02152060996952812,-0.03797348334029641,0.034509229325256185,0.0007524662048353696,0.05718990111084871,0.29621334507546954
global_compatible,100,6,0,0,certified_reset,0,1,0.07603675288968079,0.07204287837129425,0.003993874518386541,0.05990811777579813,0.0,0.0,0,0,-0.003166796107133351,0.006738141503175024,0.008102911425994518,0.010878110010328654,-0.003166796107133351,0.006738141503175024,-0.006766836837978108,1.9345808768976146e-05,0.05718990111084871,0.29621334507546954
global_compatible,100,7,0,0,certified_reset,0,1,0.07204287837129425,0.06804900385290771,0.003993874518386541,0.05591424325741159,0.0,0.0,0,0,0.008102911425994518,0.010878110010328654,0.005309525457177022,-0.007482660920051098,0.008102911425994518,0.010878110010328654,-0.02409217583233117,0.00010146798691733782,0.05718990111084871,0.29621334507546954
global_compatible,100,8,1,1,certified_reset,0,1,0.06804900385290771,0.06405512933452118,0.003993874518386541,0.051920368739025044,0.0,0.0,0,0,0.005309525457177022,-0.007482660920051098,0.026305917014859386,-0.03104962634430017,0.005309525457177022,-0.007482660920051098,0.005736080337168108,3.9091864621274813e-05,0.05718990111084871,0.29621334507546954
global_compatible,100,9,0,0,certified_reset,0,1,0.06405512933452118,0.060061254816134634,0.003993874518386541,0.0479264942206385,0.0,0.0,0,0,0.026305917014859386,-0.03104962634430017,0.0035567795966984983,-0.017491964574647818,0.026305917014859386,-0.03104962634430017,0.01954110668102673,0.0008750819145523688,0.05718990111084871,0.29621334507546954
global_compatible,100,10,0,0,certified_reset,0,1,0.060061254816134634,0.05606738029774809,0.003993874518386541,0.04393261970225196,0.0,0.0,0,0,0.0035567795966984983,-0.017491964574647818,-0.005931086970122378,-0.0074113001581648155,0.0035567795966984983,-0.017491964574647818,0.022225555965136933,8.007445299100874e-05,0.05718990111084871,0.29621334507546954
global_compatible,100,11,0,0,certified_reset,0,1,0.05606738029774809,0.05207350577936155,0.003993874518386541,0.039938745183865414,0.0,0.0,0,0,-0.005931086970122378,-0.0074113001581648155,-0.007222427443205641,0.0018686417925183746,-0.005931086970122378,-0.0074113001581648155,0.016820645035254475,5.213807173840071e-05,0.05718990111084871,0.29621334507546954
global_compatible,100,12,0,0,certified_reset,0,1,0.05207350577936155,0.048079631260975,0.003993874518386541,0.03594487066547887,0.0,0.0,0,0,-0.007222427443205641,0.0018686417925183746,-0.0025070583224371668,0.01144912198817983,-0.007222427443205641,0.0018686417925183746,0.004439452603682829,5.328470464465296e-05,0.05718990111084871,0.29621334507546954
global_compatible,100,13,0,0,certified_reset,0,1,0.048079631260975,0.04408575674258846,0.003993874518386541,0.03195099614709233,0.0,0.0,0,0,-0.0025070583224371668,0.01144912198817983,0.00408759372992324,-0.012703477684229822,-0.0025070583224371668,0.01144912198817983,-0.014369725574794755,3.504239773351433e-05,0.05718990111084871,0.29621334507546954
global_compatible,100,14,0,0,certified_reset,0,1,0.04408575674258846,0.040091882224201916,0.003993874518386541,0.027957121628705783,0.0,0.0,0,0,0.00408759372992324,-0.012703477684229822,0.0034411065390659405,0.0006084700678780843,0.00408759372992324,-0.012703477684229822,0.014643075156625737,5.111701590124305e-05,0.05718990111084871,0.29621334507546954
global_compatible,100,15,0,0,certified_reset,0,1,0.040091882224201916,0.03609800770581537,0.003993874518386541,0.023963247110319243,0.0,0.0,0,0,0.0034411065390659405,0.0006084700678780843,-0.0022246494063685417,0.002418081346608576,0.0034411065390659405,0.0006084700678780843,-0.004322275385251401,1.2374908274081768e-05,0.05718990111084871,0.29621334507546954
global_compatible,100,16,0,0,certified_reset,0,1,0.03609800770581537,0.03210413318742883,0.003993874518386541,0.019969372591932703,0.0,0.0,0,0,-0.0022246494063685417,0.002418081346608576,0.0007191227830592499,-0.003968798532647842,-0.0022246494063685417,0.002418081346608576,-0.0013475210185991532,6.046941435432009e-06,0.05718990111084871,0.29621334507546954
global_compatible,100,17,0,0,certified_reset,0,1,0.03210413318742883,0.02811025866904229,0.003993874518386541,0.015975498073546163,0.0,0.0,0,0,0.0007191227830592499,-0.003968798532647842,0.002411770879779887,-0.010548892243561847,0.0007191227830592499,-0.003968798532647842,0.005127054384108199,4.009549866249537e-06,0.05718990111084871,0.29621334507546954
global_compatible,100,18,0,0,certified_reset,0,1,0.02811025866904229,0.02411638415065575,0.003993874518386541,0.011981623555159623,0.0,0.0,0,0,0.002411770879779887,-0.010548892243561847,0.004223834902919395,0.007460385864637758,0.002411770879779887,-0.010548892243561847,0.013134848753061956,3.0159988032629854e-05,0.05718990111084871,0.29621334507546954
global_compatible,100,19,0,0,certified_reset,0,1,0.02411638415065575,0.02012250963226921,0.003993874518386541,0.007987749036773082,0.0,0.0,0,0,0.004223834902919395,0.007460385864637758,0.010676526159080298,-0.00041060076840874343,0.004223834902919395,0.007460385864637758,-0.01519625216778757,3.363225759066644e-05,0.05718990111084871,0.29621334507546954
global_compatible,100,20,0,0,certified_reset,0,1,0.02012250963226921,0.01612863511388267,0.003993874518386541,0.003993874518386541,0.0,0.0,0,0,0.010676526159080298,-0.00041060076840874343,0.012195909268234988,-0.010312595666762578,0.010676526159080298,-0.00041060076840874343,-0.010027753487144096,0.00011653245356388238,0.05718990111084871,0.29621334507546954
global_compatible,100,21,0,0,certified_reset,0,1,0.01612863511388267,0.01213476059549613,0.003993874518386541,0.0,0.0,0.0,0,0,0.012195909268234988,-0.010312595666762578,0.005673030305961299,-0.003040351985991831,0.012195909268234988,-0.010312595666762578,0.0030466824728874165,0.00016811519302078852,0.05718990111084871,0.29621334507546954
global_compatible,101,0,0,0,certified_reset,0,1,0.1,0.09600612548161347,0.003993874518386541,0.08387136488611735,0.0,0.0,0,0,1.32037271733261,-0.510348647268821,0.5335229185067795,-1.0654252422794381,1.32037271733261,-0.510348647268821,-0.5629892637972498,1.7981900689735155,0.05718990111084871,0.29621334507546954
global_compatible,101,1,0,0,certified_reset,0,1,0.09600612548161347,0.09201225096322693,0.003993874518386541,0.07987749036773081,0.0,0.0,0,0,0.5335229185067795,-1.0654252422794381,-0.012870737011033358,-0.006219519622214162,0.5335229185067795,-1.0654252422794381,1.0382082210132262,0.5159171827659937,0.05718990111084871,0.29621334507546954
global_compatible,101,2,0,0,certified_reset,0,1,0.09201225096322693,0.0880183764448404,0.003993874518386541,0.07588361584934428,0.0,0.0,0,0,-0.012870737011033358,-0.006219519622214162,-0.02381924652823142,0.01858189805492979,-0.012870737011033358,-0.006219519622214162,0.021979446164912205,0.00018469610892969,0.05718990111084871,0.29621334507546954
global_compatible,101,3,0,0,certified_reset,0,1,0.0880183764448404,0.08402450192645386,0.003993874518386541,0.07188974133095774,0.0,0.0,0,0,-0.02381924652823142,0.01858189805492979,-0.00733855956144423,0.017574315087414964,-0.02381924652823142,0.01858189805492979,-0.0036546656646448076,0.0006298420680589575,0.05718990111084871,0.29621334507546954
global_compatible,101,4,0,0,certified_reset,0,1,0.08402450192645386,0.08003062740806732,0.003993874518386541,0.0678958668125712,0.0,0.0,0,0,-0.00733855956144423,0.017574315087414964,0.003198054424260528,-0.0020659305831215594,-0.00733855956144423,0.017574315087414964,-0.01858242300428739,0.00011808129669713468,0.05718990111084871,0.29621334507546954
global_compatible,101,5,0,0,certified_reset,0,1,0.08003062740806732,0.07603675288968079,0.003993874518386541,0.06390199229418467,0.0,0.0,0,0,0.003198054424260528,-0.0020659305831215594,0.013605882831279517,-0.007989186910811071,0.003198054424260528,-0.0020659305831215594,-0.00014261550658901785,1.0996313031470185e-05,0.05718990111084871,0.29621334507546954
global_compatible,101,6,0,0,certified_reset,0,1,0.07603675288968079,0.07204287837129425,0.003993874518386541,0.05990811777579813,0.0,0.0,0,0,0.013605882831279517,-0.007989186910811071,0.00821014440192817,-0.005929592461418439,0.013605882831279517,-0.007989186910811071,-0.0017784849415300968,0.00019668800218494543,0.05718990111084871,0.29621334507546954
global_compatible,101,7,0,0,certified_reset,0,1,0.07204287837129425,0.06804900385290771,0.003993874518386541,0.05591424325741159,0.0,0.0,0,0,0.00821014440192817,-0.005929592461418439,-0.0006118705369165143,-0.010821987655929843,0.00821014440192817,-0.005929592461418439,0.0005577026080718457,7.37430589220206e-05,0.05718990111084871,0.29621334507546954
global_compatible,101,8,0,0,certified_reset,0,1,0.06804900385290771,0.06405512933452118,0.003993874518386541,0.051920368739025044,0.0,0.0,0,0,-0.0006118705369165143,-0.010821987655929843,-0.0049382195899218585,0.00887397113461793,-0.0006118705369165143,-0.010821987655929843,0.016549494894346928,2.8302305113914502e-05,0.05718990111084871,0.29621334507546954
global_compatible,101,9,0,0,certified_reset,0,1,0.06405512933452118,0.060061254816134634,0.003993874518386541,0.0479264942206385,0.0,0.0,0,0,-0.0049382195899218585,0.00887397113461793,0.0026992314819518624,0.012604346597272113,-0.0049382195899218585,0.00887397113461793,-0.008152110430676582,4.022196079578246e-05,0.05718990111084871,0.29621334507546954
global_compatible,101,10,0,0,certified_reset,0,1,0.060061254816134634,0.05606738029774809,0.003993874518386541,0.04393261970225196,0.0,0.0,0,0,0.0026992314819518624,0.012604346597272113,0.0052385595351612715,0.0007355816684046623,0.0026992314819518624,0.012604346597272113,-0.02125381980227323,4.717549156379731e-05,0.05718990111084871,0.29621334507546954
global_compatible,101,11,0,0,certified_reset,0,1,0.05606738029774809,0.05207350577936155,0.003993874518386541,0.039938745183865414,0.0,0.0,0,0,0.0052385595351612715,0.0007355816684046623,0.002072895621611196,-0.004671499938142526,0.0052385595351612715,0.0007355816684046623,-0.0063037847601806985,2.8533343031356974e-05,0.05718990111084871,0.29621334507546954
global_compatible,101,12,0,0,certified_reset,0,1,0.05207350577936155,0.048079631260975,0.003993874518386541,0.03594487066547887,0.0,0.0,0,0,0.002072895621611196,-0.004671499938142526,-0.00773526990995785,-0.005727058065240663,0.002072895621611196,-0.004671499938142526,0.004816918159868493,8.805087873038452e-06,0.05718990111084871,0.29621334507546954
global_compatible,101,13,0,0,certified_reset,0,1,0.048079631260975,0.04408575674258846,0.003993874518386541,0.03195099614709233,0.0,0.0,0,0,-0.00773526990995785,-0.005727058065240663,-0.00729431137870281,0.01590517986764732,-0.00773526990995785,-0.005727058065240663,0.0161387122730712,7.224970636059867e-05,0.05718990111084871,0.29621334507546954
global_compatible,101,14,0,0,certified_reset,0,1,0.04408575674258846,0.040091882224201916,0.003993874518386541,0.027957121628705783,0.0,0.0,0,0,-0.00729431137870281,0.01590517986764732,0.001223004834823239,0.004112101626729711,-0.00729431137870281,0.01590517986764732,-0.01616724370478418,0.00010527692710671883,0.05718990111084871,0.29621334507546954
global_compatible,101,15,0,0,certified_reset,0,1,0.040091882224201916,0.03609800770581537,0.003993874518386541,0.023963247110319243,0.0,0.0,0,0,0.001223004834823239,0.004112101626729711,0.0063959248859948425,-0.0035811467919353818,0.001223004834823239,0.004112101626729711,-0.00727519802397114,5.862641845140421e-06,0.05718990111084871,0.29621334507546954
global_compatible,101,16,0,0,certified_reset,0,1,0.03609800770581537,0.03210413318742883,0.003993874518386541,0.019969372591932703,0.0,0.0,0,0,0.0063959248859948425,-0.0035811467919353818,0.001362142475192678,-0.016323864598554602,0.0063959248859948425,-0.0035811467919353818,-0.0010906215475895867,4.3246021753459845e-05,0.05718990111084871,0.29621334507546954
global_compatible,101,17,0,0,certified_reset,0,1,0.03210413318742883,0.02811025866904229,0.003993874518386541,0.015975498073546163,0.0,0.0,0,0,0.001362142475192678,-0.016323864598554602,0.0005623160067291869,0.00623879186005597,0.001362142475192678,-0.016323864598554602,0.02269118923862858,6.269202382705533e-05,0.05718990111084871,0.29621334507546954
global_compatible,101,18,0,0,certified_reset,0,1,0.02811025866904229,0.02411638415065575,0.003993874518386541,0.011981623555159623,0.0,0.0,0,0,0.0005623160067291869,0.00623879186005597,0.0002938567584040042,-0.005195152343230147,0.0005623160067291869,0.00623879186005597,-0.009750542184692923,9.699080410968877e-06,0.05718990111084871,0.29621334507546954
global_compatible,101,19,0,0,certified_reset,0,1,0.02411638415065575,0.02012250963226921,0.003993874518386541,0.007987749036773082,0.0,0.0,0,0,0.0002938567584040042,-0.005195152343230147,0.0006854075517165957,-0.004827471703628485,0.0002938567584040042,-0.005195152343230147,0.00736016269099399,6.29878108189375e-06,0.05718990111084871,0.29621334507546954
global_compatible,101,20,0,0,certified_reset,0,1,0.02012250963226921,0.01612863511388267,0.003993874518386541,0.003993874518386541,0.0,0.0,0,0,0.0006854075517165957,-0.004827471703628485,5.811484667246668e-05,-0.004996772632973878,0.0006854075517165957,-0.004827471703628485,0.006428343834354207,5.6976805721472e-06,0.05718990111084871,0.29621334507546954
global_compatible,101,21,0,0,certified_reset,0,1,0.01612863511388267,0.01213476059549613,0.003993874518386541,0.0,0.0,0.0,0,0,5.811484667246668e-05,-0.004996772632973878,0.005753133376886937,0.008943524589204459,5.811484667246668e-05,-0.004996772632973878,0.007304256243471758,5.8313739313757745e-06,0.05718990111084871,0.29621334507546954
global_compatible,102,0,0,0,certified_reset,0,1,0.1,0.09600612548161347,0.003993874518386541,0.08387136488611735,0.0,0.0,0,0,-5.522182153774975,-0.32576726474245304,-5.073244098661811,1.2274687121822945,-5.522182153774975,-0.32576726474245304,1.55,30.573660615410823,0.05718990111084871,0.29621334507546954
global_compatible,102,1,0,0,certified_reset,0,1,0.09600612548161347,0.09201225096322693,0.003993874518386541,0.07987749036773081,0.0,0.0,0,0,-5.073244098661811,1.2274687121822945,-3.072494119827458,2.7730477789013785,-5.073244098661811,1.2274687121822945,1.5499999999999983,26.069070483696454,0.05718990111084871,0.29621334507546954
global_compatible,102,2,0,0,certified_reset,0,1,0.09201225096322693,0.0880183764448404,0.003993874518386541,0.07588361584934428,0.0,0.0,0,0,-3.072494119827458,2.7730477789013785,-0.8986943258979175,1.5619931191188627,-3.072494119827458,2.7730477789013785,-1.202238482636642,10.860517467735193,0.05718990111084871,0.29621334507546954
global_compatible,102,3,0,0,certified_reset,0,1,0.0880183764448404,0.08402450192645386,0.003993874518386541,0.07188974133095774,0.0,0.0,0,0,-0.8986943258979175,1.5619931191188627,-0.03350067457375233,0.14998407632750077,-0.8986943258979175,1.5619931191188627,-1.406075087425078,1.2962457209394898,0.05718990111084871,0.29621334507546954
global_compatible,102,4,0,0,certified_reset,0,1,0.08402450192645386,0.08003062740806732,0.003993874518386541,0.0678958668125712,0.0,0.0,0,0,-0.03350067457375233,0.14998407632750077,0.025459542116428376,-0.04001600637662863,-0.03350067457375233,0.14998407632750077,-0.18758284783053045,0.006051118484228198,0.05718990111084871,0.29621334507546954
global_compatible,102,5,0,0,certified_reset,0,1,0.08003062740806732,0.07603675288968079,0.003993874518386541,0.06390199229418467,0.0,0.0,0,0,0.025459542116428376,-0.04001600637662863,-0.004384380102340747,-0.0067935197528963655,0.025459542116428376,-0.04001600637662863,0.03359864389605955,0.0009646405445097346,0.05718990111084871,0.29621334507546954
global_compatible,102,6,0,0,certified_reset,0,1,0.07603675288968079,0.07204287837129425,0.003993874518386541,0.05990811777579813,0.0,0.0,0,0,-0.004384380102340747,-0.0067935197528963655,-0.004343479772932546,0.005650057769775348,-0.004384380102340747,-0.0067935197528963655,0.014373848567994165,3.2695320862130916e-05,0.05718990111084871,0.29621334507546954
global_compatible,102,7,0,0,certified_reset,0,1,0.07204287837129425,0.06804900385290771,0.003993874518386541,0.05591424325741159,0.0,0.0,0,0,-0.004343479772932546,0.005650057769775348,-0.003000148711167157,0.004761515726780414,-0.004343479772932546,0.005650057769775348,-0.003997231634606747,2.5011430560715463e-05,0.05718990111084871,0.29621334507546954
global_compatible,102,8,0,0,certified_reset,0,1,0.06804900385290771,0.06405512933452118,0.003993874518386541,0.051920368739025044,0.0,0.0,0,0,-0.003000148711167157,0.004761515726780414,0.00817182419134521,-0.006859267229329239,-0.003000148711167157,0.004761515726780414,-0.004027581254166364,1.348739332103866e-05,0.05718990111084871,0.29621334507546954
global_compatible,102,9,0,0,certified_reset,0,1,0.06405512933452118,0.060061254816134634,0.003993874518386541,0.0479264942206385,0.0,0.0,0,0,0.00817182419134521,-0.006859267229329239,-0.0009974647155622262,-0.011759282781353476,0.00817182419134521,-0.006859267229329239,0.0019701404855397764,7.534466539877687e-05,0.05718990111084871,0.29621334507546954
global_compatible,102,10,1,1,certified_reset,0,1,0.060061254816134634,0.05606738029774809,0.003993874518386541,0.04393261970225196,0.0,0.0,0,0,-0.0009974647155622262,-0.011759282781353476,-0.01219018384922268,0.009043665239451638,-0.0009974647155622262,-0.011759282781353476,0.018314129821762407,3.427065131273135e-05,0.05718990111084871,0.29621334507546954
global_compatible,102,11,0,0,certified_reset,0,1,0.05606738029774809,0.05207350577936155,0.003993874518386541,0.039938745183865414,0.0,0.0,0,0,-0.01219018384922268,0.009043665239451638,-0.012156587718139263,0.012028357514661525,-0.01219018384922268,0.009043665239451638,-0.0011850067751858924,0.00016335750687766824,0.05718990111084871,0.29621334507546954
global_compatible,102,12,0,0,certified_reset,0,1,0.05207350577936155,0.048079631260975,0.003993874518386541,0.03594487066547887,0.0,0.0,0,0,-0.012156587718139263,0.012028357514661525,-0.0038631549909840237,0.011222068846878293,-0.012156587718139263,0.012028357514661525,-0.005610373532134755,0.00017461218143815892,0.05718990111084871,0.29621334507546954
global_compatible,102,13,0,0,certified_reset,0,1,0.048079631260975,0.04408575674258846,0.003993874518386541,0.03195099614709233,0.0,0.0,0,0,-0.0038631549909840237,0.011222068846878293,0.0010893620913412906,-0.011043224983895717,-0.0038631549909840237,0.011222068846878293,-0.012683117598064507,4.1613772541256846e-05,0.05718990111084871,0.29621334507546954
global_compatible,102,14,0,0,certified_reset,0,1,0.04408575674258846,0.040091882224201916,0.003993874518386541,0.027957121628705783,0.0,0.0,0,0,0.0010893620913412906,-0.011043224983895717,-0.002358141603891608,0.008569259810753252,0.0010893620913412906,-0.011043224983895717,0.015183124442107808,2.89013987097537e-05,0.05718990111084871,0.29621334507546954
global_compatible,102,15,0,0,certified_reset,0,1,0.040091882224201916,0.03609800770581537,0.003993874518386541,0.023963247110319243,0.0,0.0,0,0,-0.002358141603891608,0.008569259810753252,-0.01117490112713836,0.002221579397950502,-0.002358141603891608,0.008569259810753252,-0.01027260561380622,2.1416790943178916e-05,0.05718990111084871,0.29621334507546954
global_compatible,102,16,0,0,certified_reset,0,1,0.03609800770581537,0.03210413318742883,0.003993874518386541,0.019969372591932703,0.0,0.0,0,0,-0.01117490112713836,0.002221579397950502,-0.005188272169834107,0.008165574486340175,-0.01117490112713836,0.002221579397950502,0.007852786698781939,0.000127308446378584,0.05718990111084871,0.29621334507546954
global_compatible,102,17,0,0,certified_reset,0,1,0.03210413318742883,0.02811025866904229,0.003993874518386541,0.015975498073546163,0.0,0.0,0,0,-0.005188272169834107,0.008165574486340175,-0.007185711124398985,0.003242810354974289,-0.005188272169834107,0.008165574486340175,-0.006859070273270145,4.009612843817109e-05,0.05718990111084871,0.29621334507546954
global_compatible,102,18,0,0,certified_reset,0,1,0.02811025866904229,0.02411638415065575,0.003993874518386541,0.011981623555159623,0.0,0.0,0,0,-0.007185711124398985,0.003242810354974289,-0.0026375585632277235,0.007967395513199194,-0.007185711124398985,0.003242810354974289,0.0023772530840453546,5.366857508865053e-05,0.05718990111084871,0.29621334507546954
global_compatible,102,19,0,0,certified_reset,0,1,0.02411638415065575,0.02012250963226921,0.003993874518386541,0.007987749036773082,0.0,0.0,0,0,-0.0026375585632277235,0.007967395513199194,0.009966445262232105,-0.003565528838217452,-0.0026375585632277235,0.007967395513199194,-0.009108790443666087,2.0457257185595856e-05,0.05718990111084871,0.29621334507546954
global_compatible,102,20,0,0,certified_reset,0,1,0.02012250963226921,0.01612863511388267,0.003993874518386541,0.003993874518386541,0.0,0.0,0,0,0.009966445262232105,-0.003565528838217452,0.0016175282700590736,-0.0029661917392849397,0.009966445262232105,-0.003565528838217452,-0.00466722488579578,0.00010216294512974242,0.05718990111084871,0.29621334507546954
global_compatible,102,21,0,0,certified_reset,0,1,0.01612863511388267,0.01213476059549613,0.003993874518386541,0.0,0.0,0.0,0,0,0.0016175282700590736,-0.0029661917392849397,-0.0019049198904864696,0.0005797011559123342,0.0016175282700590736,-0.0029661917392849397,0.0027574623769502983,4.390180491604108e-06,0.05718990111084871,0.29621334507546954
global_compatible,103,0,1,1,certified_reset,0,1,0.1,0.09600612548161347,0.003993874518386541,0.08387136488611735,0.0,0.0,0,0,2.990326457472001,0.48378654783527997,2.724405168466868,-1.0748651206335353,2.990326457472001,0.48378654783527997,-1.549999999999961,9.044243718552993,0.05718990111084871,0.29621334507546954
global_compatible,103,1,1,1,certified_reset,0,1,0.09600612548161347,0.09201225096322693,0.003993874518386541,0.07987749036773081,0.0,0.0,0,0,2.724405168466868,-1.0748651206335353,1.2458707181429096,-1.8833294958448599,2.724405168466868,-1.0748651206335353,-0.7907524481932646,7.645976062786893,0.05718990111084871,0.29621334507546954
global_compatible,103,2,1,1,certified_reset,0,1,0.09201225096322693,0.0880183764448404,0.003993874518386541,0.07588361584934428,0.0,0.0,0,0,1.2458707181429096,-1.8833294958448599,0.16292286643098836,-0.30858411301958205,1.2458707181429096,-1.8833294958448599,1.533728983609083,2.2494493593904585,0.05718990111084871,0.29621334507546954
global_compatible,103,3,1,1,certified_reset,0,1,0.0880183764448404,0.08402450192645386,0.003993874518386541,0.07188974133095774,0.0,0.0,0,0,0.16292286643098836,-0.30858411301958205,0.0020313971582010216,0.017600132421044343,0.16292286643098836,-0.30858411301958205,0.2923361341791893,0.04582071865521529,0.05718990111084871,0.29621334507546954
global_compatible,103,4,0,0,certified_reset,0,1,0.08402450192645386,0.08003062740806732,0.003993874518386541,0.0678958668125712,0.0,0.0,0,0,0.0020313971582010216,0.017600132421044343,0.001431583342923681,-0.00674524166299237,0.0020313971582010216,0.017600132421044343,-0.027950664508077767,7.941520459831846e-05,0.05718990111084871,0.29621334507546954
global_compatible,103,5,0,0,certified_reset,0,1,0.08003062740806732,0.07603675288968079,0.003993874518386541,0.06390199229418467,0.0,0.0,0,0,0.001431583342923681,-0.00674524166299237,-0.0019205290447457458,0.002166033390827208,0.001431583342923681,-0.00674524166299237,0.008513302669131775,1.205103024273295e-05,0.05718990111084871,0.29621334507546954
global_compatible,103,6,0,0,certified_reset,0,1,0.07603675288968079,0.07204287837129425,0.003993874518386541,0.05990811777579813,0.0,0.0,0,0,-0.0019205290447457458,0.002166033390827208,-0.0061919401991116585,0.0012133386914178644,-0.0019205290447457458,0.002166033390827208,-0.0012752853381751445,4.573596746088233e-06,0.05718990111084871,0.29621334507546954
global_compatible,103,7,0,0,certified_reset,0,1,0.07204287837129425,0.06804900385290771,0.003993874518386541,0.05591424325741159,0.0,0.0,0,0,-0.0061919401991116585,0.0012133386914178644,-0.0004255887820925454,0.005062003803752875,-0.0061919401991116585,0.0012133386914178644,0.004377420462473838,3.9084163017423535e-05,0.05718990111084871,0.29621334507546954
global_compatible,103,8,0,0,certified_reset,0,1,0.06804900385290771,0.06405512933452118,0.003993874518386541,0.051920368739025044,0.0,0.0,0,0,-0.0004255887820925454,0.005062003803752875,-0.0007745920088677537,-0.005337723437428552,-0.0004255887820925454,0.005062003803752875,-0.007031584187161837,6.0295040676291685e-06,0.05718990111084871,0.29621334507546954
global_compatible,103,9,0,0,certified_reset,0,1,0.06405512933452118,0.060061254816134634,0.003993874518386541,0.0479264942206385,0.0,0.0,0,0,-0.0007745920088677537,-0.005337723437428552,-0.0020998899771505044,-0.019030058604562212,-0.0007745920088677537,-0.005337723437428552,0.008632464490133357,7.5914113285424495e-06,0.05718990111084871,0.29621334507546954
global_compatible,103,10,0,0,certified_reset,0,1,0.060061254816134634,0.05606738029774809,0.003993874518386541,0.04393261970225196,0.0,0.0,0,0,-0.0020998899771505044,-0.019030058604562212,-0.007650307907724151,0.009194828241030245,-0.0020998899771505044,-0.019030058604562212,0.030122949018682028,9.228010284444306e-05,0.05718990111084871,0.29621334507546954
global_compatible,103,11,0,0,certified_reset,0,1,0.05606738029774809,0.05207350577936155,0.003993874518386541,0.039938745183865414,0.0,0.0,0,0,-0.007650307907724151,0.009194828241030245,-0.0098382661446103,0.013321907467836335,-0.007650307907724151,0.009194828241030245,-0.005927097209758141,7.462354906510327e-05,0.05718990111084871,0.29621334507546954
global_compatible,103,12,0,0,certified_reset,0,1,0.05207350577936155,0.048079631260975,0.003993874518386541,0.03594487066547887,0.0,0.0,0,0,-0.0098382661446103,0.013321907467836335,-0.003704140350317439,0.012050712348129251,-0.0098382661446103,0.013321907467836335,-0.00982890868636489,0.00013115184622599453,0.05718990111084871,0.29621334507546954
global_compatible,103,13,0,0,certified_reset,0,1,0.048079631260975,0.04408575674258846,0.003993874518386541,0.03195099614709233,0.0,0.0,0,0,-0.003704140350317439,0.012050712348129251,-0.0023583848160828947,-0.007530468470665922,-0.003704140350317439,0.012050712348129251,-0.014061424501927038,4.480328746795852e-05,0.05718990111084871,0.29621334507546954
global_compatible,103,14,0,0,certified_reset,0,1,0.04408575674258846,0.040091882224201916,0.003993874518386541,0.027957121628705783,0.0,0.0,0,0,-0.0023583848160828947,-0.007530468470665922,-0.0035724264898855792,0.010501128900702698,-0.0023583848160828947,-0.007530468470665922,0.013441479927507605,2.0286245476554935e-05,0.05718990111084871,0.29621334507546954
global_compatible,103,15,0,0,certified_reset,0,1,0.040091882224201916,0.03609800770581537,0.003993874518386541,0.023963247110319243,0.0,0.0,0,0,-0.0035724264898855792,0.010501128900702698,-0.00032542787406600153,-0.005030062680569564,-0.0035724264898855792,0.010501128900702698,-0.011911817039482417,3.615878312924001e-05,0.05718990111084871,0.29621334507546954
global_compatible,103,16,0,0,certified_reset,0,1,0.03609800770581537,0.03210413318742883,0.003993874518386541,0.019969372591932703,0.0,0.0,0,0,-0.00032542787406600153,-0.005030062680569564,-0.0030640176872015123,-0.007278288391765591,-0.00032542787406600153,-0.005030062680569564,0.0077317662803767645,6.154684049260956e-06,0.05718990111084871,0.29621334507546954
global_compatible,103,17,0,0,certified_reset,0,1,0.03210413318742883,0.02811025866904229,0.003993874518386541,0.015975498073546163,0.0,0.0,0,0,-0.0030640176872015123,-0.007278288391765591,0.002560776196370674,0.012222323984729458,-0.0030640176872015123,-0.007278288391765591,0.013770110325258286,2.3663829591196083e-05,0.05718990111084871,0.29621334507546954
global_compatible,103,18,0,0,certified_reset,0,1,0.02811025866904229,0.02411638415065575,0.003993874518386541,0.011981623555159623,0.0,0.0,0,0,0.002560776196370674,0.012222323984729458,0.004911735254355671,-0.005858508461554049,0.002560776196370674,0.012222323984729458,-0.020556283761100042,4.4010931425355024e-05,0.05718990111084871,0.29621334507546954
global_compatible,103,19,0,0,certified_reset,0,1,0.02411638415065575,0.02012250963226921,0.003993874518386541,0.007987749036773082,0.0,0.0,0,0,0.004911735254355671,-0.005858508461554049,-0.013051047331265395,0.0021736158268262367,0.004911735254355671,-0.005858508461554049,0.003739313472517255,3.065268669096216e-05,0.05718990111084871,0.29621334507546954
global_compatible,103,20,0,0,certified_reset,0,1,0.02012250963226921,0.01612863511388267,0.003993874518386541,0.003993874518386541,0.0,0.0,0,0,-0.013051047331265395,0.0021736158268262367,-0.017086383317862466,0.025015829501803526,-0.013051047331265395,0.0021736158268262367,0.009794128749570797,0.0001735783894292821,0.05718990111084871,0.29621334507546954
global_compatible,103,21,0,0,certified_reset,0,1,0.01612863511388267,0.01213476059549613,0.003993874518386541,0.0,0.0,0.0,0,0,-0.017086383317862466,0.025015829501803526,-0.00871269905916107,0.0023693117933654847,-0.017086383317862466,0.025015829501803526,-0.01983672528170779,0.00041442439725187206,0.05718990111084871,0.29621334507546954
global_compatible,104,0,0,0,certified_reset,0,1,0.1,0.09600612548161347,0.003993874518386541,0.08387136488611735,0.0,0.0,0,0,-3.4815793550355996,0.4768726857692115,-2.2282307108128414,2.0351653822349958,-3.4815793550355996,0.4768726857692115,1.55,12.222390665927996,0.05718990111084871,0.29621334507546954
global_compatible,104,1,1,1,certified_reset,0,1,0.09600612548161347,0.09201225096322693,0.003993874518386541,0.07987749036773081,0.0,0.0,0,0,-2.2282307108128414,2.0351653822349958,-0.5739058032269239,1.226838185224255,-2.2282307108128414,2.0351653822349958,-0.7792007902324525,5.725732611345561,0.05718990111084871,0.29621334507546954
global_compatible,104,2,0,0,certified_reset,0,1,0.09201225096322693,0.0880183764448404,0.003993874518386541,0.07588361584934428,0.0,0.0,0,0,-0.5739058032269239,1.226838185224255,0.03793857206486884,-0.001308120299998711,-0.5739058032269239,1.226838185224255,-1.2357725204640795,0.638469961926276,0.05718990111084871,0.29621334507546954
global_compatible,104,3,0,0,certified_reset,0,1,0.0880183764448404,0.08402450192645386,0.003993874518386541,0.07188974133095774,0.0,0.0,0,0,0.03793857206486884,-0.001308120299998711,0.026932320870477873,-0.030657039428293828,0.03793857206486884,-0.001308120299998711,-0.035850725520746,0.0014717751254998118,0.05718990111084871,0.29621334507546954
global_compatible,104,4,0,0,certified_reset,0,1,0.08402450192645386,0.08003062740806732,0.003993874518386541,0.0678958668125712,0.0,0.0,0,0,0.026932320870477873,-0.030657039428293828,0.0015999907674481618,-0.01226679337743145,0.026932320870477873,-0.030657039428293828,0.01834547647649162,0.000902937552120549,0.05718990111084871,0.29621334507546954
global_compatible,104,5,0,0,certified_reset,0,1,0.08003062740806732,0.07603675288968079,0.003993874518386541,0.06390199229418467,0.0,0.0,0,0,0.0015999907674481618,-0.01226679337743145,-0.008446838766550011,-0.0055854714114536175,0.0015999907674481618,-0.01226679337743145,0.016477447442430907,3.643298686899847e-05,0.05718990111084871,0.29621334507546954
global_compatible,104,6,0,0,certified_reset,0,1,0.07603675288968079,0.07204287837129425,0.003993874518386541,0.05990811777579813,0.0,0.0,0,0,-0.008446838766550011,-0.0055854714114536175,-0.010973907680974438,-0.005195082073691704,-0.008446838766550011,-0.0055854714114536175,0.01663804566515188,8.388524759685391e-05,0.05718990111084871,0.29621334507546954
global_compatible,104,7,0,0,certified_reset,0,1,0.07204287837129425,0.06804900385290771,0.003993874518386541,0.05591424325741159,0.0,0.0,0,0,-0.010973907680974438,-0.005195082073691704,-0.004013233019642193,0.024154826060932486,-0.010973907680974438,-0.005195082073691704,0.01857845513301241,0.00013391362266421437,0.05718990111084871,0.29621334507546954
global_compatible,104,8,1,1,certified_reset,0,1,0.06804900385290771,0.06405512933452118,0.003993874518386541,0.051920368739025044,0.0,0.0,0,0,-0.004013233019642193,0.024154826060932486,0.007516752405876138,0.025959487471735952,-0.004013233019642193,0.024154826060932486,-0.031585248663604466,0.00014606874956459216,0.05718990111084871,0.29621334507546954
global_compatible,104,9,1,1,certified_reset,0,1,0.06405512933452118,0.060061254816134634,0.003993874518386541,0.0479264942206385,0.0,0.0,0,0,0.007516752405876138,0.025959487471735952,0.018365088038680897,-0.014872097254503384,0.007516752405876138,0.025959487471735952,-0.04572338730041024,0.00023006836854996647,0.05718990111084871,0.29621334507546954
global_compatible,104,10,1,1,certified_reset,0,1,0.060061254816134634,0.05606738029774809,0.003993874518386541,0.04393261970225196,0.0,0.0,0,0,0.018365088038680897,-0.014872097254503384,0.007880971476680126,-0.01987270789414512,0.018365088038680897,-0.014872097254503384,0.0036198600962676054,0.0003774163131609472,0.05718990111084871,0.29621334507546954
global_compatible,104,11,1,1,certified_reset,0,1,0.05606738029774809,0.05207350577936155,0.003993874518386541,0.039938745183865414,0.0,0.0,0,0,0.007880971476680126,-0.01987270789414512,-0.00019389920193164977,-0.01393045438689366,0.007880971476680126,-0.01987270789414512,0.021425601285472957,0.00014467253460563042,0.05718990111084871,0.29621334507546954
global_compatible,104,12,0,0,certified_reset,0,1,0.05207350577936155,0.048079631260975,0.003993874518386541,0.03594487066547887,0.0,0.0,0,0,-0.00019389920193164977,-0.01393045438689366,-0.011882556751439849,0.007296501822842881,-0.00019389920193164977,-0.01393045438689366,0.02071519103033334,4.5695936082648267e-05,0.05718990111084871,0.29621334507546954
global_compatible,104,13,0,0,certified_reset,0,1,0.048079631260975,0.04408575674258846,0.003993874518386541,0.03195099614709233,0.0,0.0,0,0,-0.011882556751439849,0.007296501822842881,-0.008852431683025888,0.010109106543600381,-0.011882556751439849,0.007296501822842881,0.0010855998830032157,0.00015080762712197304,0.05718990111084871,0.29621334507546954
global_compatible,104,14,0,0,certified_reset,0,1,0.04408575674258846,0.040091882224201916,0.003993874518386541,0.027957121628705783,0.0,0.0,0,0,-0.008852431683025888,0.010109106543600381,-0.013257367878350607,0.007262195933691989,-0.008852431683025888,0.010109106543600381,-0.006075822603925776,9.768336353027548e-05,0.05718990111084871,0.29621334507546954
global_compatible,104,15,0,0,certified_reset,0,1,0.040091882224201916,0.03609800770581537,0.003993874518386541,0.023963247110319243,0.0,0.0,0,0,-0.013257367878350607,0.007262195933691989,-0.01990443460582699,-0.0017998680022709504,-0.013257367878350607,0.007262195933691989,0.002501805335768873,0.00018540738697065434,0.05718990111084871,0.29621334507546954
global_compatible,104,16,0,0,certified_reset,0,1,0.03609800770581537,0.03210413318742883,0.003993874518386541,0.019969372591932703,0.0,0.0,0,0,-0.01990443460582699,-0.0017998680022709504,0.0010289930301223878,0.01817153234198652,-0.01990443460582699,-0.0017998680022709504,0.022471966341219975,0.00040939436322727393,0.05718990111084871,0.29621334507546954
global_compatible,104,17,0,0,certified_reset,0,1,0.03210413318742883,0.02811025866904229,0.003993874518386541,0.015975498073546163,0.0,0.0,0,0,0.0010289930301223878,0.01817153234198652,0.011837322480113367,-0.009946181443564182,0.0010289930301223878,0.01817153234198652,-0.027794182272633115,7.980856663920445e-05,0.05718990111084871,0.29621334507546954
global_compatible,104,18,0,0,certified_reset,0,1,0.02811025866904229,0.02411638415065575,0.003993874518386541,0.011981623555159623,0.0,0.0,0,0,0.011837322480113367,-0.009946181443564182,0.0005683655650011925,-0.018202000606752408,0.011837322480113367,-0.009946181443564182,0.0028617206278003194,0.00015813371417748077,0.05718990111084871,0.29621334507546954
global_compatible,104,19,0,0,certified_reset,0,1,0.02411638415065575,0.02012250963226921,0.003993874518386541,0.007987749036773082,0.0,0.0,0,0,0.0005683655650011925,-0.018202000606752408,-0.007248390684280702,0.0099789525646875,0.0005683655650011925,-0.018202000606752408,0.026249699568257658,7.718551629695248e-05,0.05718990111084871,0.29621334507546954
global_compatible,104,20,0,0,certified_reset,0,1,0.02012250963226921,0.01612863511388267,0.003993874518386541,0.003993874518386541,0.0,0.0,0,0,-0.007248390684280702,0.0099789525646875,0.0021182255370698717,0.010645791640331494,-0.007248390684280702,0.0099789525646875,-0.0074788110113099176,7.18617918374305e-05,0.05718990111084871,0.29621334507546954
global_compatible,104,21,0,0,certified_reset,0,1,0.01612863511388267,0.01213476059549613,0.003993874518386541,0.0,0.0,0.0,0,0,0.0021182255370698717,0.010645791640331494,0.003621847769186076,0.008419462333699812,0.0021182255370698717,0.010645791640331494,-0.017791390341991783,3.280013702030626e-05,0.05718990111084871,0.29621334507546954
global_compatible,105,0,0,0,certified_reset,0,1,0.1,0.09600612548161347,0.003993874518386541,0.08387136488611735,0.0,0.0,0,0,2.4189943127529823,0.5446878555121414,2.186798050697281,-1.0089125463065651,2.4189943127529823,0.5446878555121414,-1.5499999999999936,5.964999259920908,0.05718990111084871,0.29621334507546954
global_compatible,105,1,0,0,certified_reset,0,1,0.09600612548161347,0.09201225096322693,0.003993874518386541,0.07987749036773081,0.0,0.0,0,0,2.186798050697281,-1.0089125463065651,0.9027178436396387,-1.5643815016185383,2.186798050697281,-1.0089125463065651,-0.5507457640008405,4.972891551644613,0.05718990111084871,0.29621334507546954
global_compatible,105,2,0,0,certified_reset,0,1,0.09201225096322693,0.0880183764448404,0.003993874518386541,0.07588361584934428,0.0,0.0,0,0,0.9027178436396387,-1.5643815016185383,0.03340658361368087,-0.15899147168181432,0.9027178436396387,-1.5643815016185383,1.4055899548854647,1.3048036901264013,0.05718990111084871,0.29621334507546954
global_compatible,105,3,0,0,certified_reset,0,1,0.0880183764448404,0.08402450192645386,0.003993874518386541,0.07188974133095774,0.0,0.0,0,0,0.03340658361368087,-0.15899147168181432,-0.024490952192273034,0.06278540816641891,0.03340658361368087,-0.15899147168181432,0.20094276412858872,0.006675541542287642,0.05718990111084871,0.29621334507546954
global_compatible,105,4,0,0,certified_reset,0,1,0.08402450192645386,0.08003062740806732,0.003993874518386541,0.0678958668125712,0.0,0.0,0,0,-0.024490952192273034,0.06278540816641891,0.002931260930090722,0.00268794108225048,-0.024490952192273034,0.06278540816641891,-0.06810206919013827,0.0014253153811359506,0.05718990111084871,0.29621334507546954
global_compatible,105,5,0,0,certified_reset,0,1,0.08003062740806732,0.07603675288968079,0.003993874518386541,0.06390199229418467,0.0,0.0,0,0,0.002931260930090722,0.00268794108225048,-0.009400572378120272,-0.015143402220496413,0.002931260930090722,0.00268794108225048,-0.0068826402236204795,1.1077063958568267e-05,0.05718990111084871,0.29621334507546954
global_compatible,105,6,0,0,certified_reset,0,1,0.07603675288968079,0.07204287837129425,0.003993874518386541,0.05990811777579813,0.0,0.0,0,0,-0.009400572378120272,-0.015143402220496413,-0.012905336782329701,0.029077589983902453,-0.009400572378120272,-0.015143402220496413,0.03166940140586397,0.00015472260921753372,0.05718990111084871,0.29621334507546954
global_compatible,105,7,0,0,certified_reset,0,1,0.07204287837129425,0.06804900385290771,0.003993874518386541,0.05591424325741159,0.0,0.0,0,0,-0.012905336782329701,0.029077589983902453,-0.005983137151249151,0.007287216773727491,-0.012905336782329701,0.029077589983902453,-0.02998128681207578,0.0003412107795070006,0.05718990111084871,0.29621334507546954
global_compatible,105,8,0,0,certified_reset,0,1,0.06804900385290771,0.06405512933452118,0.003993874518386541,0.051920368739025044,0.0,0.0,0,0,-0.005983137151249151,0.007287216773727491,-0.0033693780235141426,0.0012201743515161752,-0.005983137151249151,0.007287216773727491,-0.004776704777595084,4.5926987979278447e-05,0.05718990111084871,0.29621334507546954
global_compatible,105,9,0,0,certified_reset,0,1,0.06405512933452118,0.060061254816134634,0.003993874518386541,0.0479264942206385,0.0,0.0,0,0,-0.0033693780235141426,0.0012201743515161752,-0.007612750366673033,0.002457141121114212,-0.0033693780235141426,0.0012201743515161752,0.0015541620798478347,1.1681082340258618e-05,0.05718990111084871,0.29621334507546954
global_compatible,105,10,0,0,certified_reset,0,1,0.060061254816134634,0.05606738029774809,0.003993874518386541,0.04393261970225196,0.0,0.0,0,0,-0.007612750366673033,0.002457141121114212,-0.0038212453488536994,0.011164774498397017,-0.007612750366673033,0.002457141121114212,0.0039603491229642145,5.943283492270715e-05,0.05718990111084871,0.29621334507546954
global_compatible,105,11,0,0,certified_reset,0,1,0.05606738029774809,0.05207350577936155,0.003993874518386541,0.039938745183865414,0.0,0.0,0,0,-0.0038212453488536994,0.011164774498397017,0.0025084827291251576,-0.00011340723422084763,-0.0038212453488536994,0.011164774498397017,-0.012639598943709507,4.1033296680591733e-05,0.05718990111084871,0.29621334507546954
global_compatible,105,12,0,0,certified_reset,0,1,0.05207350577936155,0.048079631260975,0.003993874518386541,0.03594487066547887,0.0,0.0,0,0,0.0025084827291251576,-0.00011340723422084763,0.007863640905039361,0.0014100506424373953,0.0025084827291251576,-0.00011340723422084763,-0.002333698919558153,6.4309543846371226e-06,0.05718990111084871,0.29621334507546954
global_compatible,105,13,0,0,certified_reset,0,1,0.048079631260975,0.04408575674258846,0.003993874518386541,0.03195099614709233,0.0,0.0,0,0,0.007863640905039361,0.0014100506424373953,0.002861369452485137,-0.005135227638348939,0.007863640905039361,0.0014100506424373953,-0.009905690501669041,6.464779959784253e-05,0.05718990111084871,0.29621334507546954
global_compatible,105,14,0,0,certified_reset,0,1,0.04408575674258846,0.040091882224201916,0.003993874518386541,0.027957121628705783,0.0,0.0,0,0,0.002861369452485137,-0.005135227638348939,-0.0015424521073609792,-0.009758106005559285,0.002861369452485137,-0.005135227638348939,0.00471375253228444,1.3489623038584848e-05,0.05718990111084871,0.29621334507546954
global_compatible,105,15,0,0,certified_reset,0,1,0.040091882224201916,0.03609800770581537,0.003993874518386541,0.023963247110319243,0.0,0.0,0,0,-0.0015424521073609792,-0.009758106005559285,-0.00465414738094209,0.01642662549075473,-0.0015424521073609792,-0.009758106005559285,0.015909029551099498,2.5846302941778044e-05,0.05718990111084871,0.29621334507546954
global_compatible,105,16,0,0,certified_reset,0,1,0.03609800770581537,0.03210413318742883,0.003993874518386541,0.019969372591932703,0.0,0.0,0,0,-0.00465414738094209,0.01642662549075473,-0.005421853373558065,-0.0010437133756553037,-0.00465414738094209,0.01642662549075473,-0.01956108240750995,7.979711096979735e-05,0.05718990111084871,0.29621334507546954
global_compatible,105,17,0,0,certified_reset,0,1,0.03210413318742883,0.02811025866904229,0.003993874518386541,0.015975498073546163,0.0,0.0,0,0,-0.005421853373558065,-0.0010437133756553037,-0.013220680700260574,0.0018921525138567647,-0.005421853373558065,-0.0010437133756553037,0.006936377677383763,3.0795408156339583e-05,0.05718990111084871,0.29621334507546954
global_compatible,105,18,0,0,certified_reset,0,1,0.02811025866904229,0.02411638415065575,0.003993874518386541,0.011981623555159623,0.0,0.0,0,0,-0.013220680700260574,0.0018921525138567647,-0.009061509212577847,0.008047614040221033,-0.013220680700260574,0.0018921525138567647,0.010374076236904478,0.00017812137802689505,0.05718990111084871,0.29621334507546954
global_compatible,105,19,0,0,certified_reset,0,1,0.02411638415065575,0.02012250963226921,0.003993874518386541,0.007987749036773082,0.0,0.0,0,0,-0.009061509212577847,0.008047614040221033,-0.006216098118392311,0.016916289175859044,-0.009061509212577847,0.008047614040221033,-0.002830249765704922,9.396874356630528e-05,0.05718990111084871,0.29621334507546954
global_compatible,105,20,0,0,certified_reset,0,1,0.02012250963226921,0.01612863511388267,0.003993874518386541,0.003993874518386541,0.0,0.0,0,0,-0.006216098118392311,0.016916289175859044,-0.004324486544818098,-0.0028335394789176594,-0.006216098118392311,0.016916289175859044,-0.018727914187413406,9.89171961693899e-05,0.05718990111084871,0.29621334507546954
global_compatible,105,21,0,0,certified_reset,0,1,0.01612863511388267,0.01213476059549613,0.003993874518386541,0.0,0.0,0.0,0,0,-0.004324486544818098,-0.0028335394789176594,0.0003356617657965799,0.0044070093005353726,-0.004324486544818098,-0.0028335394789176594,0.00848129148860062,2.19447017853233e-05,0.05718990111084871,0.29621334507546954
global_compatible,106,0,0,0,certified_reset,0,1,0.1,0.09600612548161347,0.003993874518386541,0.08387136488611735,0.0,0.0,0,0,1.5816202736011302,0.5755441162115987,1.3741925086394466,-0.9805362928534319,1.5816202736011302,0.5755441162115987,-1.5499999999999994,2.621210375213156,0.05718990111084871,0.29621334507546954
global_compatible,106,1,0,0,certified_reset,0,1,0.09600612548161347,0.09201225096322693,0.003993874518386541,0.07987749036773081,0.0,0.0,0,0,1.3741925086394466,-0.9805362928534319,0.4215305817997078,-0.913480123365587,1.3741925086394466,-0.9805362928534319,0.07605400918060405,2.0616109119970822,0.05718990111084871,0.29621334507546954
global_compatible,106,2,0,0,certified_reset,0,1,0.09201225096322693,0.0880183764448404,0.003993874518386541,0.07588361584934428,0.0,0.0,0,0,0.4215305817997078,-0.913480123365587,-0.018039635001822478,0.011744369529402901,0.4215305817997078,-0.913480123365587,0.925897103756416,0.34932043600213464,0.05718990111084871,0.29621334507546954
global_compatible,106,3,0,0,certified_reset,0,1,0.0880183764448404,0.08402450192645386,0.003993874518386541,0.07188974133095774,0.0,0.0,0,0,-0.018039635001822478,0.011744369529402901,-0.00967257215348408,0.024691471180920663,-0.018039635001822478,0.011744369529402901,0.000663511768666431,0.0003502668760114278,0.05718990111084871,0.29621334507546954
global_compatible,106,4,0,0,certified_reset,0,1,0.08402450192645386,0.08003062740806732,0.003993874518386541,0.0678958668125712,0.0,0.0,0,0,-0.00967257215348408,0.024691471180920663,-0.0006492319531334217,0.006271999466131058,-0.00967257215348408,0.024691471180920663,-0.026743843485974687,0.00022117985600849586,0.05718990111084871,0.29621334507546954
global_compatible,106,5,0,0,certified_reset,0,1,0.08003062740806732,0.07603675288968079,0.003993874518386541,0.06390199229418467,0.0,0.0,0,0,-0.0006492319531334217,0.006271999466131058,0.0015770933619349524,-0.005554386354088317,-0.0006492319531334217,0.006271999466131058,-0.008594062758247197,9.348785910853412e-06,0.05718990111084871,0.29621334507546954
global_compatible,106,6,0,0,certified_reset,0,1,0.07603675288968079,0.07204287837129425,0.003993874518386541,0.05990811777579813,0.0,0.0,0,0,0.0015770933619349524,-0.005554386354088317,-0.001953314601589206,-0.003557480131400107,0.0015770933619349524,-0.005554386354088317,0.006607666120248401,9.131972159863107e-06,0.05718990111084871,0.29621334507546954
global_compatible,106,7,0,0,certified_reset,0,1,0.07204287837129425,0.06804900385290771,0.003993874518386541,0.05591424325741159,0.0,0.0,0,0,-0.001953314601589206,-0.003557480131400107,-0.005984566784099039,0.005964842309504727,-0.001953314601589206,-0.003557480131400107,0.007183208955601144,7.383419884632485e-06,0.05718990111084871,0.29621334507546954
global_compatible,106,8,0,0,certified_reset,0,1,0.06804900385290771,0.06405512933452118,0.003993874518386541,0.051920368739025044,0.0,0.0,0,0,-0.005984566784099039,0.005964842309504727,-0.003114185755399801,-0.005021443384825457,-0.005984566784099039,0.005964842309504727,-0.0028248027299375422,4.241880923482447e-05,0.05718990111084871,0.29621334507546954
global_compatible,106,9,0,0,certified_reset,0,1,0.06405512933452118,0.060061254816134634,0.003993874518386541,0.0479264942206385,0.0,0.0,0,0,-0.003114185755399801,-0.005021443384825457,-0.0030937878317146734,0.008789960474905515,-0.003114185755399801,-0.005021443384825457,0.010497182756696338,1.6991604924883426e-05,0.05718990111084871,0.29621334507546954
global_compatible,106,10,0,0,certified_reset,0,1,0.060061254816134634,0.05606738029774809,0.003993874518386541,0.04393261970225196,0.0,0.0,0,0,-0.0030937878317146734,0.008789960474905515,0.0012535772384151798,0.00014237069560414412,-0.0030937878317146734,0.008789960474905515,-0.00986732096340589,2.591303664960973e-05,0.05718990111084871,0.29621334507546954
global_compatible,106,11,0,0,certified_reset,0,1,0.05606738029774809,0.05207350577936155,0.003993874518386541,0.039938745183865414,0.0,0.0,0,0,0.0012535772384151798,0.00014237069560414412,-0.001171717736333813,0.0031468275975332707,0.0012535772384151798,0.00014237069560414412,-0.0014620853330229013,1.6285467253926713e-06,0.05718990111084871,0.29621334507546954
global_compatible,106,12,0,0,certified_reset,0,1,0.05207350577936155,0.048079631260975,0.003993874518386541,0.03594487066547887,0.0,0.0,0,0,-0.001171717736333813,0.0031468275975332707,0.0021150186375364804,-0.009165138524533602,-0.001171717736333813,0.0031468275975332707,-0.0034693615536348695,3.456288500532692e-06,0.05718990111084871,0.29621334507546954
global_compatible,106,13,0,0,certified_reset,0,1,0.048079631260975,0.04408575674258846,0.003993874518386541,0.03195099614709233,0.0,0.0,0,0,0.0021150186375364804,-0.009165138524533602,-0.004725057509508696,0.008832378169425184,0.0021150186375364804,-0.009165138524533602,0.011390452912285767,2.2836821827101847e-05,0.05718990111084871,0.29621334507546954
global_compatible,106,14,0,0,certified_reset,0,1,0.04408575674258846,0.040091882224201916,0.003993874518386541,0.027957121628705783,0.0,0.0,0,0,-0.004725057509508696,0.008832378169425184,-0.007992498526616654,-0.0030451217186759413,-0.004725057509508696,0.008832378169425184,-0.00830434724183769,3.809218578898289e-05,0.05718990111084871,0.29621334507546954
global_compatible,106,15,0,0,certified_reset,0,1,0.040091882224201916,0.03609800770581537,0.003993874518386541,0.023963247110319243,0.0,0.0,0,0,-0.007992498526616654,-0.0030451217186759413,-0.006212796546777113,-0.002472259471849909,-0.007992498526616654,-0.0030451217186759413,0.01244298589808223,6.941982808014554e-05,0.05718990111084871,0.29621334507546954
global_compatible,106,16,0,0,certified_reset,0,1,0.03609800770581537,0.03210413318742883,0.003993874518386541,0.019969372591932703,0.0,0.0,0,0,-0.006212796546777113,-0.002472259471849909,-0.008048199531752035,0.003412757565535794,-0.006212796546777113,-0.002472259471849909,0.009830037966376432,4.2114754133462956e-05,0.05718990111084871,0.29621334507546954
global_compatible,106,17,0,0,certified_reset,0,1,0.03210413318742883,0.02811025866904229,0.003993874518386541,0.015975498073546163,0.0,0.0,0,0,-0.008048199531752035,0.003412757565535794,-0.008885217115620058,0.007254675649008148,-0.008048199531752035,0.003412757565535794,0.0029896060861770843,6.709340387285828e-05,0.05718990111084871,0.29621334507546954
global_compatible,106,18,0,0,certified_reset,0,1,0.02811025866904229,0.02411638415065575,0.003993874518386541,0.011981623555159623,0.0,0.0,0,0,-0.008885217115620058,0.007254675649008148,0.0018853142972173652,0.013357743977193574,-0.008885217115620058,0.007254675649008148,-0.0018367977788518335,8.850488622273362e-05,0.05718990111084871,0.29621334507546954
global_compatible,106,19,1,1,certified_reset,0,1,0.02411638415065575,0.02012250963226921,0.003993874518386541,0.007987749036773082,0.0,0.0,0,0,0.0018853142972173652,0.013357743977193574,0.013630346421221535,-0.003739280881712038,0.0018853142972173652,0.013357743977193574,-0.021555480133068128,4.7287656442314795e-05,0.05718990111084871,0.29621334507546954
global_compatible,106,20,1,1,certified_reset,0,1,0.02012250963226921,0.01612863511388267,0.003993874518386541,0.003993874518386541,0.0,0.0,0,0,0.013630346421221535,-0.003739280881712038,0.0018338580996494647,-0.004076388813716735,0.013630346421221535,-0.003739280881712038,-0.008065948965556914,0.0001899296317526016,0.05718990111084871,0.29621334507546954
global_compatible,106,21,1,1,certified_reset,0,1,0.01612863511388267,0.01213476059549613,0.003993874518386541,0.0,0.0,0.0,0,0,0.0018338580996494647,-0.004076388813716735,0.02250793667422489,-0.002947361550303347,0.0018338580996494647,-0.004076388813716735,0.004178693114294827,6.790622670143409e-06,0.05718990111084871,0.29621334507546954
global_compatible,107,0,0,0,certified_reset,0,1,0.1,0.09600612548161347,0.003993874518386541,0.08387136488611735,0.0,0.0,0,0,-1.5670096018412956,-0.12051901198745041,-0.9067721794617298,1.4190907097375176,-1.5670096018412956,-0.12051901198745041,1.55,2.518196062067893,0.05718990111084871,0.29621334507546954
global_compatible,107,1,0,0,certified_reset,0,1,0.09600612548161347,0.09201225096322693,0.003993874518386541,0.07987749036773081,0.0,0.0,0,0,-0.9067721794617298,1.4190907097375176,-0.0881738970739387,0.23666892541583548,-0.9067721794617298,1.4190907097375176,-1.1875222497917766,1.2199783324329383,0.05718990111084871,0.29621334507546954
global_compatible,107,2,0,0,certified_reset,0,1,0.09201225096322693,0.0880183764448404,0.003993874518386541,0.07588361584934428,0.0,0.0,0,0,-0.0881738970739387,0.23666892541583548,0.014451126664625861,-0.026260080246156288,-0.0881738970739387,0.23666892541583548,-0.2608345426120241,0.019557695037043667,0.05718990111084871,0.29621334507546954
global_compatible,107,3,0,0,certified_reset,0,1,0.0880183764448404,0.08402450192645386,0.003993874518386541,0.07188974133095774,0.0,0.0,0,0,0.014451126664625861,-0.026260080246156288,0.00010296162317128445,0.007873087178390746,0.014451126664625861,-0.026260080246156288,0.024294856524987314,0.0003477175898325257,0.05718990111084871,0.29621334507546954
global_compatible,107,4,0,0,certified_reset,0,1,0.08402450192645386,0.08003062740806732,0.003993874518386541,0.0678958668125712,0.0,0.0,0,0,0.00010296162317128445,0.007873087178390746,0.008336425466669219,-0.008048496180816043,0.00010296162317128445,0.007873087178390746,-0.011698835171053702,1.4589560014170477e-05,0.05718990111084871,0.29621334507546954
global_compatible,107,5,1,1,certified_reset,0,1,0.08003062740806732,0.07603675288968079,0.003993874518386541,0.06390199229418467,0.0,0.0,0,0,0.008336425466669219,-0.008048496180816043,-0.012646805495713667,-0.009018298169196203,0.008336425466669219,-0.008048496180816043,0.003557434124625267,8.147246533917718e-05,0.05718990111084871,0.29621334507546954
global_compatible,107,6,1,1,certified_reset,0,1,0.07603675288968079,0.07204287837129425,0.003993874518386541,0.05990811777579813,0.0,0.0,0,0,-0.012646805495713667,-0.009018298169196203,0.023128361771382683,0.045315345722557715,-0.012646805495713667,-0.009018298169196203,0.02588073839847823,0.00019132635108401,0.05718990111084871,0.29621334507546954
global_compatible,107,7,1,1,certified_reset,0,1,0.07204287837129425,0.06804900385290771,0.003993874518386541,0.05591424325741159,0.0,0.0,0,0,0.023128361771382683,0.045315345722557715,-0.012648342922159703,-0.07133862635908615,0.023128361771382683,0.045315345722557715,-0.08978588564312828,0.001106085250177866,0.05718990111084871,0.29621334507546954
global_compatible,107,8,0,0,certified_reset,0,1,0.06804900385290771,0.06405512933452118,0.003993874518386541,0.051920368739025044,0.0,0.0,0,0,-0.012648342922159703,-0.07133862635908615,-0.02577320607676061,0.05864376273535845,-0.012648342922159703,-0.07133862635908615,0.11768637909145252,0.0014222886042122083,0.05718990111084871,0.29621334507546954
global_compatible,107,9,0,0,certified_reset,0,1,0.06405512933452118,0.060061254816134634,0.003993874518386541,0.0479264942206385,0.0,0.0,0,0,-0.02577320607676061,0.05864376273535845,0.00834340320038389,0.002453364996056892,-0.02577320607676061,0.05864376273535845,-0.0607245832650366,0.0013754813901899622,0.05718990111084871,0.29621334507546954
global_compatible,107,10,0,0,certified_reset,0,1,0.060061254816134634,0.05606738029774809,0.003993874518386541,0.04393261970225196,0.0,0.0,0,0,0.00834340320038389,0.002453364996056892,0.0005551619739297357,-0.006152580110867202,0.00834340320038389,0.002453364996056892,-0.011925063124826442,7.425097519215141e-05,0.05718990111084871,0.29621334507546954
global_compatible,107,11,0,0,certified_reset,0,1,0.05606738029774809,0.05207350577936155,0.003993874518386541,0.039938745183865414,0.0,0.0,0,0,0.0005551619739297357,-0.006152580110867202,-0.007471711072882813,0.004141496110569731,0.0005551619739297357,-0.006152580110867202,0.008510925860748952,8.932864856191654e-06,0.05718990111084871,0.29621334507546954
global_compatible,107,12,0,0,certified_reset,0,1,0.05207350577936155,0.048079631260975,0.003993874518386541,0.03594487066547887,0.0,0.0,0,0,-0.007471711072882813,0.004141496110569731,-0.008035121426553663,0.0008406518006483545,-0.007471711072882813,0.004141496110569731,0.0013395054896982734,5.895868143665849e-05,0.05718990111084871,0.29621334507546954
global_compatible,107,13,0,0,certified_reset,0,1,0.048079631260975,0.04408575674258846,0.003993874518386541,0.03195099614709233,0.0,0.0,0,0,-0.008035121426553663,0.0008406518006483545,0.0007820153862069315,0.007757995908490357,-0.008035121426553663,0.0008406518006483545,0.006761512969345686,6.583333296131552e-05,0.05718990111084871,0.29621334507546954
global_compatible,107,14,0,0,certified_reset,0,1,0.04408575674258846,0.040091882224201916,0.003993874518386541,0.027957121628705783,0.0,0.0,0,0,0.0007820153862069315,0.007757995908490357,0.0013055813536261298,-0.0021633645277490247,0.0007820153862069315,0.007757995908490357,-0.01220478010261687,1.5169034591002754e-05,0.05718990111084871,0.29621334507546954
global_compatible,107,15,0,0,certified_reset,0,1,0.040091882224201916,0.03609800770581537,0.003993874518386541,0.023963247110319243,0.0,0.0,0,0,0.0013055813536261298,-0.0021633645277490247,0.00586807299883456,0.008993755557491516,0.0013055813536261298,-0.0021633645277490247,0.0018859203492686786,2.6358863544169764e-06,0.05718990111084871,0.29621334507546954
global_compatible,107,16,0,0,certified_reset,0,1,0.03609800770581537,0.03210413318742883,0.003993874518386541,0.019969372591932703,0.0,0.0,0,0,0.00586807299883456,0.008993755557491516,0.007058021889181273,0.0051180519909056355,0.00586807299883456,0.008993755557491516,-0.01909099179126227,5.810570493402602e-05,0.05718990111084871,0.29621334507546954
global_compatible,107,17,0,0,certified_reset,0,1,0.03210413318742883,0.02811025866904229,0.003993874518386541,0.015975498073546163,0.0,0.0,0,0,0.007058021889181273,0.0051180519909056355,-0.0021479237329015428,-0.01275484428822108,0.007058021889181273,0.0051180519909056355,-0.014569075626380783,5.9837124216032415e-05,0.05718990111084871,0.29621334507546954
global_compatible,107,18,0,0,certified_reset,0,1,0.02811025866904229,0.02411638415065575,0.003993874518386541,0.011981623555159623,0.0,0.0,0,0,-0.0021479237329015428,-0.01275484428822108,-0.005980505752423028,0.007711274673241752,-0.0021479237329015428,-0.01275484428822108,0.020930655341756404,4.484937419526446e-05,0.05718990111084871,0.29621334507546954
global_compatible,107,19,0,0,certified_reset,0,1,0.02411638415065575,0.02012250963226921,0.003993874518386541,0.007987749036773082,0.0,0.0,0,0,-0.005980505752423028,0.007711274673241752,-0.00931291136970868,0.011799657534354264,-0.005980505752423028,0.007711274673241752,-0.005404923101909922,4.720025517371626e-05,0.05718990111084871,0.29621334507546954
global_compatible,107,20,0,0,certified_reset,0,1,0.02012250963226921,0.01612863511388267,0.003993874518386541,0.003993874518386541,0.0,0.0,0,0,-0.00931291136970868,0.011799657534354264,0.0018502295167288066,-0.013513126207042503,-0.00931291136970868,0.011799657534354264,-0.00811164398992333,0.0001134370326125785,0.05718990111084871,0.29621334507546954
global_compatible,107,21,0,0,certified_reset,0,1,0.01612863511388267,0.01213476059549613,0.003993874518386541,0.0,0.0,0.0,0,0,0.0018502295167288066,-0.013513126207042503,-0.005557372532523298,7.133466029033819e-05,0.0018502295167288066,-0.013513126207042503,0.018063800867244788,4.444969618860395e-05,0.05718990111084871,0.29621334507546954
global_compatible,108,0,0,0,certified_reset,0,1,0.1,0.09600612548161347,0.003993874518386541,0.08387136488611735,0.0,0.0,0,0,2.731125056542602,0.23264721979037262,2.181968297141135,-1.3128605586554993,2.731125056542602,0.23264721979037262,-1.55,7.528849025672546,0.05718990111084871,0.29621334507546954
global_compatible,108,1,0,0,certified_reset,0,1,0.09600612548161347,0.09201225096322693,0.003993874518386541,0.07987749036773081,0.0,0.0,0,0,2.181968297141135,-1.3128605586554993,0.8019544548155012,-1.472103108730662,2.181968297141135,-1.3128605586554993,-0.15337448835607417,5.071822255436128,0.05718990111084871,0.29621334507546954
global_compatible,108,2,0,0,certified_reset,0,1,0.09201225096322693,0.0880183764448404,0.003993874518386541,0.07588361584934428,0.0,0.0,0,0,0.8019544548155012,-1.472103108730662,0.019936291137657578,-0.10785569487473022,0.8019544548155012,-1.472103108730662,1.3699880652788106,1.0801283913657935,0.05718990111084871,0.29621334507546954
global_compatible,108,3,0,0,certified_reset,0,1,0.0880183764448404,0.08402450192645386,0.003993874518386541,0.07188974133095774,0.0,0.0,0,0,0.019936291137657578,-0.10785569487473022,-0.013924954449006897,0.03299422402756768,0.019936291137657578,-0.10785569487473022,0.13902685136203408,0.002974580504360435,0.05718990111084871,0.29621334507546954
global_compatible,108,4,0,0,certified_reset,0,1,0.08402450192645386,0.08003062740806732,0.003993874518386541,0.0678958668125712,0.0,0.0,0,0,-0.013924954449006897,0.03299422402756768,-0.001986972276394855,0.01633141697508455,-0.013924954449006897,0.03299422402756768,-0.034738963854301565,0.0004200256341013171,0.05718990111084871,0.29621334507546954
global_compatible,108,5,0,0,certified_reset,0,1,0.08003062740806732,0.07603675288968079,0.003993874518386541,0.06390199229418467,0.0,0.0,0,0,-0.001986972276394855,0.01633141697508455,0.008448184645746218,-0.007991640381246633,-0.001986972276394855,0.01633141697508455,-0.022078165076656123,6.414292563049807e-05,0.05718990111084871,0.29621334507546954
global_compatible,108,6,0,0,certified_reset,0,1,0.07603675288968079,0.07204287837129425,0.003993874518386541,0.05990811777579813,0.0,0.0,0,0,0.008448184645746218,-0.007991640381246633,0.0034802368798601694,-0.007553756222330863,0.008448184645746218,-0.007991640381246633,0.0033601604651782263,8.315002764438675e-05,0.05718990111084871,0.29621334507546954
global_compatible,108,7,0,0,certified_reset,0,1,0.07204287837129425,0.06804900385290771,0.003993874518386541,0.05591424325741159,0.0,0.0,0,0,0.0034802368798601694,-0.007553756222330863,0.0037555892708399105,0.008389670817337193,0.0034802368798601694,-0.007553756222330863,0.007661143535926368,2.3850038698842904e-05,0.05718990111084871,0.29621334507546954
global_compatible,108,8,0,0,certified_reset,0,1,0.06804900385290771,0.06405512933452118,0.003993874518386541,0.051920368739025044,0.0,0.0,0,0,0.0037555892708399105,0.008389670817337193,0.011025894489913441,-0.0076261321173170344,0.0037555892708399105,0.008389670817337193,-0.016095925028064412,3.325100459016489e-05,0.05718990111084871,0.29621334507546954
global_compatible,108,9,0,0,certified_reset,0,1,0.06405512933452118,0.060061254816134634,0.003993874518386541,0.0479264942206385,0.0,0.0,0,0,0.011025894489913441,-0.0076261321173170344,0.005734201864103828,-0.007421533243059593,0.011025894489913441,-0.0076261321173170344,0.000254599295260969,0.00013204039021547166,0.05718990111084871,0.29621334507546954
global_compatible,108,10,0,0,certified_reset,0,1,0.060061254816134634,0.05606738029774809,0.003993874518386541,0.04393261970225196,0.0,0.0,0,0,0.005734201864103828,-0.007421533243059593,0.004823715003335856,-0.003045827378204243,0.005734201864103828,-0.007421533243059593,0.005221839523881976,4.3477009240632176e-05,0.05718990111084871,0.29621334507546954
global_compatible,108,11,0,0,certified_reset,0,1,0.05606738029774809,0.05207350577936155,0.003993874518386541,0.039938745183865414,0.0,0.0,0,0,0.004823715003335856,-0.003045827378204243,-2.1731684812025106e-05,0.003998649842764864,0.004823715003335856,-0.003045827378204243,-0.00031279725941267105,2.4940544081752174e-05,0.05718990111084871,0.29621334507546954
global_compatible,108,12,0,0,certified_reset,0,1,0.05207350577936155,0.048079631260975,0.003993874518386541,0.03594487066547887,0.0,0.0,0,0,-2.1731684812025106e-05,0.003998649842764864,-0.004322404257183195,0.011200622889399756,-2.1731684812025106e-05,0.003998649842764864,-0.005871574941404697,3.740413175145883e-06,0.05718990111084871,0.29621334507546954
global_compatible,108,13,0,0,certified_reset,0,1,0.048079631260975,0.04408575674258846,0.003993874518386541,0.03195099614709233,0.0,0.0,0,0,-0.004322404257183195,0.011200622889399756,0.0017115284353879667,-0.007228858877715613,-0.004322404257183195,0.011200622889399756,-0.0121953818342064,4.498307357446592e-05,0.05718990111084871,0.29621334507546954
global_compatible,108,14,0,0,certified_reset,0,1,0.04408575674258846,0.040091882224201916,0.003993874518386541,0.027957121628705783,0.0,0.0,0,0,0.0017115284353879667,-0.007228858877715613,0.0074730618699052,0.003908275658342418,0.0017115284353879667,-0.007228858877715613,0.00894274293928821,1.433479798840332e-05,0.05718990111084871,0.29621334507546954
global_compatible,108,15,1,1,certified_reset,0,1,0.040091882224201916,0.03609800770581537,0.003993874518386541,0.023963247110319243,0.0,0.0,0,0,0.0074730618699052,0.003908275658342418,0.008524867769911543,-0.040645401010796216,0.0074730618699052,0.003908275658342418,-0.01319418737505936,6.294824957552193e-05,0.05718990111084871,0.29621334507546954
global_compatible,108,16,1,1,certified_reset,0,1,0.03609800770581537,0.03210413318742883,0.003993874518386541,0.019969372591932703,0.0,0.0,0,0,0.008524867769911543,-0.040645401010796216,-0.006069503580774354,0.00015791028430070693,0.008524867769911543,-0.040645401010796216,0.051383749522733196,0.0004360493655689693,0.05718990111084871,0.29621334507546954
global_compatible,108,17,1,1,certified_reset,0,1,0.03210413318742883,0.02811025866904229,0.003993874518386541,0.015975498073546163,0.0,0.0,0,0,-0.006069503580774354,0.00015791028430070693,-0.004558558935394447,-0.004707593696219524,-0.006069503580774354,0.00015791028430070693,0.005814901517130103,3.768868912680059e-05,0.05718990111084871,0.29621334507546954
global_compatible,108,18,1,1,certified_reset,0,1,0.02811025866904229,0.02411638415065575,0.003993874518386541,0.011981623555159623,0.0,0.0,0,0,-0.004558558935394447,-0.004707593696219524,-0.013511597794102874,-0.015292198561526478,-0.004558558935394447,-0.004707593696219524,0.01147039044859761,2.805876490710998e-05,0.05718990111084871,0.29621334507546954
global_compatible,108,19,1,1,certified_reset,0,1,0.02411638415065575,0.02012250963226921,0.003993874518386541,0.007987749036773082,0.0,0.0,0,0,-0.013511597794102874,-0.015292198561526478,-0.01706306943708443,-0.000842754451930005,-0.013511597794102874,-0.015292198561526478,0.03598313518490454,0.00025702616602511097,0.05718990111084871,0.29621334507546954
global_compatible,108,20,1,1,certified_reset,0,1,0.02012250963226921,0.01612863511388267,0.003993874518386541,0.003993874518386541,0.0,0.0,0,0,-0.01706306943708443,-0.000842754451930005,-0.0026869554906685782,0.0238389534787996,-0.01706306943708443,-0.000842754451930005,0.01823257040974704,0.00029958684652034906,0.05718990111084871,0.29621334507546954
global_compatible,108,21,1,1,certified_reset,0,1,0.01612863511388267,0.01213476059549613,0.003993874518386541,0.0,0.0,0.0,0,0,-0.0026869554906685782,0.0238389534787996,-0.00669605544867311,-0.039977676219904563,-0.0026869554906685782,0.0238389534787996,-0.032445507535735024,0.00013583073032370684,0.05718990111084871,0.29621334507546954
global_compatible,109,0,0,0,certified_reset,0,1,0.1,0.09600612548161347,0.003993874518386541,0.08387136488611735,0.0,0.0,0,0,-1.1183887056883037,0.4729018345581647,-0.4292268191169949,0.8963600524178903,-1.1183887056883037,0.4729018345581647,0.4170206943238059,1.295395459621643,0.05718990111084871,0.29621334507546954
global_compatible,109,1,0,0,certified_reset,0,1,0.09600612548161347,0.09201225096322693,0.003993874518386541,0.07987749036773081,0.0,0.0,0,0,-0.4292268191169949,0.8963600524178903,0.025753399203282408,0.005905572285220472,-0.4292268191169949,0.8963600524178903,-0.8930143648045509,0.3487955704856838,0.05718990111084871,0.29621334507546954
global_compatible,109,2,0,0,certified_reset,0,1,0.09201225096322693,0.0880183764448404,0.003993874518386541,0.07588361584934428,0.0,0.0,0,0,0.025753399203282408,0.005905572285220472,0.015300724542062187,-0.03469904594419087,0.025753399203282408,0.005905572285220472,-0.03434436834157958,0.0006990036025660527,0.05718990111084871,0.29621334507546954
global_compatible,109,3,0,0,certified_reset,0,1,0.0880183764448404,0.08402450192645386,0.003993874518386541,0.07188974133095774,0.0,0.0,0,0,0.015300724542062187,-0.03469904594419087,0.0005298893715020635,0.00651567811278598,0.015300724542062187,-0.03469904594419087,0.03588166641466363,0.0004830238032280665,0.05718990111084871,0.29621334507546954
global_compatible,109,4,0,0,certified_reset,0,1,0.08402450192645386,0.08003062740806732,0.003993874518386541,0.0678958668125712,0.0,0.0,0,0,0.0005298893715020635,0.00651567811278598,0.0042809100345693775,-0.0037599916168329366,0.0005298893715020635,0.00651567811278598,-0.010120814169163972,1.0483285760698495e-05,0.05718990111084871,0.29621334507546954
global_compatible,109,5,0,0,certified_reset,0,1,0.08003062740806732,0.07603675288968079,0.003993874518386541,0.06390199229418467,0.0,0.0,0,0,0.0042809100345693775,-0.0037599916168329366,-0.009424399415278974,0.009790993627008445,0.0042809100345693775,-0.0037599916168329366,0.0012721718965628941,2.091140790999461e-05,0.05718990111084871,0.29621334507546954
global_compatible,109,6,0,0,certified_reset,0,1,0.07603675288968079,0.07204287837129425,0.003993874518386541,0.05990811777579813,0.0,0.0,0,0,-0.009424399415278974,0.009790993627008445,-0.0033177308306509634,-0.0017491458688040354,-0.009424399415278974,0.009790993627008445,-0.005040882017202418,0.00010671000674323614,0.05718990111084871,0.29621334507546954
global_compatible,109,7,0,0,certified_reset,0,1,0.07204287837129425,0.06804900385290771,0.003993874518386541,0.05591424325741159,0.0,0.0,0,0,-0.0033177308306509634,-0.0017491458688040354,0.0006059933362097202,-0.00816390320355932,-0.0033177308306509634,-0.0017491458688040354,0.0058772534460924996,1.2421602595055847e-05,0.05718990111084871,0.29621334507546954
global_compatible,109,8,0,0,certified_reset,0,1,0.06804900385290771,0.06405512933452118,0.003993874518386541,0.051920368739025044,0.0,0.0,0,0,0.0006059933362097202,-0.00816390320355932,-0.00044343403251220445,0.014075785730161572,0.0006059933362097202,-0.00816390320355932,0.011422917815582813,1.562618100214507e-05,0.05718990111084871,0.29621334507546954
global_compatible,109,9,0,0,certified_reset,0,1,0.06405512933452118,0.060061254816134634,0.003993874518386541,0.0479264942206385,0.0,0.0,0,0,-0.00044343403251220445,0.014075785730161572,0.006945718622438644,-0.01140925903183007,-0.00044343403251220445,0.014075785730161572,-0.020293788508216667,4.6155573947451334e-05,0.05718990111084871,0.29621334507546954
global_compatible,109,10,0,0,certified_reset,0,1,0.060061254816134634,0.05606738029774809,0.003993874518386541,0.04393261970225196,0.0,0.0,0,0,0.006945718622438644,-0.01140925903183007,0.00014338421218451755,-0.001526035219194556,0.006945718622438644,-0.01140925903183007,0.009890530649062269,7.411938659306325e-05,0.05718990111084871,0.29621334507546954
global_compatible,109,11,0,0,certified_reset,0,1,0.05606738029774809,0.05207350577936155,0.003993874518386541,0.039938745183865414,0.0,0.0,0,0,0.00014338421218451755,-0.001526035219194556,0.006790960693269971,-0.007038748816791126,0.00014338421218451755,-0.001526035219194556,0.002101232907254478,5.501195538069943e-07,0.05718990111084871,0.29621334507546954
global_compatible,109,12,0,0,certified_reset,0,1,0.05207350577936155,0.048079631260975,0.003993874518386541,0.03594487066547887,0.0,0.0,0,0,0.006790960693269971,-0.007038748816791126,0.0018769163058491997,-0.023425353378173294,0.006790960693269971,-0.007038748816791126,0.0036078248222855057,5.536047441930338e-05,0.05718990111084871,0.29621334507546954
global_compatible,109,13,0,0,certified_reset,0,1,0.048079631260975,0.04408575674258846,0.003993874518386541,0.03195099614709233,0.0,0.0,0,0,0.0018769163058491997,-0.023425353378173294,0.00027547143442578203,0.011009610256118515,0.0018769163058491997,-0.023425353378173294,0.03264117172275314,0.00012893345966563218,0.05718990111084871,0.29621334507546954
global_compatible,109,14,0,0,certified_reset,0,1,0.04408575674258846,0.040091882224201916,0.003993874518386541,0.027957121628705783,0.0,0.0,0,0,0.00027547143442578203,0.011009610256118515,0.0063227119554088995,-0.01200547871473549,0.00027547143442578203,0.011009610256118515,-0.016494104254674173,2.869534462877951e-05,0.05718990111084871,0.29621334507546954
global_compatible,109,15,0,0,certified_reset,0,1,0.040091882224201916,0.03609800770581537,0.003993874518386541,0.023963247110319243,0.0,0.0,0,0,0.0063227119554088995,-0.01200547871473549,-0.00015475185865275413,0.005404171351280272,0.0063227119554088995,-0.01200547871473549,0.011389330925635058,6.916328139500535e-05,0.05718990111084871,0.29621334507546954
global_compatible,109,16,0,0,certified_reset,0,1,0.03609800770581537,0.03210413318742883,0.003993874518386541,0.019969372591932703,0.0,0.0,0,0,-0.00015475185865275413,0.005404171351280272,-0.0012837543603530215,0.0005487622361827964,-0.00015475185865275413,0.005404171351280272,-0.0078052803623419745,6.8039204150452335e-06,0.05718990111084871,0.29621334507546954
global_compatible,109,17,0,0,certified_reset,0,1,0.03210413318742883,0.02811025866904229,0.003993874518386541,0.015975498073546163,0.0,0.0,0,0,-0.0012837543603530215,0.0005487622361827964,0.0007631733746829531,0.012529175738053398,-0.0012837543603530215,0.0005487622361827964,0.00046542141402228145,1.7076458835760197e-06,0.05718990111084871,0.29621334507546954
global_compatible,109,18,1,1,certified_reset,0,1,0.02811025866904229,0.02411638415065575,0.003993874518386541,0.011981623555159623,0.0,0.0,0,0,0.0007631733746829531,0.012529175738053398,0.009180430944555978,0.005152032400757673,0.0007631733746829531,0.012529175738053398,-0.01921750931212077,3.807169424536585e-05,0.05718990111084871,0.29621334507546954
global_compatible,109,19,1,1,certified_reset,0,1,0.02411638415065575,0.02012250963226921,0.003993874518386541,0.007987749036773082,0.0,0.0,0,0,0.009180430944555978,0.005152032400757673,0.016382191158172778,-0.00041887949548284273,0.009180430944555978,0.005152032400757673,-0.01672998184332316,9.605543845423127e-05,0.05718990111084871,0.29621334507546954
global_compatible,109,20,1,1,certified_reset,0,1,0.02012250963226921,0.01612863511388267,0.003993874518386541,0.003993874518386541,0.0,0.0,0,0,0.016382191158172778,-0.00041887949548284273,-0.0091378393091042,-0.010106503038064783,0.016382191158172778,-0.00041887949548284273,-0.015693803974724908,0.0002745651570285541,0.05718990111084871,0.29621334507546954
global_compatible,109,21,1,1,certified_reset,0,1,0.01612863511388267,0.01213476059549613,0.003993874518386541,0.0,0.0,0.0,0,0,-0.0091378393091042,-0.010106503038064783,-0.009955948767499768,0.0361937982289678,-0.0091378393091042,-0.010106503038064783,0.023988013666599917,0.00011627117988924883,0.05718990111084871,0.29621334507546954
global_compatible,110,0,0,0,certified_reset,0,1,0.1,0.09600612548161347,0.003993874518386541,0.08387136488611735,0.0,0.0,0,0,-3.2729794177506757,-0.11418434090800939,-2.614090895924164,1.4333725437378166,-3.2729794177506757,-0.11418434090800939,1.5499999999999605,10.774803620487097,0.05718990111084871,0.29621334507546954
global_compatible,110,1,0,0,certified_reset,0,1,0.09600612548161347,0.09201225096322693,0.003993874518386541,0.07987749036773081,0.0,0.0,0,0,-2.614090895924164,1.4333725437378166,-1.0541372966750422,1.683379978397155,-2.614090895924164,1.4333725437378166,0.25868998659269377,7.204964457728138,0.05718990111084871,0.29621334507546954
global_compatible,110,2,0,0,certified_reset,0,1,0.09201225096322693,0.0880183764448404,0.003993874518386541,0.07588361584934428,0.0,0.0,0,0,-1.0541372966750422,1.683379978397155,-0.08265853993905647,0.2567513323379528,-1.0541372966750422,1.683379978397155,-1.430104432292272,1.6724136747232288,0.05718990111084871,0.29621334507546954
global_compatible,110,3,0,0,certified_reset,0,1,0.0880183764448404,0.08402450192645386,0.003993874518386541,0.07188974133095774,0.0,0.0,0,0,-0.08265853993905647,0.2567513323379528,0.026108675503859067,-0.038441392095136785,-0.08265853993905647,0.2567513323379528,-0.2959064895901011,0.020887274887711506,0.05718990111084871,0.29621334507546954
global_compatible,110,4,0,0,certified_reset,0,1,0.08402450192645386,0.08003062740806732,0.003993874518386541,0.0678958668125712,0.0,0.0,0,0,0.026108675503859067,-0.038441392095136785,0.0040366541930239455,-0.004117505452319745,0.026108675503859067,-0.038441392095136785,0.030630734544181755,0.0009711122967518817,0.05718990111084871,0.29621334507546954
global_compatible,110,5,0,0,certified_reset,0,1,0.08003062740806732,0.07603675288968079,0.003993874518386541,0.06390199229418467,0.0,0.0,0,0,0.0040366541930239455,-0.004117505452319745,-0.004840930612727616,-0.0005592825816570955,0.0040366541930239455,-0.004117505452319745,0.002051426132979777,1.9451479010513516e-05,0.05718990111084871,0.29621334507546954
global_compatible,110,6,0,0,certified_reset,0,1,0.07603675288968079,0.07204287837129425,0.003993874518386541,0.05990811777579813,0.0,0.0,0,0,-0.004840930612727616,-0.0005592825816570955,-0.0017805393576827834,0.011857746902450495,-0.004840930612727616,-0.0005592825816570955,0.0056434174623379565,2.4287116674705003e-05,0.05718990111084871,0.29621334507546954
global_compatible,110,7,0,0,certified_reset,0,1,0.07204287837129425,0.06804900385290771,0.003993874518386541,0.05591424325741159,0.0,0.0,0,0,-0.0017805393576827834,0.011857746902450495,0.004354511996265977,0.000704625430250131,-0.0017805393576827834,0.011857746902450495,-0.0156926037414195,3.4635874797351125e-05,0.05718990111084871,0.29621334507546954
global_compatible,110,8,0,0,certified_reset,0,1,0.06804900385290771,0.06405512933452118,0.003993874518386541,0.051920368739025044,0.0,0.0,0,0,0.004354511996265977,0.000704625430250131,0.013089212257267393,-0.0012673692593879993,0.004354511996265977,0.000704625430250131,-0.005377071390869554,1.9773966603638932e-05,0.05718990111084871,0.29621334507546954
global_compatible,110,9,1,1,certified_reset,0,1,0.06405512933452118,0.060061254816134634,0.003993874518386541,0.0479264942206385,0.0,0.0,0,0,0.013089212257267393,-0.0012673692593879993,-0.015056926107314803,-0.023317783064831475,0.013089212257267393,-0.0012673692593879993,-0.011168879472722718,0.0001747351947038396,0.05718990111084871,0.29621334507546954
global_compatible,110,10,1,1,certified_reset,0,1,0.060061254816134634,0.05606738029774809,0.003993874518386541,0.04393261970225196,0.0,0.0,0,0,-0.015056926107314803,-0.023317783064831475,-0.006370254505208254,0.042186966818128654,-0.015056926107314803,-0.023317783064831475,0.04934500588048633,0.00038545368520530635,0.05718990111084871,0.29621334507546954
global_compatible,110,11,2,2,certified_reset,0,1,0.05606738029774809,0.05207350577936155,0.003993874518386541,0.039938745183865414,0.0,0.0,0,0,-0.006370254505208254,0.042186966818128654,0.025318407640316266,0.030130470099572766,-0.006370254505208254,0.042186966818128654,-0.05580009067234969,0.00043877462591368716,0.05718990111084871,0.29621334507546954
global_compatible,110,12,2,2,certified_reset,0,1,0.05207350577936155,0.048079631260975,0.003993874518386541,0.03594487066547887,0.0,0.0,0,0,0.025318407640316266,0.030130470099572766,-0.002357904139212535,-0.04132163022474451,0.025318407640316266,0.030130470099572766,-0.06959805956480254,0.0009255311539366949,0.05718990111084871,0.29621334507546954
global_compatible,110,13,2,2,certified_reset,0,1,0.048079631260975,0.04408575674258846,0.003993874518386541,0.03195099614709233,0.0,0.0,0,0,-0.002357904139212535,-0.04132163022474451,-0.0994325562221304,-0.09058605446731609,-0.002357904139212535,-0.04132163022474451,0.06322159129967224,0.0004128298344887789,0.05718990111084871,0.29621334507546954
global_compatible,110,14,2,2,certified_reset,0,1,0.04408575674258846,0.040091882224201916,0.003993874518386541,0.027957121628705783,0.0,0.0,0,0,-0.0994325562221304,-0.09058605446731609,-0.05770395344782782,0.11459891571473241,-0.0994325562221304,-0.09058605446731609,0.2324547435215107,0.012714763419020407,0.05718990111084871,0.29621334507546954
global_compatible,110,15,1,1,certified_reset,0,1,0.040091882224201916,0.03609800770581537,0.003993874518386541,0.023963247110319243,0.0,0.0,0,0,-0.05770395344782782,0.11459891571473241,0.012200096493147,0.011929680758482681,-0.05770395344782782,0.11459891571473241,-0.11135663524328683,0.006003677815765363,0.05718990111084871,0.29621334507546954
global_compatible,110,16,0,0,certified_reset,0,1,0.03609800770581537,0.03210413318742883,0.003993874518386541,0.019969372591932703,0.0,0.0,0,0,0.012200096493147,0.011929680758482681,0.009364270483913216,-0.024287539746137718,0.012200096493147,0.011929680758482681,-0.02972340834361261,0.00019654649047100235,0.05718990111084871,0.29621334507546954
global_compatible,110,17,0,0,certified_reset,0,1,0.03210413318742883,0.02811025866904229,0.003993874518386541,0.015975498073546163,0.0,0.0,0,0,0.009364270483913216,-0.024287539746137718,0.014884622870480486,-0.0005048131002440559,0.009364270483913216,-0.024287539746137718,0.026455293062194296,0.00021136585061669238,0.05718990111084871,0.29621334507546954
global_compatible,110,18,0,0,certified_reset,0,1,0.02811025866904229,0.02411638415065575,0.003993874518386541,0.011981623555159623,0.0,0.0,0,0,0.014884622870480486,-0.0005048131002440559,0.0036019807509718813,-0.018999027890658243,0.014884622870480486,-0.0005048131002440559,-0.014081660891482405,0.00022655519786091044,0.05718990111084871,0.29621334507546954
global_compatible,110,19,0,0,certified_reset,0,1,0.02411638415065575,0.02012250963226921,0.003993874518386541,0.007987749036773082,0.0,0.0,0,0,0.0036019807509718813,-0.018999027890658243,-0.005809330556885366,0.0082608688931479,0.0036019807509718813,-0.018999027890658243,0.024403786253374544,9.283623586008353e-05,0.05718990111084871,0.29621334507546954
global_compatible,110,20,0,0,certified_reset,0,1,0.02012250963226921,0.01612863511388267,0.003993874518386541,0.003993874518386541,0.0,0.0,0,0,-0.005809330556885366,0.0082608688931479,-0.002622507067728176,0.0073742772463796565,-0.005809330556885366,0.0082608688931479,-0.006380061949617751,4.7049503157746184e-05,0.05718990111084871,0.29621334507546954
global_compatible,110,21,0,0,certified_reset,0,1,0.01612863511388267,0.01213476059549613,0.003993874518386541,0.0,0.0,0.0,0,0,-0.002622507067728176,0.0073742772463796565,0.003789799913008667,-0.00016624777853774665,-0.002622507067728176,0.0073742772463796565,-0.008249650201825108,1.836735521476115e-05,0.05718990111084871,0.29621334507546954
global_compatible,111,0,0,0,certified_reset,0,1,0.1,0.09600612548161347,0.003993874518386541,0.08387136488611735,0.0,0.0,0,0,-1.8582300117476835,0.299871836763819,-0.9259433935872895,1.5642065221164125,-1.8582300117476835,0.299871836763819,1.2719071140299514,3.5096486305549353,0.05718990111084871,0.29621334507546954
global_compatible,111,1,0,0,certified_reset,0,1,0.09600612548161347,0.09201225096322693,0.003993874518386541,0.07987749036773081,0.0,0.0,0,0,-0.9259433935872895,1.5642065221164125,-0.055642283377249815,0.18133955792956477,-0.9259433935872895,1.5642065221164125,-1.382202148565157,1.3455468055050737,0.05718990111084871,0.29621334507546954
global_compatible,111,2,0,0,certified_reset,0,1,0.09201225096322693,0.0880183764448404,0.003993874518386541,0.07588361584934428,0.0,0.0,0,0,-0.055642283377249815,0.18133955792956477,0.01814161979039113,-0.026309573007373504,-0.055642283377249815,0.18133955792956477,-0.21172200625834336,0.010135845246401817,0.05718990111084871,0.29621334507546954
global_compatible,111,3,0,0,certified_reset,0,1,0.0880183764448404,0.08402450192645386,0.003993874518386541,0.07188974133095774,0.0,0.0,0,0,0.01814161979039113,-0.026309573007373504,0.009603907036299264,-0.005219223872710554,0.01814161979039113,-0.026309573007373504,0.020694719867585108,0.00046442000810851354,0.05718990111084871,0.29621334507546954
global_compatible,111,4,0,0,certified_reset,0,1,0.08402450192645386,0.08003062740806732,0.003993874518386541,0.0678958668125712,0.0,0.0,0,0,0.009603907036299264,-0.005219223872710554,0.006144784156972568,-0.004834892239184009,0.009603907036299264,-0.005219223872710554,-0.0018714615992686445,9.722584318484186e-05,0.05718990111084871,0.29621334507546954
global_compatible,111,5,0,0,certified_reset,0,1,0.08003062740806732,0.07603675288968079,0.003993874518386541,0.06390199229418467,0.0,0.0,0,0,0.006144784156972568,-0.004834892239184009,-0.0013919562086209402,-0.016703978430179053,0.006144784156972568,-0.004834892239184009,0.0010014671947607197,4.199115868294954e-05,0.05718990111084871,0.29621334507546954
global_compatible,111,6,0,0,certified_reset,0,1,0.07603675288968079,0.07204287837129425,0.003993874518386541,0.05990811777579813,0.0,0.0,0,0,-0.0013919562086209402,-0.016703978430179053,0.004913831602310568,0.008818976949843875,-0.0013919562086209402,-0.016703978430179053,0.02599367764354234,6.905344519388788e-05,0.05718990111084871,0.29621334507546954
global_compatible,111,7,0,0,certified_reset,0,1,0.07204287837129425,0.06804900385290771,0.003993874518386541,0.05591424325741159,0.0,0.0,0,0,0.004913831602310568,0.008818976949843875,0.008082683544916168,-0.010685662199470473,0.004913831602310568,0.008818976949843875,-0.01788594251220934,4.614279830415544e-05,0.05718990111084871,0.29621334507546954
global_compatible,111,8,0,0,certified_reset,0,1,0.06804900385290771,0.06405512933452118,0.003993874518386541,0.051920368739025044,0.0,0.0,0,0,0.008082683544916168,-0.010685662199470473,-0.002247799393926955,0.006911269363193351,0.008082683544916168,-0.010685662199470473,0.007690160596616134,8.736124533271686e-05,0.05718990111084871,0.29621334507546954
global_compatible,111,9,0,0,certified_reset,0,1,0.06405512933452118,0.060061254816134634,0.003993874518386541,0.0479264942206385,0.0,0.0,0,0,-0.002247799393926955,0.006911269363193351,-0.0033217967628222152,-0.006401835964459237,-0.002247799393926955,0.006911269363193351,-0.007938837129991296,1.5226046447662302e-05,0.05718990111084871,0.29621334507546954
global_compatible,111,10,0,0,certified_reset,0,1,0.060061254816134634,0.05606738029774809,0.003993874518386541,0.04393261970225196,0.0,0.0,0,0,-0.0033217967628222152,-0.006401835964459237,-0.0009987448218137652,0.0024399954360350474,-0.0033217967628222152,-0.006401835964459237,0.012736999806790092,2.246714350430229e-05,0.05718990111084871,0.29621334507546954
global_compatible,111,11,0,0,certified_reset,0,1,0.05606738029774809,0.05207350577936155,0.003993874518386541,0.039938745183865414,0.0,0.0,0,0,-0.0009987448218137652,0.0024399954360350474,0.0027713857804374208,0.005993916104499094,-0.0009987448218137652,0.0024399954360350474,-0.002598472760594131,2.237936727305487e-06,0.05718990111084871,0.29621334507546954
global_compatible,111,12,0,0,certified_reset,0,1,0.05207350577936155,0.048079631260975,0.003993874518386541,0.03594487066547887,0.0,0.0,0,0,0.0027713857804374208,0.005993916104499094,0.003907078410127921,0.0048837810967953844,0.0027713857804374208,0.005993916104499094,-0.01158524084180965,1.750288972627834e-05,0.05718990111084871,0.29621334507546954
global_compatible,111,13,0,0,certified_reset,0,1,0.048079631260975,0.04408575674258846,0.003993874518386541,0.03195099614709233,0.0,0.0,0,0,0.003907078410127921,0.0048837810967953844,0.00502650510060454,-0.0016391582514693652,0.003907078410127921,0.0048837810967953844,-0.011085045128641438,2.263045454474302e-05,0.05718990111084871,0.29621334507546954
global_compatible,111,14,0,0,certified_reset,0,1,0.04408575674258846,0.040091882224201916,0.003993874518386541,0.027957121628705783,0.0,0.0,0,0,0.00502650510060454,-0.0016391582514693652,0.0042019904134639845,-0.0106708043100157,0.00502650510060454,-0.0016391582514693652,-0.002594142986698026,2.591762413149414e-05,0.05718990111084871,0.29621334507546954
global_compatible,111,15,0,0,certified_reset,0,1,0.040091882224201916,0.03609800770581537,0.003993874518386541,0.023963247110319243,0.0,0.0,0,0,0.0042019904134639845,-0.0106708043100157,-0.004381613321879886,0.00656425962308744,0.0042019904134639845,-0.0106708043100157,0.011534115711498597,4.147851069807613e-05,0.05718990111084871,0.29621334507546954
global_compatible,111,16,0,0,certified_reset,0,1,0.03609800770581537,0.03210413318742883,0.003993874518386541,0.019969372591932703,0.0,0.0,0,0,-0.004381613321879886,0.00656425962308744,-0.0013528887764564582,-0.005373266704841161,-0.004381613321879886,0.00656425962308744,-0.00530563347665474,2.7658389759063564e-05,0.05718990111084871,0.29621334507546954
global_compatible,111,17,0,0,certified_reset,0,1,0.03210413318742883,0.02811025866904229,0.003993874518386541,0.015975498073546163,0.0,0.0,0,0,-0.0013528887764564582,-0.005373266704841161,-0.013142680217207058,-0.002482554605584033,-0.0013528887764564582,-0.005373266704841161,0.009258943496384738,9.170468022836808e-06,0.05718990111084871,0.29621334507546954
global_compatible,111,18,1,1,certified_reset,0,1,0.02811025866904229,0.02411638415065575,0.003993874518386541,0.011981623555159623,0.0,0.0,0,0,-0.013142680217207058,-0.002482554605584033,-0.04238011648168848,-0.012017746263246476,-0.013142680217207058,-0.002482554605584033,0.016748006580159066,0.00018085179032853923,0.05718990111084871,0.29621334507546954
global_compatible,111,19,0,0,certified_reset,0,1,0.02411638415065575,0.02012250963226921,0.003993874518386541,0.007987749036773082,0.0,0.0,0,0,-0.04238011648168848,-0.012017746263246476,-0.01730908288879099,0.04090013936487368,-0.04238011648168848,-0.012017746263246476,0.05990618310786923,0.001911789762909922,0.05718990111084871,0.29621334507546954
global_compatible,111,20,0,0,certified_reset,0,1,0.02012250963226921,0.01612863511388267,0.003993874518386541,0.003993874518386541,0.0,0.0,0,0,-0.01730908288879099,0.04090013936487368,-2.122632185879228e-05,-0.004470809623593511,-0.01730908288879099,0.04090013936487368,-0.04301629050097832,0.000646972233674547,0.05718990111084871,0.29621334507546954
global_compatible,111,21,0,0,certified_reset,0,1,0.01612863511388267,0.01213476059549613,0.003993874518386541,0.0,0.0,0.0,0,0,-2.122632185879228e-05,-0.004470809623593511,-0.000719038852770989,-0.00013485238394066396,-2.122632185879228e-05,-0.004470809623593511,0.00660049688122546,4.6874794979912726e-06,0.05718990111084871,0.29621334507546954
global_compatible,112,0,0,0,certified_reset,0,1,0.1,0.09600612548161347,0.003993874518386541,0.08387136488611735,0.0,0.0,0,0,-2.616621069551844,0.18460810271097694,-1.6557608855782187,1.738241462139146,-2.616621069551844,0.18460810271097694,1.5499999999997827,6.9129027489081984,0.05718990111084871,0.29621334507546954
global_compatible,112,1,0,0,certified_reset,0,1,0.09600612548161347,0.09201225096322693,0.003993874518386541,0.07987749036773081,0.0,0.0,0,0,-1.6557608855782187,1.738241462139146,-0.36816369101719076,0.8283458877886034,-1.6557608855782187,1.738241462139146,-0.911845464866382,3.306197672531636,0.05718990111084871,0.29621334507546954
global_compatible,112,2,0,0,certified_reset,0,1,0.09201225096322693,0.0880183764448404,0.003993874518386541,0.07588361584934428,0.0,0.0,0,0,-0.36816369101719076,0.8283458877886034,0.02552362263598988,-0.020916247512742583,-0.36816369101719076,0.8283458877886034,-0.8536288211608596,0.2772698012582456,0.05718990111084871,0.29621334507546954
global_compatible,112,3,0,0,certified_reset,0,1,0.0880183764448404,0.08402450192645386,0.003993874518386541,0.07188974133095774,0.0,0.0,0,0,0.02552362263598988,-0.020916247512742583,0.008020438122468592,-0.02177175997616994,0.02552362263598988,-0.020916247512742583,0.005395539998101517,0.0007309312025637687,0.05718990111084871,0.29621334507546954
global_compatible,112,4,0,0,certified_reset,0,1,0.08402450192645386,0.08003062740806732,0.003993874518386541,0.0678958668125712,0.0,0.0,0,0,0.008020438122468592,-0.02177175997616994,-0.00397874714269513,0.01197138885845272,0.008020438122468592,-0.02177175997616994,0.02408631957627351,0.00016415291328739887,0.05718990111084871,0.29621334507546954
global_compatible,112,5,0,0,certified_reset,0,1,0.08003062740806732,0.07603675288968079,0.003993874518386541,0.06390199229418467,0.0,0.0,0,0,-0.00397874714269513,0.01197138885845272,0.0016918649182255342,-0.008992483362958197,-0.00397874714269513,0.01197138885845272,-0.013672429196589831,4.630035904495018e-05,0.05718990111084871,0.29621334507546954
global_compatible,112,6,0,0,certified_reset,0,1,0.07603675288968079,0.07204287837129425,0.003993874518386541,0.05990811777579813,0.0,0.0,0,0,0.0016918649182255342,-0.008992483362958197,-0.003757461553893432,0.004948084854675846,0.0016918649182255342,-0.008992483362958197,0.011562487438166588,2.076034106142069e-05,0.05718990111084871,0.29621334507546954
global_compatible,112,7,0,0,certified_reset,0,1,0.07204287837129425,0.06804900385290771,0.003993874518386541,0.05591424325741159,0.0,0.0,0,0,-0.003757461553893432,0.004948084854675846,0.0002786383938768681,-0.01210121698770011,-0.003757461553893432,0.004948084854675846,-0.0035473208302134757,1.8840142327031954e-05,0.05718990111084871,0.29621334507546954
global_compatible,112,8,0,0,certified_reset,0,1,0.06804900385290771,0.06405512933452118,0.003993874518386541,0.051920368739025044,0.0,0.0,0,0,0.0002786383938768681,-0.01210121698770011,-0.007907653063545506,-0.0030894567083221518,0.0002786383938768681,-0.01210121698770011,0.01754837773969158,3.4135379851927166e-05,0.05718990111084871,0.29621334507546954
global_compatible,112,9,2,2,certified_reset,0,1,0.06405512933452118,0.060061254816134634,0.003993874518386541,0.0479264942206385,0.0,0.0,0,0,-0.007907653063545506,-0.0030894567083221518,-0.015436931667027209,0.031829220634636966,-0.007907653063545506,-0.0030894567083221518,0.012422729388593533,6.810713580542367e-05,0.05718990111084871,0.29621334507546954
global_compatible,112,10,0,0,certified_reset,0,1,0.060061254816134634,0.05606738029774809,0.003993874518386541,0.04393261970225196,0.0,0.0,0,0,-0.015436931667027209,0.031829220634636966,-0.0037405940098399993,-0.005092607398945821,-0.015436931667027209,0.031829220634636966,-0.031510289427788586,0.0004454791893055545,0.05718990111084871,0.29621334507546954
global_compatible,112,11,0,0,certified_reset,0,1,0.05606738029774809,0.05207350577936155,0.003993874518386541,0.039938745183865414,0.0,0.0,0,0,-0.0037405940098399993,-0.005092607398945821,-0.005509176878757941,-0.001253063068988135,-0.0037405940098399993,-0.005092607398945821,0.011224200826520807,2.1809847672866234e-05,0.05718990111084871,0.29621334507546954
global_compatible,112,12,0,0,certified_reset,0,1,0.05207350577936155,0.048079631260975,0.003993874518386541,0.03594487066547887,0.0,0.0,0,0,-0.005509176878757941,-0.001253063068988135,0.001200188864515164,0.006440409541839298,-0.005509176878757941,-0.001253063068988135,0.007330629001117811,3.197711299011698e-05,0.05718990111084871,0.29621334507546954
global_compatible,112,13,0,0,certified_reset,0,1,0.048079631260975,0.04408575674258846,0.003993874518386541,0.03195099614709233,0.0,0.0,0,0,0.001200188864515164,0.006440409541839298,0.0014201590934227505,-0.01600968625463212,0.001200188864515164,0.006440409541839298,-0.010680538856929897,1.1758498579356574e-05,0.05718990111084871,0.29621334507546954
global_compatible,112,14,0,0,certified_reset,0,1,0.04408575674258846,0.040091882224201916,0.003993874518386541,0.027957121628705783,0.0,0.0,0,0,0.0014201590934227505,-0.01600968625463212,-0.0034017499393019135,-0.012262559793925987,0.0014201590934227505,-0.01600968625463212,0.02216999735984684,6.044038113893791e-05,0.05718990111084871,0.29621334507546954
global_compatible,112,15,0,0,certified_reset,0,1,0.040091882224201916,0.03609800770581537,0.003993874518386541,0.023963247110319243,0.0,0.0,0,0,-0.0034017499393019135,-0.012262559793925987,0.004340951175071569,0.0011447393285638503,-0.0034017499393019135,-0.012262559793925987,0.021449726384092323,5.014083878428105e-05,0.05718990111084871,0.29621334507546954
global_compatible,112,16,0,0,certified_reset,0,1,0.03609800770581537,0.03210413318742883,0.003993874518386541,0.019969372591932703,0.0,0.0,0,0,0.004340951175071569,0.0011447393285638503,0.00318985522653166,-0.01895058965200862,0.004340951175071569,0.0011447393285638503,-0.006011368931733755,1.998314807865553e-05,0.05718990111084871,0.29621334507546954
global_compatible,112,17,0,0,certified_reset,0,1,0.03210413318742883,0.02811025866904229,0.003993874518386541,0.015975498073546163,0.0,0.0,0,0,0.00318985522653166,-0.01895058965200862,-0.0009136949189069679,0.015647074422921597,0.00318985522653166,-0.01895058965200862,0.024742174306936128,9.012202877068852e-05,0.05718990111084871,0.29621334507546954
global_compatible,112,18,0,0,certified_reset,0,1,0.02811025866904229,0.02411638415065575,0.003993874518386541,0.011981623555159623,0.0,0.0,0,0,-0.0009136949189069679,0.015647074422921597,0.005117898676567062,-0.0014370828366789675,-0.0009136949189069679,0.015647074422921597,-0.02214072704990022,5.7159702101651495e-05,0.05718990111084871,0.29621334507546954
global_compatible,112,19,0,0,certified_reset,0,1,0.02411638415065575,0.02012250963226921,0.003993874518386541,0.007987749036773082,0.0,0.0,0,0,0.005117898676567062,-0.0014370828366789675,0.0010423589545315206,-0.01276984017100372,0.005117898676567062,-0.0014370828366789675,-0.0029795820114265964,2.6786571861983217e-05,0.05718990111084871,0.29621334507546954
global_compatible,112,20,0,0,certified_reset,0,1,0.02012250963226921,0.01612863511388267,0.003993874518386541,0.003993874518386541,0.0,0.0,0,0,0.0010423589545315206,-0.01276984017100372,0.0027693570804751067,0.022305962669578384,0.0010423589545315206,-0.01276984017100372,0.01777232098835264,3.833528426165449e-05,0.05718990111084871,0.29621334507546954
global_compatible,112,21,0,0,certified_reset,0,1,0.01612863511388267,0.01213476059549613,0.003993874518386541,0.0,0.0,0.0,0,0,0.0027693570804751067,0.022305962669578384,0.004536884009011374,-0.011358282017442982,0.0027693570804751067,0.022305962669578384,-0.03561849492460052,0.00012894634286751485,0.05718990111084871,0.29621334507546954
global_compatible,113,0,0,0,certified_reset,0,1,0.1,0.09600612548161347,0.003993874518386541,0.08387136488611735,0.0,0.0,0,0,-0.7642110294247235,0.29003135715597006,-0.31261046262713643,0.6215131170247308,-0.7642110294247235,0.29003135715597006,0.3337292408293114,0.6019441515130803,0.05718990111084871,0.29621334507546954
global_compatible,113,1,0,0,certified_reset,0,1,0.09600612548161347,0.09201225096322693,0.003993874518386541,0.07987749036773081,0.0,0.0,0,0,-0.31261046262713643,0.6215131170247308,0.004254075589738193,0.01165989695113263,-0.31261046262713643,0.6215131170247308,-0.6042610530877026,0.17638372668500216,0.05718990111084871,0.29621334507546954
global_compatible,113,2,0,0,certified_reset,0,1,0.09201225096322693,0.0880183764448404,0.003993874518386541,0.07588361584934428,0.0,0.0,0,0,0.004254075589738193,0.01165989695113263,-0.0008880352815112185,-0.0022928855823661403,0.004254075589738193,0.01165989695113263,-0.02141072611907247,5.4029214390840415e-05,0.05718990111084871,0.29621334507546954
global_compatible,113,3,0,0,certified_reset,0,1,0.0880183764448404,0.08402450192645386,0.003993874518386541,0.07188974133095774,0.0,0.0,0,0,-0.0008880352815112185,-0.0022928855823661403,0.0062147250517532795,0.004685297115708467,-0.0008880352815112185,-0.0022928855823661403,0.004262982241703065,2.189250473923654e-06,0.05718990111084871,0.29621334507546954
global_compatible,113,4,0,0,certified_reset,0,1,0.08402450192645386,0.08003062740806732,0.003993874518386541,0.0678958668125712,0.0,0.0,0,0,0.0062147250517532795,0.004685297115708467,0.008796836878260408,-0.007071245081347744,0.0062147250517532795,0.004685297115708467,-0.013088275756835249,4.685674315730773e-05,0.05718990111084871,0.29621334507546954
global_compatible,113,5,0,0,certified_reset,0,1,0.08003062740806732,0.07603675288968079,0.003993874518386541,0.06390199229418467,0.0,0.0,0,0,0.008796836878260408,-0.007071245081347744,0.0014938102868042404,0.0048776927862054405,0.008796836878260408,-0.007071245081347744,0.001653808385277553,8.645316737718991e-05,0.05718990111084871,0.29621334507546954
global_compatible,113,6,0,0,certified_reset,0,1,0.07603675288968079,0.07204287837129425,0.003993874518386541,0.05990811777579813,0.0,0.0,0,0,0.0014938102868042404,0.0048776927862054405,-0.0040793721127849675,-0.010803911085596748,0.0014938102868042404,0.0048776927862054405,-0.008670793045019142,8.393575118689083e-06,0.05718990111084871,0.29621334507546954
global_compatible,113,7,0,0,certified_reset,0,1,0.07204287837129425,0.06804900385290771,0.003993874518386541,0.05591424325741159,0.0,0.0,0,0,-0.0040793721127849675,-0.010803911085596748,-0.002892712105834799,-1.630231962553713e-05,-0.0040793721127849675,-0.010803911085596748,0.0199779258318995,4.762962390237608e-05,0.05718990111084871,0.29621334507546954
global_compatible,113,8,0,0,certified_reset,0,1,0.06804900385290771,0.06405512933452118,0.003993874518386541,0.051920368739025044,0.0,0.0,0,0,-0.002892712105834799,-1.630231962553713e-05,-0.004924554491757509,0.005026424828726526,-0.002892712105834799,-1.630231962553713e-05,0.0029080976490603438,8.579256963467486e-06,0.05718990111084871,0.29621334507546954
global_compatible,113,9,0,0,certified_reset,0,1,0.06405512933452118,0.060061254816134634,0.003993874518386541,0.0479264942206385,0.0,0.0,0,0,-0.004924554491757509,0.005026424828726526,-0.0061068032890598395,0.009439190338176029,-0.004924554491757509,0.005026424828726526,-0.0024978454060958374,2.8954908114698837e-05,0.05718990111084871,0.29621334507546954
global_compatible,113,10,0,0,certified_reset,0,1,0.060061254816134634,0.05606738029774809,0.003993874518386541,0.04393261970225196,0.0,0.0,0,0,-0.0061068032890598395,0.009439190338176029,0.004157312848657565,0.014675269912688835,-0.0061068032890598395,0.009439190338176029,-0.007820582163528118,5.4859780608941254e-05,0.05718990111084871,0.29621334507546954
global_compatible,113,11,0,0,certified_reset,0,1,0.05606738029774809,0.05207350577936155,0.003993874518386541,0.039938745183865414,0.0,0.0,0,0,0.004157312848657565,0.014675269912688835,0.006957531488406521,-0.00877194903419999,0.004157312848657565,0.014675269912688835,-0.025757168804416804,7.263448220394246e-05,0.05718990111084871,0.29621334507546954
global_compatible,113,12,0,0,certified_reset,0,1,0.05207350577936155,0.048079631260975,0.003993874518386541,0.03594487066547887,0.0,0.0,0,0,0.006957531488406521,-0.00877194903419999,0.011314492024529289,-0.0255649062113013,0.006957531488406521,-0.00877194903419999,0.005993794767136806,6.315585997948056e-05,0.05718990111084871,0.29621334507546954
global_compatible,113,13,0,0,certified_reset,0,1,0.048079631260975,0.04408575674258846,0.003993874518386541,0.03195099614709233,0.0,0.0,0,0,0.011314492024529289,-0.0255649062113013,0.0016170228201140345,0.01913504930451229,0.011314492024529289,-0.0255649062113013,0.026392562851909013,0.00026307351144710977,0.05718990111084871,0.29621334507546954
global_compatible,113,14,0,0,certified_reset,0,1,0.04408575674258846,0.040091882224201916,0.003993874518386541,0.027957121628705783,0.0,0.0,0,0,0.0016170228201140345,0.01913504930451229,0.0041067028263539855,-0.01080999398141023,0.0016170228201140345,0.01913504930451229,-0.029794714370747356,9.071490805113096e-05,0.05718990111084871,0.29621334507546954
global_compatible,113,15,0,0,certified_reset,0,1,0.040091882224201916,0.03609800770581537,0.003993874518386541,0.023963247110319243,0.0,0.0,0,0,0.0041067028263539855,-0.01080999398141023,0.0038397574546797496,-0.005192418555451188,0.0041067028263539855,-0.01080999398141023,0.011835838885509306,4.140125973513973e-05,0.05718990111084871,0.29621334507546954
global_compatible,113,16,0,0,certified_reset,0,1,0.03609800770581537,0.03210413318742883,0.003993874518386541,0.019969372591932703,0.0,0.0,0,0,0.0038397574546797496,-0.005192418555451188,-0.009868990621721044,0.004399137302621144,0.0038397574546797496,-0.005192418555451188,0.003826942162827401,1.9962892350608245e-05,0.05718990111084871,0.29621334507546954
global_compatible,113,17,0,0,certified_reset,0,1,0.03210413318742883,0.02811025866904229,0.003993874518386541,0.015975498073546163,0.0,0.0,0,0,-0.009868990621721044,0.004399137302621144,-0.009749200304822556,0.010139758601790807,-0.009868990621721044,0.004399137302621144,0.0033452595146424894,0.00010116017854344187,0.05718990111084871,0.29621334507546954
global_compatible,113,18,0,0,certified_reset,0,1,0.02811025866904229,0.02411638415065575,0.003993874518386541,0.011981623555159623,0.0,0.0,0,0,-0.009749200304822556,0.010139758601790807,-0.0035371565037537584,-0.0021318077009938917,-0.009749200304822556,0.010139758601790807,-0.0052276127414804556,0.00011423675176839074,0.05718990111084871,0.29621334507546954
global_compatible,113,19,0,0,certified_reset,0,1,0.02411638415065575,0.02012250963226921,0.003993874518386541,0.007987749036773082,0.0,0.0,0,0,-0.0035371565037537584,-0.0021318077009938917,-0.003835494688834259,0.011811787828721984,-0.0035371565037537584,-0.0021318077009938917,0.006661273910715401,1.4438819118209989e-05,0.05718990111084871,0.29621334507546954
global_compatible,113,20,0,0,certified_reset,0,1,0.02012250963226921,0.01612863511388267,0.003993874518386541,0.003993874518386541,0.0,0.0,0,0,-0.003835494688834259,0.011811787828721984,0.0041330369419115935,-0.0025505019834989448,-0.003835494688834259,0.011811787828721984,-0.013580424443206418,4.443501741745083e-05,0.05718990111084871,0.29621334507546954
global_compatible,113,21,0,0,certified_reset,0,1,0.01612863511388267,0.01213476059549613,0.003993874518386541,0.0,0.0,0.0,0,0,0.0041330369419115935,-0.0025505019834989448,-0.0031756317952991117,-0.008088670681305633,0.0041330369419115935,-0.0025505019834989448,-0.0003610391195589213,1.8256163960562e-05,0.05718990111084871,0.29621334507546954
global_compatible,114,0,0,0,certified_reset,0,1,0.1,0.09600612548161347,0.003993874518386541,0.08387136488611735,0.0,0.0,0,0,-3.04362227345363,-0.12514247792038746,-2.3877984604008984,1.4335012517677994,-3.04362227345363,-0.12514247792038746,1.5499999999999838,9.326517958623452,0.05718990111084871,0.29621334507546954
global_compatible,114,1,0,0,certified_reset,0,1,0.09600612548161347,0.09201225096322693,0.003993874518386541,0.07987749036773081,0.0,0.0,0,0,-2.3877984604008984,1.4335012517677994,-0.894291576780611,1.5645746541509276,-2.3877984604008984,1.4335012517677994,0.12147178549129259,6.071837023347234,0.05718990111084871,0.29621334507546954
global_compatible,114,2,0,0,certified_reset,0,1,0.09201225096322693,0.0880183764448404,0.003993874518386541,0.07588361584934428,0.0,0.0,0,0,-0.894291576780611,1.5645746541509276,-0.03260807520577415,0.14891164753145666,-0.894291576780611,1.5645746541509276,-1.4142624543124902,1.2903817742567703,0.05718990111084871,0.29621334507546954
global_compatible,114,3,0,0,certified_reset,0,1,0.0880183764448404,0.08402450192645386,0.003993874518386541,0.07188974133095774,0.0,0.0,0,0,-0.03260807520577415,0.14891164753145666,0.015994802276606622,-0.05061955056518382,-0.03260807520577415,0.14891164753145666,-0.18689191328737204,0.005927943428626688,0.05718990111084871,0.29621334507546954
global_compatible,114,4,0,0,certified_reset,0,1,0.08402450192645386,0.08003062740806732,0.003993874518386541,0.0678958668125712,0.0,0.0,0,0,0.015994802276606622,-0.05061955056518382,-0.004498400553713358,0.0027870435093303864,0.015994802276606622,-0.05061955056518382,0.05864443811245877,0.0008030339548017069,0.05718990111084871,0.29621334507546954
global_compatible,114,5,0,0,certified_reset,0,1,0.08003062740806732,0.07603675288968079,0.003993874518386541,0.06390199229418467,0.0,0.0,0,0,-0.004498400553713358,0.0027870435093303864,-0.0014360929575894883,-0.006910194632512603,-0.004498400553713358,0.0027870435093303864,0.00037838606304328693,2.1637357016088394e-05,0.05718990111084871,0.29621334507546954
global_compatible,114,6,0,0,certified_reset,0,1,0.07603675288968079,0.07204287837129425,0.003993874518386541,0.05990811777579813,0.0,0.0,0,0,-0.0014360929575894883,-0.006910194632512603,-0.006629510989316088,-0.0023162368790719846,-0.0014360929575894883,-0.006910194632512603,0.01160572845600983,1.4024828482361108e-05,0.05718990111084871,0.29621334507546954
global_compatible,114,7,0,0,certified_reset,0,1,0.07204287837129425,0.06804900385290771,0.003993874518386541,0.05591424325741159,0.0,0.0,0,0,-0.006629510989316088,-0.0023162368790719846,-0.008686042392021536,-0.004771426053717699,-0.006629510989316088,-0.0023162368790719846,0.010010985720712483,4.742160342536568e-05,0.05718990111084871,0.29621334507546954
global_compatible,114,8,0,0,certified_reset,0,1,0.06804900385290771,0.06405512933452118,0.003993874518386541,0.051920368739025044,0.0,0.0,0,0,-0.008686042392021536,-0.004771426053717699,-0.0026534780446664246,0.014438310513286196,-0.008686042392021536,-0.004771426053717699,0.015675592581212972,8.5688408690797e-05,0.05718990111084871,0.29621334507546954
global_compatible,114,9,0,0,certified_reset,0,1,0.06405512933452118,0.060061254816134634,0.003993874518386541,0.0479264942206385,0.0,0.0,0,0,-0.0026534780446664246,0.014438310513286196,-0.0010866722926718667,0.002091781539064472,-0.0026534780446664246,0.014438310513286196,-0.01862907106223902,5.324066883562826e-05,0.05718990111084871,0.29621334507546954
global_compatible,114,10,0,0,certified_reset,0,1,0.060061254816134634,0.05606738029774809,0.003993874518386541,0.04393261970225196,0.0,0.0,0,0,-0.0010866722926718667,0.002091781539064472,0.00427926446236918,-0.0028843414598559622,-0.0010866722926718667,0.002091781539064472,-0.0019997521802187818,2.0684308925087426e-06,0.05718990111084871,0.29621334507546954
global_compatible,114,11,0,0,certified_reset,0,1,0.05606738029774809,0.05207350577936155,0.003993874518386541,0.039938745183865414,0.0,0.0,0,0,0.00427926446236918,-0.0028843414598559622,0.004581738647510498,-0.00557598273373452,0.00427926446236918,-0.0028843414598559622,-1.0373647618397921e-05,1.9809603647477835e-05,0.05718990111084871,0.29621334507546954
global_compatible,114,12,0,0,certified_reset,0,1,0.05207350577936155,0.048079631260975,0.003993874518386541,0.03594487066547887,0.0,0.0,0,0,0.004581738647510498,-0.00557598273373452,0.003192434644702388,0.006798202763631891,0.004581738647510498,-0.00557598273373452,0.003649047159564137,2.692170268385239e-05,0.05718990111084871,0.29621334507546954
global_compatible,114,13,0,0,certified_reset,0,1,0.048079631260975,0.04408575674258846,0.003993874518386541,0.03195099614709233,0.0,0.0,0,0,0.003192434644702388,0.006798202763631891,0.003544966528551536,0.0020706351065768675,0.003192434644702388,0.006798202763631891,-0.013192842332298976,2.286171712759997e-05,0.05718990111084871,0.29621334507546954
global_compatible,114,14,0,0,certified_reset,0,1,0.04408575674258846,0.040091882224201916,0.003993874518386541,0.027957121628705783,0.0,0.0,0,0,0.003544966528551536,0.0020706351065768675,0.0008232734987423595,-0.007281662182840083,0.003544966528551536,0.0020706351065768675,-0.0065830166277166405,1.4421945740596518e-05,0.05718990111084871,0.29621334507546954
global_compatible,114,15,0,0,certified_reset,0,1,0.040091882224201916,0.03609800770581537,0.003993874518386541,0.023963247110319243,0.0,0.0,0,0,0.0008232734987423595,-0.007281662182840083,0.0029820005151151175,0.0004280490523923871,0.0008232734987423595,-0.007281662182840083,0.009904905595522175,1.2674526871237259e-05,0.05718990111084871,0.29621334507546954
global_compatible,114,16,0,0,certified_reset,0,1,0.03609800770581537,0.03210413318742883,0.003993874518386541,0.019969372591932703,0.0,0.0,0,0,0.0029820005151151175,0.0004280490523923871,-0.0074394525569872905,-0.00923039790152615,0.0029820005151151175,0.0004280490523923871,-0.0035987148641749333,9.249076467413389e-06,0.05718990111084871,0.29621334507546954
global_compatible,114,17,2,2,certified_reset,0,1,0.03210413318742883,0.02811025866904229,0.003993874518386541,0.015975498073546163,0.0,0.0,0,0,-0.0074394525569872905,-0.00923039790152615,-0.014169055976156001,0.05498036772806922,-0.0074394525569872905,-0.00923039790152615,0.021000863362552694,8.170740507266964e-05,0.05718990111084871,0.29621334507546954
global_compatible,114,18,0,0,certified_reset,0,1,0.02811025866904229,0.02411638415065575,0.003993874518386541,0.011981623555159623,0.0,0.0,0,0,-0.014169055976156001,0.05498036772806922,-0.005489112790328023,-0.025355496977936334,-0.014169055976156001,0.05498036772806922,-0.06687964361792646,0.0008566956659094321,0.05718990111084871,0.29621334507546954
global_compatible,114,19,1,1,certified_reset,0,1,0.02411638415065575,0.02012250963226921,0.003993874518386541,0.007987749036773082,0.0,0.0,0,0,-0.005489112790328023,-0.025355496977936334,0.000892464766179938,0.0006214557338060991,-0.005489112790328023,-0.025355496977936334,0.04281696817736967,0.0001916848991821548,0.05718990111084871,0.29621334507546954
global_compatible,114,20,1,1,certified_reset,0,1,0.02012250963226921,0.01612863511388267,0.003993874518386541,0.003993874518386541,0.0,0.0,0,0,0.000892464766179938,0.0006214557338060991,0.01570603831797141,-0.000621143150730753,0.000892464766179938,0.0006214557338060991,-0.0018062097130994894,9.475704982994708e-07,0.05718990111084871,0.29621334507546954
global_compatible,114,21,0,0,certified_reset,0,1,0.01612863511388267,0.01213476059549613,0.003993874518386541,0.0,0.0,0.0,0,0,0.01570603831797141,-0.000621143150730753,0.0084260792953103,0.0008160757659856632,0.01570603831797141,-0.000621143150730753,-0.01472719468682813,0.00025217134361564563,0.05718990111084871,0.29621334507546954
global_compatible,115,0,0,0,certified_reset,0,1,0.1,0.09600612548161347,0.003993874518386541,0.08387136488611735,0.0,0.0,0,0,4.522781328408179,-0.30204681722766535,3.442991699790985,-1.8611685686422337,4.522781328408179,-0.30204681722766535,-1.5499999999999796,20.532035254961176,0.05718990111084871,0.29621334507546954
global_compatible,115,1,0,0,certified_reset,0,1,0.09600612548161347,0.09201225096322693,0.003993874518386541,0.07987749036773081,0.0,0.0,0,0,3.442991699790985,-1.8611685686422337,1.4715003521728547,-2.078123005285298,3.442991699790985,-1.8611685686422337,-0.20553442692145102,12.478758674208184,0.05718990111084871,0.29621334507546954
global_compatible,115,2,1,1,certified_reset,0,1,0.09201225096322693,0.0880183764448404,0.003993874518386541,0.07588361584934428,0.0,0.0,0,0,1.4715003521728547,-2.078123005285298,0.1408922729675284,-0.5412453467604122,1.4715003521728547,-2.078123005285298,1.55,3.002722926962115,0.05718990111084871,0.29621334507546954
global_compatible,115,3,1,1,certified_reset,0,1,0.0880183764448404,0.08402450192645386,0.003993874518386541,0.07188974133095774,0.0,0.0,0,0,0.1408922729675284,-0.5412453467604122,-0.08929158498334852,0.10796368816631877,0.1408922729675284,-0.5412453467604122,0.6570105300243633,0.0833725780661927,0.05718990111084871,0.29621334507546954
global_compatible,115,4,1,1,certified_reset,0,1,0.08402450192645386,0.08003062740806732,0.003993874518386541,0.0678958668125712,0.0,0.0,0,0,-0.08929158498334852,0.10796368816631877,0.021060378554514682,0.07292426318111131,-0.08929158498334852,0.10796368816631877,-0.07012574829053266,0.010194036096416573,0.05718990111084871,0.29621334507546954
global_compatible,115,5,0,0,certified_reset,0,1,0.08003062740806732,0.07603675288968079,0.003993874518386541,0.06390199229418467,0.0,0.0,0,0,0.021060378554514682,0.07292426318111131,0.025968013405467213,-0.049436781660329304,0.021060378554514682,0.07292426318111131,-0.1283951400616352,0.0018129030135370725,0.05718990111084871,0.29621334507546954
global_compatible,115,6,0,0,certified_reset,0,1,0.07603675288968079,0.07204287837129425,0.003993874518386541,0.05990811777579813,0.0,0.0,0,0,0.025968013405467213,-0.049436781660329304,0.0033281717193832665,-0.001731484034172593,0.025968013405467213,-0.049436781660329304,0.0469714827143323,0.0011694148935036883,0.05718990111084871,0.29621334507546954
global_compatible,115,7,0,0,certified_reset,0,1,0.07204287837129425,0.06804900385290771,0.003993874518386541,0.05591424325741159,0.0,0.0,0,0,0.0033281717193832665,-0.001731484034172593,0.003850312021630679,-0.0037966837865892993,0.0033281717193832665,-0.001731484034172593,-0.0007587111060265809,1.1630764710169798e-05,0.05718990111084871,0.29621334507546954
global_compatible,115,8,0,0,certified_reset,0,1,0.06804900385290771,0.06405512933452118,0.003993874518386541,0.051920368739025044,0.0,0.0,0,0,0.003850312021630679,-0.0037966837865892993,-0.00767390518791199,-0.003687068263804642,0.003850312021630679,-0.0037966837865892993,0.001758387667579712,1.749686624321415e-05,0.05718990111084871,0.29621334507546954
global_compatible,115,9,0,0,certified_reset,0,1,0.06405512933452118,0.060061254816134634,0.003993874518386541,0.0479264942206385,0.0,0.0,0,0,-0.00767390518791199,-0.003687068263804642,-0.010511345399572242,0.011708363640702298,-0.00767390518791199,-0.003687068263804642,0.013072780919220926,6.560826588586318e-05,0.05718990111084871,0.29621334507546954
global_compatible,115,10,0,0,certified_reset,0,1,0.060061254816134634,0.05606738029774809,0.003993874518386541,0.04393261970225196,0.0,0.0,0,0,-0.010511345399572242,0.011708363640702298,-0.0008041312733431942,-0.004899615507955514,-0.010511345399572242,0.011708363640702298,-0.006779003035724459,0.0001363126944087931,0.05718990111084871,0.29621334507546954
global_compatible,115,11,0,0,certified_reset,0,1,0.05606738029774809,0.05207350577936155,0.003993874518386541,0.039938745183865414,0.0,0.0,0,0,-0.0008041312733431942,-0.004899615507955514,-0.004780792047370292,0.022450127295769073,-0.0008041312733431942,-0.004899615507955514,0.008015920188473094,6.57412329911148e-06,0.05718990111084871,0.29621334507546954
global_compatible,115,12,0,0,certified_reset,0,1,0.05207350577936155,0.048079631260975,0.003993874518386541,0.03594487066547887,0.0,0.0,0,0,-0.004780792047370292,0.022450127295769073,0.00617598366165042,-0.0189372004577191,-0.004780792047370292,0.022450127295769073,-0.028309754246278598,0.00013361350604463866,0.05718990111084871,0.29621334507546954
global_compatible,115,13,0,0,certified_reset,0,1,0.048079631260975,0.04408575674258846,0.003993874518386541,0.03195099614709233,0.0,0.0,0,0,0.00617598366165042,-0.0189372004577191,-0.0013814894294014056,-0.006643799838760452,0.00617598366165042,-0.0189372004577191,0.021743818976819238,0.00011451377679304061,0.05718990111084871,0.29621334507546954
global_compatible,115,14,0,0,certified_reset,0,1,0.04408575674258846,0.040091882224201916,0.003993874518386541,0.027957121628705783,0.0,0.0,0,0,-0.0013814894294014056,-0.006643799838760452,0.0024027653380513728,0.012166558098908003,-0.0013814894294014056,-0.006643799838760452,0.011164290263565803,1.296976120432899e-05,0.05718990111084871,0.29621334507546954
global_compatible,115,15,0,0,certified_reset,0,1,0.040091882224201916,0.03609800770581537,0.003993874518386541,0.023963247110319243,0.0,0.0,0,0,0.0024027653380513728,0.012166558098908003,0.0018712575287262315,-0.010238903957655043,0.0024027653380513728,0.012166558098908003,-0.020316315624114126,4.273662275854542e-05,0.05718990111084871,0.29621334507546954
global_compatible,115,16,1,1,certified_reset,0,1,0.03609800770581537,0.03210413318742883,0.003993874518386541,0.019969372591932703,0.0,0.0,0,0,0.0018712575287262315,-0.010238903957655043,-0.007096873571281896,-0.05603852721138088,0.0018712575287262315,-0.010238903957655043,0.013224432199419047,2.6744072679475523e-05,0.05718990111084871,0.29621334507546954
global_compatible,115,17,0,0,certified_reset,0,1,0.03210413318742883,0.02811025866904229,0.003993874518386541,0.015975498073546163,0.0,0.0,0,0,-0.007096873571281896,-0.05603852721138088,-0.022368867813250225,0.042666505848532474,-0.007096873571281896,-0.05603852721138088,0.08961729956667391,0.0008164040997910554,0.05718990111084871,0.29621334507546954
global_compatible,115,18,0,0,certified_reset,0,1,0.02811025866904229,0.02411638415065575,0.003993874518386541,0.011981623555159623,0.0,0.0,0,0,-0.022368867813250225,0.042666505848532474,0.006311208390055424,0.004529869869519733,-0.022368867813250225,0.042666505848532474,-0.0405789804436007,0.0008692101184308291,0.05718990111084871,0.29621334507546954
global_compatible,115,19,0,0,certified_reset,0,1,0.02411638415065575,0.02012250963226921,0.003993874518386541,0.007987749036773082,0.0,0.0,0,0,0.006311208390055424,0.004529869869519733,0.0043885854115325905,0.0009273283552166025,0.006311208390055424,0.004529869869519733,-0.012963728232818186,4.772635737132605e-05,0.05718990111084871,0.29621334507546954
global_compatible,115,20,0,0,certified_reset,0,1,0.02012250963226921,0.01612863511388267,0.003993874518386541,0.003993874518386541,0.0,0.0,0,0,0.0043885854115325905,0.0009273283552166025,0.003920811085340968,0.002325776450668563,0.0043885854115325905,0.0009273283552166025,-0.005738980078515118,2.023786804096648e-05,0.05718990111084871,0.29621334507546954
global_compatible,115,21,0,0,certified_reset,0,1,0.01612863511388267,0.01213476059549613,0.003993874518386541,0.0,0.0,0.0,0,0,0.003920811085340968,0.002325776450668563,0.0003405304266220514,-0.00154115023216726,0.003920811085340968,0.002325776450668563,-0.007330175151053433,1.7689708758287855e-05,0.05718990111084871,0.29621334507546954
global_compatible,116,0,0,0,certified_reset,0,1,0.1,0.09600612548161347,0.003993874518386541,0.08387136488611735,0.0,0.0,0,0,0.3766361969866523,0.5915997197818667,0.34896121538106933,-0.6474319433458692,0.3766361969866523,0.5915997197818667,-1.246521550247058,0.24369846538160353,0.05718990111084871,0.29621334507546954
global_compatible,116,1,0,0,certified_reset,0,1,0.09600612548161347,0.09201225096322693,0.003993874518386541,0.07987749036773081,0.0,0.0,0,0,0.34896121538106933,-0.6474319433458692,2.3390199904195497e-06,-0.04419918371504885,0.34896121538106933,-0.6474319433458692,0.6062444085332792,0.2064124987398093,0.05718990111084871,0.29621334507546954
global_compatible,116,2,0,0,certified_reset,0,1,0.09201225096322693,0.0880183764448404,0.003993874518386541,0.07588361584934428,0.0,0.0,0,0,2.3390199904195497e-06,-0.04419918371504885,-0.012644411741282358,0.015293593984361399,2.3390199904195497e-06,-0.04419918371504885,0.06510600034905745,0.0004576119989010963,0.05718990111084871,0.29621334507546954
global_compatible,116,3,0,0,certified_reset,0,1,0.0880183764448404,0.08402450192645386,0.003993874518386541,0.07188974133095774,0.0,0.0,0,0,-0.012644411741282358,0.015293593984361399,-0.00469826446916567,0.011540852557431522,-0.012644411741282358,0.015293593984361399,-0.009938661282869219,0.00020445149603799838,0.05718990111084871,0.29621334507546954
global_compatible,116,4,0,0,certified_reset,0,1,0.08402450192645386,0.08003062740806732,0.003993874518386541,0.0678958668125712,0.0,0.0,0,0,-0.00469826446916567,0.011540852557431522,0.008356115512905937,0.007281517781558829,-0.00469826446916567,0.011540852557431522,-0.012321327187305837,4.9843496609067884e-05,0.05718990111084871,0.29621334507546954
global_compatible,116,5,0,0,certified_reset,0,1,0.08003062740806732,0.07603675288968079,0.003993874518386541,0.06390199229418467,0.0,0.0,0,0,0.008356115512905937,0.007281517781558829,-0.00043321568682799967,-0.009188070545549843,0.008356115512905937,0.007281517781558829,-0.01904545870290931,8.843659411170118e-05,0.05718990111084871,0.29621334507546954
global_compatible,116,6,0,0,certified_reset,0,1,0.07603675288968079,0.07204287837129425,0.003993874518386541,0.05990811777579813,0.0,0.0,0,0,-0.00043321568682799967,-0.009188070545549843,0.002286614741561813,0.013691921102070103,-0.00043321568682799967,-0.009188070545549843,0.013966090042571534,2.0259682871244353e-05,0.05718990111084871,0.29621334507546954
global_compatible,116,7,0,0,certified_reset,0,1,0.07204287837129425,0.06804900385290771,0.003993874518386541,0.05591424325741159,0.0,0.0,0,0,0.002286614741561813,0.013691921102070103,0.00789425063153016,0.004173858152285855,0.002286614741561813,0.013691921102070103,-0.022449509213428368,5.1572485198179194e-05,0.05718990111084871,0.29621334507546954
global_compatible,116,8,0,0,certified_reset,0,1,0.06804900385290771,0.06405512933452118,0.003993874518386541,0.051920368739025044,0.0,0.0,0,0,0.00789425063153016,0.004173858152285855,0.010629083533774834,-0.014546762375349631,0.00789425063153016,0.004173858152285855,-0.014009920596561686,7.036193644903596e-05,0.05718990111084871,0.29621334507546954
global_compatible,116,9,0,0,certified_reset,0,1,0.06405512933452118,0.060061254816134634,0.003993874518386541,0.0479264942206385,0.0,0.0,0,0,0.010629083533774834,-0.014546762375349631,0.003967836113765597,-0.016108894812371235,0.010629083533774834,-0.014546762375349631,0.010844874462902651,0.00015400719252974603,0.05718990111084871,0.29621334507546954
global_compatible,116,10,0,0,certified_reset,0,1,0.060061254816134634,0.05606738029774809,0.003993874518386541,0.04393261970225196,0.0,0.0,0,0,0.003967836113765597,-0.016108894812371235,-0.0053827467730073325,0.002864820527802099,0.003967836113765597,-0.016108894812371235,0.0197785378311938,7.223285596788894e-05,0.05718990111084871,0.29621334507546954
global_compatible,116,11,0,0,certified_reset,0,1,0.05606738029774809,0.05207350577936155,0.003993874518386541,0.039938745183865414,0.0,0.0,0,0,-0.0053827467730073325,0.002864820527802099,-0.009606820150685012,0.005791448649670692,-0.0053827467730073325,0.002864820527802099,0.001141255195598576,3.0483819806030803e-05,0.05718990111084871,0.29621334507546954
global_compatible,116,12,0,0,certified_reset,0,1,0.05207350577936155,0.048079631260975,0.003993874518386541,0.03594487066547887,0.0,0.0,0,0,-0.009606820150685012,0.005791448649670692,-0.0014343471568413063,-0.00410137979886226,-0.009606820150685012,0.005791448649670692,0.0010330925774218785,9.835503335756473e-05,0.05718990111084871,0.29621334507546954
global_compatible,116,13,0,0,certified_reset,0,1,0.048079631260975,0.04408575674258846,0.003993874518386541,0.03195099614709233,0.0,0.0,0,0,-0.0014343471568413063,-0.00410137979886226,0.0029083686850165102,-0.008210061414354139,-0.0014343471568413063,-0.00410137979886226,0.007468379102733758,6.479605852705274e-06,0.05718990111084871,0.29621334507546954
global_compatible,116,14,0,0,certified_reset,0,1,0.04408575674258846,0.040091882224201916,0.003993874518386541,0.027957121628705783,0.0,0.0,0,0,0.0029083686850165102,-0.008210061414354139,-0.0025547574635301808,-0.009860814195162432,0.0029083686850165102,-0.008210061414354139,0.009199319040279194,2.270721469504975e-05,0.05718990111084871,0.29621334507546954
global_compatible,116,15,0,0,certified_reset,0,1,0.040091882224201916,0.03609800770581537,0.003993874518386541,0.023963247110319243,0.0,0.0,0,0,-0.0025547574635301808,-0.009860814195162432,0.006403461448290964,0.013437738492826947,-0.0025547574635301808,-0.009860814195162432,0.01706737518593819,3.131158627737567e-05,0.05718990111084871,0.29621334507546954
global_compatible,116,16,0,0,certified_reset,0,1,0.03609800770581537,0.03210413318742883,0.003993874518386541,0.019969372591932703,0.0,0.0,0,0,0.006403461448290964,0.013437738492826947,0.0010247404254242936,-0.009034440141245957,0.006403461448290964,0.013437738492826947,-0.02617526408554151,9.063603661273314e-05,0.05718990111084871,0.29621334507546954
global_compatible,116,17,0,0,certified_reset,0,1,0.03210413318742883,0.02811025866904229,0.003993874518386541,0.015975498073546163,0.0,0.0,0,0,0.0010247404254242936,-0.009034440141245957,0.010356934683592,-0.004932883006041762,0.0010247404254242936,-0.009034440141245957,0.012291416162487715,1.9518865281321497e-05,0.05718990111084871,0.29621334507546954
global_compatible,116,18,0,0,certified_reset,0,1,0.02811025866904229,0.02411638415065575,0.003993874518386541,0.011981623555159623,0.0,0.0,0,0,0.010356934683592,-0.004932883006041762,-0.0030245060761438405,0.0006019252795896497,0.010356934683592,-0.004932883006041762,-0.0030451827877205394,0.00011187792475068988,0.05718990111084871,0.29621334507546954
global_compatible,116,19,0,0,certified_reset,0,1,0.02411638415065575,0.02012250963226921,0.003993874518386541,0.007987749036773082,0.0,0.0,0,0,-0.0030245060761438405,0.0006019252795896497,-0.0006624745153379889,0.023630298798400336,-0.0030245060761438405,0.0006019252795896497,0.002124129037206885,9.32565163639628e-06,0.05718990111084871,0.29621334507546954
global_compatible,116,20,0,0,certified_reset,0,1,0.02012250963226921,0.01612863511388267,0.003993874518386541,0.003993874518386541,0.0,0.0,0,0,-0.0006624745153379889,0.023630298798400336,-0.0020961851162958414,-0.018124645084481167,-0.0006624745153379889,0.023630298798400336,-0.034152803991878984,0.00013010960683046738,0.05718990111084871,0.29621334507546954
global_compatible,116,21,0,0,certified_reset,0,1,0.01612863511388267,0.01213476059549613,0.003993874518386541,0.0,0.0,0.0,0,0,-0.0020961851162958414,-0.018124645084481167,-0.001989931304651385,0.006597895563842226,-0.0020961851162958414,-0.018124645084481167,0.02878333986298801,8.42365050824004e-05,0.05718990111084871,0.29621334507546954
global_compatible,117,0,0,0,certified_reset,0,1,0.1,0.09600612548161347,0.003993874518386541,0.08387136488611735,0.0,0.0,0,0,1.9868672252513253,0.5630980012386287,1.7765594769429927,-0.9857058675321596,1.9868672252513253,0.5630980012386287,-1.55,4.064778155397709,0.05718990111084871,0.29621334507546954
global_compatible,117,1,0,0,certified_reset,0,1,0.09600612548161347,0.09201225096322693,0.003993874518386541,0.07987749036773081,0.0,0.0,0,0,1.7765594769429927,-0.9857058675321596,0.6273095096820662,-1.3014598787111529,1.7765594769429927,-0.9857058675321596,-0.3169974718046442,3.333566650355942,0.05718990111084871,0.29621334507546954
global_compatible,117,2,0,0,certified_reset,0,1,0.09201225096322693,0.0880183764448404,0.003993874518386541,0.07588361584934428,0.0,0.0,0,0,0.6273095096820662,-1.3014598787111529,-0.025253485407333548,-0.025129538897970247,0.6273095096820662,-1.3014598787111529,1.2925208081317938,0.7401660787849688,0.05718990111084871,0.29621334507546954
global_compatible,117,3,0,0,certified_reset,0,1,0.0880183764448404,0.08402450192645386,0.003993874518386541,0.07188974133095774,0.0,0.0,0,0,-0.025253485407333548,-0.025129538897970247,-0.02526128825757401,0.04674847978669515,-0.025253485407333548,-0.025129538897970247,0.06216392179159416,0.0008480162250716223,0.05718990111084871,0.29621334507546954
global_compatible,117,4,0,0,certified_reset,0,1,0.08402450192645386,0.08003062740806732,0.003993874518386541,0.0678958668125712,0.0,0.0,0,0,-0.02526128825757401,0.04674847978669515,-0.0027193169509427606,0.002587837599350091,-0.02526128825757401,0.04674847978669515,-0.043712935184008164,0.0010792788672183472,0.05718990111084871,0.29621334507546954
global_compatible,117,5,0,0,certified_reset,0,1,0.08003062740806732,0.07603675288968079,0.003993874518386541,0.06390199229418467,0.0,0.0,0,0,-0.0027193169509427606,0.002587837599350091,-0.005154430363744106,-0.004282190881721309,-0.0027193169509427606,0.002587837599350091,-0.00110989564015327,8.63092400729522e-06,0.05718990111084871,0.29621334507546954
global_compatible,117,6,0,0,certified_reset,0,1,0.07603675288968079,0.07204287837129425,0.003993874518386541,0.05990811777579813,0.0,0.0,0,0,-0.005154430363744106,-0.004282190881721309,0.0011805676552562976,0.006824613911840551,-0.005154430363744106,-0.004282190881721309,0.011439429579206305,3.3140354676677186e-05,0.05718990111084871,0.29621334507546954
global_compatible,117,7,0,0,certified_reset,0,1,0.07204287837129425,0.06804900385290771,0.003993874518386541,0.05591424325741159,0.0,0.0,0,0,0.0011805676552562976,0.006824613911840551,-0.009952461253817001,-0.02066879670949432,0.0011805676552562976,0.006824613911840551,-0.011227587875101513,1.292877213418928e-05,0.05718990111084871,0.29621334507546954
global_compatible,117,8,0,0,certified_reset,0,1,0.06804900385290771,0.06405512933452118,0.003993874518386541,0.051920368739025044,0.0,0.0,0,0,-0.009952461253817001,-0.02066879670949432,-0.01301566678902438,0.015311784418184564,-0.009952461253817001,-0.02066879670949432,0.04036045985431353,0.0002166715013353326,0.05718990111084871,0.29621334507546954
global_compatible,117,9,0,0,certified_reset,0,1,0.06405512933452118,0.060061254816134634,0.003993874518386541,0.0479264942206385,0.0,0.0,0,0,-0.01301566678902438,0.015311784418184564,-0.008883624411956448,0.007637038229639628,-0.01301566678902438,0.015311784418184564,-0.009595652321383296,0.00021391062912214662,0.05718990111084871,0.29621334507546954
global_compatible,117,10,0,0,certified_reset,0,1,0.060061254816134634,0.05606738029774809,0.003993874518386541,0.04393261970225196,0.0,0.0,0,0,-0.008883624411956448,0.007637038229639628,-0.00813206382502789,0.002853517155545,-0.008883624411956448,0.007637038229639628,-0.0024067250265869585,8.956197435232444e-05,0.05718990111084871,0.29621334507546954
global_compatible,117,11,0,0,certified_reset,0,1,0.05606738029774809,0.05207350577936155,0.003993874518386541,0.039938745183865414,0.0,0.0,0,0,-0.00813206382502789,0.002853517155545,-0.0019158407892979248,0.007459067371227144,-0.00813206382502789,0.002853517155545,0.003891522941601824,6.79747216527107e-05,0.05718990111084871,0.29621334507546954
global_compatible,117,12,0,0,certified_reset,0,1,0.05207350577936155,0.048079631260975,0.003993874518386541,0.03594487066547887,0.0,0.0,0,0,-0.0019158407892979248,0.007459067371227144,0.007048487053448907,-0.00691989707658048,-0.0019158407892979248,0.007459067371227144,-0.009078477441663655,1.5745698235138567e-05,0.05718990111084871,0.29621334507546954
global_compatible,117,13,0,0,certified_reset,0,1,0.048079631260975,0.04408575674258846,0.003993874518386541,0.03195099614709233,0.0,0.0,0,0,0.007048487053448907,-0.00691989707658048,0.00755587648807779,-0.005886059441333656,0.007048487053448907,-0.00691989707658048,0.003172631749718241,5.855210514720393e-05,0.05718990111084871,0.29621334507546954
global_compatible,117,14,0,0,certified_reset,0,1,0.04408575674258846,0.040091882224201916,0.003993874518386541,0.027957121628705783,0.0,0.0,0,0,0.00755587648807779,-0.005886059441333656,0.0012393668870797825,0.007426280041107626,0.00755587648807779,-0.005886059441333656,0.0011481839019321575,6.336045289434753e-05,0.05718990111084871,0.29621334507546954
global_compatible,117,15,0,0,certified_reset,0,1,0.040091882224201916,0.03609800770581537,0.003993874518386541,0.023963247110319243,0.0,0.0,0,0,0.0012393668870797825,0.007426280041107626,0.007460017401488017,0.004374723665791263,0.0012393668870797825,0.007426280041107626,-0.012171972993314375,1.516688778935082e-05,0.05718990111084871,0.29621334507546954
global_compatible,117,16,0,0,certified_reset,0,1,0.03609800770581537,0.03210413318742883,0.003993874518386541,0.019969372591932703,0.0,0.0,0,0,0.007460017401488017,0.004374723665791263,0.0024250406483341605,-0.017736994506447917,0.007460017401488017,0.004374723665791263,-0.013870230271105543,6.390631911220748e-05,0.05718990111084871,0.29621334507546954
global_compatible,117,17,0,0,certified_reset,0,1,0.03210413318742883,0.02811025866904229,0.003993874518386541,0.015975498073546163,0.0,0.0,0,0,0.0024250406483341605,-0.017736994506447917,-0.005479354718623392,-0.004105866613717904,0.0024250406483341605,-0.017736994506447917,0.023716512023964086,7.657082105256123e-05,0.05718990111084871,0.29621334507546954
global_compatible,117,18,0,0,certified_reset,0,1,0.02811025866904229,0.02411638415065575,0.003993874518386541,0.011981623555159623,0.0,0.0,0,0,-0.005479354718623392,-0.004105866613717904,-0.0027659807308636247,0.005615862642287352,-0.005479354718623392,-0.004105866613717904,0.011508867030169304,3.6369143957389185e-05,0.05718990111084871,0.29621334507546954
global_compatible,117,19,0,0,certified_reset,0,1,0.02411638415065575,0.02012250963226921,0.003993874518386541,0.007987749036773082,0.0,0.0,0,0,-0.0027659807308636247,0.005615862642287352,-0.007886781500938762,0.0002665880042231898,-0.0027659807308636247,0.005615862642287352,-0.005516161541488854,1.408817473637085e-05,0.05718990111084871,0.29621334507546954
global_compatible,117,20,0,0,certified_reset,0,1,0.02012250963226921,0.01612863511388267,0.003993874518386541,0.003993874518386541,0.0,0.0,0,0,-0.007886781500938762,0.0002665880042231898,-0.010556658798331243,0.0035103709343270416,-0.007886781500938762,0.0002665880042231898,0.007459879621578713,6.360535999228023e-05,0.05718990111084871,0.29621334507546954
global_compatible,117,21,0,0,certified_reset,0,1,0.01612863511388267,0.01213476059549613,0.003993874518386541,0.0,0.0,0.0,0,0,-0.010556658798331243,0.0035103709343270416,-0.0036871698668928393,0.006684532846796395,-0.010556658798331243,0.0035103709343270416,0.005340394435288298,0.00011437412703987817,0.05718990111084871,0.29621334507546954
global_compatible,118,0,0,0,certified_reset,0,1,0.1,0.09600612548161347,0.003993874518386541,0.08387136488611735,0.0,0.0,0,0,2.1639966004408695,-0.4059539690150311,1.099973259640623,-1.7259875791979236,2.1639966004408695,-0.4059539690150311,-1.3194234832113954,4.756066997413512,0.05718990111084871,0.29621334507546954
global_compatible,118,1,0,0,certified_reset,0,1,0.09600612548161347,0.09201225096322693,0.003993874518386541,0.07987749036773081,0.0,0.0,0,0,1.099973259640623,-1.7259875791979236,0.09068294675386847,-0.2736212532235601,1.099973259640623,-1.7259875791979236,1.4472270761406516,1.7985287894104744,0.05718990111084871,0.29621334507546954
global_compatible,118,2,0,0,certified_reset,0,1,0.09201225096322693,0.0880183764448404,0.003993874518386541,0.07588361584934428,0.0,0.0,0,0,0.09068294675386847,-0.2736212532235601,-0.03842298112834938,0.036797074935603226,0.09068294675386847,-0.2736212532235601,0.3127743522802897,0.024145437956887502,0.05718990111084871,0.29621334507546954
global_compatible,118,3,0,0,certified_reset,0,1,0.0880183764448404,0.08402450192645386,0.003993874518386541,0.07188974133095774,0.0,0.0,0,0,-0.03842298112834938,0.036797074935603226,-0.0020987288864461415,0.030258808764795773,-0.03842298112834938,0.036797074935603226,-0.015946101205691177,0.0017264068826679984,0.05718990111084871,0.29621334507546954
global_compatible,118,4,0,0,certified_reset,0,1,0.08402450192645386,0.08003062740806732,0.003993874518386541,0.0678958668125712,0.0,0.0,0,0,-0.0020987288864461415,0.030258808764795773,0.011690900800575416,-0.003790699252389817,-0.0020987288864461415,0.030258808764795773,-0.0424863628227958,0.00021433913000216625,0.05718990111084871,0.29621334507546954
global_compatible,118,5,2,2,certified_reset,0,1,0.08003062740806732,0.07603675288968079,0.003993874518386541,0.06390199229418467,0.0,0.0,0,0,0.011690900800575416,-0.003790699252389817,0.035006684101673444,-0.012090109715312377,0.011690900800575416,-0.003790699252389817,-0.006061230612145611,0.00014018211659020755,0.05718990111084871,0.29621334507546954
global_compatible,118,6,2,2,certified_reset,0,1,0.07603675288968079,0.07204287837129425,0.003993874518386541,0.05990811777579813,0.0,0.0,0,0,0.035006684101673444,-0.012090109715312377,-0.013436254243135267,0.010323959101770069,0.035006684101673444,-0.012090109715312377,-0.017049930585469435,0.0012590461706456816,0.05718990111084871,0.29621334507546954
global_compatible,118,7,0,0,certified_reset,0,1,0.07204287837129425,0.06804900385290771,0.003993874518386541,0.05591424325741159,0.0,0.0,0,0,-0.013436254243135267,0.010323959101770069,-0.0009222597332106883,0.006794949043633052,-0.013436254243135267,0.010323959101770069,-0.0018269599095744548,0.00019980151632525403,0.05718990111084871,0.29621334507546954
global_compatible,118,8,0,0,certified_reset,0,1,0.06804900385290771,0.06405512933452118,0.003993874518386541,0.051920368739025044,0.0,0.0,0,0,-0.0009222597332106883,0.006794949043633052,-0.0003253980520389558,-0.013417471222747059,-0.0009222597332106883,0.006794949043633052,-0.009089817063437151,1.122702222267323e-05,0.05718990111084871,0.29621334507546954
global_compatible,118,9,0,0,certified_reset,0,1,0.06405512933452118,0.060061254816134634,0.003993874518386541,0.0479264942206385,0.0,0.0,0,0,-0.0003253980520389558,-0.013417471222747059,-0.008488150909951885,0.01444786927768035,-0.0003253980520389558,-0.013417471222747059,0.020090368787240256,4.260159296483787e-05,0.05718990111084871,0.29621334507546954
global_compatible,118,10,1,1,certified_reset,0,1,0.060061254816134634,0.05606738029774809,0.003993874518386541,0.04393261970225196,0.0,0.0,0,0,-0.008488150909951885,0.01444786927768035,0.012789072554540287,-0.004376044596746095,-0.008488150909951885,0.01444786927768035,-0.012830964711136587,0.00011373791405526697,0.05718990111084871,0.29621334507546954
global_compatible,118,11,1,1,certified_reset,0,1,0.05606738029774809,0.05207350577936155,0.003993874518386541,0.039938745183865414,0.0,0.0,0,0,0.012789072554540287,-0.004376044596746095,-0.010961142586379117,-0.024480857126619352,0.012789072554540287,-0.004376044596746095,-0.006286604806190953,0.00016799536974131414,0.05718990111084871,0.29621334507546954
global_compatible,118,12,1,1,certified_reset,0,1,0.05207350577936155,0.048079631260975,0.003993874518386541,0.03594487066547887,0.0,0.0,0,0,-0.010961142586379117,-0.024480857126619352,-0.0293274522905426,0.006204856079588789,-0.010961142586379117,-0.024480857126619352,0.04697954513428787,0.00028319981414225956,0.05718990111084871,0.29621334507546954
global_compatible,118,13,1,1,certified_reset,0,1,0.048079631260975,0.04408575674258846,0.003993874518386541,0.03195099614709233,0.0,0.0,0,0,-0.0293274522905426,0.006204856079588789,0.019077334851013938,0.021123229090437103,-0.0293274522905426,0.006204856079588789,0.02006270983151221,0.0008770923090129527,0.05718990111084871,0.29621334507546954
global_compatible,118,14,0,0,certified_reset,0,1,0.04408575674258846,0.040091882224201916,0.003993874518386541,0.027957121628705783,0.0,0.0,0,0,0.019077334851013938,0.021123229090437103,0.021845638636372035,-0.024746485632246976,0.019077334851013938,0.021123229090437103,-0.050114125706968084,0.0005070446901993318,0.05718990111084871,0.29621334507546954
global_compatible,118,15,0,0,certified_reset,0,1,0.040091882224201916,0.03609800770581537,0.003993874518386541,0.023963247110319243,0.0,0.0,0,0,0.021845638636372035,-0.024746485632246976,0.008250987354280901,-0.026364514537958093,0.021845638636372035,-0.024746485632246976,0.014700058128220074,0.000592864159361738,0.05718990111084871,0.29621334507546954
global_compatible,118,16,0,0,certified_reset,0,1,0.03609800770581537,0.03210413318742883,0.003993874518386541,0.019969372591932703,0.0,0.0,0,0,0.008250987354280901,-0.026364514537958093,-0.009819167321572043,0.010325171048620518,0.008250987354280901,-0.026364514537958093,0.03062144890389383,0.0002166363934728445,0.05718990111084871,0.29621334507546954
global_compatible,118,17,0,0,certified_reset,0,1,0.03210413318742883,0.02811025866904229,0.003993874518386541,0.015975498073546163,0.0,0.0,0,0,-0.009819167321572043,0.010325171048620518,-0.00369461379947351,0.01001913077890392,-0.009819167321572043,0.010325171048620518,-0.0054259307223203275,0.00011634171328710263,0.05718990111084871,0.29621334507546954
global_compatible,118,18,0,0,certified_reset,0,1,0.02811025866904229,0.02411638415065575,0.003993874518386541,0.011981623555159623,0.0,0.0,0,0,-0.00369461379947351,0.01001913077890392,-0.005706739923106563,0.0027569379473910386,-0.00369461379947351,0.01001913077890392,-0.011079128632473866,3.478778509029302e-05,0.05718990111084871,0.29621334507546954
global_compatible,118,19,0,0,certified_reset,0,1,0.02411638415065575,0.02012250963226921,0.003993874518386541,0.007987749036773082,0.0,0.0,0,0,-0.005706739923106563,0.0027569379473910386,0.0013255240114569485,0.0013997590038951429,-0.005706739923106563,0.0027569379473910386,0.0016201647271315853,3.400063112579199e-05,0.05718990111084871,0.29621334507546954
global_compatible,118,20,0,0,certified_reset,0,1,0.02012250963226921,0.01612863511388267,0.003993874518386541,0.003993874518386541,0.0,0.0,0,0,0.0013255240114569485,0.0013997590038951429,-0.00255568093509581,-0.016306521025015265,0.0013255240114569485,0.0013997590038951429,-0.0033799970139428803,2.3953019487228842e-06,0.05718990111084871,0.29621334507546954
global_compatible,118,21,0,0,certified_reset,0,1,0.01612863511388267,0.01213476059549613,0.003993874518386541,0.0,0.0,0.0,0,0,-0.00255568093509581,-0.016306521025015265,-0.005640127535088271,0.015703571591007867,-0.00255568093509581,-0.016306521025015265,0.02656768884572589,7.204003033616257e-05,0.05718990111084871,0.29621334507546954
global_compatible,119,0,0,0,certified_reset,0,1,0.1,0.09600612548161347,0.003993874518386541,0.08387136488611735,0.0,0.0,0,0,5.211620665535387,0.4074280588270386,4.852859675349668,-1.1431423112272758,5.211620665535387,0.4074280588270386,-1.55,27.25093203359703,0.05718990111084871,0.29621334507546954
global_compatible,119,1,0,0,certified_reset,0,1,0.09600612548161347,0.09201225096322693,0.003993874518386541,0.07987749036773081,0.0,0.0,0,0,4.852859675349668,-1.1431423112272758,2.9291325701842403,-2.689975890198046,4.852859675349668,-1.1431423112272758,-1.55,23.845528910504136,0.05718990111084871,0.29621334507546954
global_compatible,119,2,0,0,certified_reset,0,1,0.09201225096322693,0.0880183764448404,0.003993874518386541,0.07588361584934428,0.0,0.0,0,0,2.9291325701842403,-2.689975890198046,0.8255339517408797,-1.510489566257517,2.9291325701842403,-2.689975890198046,1.1812577053280735,9.917176510046477,0.05718990111084871,0.29621334507546954
global_compatible,119,3,0,0,certified_reset,0,1,0.0880183764448404,0.08402450192645386,0.003993874518386541,0.07188974133095774,0.0,0.0,0,0,0.8255339517408797,-1.510489566257517,0.020311897127120157,-0.09899537678425042,0.8255339517408797,-1.510489566257517,1.4030555793332615,1.141404600803476,0.05718990111084871,0.29621334507546954
global_compatible,119,4,0,0,certified_reset,0,1,0.08402450192645386,0.08003062740806732,0.003993874518386541,0.0678958668125712,0.0,0.0,0,0,0.020311897127120157,-0.09899537678425042,-0.018466667151302883,0.031465361017146566,0.020311897127120157,-0.09899537678425042,0.12560146764634336,0.0025709816142136252,0.05718990111084871,0.29621334507546954
global_compatible,119,5,0,0,certified_reset,0,1,0.08003062740806732,0.07603675288968079,0.003993874518386541,0.06390199229418467,0.0,0.0,0,0,-0.018466667151302883,0.031465361017146566,0.0005613917688056041,0.004099384907942905,-0.018466667151302883,0.031465361017146566,-0.02796409070832017,0.0005387799648146739,0.05718990111084871,0.29621334507546954
global_compatible,119,6,0,0,certified_reset,0,1,0.07603675288968079,0.07204287837129425,0.003993874518386541,0.05990811777579813,0.0,0.0,0,0,0.0005613917688056041,0.004099384907942905,-0.0024848854959364642,0.0055805288995928,0.0005613917688056041,0.004099384907942905,-0.006595104772037914,4.4274380841612275e-06,0.05718990111084871,0.29621334507546954
global_compatible,119,7,0,0,certified_reset,0,1,0.07204287837129425,0.06804900385290771,0.003993874518386541,0.05591424325741159,0.0,0.0,0,0,-0.0024848854959364642,0.0055805288995928,0.00434377909486418,-0.0007013863117259124,-0.0024848854959364642,0.0055805288995928,-0.005748452909177999,1.2606388202995609e-05,0.05718990111084871,0.29621334507546954
global_compatible,119,8,0,0,certified_reset,0,1,0.06804900385290771,0.06405512933452118,0.003993874518386541,0.051920368739025044,0.0,0.0,0,0,0.00434377909486418,-0.0007013863117259124,0.008448755751152103,0.013161985241119422,0.00434377909486418,-0.0007013863117259124,-0.0032914653844500247,1.9227810130894657e-05,0.05718990111084871,0.29621334507546954
global_compatible,119,9,0,0,certified_reset,0,1,0.06405512933452118,0.060061254816134634,0.003993874518386541,0.0479264942206385,0.0,0.0,0,0,0.008448755751152103,0.013161985241119422,0.0070240717313046624,-0.01302257425266272,0.008448755751152103,0.013161985241119422,-0.027802876380808424,0.00012188928610652879,0.05718990111084871,0.29621334507546954
global_compatible,119,10,0,0,certified_reset,0,1,0.060061254816134634,0.05606738029774809,0.003993874518386541,0.04393261970225196,0.0,0.0,0,0,0.0070240717313046624,-0.01302257425266272,-0.005477673191675616,-0.002175020946388477,0.0070240717313046624,-0.01302257425266272,0.012187165179804867,8.357649779441e-05,0.05718990111084871,0.29621334507546954
global_compatible,119,11,0,0,certified_reset,0,1,0.05606738029774809,0.05207350577936155,0.003993874518386541,0.039938745183865414,0.0,0.0,0,0,-0.005477673191675616,-0.002175020946388477,-0.0052127878946365315,0.023040906034341266,-0.005477673191675616,-0.002175020946388477,0.008656077125564085,3.272962427599573e-05,0.05718990111084871,0.29621334507546954
global_compatible,119,12,0,0,certified_reset,0,1,0.05207350577936155,0.048079631260975,0.003993874518386541,0.03594487066547887,0.0,0.0,0,0,-0.0052127878946365315,0.023040906034341266,-0.002654301341881187,-0.013432733825061858,-0.0052127878946365315,0.023040906034341266,-0.02875314241000529,0.00014340074075472214,0.05718990111084871,0.29621334507546954
global_compatible,119,13,0,0,certified_reset,0,1,0.048079631260975,0.04408575674258846,0.003993874518386541,0.03195099614709233,0.0,0.0,0,0,-0.002654301341881187,-0.013432733825061858,-0.006371237729892392,0.00623123523323957,-0.002654301341881187,-0.013432733825061858,0.022431040577584993,5.2103005991036855e-05,0.05718990111084871,0.29621334507546954
global_compatible,119,14,0,0,certified_reset,0,1,0.04408575674258846,0.040091882224201916,0.003993874518386541,0.027957121628705783,0.0,0.0,0,0,-0.006371237729892392,0.00623123523323957,-0.008707014491467739,-0.016425263088853885,-0.006371237729892392,0.00623123523323957,-0.0028323043522757983,4.778231156515629e-05,0.05718990111084871,0.29621334507546954
global_compatible,119,15,0,0,certified_reset,0,1,0.040091882224201916,0.03609800770581537,0.003993874518386541,0.023963247110319243,0.0,0.0,0,0,-0.008707014491467739,-0.016425263088853885,-0.013476433934315055,0.022826642243286125,-0.008707014491467739,-0.016425263088853885,0.032868960168030474,0.00015138338307467042,0.05718990111084871,0.29621334507546954
global_compatible,119,16,0,0,certified_reset,0,1,0.03609800770581537,0.03210413318742883,0.003993874518386541,0.019969372591932703,0.0,0.0,0,0,-0.013476433934315055,0.022826642243286125,-0.001051419032078777,0.002479141203621203,-0.013476433934315055,0.022826642243286125,-0.020204555496367932,0.0002856098804546391,0.05718990111084871,0.29621334507546954
global_compatible,119,17,0,0,certified_reset,0,1,0.03210413318742883,0.02811025866904229,0.003993874518386541,0.015975498073546163,0.0,0.0,0,0,-0.001051419032078777,0.002479141203621203,0.003236756123035756,-0.01418075227114471,-0.001051419032078777,0.002479141203621203,-0.00260926664020724,2.381994190358561e-06,0.05718990111084871,0.29621334507546954
global_compatible,119,18,0,0,certified_reset,0,1,0.02811025866904229,0.02411638415065575,0.003993874518386541,0.011981623555159623,0.0,0.0,0,0,0.003236756123035756,-0.01418075227114471,0.002233243848391994,0.010848152746500115,0.003236756123035756,-0.01418075227114471,0.01766613440755966,5.4475770118262194e-05,0.05718990111084871,0.29621334507546954
global_compatible,119,19,0,0,certified_reset,0,1,0.02411638415065575,0.02012250963226921,0.003993874518386541,0.007987749036773082,0.0,0.0,0,0,0.002233243848391994,0.010848152746500115,0.0006327939992572373,-0.0023823976339858695,0.002233243848391994,0.010848152746500115,-0.018206387775676975,3.4457027224390316e-05,0.05718990111084871,0.29621334507546954
global_compatible,119,20,0,0,certified_reset,0,1,0.02012250963226921,0.01612863511388267,0.003993874518386541,0.003993874518386541,0.0,0.0,0,0,0.0006327939992572373,-0.0023823976339858695,0.003080434441030155,0.007030920046849148,0.0006327939992572373,-0.0023823976339858695,0.0028778630172268827,1.6291279616998882e-06,0.05718990111084871,0.29621334507546954
global_compatible,119,21,0,0,certified_reset,0,1,0.01612863511388267,0.01213476059549613,0.003993874518386541,0.0,0.0,0.0,0,0,0.003080434441030155,0.007030920046849148,0.014170272687630053,-0.011034215522619146,0.003080434441030155,0.007030920046849148,-0.013422766208789828,2.2891433269813857e-05,0.05718990111084871,0.29621334507546954
