method,mission,k,g,chart,mode,reset_failed,nominal_feasible,budget_before,budget_after,risk,reserve,horizon_escape,first_escape,state_violation,input_violation,x0,x1,next_x0,next_x1,nominal_x0,nominal_x1,u,stage_cost,state_tightening,input_tightening
scenario,0,0,0,0,certified_reset,0,1,0.1,0.09600015272538888,0.003999847274611132,0.08399679276683375,0.0,0.0,0,0,0.13292499406841252,0.11182234043032258,0.10519839160975214,-0.17784735797845225,0.13292499406841252,0.11182234043032258,-0.2970867472476559,0.02212632988031901,0.06258906407790293,0.3169491554916455
scenario,0,1,0,0,certified_reset,0,1,0.09600015272538888,0.09200030545077775,0.003999847274611132,0.07999694549222262,0.0,0.0,0,0,0.10519839160975214,-0.17784735797845225,0.008557636924594377,-0.028008355935024185,0.10519839160975214,-0.17784735797845225,0.15723690060810483,0.017378130563284678,0.06258906407790293,0.3169491554916455
scenario,0,2,0,0,certified_reset,0,1,0.09200030545077775,0.08800045817616663,0.003999847274611132,0.0759970982176115,0.0,0.0,0,0,0.008557636924594377,-0.028008355935024185,-0.010296418552399414,-0.006480748672450187,0.008557636924594377,-0.028008355935024185,0.03273597534208865,0.00024122849216606782,0.06258906407790293,0.3169491554916455
scenario,0,3,0,0,certified_reset,0,1,0.08800045817616663,0.0840006109015555,0.003999847274611132,0.07199725094300037,0.0,0.0,0,0,-0.010296418552399414,-0.006480748672450187,0.00406795234847716,0.011330136639614831,-0.010296418552399414,-0.006480748672450187,0.019797723374930406,0.00012337499988093517,0.06258906407790293,0.3169491554916455
scenario,0,4,0,0,certified_reset,0,1,0.0840006109015555,0.08000076362694437,0.003999847274611132,0.06799740366838924,0.0,0.0,0,0,0.00406795234847716,0.011330136639614831,-0.00022119058530507916,-0.014375688641465906,0.00406795234847716,0.011330136639614831,-0.0207436473395932,5.041266826223779e-05,0.06258906407790293,0.3169491554916455
scenario,0,5,0,0,certified_reset,0,1,0.08000076362694437,0.07600091635233325,0.003999847274611132,0.06399755639377812,0.0,0.0,0,0,-0.00022119058530507916,-0.014375688641465906,-0.0037272047118211893,-0.004425577236431567,-0.00022119058530507916,-0.014375688641465906,0.021399599171502543,4.869637269749884e-05,0.06258906407790293,0.3169491554916455
scenario,0,6,0,0,certified_reset,0,1,0.07600091635233325,0.07200106907772212,0.003999847274611132,0.05999770911916699,0.0,0.0,0,0,-0.0037272047118211893,-0.004425577236431567,-0.0058945046708496155,0.0026215065437824293,-0.0037272047118211893,-0.004425577236431567,0.010233078285966823,2.0035384341602043e-05,0.06258906407790293,0.3169491554916455
scenario,0,7,0,0,certified_reset,0,1,0.07200106907772212,0.068001221803111,0.003999847274611132,0.05599786184455586,0.0,0.0,0,0,-0.0058945046708496155,0.0026215065437824293,-0.0025870263726440394,0.004583219365613911,-0.0058945046708496155,0.0026215065437824293,0.002010735009096343,3.6083275077225016e-05,0.06258906407790293,0.3169491554916455
scenario,0,8,0,0,certified_reset,0,1,0.068001221803111,0.06400137452849987,0.003999847274611132,0.051998014569944725,0.0,0.0,0,0,-0.0025870263726440394,0.004583219365613911,0.013712568073157117,0.006272681395189081,-0.0025870263726440394,0.004583219365613911,-0.004174614891305555,1.0909452645624436e-05,0.06258906407790293,0.3169491554916455
scenario,0,9,0,0,certified_reset,0,1,0.06400137452849987,0.060001527253888735,0.003999847274611132,0.04799816729533359,0.0,0.0,0,0,0.013712568073157117,0.006272681395189081,0.009050993040663353,-0.01342000481345734,0.013712568073157117,0.006272681395189081,-0.022895854761946048,0.00020822240303237032,0.06258906407790293,0.3169491554916455
scenario,0,10,0,0,certified_reset,0,1,0.060001527253888735,0.0560016799792776,0.003999847274611132,0.04399832002072246,0.0,0.0,0,0,0.009050993040663353,-0.01342000481345734,-0.006207363567997973,0.00749729136837116,0.009050993040663353,-0.01342000481345734,0.010759007254949928,0.00011723175620471736,0.06258906407790293,0.3169491554916455
scenario,0,11,0,0,certified_reset,0,1,0.0560016799792776,0.05200183270466647,0.003999847274611132,0.039998472746111326,0.0,0.0,0,0,-0.006207363567997973,0.00749729136837116,-0.005562924260356789,-0.002478564479832841,-0.006207363567997973,0.00749729136837116,-0.004868050520044175,4.924149837715658e-05,0.06258906407790293,0.3169491554916455
scenario,0,12,0,0,certified_reset,0,1,0.05200183270466647,0.048001985430055336,0.003999847274611132,0.03599862547150019,0.0,0.0,0,0,-0.005562924260356789,-0.002478564479832841,-0.003291788248665989,0.014628435933007493,-0.005562924260356789,-0.002478564479832841,0.009190113502105225,3.416337171952958e-05,0.06258906407790293,0.3169491554916455
scenario,0,13,0,0,certified_reset,0,1,0.048001985430055336,0.0440021381554442,0.003999847274611132,0.03199877819688906,0.0,0.0,0,0,-0.003291788248665989,0.014628435933007493,0.009753503712732578,-0.004417092958533269,-0.003291788248665989,0.014628435933007493,-0.018273589514054698,5.770237652955861e-05,0.06258906407790293,0.3169491554916455
scenario,0,14,0,0,certified_reset,0,1,0.0440021381554442,0.04000229088083307,0.003999847274611132,0.02799893092227793,0.0,0.0,0,0,0.009753503712732578,-0.004417092958533269,0.00076046545512835,-0.014383066370880524,0.009753503712732578,-0.004417092958533269,-0.003207317547729799,9.889993465736594e-05,0.06258906407790293,0.3169491554916455
scenario,0,15,0,0,certified_reset,0,1,0.04000229088083307,0.036002443606221936,0.003999847274611132,0.023999083647666796,0.0,0.0,0,0,0.00076046545512835,-0.014383066370880524,-0.0018795860371307095,0.018767982286995166,0.00076046545512835,-0.014383066370880524,0.02043141530196952,4.825144367073019e-05,0.06258906407790293,0.3169491554916455
scenario,0,16,0,0,certified_reset,0,1,0.036002443606221936,0.0320025963316108,0.003999847274611132,0.019999236373055663,0.0,0.0,0,0,-0.0018795860371307095,0.018767982286995166,0.005967585645270228,0.0003233359584381319,-0.0018795860371307095,0.018767982286995166,-0.02577246159689763,8.354102673255938e-05,0.06258906407790293,0.3169491554916455
scenario,0,17,0,0,certified_reset,0,1,0.0320025963316108,0.02800274905699967,0.003999847274611132,0.01599938909844453,0.0,0.0,0,0,0.005967585645270228,0.0003233359584381319,-0.003520112959325263,-0.0061049416490176565,0.005967585645270228,0.0003233359584381319,-0.006421797258027471,3.666188373977895e-05,0.06258906407790293,0.3169491554916455
scenario,0,18,0,0,certified_reset,0,1,0.02800274905699967,0.024002901782388536,0.003999847274611132,0.011999541823833396,0.0,0.0,0,0,-0.003520112959325263,-0.0061049416490176565,-0.004896092016502356,0.024651733495279212,-0.003520112959325263,-0.0061049416490176565,0.012498280592583825,2.3005026947507472e-05,0.06258906407790293,0.3169491554916455
scenario,0,19,0,0,certified_reset,0,1,0.024002901782388536,0.020003054507777403,0.003999847274611132,0.007999694549222265,0.0,0.0,0,0,-0.004896092016502356,0.024651733495279212,0.006667058667192871,-0.005231050216268588,-0.004896092016502356,0.024651733495279212,-0.03143917297731074,0.00015806969054949854,0.06258906407790293,0.3169491554916455
scenario,0,20,0,0,certified_reset,0,1,0.020003054507777403,0.01600320723316627,0.003999847274611132,0.003999847274611132,0.0,0.0,0,0,0.006667058667192871,-0.005231050216268588,0.00012824690440293518,-0.006943499225795929,0.006667058667192871,-0.005231050216268588,0.0010647913701906464,4.9403515334064655e-05,0.06258906407790293,0.3169491554916455
scenario,0,21,1,1,certified_reset,0,1,0.01600320723316627,0.012003359958555136,0.003999847274611132,0.0,0.0,0.0,0,0,0.00012824690440293518,-0.006943499225795929,-0.019564961793414902,0.004530575594384681,0.00012824690440293518,-0.006943499225795929,0.01009594364589236,1.1242841890767954e-05,0.0659683941917073,0.3371807140592316
scenario,1,0,0,0,certified_reset,0,1,0.1,0.09600015272538888,0.003999847274611132,0.08399679276683375,0.0,0.0,0,0,-2.188187484113878,0.024234945270303232,-1.387168733837664,1.5946421664694246,-2.188187484113878,0.024234945270303232,1.5499999999997425,4.84833268549561,0.06258906407790293,0.3169491554916455
scenario,1,1,0,0,certified_reset,0,1,0.09600015272538888,0.09200030545077775,0.003999847274611132,0.07999694549222262,0.0,0.0,0,0,-1.387168733837664,1.5946421664694246,-0.2766037011452481,0.6300124429394393,-1.387168733837664,1.5946421664694246,-0.9677649874041804,2.405370377942737,0.06258906407790293,0.3169491554916455
scenario,1,2,0,0,certified_reset,0,1,0.09200030545077775,0.08800045817616663,0.003999847274611132,0.0759970982176115,0.0,0.0,0,0,-0.2766037011452481,0.6300124429394393,0.023794578361681223,-0.021526877720025265,-0.2766037011452481,0.6300124429394393,-0.6526368962805004,0.1586028025334495,0.06258906407790293,0.3169491554916455
scenario,1,3,0,0,certified_reset,0,1,0.08800045817616663,0.0840006109015555,0.003999847274611132,0.07199725094300037,0.0,0.0,0,0,0.023794578361681223,-0.021526877720025265,0.0011098784295042732,-0.012446900280829684,0.023794578361681223,-0.021526877720025265,0.00801757547775337,0.0006512021609108506,0.06258906407790293,0.3169491554916455
scenario,1,4,0,0,certified_reset,0,1,0.0840006109015555,0.08000076362694437,0.003999847274611132,0.06799740366838924,0.0,0.0,0,0,0.0011098784295042732,-0.012446900280829684,0.004079603855767996,0.016318822080941812,0.0011098784295042732,-0.012446900280829684,0.017231657725269037,3.654163961546473e-05,0.06258906407790293,0.3169491554916455
scenario,1,5,0,0,certified_reset,0,1,0.08000076362694437,0.07600091635233325,0.003999847274611132,0.06399755639377812,0.0,0.0,0,0,0.004079603855767996,0.016318822080941812,0.01111511227516429,-0.02098251792861888,0.004079603855767996,0.016318822080941812,-0.028103514680875956,8.43230677951505e-05,0.06258906407790293,0.3169491554916455
scenario,1,6,0,0,certified_reset,0,1,0.07600091635233325,0.07200106907772212,0.003999847274611132,0.05999770911916699,0.0,0.0,0,0,0.01111511227516429,-0.02098251792861888,-0.003637600464398535,-0.004209621213287627,0.01111511227516429,-0.02098251792861888,0.019839218928291744,0.0002126334766340914,0.06258906407790293,0.3169491554916455
scenario,1,7,0,0,certified_reset,0,1,0.07200106907772212,0.068001221803111,0.003999847274611132,0.05599786184455586,0.0,0.0,0,0,-0.003637600464398535,-0.004209621213287627,-0.00031888932076626787,-0.007192578446188581,-0.003637600464398535,-0.004209621213287627,0.009822104720999836,1.8833744604034634e-05,0.06258906407790293,0.3169491554916455
scenario,1,8,0,0,certified_reset,0,1,0.068001221803111,0.06400137452849987,0.003999847274611132,0.051998014569944725,0.0,0.0,0,0,-0.00031888932076626787,-0.007192578446188581,-0.0010640276533304101,0.0007386943176033835,-0.00031888932076626787,-0.007192578446188581,0.010915176359197473,1.2392190519532133e-05,0.06258906407790293,0.3169491554916455
scenario,1,9,0,0,certified_reset,0,1,0.06400137452849987,0.060001527253888735,0.003999847274611132,0.04799816729533359,0.0,0.0,0,0,-0.0010640276533304101,0.0007386943176033835,-0.002293117575267849,-0.0051859641633154605,-0.0010640276533304101,0.0007386943176033835,-2.8187554642981387e-05,1.2303951835824534e-06,0.06258906407790293,0.3169491554916455
scenario,1,10,0,0,certified_reset,0,1,0.060001527253888735,0.0560016799792776,0.003999847274611132,0.04399832002072246,0.0,0.0,0,0,-0.002293117575267849,-0.0051859641633154605,-0.006755647593208648,-0.004411366311836375,-0.002293117575267849,-0.0051859641633154605,0.009921920008610061,1.2560461005008315e-05,0.06258906407790293,0.3169491554916455
scenario,1,11,0,0,certified_reset,0,1,0.0560016799792776,0.05200183270466647,0.003999847274611132,0.039998472746111326,0.0,0.0,0,0,-0.006755647593208648,-0.004411366311836375,-0.009773152829499768,0.014916772006579444,-0.006755647593208648,-0.004411366311836375,0.013224767484064955,5.3513963771512216e-05,0.06258906407790293,0.3169491554916455
scenario,1,12,0,0,certified_reset,0,1,0.05200183270466647,0.048001985430055336,0.003999847274611132,0.03599862547150019,0.0,0.0,0,0,-0.009773152829499768,0.014916772006579444,-0.0030359242737817496,0.002340610994201882,-0.009773152829499768,0.014916772006579444,-0.012242002362567006,0.0001393129974522157,0.06258906407790293,0.3169491554916455
scenario,1,13,0,0,certified_reset,0,1,0.048001985430055336,0.0440021381554442,0.003999847274611132,0.03199877819688906,0.0,0.0,0,0,-0.0030359242737817496,0.002340610994201882,-0.0018772506742126467,0.0026988692417719805,-0.0030359242737817496,0.002340610994201882,-0.00042664987936522585,1.0207509717838473e-05,0.06258906407790293,0.3169491554916455
scenario,1,14,0,0,certified_reset,0,1,0.0440021381554442,0.04000229088083307,0.003999847274611132,0.02799893092227793,0.0,0.0,0,0,-0.0018772506742126467,0.0026988692417719805,0.0027686558398249735,-0.009463329511856963,-0.0018772506742126467,0.0026988692417719805,-0.002104759174763124,4.945921506578491e-06,0.06258906407790293,0.3169491554916455
scenario,1,15,0,0,certified_reset,0,1,0.04000229088083307,0.036002443606221936,0.003999847274611132,0.023999083647666796,0.0,0.0,0,0,0.0027686558398249735,-0.009463329511856963,-0.0016609523725333707,0.00019977788934932828,0.0027686558398249735,-0.009463329511856963,0.011182928301658167,2.6911731275394538e-05,0.06258906407790293,0.3169491554916455
scenario,1,16,0,0,certified_reset,0,1,0.036002443606221936,0.0320025963316108,0.003999847274611132,0.019999236373055663,0.0,0.0,0,0,-0.0016609523725333707,0.00019977788934932828,0.0022162827500352383,-0.005376795550292503,-0.0016609523725333707,0.00019977788934932828,0.0013631460948233234,2.812400982633152e-06,0.06258906407790293,0.3169491554916455
scenario,1,17,0,0,certified_reset,0,1,0.0320025963316108,0.02800274905699967,0.003999847274611132,0.01599938909844453,0.0,0.0,0,0,0.0022162827500352383,-0.005376795550292503,-0.002128497291643123,-0.009156911769451846,0.0022162827500352383,-0.005376795550292503,0.005716303599903,1.0932599869396506e-05,0.06258906407790293,0.3169491554916455
scenario,1,18,0,0,certified_reset,0,1,0.02800274905699967,0.024002901782388536,0.003999847274611132,0.011999541823833396,0.0,0.0,0,0,-0.002128497291643123,-0.009156911769451846,-0.00866381250194757,0.01845306206896874,-0.002128497291643123,-0.009156911769451846,0.015607129746210278,2.571288916104279e-05,0.06258906407790293,0.3169491554916455
scenario,1,19,0,0,certified_reset,0,1,0.024002901782388536,0.020003054507777403,0.003999847274611132,0.007999694549222265,0.0,0.0,0,0,-0.00866381250194757,0.01845306206896874,0.005991610906543074,-0.005146241991217312,-0.00866381250194757,0.01845306206896874,-0.018556273576047513,0.0001449628192444493,0.06258906407790293,0.3169491554916455
scenario,1,20,0,0,certified_reset,0,1,0.020003054507777403,0.01600320723316627,0.003999847274611132,0.003999847274611132,0.0,0.0,0,0,0.005991610906543074,-0.005146241991217312,0.006704930953632968,-0.0028596533503233755,0.005991610906543074,-0.005146241991217312,0.0016100807247118212,4.0731295447698424e-05,0.06258906407790293,0.3169491554916455
scenario,1,21,0,0,certified_reset,0,1,0.01600320723316627,0.012003359958555136,0.003999847274611132,0.0,0.0,0.0,0,0,0.006704930953632968,-0.0028596533503233755,0.006726619157787461,0.00021010138192121674,0.006704930953632968,-0.0028596533503233755,-0.00246029639767998,4.657939666321926e-05,0.06258906407790293,0.3169491554916455
scenario,2,0,1,1,certified_reset,0,1,0.1,0.09600015272538888,0.003999847274611132,0.08399679276683375,0.0,0.0,0,0,4.2889031101612485,0.10612075495934281,3.6078627831133114,-1.4782125529210526,4.2889031101612485,0.10612075495934281,-1.54999999999952,18.456779478984757,0.0659683941917073,0.3371807140592316
scenario,2,1,0,0,certified_reset,0,1,0.09600015272538888,0.09200030545077775,0.003999847274611132,0.07999694549222262,0.0,0.0,0,0,3.6078627831133114,-1.4782125529210526,1.694836287037579,-2.349254850744626,3.6078627831133114,-1.4782125529210526,-0.8746504529837695,13.429119420437154,0.06258906407790293,0.3169491554916455
scenario,2,2,0,0,certified_reset,0,1,0.09200030545077775,0.08800045817616663,0.003999847274611132,0.0759970982176115,0.0,0.0,0,0,1.694836287037579,-2.349254850744626,0.11354350231772863,-0.7964864630815407,1.694836287037579,-2.349254850744626,1.55,3.925952243533815,0.06258906407790293,0.3169491554916455
scenario,2,3,0,0,certified_reset,0,1,0.08800045817616663,0.0840006109015555,0.003999847274611132,0.07199725094300037,0.0,0.0,0,0,0.11354350231772863,-0.7964864630815407,-0.14414569142739544,0.2653049230455122,0.11354350231772863,-0.7964864630815407,1.0602355980808644,0.15518493846150888,0.06258906407790293,0.3169491554916455
scenario,2,4,0,0,certified_reset,0,1,0.0840006109015555,0.08000076362694437,0.003999847274611132,0.06799740366838924,0.0,0.0,0,0,-0.14414569142739544,0.2653049230455122,-0.0008346042590819038,0.013396682018739323,-0.14414569142739544,0.2653049230455122,-0.24728413895905865,0.0349763228861933,0.06258906407790293,0.3169491554916455
scenario,2,5,0,0,certified_reset,0,1,0.08000076362694437,0.07600091635233325,0.003999847274611132,0.06399755639377812,0.0,0.0,0,0,-0.0008346042590819038,0.013396682018739323,0.00854091656331869,-0.008027982954019694,-0.0008346042590819038,0.013396682018739323,-0.018901682175033702,4.1933200035445754e-05,0.06258906407790293,0.3169491554916455
scenario,2,6,0,0,certified_reset,0,1,0.07600091635233325,0.07200106907772212,0.003999847274611132,0.05999770911916699,0.0,0.0,0,0,0.00854091656331869,-0.008027982954019694,0.006808066916194692,-0.007055775900500008,0.00854091656331869,-0.008027982954019694,0.0033185465132922758,8.482330637139918e-05,0.06258906407790293,0.3169491554916455
scenario,2,7,0,0,certified_reset,0,1,0.07200106907772212,0.068001221803111,0.003999847274611132,0.05599786184455586,0.0,0.0,0,0,0.006808066916194692,-0.007055775900500008,0.006579568642602864,-0.001983477438911715,0.006808066916194692,-0.007055775900500008,0.003615504266623518,5.5637687153387836e-05,0.06258906407790293,0.3169491554916455
scenario,2,8,0,0,certified_reset,0,1,0.068001221803111,0.06400137452849987,0.003999847274611132,0.051998014569944725,0.0,0.0,0,0,0.006579568642602864,-0.001983477438911715,0.010000921839919977,-0.00391380526102382,0.006579568642602864,-0.001983477438911715,-0.0036264710120463835,4.4327658717874135e-05,0.06258906407790293,0.3169491554916455
scenario,2,9,0,0,certified_reset,0,1,0.06400137452849987,0.060001527253888735,0.003999847274611132,0.04799816729533359,0.0,0.0,0,0,0.010000921839919977,-0.00391380526102382,0.002824608723059542,-0.005221782746727901,0.010000921839919977,-0.00391380526102382,-0.004190698785567821,0.00010321470344779156,0.06258906407790293,0.3169491554916455
scenario,2,10,0,0,certified_reset,0,1,0.060001527253888735,0.0560016799792776,0.003999847274611132,0.04399832002072246,0.0,0.0,0,0,0.002824608723059542,-0.005221782746727901,0.002445460066167739,-0.00412288219044247,0.002824608723059542,-0.005221782746727901,0.004878922067829478,1.3481574161707426e-05,0.06258906407790293,0.3169491554916455
scenario,2,11,0,0,certified_reset,0,1,0.0560016799792776,0.05200183270466647,0.003999847274611132,0.039998472746111326,0.0,0.0,0,0,0.002445460066167739,-0.00412288219044247,0.0016528727333927837,-6.50702497287645e-05,0.002445460066167739,-0.00412288219044247,0.0036382953309714076,9.370873118233517e-06,0.06258906407790293,0.3169491554916455
scenario,2,12,0,0,certified_reset,0,1,0.05200183270466647,0.048001985430055336,0.003999847274611132,0.03599862547150019,0.0,0.0,0,0,0.0016528727333927837,-6.50702497287645e-05,-0.004708960897506744,-0.0009235736250837583,0.0016528727333927837,-6.50702497287645e-05,-0.0015461880854554001,2.7925178574153954e-06,0.06258906407790293,0.3169491554916455
scenario,2,13,0,0,certified_reset,0,1,0.048001985430055336,0.0440021381554442,0.003999847274611132,0.03199877819688906,0.0,0.0,0,0,-0.004708960897506744,-0.0009235736250837583,-0.0013552201586901657,0.0027208912601961394,-0.004708960897506744,-0.0009235736250837583,0.006047953693348829,2.3242294214540875e-05,0.06258906407790293,0.3169491554916455
scenario,2,14,0,0,certified_reset,0,1,0.0440021381554442,0.04000229088083307,0.003999847274611132,0.02799893092227793,0.0,0.0,0,0,-0.0013552201586901657,0.0027208912601961394,0.006644125214528077,-0.003351751613290877,-0.0013552201586901657,0.0027208912601961394,-0.0026574772890861063,3.3457611820365213e-06,0.06258906407790293,0.3169491554916455
scenario,2,15,0,0,certified_reset,0,1,0.04000229088083307,0.036002443606221936,0.003999847274611132,0.023999083647666796,0.0,0.0,0,0,0.006644125214528077,-0.003351751613290877,0.00036064177234020793,-0.0038358233247638616,0.006644125214528077,-0.003351751613290877,-0.0016776726973763492,4.623692750621145e-05,0.06258906407790293,0.3169491554916455
scenario,2,16,0,0,certified_reset,0,1,0.036002443606221936,0.0320025963316108,0.003999847274611132,0.019999236373055663,0.0,0.0,0,0,0.00036064177234020793,-0.0038358233247638616,-0.003923527555759213,-0.008538628394614198,0.00036064177234020793,-0.0038358233247638616,0.005290124283810401,3.4781351655951463e-06,0.06258906407790293,0.3169491554916455
scenario,2,17,0,0,certified_reset,0,1,0.0320025963316108,0.02800274905699967,0.003999847274611132,0.01599938909844453,0.0,0.0,0,0,-0.003923527555759213,-0.008538628394614198,-0.004008986910229559,0.004880999885359239,-0.003923527555759213,-0.008538628394614198,0.01648259727244357,3.5309440276977104e-05,0.06258906407790293,0.3169491554916455
scenario,2,18,0,0,certified_reset,0,1,0.02800274905699967,0.024002901782388536,0.003999847274611132,0.011999541823833396,0.0,0.0,0,0,-0.004008986910229559,0.004880999885359239,-0.0026390844609801784,0.0077260075274068,-0.004008986910229559,0.004880999885359239,-0.003197442359732211,2.061591576604504e-05,0.06258906407790293,0.3169491554916455
scenario,2,19,0,0,certified_reset,0,1,0.024002901782388536,0.020003054507777403,0.003999847274611132,0.007999694549222265,0.0,0.0,0,0,-0.0026390844609801784,0.0077260075274068,-0.004224472822384653,0.0026939577488868964,-0.0026390844609801784,0.0077260075274068,-0.008750933896851675,1.9623652510302102e-05,0.06258906407790293,0.3169491554916455
scenario,2,20,0,0,certified_reset,0,1,0.020003054507777403,0.01600320723316627,0.003999847274611132,0.003999847274611132,0.0,0.0,0,0,-0.004224472822384653,0.0026939577488868964,-0.0025216050521297047,0.0029672668941034264,-0.004224472822384653,0.0026939577488868964,0.00023298532405357134,1.9153861184598962e-05,0.06258906407790293,0.3169491554916455
scenario,2,21,0,0,certified_reset,0,1,0.01600320723316627,0.012003359958555136,0.003999847274611132,0.0,0.0,0.0,0,0,-0.0025216050521297047,0.0029672668941034264,0.0003066572284233574,-0.00027687737689559354,-0.0025216050521297047,0.0029672668941034264,-0.0018586658943392136,8.02969911934714e-06,0.06258906407790293,0.3169491554916455
scenario,3,0,2,2,certified_reset,0,1,0.1,0.09600015272538888,0.003999847274611132,0.08399679276683375,0.0,0.0,0,0,-2.169164105233138,-0.021428447587067856,-1.4248421550707047,1.58032987792752,-2.169164105233138,-0.021428447587067856,1.55,4.765418067537759,0.07177064572129135,0.3726063481590821
scenario,3,1,2,2,certified_reset,0,1,0.09600015272538888,0.09200030545077775,0.003999847274611132,0.07999694549222262,0.0,0.0,0,0,-1.4248421550707047,1.58032987792752,-0.2865872989362197,0.6473207570293238,-1.4248421550707047,1.58032987792752,-0.9091667643825214,2.5003794261556487,0.07177064572129135,0.3726063481590821
scenario,3,2,2,2,certified_reset,0,1,0.09200030545077775,0.08800045817616663,0.003999847274611132,0.0759970982176115,0.0,0.0,0,0,-0.2865872989362197,0.6473207570293238,0.011199029028531655,0.04775231705049168,-0.2865872989362197,0.6473207570293238,-0.6681867645411368,0.16871846796583997,0.07177064572129135,0.3726063481590821
scenario,3,3,1,1,certified_reset,0,1,0.08800045817616663,0.0840006109015555,0.003999847274611132,0.07199725094300037,0.0,0.0,0,0,0.011199029028531655,0.04775231705049168,0.008902608438574627,-0.023378618133878648,0.011199029028531655,0.04775231705049168,-0.08149696991308905,0.0007019132348715905,0.0659683941917073,0.3371807140592316
scenario,3,4,0,0,certified_reset,0,1,0.0840006109015555,0.08000076362694437,0.003999847274611132,0.06799740366838924,0.0,0.0,0,0,0.008902608438574627,-0.023378618133878648,-0.006994959068931506,-0.003768922242854993,0.008902608438574627,-0.023378618133878648,0.02557366522082429,0.00019398750728419963,0.06258906407790293,0.3169491554916455
scenario,3,5,0,0,certified_reset,0,1,0.08000076362694437,0.07600091635233325,0.003999847274611132,0.06399755639377812,0.0,0.0,0,0,-0.006994959068931506,-0.003768922242854993,-0.006243993255790443,0.009791454870569044,-0.006994959068931506,-0.003768922242854993,0.012516170696752192,5.540267507586676e-05,0.06258906407790293,0.3169491554916455
scenario,3,6,0,0,certified_reset,0,1,0.07600091635233325,0.07200106907772212,0.003999847274611132,0.05999770911916699,0.0,0.0,0,0,-0.006243993255790443,0.009791454870569044,-0.00987070329924785,0.0012746035774384187,-0.006243993255790443,0.009791454870569044,-0.008205012683760397,5.792757353370351e-05,0.06258906407790293,0.3169491554916455
scenario,3,7,0,0,certified_reset,0,1,0.07200106907772212,0.068001221803111,0.003999847274611132,0.05599786184455586,0.0,0.0,0,0,-0.00987070329924785,0.0012746035774384187,-0.008018329694691769,0.01729475938247661,-0.00987070329924785,0.0012746035774384187,0.007951301222656125,9.93037939704491e-05,0.06258906407790293,0.3169491554916455
scenario,3,8,0,0,certified_reset,0,1,0.068001221803111,0.06400137452849987,0.003999847274611132,0.051998014569944725,0.0,0.0,0,0,-0.008018329694691769,0.01729475938247661,-0.006351837522088243,-0.001788804443580366,-0.008018329694691769,0.01729475938247661,-0.01749393514952452,0.0001257841216457673,0.06258906407790293,0.3169491554916455
scenario,3,9,1,1,certified_reset,0,1,0.06400137452849987,0.060001527253888735,0.003999847274611132,0.04799816729533359,0.0,0.0,0,0,-0.006351837522088243,-0.001788804443580366,0.009847344759951786,0.012965501015698936,-0.006351837522088243,-0.001788804443580366,0.008960216205125375,4.292894460880001e-05,0.0659683941917073,0.3371807140592316
scenario,3,10,1,1,certified_reset,0,1,0.060001527253888735,0.0560016799792776,0.003999847274611132,0.04399832002072246,0.0,0.0,0,0,0.009847344759951786,0.012965501015698936,0.008669444711572171,0.01383634880287116,0.009847344759951786,0.012965501015698936,-0.028908335758552037,0.00014812125471543557,0.0659683941917073,0.3371807140592316
scenario,3,11,1,1,certified_reset,0,1,0.0560016799792776,0.05200183270466647,0.003999847274611132,0.039998472746111326,0.0,0.0,0,0,0.008669444711572171,0.01383634880287116,0.0014695527846511017,-0.03589749500089111,0.008669444711572171,0.01383634880287116,-0.029013099019413784,0.00013066328814981298,0.0659683941917073,0.3371807140592316
scenario,3,12,1,1,certified_reset,0,1,0.05200183270466647,0.048001985430055336,0.003999847274611132,0.03599862547150019,0.0,0.0,0,0,0.0014695527846511017,-0.03589749500089111,0.004364202971793277,-0.011760593552433987,0.0014695527846511017,-0.03589749500089111,0.05141866405695962,0.00030020998724295797,0.0659683941917073,0.3371807140592316
scenario,3,13,1,1,certified_reset,0,1,0.048001985430055336,0.0440021381554442,0.003999847274611132,0.03199877819688906,0.0,0.0,0,0,0.004364202971793277,-0.011760593552433987,-0.017557855613896504,-0.01141368099497492,0.004364202971793277,-0.011760593552433987,0.012977136496144643,4.8152500296997836e-05,0.0659683941917073,0.3371807140592316
scenario,3,14,0,0,certified_reset,0,1,0.0440021381554442,0.04000229088083307,0.003999847274611132,0.02799893092227793,0.0,0.0,0,0,-0.017557855613896504,-0.01141368099497492,-0.00632898953540092,0.0233028800904291,-0.017557855613896504,-0.01141368099497492,0.034300548592357184,0.00036114046509576266,0.06258906407790293,0.3169491554916455
scenario,3,15,0,0,certified_reset,0,1,0.04000229088083307,0.036002443606221936,0.003999847274611132,0.023999083647666796,0.0,0.0,0,0,-0.00632898953540092,0.0233028800904291,-0.0013229595239333432,-0.003464860534390799,-0.00632898953540092,0.0233028800904291,-0.02802779035075353,0.00015743939402946422,0.06258906407790293,0.3169491554916455
scenario,3,16,0,0,certified_reset,0,1,0.036002443606221936,0.0320025963316108,0.003999847274611132,0.019999236373055663,0.0,0.0,0,0,-0.0013229595239333432,-0.003464860534390799,-0.0044653498868831715,0.00340137082899684,-0.0013229595239333432,-0.003464860534390799,0.006422267284056754,4.942306362762782e-06,0.06258906407790293,0.3169491554916455
scenario,3,17,0,0,certified_reset,0,1,0.0320025963316108,0.02800274905699967,0.003999847274611132,0.01599938909844453,0.0,0.0,0,0,-0.0044653498868831715,0.00340137082899684,-0.005043361161862797,0.009564333922574544,-0.0044653498868831715,0.00340137082899684,-0.0005602540573209873,2.2029674960449282e-05,0.06258906407790293,0.3169491554916455
scenario,3,18,0,0,certified_reset,0,1,0.02800274905699967,0.024002901782388536,0.003999847274611132,0.011999541823833396,0.0,0.0,0,0,-0.005043361161862797,0.009564333922574544,0.006519817374342706,-0.0038544691392704477,-0.005043361161862797,0.009564333922574544,-0.009063312952633178,4.39548498597721e-05,0.06258906407790293,0.3169491554916455
scenario,3,19,0,0,certified_reset,0,1,0.024002901782388536,0.020003054507777403,0.003999847274611132,0.007999694549222265,0.0,0.0,0,0,0.006519817374342706,-0.0038544691392704477,-0.0016722820721726183,-0.002459651065454978,0.006519817374342706,-0.0038544691392704477,-0.0008145691985662032,4.519885449146822e-05,0.06258906407790293,0.3169491554916455
scenario,3,20,0,0,certified_reset,0,1,0.020003054507777403,0.01600320723316627,0.003999847274611132,0.003999847274611132,0.0,0.0,0,0,-0.0016722820721726183,-0.002459651065454978,-0.012500290854413596,-0.00548015026130457,-0.0016722820721726183,-0.002459651065454978,0.00528739265119361,4.584419360590237e-06,0.06258906407790293,0.3169491554916455
scenario,3,21,0,0,certified_reset,0,1,0.01600320723316627,0.012003359958555136,0.003999847274611132,0.0,0.0,0.0,0,0,-0.012500290854413596,-0.00548015026130457,-0.013806430716503688,0.021377590194420745,-0.012500290854413596,-0.00548015026130457,0.020519902149834426,0.00017218969949047146,0.06258906407790293,0.3169491554916455
scenario,4,0,0,0,certified_reset,0,1,0.1,0.09600015272538888,0.003999847274611132,0.08399679276683375,0.0,0.0,0,0,-4.886498212103694,0.21382545838335532,-3.9034196513607022,1.7606945807755834,-4.886498212103694,0.21382545838335532,1.55,23.946157115690117,0.06258906407790293,0.3169491554916455
scenario,4,1,1,1,certified_reset,0,1,0.09600015272538888,0.09200030545077775,0.003999847274611132,0.07999694549222262,0.0,0.0,0,0,-3.9034196513607022,1.7606945807755834,-1.8361497806122433,2.403788885646074,-3.9034196513607022,1.7606945807755834,0.6097965625589903,15.803989444040676,0.0659683941917073,0.3371807140592316
scenario,4,2,0,0,certified_reset,0,1,0.09200030545077775,0.08800045817616663,0.003999847274611132,0.0759970982176115,0.0,0.0,0,0,-1.8361497806122433,2.403788885646074,-0.20988822057984186,0.8518124638562806,-1.8361497806122433,2.403788885646074,-1.5499999999999996,4.471584698058396,0.06258906407790293,0.3169491554916455
scenario,4,3,0,0,certified_reset,0,1,0.08800045817616663,0.0840006109015555,0.003999847274611132,0.07199725094300037,0.0,0.0,0,0,-0.20988822057984186,0.8518124638562806,0.11303179519954938,-0.20345478868520409,-0.20988822057984186,0.8518124638562806,-1.0457995128800277,0.20200068591123826,0.06258906407790293,0.3169491554916455
scenario,4,4,0,0,certified_reset,0,1,0.0840006109015555,0.08000076362694437,0.003999847274611132,0.06799740366838924,0.0,0.0,0,0,0.11303179519954938,-0.20345478868520409,0.00892017339670987,-0.01865914079233669,0.11303179519954938,-0.20345478868520409,0.18715529312748222,0.021102757506683105,0.06258906407790293,0.3169491554916455
scenario,4,5,0,0,certified_reset,0,1,0.08000076362694437,0.07600091635233325,0.003999847274611132,0.06399755639377812,0.0,0.0,0,0,0.00892017339670987,-0.01865914079233669,-0.004381124033077357,0.003539337401813155,0.00892017339670987,-0.01865914079233669,0.018601251085135922,0.000150889093295161,0.06258906407790293,0.3169491554916455
scenario,4,6,0,0,certified_reset,0,1,0.07600091635233325,0.07200106907772212,0.003999847274611132,0.05999770911916699,0.0,0.0,0,0,-0.004381124033077357,0.003539337401813155,0.00163674666508974,-0.0028599538600260375,-0.004381124033077357,0.003539337401813155,-0.0008478975578878137,2.146706471382204e-05,0.06258906407790293,0.3169491554916455
scenario,4,7,0,0,certified_reset,0,1,0.07200106907772212,0.068001221803111,0.003999847274611132,0.05599786184455586,0.0,0.0,0,0,0.00163674666508974,-0.0028599538600260375,0.002180474996495662,0.010445147014254088,0.00163674666508974,-0.0028599538600260375,0.0025857969666314997,4.3183787891644125e-06,0.06258906407790293,0.3169491554916455
scenario,4,8,0,0,certified_reset,0,1,0.068001221803111,0.06400137452849987,0.003999847274611132,0.051998014569944725,0.0,0.0,0,0,0.002180474996495662,0.010445147014254088,0.002091110813792392,-0.003339621794925533,0.002180474996495662,0.010445147014254088,-0.01755661808743998,3.2098539483936965e-05,0.06258906407790293,0.3169491554916455
scenario,4,9,0,0,certified_reset,0,1,0.06400137452849987,0.060001527253888735,0.003999847274611132,0.04799816729533359,0.0,0.0,0,0,0.002091110813792392,-0.003339621794925533,0.0005571673582073511,-0.001971001382962097,0.002091110813792392,-0.003339621794925533,0.0028373101257290804,6.581555926264095e-06,0.06258906407790293,0.3169491554916455
scenario,4,10,0,0,certified_reset,0,1,0.060001527253888735,0.0560016799792776,0.003999847274611132,0.04399832002072246,0.0,0.0,0,0,0.0005571673582073511,-0.001971001382962097,0.006470948147162082,-0.009261592662257942,0.0005571673582073511,-0.001971001382962097,0.0023487535458537696,1.1476239068257048e-06,0.06258906407790293,0.3169491554916455
scenario,4,11,0,0,certified_reset,0,1,0.0560016799792776,0.05200183270466647,0.003999847274611132,0.039998472746111326,0.0,0.0,0,0,0.006470948147162082,-0.009261592662257942,0.0006138485281884077,-0.010381663075088626,0.006470948147162082,-0.009261592662257942,0.007196442596916167,5.860776733001435e-05,0.06258906407790293,0.3169491554916455
scenario,4,12,0,0,certified_reset,0,1,0.05200183270466647,0.048001985430055336,0.003999847274611132,0.03599862547150019,0.0,0.0,0,0,0.0006138485281884077,-0.010381663075088626,-0.0036120126961162505,0.006852245136204364,0.0006138485281884077,-0.010381663075088626,0.014680033429489562,2.5164601629670902e-05,0.06258906407790293,0.3169491554916455
scenario,4,13,0,0,certified_reset,0,1,0.048001985430055336,0.0440021381554442,0.003999847274611132,0.03199877819688906,0.0,0.0,0,0,-0.0036120126961162505,0.006852245136204364,-0.010777940820656237,0.013015398331111273,-0.0036120126961162505,0.006852245136204364,-0.006493639367264402,2.255240693590168e-05,0.06258906407790293,0.3169491554916455
scenario,4,14,0,0,certified_reset,0,1,0.0440021381554442,0.04000229088083307,0.003999847274611132,0.02799893092227793,0.0,0.0,0,0,-0.010777940820656237,0.013015398331111273,-0.008582447198251832,0.011741054968158039,-0.010777940820656237,0.013015398331111273,-0.008441445743375565,0.0001484375653586758,0.06258906407790293,0.3169491554916455
scenario,4,15,0,0,certified_reset,0,1,0.04000229088083307,0.036002443606221936,0.003999847274611132,0.023999083647666796,0.0,0.0,0,0,-0.008582447198251832,0.011741054968158039,-0.0005811034095327791,0.0028661243997047977,-0.008582447198251832,0.011741054968158039,-0.008747608464759025,0.00010038484317485434,0.06258906407790293,0.3169491554916455
scenario,4,16,0,0,certified_reset,0,1,0.036002443606221936,0.0320025963316108,0.003999847274611132,0.019999236373055663,0.0,0.0,0,0,-0.0005811034095327791,0.0028661243997047977,0.0015210378973208511,0.004652724520461112,-0.0005811034095327791,0.0028661243997047977,-0.003642863633603538,2.148082992321374e-06,0.06258906407790293,0.3169491554916455
scenario,4,17,0,0,certified_reset,0,1,0.0320025963316108,0.02800274905699967,0.003999847274611132,0.01599938909844453,0.0,0.0,0,0,0.0015210378973208511,0.004652724520461112,-0.008627718596525658,0.0024428539559077506,0.0015210378973208511,0.004652724520461112,-0.008367029057933068,7.96034784988766e-06,0.06258906407790293,0.3169491554916455
scenario,4,18,0,0,certified_reset,0,1,0.02800274905699967,0.024002901782388536,0.003999847274611132,0.011999541823833396,0.0,0.0,0,0,-0.008627718596525658,0.0024428539559077506,0.0018502956071733113,0.016281074082684772,-0.008627718596525658,0.0024428539559077506,0.004992249320095662,7.613474839366551e-05,0.06258906407790293,0.3169491554916455
scenario,4,19,0,0,certified_reset,0,1,0.024002901782388536,0.020003054507777403,0.003999847274611132,0.007999694549222265,0.0,0.0,0,0,0.0018502956071733113,0.016281074082684772,0.003878968061357966,-0.009940832011842612,0.0018502956071733113,0.016281074082684772,-0.025828431958289672,6.781449846098139e-05,0.06258906407790293,0.3169491554916455
scenario,4,20,0,0,certified_reset,0,1,0.020003054507777403,0.01600320723316627,0.003999847274611132,0.003999847274611132,0.0,0.0,0,0,0.003878968061357966,-0.009940832011842612,0.002513274323645748,-0.002932132705803034,0.003878968061357966,-0.009940832011842612,0.010782673401631618,3.574066975897299e-05,0.06258906407790293,0.3169491554916455
scenario,4,21,0,0,certified_reset,0,1,0.01600320723316627,0.012003359958555136,0.003999847274611132,0.0,0.0,0.0,0,0,0.002513274323645748,-0.002932132705803034,0.005926889574353675,0.0014381129293402446,0.002513274323645748,-0.002932132705803034,0.0018203392976025136,7.94692110165606e-06,0.06258906407790293,0.3169491554916455
scenario,5,0,0,0,certified_reset,0,1,0.1,0.09600015272538888,0.003999847274611132,0.08399679276683375,0.0,0.0,0,0,5.753595666282116,-0.33959243415464035,4.631939583067483,-1.8897934566318018,5.753595666282116,-0.33959243415464035,-1.549999999998948,33.184683734900574,0.06258906407790293,0.3169491554916455
scenario,5,1,0,0,certified_reset,0,1,0.09600015272538888,0.09200030545077775,0.003999847274611132,0.07999694549222262,0.0,0.0,0,0,4.631939583067483,-1.8897934566318018,2.3246205106318603,-2.7325915859346694,4.631939583067483,-1.8897934566318018,-0.8356994925007251,22.115161617802627,0.06258906407790293,0.3169491554916455
scenario,5,2,0,0,certified_reset,0,1,0.09200030545077775,0.08800045817616663,0.003999847274611132,0.0759970982176115,0.0,0.0,0,0,2.3246205106318603,-2.7325915859346694,0.36427935641605197,-1.1808163141884231,2.3246205106318603,-2.7325915859346694,1.55,6.8079932380441015,0.06258906407790293,0.3169491554916455
scenario,5,3,0,0,certified_reset,0,1,0.08800045817616663,0.0840006109015555,0.003999847274611132,0.07199725094300037,0.0,0.0,0,0,0.36427935641605197,-1.1808163141884231,-0.12758307928971213,0.20088685538591006,0.36427935641605197,-1.1808163141884231,1.376715848287489,0.43106200289767743,0.06258906407790293,0.3169491554916455
scenario,5,4,0,0,certified_reset,0,1,0.0840006109015555,0.08000076362694437,0.003999847274611132,0.06799740366838924,0.0,0.0,0,0,-0.12758307928971213,0.20088685538591006,-0.009934207016052639,0.036842379486116905,-0.12758307928971213,0.20088685538591006,-0.16888357875356513,0.024254478860391383,0.06258906407790293,0.3169491554916455
scenario,5,5,0,0,certified_reset,0,1,0.08000076362694437,0.07600091635233325,0.003999847274611132,0.06399755639377812,0.0,0.0,0,0,-0.009934207016052639,0.036842379486116905,-0.005816067120810843,-0.0035360191158702106,-0.009934207016052639,0.036842379486116905,-0.04437791594647255,0.00039224842134742265,0.06258906407790293,0.3169491554916455
scenario,5,6,0,0,certified_reset,0,1,0.07600091635233325,0.07200106907772212,0.003999847274611132,0.05999770911916699,0.0,0.0,0,0,-0.005816067120810843,-0.0035360191158702106,-0.006663220187374521,0.00598194199253417,-0.005816067120810843,-0.0035360191158702106,0.011001931419625697,3.910331674163453e-05,0.06258906407790293,0.3169491554916455
scenario,5,7,0,0,certified_reset,0,1,0.07200106907772212,0.068001221803111,0.003999847274611132,0.05599786184455586,0.0,0.0,0,0,-0.006663220187374521,0.00598194199253417,0.005156442291534511,0.004202107901185947,-0.006663220187374521,0.00598194199253417,-0.002173186421452642,5.0957625146362865e-05,0.06258906407790293,0.3169491554916455
scenario,5,8,0,0,certified_reset,0,1,0.068001221803111,0.06400137452849987,0.003999847274611132,0.051998014569944725,0.0,0.0,0,0,0.005156442291534511,0.004202107901185947,0.005181562649186361,-0.008086973160887176,0.005156442291534511,0.004202107901185947,-0.011322296221801056,3.297214484565862e-05,0.06258906407790293,0.3169491554916455
scenario,5,9,0,0,certified_reset,0,1,0.06400137452849987,0.060001527253888735,0.003999847274611132,0.04799816729533359,0.0,0.0,0,0,0.005181562649186361,-0.008086973160887176,0.0034251296632697758,-0.014559888958465605,0.005181562649186361,-0.008086973160887176,0.006754410372437979,3.976098725730933e-05,0.06258906407790293,0.3169491554916455
scenario,5,10,0,0,certified_reset,0,1,0.060001527253888735,0.0560016799792776,0.003999847274611132,0.04399832002072246,0.0,0.0,0,0,0.0034251296632697758,-0.014559888958465605,-0.000597754375595316,-0.0004209016635497247,0.0034251296632697758,-0.014559888958465605,0.01803649153158575,5.8022654846347396e-05,0.06258906407790293,0.3169491554916455
scenario,5,11,0,0,certified_reset,0,1,0.0560016799792776,0.05200183270466647,0.003999847274611132,0.039998472746111326,0.0,0.0,0,0,-0.000597754375595316,-0.0004209016635497247,-0.0038676091398210603,0.0037536952338997724,-0.000597754375595316,-0.0004209016635497247,0.0012155158151491085,4.2613573883349273e-07,0.06258906407790293,0.3169491554916455
scenario,5,12,0,0,certified_reset,0,1,0.05200183270466647,0.048001985430055336,0.003999847274611132,0.03599862547150019,0.0,0.0,0,0,-0.0038676091398210603,0.0037536952338997724,-0.006931012471563279,-0.0048337409243091245,-0.0038676091398210603,0.0037536952338997724,-0.0016774630003248256,1.7564988534984206e-05,0.06258906407790293,0.3169491554916455
scenario,5,13,0,0,certified_reset,0,1,0.048001985430055336,0.0440021381554442,0.003999847274611132,0.03199877819688906,0.0,0.0,0,0,-0.006931012471563279,-0.0048337409243091245,-0.004214591422816159,0.005183840718660637,-0.006931012471563279,-0.0048337409243091245,0.01402229682049446,5.716026332221829e-05,0.06258906407790293,0.3169491554916455
scenario,5,14,0,0,certified_reset,0,1,0.0440021381554442,0.04000229088083307,0.003999847274611132,0.02799893092227793,0.0,0.0,0,0,-0.004214591422816159,0.005183840718660637,0.0004203252350484712,-0.006579763323462228,-0.004214591422816159,0.005183840718660637,-0.003437997712370824,2.2895273395392137e-05,0.06258906407790293,0.3169491554916455
scenario,5,15,0,0,certified_reset,0,1,0.04000229088083307,0.036002443606221936,0.003999847274611132,0.023999083647666796,0.0,0.0,0,0,0.0004203252350484712,-0.006579763323462228,0.002919501733949551,-0.0002631453076906748,0.0004203252350484712,-0.006579763323462228,0.009270168069114881,1.0117865074659647e-05,0.06258906407790293,0.3169491554916455
scenario,5,16,0,0,certified_reset,0,1,0.036002443606221936,0.0320025963316108,0.003999847274611132,0.019999236373055663,0.0,0.0,0,0,0.002919501733949551,-0.0002631453076906748,0.005921751712755041,-0.01033349051661759,0.002919501733949551,-0.0002631453076906748,-0.0025183953953158414,8.694512440245868e-06,0.06258906407790293,0.3169491554916455
scenario,5,17,0,0,certified_reset,0,1,0.0320025963316108,0.02800274905699967,0.003999847274611132,0.01599938909844453,0.0,0.0,0,0,0.005921751712755041,-0.01033349051661759,0.003526667984465615,-0.00024233232899278803,0.005921751712755041,-0.01033349051661759,0.009322135812972395,5.6460283476669443e-05,0.06258906407790293,0.3169491554916455
scenario,5,18,0,0,certified_reset,0,1,0.02800274905699967,0.024002901782388536,0.003999847274611132,0.011999541823833396,0.0,0.0,0,0,0.003526667984465615,-0.00024233232899278803,-0.0022957817771585643,0.007929745374787347,0.003526667984465615,-0.00024233232899278803,-0.003150703485173796,1.2696130876323434e-05,0.06258906407790293,0.3169491554916455
scenario,5,19,0,0,certified_reset,0,1,0.024002901782388536,0.020003054507777403,0.003999847274611132,0.007999694549222265,0.0,0.0,0,0,-0.0022957817771585643,0.007929745374787347,-0.006009327397557149,-0.005605697193094919,-0.0022957817771585643,0.007929745374787347,-0.009399235872002289,1.8797809950384742e-05,0.06258906407790293,0.3169491554916455
scenario,5,20,0,0,certified_reset,0,1,0.020003054507777403,0.01600320723316627,0.003999847274611132,0.003999847274611132,0.0,0.0,0,0,-0.006009327397557149,-0.005605697193094919,-0.001590760842408672,0.015832523280610012,-0.006009327397557149,-0.005605697193094919,0.014242893702001805,4.683980767991505e-05,0.06258906407790293,0.3169491554916455
scenario,5,21,0,0,certified_reset,0,1,0.01600320723316627,0.012003359958555136,0.003999847274611132,0.0,0.0,0.0,0,0,-0.001590760842408672,0.015832523280610012,0.004241490072855672,-0.005175196194936078,-0.001590760842408672,0.015832523280610012,-0.02173758451172565,5.9463967385441565e-05,0.06258906407790293,0.3169491554916455
scenario,6,0,0,0,certified_reset,0,1,0.1,0.09600015272538888,0.003999847274611132,0.08399679276683375,0.0,0.0,0,0,2.025884906727571,0.18901965852190972,1.4467072006412647,-1.3602648240616564,2.025884906727571,0.18901965852190972,-1.5499999999999998,4.170703272941971,0.06258906407790293,0.3169491554916455
scenario,6,1,0,0,certified_reset,0,1,0.09600015272538888,0.09200030545077775,0.003999847274611132,0.07999694549222262,0.0,0.0,0,0,1.4467072006412647,-1.3602648240616564,0.36792172986603316,-0.8050202505892712,1.4467072006412647,-1.3602648240616564,0.5632164639678391,2.4339497145037035,0.06258906407790293,0.3169491554916455
scenario,6,2,0,0,certified_reset,0,1,0.09200030545077775,0.08800045817616663,0.003999847274611132,0.0759970982176115,0.0,0.0,0,0,0.36792172986603316,-0.8050202505892712,-0.027023314089027174,0.002539200230137907,0.36792172986603316,-0.8050202505892712,0.8195078614957904,0.2688065963785357,0.06258906407790293,0.3169491554916455
scenario,6,3,1,1,certified_reset,0,1,0.08800045817616663,0.0840006109015555,0.003999847274611132,0.07199725094300037,0.0,0.0,0,0,-0.027023314089027174,0.002539200230137907,-0.00022667465886603427,0.03569668845835727,-0.027023314089027174,0.002539200230137907,0.02316841409236752,0.0007448394464486717,0.0659683941917073,0.3371807140592316
scenario,6,4,1,1,certified_reset,0,1,0.0840006109015555,0.08000076362694437,0.003999847274611132,0.06799740366838924,0.0,0.0,0,0,-0.00022667465886603427,0.03569668845835727,-0.01539101037979454,-0.022758310742050154,-0.00022667465886603427,0.03569668845835727,-0.05235943956188369,0.00029795479622257893,0.0659683941917073,0.3371807140592316
scenario,6,5,1,1,certified_reset,0,1,0.08000076362694437,0.07600091635233325,0.003999847274611132,0.06399755639377812,0.0,0.0,0,0,-0.01539101037979454,-0.022758310742050154,-0.017988985603048853,0.04138689963314448,-0.01539101037979454,-0.022758310742050154,0.04885145505465088,0.00038977414444456645,0.0659683941917073,0.3371807140592316
scenario,6,6,1,1,certified_reset,0,1,0.07600091635233325,0.07200106907772212,0.003999847274611132,0.05999770911916699,0.0,0.0,0,0,-0.017988985603048853,0.04138689963314448,0.02147805009808812,0.011597598734002465,-0.017988985603048853,0.04138689963314448,-0.04305652794097523,0.0006782678010089138,0.0659683941917073,0.3371807140592316
scenario,6,7,1,1,certified_reset,0,1,0.07200106907772212,0.068001221803111,0.003999847274611132,0.05599786184455586,0.0,0.0,0,0,0.02147805009808812,0.011597598734002465,0.05414129676203254,-0.013131349876396322,0.02147805009808812,0.011597598734002465,-0.03846850718883043,0.000522513060500499,0.0659683941917073,0.3371807140592316
scenario,6,8,1,1,certified_reset,0,1,0.068001221803111,0.06400137452849987,0.003999847274611132,0.051998014569944725,0.0,0.0,0,0,0.05414129676203254,-0.013131349876396322,0.04586859758468651,-0.07814986935406563,0.05414129676203254,-0.013131349876396322,-0.034567441155807864,0.0029921905376997216,0.0659683941917073,0.3371807140592316
scenario,6,9,1,1,certified_reset,0,1,0.06400137452849987,0.060001527253888735,0.003999847274611132,0.04799816729533359,0.0,0.0,0,0,0.04586859758468651,-0.07814986935406563,-0.010582050777481172,0.0011208090892294905,0.04586859758468651,-0.07814986935406563,0.06944922981818384,0.0033238405068547368,0.0659683941917073,0.3371807140592316
scenario,6,10,1,1,certified_reset,0,1,0.060001527253888735,0.0560016799792776,0.003999847274611132,0.04399832002072246,0.0,0.0,0,0,-0.010582050777481172,0.0011208090892294905,-0.0006958363703842467,-0.0005689508512061407,-0.010582050777481172,0.0011208090892294905,0.0088823755827902,0.00011417833189964347,0.0659683941917073,0.3371807140592316
scenario,6,11,1,1,certified_reset,0,1,0.0560016799792776,0.05200183270466647,0.003999847274611132,0.039998472746111326,0.0,0.0,0,0,-0.0006958363703842467,-0.0005689508512061407,-0.0050427398547575955,-0.023264751216015622,-0.0006958363703842467,-0.0005689508512061407,0.0015322952566849484,6.01153385986877e-07,0.0659683941917073,0.3371807140592316
scenario,6,12,1,1,certified_reset,0,1,0.05200183270466647,0.048001985430055336,0.003999847274611132,0.03599862547150019,0.0,0.0,0,0,-0.0050427398547575955,-0.023264751216015622,-0.015264225481931225,-0.01256615703788961,-0.0050427398547575955,-0.023264751216015622,0.039294809164963265,0.00016145603277129073,0.0659683941917073,0.3371807140592316
scenario,6,13,1,1,certified_reset,0,1,0.048001985430055336,0.0440021381554442,0.003999847274611132,0.03199877819688906,0.0,0.0,0,0,-0.015264225481931225,-0.01256615703788961,-0.015701225794194407,0.004648131702258147,-0.015264225481931225,-0.01256615703788961,0.033707625049313614,0.00028982517371102886,0.0659683941917073,0.3371807140592316
scenario,6,14,0,0,certified_reset,0,1,0.0440021381554442,0.04000229088083307,0.003999847274611132,0.02799893092227793,0.0,0.0,0,0,-0.015701225794194407,0.004648131702258147,-0.012394020931325012,-0.0014567353504335578,-0.015701225794194407,0.004648131702258147,0.00878788629218089,0.00025234808817526,0.06258906407790293,0.3169491554916455
scenario,6,15,0,0,certified_reset,0,1,0.04000229088083307,0.036002443606221936,0.003999847274611132,0.023999083647666796,0.0,0.0,0,0,-0.012394020931325012,-0.0014567353504335578,-0.00902363466775968,0.012069197137253797,-0.012394020931325012,-0.0014567353504335578,0.014487422033233935,0.00015924086379396482,0.06258906407790293,0.3169491554916455
scenario,6,16,0,0,certified_reset,0,1,0.036002443606221936,0.0320025963316108,0.003999847274611132,0.019999236373055663,0.0,0.0,0,0,-0.00902363466775968,0.012069197137253797,0.007861328662952586,0.008158571475835603,-0.00902363466775968,0.012069197137253797,-0.008791648809614675,0.00010957810335380547,0.06258906407790293,0.3169491554916455
scenario,6,17,0,0,certified_reset,0,1,0.0320025963316108,0.02800274905699967,0.003999847274611132,0.01599938909844453,0.0,0.0,0,0,0.007861328662952586,0.008158571475835603,0.008736604462955502,-0.012396737755472419,0.007861328662952586,0.008158571475835603,-0.019847744986998612,8.363002480842041e-05,0.06258906407790293,0.3169491554916455
scenario,6,18,0,0,certified_reset,0,1,0.02800274905699967,0.024002901782388536,0.003999847274611132,0.011999541823833396,0.0,0.0,0,0,0.008736604462955502,-0.012396737755472419,0.003479030365458824,0.015905518724078693,0.008736604462955502,-0.012396737755472419,0.009561710082863576,0.00010627615429088433,0.06258906407790293,0.3169491554916455
scenario,6,19,0,0,certified_reset,0,1,0.024002901782388536,0.020003054507777403,0.003999847274611132,0.007999694549222265,0.0,0.0,0,0,0.003479030365458824,0.015905518724078693,0.01064296134035835,-0.011229096804925448,0.003479030365458824,0.015905518724078693,-0.026894940823341876,7.57244929898243e-05,0.06258906407790293,0.3169491554916455
scenario,6,20,0,0,certified_reset,0,1,0.020003054507777403,0.01600320723316627,0.003999847274611132,0.003999847274611132,0.0,0.0,0,0,0.01064296134035835,-0.011229096804925448,0.0004151237177470431,-0.008425158026353952,0.01064296134035835,-0.011229096804925448,0.005943943300060002,0.00013685255835101025,0.06258906407790293,0.3169491554916455
scenario,6,21,0,0,certified_reset,0,1,0.01600320723316627,0.012003359958555136,0.003999847274611132,0.0,0.0,0.0,0,0,0.0004151237177470431,-0.008425158026353952,0.001861419689474121,0.015608911508828179,0.0004151237177470431,-0.008425158026353952,0.011996527514486021,1.6547236309608186e-05,0.06258906407790293,0.3169491554916455
scenario,7,0,0,0,certified_reset,0,1,0.1,0.09600015272538888,0.003999847274611132,0.08399679276683375,0.0,0.0,0,0,-2.706690589318223,0.48955204202261393,-1.4400917722871385,2.0495328723332755,-2.706690589318223,0.48955204202261393,1.55,7.429375462636561,0.06258906407790293,0.3169491554916455
scenario,7,1,0,0,certified_reset,0,1,0.09600015272538888,0.09200030545077775,0.003999847274611132,0.07999694549222262,0.0,0.0,0,0,-1.4400917722871385,2.0495328723332755,-0.16409017715707058,0.49206858744684584,-1.4400917722871385,2.0495328723332755,-1.55,2.890032111668555,0.06258906407790293,0.3169491554916455
scenario,7,2,0,0,certified_reset,0,1,0.09200030545077775,0.08800045817616663,0.003999847274611132,0.0759970982176115,0.0,0.0,0,0,-0.16409017715707058,0.49206858744684584,0.054115665309603364,-0.07104947200605567,-0.16409017715707058,0.49206858744684584,-0.5614681827035457,0.07839041829949753,0.06258906407790293,0.3169491554916455
scenario,7,3,1,1,certified_reset,0,1,0.08800045817616663,0.0840006109015555,0.003999847274611132,0.07199725094300037,0.0,0.0,0,0,0.054115665309603364,-0.07104947200605567,0.021529298841465573,-0.011948469714460716,0.054115665309603364,-0.07104947200605567,0.050779941202088744,0.0039016152376342705,0.0659683941917073,0.3371807140592316
scenario,7,4,1,1,certified_reset,0,1,0.0840006109015555,0.08000076362694437,0.003999847274611132,0.06799740366838924,0.0,0.0,0,0,0.021529298841465573,-0.011948469714460716,0.016768849495849156,-0.011194228092875444,0.021529298841465573,-0.011948469714460716,-0.0038301444670615203,0.0004895753259042243,0.0659683941917073,0.3371807140592316
scenario,7,5,1,1,certified_reset,0,1,0.08000076362694437,0.07600091635233325,0.003999847274611132,0.06399755639377812,0.0,0.0,0,0,0.016768849495849156,-0.011194228092875444,0.0067459994192008675,-0.02016705195617737,0.016768849495849156,-0.011194228092875444,-0.0002082914884570684,0.00030375133171520245,0.0659683941917073,0.3371807140592316
scenario,7,6,0,0,certified_reset,0,1,0.07600091635233325,0.07200106907772212,0.003999847274611132,0.05999770911916699,0.0,0.0,0,0,0.0067459994192008675,-0.02016705195617737,-0.005585984428939917,-0.0008296844606811649,0.0067459994192008675,-0.02016705195617737,0.02299072884294456,0.00013193064571067188,0.06258906407790293,0.3169491554916455
scenario,7,7,0,0,certified_reset,0,1,0.07200106907772212,0.068001221803111,0.003999847274611132,0.05599786184455586,0.0,0.0,0,0,-0.005585984428939917,-0.0008296844606811649,-0.013431104252826911,0.006658180318833785,-0.005585984428939917,-0.0008296844606811649,0.006787974131159154,3.24790445952646e-05,0.06258906407790293,0.3169491554916455
scenario,7,8,0,0,certified_reset,0,1,0.068001221803111,0.06400137452849987,0.003999847274611132,0.051998014569944725,0.0,0.0,0,0,-0.013431104252826911,0.006658180318833785,-0.002631783002731324,0.011735893147203797,-0.013431104252826911,0.006658180318833785,0.00356389384456245,0.0001886917406621469,0.06258906407790293,0.3169491554916455
scenario,7,9,0,0,certified_reset,0,1,0.06400137452849987,0.060001527253888735,0.003999847274611132,0.04799816729533359,0.0,0.0,0,0,-0.002631783002731324,0.011735893147203797,-0.00020002436487089482,-0.002425166222432676,-0.002631783002731324,0.011735893147203797,-0.014665576434623916,3.7094873910725714e-05,0.06258906407790293,0.3169491554916455
scenario,7,10,0,0,certified_reset,0,1,0.060001527253888735,0.0560016799792776,0.003999847274611132,0.04399832002072246,0.0,0.0,0,0,-0.00020002436487089482,-0.002425166222432676,0.004211925876875311,-0.002678441593353802,-0.00020002436487089482,-0.002425166222432676,0.0037713443463891494,1.4542433181751476e-06,0.06258906407790293,0.3169491554916455
scenario,7,11,0,0,certified_reset,0,1,0.0560016799792776,0.05200183270466647,0.003999847274611132,0.039998472746111326,0.0,0.0,0,0,0.004211925876875311,-0.002678441593353802,0.00734964805791412,0.004538241144697801,0.004211925876875311,-0.002678441593353802,-0.0002477583166891793,1.9033183083300455e-05,0.06258906407790293,0.3169491554916455
scenario,7,12,0,0,certified_reset,0,1,0.05200183270466647,0.048001985430055336,0.003999847274611132,0.03599862547150019,0.0,0.0,0,0,0.00734964805791412,0.004538241144697801,0.001678161674096559,-0.011045287769931973,0.00734964805791412,0.004538241144697801,-0.01400200247669811,6.262594229287433e-05,0.06258906407790293,0.3169491554916455
scenario,7,13,0,0,certified_reset,0,1,0.048001985430055336,0.0440021381554442,0.003999847274611132,0.03199877819688906,0.0,0.0,0,0,0.001678161674096559,-0.011045287769931973,-0.0027153350876026085,0.0053492902491787085,0.001678161674096559,-0.011045287769931973,0.014601772312194136,3.0106229216545134e-05,0.06258906407790293,0.3169491554916455
scenario,7,14,0,0,certified_reset,0,1,0.0440021381554442,0.04000229088083307,0.003999847274611132,0.02799893092227793,0.0,0.0,0,0,-0.0027153350876026085,0.0053492902491787085,-0.0012546470515944325,-0.0026280540882079096,-0.0027153350876026085,0.0053492902491787085,-0.005173576932129085,1.3192875205374834e-05,0.06258906407790293,0.3169491554916455
scenario,7,15,0,0,certified_reset,0,1,0.04000229088083307,0.036002443606221936,0.003999847274611132,0.023999083647666796,0.0,0.0,0,0,-0.0012546470515944325,-0.0026280540882079096,-0.006478515265560271,0.014995741342230614,-0.0012546470515944325,-0.0026280540882079096,0.005116471007713842,3.471796405692345e-06,0.06258906407790293,0.3169491554916455
scenario,7,16,0,0,certified_reset,0,1,0.036002443606221936,0.0320025963316108,0.003999847274611132,0.019999236373055663,0.0,0.0,0,0,-0.006478515265560271,0.014995741342230614,-0.007397850727213698,-0.010374058575662882,-0.006478515265560271,0.014995741342230614,-0.01563522969565145,8.855967674954717e-05,0.06258906407790293,0.3169491554916455
scenario,7,17,0,0,certified_reset,0,1,0.0320025963316108,0.02800274905699967,0.003999847274611132,0.01599938909844453,0.0,0.0,0,0,-0.007397850727213698,-0.010374058575662882,-0.007347756210275426,0.01093933650369169,-0.007397850727213698,-0.010374058575662882,0.022650257798631803,8.692584628037949e-05,0.06258906407790293,0.3169491554916455
scenario,7,18,0,0,certified_reset,0,1,0.02800274905699967,0.024002901782388536,0.003999847274611132,0.011999541823833396,0.0,0.0,0,0,-0.007347756210275426,0.01093933650369169,0.004953237479450477,0.0052733441087243595,-0.007347756210275426,0.01093933650369169,-0.00879607542679916,7.746422986386986e-05,0.06258906407790293,0.3169491554916455
scenario,7,19,0,0,certified_reset,0,1,0.024002901782388536,0.020003054507777403,0.003999847274611132,0.007999694549222265,0.0,0.0,0,0,0.004953237479450477,0.0052733441087243595,0.006536386362247313,-0.0028664012010199648,0.004953237479450477,0.0052733441087243595,-0.012699222398298012,3.357178622189198e-05,0.06258906407790293,0.3169491554916455
scenario,7,20,0,0,certified_reset,0,1,0.020003054507777403,0.01600320723316627,0.003999847274611132,0.003999847274611132,0.0,0.0,0,0,0.006536386362247313,-0.0028664012010199648,-0.0004716756555640453,-0.009635762645754551,0.006536386362247313,-0.0028664012010199648,-0.0022865857505328566,4.433398458857372e-05,0.06258906407790293,0.3169491554916455
scenario,7,21,0,0,certified_reset,0,1,0.01600320723316627,0.012003359958555136,0.003999847274611132,0.0,0.0,0.0,0,0,-0.0004716756555640453,-0.009635762645754551,0.002863782314374368,-0.002005912337375326,-0.0004716756555640453,-0.009635762645754551,0.01466426331598685,2.2311119306824088e-05,0.06258906407790293,0.3169491554916455
scenario,8,0,0,0,certified_reset,0,1,0.1,0.09600015272538888,0.003999847274611132,0.08399679276683375,0.0,0.0,0,0,-3.0701750323622297,-0.587762218579163,-2.882641077457712,0.9617149892724262,-3.0701750323622297,-0.587762218579163,1.5499999999999534,9.548220825946453,0.06258906407790293,0.3169491554916455
scenario,8,1,0,0,certified_reset,0,1,0.09600015272538888,0.09200030545077775,0.003999847274611132,0.07999694549222262,0.0,0.0,0,0,-2.882641077457712,0.9617149892724262,-1.3706208789297407,2.074808271463575,-2.882641077457712,0.9617149892724262,1.105710405506754,8.506665698674134,0.06258906407790293,0.3169491554916455
scenario,8,2,0,0,certified_reset,0,1,0.09200030545077775,0.08800045817616663,0.003999847274611132,0.0759970982176115,0.0,0.0,0,0,-1.3706208789297407,2.074808271463575,-0.06829100677265623,0.5221038282015484,-1.3706208789297407,2.074808271463575,-1.55,2.713533379158195,0.06258906407790293,0.3169491554916455
scenario,8,3,0,0,certified_reset,0,1,0.08800045817616663,0.0840006109015555,0.003999847274611132,0.07199725094300037,0.0,0.0,0,0,-0.06829100677265623,0.5221038282015484,0.09992033638226304,-0.1799848761395081,-0.06829100677265623,0.5221038282015484,-0.7011058429212849,0.06601903001657028,0.06258906407790293,0.3169491554916455
scenario,8,4,0,0,certified_reset,0,1,0.0840006109015555,0.08000076362694437,0.003999847274611132,0.06799740366838924,0.0,0.0,0,0,0.09992033638226304,-0.1799848761395081,0.007420028088971366,-0.015117893264521383,0.09992033638226304,-0.1799848761395081,0.16563718603340946,0.01650098557268299,0.06258906407790293,0.3169491554916455
scenario,8,5,0,0,certified_reset,0,1,0.08000076362694437,0.07600091635233325,0.003999847274611132,0.06399755639377812,0.0,0.0,0,0,0.007420028088971366,-0.015117893264521383,-0.00039416840283946483,0.0020535179586888964,0.007420028088971366,-0.015117893264521383,0.014878947921713365,0.00010173051953889349,0.06258906407790293,0.3169491554916455
scenario,8,6,0,0,certified_reset,0,1,0.07600091635233325,0.07200106907772212,0.003999847274611132,0.05999770911916699,0.0,0.0,0,0,-0.00039416840283946483,0.0020535179586888964,0.0053545540453888586,0.007100914658700289,-0.00039416840283946483,0.0020535179586888964,-0.002630309622355707,1.0873804287318463e-06,0.06258906407790293,0.3169491554916455
scenario,8,7,0,0,certified_reset,0,1,0.07200106907772212,0.068001221803111,0.003999847274611132,0.05599786184455586,0.0,0.0,0,0,0.0053545540453888586,0.007100914658700289,0.004949915290725967,-0.0022695272230337906,0.0053545540453888586,0.007100914658700289,-0.015790575674105262,4.3980944046207346e-05,0.06258906407790293,0.3169491554916455
scenario,8,8,0,0,certified_reset,0,1,0.068001221803111,0.06400137452849987,0.003999847274611132,0.051998014569944725,0.0,0.0,0,0,0.004949915290725967,-0.0022695272230337906,0.0021930159501710057,-0.005300522053515443,0.004949915290725967,-0.0022695272230337906,-0.001585883277907257,2.5491672716537844e-05,0.06258906407790293,0.3169491554916455
scenario,8,9,0,0,certified_reset,0,1,0.06400137452849987,0.060001527253888735,0.003999847274611132,0.04799816729533359,0.0,0.0,0,0,0.0021930159501710057,-0.005300522053515443,0.0046554044610129155,0.0010834094449968536,0.0021930159501710057,-0.005300522053515443,0.005621044233911112,1.0656418541858716e-05,0.06258906407790293,0.3169491554916455
scenario,8,10,0,0,certified_reset,0,1,0.060001527253888735,0.0560016799792776,0.003999847274611132,0.04399832002072246,0.0,0.0,0,0,0.0046554044610129155,0.0010834094449968536,0.008540690406662927,-0.0021488959231013966,0.0046554044610129155,0.0010834094449968536,-0.006230543889880795,2.2854562309303736e-05,0.06258906407790293,0.3169491554916455
scenario,8,11,0,0,certified_reset,0,1,0.0560016799792776,0.05200183270466647,0.003999847274611132,0.039998472746111326,0.0,0.0,0,0,0.008540690406662927,-0.0021488959231013966,0.0034489860937122435,0.0018770412445208856,0.008540690406662927,-0.0021488959231013966,-0.00533749103843452,7.44868085509963e-05,0.06258906407790293,0.3169491554916455
scenario,8,12,0,0,certified_reset,0,1,0.05200183270466647,0.048001985430055336,0.003999847274611132,0.03599862547150019,0.0,0.0,0,0,0.0034489860937122435,0.0018770412445208856,0.008127136965140896,0.010783470026302661,0.0034489860937122435,0.0018770412445208856,-0.0062011528664740485,1.3491053586508776e-05,0.06258906407790293,0.3169491554916455
scenario,8,13,0,0,certified_reset,0,1,0.048001985430055336,0.0440021381554442,0.003999847274611132,0.03199877819688906,0.0,0.0,0,0,0.008127136965140896,0.010783470026302661,0.001966306840563101,-0.01364234597609663,0.008127136965140896,0.010783470026302661,-0.023977105570453894,0.00010135387568404709,0.06258906407790293,0.3169491554916455
scenario,8,14,0,0,certified_reset,0,1,0.0440021381554442,0.04000229088083307,0.003999847274611132,0.02799893092227793,0.0,0.0,0,0,0.001966306840563101,-0.01364234597609663,0.0006846066895656918,0.002815620100963382,0.001966306840563101,-0.01364234597609663,0.018141736444332295,4.5594876293309194e-05,0.06258906407790293,0.3169491554916455
scenario,8,15,0,0,certified_reset,0,1,0.04000229088083307,0.036002443606221936,0.003999847274611132,0.023999083647666796,0.0,0.0,0,0,0.0006846066895656918,0.002815620100963382,0.0035105163113830686,0.002598359721773996,0.0006846066895656918,0.002815620100963382,-0.004827088300632949,2.4781948354816113e-06,0.06258906407790293,0.3169491554916455
scenario,8,16,0,0,certified_reset,0,1,0.036002443606221936,0.0320025963316108,0.003999847274611132,0.019999236373055663,0.0,0.0,0,0,0.0035105163113830686,0.002598359721773996,0.01240110635121968,0.004040926038400535,0.0035105163113830686,0.002598359721773996,-0.007320738131912516,1.4878820126260275e-05,0.06258906407790293,0.3169491554916455
scenario,8,17,1,1,certified_reset,0,1,0.0320025963316108,0.02800274905699967,0.003999847274611132,0.01599938909844453,0.0,0.0,0,0,0.01240110635121968,0.004040926038400535,0.012680701295057509,-0.028877791856606324,0.01240110635121968,0.004040926038400535,-0.0182997072349791,0.00016509865584101797,0.0659683941917073,0.3371807140592316
scenario,8,18,1,1,certified_reset,0,1,0.02800274905699967,0.024002901782388536,0.003999847274611132,0.011999541823833396,0.0,0.0,0,0,0.012680701295057509,-0.028877791856606324,0.0069513937345942935,0.018732926960206665,0.012680701295057509,-0.028877791856606324,0.02991044317723004,0.00033327288586335697,0.0659683941917073,0.3371807140592316
scenario,8,19,1,1,certified_reset,0,1,0.024002901782388536,0.020003054507777403,0.003999847274611132,0.007999694549222265,0.0,0.0,0,0,0.0069513937345942935,0.018732926960206665,0.017480399684091527,-0.03579817300245463,0.0069513937345942935,0.018732926960206665,-0.03451999522177493,0.00014127868605549968,0.0659683941917073,0.3371807140592316
scenario,8,20,1,1,certified_reset,0,1,0.020003054507777403,0.01600320723316627,0.003999847274611132,0.003999847274611132,0.0,0.0,0,0,0.017480399684091527,-0.03579817300245463,0.02241879599754782,0.012290406475545372,0.017480399684091527,-0.03579817300245463,0.035332234919827156,0.0005674451979827944,0.0659683941917073,0.3371807140592316
scenario,8,21,1,1,certified_reset,0,1,0.01600320723316627,0.012003359958555136,0.003999847274611132,0.0,0.0,0.0,0,0,0.02241879599754782,0.012290406475545372,0.030065768565809198,-0.008466277389656832,0.02241879599754782,0.012290406475545372,-0.04043193496849836,0.0005706606845522312,0.0659683941917073,0.3371807140592316
scenario,9,0,0,0,certified_reset,0,1,0.1,0.09600015272538888,0.003999847274611132,0.08399679276683375,0.0,0.0,0,0,1.2373084622706099,0.3412521080291008,0.8109883327278449,-1.2026864663584782,1.2373084622706099,0.3412521080291008,-1.55,1.6119562710286361,0.06258906407790293,0.3169491554916455
scenario,9,1,0,0,certified_reset,0,1,0.09600015272538888,0.09200030545077775,0.003999847274611132,0.07999694549222262,0.0,0.0,0,0,0.8109883327278449,-1.2026864663584782,0.09764319543141677,-0.24502524453638191,0.8109883327278449,-1.2026864663584782,0.9641160571391415,0.9413019226566594,0.06258906407790293,0.3169491554916455
scenario,9,2,0,0,certified_reset,0,1,0.09200030545077775,0.08800045817616663,0.003999847274611132,0.0759970982176115,0.0,0.0,0,0,0.09764319543141677,-0.24502524453638191,-0.01233397715441823,0.009135810641609003,0.09764319543141677,-0.24502524453638191,0.2637145354293136,0.02207955420179579,0.06258906407790293,0.3169491554916455
scenario,9,3,0,0,certified_reset,0,1,0.08800045817616663,0.0840006109015555,0.003999847274611132,0.07199725094300037,0.0,0.0,0,0,-0.01233397715441823,0.009135810641609003,-0.006760018418929034,0.015218331450648367,-0.01233397715441823,0.009135810641609003,-0.001178225000454272,0.0001671850442937837,0.06258906407790293,0.3169491554916455
scenario,9,4,1,1,certified_reset,0,1,0.0840006109015555,0.08000076362694437,0.003999847274611132,0.06799740366838924,0.0,0.0,0,0,-0.006760018418929034,0.015218331450648367,-0.002451824717090486,-0.020248193469514758,-0.006760018418929034,0.015218331450648367,-0.015684539743132882,9.353553888363046e-05,0.0659683941917073,0.3371807140592316
scenario,9,5,1,1,certified_reset,0,1,0.08000076362694437,0.07600091635233325,0.003999847274611132,0.06399755639377812,0.0,0.0,0,0,-0.002451824717090486,-0.020248193469514758,-0.002101360358876374,0.01328477633750865,-0.002451824717090486,-0.020248193469514758,0.03226659584266448,0.00010583785560538419,0.0659683941917073,0.3371807140592316
scenario,9,6,1,1,certified_reset,0,1,0.07600091635233325,0.07200106907772212,0.003999847274611132,0.05999770911916699,0.0,0.0,0,0,-0.002101360358876374,0.01328477633750865,-0.018206252528446466,-0.048171710593884066,-0.002101360358876374,0.01328477633750865,-0.01747454247858004,4.3817057049522845e-05,0.0659683941917073,0.3371807140592316
scenario,9,7,1,1,certified_reset,0,1,0.07200106907772212,0.068001221803111,0.003999847274611132,0.05599786184455586,0.0,0.0,0,0,-0.018206252528446466,-0.048171710593884066,-0.029659114497128727,0.02299686784139566,-0.018206252528446466,-0.048171710593884066,0.08909160830154948,0.0009475929641508475,0.0659683941917073,0.3371807140592316
scenario,9,8,1,1,certified_reset,0,1,0.068001221803111,0.06400137452849987,0.003999847274611132,0.051998014569944725,0.0,0.0,0,0,-0.029659114497128727,0.02299686784139566,-0.005905267174958324,0.02074523268140449,-0.029659114497128727,0.02299686784139566,-0.004344793619898071,0.0009753290710364103,0.0659683941917073,0.3371807140592316
scenario,9,9,0,0,certified_reset,0,1,0.06400137452849987,0.060001527253888735,0.003999847274611132,0.04799816729533359,0.0,0.0,0,0,-0.005905267174958324,0.02074523268140449,0.0065627230488327195,-0.02648104127189186,-0.005905267174958324,0.02074523268140449,-0.024680390817400144,0.00012756586490114084,0.06258906407790293,0.3169491554916455
scenario,9,10,0,0,certified_reset,0,1,0.060001527253888735,0.0560016799792776,0.003999847274611132,0.04399832002072246,0.0,0.0,0,0,0.0065627230488327195,-0.02648104127189186,-0.014141298110073948,0.010391312018662252,0.0065627230488327195,-0.02648104127189186,0.03246958989430143,0.00019565038894513848,0.06258906407790293,0.3169491554916455
scenario,9,11,0,0,certified_reset,0,1,0.0560016799792776,0.05200183270466647,0.003999847274611132,0.039998472746111326,0.0,0.0,0,0,-0.014141298110073948,0.010391312018662252,-0.011265899942491595,0.012191772682589284,-0.014141298110073948,0.010391312018662252,-0.0012211570474464175,0.00021944987863579927,0.06258906407790293,0.3169491554916455
scenario,9,12,0,0,certified_reset,0,1,0.05200183270466647,0.048001985430055336,0.003999847274611132,0.03599862547150019,0.0,0.0,0,0,-0.011265899942491595,0.012191772682589284,0.0019423027421886403,-0.010631143344264628,-0.011265899942491595,0.012191772682589284,-0.00673832248884631,0.0001548107040692319,0.06258906407790293,0.3169491554916455
scenario,9,13,0,0,certified_reset,0,1,0.048001985430055336,0.0440021381554442,0.003999847274611132,0.03199877819688906,0.0,0.0,0,0,0.0019423027421886403,-0.010631143344264628,0.00484305193511573,0.0060857269108090545,0.0019423027421886403,-0.010631143344264628,0.013724197854230355,2.8825197695999415e-05,0.06258906407790293,0.3169491554916455
scenario,9,14,0,0,certified_reset,0,1,0.0440021381554442,0.04000229088083307,0.003999847274611132,0.02799893092227793,0.0,0.0,0,0,0.00484305193511573,0.0060857269108090545,0.0029769422205070733,0.002874000470935589,0.00484305193511573,0.0060857269108090545,-0.013789786201611993,3.487560009931262e-05,0.06258906407790293,0.3169491554916455
scenario,9,15,0,0,certified_reset,0,1,0.04000229088083307,0.036002443606221936,0.003999847274611132,0.023999083647666796,0.0,0.0,0,0,0.0029769422205070733,0.002874000470935589,0.0042238736244813255,0.007171590373985606,0.0029769422205070733,0.002874000470935589,-0.007201236826184594,1.164540844715635e-05,0.06258906407790293,0.3169491554916455
scenario,9,16,0,0,certified_reset,0,1,0.036002443606221936,0.0320025963316108,0.003999847274611132,0.019999236373055663,0.0,0.0,0,0,0.0042238736244813255,0.007171590373985606,0.0017747919732324672,-0.011203013798414839,0.0042238736244813255,0.007171590373985606,-0.014766681252997228,3.255018780488325e-05,0.06258906407790293,0.3169491554916455
scenario,9,17,0,0,certified_reset,0,1,0.0320025963316108,0.02800274905699967,0.003999847274611132,0.01599938909844453,0.0,0.0,0,0,0.0017747919732324672,-0.011203013798414839,-0.0024260584151329424,-0.008123481926694986,0.0017747919732324672,-0.011203013798414839,0.0147365049763715,3.1170354291361136e-05,0.06258906407790293,0.3169491554916455
scenario,9,18,0,0,certified_reset,0,1,0.02800274905699967,0.024002901782388536,0.003999847274611132,0.011999541823833396,0.0,0.0,0,0,-0.0024260584151329424,-0.008123481926694986,-0.0026132049620909287,0.011320213206589132,-0.0024260584151329424,-0.008123481926694986,0.014378701735894278,2.2932808574283805e-05,0.06258906407790293,0.3169491554916455
scenario,9,19,0,0,certified_reset,0,1,0.024002901782388536,0.020003054507777403,0.003999847274611132,0.007999694549222265,0.0,0.0,0,0,-0.0026132049620909287,0.011320213206589132,0.010089666845842633,-0.009010334830734098,-0.0026132049620909287,0.011320213206589132,-0.014073539118203434,3.484695362436101e-05,0.06258906407790293,0.3169491554916455
scenario,9,20,0,0,certified_reset,0,1,0.020003054507777403,0.01600320723316627,0.003999847274611132,0.003999847274611132,0.0,0.0,0,0,0.010089666845842633,-0.009010334830734098,0.004537496764406441,-0.0016538899503969872,0.010089666845842633,-0.009010334830734098,0.003222039880036239,0.00011667441966195883,0.06258906407790293,0.3169491554916455
scenario,9,21,0,0,certified_reset,0,1,0.01600320723316627,0.012003359958555136,0.003999847274611132,0.0,0.0,0.0,0,0,0.004537496764406441,-0.0016538899503969872,0.0041096956355769,-0.01712248884066964,0.004537496764406441,-0.0016538899503969872,-0.0020870231611642078,2.1190131883124168e-05,0.06258906407790293,0.3169491554916455
scenario,10,0,0,0,certified_reset,0,1,0.1,0.09600015272538888,0.003999847274611132,0.08399679276683375,0.0,0.0,0,0,0.6813139861916007,0.25105443098109725,0.4036347543779228,-0.8037508244195125,0.6813139861916007,0.25105443098109725,-1.0482529756553622,0.5030047042212903,0.06258906407790293,0.3169491554916455
scenario,10,1,0,0,certified_reset,0,1,0.09600015272538888,0.09200030545077775,0.003999847274611132,0.07999694549222262,0.0,0.0,0,0,0.4036347543779228,-0.8037508244195125,-0.009526867654802368,-0.03752016873829104,0.4036347543779228,-0.8037508244195125,0.7820756263965669,0.2944948418727239,0.06258906407790293,0.3169491554916455
scenario,10,2,0,0,certified_reset,0,1,0.09200030545077775,0.08800045817616663,0.003999847274611132,0.0759970982176115,0.0,0.0,0,0,-0.009526867654802368,-0.03752016873829104,-0.006080423339152957,0.03562223404405436,-0.009526867654802368,-0.03752016873829104,0.06475693801810403,0.0004489950840361036,0.06258906407790293,0.3169491554916455
scenario,10,3,0,0,certified_reset,0,1,0.08800045817616663,0.0840006109015555,0.003999847274611132,0.07199725094300037,0.0,0.0,0,0,-0.006080423339152957,0.03562223404405436,0.011927531881704175,-0.023026916841348354,-0.006080423339152957,0.03562223404405436,-0.04642290900293216,0.00031925855048276836,0.06258906407790293,0.3169491554916455
scenario,10,4,0,0,certified_reset,0,1,0.0840006109015555,0.08000076362694437,0.003999847274611132,0.06799740366838924,0.0,0.0,0,0,0.011927531881704175,-0.023026916841348354,0.010999583635374132,0.014258868117436388,0.011927531881704175,-0.023026916841348354,0.022047535917039236,0.000249861364648705,0.06258906407790293,0.3169491554916455
scenario,10,5,0,0,certified_reset,0,1,0.08000076362694437,0.07600091635233325,0.003999847274611132,0.06399755639377812,0.0,0.0,0,0,0.010999583635374132,0.014258868117436388,0.00988892881754146,-0.0335481116446531,0.010999583635374132,0.014258868117436388,-0.031956941745767437,0.00018311875089342965,0.06258906407790293,0.3169491554916455
scenario,10,6,0,0,certified_reset,0,1,0.07600091635233325,0.07200106907772212,0.003999847274611132,0.05999770911916699,0.0,0.0,0,0,0.00988892881754146,-0.0335481116446531,-0.006960813821939554,0.011831606094627873,0.00988892881754146,-0.0335481116446531,0.03957615914308792,0.0003395333655573571,0.06258906407790293,0.3169491554916455
scenario,10,7,0,0,certified_reset,0,1,0.07200106907772212,0.068001221803111,0.003999847274611132,0.05599786184455586,0.0,0.0,0,0,-0.006960813821939554,0.011831606094627873,0.006066690796882343,-0.0029241704978848065,-0.006960813821939554,0.011831606094627873,-0.01049426877898071,7.640381349396035e-05,0.06258906407790293,0.3169491554916455
scenario,10,8,0,0,certified_reset,0,1,0.068001221803111,0.06400137452849987,0.003999847274611132,0.051998014569944725,0.0,0.0,0,0,0.006066690796882343,-0.0029241704978848065,0.0015439484077361424,-0.005663456505411044,0.006066690796882343,-0.0029241704978848065,-0.0017319421440726642,3.8418866972863276e-05,0.06258906407790293,0.3169491554916455
scenario,10,9,0,0,certified_reset,0,1,0.06400137452849987,0.060001527253888735,0.003999847274611132,0.04799816729533359,0.0,0.0,0,0,0.0015439484077361424,-0.005663456505411044,-0.00706860113357516,0.00713867580899206,0.0015439484077361424,-0.005663456505411044,0.006801460640392295,9.313726482783989e-06,0.06258906407790293,0.3169491554916455
scenario,10,10,0,0,certified_reset,0,1,0.060001527253888735,0.0560016799792776,0.003999847274611132,0.04399832002072246,0.0,0.0,0,0,-0.00706860113357516,0.00713867580899206,-0.0047963450573129465,0.0014228428633771624,-0.00706860113357516,0.00713867580899206,-0.0034813088837037393,5.944103438923383e-05,0.06258906407790293,0.3169491554916455
scenario,10,11,0,0,certified_reset,0,1,0.0560016799792776,0.05200183270466647,0.003999847274611132,0.039998472746111326,0.0,0.0,0,0,-0.0047963450573129465,0.0014228428633771624,0.005629320133938228,0.012807422568338472,-0.0047963450573129465,0.0014228428633771624,0.0026763421142094552,2.3548402813113007e-05,0.06258906407790293,0.3169491554916455
scenario,10,12,0,0,certified_reset,0,1,0.05200183270466647,0.048001985430055336,0.003999847274611132,0.03599862547150019,0.0,0.0,0,0,0.005629320133938228,0.012807422568338472,0.006543555064032433,-0.016886741597692965,0.005629320133938228,0.012807422568338472,-0.02447414929895619,7.618925787996967e-05,0.06258906407790293,0.3169491554916455
scenario,10,13,0,0,certified_reset,0,1,0.048001985430055336,0.0440021381554442,0.003999847274611132,0.03199877819688906,0.0,0.0,0,0,0.006543555064032433,-0.016886741597692965,0.00724473588909693,0.0022454949083843363,0.006543555064032433,-0.016886741597692965,0.018360587581296134,0.00010257505980599136,0.06258906407790293,0.3169491554916455
scenario,10,14,0,0,certified_reset,0,1,0.0440021381554442,0.04000229088083307,0.003999847274611132,0.02799893092227793,0.0,0.0,0,0,0.00724473588909693,0.0022454949083843363,0.0067338219434989,-0.012440579270358455,0.00724473588909693,0.0022454949083843363,-0.010521960199402693,5.616159379275884e-05,0.06258906407790293,0.3169491554916455
scenario,10,15,0,0,certified_reset,0,1,0.04000229088083307,0.036002443606221936,0.003999847274611132,0.023999083647666796,0.0,0.0,0,0,0.0067338219434989,-0.012440579270358455,0.0013552198101213647,0.0005822393500496857,0.0067338219434989,-0.012440579270358455,0.011620549539039174,7.657852952125194e-05,0.06258906407790293,0.3169491554916455
scenario,10,16,1,1,certified_reset,0,1,0.036002443606221936,0.0320025963316108,0.003999847274611132,0.019999236373055663,0.0,0.0,0,0,0.0013552198101213647,0.0005822393500496857,-0.0035045422989627836,-0.022319601175472582,0.0013552198101213647,0.0005822393500496857,-0.0022088025773011237,2.0196114333170203e-06,0.0659683941917073,0.3371807140592316
scenario,10,17,0,0,certified_reset,0,1,0.0320025963316108,0.02800274905699967,0.003999847274611132,0.01599938909844453,0.0,0.0,0,0,-0.0035045422989627836,-0.022319601175472582,-0.004022278523012608,0.012707335749848956,-0.0035045422989627836,-0.022319601175472582,0.03637122992216629,0.00013502310327028475,0.06258906407790293,0.3169491554916455
scenario,10,18,0,0,certified_reset,0,1,0.02800274905699967,0.024002901782388536,0.003999847274611132,0.011999541823833396,0.0,0.0,0,0,-0.004022278523012608,0.012707335749848956,-0.005657818601451587,-0.0035079295308821806,-0.004022278523012608,0.012707335749848956,-0.014711520662935301,5.0655194256777875e-05,0.06258906407790293,0.3169491554916455
scenario,10,19,0,0,certified_reset,0,1,0.024002901782388536,0.020003054507777403,0.003999847274611132,0.007999694549222265,0.0,0.0,0,0,-0.005657818601451587,-0.0035079295308821806,-0.012946540178152648,-0.0006613884144983234,-0.005657818601451587,-0.0035079295308821806,0.010802888185697164,3.714347368260282e-05,0.06258906407790293,0.3169491554916455
scenario,10,20,0,0,certified_reset,0,1,0.020003054507777403,0.01600320723316627,0.003999847274611132,0.003999847274611132,0.0,0.0,0,0,-0.012946540178152648,-0.0006613884144983234,-0.011046987146194868,0.010095441197971811,-0.012946540178152648,-0.0006613884144983234,0.013863867790285714,0.00017249681157145371,0.06258906407790293,0.3169491554916455
scenario,10,21,0,0,certified_reset,0,1,0.01600320723316627,0.012003359958555136,0.003999847274611132,0.0,0.0,0.0,0,0,-0.011046987146194868,0.010095441197971811,0.0037792918192686015,0.0014447422322486905,-0.011046987146194868,0.010095441197971811,-0.0038698137386924355,0.00014075553940420612,0.06258906407790293,0.3169491554916455
scenario,11,0,0,0,certified_reset,0,1,0.1,0.09600015272538888,0.003999847274611132,0.08399679276683375,0.0,0.0,0,0,-4.51951941402343,0.3245270635395302,-3.4279773082107416,1.8739197207082783,-4.51951941402343,0.3245270635395302,1.5499999999995229,20.505075440429174,0.06258906407790293,0.3169491554916455
scenario,11,1,0,0,certified_reset,0,1,0.09600015272538888,0.09200030545077775,0.003999847274611132,0.07999694549222262,0.0,0.0,0,0,-3.4279773082107416,1.8739197207082783,-1.4322085903879316,2.130640549340902,-3.4279773082107416,1.8739197207082783,0.2521781697283188,12.38470179287864,0.06258906407790293,0.3169491554916455
scenario,11,2,0,0,certified_reset,0,1,0.09200030545077775,0.08800045817616663,0.003999847274611132,0.0759970982176115,0.0,0.0,0,0,-1.4322085903879316,2.130640549340902,-0.06524084023254062,0.5779567554538538,-1.4322085903879316,2.130640549340902,-1.55,2.928417193470212,0.06258906407790293,0.3169491554916455
scenario,11,3,0,0,certified_reset,0,1,0.08800045817616663,0.0840006109015555,0.003999847274611132,0.07199725094300037,0.0,0.0,0,0,-0.06524084023254062,0.5779567554538538,0.12008218532348565,-0.20716813022842676,-0.06524084023254062,0.5779567554538538,-0.78641945017841,0.07984387803617495,0.06258906407790293,0.3169491554916455
scenario,11,4,1,1,certified_reset,0,1,0.0840006109015555,0.08000076362694437,0.003999847274611132,0.06799740366838924,0.0,0.0,0,0,0.12008218532348565,-0.20716813022842676,0.04724119952857604,0.02450193870945426,0.12008218532348565,-0.20716813022842676,0.1856058681983726,0.023006323842627376,0.0659683941917073,0.3371807140592316
scenario,11,5,0,0,certified_reset,0,1,0.08000076362694437,0.07600091635233325,0.003999847274611132,0.06399755639377812,0.0,0.0,0,0,0.04724119952857604,0.02450193870945426,0.02821502396824077,-0.07107335489172685,0.04724119952857604,0.02450193870945426,-0.08313399736992733,0.002512574570960244,0.06258906407790293,0.3169491554916455
scenario,11,6,0,0,certified_reset,0,1,0.07600091635233325,0.07200106907772212,0.003999847274611132,0.05999770911916699,0.0,0.0,0,0,0.02821502396824077,-0.07107335489172685,0.0003474291074094188,0.005942355455427948,0.02821502396824077,-0.07107335489172685,0.07660684196196077,0.0018520587030147857,0.06258906407790293,0.3169491554916455
scenario,11,7,0,0,certified_reset,0,1,0.07200106907772212,0.068001221803111,0.003999847274611132,0.05599786184455586,0.0,0.0,0,0,0.0003474291074094188,0.005942355455427948,0.0013385759216559198,-0.0016546829266515075,0.0003474291074094188,0.005942355455427948,-0.009097406431667523,8.545862983806718e-06,0.06258906407790293,0.3169491554916455
scenario,11,8,0,0,certified_reset,0,1,0.068001221803111,0.06400137452849987,0.003999847274611132,0.051998014569944725,0.0,0.0,0,0,0.0013385759216559198,-0.0016546829266515075,-0.0022283433769728364,0.0055269085234911286,0.0013385759216559198,-0.0016546829266515075,0.0011003884416567226,2.3148924718956475e-06,0.06258906407790293,0.3169491554916455
scenario,11,9,0,0,certified_reset,0,1,0.06400137452849987,0.060001527253888735,0.003999847274611132,0.04799816729533359,0.0,0.0,0,0,-0.0022283433769728364,0.0055269085234911286,0.0019710839452148667,-0.011211297328950775,-0.0022283433769728364,0.0055269085234911286,-0.005919256126457113,1.1339863241830705e-05,0.06258906407790293,0.3169491554916455
scenario,11,10,0,0,certified_reset,0,1,0.060001527253888735,0.0560016799792776,0.003999847274611132,0.04399832002072246,0.0,0.0,0,0,0.0019710839452148667,-0.011211297328950775,-0.003476656207826276,-0.008999241160467677,0.0019710839452148667,-0.011211297328950775,0.014549540522405644,3.1802173958076884e-05,0.06258906407790293,0.3169491554916455
scenario,11,11,0,0,certified_reset,0,1,0.0560016799792776,0.05200183270466647,0.003999847274611132,0.039998472746111326,0.0,0.0,0,0,-0.003476656207826276,-0.008999241160467677,0.003669986901542509,-0.0005562525221695057,-0.003476656207826276,-0.008999241160467677,0.016716230814625893,3.36504891671792e-05,0.06258906407790293,0.3169491554916455
scenario,11,12,0,0,certified_reset,0,1,0.05200183270466647,0.048001985430055336,0.003999847274611132,0.03599862547150019,0.0,0.0,0,0,0.003669986901542509,-0.0005562525221695057,-0.0020491197787541175,0.006021231722912648,0.003669986901542509,-0.0005562525221695057,-0.0028343992069337545,1.3725344365415842e-05,0.06258906407790293,0.3169491554916455
scenario,11,13,0,0,certified_reset,0,1,0.048001985430055336,0.0440021381554442,0.003999847274611132,0.03199877819688906,0.0,0.0,0,0,-0.0020491197787541175,0.006021231722912648,-0.0022244923926439423,0.0025823186599443124,-0.0020491197787541175,0.006021231722912648,-0.006828034414379351,1.1890384879761774e-05,0.06258906407790293,0.3169491554916455
scenario,11,14,0,0,certified_reset,0,1,0.0440021381554442,0.04000229088083307,0.003999847274611132,0.02799893092227793,0.0,0.0,0,0,-0.0022244923926439423,0.0025823186599443124,0.0010519277229836567,0.002994753997187569,-0.0022244923926439423,0.0025823186599443124,-0.001591009657493401,6.211955737256088e-06,0.06258906407790293,0.3169491554916455
scenario,11,15,0,0,certified_reset,0,1,0.04000229088083307,0.036002443606221936,0.003999847274611132,0.023999083647666796,0.0,0.0,0,0,0.0010519277229836567,0.002994753997187569,-0.004152860612271363,0.00557678287903831,0.0010519277229836567,0.002994753997187569,-0.0054583847685115055,3.4657403120703065e-06,0.06258906407790293,0.3169491554916455
scenario,11,16,0,0,certified_reset,0,1,0.036002443606221936,0.0320025963316108,0.003999847274611132,0.019999236373055663,0.0,0.0,0,0,-0.004152860612271363,0.00557678287903831,0.0033347964713930363,-0.0024565097005295805,-0.004152860612271363,0.00557678287903831,-0.004082174800163838,2.3260946352820467e-05,0.06258906407790293,0.3169491554916455
scenario,11,17,0,0,certified_reset,0,1,0.0320025963316108,0.02800274905699967,0.003999847274611132,0.01599938909844453,0.0,0.0,0,0,0.0033347964713930363,-0.0024565097005295805,0.011854059414754642,-0.001323187598629289,0.0033347964713930363,-0.0024565097005295805,0.0003001839878153721,1.2209319449862231e-05,0.06258906407790293,0.3169491554916455
scenario,11,18,0,0,certified_reset,0,1,0.02800274905699967,0.024002901782388536,0.003999847274611132,0.011999541823833396,0.0,0.0,0,0,0.011854059414754642,-0.001323187598629289,0.014007229964813912,-0.0014985294601818529,0.011854059414754642,-0.001323187598629289,-0.009854199543575035,0.00014326150440045797,0.06258906407790293,0.3169491554916455
scenario,11,19,0,0,certified_reset,0,1,0.024002901782388536,0.020003054507777403,0.003999847274611132,0.007999694549222265,0.0,0.0,0,0,0.014007229964813912,-0.0014985294601818529,0.0035476019508377896,-0.0021560577098093028,0.014007229964813912,-0.0014985294601818529,-0.011737906166290895,0.00020005115861414292,0.06258906407790293,0.3169491554916455
scenario,11,20,0,0,certified_reset,0,1,0.020003054507777403,0.01600320723316627,0.003999847274611132,0.003999847274611132,0.0,0.0,0,0,0.0035476019508377896,-0.0021560577098093028,-0.00017731150097723592,-0.010931575400006473,0.0035476019508377896,-0.0021560577098093028,-0.0003568349198205164,1.3425408153233238e-05,0.06258906407790293,0.3169491554916455
scenario,11,21,0,0,certified_reset,0,1,0.01600320723316627,0.012003359958555136,0.003999847274611132,0.0,0.0,0.0,0,0,-0.00017731150097723592,-0.010931575400006473,-0.004079007259675364,0.014936683716686418,-0.00017731150097723592,-0.010931575400006473,0.01627954404069062,2.816690955338324e-05,0.06258906407790293,0.3169491554916455
scenario,12,0,0,0,certified_reset,0,1,0.1,0.09600015272538888,0.003999847274611132,0.08399679276683375,0.0,0.0,0,0,1.3016965744981448,0.23349722980941456,0.7663455024625915,-1.3113186060948074,1.3016965744981448,0.23349722980941456,-1.55,1.7642902441993649,0.06258906407790293,0.3169491554916455
scenario,12,1,0,0,certified_reset,0,1,0.09600015272538888,0.09200030545077775,0.003999847274611132,0.07999694549222262,0.0,0.0,0,0,0.7663455024625915,-1.3113186060948074,0.04193382710770758,-0.15127466867775874,0.7663455024625915,-1.3113186060948074,1.1685942191670335,0.9309459079756841,0.06258906407790293,0.3169491554916455
scenario,12,2,0,0,certified_reset,0,1,0.09200030545077775,0.08800045817616663,0.003999847274611132,0.0759970982176115,0.0,0.0,0,0,0.04193382710770758,-0.15127466867775874,-0.011194833340433846,0.024137236836691903,0.04193382710770758,-0.15127466867775874,0.18108278493831045,0.006697344799966294,0.06258906407790293,0.3169491554916455
scenario,12,3,0,0,certified_reset,0,1,0.08800045817616663,0.0840006109015555,0.003999847274611132,0.07199725094300037,0.0,0.0,0,0,-0.011194833340433846,0.024137236836691903,0.006672973703378174,-0.007910876567747808,-0.011194833340433846,0.024137236836691903,-0.024413322918619525,0.0002450936682982092,0.06258906407790293,0.3169491554916455
scenario,12,4,0,0,certified_reset,0,1,0.0840006109015555,0.08000076362694437,0.003999847274611132,0.06799740366838924,0.0,0.0,0,0,0.006672973703378174,-0.007910876567747808,0.0004743944494368219,-0.020845130949647482,0.006672973703378174,-0.007910876567747808,0.005007401811210416,5.642018412107489e-05,0.06258906407790293,0.3169491554916455
scenario,12,5,0,0,certified_reset,0,1,0.08000076362694437,0.07600091635233325,0.003999847274611132,0.06399755639377812,0.0,0.0,0,0,0.0004743944494368219,-0.020845130949647482,0.0017957520840534988,-0.00048090037680548897,0.0004743944494368219,-0.020845130949647482,0.030236126233023217,0.00010129414050857058,0.06258906407790293,0.3169491554916455
scenario,12,6,0,0,certified_reset,0,1,0.07600091635233325,0.07200106907772212,0.003999847274611132,0.05999770911916699,0.0,0.0,0,0,0.0017957520840534988,-0.00048090037680548897,-0.002492088057554742,-0.001505453809515762,0.0017957520840534988,-0.00048090037680548897,-0.0010794539653010567,3.295483799996688e-06,0.06258906407790293,0.3169491554916455
scenario,12,7,0,0,certified_reset,0,1,0.07200106907772212,0.068001221803111,0.003999847274611132,0.05599786184455586,0.0,0.0,0,0,-0.002492088057554742,-0.001505453809515762,0.002535366279534978,0.010818574902772386,-0.002492088057554742,-0.001505453809515762,0.004698146788960499,7.170267878937857e-06,0.06258906407790293,0.3169491554916455
scenario,12,8,0,0,certified_reset,0,1,0.068001221803111,0.06400137452849987,0.003999847274611132,0.051998014569944725,0.0,0.0,0,0,0.002535366279534978,0.010818574902772386,0.006040028660715017,-0.014328282611693971,0.002535366279534978,0.010818574902772386,-0.018462582818219216,3.60172376062345e-05,0.06258906407790293,0.3169491554916455
scenario,12,9,0,0,certified_reset,0,1,0.06400137452849987,0.060001527253888735,0.003999847274611132,0.04799816729533359,0.0,0.0,0,0,0.006040028660715017,-0.014328282611693971,-0.006823170854423718,-0.00451537740717513,0.006040028660715017,-0.014328282611693971,0.015093329906106227,7.913110428172578e-05,0.06258906407790293,0.3169491554916455
scenario,12,10,0,0,certified_reset,0,1,0.060001527253888735,0.0560016799792776,0.003999847274611132,0.04399832002072246,0.0,0.0,0,0,-0.006823170854423718,-0.00451537740717513,-0.008022733438328282,0.008803916000601859,-0.006823170854423718,-0.00451537740717513,0.013443302245748094,5.4743673853681656e-05,0.06258906407790293,0.3169491554916455
scenario,12,11,0,0,certified_reset,0,1,0.0560016799792776,0.05200183270466647,0.003999847274611132,0.039998472746111326,0.0,0.0,0,0,-0.008022733438328282,0.008803916000601859,-0.015937537634767764,0.0017243214856883095,-0.008022733438328282,0.008803916000601859,-0.004977465440891443,7.893523952807008e-05,0.06258906407790293,0.3169491554916455
scenario,12,12,0,0,certified_reset,0,1,0.05200183270466647,0.048001985430055336,0.003999847274611132,0.03599862547150019,0.0,0.0,0,0,-0.015937537634767764,0.0017243214856883095,-0.008675859160036561,0.02774557075792084,-0.015937537634767764,0.0017243214856883095,0.013330195356425083,0.00025898264979113143,0.06258906407790293,0.3169491554916455
scenario,12,13,0,0,certified_reset,0,1,0.048001985430055336,0.0440021381554442,0.003999847274611132,0.03199877819688906,0.0,0.0,0,0,-0.008675859160036561,0.02774557075792084,0.008180562504976318,0.0019704547778424328,-0.008675859160036561,0.02774557075792084,-0.032236033425753645,0.00023981658384335055,0.06258906407790293,0.3169491554916455
scenario,12,14,0,0,certified_reset,0,1,0.0440021381554442,0.04000229088083307,0.003999847274611132,0.02799893092227793,0.0,0.0,0,0,0.008180562504976318,0.0019704547778424328,6.443875198891731e-05,-0.013654971476437308,0.008180562504976318,0.0019704547778424328,-0.011049287806223596,7.067265648911743e-05,0.06258906407790293,0.3169491554916455
scenario,12,15,0,0,certified_reset,0,1,0.04000229088083307,0.036002443606221936,0.003999847274611132,0.023999083647666796,0.0,0.0,0,0,6.443875198891731e-05,-0.013654971476437308,-0.0037793083045045647,0.0005036180916142769,6.443875198891731e-05,-0.013654971476437308,0.0200536833623939,4.36203920467537e-05,0.06258906407790293,0.3169491554916455
scenario,12,16,0,0,certified_reset,0,1,0.036002443606221936,0.0320025963316108,0.003999847274611132,0.019999236373055663,0.0,0.0,0,0,-0.0037793083045045647,0.0005036180916142769,-0.0022453589606188677,-0.0028796000432326422,-0.0037793083045045647,0.0005036180916142769,0.0030216820004601284,1.4557088926091003e-05,0.06258906407790293,0.3169491554916455
scenario,12,17,0,0,certified_reset,0,1,0.0320025963316108,0.02800274905699967,0.003999847274611132,0.01599938909844453,0.0,0.0,0,0,-0.0022453589606188677,-0.0028796000432326422,-0.01040181776149297,0.00749767214905874,-0.0022453589606188677,-0.0028796000432326422,0.0064782825743266,7.583417843469413e-06,0.06258906407790293,0.3169491554916455
scenario,12,18,0,0,certified_reset,0,1,0.02800274905699967,0.024002901782388536,0.003999847274611132,0.011999541823833396,0.0,0.0,0,0,-0.01040181776149297,0.00749767214905874,0.003348838797436486,0.0056015078064878595,-0.01040181776149297,0.00749767214905874,-0.0006876386096149033,0.00011832834969260525,0.06258906407790293,0.3169491554916455
scenario,12,19,0,0,certified_reset,0,1,0.024002901782388536,0.020003054507777403,0.003999847274611132,0.007999694549222265,0.0,0.0,0,0,0.003348838797436486,0.0056015078064878595,-0.0032620355837633033,-0.009002171694147562,0.003348838797436486,0.0056015078064878595,-0.01158637172658518,2.0218661682987158e-05,0.06258906407790293,0.3169491554916455
scenario,12,20,0,0,certified_reset,0,1,0.020003054507777403,0.01600320723316627,0.003999847274611132,0.003999847274611132,0.0,0.0,0,0,-0.0032620355837633033,-0.009002171694147562,-0.001523461077134506,0.00820854426564066,-0.0032620355837633033,-0.009002171694147562,0.016511786572348336,3.204389068297165e-05,0.06258906407790293,0.3169491554916455
scenario,12,21,0,0,certified_reset,0,1,0.01600320723316627,0.012003359958555136,0.003999847274611132,0.0,0.0,0.0,0,0,-0.001523461077134506,0.00820854426564066,-0.005224284135631856,-0.014916910855974418,-0.001523461077134506,0.00820854426564066,-0.010576094867402375,1.7245714032627992e-05,0.06258906407790293,0.3169491554916455
scenario,13,0,0,0,certified_reset,0,1,0.1,0.09600015272538888,0.003999847274611132,0.08399679276683375,0.0,0.0,0,0,-0.9864555344815713,0.13032685361615037,-0.4593522888215748,0.9261838740595015,-0.9864555344815713,0.13032685361615037,0.7902913391626287,0.9917658475074365,0.06258906407790293,0.3169491554916455
scenario,13,1,0,0,certified_reset,0,1,0.09600015272538888,0.09200030545077775,0.003999847274611132,0.07999694549222262,0.0,0.0,0,0,-0.4593522888215748,0.9261838740595015,0.006793486083962823,0.01228520751793907,-0.4593522888215748,0.9261838740595015,-0.9069491037749642,0.38597542450879074,0.06258906407790293,0.3169491554916455
scenario,13,2,0,0,certified_reset,0,1,0.09200030545077775,0.08800045817616663,0.003999847274611132,0.0759970982176115,0.0,0.0,0,0,0.006793486083962823,0.01228520751793907,-0.00023498491635039892,-0.019555496651394288,0.006793486083962823,0.01228520751793907,-0.02486165043949236,8.877073301397309e-05,0.06258906407790293,0.3169491554916455
scenario,13,3,0,0,certified_reset,0,1,0.08800045817616663,0.0840006109015555,0.003999847274611132,0.07199725094300037,0.0,0.0,0,0,-0.00023498491635039892,-0.019555496651394288,-0.008489712613822517,0.0039005019801561227,-0.00023498491635039892,-0.019555496651394288,0.029043316986090542,8.997821532066036e-05,0.06258906407790293,0.3169491554916455
scenario,13,4,0,0,certified_reset,0,1,0.0840006109015555,0.08000076362694437,0.003999847274611132,0.06799740366838924,0.0,0.0,0,0,-0.008489712613822517,0.0039005019801561227,-0.004879457528194483,0.003400355436898973,-0.008489712613822517,0.0039005019801561227,0.0027098375343804124,7.49973055773619e-05,0.06258906407790293,0.3169491554916455
scenario,13,5,0,0,certified_reset,0,1,0.08000076362694437,0.07600091635233325,0.003999847274611132,0.06399755639377812,0.0,0.0,0,0,-0.004879457528194483,0.003400355436898973,-0.00296783955462899,0.009825221327295415,-0.004879457528194483,0.003400355436898973,-0.00014781198860692118,2.5890887056557926e-05,0.06258906407790293,0.3169491554916455
scenario,13,6,0,0,certified_reset,0,1,0.07600091635233325,0.07200106907772212,0.003999847274611132,0.05999770911916699,0.0,0.0,0,0,-0.00296783955462899,0.009825221327295415,-0.00199463547514289,-0.00787733111858661,-0.00296783955462899,0.009825221327295415,-0.01151720805740086,2.9500519001418206e-05,0.06258906407790293,0.3169491554916455
scenario,13,7,0,0,certified_reset,0,1,0.07200106907772212,0.068001221803111,0.003999847274611132,0.05599786184455586,0.0,0.0,0,0,-0.00199463547514289,-0.00787733111858661,-0.003999249344230723,0.004239187695509079,-0.00199463547514289,-0.00787733111858661,0.013590739464478021,1.9765697857815048e-05,0.06258906407790293,0.3169491554916455
scenario,13,8,0,0,certified_reset,0,1,0.068001221803111,0.06400137452849987,0.003999847274611132,0.051998014569944725,0.0,0.0,0,0,-0.003999249344230723,0.004239187695509079,0.002193764666058224,-0.002942852665539656,-0.003999249344230723,0.004239187695509079,-0.0022618861726162276,1.935662676097268e-05,0.06258906407790293,0.3169491554916455
scenario,13,9,0,0,certified_reset,0,1,0.06400137452849987,0.060001527253888735,0.003999847274611132,0.04799816729533359,0.0,0.0,0,0,0.002193764666058224,-0.002942852665539656,-0.005944677078970404,0.0004634324859729428,0.002193764666058224,-0.002942852665539656,0.0021488848457988604,6.486914788051446e-06,0.06258906407790293,0.3169491554916455
scenario,13,10,0,0,certified_reset,0,1,0.060001527253888735,0.0560016799792776,0.003999847274611132,0.04399832002072246,0.0,0.0,0,0,-0.005944677078970404,0.0004634324859729428,-0.0043629270286781666,0.0032332883613548735,-0.005944677078970404,0.0004634324859729428,0.005233185294736265,3.60624998218921e-05,0.06258906407790293,0.3169491554916455
scenario,13,11,0,0,certified_reset,0,1,0.0560016799792776,0.05200183270466647,0.003999847274611132,0.039998472746111326,0.0,0.0,0,0,-0.0043629270286781666,0.0032332883613548735,-0.0024787054461759377,-0.0004475326720009623,-0.0043629270286781666,0.0032332883613548735,-0.00041602561392210823,2.0921206843337595e-05,0.06258906407790293,0.3169491554916455
scenario,13,12,0,0,certified_reset,0,1,0.05200183270466647,0.048001985430055336,0.003999847274611132,0.03599862547150019,0.0,0.0,0,0,-0.0024787054461759377,-0.0004475326720009623,1.8540851886275113e-05,0.006497015934694593,-0.0024787054461759377,-0.0004475326720009623,0.003129322490509394,6.4248485587939494e-06,0.06258906407790293,0.3169491554916455
scenario,13,13,1,1,certified_reset,0,1,0.048001985430055336,0.0440021381554442,0.003999847274611132,0.03199877819688906,0.0,0.0,0,0,1.8540851886275113e-05,0.006497015934694593,-0.00855824214980893,0.0012624892297929784,1.8540851886275113e-05,0.006497015934694593,-0.009590739991113331,9.897919992638764e-06,0.0659683941917073,0.3371807140592316
scenario,13,14,1,1,certified_reset,0,1,0.0440021381554442,0.04000229088083307,0.003999847274611132,0.02799893092227793,0.0,0.0,0,0,-0.00855824214980893,0.0012624892297929784,0.004175044173030918,0.031207572881083716,-0.00855824214980893,0.0012624892297929784,0.00666034874051267,7.463941305835919e-05,0.0659683941917073,0.3371807140592316
scenario,13,15,0,0,certified_reset,0,1,0.04000229088083307,0.036002443606221936,0.003999847274611132,0.023999083647666796,0.0,0.0,0,0,0.004175044173030918,0.031207572881083716,0.008438837392486192,-0.026423142854453626,0.004175044173030918,0.031207572881083716,-0.05013123215586229,0.0002555637737064508,0.06258906407790293,0.3169491554916455
scenario,13,16,0,0,certified_reset,0,1,0.036002443606221936,0.0320025963316108,0.003999847274611132,0.019999236373055663,0.0,0.0,0,0,0.008438837392486192,-0.026423142854453626,0.0027790012512561406,0.00981347987937162,0.008438837392486192,-0.026423142854453626,0.030522180900090665,0.0002201769108045051,0.06258906407790293,0.3169491554916455
scenario,13,17,0,0,certified_reset,0,1,0.0320025963316108,0.02800274905699967,0.003999847274611132,0.01599938909844453,0.0,0.0,0,0,0.0027790012512561406,0.00981347987937162,0.00949060177487646,-0.00906570373794963,0.0027790012512561406,0.00981347987937162,-0.017221892557616445,3.247247725784501e-05,0.06258906407790293,0.3169491554916455
scenario,13,18,0,0,certified_reset,0,1,0.02800274905699967,0.024002901782388536,0.003999847274611132,0.011999541823833396,0.0,0.0,0,0,0.00949060177487646,-0.00906570373794963,0.011783074813120499,0.003688965883705488,0.00949060177487646,-0.00906570373794963,0.0039043460940739656,0.00010524627717741526,0.06258906407790293,0.3169491554916455
scenario,13,19,0,0,certified_reset,0,1,0.024002901782388536,0.020003054507777403,0.003999847274611132,0.007999694549222265,0.0,0.0,0,0,0.011783074813120499,0.003688965883705488,0.006896948335515818,-0.005499907070290733,0.011783074813120499,0.003688965883705488,-0.01717064940925181,0.00014866115655238642,0.06258906407790293,0.3169491554916455
scenario,13,20,0,0,certified_reset,0,1,0.020003054507777403,0.01600320723316627,0.003999847274611132,0.003999847274611132,0.0,0.0,0,0,0.006896948335515818,-0.005499907070290733,0.00572590536633719,-0.007892407051860513,0.006896948335515818,-0.005499907070290733,0.0012330660945435543,5.305072364334236e-05,0.06258906407790293,0.3169491554916455
scenario,13,21,0,0,certified_reset,0,1,0.01600320723316627,0.012003359958555136,0.003999847274611132,0.0,0.0,0.0,0,0,0.00572590536633719,-0.007892407051860513,0.0018230879138874587,-0.0029775132424541663,0.00572590536633719,-0.007892407051860513,0.005923528574332695,4.487541306652878e-05,0.06258906407790293,0.3169491554916455
scenario,14,0,0,0,certified_reset,0,1,0.1,0.09600015272538888,0.003999847274611132,0.08399679276683375,0.0,0.0,0,0,-2.3873637317430045,0.5917376671837468,-1.1554875323811216,1.8718465952091428,-2.3873637317430045,0.5917376671837468,1.2858863227756736,5.803870802536954,0.06258906407790293,0.3169491554916455
scenario,14,1,0,0,certified_reset,0,1,0.09600015272538888,0.09200030545077775,0.003999847274611132,0.07999694549222262,0.0,0.0,0,0,-1.1554875323811216,1.8718465952091428,-0.051055226927813155,0.322194193863776,-1.1554875323811216,1.8718465952091428,-1.55,2.0258996791675044,0.06258906407790293,0.3169491554916455
scenario,14,2,0,0,certified_reset,0,1,0.09200030545077775,0.08800045817616663,0.003999847274611132,0.0759970982176115,0.0,0.0,0,0,-0.051055226927813155,0.322194193863776,0.04898150737340073,-0.105728817570267,-0.051055226927813155,0.322194193863776,-0.42378323424116576,0.025782079677963192,0.06258906407790293,0.3169491554916455
scenario,14,3,0,0,certified_reset,0,1,0.08800045817616663,0.0840006109015555,0.003999847274611132,0.07199725094300037,0.0,0.0,0,0,0.04898150737340073,-0.105728817570267,-0.006302250277526511,0.0043199135779449956,0.04898150737340073,-0.105728817570267,0.10697445286750296,0.004697421319393274,0.06258906407790293,0.3169491554916455
scenario,14,4,0,0,certified_reset,0,1,0.0840006109015555,0.08000076362694437,0.003999847274611132,0.06799740366838924,0.0,0.0,0,0,-0.006302250277526511,0.0043199135779449956,0.00628556794571756,0.009155651613521089,-0.006302250277526511,0.0043199135779449956,-8.569572489234767e-05,4.3077639752279047e-05,0.06258906407790293,0.3169491554916455
scenario,14,5,0,0,certified_reset,0,1,0.08000076362694437,0.07600091635233325,0.003999847274611132,0.06399755639377812,0.0,0.0,0,0,0.00628556794571756,0.009155651613521089,0.010223544511870967,-0.011648965696481765,0.00628556794571756,0.009155651613521089,-0.019747611672784684,6.434624073398046e-05,0.06258906407790293,0.3169491554916455
scenario,14,6,0,0,certified_reset,0,1,0.07600091635233325,0.07200106907772212,0.003999847274611132,0.05999770911916699,0.0,0.0,0,0,0.010223544511870967,-0.011648965696481765,0.0017455754786720565,0.010653296531728489,0.010223544511870967,-0.011648965696481765,0.006979631136955579,0.00013016445598001156,0.06258906407790293,0.3169491554916455
scenario,14,7,0,0,certified_reset,0,1,0.07200106907772212,0.068001221803111,0.003999847274611132,0.05599786184455586,0.0,0.0,0,0,0.0017455754786720565,0.010653296531728489,0.014169836837716445,-0.007809599174169062,0.0017455754786720565,0.010653296531728489,-0.017428271634902227,3.106934091496851e-05,0.06258906407790293,0.3169491554916455
scenario,14,8,0,0,certified_reset,0,1,0.068001221803111,0.06400137452849987,0.003999847274611132,0.051998014569944725,0.0,0.0,0,0,0.014169836837716445,-0.007809599174169062,0.005513433549285278,0.001887816406206522,0.014169836837716445,-0.007809599174169062,-0.0026076337816794723,0.00021193244092300263,0.06258906407790293,0.3169491554916455
scenario,14,9,0,0,certified_reset,0,1,0.06400137452849987,0.060001527253888735,0.003999847274611132,0.04799816729533359,0.0,0.0,0,0,0.005513433549285278,0.001887816406206522,-0.005463389665568366,0.00104526490137722,0.005513433549285278,0.001887816406206522,-0.008270873998004899,3.274962656069394e-05,0.06258906407790293,0.3169491554916455
scenario,14,10,0,0,certified_reset,0,1,0.060001527253888735,0.0560016799792776,0.003999847274611132,0.04399832002072246,0.0,0.0,0,0,-0.005463389665568366,0.00104526490137722,0.008951116495589342,0.007890433576787644,-0.005463389665568366,0.00104526490137722,0.0038999530651249634,3.0425531654122867e-05,0.06258906407790293,0.3169491554916455
scenario,14,11,0,0,certified_reset,0,1,0.0560016799792776,0.05200183270466647,0.003999847274611132,0.039998472746111326,0.0,0.0,0,0,0.008951116495589342,0.007890433576787644,0.005581857385340871,-0.013198137993676539,0.008951116495589342,0.007890433576787644,-0.020539773730108346,0.00010187615370505847,0.06258906407790293,0.3169491554916455
scenario,14,12,0,0,certified_reset,0,1,0.05200183270466647,0.048001985430055336,0.003999847274611132,0.03599862547150019,0.0,0.0,0,0,0.005581857385340871,-0.013198137993676539,-0.0026294854444104156,0.0009402275893211547,0.005581857385340871,-0.013198137993676539,0.013882132173597865,6.732932408243852e-05,0.06258906407790293,0.3169491554916455
scenario,14,13,0,0,certified_reset,0,1,0.048001985430055336,0.0440021381554442,0.003999847274611132,0.03199877819688906,0.0,0.0,0,0,-0.0026294854444104156,0.0009402275893211547,0.003434790812291247,0.0021929093576986297,-0.0026294854444104156,0.0009402275893211547,0.0012365063782148887,7.111542428500114e-06,0.06258906407790293,0.3169491554916455
scenario,14,14,0,0,certified_reset,0,1,0.0440021381554442,0.04000229088083307,0.003999847274611132,0.02799893092227793,0.0,0.0,0,0,0.003434790812291247,0.0021929093576986297,-0.006753065207869147,-0.003940666135490834,0.003434790812291247,0.0021929093576986297,-0.00664791036312019,1.3768248990297186e-05,0.06258906407790293,0.3169491554916455
scenario,14,15,0,0,certified_reset,0,1,0.04000229088083307,0.036002443606221936,0.003999847274611132,0.023999083647666796,0.0,0.0,0,0,-0.006753065207869147,-0.003940666135490834,-0.009351409220928725,0.006322162070422525,-0.006753065207869147,-0.003940666135490834,0.01252892908501989,5.232343422862197e-05,0.06258906407790293,0.3169491554916455
scenario,14,16,0,0,certified_reset,0,1,0.036002443606221936,0.0320025963316108,0.003999847274611132,0.019999236373055663,0.0,0.0,0,0,-0.009351409220928725,0.006322162070422525,-0.00681653589710483,0.021444546493925982,-0.009351409220928725,0.006322162070422525,2.6740455871928715e-06,9.464340658007783e-05,0.06258906407790293,0.3169491554916455
scenario,14,17,0,0,certified_reset,0,1,0.0320025963316108,0.02800274905699967,0.003999847274611132,0.01599938909844453,0.0,0.0,0,0,-0.00681653589710483,0.021444546493925982,0.005324147027881044,-0.01144171049038886,-0.00681653589710483,0.021444546493925982,-0.024801659713066096,0.00014461956312901447,0.06258906407790293,0.3169491554916455
scenario,14,18,0,0,certified_reset,0,1,0.02800274905699967,0.024002901782388536,0.003999847274611132,0.011999541823833396,0.0,0.0,0,0,0.005324147027881044,-0.01144171049038886,-0.001342826458722861,0.0021766900754045704,0.005324147027881044,-0.01144171049038886,0.011550156946611373,5.524598772203584e-05,0.06258906407790293,0.3169491554916455
scenario,14,19,0,0,certified_reset,0,1,0.024002901782388536,0.020003054507777403,0.003999847274611132,0.007999694549222265,0.0,0.0,0,0,-0.001342826458722861,0.0021766900754045704,0.008278812616998543,0.006377826054664038,-0.001342826458722861,0.0021766900754045704,-0.0018666161869218309,2.7431256411638e-06,0.06258906407790293,0.3169491554916455
scenario,14,20,0,0,certified_reset,0,1,0.020003054507777403,0.01600320723316627,0.003999847274611132,0.003999847274611132,0.0,0.0,0,0,0.008278812616998543,0.006377826054664038,0.010838418137143781,-0.013332715744436618,0.008278812616998543,0.006377826054664038,-0.017638375761429737,8.363834556794834e-05,0.06258906407790293,0.3169491554916455
scenario,14,21,0,0,certified_reset,0,1,0.01600320723316627,0.012003359958555136,0.003999847274611132,0.0,0.0,0.0,0,0,0.010838418137143781,-0.013332715744436618,0.0033986383965701186,0.002199314142917936,0.010838418137143781,-0.013332715744436618,0.00884771104473296,0.0001514253931257952,0.06258906407790293,0.3169491554916455
scenario,15,0,0,0,certified_reset,0,1,0.1,0.09600015272538888,0.003999847274611132,0.08399679276683375,0.0,0.0,0,0,3.35233547138456,0.42794563125278373,2.998584592312865,-1.1206569058195,3.35233547138456,0.42794563125278373,-1.55,11.331180356098642,0.06258906407790293,0.3169491554916455
scenario,15,1,0,0,certified_reset,0,1,0.09600015272538888,0.09200030545077775,0.003999847274611132,0.07999694549222262,0.0,0.0,0,0,2.998584592312865,-1.1206569058195,1.3920809363370372,-2.088621014363365,2.998584592312865,-1.1206569058195,-0.9696642441856256,9.241072718018382,0.06258906407790293,0.3169491554916455
scenario,15,2,0,0,certified_reset,0,1,0.09200030545077775,0.08800045817616663,0.003999847274611132,0.0759970982176115,0.0,0.0,0,0,1.3920809363370372,-2.088621014363365,0.08436541280027929,-0.5448482313933227,1.3920809363370372,-2.088621014363365,1.55,2.7831726268082475,0.06258906407790293,0.3169491554916455
scenario,15,3,0,0,certified_reset,0,1,0.08800045817616663,0.0840006109015555,0.003999847274611132,0.07199725094300037,0.0,0.0,0,0,0.08436541280027929,-0.5448482313933227,-0.10394304954610326,0.188843427552765,0.08436541280027929,-0.5448482313933227,0.7186041311326918,0.07346204745442352,0.06258906407790293,0.3169491554916455
scenario,15,4,0,0,certified_reset,0,1,0.0840006109015555,0.08000076362694437,0.003999847274611132,0.06799740366838924,0.0,0.0,0,0,-0.10394304954610326,0.188843427552765,0.0028137203919023053,0.014365430292402321,-0.10394304954610326,0.188843427552765,-0.17468229172211516,0.017986136348353682,0.06258906407790293,0.3169491554916455
scenario,15,5,0,0,certified_reset,0,1,0.08000076362694437,0.07600091635233325,0.003999847274611132,0.06399755639377812,0.0,0.0,0,0,0.0028137203919023053,0.014365430292402321,0.005680055532123525,-0.012126841698772735,0.0028137203919023053,0.014365430292402321,-0.02396535513443734,5.942128435925606e-05,0.06258906407790293,0.3169491554916455
scenario,15,6,0,0,certified_reset,0,1,0.07600091635233325,0.07200106907772212,0.003999847274611132,0.05999770911916699,0.0,0.0,0,0,0.005680055532123525,-0.012126841698772735,0.00331391360232596,0.0076004035508412,0.005680055532123525,-0.012126841698772735,0.012209264843591507,6.246053667420782e-05,0.06258906407790293,0.3169491554916455
scenario,15,7,0,0,certified_reset,0,1,0.07200106907772212,0.068001221803111,0.003999847274611132,0.05599786184455586,0.0,0.0,0,0,0.00331391360232596,0.0076004035508412,0.0113424624481741,-0.00822137723710282,0.00331391360232596,0.0076004035508412,-0.014495846376417971,2.6633166562313886e-05,0.06258906407790293,0.3169491554916455
scenario,15,8,0,0,certified_reset,0,1,0.068001221803111,0.06400137452849987,0.003999847274611132,0.051998014569944725,0.0,0.0,0,0,0.0113424624481741,-0.00822137723710282,0.0062368627608635294,-0.002338173869826733,0.0113424624481741,-0.00822137723710282,0.0008152356531840656,0.0001408344574789506,0.06258906407790293,0.3169491554916455
scenario,15,9,0,0,certified_reset,0,1,0.06400137452849987,0.060001527253888735,0.003999847274611132,0.04799816729533359,0.0,0.0,0,0,0.0062368627608635294,-0.002338173869826733,0.010516568402785137,-0.003611835202824297,0.0062368627608635294,-0.002338173869826733,-0.0027653957881530584,4.007371271267191e-05,0.06258906407790293,0.3169491554916455
scenario,15,10,0,0,certified_reset,0,1,0.060001527253888735,0.0560016799792776,0.003999847274611132,0.04399832002072246,0.0,0.0,0,0,0.010516568402785137,-0.003611835202824297,0.00807784277708046,-0.01832514798167282,0.010516568402785137,-0.003611835202824297,-0.0051509032557284905,0.00011360966971503055,0.06258906407790293,0.3169491554916455
scenario,15,11,0,0,certified_reset,0,1,0.0560016799792776,0.05200183270466647,0.003999847274611132,0.039998472746111326,0.0,0.0,0,0,0.00807784277708046,-0.01832514798167282,-0.0025703230514499426,-0.0023933379580168557,0.00807784277708046,-0.01832514798167282,0.01895105606478164,0.00013467609581953072,0.06258906407790293,0.3169491554916455
scenario,15,12,0,0,certified_reset,0,1,0.05200183270466647,0.048001985430055336,0.003999847274611132,0.03599862547150019,0.0,0.0,0,0,-0.0025703230514499426,-0.0023933379580168557,-0.005407595694292613,0.00702585353125975,-0.0025703230514499426,-0.0023933379580168557,0.006083375889328276,8.562799128717632e-06,0.06258906407790293,0.3169491554916455
scenario,15,13,0,0,certified_reset,0,1,0.048001985430055336,0.0440021381554442,0.003999847274611132,0.03199877819688906,0.0,0.0,0,0,-0.005407595694292613,0.00702585353125975,-0.005098924262074972,0.021602604261167897,-0.005407595694292613,0.00702585353125975,-0.004964057543731643,3.8743409087057704e-05,0.06258906407790293,0.3169491554916455
scenario,15,14,0,0,certified_reset,0,1,0.0440021381554442,0.04000229088083307,0.003999847274611132,0.02799893092227793,0.0,0.0,0,0,-0.005098924262074972,0.021602604261167897,-0.0005719927813714119,-0.019404595613407398,-0.005098924262074972,0.021602604261167897,-0.026745401314592975,0.0001278829928729759,0.06258906407790293,0.3169491554916455
scenario,15,15,0,0,certified_reset,0,1,0.04000229088083307,0.036002443606221936,0.003999847274611132,0.023999083647666796,0.0,0.0,0,0,-0.0005719927813714119,-0.019404595613407398,-0.002051444172138724,0.01577946495142074,-0.0005719927813714119,-0.019404595613407398,0.02915571531796091,8.935546870006705e-05,0.06258906407790293,0.3169491554916455
scenario,15,16,0,0,certified_reset,0,1,0.036002443606221936,0.0320025963316108,0.003999847274611132,0.019999236373055663,0.0,0.0,0,0,-0.002051444172138724,0.01577946495142074,0.0034379126166160616,-0.005992947034289045,-0.002051444172138724,0.01577946495142074,-0.02119955428475405,6.026242328576858e-05,0.06258906407790293,0.3169491554916455
scenario,15,17,0,0,certified_reset,0,1,0.0320025963316108,0.02800274905699967,0.003999847274611132,0.01599938909844453,0.0,0.0,0,0,0.0034379126166160616,-0.005992947034289045,0.00017253304399222975,0.001440473625167779,0.0034379126166160616,-0.005992947034289045,0.005402987423683061,1.9013824535042723e-05,0.06258906407790293,0.3169491554916455
scenario,15,18,0,0,certified_reset,0,1,0.02800274905699967,0.024002901782388536,0.003999847274611132,0.011999541823833396,0.0,0.0,0,0,0.00017253304399222975,0.001440473625167779,0.0038741535667971357,0.0026099587911136628,0.00017253304399222975,0.001440473625167779,-0.002291653240811807,5.345530833370267e-07,0.06258906407790293,0.3169491554916455
scenario,15,19,0,0,certified_reset,0,1,0.024002901782388536,0.020003054507777403,0.003999847274611132,0.007999694549222265,0.0,0.0,0,0,0.0038741535667971357,0.0026099587911136628,0.0010163455024307928,-0.002166395724722517,0.0038741535667971357,0.0026099587911136628,-0.007701509837649999,1.7718036484048532e-05,0.06258906407790293,0.3169491554916455
scenario,15,20,0,0,certified_reset,0,1,0.020003054507777403,0.01600320723316627,0.003999847274611132,0.003999847274611132,0.0,0.0,0,0,0.0010163455024307928,-0.002166395724722517,-0.0064208014961252766,0.0035938129191206603,0.0010163455024307928,-0.002166395724722517,0.0021775707974559686,1.996292223256906e-06,0.06258906407790293,0.3169491554916455
scenario,15,21,0,0,certified_reset,0,1,0.01600320723316627,0.012003359958555136,0.003999847274611132,0.0,0.0,0.0,0,0,-0.0064208014961252766,0.0035938129191206603,-0.0054894188820287255,0.0035808474672312206,-0.0064208014961252766,0.0035938129191206603,0.001098803380312471,4.358166450793418e-05,0.06258906407790293,0.3169491554916455
scenario,16,0,0,0,certified_reset,0,1,0.1,0.09600015272538888,0.003999847274611132,0.08399679276683375,0.0,0.0,0,0,-4.644767040510966,0.21104445889071566,-3.647838502754722,1.7649742899687202,-4.644767040510966,0.21104445889071566,1.5499999999991176,21.641940518070054,0.06258906407790293,0.3169491554916455
scenario,16,1,0,0,certified_reset,0,1,0.09600015272538888,0.09200030545077775,0.003999847274611132,0.07999694549222262,0.0,0.0,0,0,-3.647838502754722,1.7649742899687202,-1.6165875081852434,2.288825884215617,-3.647838502754722,1.7649742899687202,0.5267178527699791,13.874385698555582,0.06258906407790293,0.3169491554916455
scenario,16,2,0,0,certified_reset,0,1,0.09200030545077775,0.08800045817616663,0.003999847274611132,0.0759970982176115,0.0,0.0,0,0,-1.6165875081852434,2.288825884215617,-0.10566946992006256,0.7442319016199741,-1.6165875081852434,2.288825884215617,-1.55,3.6163879787065465,0.06258906407790293,0.3169491554916455
scenario,16,3,0,0,certified_reset,0,1,0.08800045817616663,0.0840006109015555,0.003999847274611132,0.07199725094300037,0.0,0.0,0,0,-0.10566946992006256,0.7442319016199741,0.14779483628353268,-0.23853950379166192,-0.10566946992006256,0.7442319016199741,-0.9911006347340011,0.1354216507874394,0.06258906407790293,0.3169491554916455
scenario,16,4,0,0,certified_reset,0,1,0.0840006109015555,0.08000076362694437,0.003999847274611132,0.06799740366838924,0.0,0.0,0,0,0.14779483628353268,-0.23853950379166192,0.0115697703754491,-0.03583975887153175,0.14779483628353268,-0.23853950379166192,0.20422238215220567,0.03312818024282528,0.06258906407790293,0.3169491554916455
scenario,16,5,0,0,certified_reset,0,1,0.08000076362694437,0.07600091635233325,0.003999847274611132,0.06399755639377812,0.0,0.0,0,0,0.0115697703754491,-0.03583975887153175,-0.007902517107075766,0.012653038132724701,0.0115697703754491,-0.03583975887153175,0.04127426217645529,0.0004076566013704058,0.06258906407790293,0.3169491554916455
scenario,16,6,0,0,certified_reset,0,1,0.07600091635233325,0.07200106907772212,0.003999847274611132,0.05999770911916699,0.0,0.0,0,0,-0.007902517107075766,0.012653038132724701,0.007065199063283662,-0.009188959408823852,-0.007902517107075766,0.012653038132724701,-0.010767214970952137,9.41659869012659e-05,0.06258906407790293,0.3169491554916455
scenario,16,7,0,0,certified_reset,0,1,0.07200106907772212,0.068001221803111,0.003999847274611132,0.05599786184455586,0.0,0.0,0,0,0.007065199063283662,-0.009188959408823852,0.00923943990914576,0.010077215338293682,0.007065199063283662,-0.009188959408823852,0.006502950049781921,6.617290229063552e-05,0.06258906407790293,0.3169491554916455
scenario,16,8,0,0,certified_reset,0,1,0.068001221803111,0.06400137452849987,0.003999847274611132,0.051998014569944725,0.0,0.0,0,0,0.00923943990914576,0.010077215338293682,0.008956161271694303,-0.006389746230310436,0.00923943990914576,0.010077215338293682,-0.024045119122210017,0.00011810049209012864,0.06258906407790293,0.3169491554916455
scenario,16,9,0,0,certified_reset,0,1,0.06400137452849987,0.060001527253888735,0.003999847274611132,0.04799816729533359,0.0,0.0,0,0,0.008956161271694303,-0.006389746230310436,0.009821599862422222,-0.009039373739865663,0.008956161271694303,-0.006389746230310436,0.0004943172074741819,8.7568127701935e-05,0.06258906407790293,0.3169491554916455
scenario,16,10,0,0,certified_reset,0,1,0.060001527253888735,0.0560016799792776,0.003999847274611132,0.04399832002072246,0.0,0.0,0,0,0.009821599862422222,-0.009039373739865663,0.009205118251129454,-0.012684037961935637,0.009821599862422222,-0.009039373739865663,0.0035365152448361566,0.00011148434732907131,0.06258906407790293,0.3169491554916455
scenario,16,11,0,0,certified_reset,0,1,0.0560016799792776,0.05200183270466647,0.003999847274611132,0.039998472746111326,0.0,0.0,0,0,0.009205118251129454,-0.012684037961935637,-0.004685540404760479,-0.010772262353173629,0.009205118251129454,-0.012684037961935637,0.00951571672900202,0.0001159571910625102,0.06258906407790293,0.3169491554916455
scenario,16,12,0,0,certified_reset,0,1,0.05200183270466647,0.048001985430055336,0.003999847274611132,0.03599862547150019,0.0,0.0,0,0,-0.004685540404760479,-0.010772262353173629,-0.0054816066573515135,0.022291283568884088,-0.004685540404760479,-0.010772262353173629,0.020534429687365834,5.3383353466285606e-05,0.06258906407790293,0.3169491554916455
scenario,16,13,0,0,certified_reset,0,1,0.048001985430055336,0.0440021381554442,0.003999847274611132,0.03199877819688906,0.0,0.0,0,0,-0.0054816066573515135,0.022291283568884088,0.006219245299751756,-0.01413715895419985,-0.0054816066573515135,0.022291283568884088,-0.02737624572804679,0.00013822672046669274,0.06258906407790293,0.3169491554916455
scenario,16,14,0,0,certified_reset,0,1,0.0440021381554442,0.04000229088083307,0.003999847274611132,0.02799893092227793,0.0,0.0,0,0,0.006219245299751756,-0.01413715895419985,-0.0006983984888101612,-0.0016620544549880208,0.006219245299751756,-0.01413715895419985,0.01462752291838583,8.000279016001822e-05,0.06258906407790293,0.3169491554916455
scenario,16,15,0,0,certified_reset,0,1,0.04000229088083307,0.036002443606221936,0.003999847274611132,0.023999083647666796,0.0,0.0,0,0,-0.0006983984888101612,-0.0016620544549880208,0.005017414566647593,-0.008715185933480373,-0.0006983984888101612,-0.0016620544549880208,0.0031454241976074074,1.2323392857868666e-06,0.06258906407790293,0.3169491554916455
scenario,16,16,0,0,certified_reset,0,1,0.036002443606221936,0.0320025963316108,0.003999847274611132,0.019999236373055663,0.0,0.0,0,0,0.005017414566647593,-0.008715185933480373,-0.0008340826928322684,0.0026175353492631946,0.005017414566647593,-0.008715185933480373,0.007838990311219643,4.038249701501649e-05,0.06258906407790293,0.3169491554916455
scenario,16,17,0,0,certified_reset,0,1,0.0320025963316108,0.02800274905699967,0.003999847274611132,0.01599938909844453,0.0,0.0,0,0,-0.0008340826928322684,0.0026175353492631946,0.0054807534384994465,0.017939336615973068,-0.0008340826928322684,0.0026175353492631946,-0.003022820571123413,2.157398478448131e-06,0.06258906407790293,0.3169491554916455
scenario,16,18,0,0,certified_reset,0,1,0.02800274905699967,0.024002901782388536,0.003999847274611132,0.011999541823833396,0.0,0.0,0,0,0.0054807534384994465,0.017939336615973068,0.006017714059535273,-0.013257786583409864,0.0054807534384994465,0.017939336615973068,-0.03188580054656444,0.0001133838288458203,0.06258906407790293,0.3169491554916455
scenario,16,19,0,0,certified_reset,0,1,0.024002901782388536,0.020003054507777403,0.003999847274611132,0.007999694549222265,0.0,0.0,0,0,0.006017714059535273,-0.013257786583409864,-0.00984595724664451,0.010269584009862191,0.006017714059535273,-0.013257786583409864,0.01353802872815187,7.24332409648588e-05,0.06258906407790293,0.3169491554916455
scenario,16,20,0,0,certified_reset,0,1,0.020003054507777403,0.01600320723316627,0.003999847274611132,0.003999847274611132,0.0,0.0,0,0,-0.00984595724664451,0.010269584009862191,-0.0033673382894308214,0.012005799083438318,-0.00984595724664451,0.010269584009862191,-0.005323417284650348,0.00011663492742482549,0.06258906407790293,0.3169491554916455
scenario,16,21,0,0,certified_reset,0,1,0.01600320723316627,0.012003359958555136,0.003999847274611132,0.0,0.0,0.0,0,0,-0.0033673382894308214,0.012005799083438318,-0.0014923593617589262,-0.003844637230161107,-0.0033673382894308214,0.012005799083438318,-0.014331562228573567,4.24188671469937e-05,0.06258906407790293,0.3169491554916455
scenario,17,0,0,0,certified_reset,0,1,0.1,0.09600015272538888,0.003999847274611132,0.08399679276683375,0.0,0.0,0,0,-2.741424206087595,0.21156705422283673,-1.7527639739847354,1.7497117790559102,-2.741424206087595,0.21156705422283673,1.55,7.583526089040855,0.06258906407790293,0.3169491554916455
scenario,17,1,0,0,certified_reset,0,1,0.09600015272538888,0.09200030545077775,0.003999847274611132,0.07999694549222262,0.0,0.0,0,0,-1.7527639739847354,1.7497117790559102,-0.42073024614602444,0.9262704767536419,-1.7527639739847354,1.7497117790559102,-0.8321490624424449,3.640561785809918,0.06258906407790293,0.3169491554916455
scenario,17,2,0,0,certified_reset,0,1,0.09200030545077775,0.08800045817616663,0.003999847274611132,0.0759970982176115,0.0,0.0,0,0,-0.42073024614602444,0.9262704767536419,0.032067936140938114,-0.019599314805947548,-0.42073024614602444,0.9262704767536419,-0.9455360243222115,0.35380075865334604,0.06258906407790293,0.3169491554916455
scenario,17,3,0,0,certified_reset,0,1,0.08800045817616663,0.0840006109015555,0.003999847274611132,0.07199725094300037,0.0,0.0,0,0,0.032067936140938114,-0.019599314805947548,0.010698600158694987,-0.021944616128906292,0.032067936140938114,-0.019599314805947548,-0.003060137609938994,0.0010977306047493531,0.06258906407790293,0.3169491554916455
scenario,17,4,0,0,certified_reset,0,1,0.0840006109015555,0.08000076362694437,0.003999847274611132,0.06799740366838924,0.0,0.0,0,0,0.010698600158694987,-0.021944616128906292,0.009834018040021444,0.005929702967419202,0.010698600158694987,-0.021944616128906292,0.02167414162369265,0.0002128861676018353,0.06258906407790293,0.3169491554916455
scenario,17,5,0,0,certified_reset,0,1,0.08000076362694437,0.07600091635233325,0.003999847274611132,0.06399755639377812,0.0,0.0,0,0,0.009834018040021444,0.005929702967419202,0.0038441359609283033,0.009261209488491389,0.009834018040021444,0.005929702967419202,-0.01852888375993168,0.00011161994705692133,0.06258906407790293,0.3169491554916455
scenario,17,6,0,0,certified_reset,0,1,0.07600091635233325,0.07200106907772212,0.003999847274611132,0.05999770911916699,0.0,0.0,0,0,0.0038441359609283033,0.009261209488491389,0.012999618081594761,-0.009106628246981939,0.0038441359609283033,0.009261209488491389,-0.017472462404744267,3.784815506238234e-05,0.06258906407790293,0.3169491554916455
scenario,17,7,0,0,certified_reset,0,1,0.07200106907772212,0.068001221803111,0.003999847274611132,0.05599786184455586,0.0,0.0,0,0,0.012999618081594761,-0.009106628246981939,0.008249290462461504,-0.01072228177041686,0.012999618081594761,-0.009106628246981939,0.0004680459884136835,0.0001839230689886785,0.06258906407790293,0.3169491554916455
scenario,17,8,0,0,certified_reset,0,1,0.068001221803111,0.06400137452849987,0.003999847274611132,0.051998014569944725,0.0,0.0,0,0,0.008249290462461504,-0.01072228177041686,0.002315014473118622,0.007453703755385876,0.008249290462461504,-0.01072228177041686,0.007579296956412509,9.018105543845391e-05,0.06258906407790293,0.3169491554916455
scenario,17,9,0,0,certified_reset,0,1,0.06400137452849987,0.060001527253888735,0.003999847274611132,0.04799816729533359,0.0,0.0,0,0,0.002315014473118622,0.007453703755385876,-0.0009500634210920017,-0.01138563509958946,0.002315014473118622,0.007453703755385876,-0.013285352056209482,1.9772192433334065e-05,0.06258906407790293,0.3169491554916455
scenario,17,10,0,0,certified_reset,0,1,0.060001527253888735,0.0560016799792776,0.003999847274611132,0.04399832002072246,0.0,0.0,0,0,-0.0009500634210920017,-0.01138563509958946,-0.0049090778678188675,-0.001409457715127016,-0.0009500634210920017,-0.01138563509958946,0.017720771822952425,3.2087147945906285e-05,0.06258906407790293,0.3169491554916455
scenario,17,11,0,0,certified_reset,0,1,0.0560016799792776,0.05200183270466647,0.003999847274611132,0.039998472746111326,0.0,0.0,0,0,-0.0049090778678188675,-0.001409457715127016,-0.000890485869173273,0.011701218413693886,-0.0049090778678188675,-0.001409457715127016,0.006966494778725754,2.566992953899096e-05,0.06258906407790293,0.3169491554916455
scenario,17,12,0,0,certified_reset,0,1,0.05200183270466647,0.048001985430055336,0.003999847274611132,0.03599862547150019,0.0,0.0,0,0,-0.000890485869173273,0.011701218413693886,-0.002930303316075025,0.0047325048361229315,-0.000890485869173273,0.011701218413693886,-0.016351170425437392,3.212231666593413e-05,0.06258906407790293,0.3169491554916455
scenario,17,13,0,0,certified_reset,0,1,0.048001985430055336,0.0440021381554442,0.003999847274611132,0.03199877819688906,0.0,0.0,0,0,-0.002930303316075025,0.0047325048361229315,-0.00249363101138481,-0.007108139004528995,-0.002930303316075025,0.0047325048361229315,-0.004054571476446745,1.3029054634947527e-05,0.06258906407790293,0.3169491554916455
scenario,17,14,0,0,certified_reset,0,1,0.0440021381554442,0.04000229088083307,0.003999847274611132,0.02799893092227793,0.0,0.0,0,0,-0.00249363101138481,-0.007108139004528995,0.0014345739885011956,0.00592108243984495,-0.00249363101138481,-0.007108139004528995,0.012954234567748807,1.9508115671233642e-05,0.06258906407790293,0.3169491554916455
scenario,17,15,0,0,certified_reset,0,1,0.04000229088083307,0.036002443606221936,0.003999847274611132,0.023999083647666796,0.0,0.0,0,0,0.0014345739885011956,0.00592108243984495,0.0026612812284101893,0.0009064317986022417,0.0014345739885011956,0.00592108243984495,-0.010151351683976198,1.0944910160477627e-05,0.06258906407790293,0.3169491554916455
scenario,17,16,0,0,certified_reset,0,1,0.036002443606221936,0.0320025963316108,0.003999847274611132,0.019999236373055663,0.0,0.0,0,0,0.0026612812284101893,0.0009064317986022417,-0.0023003616106535597,0.004947432880726549,0.0026612812284101893,0.0009064317986022417,-0.003987834734533479,7.627879772430352e-06,0.06258906407790293,0.3169491554916455
scenario,17,17,0,0,certified_reset,0,1,0.0320025963316108,0.02800274905699967,0.003999847274611132,0.01599938909844453,0.0,0.0,0,0,-0.0023003616106535597,0.004947432880726549,0.004608132169111738,-0.0001920141652442053,-0.0023003616106535597,0.004947432880726549,-0.0049988175671567435,1.0322244546184467e-05,0.06258906407790293,0.3169491554916455
scenario,17,18,0,0,certified_reset,0,1,0.02800274905699967,0.024002901782388536,0.003999847274611132,0.011999541823833396,0.0,0.0,0,0,0.004608132169111738,-0.0001920141652442053,-0.008529637135758467,-0.0009361411501229316,0.004608132169111738,-0.0001920141652442053,-0.00430509508892663,2.1704864680257748e-05,0.06258906407790293,0.3169491554916455
scenario,17,19,0,0,certified_reset,0,1,0.024002901782388536,0.020003054507777403,0.003999847274611132,0.007999694549222265,0.0,0.0,0,0,-0.008529637135758467,-0.0009361411501229316,-0.0030265375227954408,0.014292933291346437,-0.008529637135758467,-0.0009361411501229316,0.009870555348562949,7.534815108546763e-05,0.06258906407790293,0.3169491554916455
scenario,17,20,0,0,certified_reset,0,1,0.020003054507777403,0.01600320723316627,0.003999847274611132,0.003999847274611132,0.0,0.0,0,0,-0.0030265375227954408,0.014292933291346437,-0.0028720135275382723,-0.007884952004361585,-0.0030265375227954408,0.014292933291346437,-0.018042983252500384,5.407049006589727e-05,0.06258906407790293,0.3169491554916455
scenario,17,21,0,0,certified_reset,0,1,0.01600320723316627,0.012003359958555136,0.003999847274611132,0.0,0.0,0.0,0,0,-0.0028720135275382723,-0.007884952004361585,0.0020656962403461654,0.015806002804243102,-0.0028720135275382723,-0.007884952004361585,0.014474446978176429,2.4677246345459288e-05,0.06258906407790293,0.3169491554916455
scenario,18,0,0,0,certified_reset,0,1,0.1,0.09600015272538888,0.003999847274611132,0.08399679276683375,0.0,0.0,0,0,-4.671391251526238,-0.5639036764978628,-4.4531981465052395,0.9827426260978361,-4.671391251526238,-0.5639036764978628,1.55,21.939196448982077,0.06258906407790293,0.3169491554916455
scenario,18,1,0,0,certified_reset,0,1,0.09600015272538888,0.09200030545077775,0.003999847274611132,0.07999694549222262,0.0,0.0,0,0,-4.4531981465052395,0.9827426260978361,-2.7115433422835107,2.5249184778703326,-4.4531981465052395,0.9827426260978361,1.55,20.064877184484644,0.06258906407790293,0.3169491554916455
scenario,18,2,0,0,certified_reset,0,1,0.09200030545077775,0.08800045817616663,0.003999847274611132,0.0759970982176115,0.0,0.0,0,0,-2.7115433422835107,2.5249184778703326,-0.6929548002365764,1.5019058139061172,-2.7115433422835107,2.5249184778703326,-1.0265515155721643,8.526350895015506,0.06258906407790293,0.3169491554916455
scenario,18,3,0,0,certified_reset,0,1,0.08800045817616663,0.0840006109015555,0.003999847274611132,0.07199725094300037,0.0,0.0,0,0,-0.6929548002365764,1.5019058139061172,0.04451050448968714,-0.019503498419799398,-0.6929548002365764,1.5019058139061172,-1.5224279760710167,0.9441608220211052,0.06258906407790293,0.3169491554916455
scenario,18,4,0,0,certified_reset,0,1,0.0840006109015555,0.08000076362694437,0.003999847274611132,0.06799740366838924,0.0,0.0,0,0,0.04451050448968714,-0.019503498419799398,0.014359473965006565,-0.03527443377590595,0.04451050448968714,-0.019503498419799398,-0.015588560277842145,0.002055729651324858,0.06258906407790293,0.3169491554916455
scenario,18,5,0,0,certified_reset,0,1,0.08000076362694437,0.07600091635233325,0.003999847274611132,0.06399755639377812,0.0,0.0,0,0,0.014359473965006565,-0.03527443377590595,-0.006343725233836505,0.010167241840422888,0.014359473965006565,-0.03527443377590595,0.037664905748837,0.00046563204275636014,0.06258906407790293,0.3169491554916455
scenario,18,6,0,0,certified_reset,0,1,0.07600091635233325,0.07200106907772212,0.003999847274611132,0.05999770911916699,0.0,0.0,0,0,-0.006343725233836505,0.010167241840422888,0.0002825265857757289,-0.007441221338628576,-0.006343725233836505,0.010167241840422888,-0.008658194548605348,6.072406335894775e-05,0.06258906407790293,0.3169491554916455
scenario,18,7,0,0,certified_reset,0,1,0.07200106907772212,0.068001221803111,0.003999847274611132,0.05599786184455586,0.0,0.0,0,0,0.0002825265857757289,-0.007441221338628576,0.003106592468570672,0.0007559473433649253,0.0002825265857757289,-0.007441221338628576,0.010677082011425762,1.2896742780520906e-05,0.06258906407790293,0.3169491554916455
scenario,18,8,0,0,certified_reset,0,1,0.068001221803111,0.06400137452849987,0.003999847274611132,0.051998014569944725,0.0,0.0,0,0,0.003106592468570672,0.0007559473433649253,0.005122282662931219,-0.00826177724866127,0.003106592468570672,0.0007559473433649253,-0.00420426777865088,1.019567560411436e-05,0.06258906407790293,0.3169491554916455
scenario,18,9,0,0,certified_reset,0,1,0.06400137452849987,0.060001527253888735,0.003999847274611132,0.04799816729533359,0.0,0.0,0,0,0.005122282662931219,-0.00826177724866127,0.008611660432027943,0.013468247702546829,0.005122282662931219,-0.00826177724866127,0.007068902717601042,3.977326771490789e-05,0.06258906407790293,0.3169491554916455
scenario,18,10,0,0,certified_reset,0,1,0.060001527253888735,0.0560016799792776,0.003999847274611132,0.04399832002072246,0.0,0.0,0,0,0.008611660432027943,0.013468247702546829,0.009434599266378494,-0.003996826918179281,0.008611660432027943,0.013468247702546829,-0.02841426286059888,0.00012699581905622435,0.06258906407790293,0.3169491554916455
scenario,18,11,0,0,certified_reset,0,1,0.0560016799792776,0.05200183270466647,0.003999847274611132,0.039998472746111326,0.0,0.0,0,0,0.009434599266378494,-0.003996826918179281,0.005024982126649473,-0.015955282858695054,0.009434599266378494,-0.003996826918179281,-0.003506299816720635,9.219444935176683e-05,0.06258906407790293,0.3169491554916455
scenario,18,12,0,0,certified_reset,0,1,0.05200183270466647,0.048001985430055336,0.003999847274611132,0.03599862547150019,0.0,0.0,0,0,0.005024982126649473,-0.015955282858695054,0.003919931420900397,0.0003544529930743128,0.005024982126649473,-0.015955282858695054,0.018500989669831974,7.963040004040166e-05,0.06258906407790293,0.3169491554916455
scenario,18,13,0,0,certified_reset,0,1,0.048001985430055336,0.0440021381554442,0.003999847274611132,0.03199877819688906,0.0,0.0,0,0,0.003919931420900397,0.0003544529930743128,-0.0021608567087719726,-0.00364600502155133,0.003919931420900397,0.0003544529930743128,-0.004423461673631616,1.587765232038828e-05,0.06258906407790293,0.3169491554916455
scenario,18,14,0,0,certified_reset,0,1,0.0440021381554442,0.04000229088083307,0.003999847274611132,0.02799893092227793,0.0,0.0,0,0,-0.0021608567087719726,-0.00364600502155133,0.0005795178721909413,0.01493115946801131,-0.0021608567087719726,-0.00364600502155133,0.007521201076300073,8.47631682769023e-06,0.06258906407790293,0.3169491554916455
scenario,18,15,0,0,certified_reset,0,1,0.04000229088083307,0.036002443606221936,0.003999847274611132,0.023999083647666796,0.0,0.0,0,0,0.0005795178721909413,0.01493115946801131,0.0077351508414818925,-0.002148304099033228,0.0005795178721909413,0.01493115946801131,-0.02257265768861573,5.320307699302736e-05,0.06258906407790293,0.3169491554916455
scenario,18,16,0,0,certified_reset,0,1,0.036002443606221936,0.0320025963316108,0.003999847274611132,0.019999236373055663,0.0,0.0,0,0,0.0077351508414818925,-0.002148304099033228,0.012638810178933492,0.002789990371981248,0.0077351508414818925,-0.002148304099033228,-0.0045402037962221685,6.117863269360492e-05,0.06258906407790293,0.3169491554916455
scenario,18,17,1,1,certified_reset,0,1,0.0320025963316108,0.02800274905699967,0.003999847274611132,0.01599938909844453,0.0,0.0,0,0,0.012638810178933492,0.002789990371981248,0.01931737322592021,-0.04717126205017137,0.012638810178933492,0.002789990371981248,-0.0166932854542875,0.00016810729555020567,0.0659683941917073,0.3371807140592316
scenario,18,18,1,1,certified_reset,0,1,0.02800274905699967,0.024002901782388536,0.003999847274611132,0.011999541823833396,0.0,0.0,0,0,0.01931737322592021,-0.04717126205017137,0.02023808164271978,0.03241200248976059,0.01931737322592021,-0.04717126205017137,0.05025413925311071,0.0008368209045643438,0.0659683941917073,0.3371807140592316
scenario,18,19,1,1,certified_reset,0,1,0.024002901782388536,0.020003054507777403,0.003999847274611132,0.007999694549222265,0.0,0.0,0,0,0.02023808164271978,0.03241200248976059,0.011921635040860414,-0.08301424341876792,0.02023808164271978,0.03241200248976059,-0.06789953382842374,0.0007139354389016473,0.0659683941917073,0.3371807140592316
scenario,18,20,1,1,certified_reset,0,1,0.020003054507777403,0.01600320723316627,0.003999847274611132,0.003999847274611132,0.0,0.0,0,0,0.011921635040860414,-0.08301424341876792,-0.02034496926375886,0.0482406550360729,0.011921635040860414,-0.08301424341876792,0.11041798110134379,0.0016873742756801705,0.0659683941917073,0.3371807140592316
scenario,18,21,0,0,certified_reset,0,1,0.01600320723316627,0.012003359958555136,0.003999847274611132,0.0,0.0,0.0,0,0,-0.02034496926375886,0.0482406550360729,0.004155978577221883,-0.0018965076543112508,-0.02034496926375886,0.0482406550360729,-0.05080240042185319,0.0008973288152545398,0.06258906407790293,0.3169491554916455
scenario,19,0,0,0,certified_reset,0,1,0.1,0.09600015272538888,0.003999847274611132,0.08399679276683375,0.0,0.0,0,0,-4.668530984188773,0.30389704891636293,-3.593641737462435,1.855339365811616,-4.668530984188773,0.30389704891636293,1.55,21.871867665271807,0.06258906407790293,0.3169491554916455
scenario,19,1,0,0,certified_reset,0,1,0.09600015272538888,0.09200030545077775,0.003999847274611132,0.07999694549222262,0.0,0.0,0,0,-3.593641737462435,1.855339365811616,-1.5491201639664682,2.2335336593635535,-3.593641737462435,1.855339365811616,0.37662344272801224,13.53741821689178,0.06258906407790293,0.3169491554916455
scenario,19,2,0,0,certified_reset,0,1,0.09200030545077775,0.08800045817616663,0.003999847274611132,0.0759970982176115,0.0,0.0,0,0,-1.5491201639664682,2.2335336593635535,-0.0916009016249983,0.6771291634336305,-1.5491201639664682,2.2335336593635535,-1.55,3.3577968517592875,0.06258906407790293,0.3169491554916455
scenario,19,3,0,0,certified_reset,0,1,0.08800045817616663,0.0840006109015555,0.003999847274611132,0.07199725094300037,0.0,0.0,0,0,-0.0916009016249983,0.6771291634336305,0.1276004524934091,-0.23535428621202245,-0.0916009016249983,0.6771291634336305,-0.9062613918145374,0.11145417065087226,0.06258906407790293,0.3169491554916455
scenario,19,4,0,0,certified_reset,0,1,0.0840006109015555,0.08000076362694437,0.003999847274611132,0.06799740366838924,0.0,0.0,0,0,0.1276004524934091,-0.23535428621202245,-0.000894148715177602,-0.004255653017535199,0.1276004524934091,-0.23535428621202245,0.21963905395498026,0.02745840353398542,0.06258906407790293,0.3169491554916455
scenario,19,5,1,1,certified_reset,0,1,0.08000076362694437,0.07600091635233325,0.003999847274611132,0.06399755639377812,0.0,0.0,0,0,-0.000894148715177602,-0.004255653017535199,-0.0015028519654843335,-0.023323076067779766,-0.000894148715177602,-0.004255653017535199,0.007157324338966912,5.34008908620112e-06,0.0659683941917073,0.3371807140592316
scenario,19,6,1,1,certified_reset,0,1,0.07600091635233325,0.07200106907772212,0.003999847274611132,0.05999770911916699,0.0,0.0,0,0,-0.0015028519654843335,-0.023323076067779766,-0.023781475825506028,0.01916639671653394,-0.0015028519654843335,-0.023323076067779766,0.03585365643883623,0.0001323095389384321,0.0659683941917073,0.3371807140592316
scenario,19,7,1,1,certified_reset,0,1,0.07200106907772212,0.068001221803111,0.003999847274611132,0.05599786184455586,0.0,0.0,0,0,-0.023781475825506028,0.01916639671653394,-0.031618440054683394,0.00036196743826503487,-0.023781475825506028,0.01916639671653394,-0.004548981846999638,0.0006321990606924371,0.0659683941917073,0.3371807140592316
scenario,19,8,1,1,certified_reset,0,1,0.068001221803111,0.06400137452849987,0.003999847274611132,0.051998014569944725,0.0,0.0,0,0,-0.031618440054683394,0.00036196743826503487,-0.016736611435698753,0.023521940117890515,-0.031618440054683394,0.00036196743826503487,0.030954253175854537,0.0010237034799102252,0.0659683941917073,0.3371807140592316
scenario,19,9,1,1,certified_reset,0,1,0.06400137452849987,0.060001527253888735,0.003999847274611132,0.04799816729533359,0.0,0.0,0,0,-0.016736611435698753,0.023521940117890515,-0.0028297194282361987,0.0443253642733967,-0.016736611435698753,0.023521940117890515,-0.017987023934467522,0.0003877931881437729,0.0659683941917073,0.3371807140592316
scenario,19,10,1,1,certified_reset,0,1,0.060001527253888735,0.0560016799792776,0.003999847274611132,0.04399832002072246,0.0,0.0,0,0,-0.0028297194282361987,0.0443253642733967,0.003764683529802528,-0.05401384779612207,-0.0028297194282361987,0.0443253642733967,-0.062481447393121656,0.00045925841898549933,0.0659683941917073,0.3371807140592316
scenario,19,11,1,1,certified_reset,0,1,0.0560016799792776,0.05200183270466647,0.003999847274611132,0.039998472746111326,0.0,0.0,0,0,0.003764683529802528,-0.05401384779612207,-0.010644249713833723,-0.013860246302270202,0.003764683529802528,-0.05401384779612207,0.07581962551194445,0.0006830374680725291,0.0659683941917073,0.3371807140592316
scenario,19,12,1,1,certified_reset,0,1,0.05200183270466647,0.048001985430055336,0.003999847274611132,0.03599862547150019,0.0,0.0,0,0,-0.010644249713833723,-0.013860246302270202,-0.045579732954199516,-0.04096125195074614,-0.010644249713833723,-0.013860246302270202,0.031022104506457076,0.00017193848313141495,0.0659683941917073,0.3371807140592316
scenario,19,13,1,1,certified_reset,0,1,0.048001985430055336,0.0440021381554442,0.003999847274611132,0.03199877819688906,0.0,0.0,0,0,-0.045579732954199516,-0.04096125195074614,-0.0260410657762856,0.08608581835846024,-0.045579732954199516,-0.04096125195074614,0.10572711375099206,0.002658975969776072,0.0659683941917073,0.3371807140592316
scenario,19,14,1,1,certified_reset,0,1,0.0440021381554442,0.04000229088083307,0.003999847274611132,0.02799893092227793,0.0,0.0,0,0,-0.0260410657762856,0.08608581835846024,-0.0074539997527295725,-0.024214607480633588,-0.0260410657762856,0.08608581835846024,-0.10088352143296231,0.0022665124912229534,0.0659683941917073,0.3371807140592316
scenario,19,15,0,0,certified_reset,0,1,0.04000229088083307,0.036002443606221936,0.003999847274611132,0.023999083647666796,0.0,0.0,0,0,-0.0074539997527295725,-0.024214607480633588,-0.013145873016846237,0.022789747605374153,-0.0074539997527295725,-0.024214607480633588,0.04309483807329062,0.0002075337378071791,0.06258906407790293,0.3169491554916455
scenario,19,16,0,0,certified_reset,0,1,0.036002443606221936,0.0320025963316108,0.003999847274611132,0.019999236373055663,0.0,0.0,0,0,-0.013145873016846237,0.022789747605374153,-4.776170682999753e-05,-0.001705560186306289,-0.013145873016846237,0.022789747605374153,-0.02048128567289735,0.000276788121210415,0.06258906407790293,0.3169491554916455
scenario,19,17,0,0,certified_reset,0,1,0.0320025963316108,0.02800274905699967,0.003999847274611132,0.01599938909844453,0.0,0.0,0,0,-4.776170682999753e-05,-0.001705560186306289,-0.002811930789701101,-0.0005436252356931354,-4.776170682999753e-05,-0.001705560186306289,0.0025605606960988616,6.898013564398375e-07,0.06258906407790293,0.3169491554916455
scenario,19,18,0,0,certified_reset,0,1,0.02800274905699967,0.024002901782388536,0.003999847274611132,0.011999541823833396,0.0,0.0,0,0,-0.002811930789701101,-0.0005436252356931354,0.00045006885875979556,0.0027952643985576743,-0.002811930789701101,-0.0005436252356931354,0.0035991228974278497,8.28399201827763e-06,0.06258906407790293,0.3169491554916455
scenario,19,19,0,0,certified_reset,0,1,0.024002901782388536,0.020003054507777403,0.003999847274611132,0.007999694549222265,0.0,0.0,0,0,0.00045006885875979556,0.0027952643985576743,0.0021203407293494047,0.0022368065229975845,0.00045006885875979556,0.0027952643985576743,-0.004564778407662093,2.1299225758137157e-06,0.06258906407790293,0.3169491554916455
scenario,19,20,0,0,certified_reset,0,1,0.020003054507777403,0.01600320723316627,0.003999847274611132,0.003999847274611132,0.0,0.0,0,0,0.0021203407293494047,0.0022368065229975845,-0.006341798235488004,0.017198980595660354,0.0021203407293494047,0.0022368065229975845,-0.005404907657840343,6.126765094120913e-06,0.06258906407790293,0.3169491554916455
scenario,19,21,0,0,certified_reset,0,1,0.01600320723316627,0.012003359958555136,0.003999847274611132,0.0,0.0,0.0,0,0,-0.006341798235488004,0.017198980595660354,0.0023848489643556537,-0.002506970151743466,-0.006341798235488004,0.017198980595660354,-0.019016904114294197,0.00010250435894732749,0.06258906407790293,0.3169491554916455
scenario,20,0,0,0,certified_reset,0,1,0.1,0.09600015272538888,0.003999847274611132,0.08399679276683375,0.0,0.0,0,0,2.6875111250817714,0.2439217009338568,2.1498427606371275,-1.306327961243726,2.6875111250817714,0.2439217009338568,-1.55,7.293488150751853,0.06258906407790293,0.3169491554916455
scenario,20,1,0,0,certified_reset,0,1,0.09600015272538888,0.09200030545077775,0.003999847274611132,0.07999694549222262,0.0,0.0,0,0,2.1498427606371275,-1.306327961243726,0.7373576170663148,-1.5343852618129905,2.1498427606371275,-1.306327961243726,-0.21468032392533926,4.930144780119777,0.06258906407790293,0.3169491554916455
scenario,20,2,0,0,certified_reset,0,1,0.09200030545077775,0.08800045817616663,0.003999847274611132,0.0759970982176115,0.0,0.0,0,0,0.7373576170663148,-1.5343852618129905,-0.031219341419481836,0.002575102794211876,0.7373576170663148,-1.5343852618129905,1.526058805428092,1.025698506086735,0.06258906407790293,0.3169491554916455
scenario,20,3,0,0,certified_reset,0,1,0.08800045817616663,0.0840006109015555,0.003999847274611132,0.07199725094300037,0.0,0.0,0,0,-0.031219341419481836,0.002575102794211876,-0.021378728894846037,0.02668840361613328,-0.031219341419481836,0.002575102794211876,0.027291385047408228,0.000994461378903458,0.06258906407790293,0.3169491554916455
scenario,20,4,0,0,certified_reset,0,1,0.0840006109015555,0.08000076362694437,0.003999847274611132,0.06799740366838924,0.0,0.0,0,0,-0.021378728894846037,0.02668840361613328,-0.0027463198449327944,0.010064498608749393,-0.021378728894846037,0.02668840361613328,-0.018028853274554318,0.0005933847976831844,0.06258906407790293,0.3169491554916455
scenario,20,5,0,0,certified_reset,0,1,0.08000076362694437,0.07600091635233325,0.003999847274611132,0.06399755639377812,0.0,0.0,0,0,-0.0027463198449327944,0.010064498608749393,-0.000621303760179804,-0.005578829540516709,-0.0027463198449327944,0.010064498608749393,-0.012089759535172176,2.9429273635322174e-05,0.06258906407790293,0.3169491554916455
scenario,20,6,0,0,certified_reset,0,1,0.07600091635233325,0.07200106907772212,0.003999847274611132,0.05999770911916699,0.0,0.0,0,0,-0.000621303760179804,-0.005578829540516709,0.0013953396175719847,0.0054052390479904545,-0.000621303760179804,-0.005578829540516709,0.008836896131402172,7.940487720928868e-06,0.06258906407790293,0.3169491554916455
scenario,20,7,0,0,certified_reset,0,1,0.07200106907772212,0.068001221803111,0.003999847274611132,0.05599786184455586,0.0,0.0,0,0,0.0013953396175719847,0.0054052390479904545,0.002393246015977074,-0.012647573765033249,0.0013953396175719847,0.0054052390479904545,-0.009350278015415362,9.391654772370663e-06,0.06258906407790293,0.3169491554916455
scenario,20,8,0,0,certified_reset,0,1,0.068001221803111,0.06400137452849987,0.003999847274611132,0.051998014569944725,0.0,0.0,0,0,0.002393246015977074,-0.012647573765033249,0.0017682364853276525,0.004179633483272879,0.002393246015977074,-0.012647573765033249,0.016248319872250245,4.112082594531651e-05,0.06258906407790293,0.3169491554916455
scenario,20,9,0,0,certified_reset,0,1,0.06400137452849987,0.060001527253888735,0.003999847274611132,0.04799816729533359,0.0,0.0,0,0,0.0017682364853276525,0.004179633483272879,-0.003198997476795677,-0.016871475477143065,0.0017682364853276525,0.004179633483272879,-0.00791859665612536,7.838745082913123e-06,0.06258906407790293,0.3169491554916455
scenario,20,10,0,0,certified_reset,0,1,0.060001527253888735,0.0560016799792776,0.003999847274611132,0.04399832002072246,0.0,0.0,0,0,-0.003198997476795677,-0.016871475477143065,-0.0036818176982610124,0.016686329528033485,-0.003198997476795677,-0.016871475477143065,0.02803718179939834,8.112207719750911e-05,0.06258906407790293,0.3169491554916455
scenario,20,11,0,0,certified_reset,0,1,0.0560016799792776,0.05200183270466647,0.003999847274611132,0.039998472746111326,0.0,0.0,0,0,-0.0036818176982610124,0.016686329528033485,0.008744276027440115,-0.00554532742238775,-0.0036818176982610124,0.016686329528033485,-0.020911559612035786,7.460616145968317e-05,0.06258906407790293,0.3169491554916455
scenario,20,12,0,0,certified_reset,0,1,0.05200183270466647,0.048001985430055336,0.003999847274611132,0.03599862547150019,0.0,0.0,0,0,0.008744276027440115,-0.00554532742238775,0.01199499177298902,0.0016254480421632155,0.008744276027440115,-0.00554532742238775,-0.0005383477131494467,8.20047268204376e-05,0.06258906407790293,0.3169491554916455
scenario,20,13,0,0,certified_reset,0,1,0.048001985430055336,0.0440021381554442,0.003999847274611132,0.03199877819688906,0.0,0.0,0,0,0.01199499177298902,0.0016254480421632155,0.007816813675424049,-0.01547588744607159,0.01199499177298902,0.0016254480421632155,-0.01433675509367941,0.00014949396594027685,0.06258906407790293,0.3169491554916455
scenario,20,14,0,0,certified_reset,0,1,0.0440021381554442,0.04000229088083307,0.003999847274611132,0.02799893092227793,0.0,0.0,0,0,0.007816813675424049,-0.01547588744607159,-0.0011000679339493976,-0.006086474363586131,0.007816813675424049,-0.01547588744607159,0.015016404505800527,0.00010985044274716781,0.06258906407790293,0.3169491554916455
scenario,20,15,0,0,certified_reset,0,1,0.04000229088083307,0.036002443606221936,0.003999847274611132,0.023999083647666796,0.0,0.0,0,0,-0.0011000679339493976,-0.006086474363586131,-0.006830580893235647,-4.79179083637659e-05,-0.0011000679339493976,-0.006086474363586131,0.010059306355060724,1.0408021200074239e-05,0.06258906407790293,0.3169491554916455
scenario,20,16,0,0,certified_reset,0,1,0.036002443606221936,0.0320025963316108,0.003999847274611132,0.019999236373055663,0.0,0.0,0,0,-0.006830580893235647,-4.79179083637659e-05,0.0009457158939814494,0.02171084719403362,-0.006830580893235647,-4.79179083637659e-05,0.00686949377593876,4.7836997260146974e-05,0.06258906407790293,0.3169491554916455
scenario,20,17,0,0,certified_reset,0,1,0.0320025963316108,0.02800274905699967,0.003999847274611132,0.01599938909844453,0.0,0.0,0,0,0.0009457158939814494,0.02171084719403362,-0.002717423202989523,-0.00985461672352901,0.0009457158939814494,0.02171084719403362,-0.03292634227293117,0.00011284293839786645,0.06258906407790293,0.3169491554916455
scenario,20,18,0,0,certified_reset,0,1,0.02800274905699967,0.024002901782388536,0.003999847274611132,0.011999541823833396,0.0,0.0,0,0,-0.002717423202989523,-0.00985461672352901,-0.005961276908022221,0.013963226869448377,-0.002717423202989523,-0.00985461672352901,0.01722302892718685,3.228063173799209e-05,0.06258906407790293,0.3169491554916455
scenario,20,19,0,0,certified_reset,0,1,0.024002901782388536,0.020003054507777403,0.003999847274611132,0.007999694549222265,0.0,0.0,0,0,-0.005961276908022221,0.013963226869448377,-0.003352045814595205,-0.007564535865504513,-0.005961276908022221,0.013963226869448377,-0.014633227553888446,7.59850129195993e-05,0.06258906407790293,0.3169491554916455
scenario,20,20,0,0,certified_reset,0,1,0.020003054507777403,0.01600320723316627,0.003999847274611132,0.003999847274611132,0.0,0.0,0,0,-0.003352045814595205,-0.007564535865504513,0.0010890956258852915,0.010821817928363064,-0.003352045814595205,-0.007564535865504513,0.014479137552507963,2.6777343264647133e-05,0.06258906407790293,0.3169491554916455
scenario,20,21,0,0,certified_reset,0,1,0.01600320723316627,0.012003359958555136,0.003999847274611132,0.0,0.0,0.0,0,0,0.0010890956258852915,0.010821817928363064,-0.0003824948712977459,-0.009138726674830578,0.0010890956258852915,0.010821817928363064,-0.017029069110917,2.9515972941367406e-05,0.06258906407790293,0.3169491554916455
scenario,21,0,0,0,certified_reset,0,1,0.1,0.09600015272538888,0.003999847274611132,0.08399679276683375,0.0,0.0,0,0,0.5043309586908507,0.3197998644029111,0.34651576918835164,-0.6457176362401463,0.5043309586908507,0.3197998644029111,-0.9732885185645243,0.29644093099225227,0.06258906407790293,0.3169491554916455
scenario,21,1,0,0,certified_reset,0,1,0.09600015272538888,0.09200030545077775,0.003999847274611132,0.07999694549222262,0.0,0.0,0,0,0.34651576918835164,-0.6457176362401463,0.0031914156078249106,-0.046789914724374215,0.34651576918835164,-0.6457176362401463,0.6061545345988011,0.20430998912684337,0.06258906407790293,0.3169491554916455
scenario,21,2,0,0,certified_reset,0,1,0.09200030545077775,0.08800045817616663,0.003999847274611132,0.0759970982176115,0.0,0.0,0,0,0.0031914156078249106,-0.046789914724374215,-0.013219742932826637,0.018301952476895506,0.0031914156078249106,-0.046789914724374215,0.06574741944805146,0.0005123265142683768,0.06258906407790293,0.3169491554916455
scenario,21,3,0,0,certified_reset,0,1,0.08800045817616663,0.0840006109015555,0.003999847274611132,0.07199725094300037,0.0,0.0,0,0,-0.013219742932826637,0.018301952476895506,0.0020434843589167725,0.0060243918508573364,-0.013219742932826637,0.018301952476895506,-0.01379896007383458,0.0002398149492919793,0.06258906407790293,0.3169491554916455
scenario,21,4,0,0,certified_reset,0,1,0.0840006109015555,0.08000076362694437,0.003999847274611132,0.06799740366838924,0.0,0.0,0,0,0.0020434843589167725,0.0060243918508573364,-0.0004894728839714767,-0.010665373905610225,0.0020434843589167725,0.0060243918508573364,-0.010908206418837076,1.3683345998118183e-05,0.06258906407790293,0.3169491554916455
scenario,21,5,0,0,certified_reset,0,1,0.08000076362694437,0.07600091635233325,0.003999847274611132,0.06399755639377812,0.0,0.0,0,0,-0.0004894728839714767,-0.010665373905610225,-0.0008201761460434058,0.006602610536418779,-0.0004894728839714767,-0.010665373905610225,0.01620084192129385,2.727630177647703e-05,0.06258906407790293,0.3169491554916455
scenario,21,6,0,0,certified_reset,0,1,0.07600091635233325,0.07200106907772212,0.003999847274611132,0.05999770911916699,0.0,0.0,0,0,-0.0008201761460434058,0.006602610536418779,0.003854145233322839,-0.001457533944171471,-0.0008201761460434058,0.006602610536418779,-0.008910327946286753,1.0504541374511172e-05,0.06258906407790293,0.3169491554916455
scenario,21,7,0,0,certified_reset,0,1,0.07200106907772212,0.068001221803111,0.003999847274611132,0.05599786184455586,0.0,0.0,0,0,0.003854145233322839,-0.001457533944171471,0.0032581411851996898,-0.011352094025746301,0.003854145233322839,-0.001457533944171471,-0.0016923282621672052,1.5308427788932577e-05,0.06258906407790293,0.3169491554916455
scenario,21,8,0,0,certified_reset,0,1,0.068001221803111,0.06400137452849987,0.003999847274611132,0.051998014569944725,0.0,0.0,0,0,0.0032581411851996898,-0.011352094025746301,-0.002577883247214776,0.006105492146689972,0.0032581411851996898,-0.011352094025746301,0.013477777930252679,3.835335340961386e-05,0.06258906407790293,0.3169491554916455
scenario,21,9,0,0,certified_reset,0,1,0.06400137452849987,0.060001527253888735,0.003999847274611132,0.04799816729533359,0.0,0.0,0,0,-0.002577883247214776,0.006105492146689972,-0.0013366646280256263,-0.0004204700922178895,-0.002577883247214776,0.006105492146689972,-0.006423580998889914,1.4386908041095814e-05,0.06258906407790293,0.3169491554916455
scenario,21,10,0,0,certified_reset,0,1,0.060001527253888735,0.0560016799792776,0.003999847274611132,0.04399832002072246,0.0,0.0,0,0,-0.0013366646280256263,-0.0004204700922178895,-0.0008368931845834489,0.0014447365453467344,-0.0013366646280256263,-0.0004204700922178895,0.001946937940749914,1.9132596291641236e-06,0.06258906407790293,0.3169491554916455
scenario,21,11,0,0,certified_reset,0,1,0.0560016799792776,0.05200183270466647,0.003999847274611132,0.039998472746111326,0.0,0.0,0,0,-0.0008368931845834489,0.0014447365453467344,0.004304713861517137,-0.004775111950671966,-0.0008368931845834489,0.0014447365453467344,-0.0012934003865815464,1.117919779785334e-06,0.06258906407790293,0.3169491554916455
scenario,21,12,0,0,certified_reset,0,1,0.05200183270466647,0.048001985430055336,0.003999847274611132,0.03599862547150019,0.0,0.0,0,0,0.004304713861517137,-0.004775111950671966,-0.008015611298224866,0.007345436734628099,0.004304713861517137,-0.004775111950671966,0.0027465643493213756,2.28234567681229e-05,0.06258906407790293,0.3169491554916455
scenario,21,13,0,0,certified_reset,0,1,0.048001985430055336,0.0440021381554442,0.003999847274611132,0.03199877819688906,0.0,0.0,0,0,-0.008015611298224866,0.007345436734628099,-0.0022252844480052415,-1.572992628048886e-05,-0.008015611298224866,0.007345436734628099,-0.0028411869385026683,7.416381241275438e-05,0.06258906407790293,0.3169491554916455
scenario,21,14,0,0,certified_reset,0,1,0.0440021381554442,0.04000229088083307,0.003999847274611132,0.02799893092227793,0.0,0.0,0,0,-0.0022252844480052415,-1.572992628048886e-05,-0.004278315759550568,-0.007685629827468471,-0.0022252844480052415,-1.572992628048886e-05,0.002239091134947362,5.0772736398035305e-06,0.06258906407790293,0.3169491554916455
scenario,21,15,2,2,certified_reset,0,1,0.04000229088083307,0.036002443606221936,0.003999847274611132,0.023999083647666796,0.0,0.0,0,0,-0.004278315759550568,-0.007685629827468471,0.02250264443219574,0.040619046726501386,-0.004278315759550568,-0.007685629827468471,0.015583756716727178,3.500772562564938e-05,0.07177064572129135,0.3726063481590821
scenario,21,16,2,2,certified_reset,0,1,0.036002443606221936,0.0320025963316108,0.003999847274611132,0.019999236373055663,0.0,0.0,0,0,0.02250264443219574,0.040619046726501386,-0.008504895296998147,-0.04503972656274485,0.02250264443219574,0.040619046726501386,-0.08224628324115424,0.0009724635363709807,0.07177064572129135,0.3726063481590821
scenario,21,17,1,1,certified_reset,0,1,0.0320025963316108,0.02800274905699967,0.003999847274611132,0.01599938909844453,0.0,0.0,0,0,-0.008504895296998147,-0.04503972656274485,-0.005805407141173131,0.04705763832275987,-0.008504895296998147,-0.04503972656274485,0.07482045713751606,0.0005774296185620015,0.0659683941917073,0.3371807140592316
scenario,21,18,1,1,certified_reset,0,1,0.02800274905699967,0.024002901782388536,0.003999847274611132,0.011999541823833396,0.0,0.0,0,0,-0.005805407141173131,0.04705763832275987,0.013530492702768904,-0.008501759751813795,-0.005805407141173131,0.04705763832275987,-0.06354416288655933,0.0005332451064114457,0.0659683941917073,0.3371807140592316
scenario,21,19,1,1,certified_reset,0,1,0.024002901782388536,0.020003054507777403,0.003999847274611132,0.007999694549222265,0.0,0.0,0,0,0.013530492702768904,-0.008501759751813795,-0.009813756288100875,-0.0205928753368525,0.013530492702768904,-0.008501759751813795,-0.0009497106383680389,0.00019610716693505925,0.0659683941917073,0.3371807140592316
scenario,21,20,1,1,certified_reset,0,1,0.020003054507777403,0.01600320723316627,0.003999847274611132,0.003999847274611132,0.0,0.0,0,0,-0.009813756288100875,-0.0205928753368525,-0.012791695408753606,0.044660170076603285,-0.009813756288100875,-0.0205928753368525,0.04011051313198819,0.000212863116710071,0.0659683941917073,0.3371807140592316
scenario,21,21,1,1,certified_reset,0,1,0.01600320723316627,0.012003359958555136,0.003999847274611132,0.0,0.0,0.0,0,0,-0.012791695408753606,0.044660170076603285,-0.016030828882331875,-0.016499890443604205,-0.012791695408753606,0.044660170076603285,-0.05305368794760071,0.0005930103589801666,0.0659683941917073,0.3371807140592316
scenario,22,0,0,0,certified_reset,0,1,0.1,0.09600015272538888,0.003999847274611132,0.08399679276683375,0.0,0.0,0,0,-5.070546481925195,-0.4536017920512491,-4.741949144631365,1.0960385804610626,-5.070546481925195,-0.4536017920512491,1.5499999999982008,25.807539950799214,0.06258906407790293,0.3169491554916455
scenario,22,1,0,0,certified_reset,0,1,0.09600015272538888,0.09200030545077775,0.003999847274611132,0.07999694549222262,0.0,0.0,0,0,-4.741949144631365,1.0960385804610626,-2.8675350681803065,2.643136298448328,-4.741949144631365,1.0960385804610626,1.55,22.76237829284477,0.06258906407790293,0.3169491554916455
scenario,22,2,0,0,certified_reset,0,1,0.09200030545077775,0.08800045817616663,0.003999847274611132,0.0759970982176115,0.0,0.0,0,0,-2.8675350681803065,2.643136298448328,-0.7606217847955672,1.5653284685600075,-2.8675350681803065,2.643136298448328,-1.085492966580759,9.509725250347765,0.06258906407790293,0.3169491554916455
scenario,22,3,0,0,certified_reset,0,1,0.08800045817616663,0.0840006109015555,0.003999847274611132,0.07199725094300037,0.0,0.0,0,0,-0.7606217847955672,1.5653284685600075,0.03667052723297798,0.01124718744365649,-0.7606217847955672,1.5653284685600075,-1.5484758873524267,1.0795355174555865,0.06258906407790293,0.3169491554916455
scenario,22,4,0,0,certified_reset,0,1,0.0840006109015555,0.08000076362694437,0.003999847274611132,0.06799740366838924,0.0,0.0,0,0,0.03667052723297798,0.01124718744365649,0.015666538841096176,-0.028923595083240182,0.03667052723297798,0.01124718744365649,-0.05308132619733614,0.0014379381078869734,0.06258906407790293,0.3169491554916455
scenario,22,5,0,0,certified_reset,0,1,0.08000076362694437,0.07600091635233325,0.003999847274611132,0.06399755639377812,0.0,0.0,0,0,0.015666538841096176,-0.028923595083240182,0.000874560045599569,-0.011215798580378961,0.015666538841096176,-0.028923595083240182,0.027008290229940297,0.0004142600162452547,0.06258906407790293,0.3169491554916455
scenario,22,6,0,0,certified_reset,0,1,0.07600091635233325,0.07200106907772212,0.003999847274611132,0.05999770911916699,0.0,0.0,0,0,0.000874560045599569,-0.011215798580378961,-0.013586455164619163,0.0022191607132416484,0.000874560045599569,-0.011215798580378961,0.01565393753731378,2.9533944087125686e-05,0.06258906407790293,0.3169491554916455
scenario,22,7,0,0,certified_reset,0,1,0.07200106907772212,0.068001221803111,0.003999847274611132,0.05599786184455586,0.0,0.0,0,0,-0.013586455164619163,0.0022191607132416484,-0.0008640960244661582,0.00642773512075472,-0.013586455164619163,0.0022191607132416484,0.010257740102946337,0.0001881087361095117,0.06258906407790293,0.3169491554916455
scenario,22,8,0,0,certified_reset,0,1,0.068001221803111,0.06400137452849987,0.003999847274611132,0.051998014569944725,0.0,0.0,0,0,-0.0008640960244661582,0.00642773512075472,0.000992410739502127,-0.006665882236517919,-0.0008640960244661582,0.00642773512075472,-0.00860833835911437,1.003608935298828e-05,0.06258906407790293,0.3169491554916455
scenario,22,9,0,0,certified_reset,0,1,0.06400137452849987,0.060001527253888735,0.003999847274611132,0.04799816729533359,0.0,0.0,0,0,0.000992410739502127,-0.006665882236517919,0.007093002275853669,0.0014631642799867914,0.000992410739502127,-0.006665882236517919,0.008828850238825967,1.0931711467772115e-05,0.06258906407790293,0.3169491554916455
scenario,22,10,1,1,certified_reset,0,1,0.060001527253888735,0.0560016799792776,0.003999847274611132,0.04399832002072246,0.0,0.0,0,0,0.007093002275853669,0.0014631642799867914,0.030390810594470307,0.020885925922381234,0.007093002275853669,0.0014631642799867914,-0.009221321880235035,5.282185366357913e-05,0.0659683941917073,0.3371807140592316
scenario,22,11,0,0,certified_reset,0,1,0.0560016799792776,0.05200183270466647,0.003999847274611132,0.039998472746111326,0.0,0.0,0,0,0.030390810594470307,0.020885925922381234,0.0231041394156554,-0.040556285457440555,0.030390810594470307,0.020885925922381234,-0.061029536665901093,0.0010952364195246681,0.06258906407790293,0.3169491554916455
scenario,22,12,0,0,certified_reset,0,1,0.05200183270466647,0.048001985430055336,0.003999847274611132,0.03599862547150019,0.0,0.0,0,0,0.0231041394156554,-0.040556285457440555,0.007190770645863852,-0.0002488198050843234,0.0231041394156554,-0.040556285457440555,0.03674061064073839,0.0008636142821133728,0.06258906407790293,0.3169491554916455
scenario,22,13,0,0,certified_reset,0,1,0.048001985430055336,0.0440021381554442,0.003999847274611132,0.03199877819688906,0.0,0.0,0,0,0.007190770645863852,-0.0002488198050843234,-0.008216063911664125,-0.006427652573132059,0.007190770645863852,-0.0002488198050843234,-0.006787582604458031,5.2870108454898166e-05,0.06258906407790293,0.3169491554916455
scenario,22,14,0,0,certified_reset,0,1,0.0440021381554442,0.04000229088083307,0.003999847274611132,0.02799893092227793,0.0,0.0,0,0,-0.008216063911664125,-0.006427652573132059,-0.005681777671641781,0.01668827894685014,-0.008216063911664125,-0.006427652573132059,0.017652942308676763,8.273101467254678e-05,0.06258906407790293,0.3169491554916455
scenario,22,15,0,0,certified_reset,0,1,0.04000229088083307,0.036002443606221936,0.003999847274611132,0.023999083647666796,0.0,0.0,0,0,-0.005681777671641781,0.01668827894685014,0.001171219424935953,-0.0023371225910744325,-0.005681777671641781,0.01668827894685014,-0.018926446384511852,9.136761458603084e-05,0.06258906407790293,0.3169491554916455
scenario,22,16,0,0,certified_reset,0,1,0.036002443606221936,0.0320025963316108,0.003999847274611132,0.019999236373055663,0.0,0.0,0,0,0.001171219424935953,-0.0023371225910744325,0.005868214536301742,-0.0007799860668725692,0.001171219424935953,-0.0023371225910744325,0.0022766175493620583,2.4845151890267714e-06,0.06258906407790293,0.3169491554916455
scenario,22,17,0,0,certified_reset,0,1,0.0320025963316108,0.02800274905699967,0.003999847274611132,0.01599938909844453,0.0,0.0,0,0,0.005868214536301742,-0.0007799860668725692,-0.005626652973526889,-0.009476401795701424,0.005868214536301742,-0.0007799860668725692,-0.004693427794187519,3.5096156543157124e-05,0.06258906407790293,0.3169491554916455
scenario,22,18,0,0,certified_reset,0,1,0.02800274905699967,0.024002901782388536,0.003999847274611132,0.011999541823833396,0.0,0.0,0,0,-0.005626652973526889,-0.009476401795701424,-0.01106457135579951,0.003675060989944098,-0.005626652973526889,-0.009476401795701424,0.019565621858801056,5.7393957031382e-05,0.06258906407790293,0.3169491554916455
scenario,22,19,0,0,certified_reset,0,1,0.024002901782388536,0.020003054507777403,0.003999847274611132,0.007999694549222265,0.0,0.0,0,0,-0.01106457135579951,0.003675060989944098,-0.006680992387420707,0.015300546894049895,-0.01106457135579951,0.003675060989944098,0.005606958827722438,0.00012564178216033898,0.06258906407790293,0.3169491554916455
scenario,22,20,0,0,certified_reset,0,1,0.020003054507777403,0.01600320723316627,0.003999847274611132,0.003999847274611132,0.0,0.0,0,0,-0.006680992387420707,0.015300546894049895,0.004282977312998394,0.0024099188940817106,-0.006680992387420707,0.015300546894049895,-0.015887377907058062,9.308509104607893e-05,0.06258906407790293,0.3169491554916455
scenario,22,21,0,0,certified_reset,0,1,0.01600320723316627,0.012003359958555136,0.003999847274611132,0.0,0.0,0.0,0,0,0.004282977312998394,0.0024099188940817106,0.012191887021880819,-0.008050863840720329,0.004282977312998394,0.0024099188940817106,-0.007816552638977169,2.0916744676295828e-05,0.06258906407790293,0.3169491554916455
scenario,23,0,0,0,certified_reset,0,1,0.1,0.09600015272538888,0.003999847274611132,0.08399679276683375,0.0,0.0,0,0,-1.392352371310741,0.3438327600879534,-0.6090927786500542,1.2032709857957788,-1.392352371310741,0.3438327600879534,0.8799539440283429,1.9792828735286656,0.06258906407790293,0.3169491554916455
scenario,23,1,0,0,certified_reset,0,1,0.09600015272538888,0.09200030545077775,0.003999847274611132,0.07999694549222262,0.0,0.0,0,0,-0.6090927786500542,1.2032709857957788,0.009306548888811605,0.027739352602332595,-0.6090927786500542,1.2032709857957788,-1.1660184158389932,0.6655989784019659,0.06258906407790293,0.3169491554916455
scenario,23,2,0,0,certified_reset,0,1,0.09200030545077775,0.08800045817616663,0.003999847274611132,0.0759970982176115,0.0,0.0,0,0,0.009306548888811605,0.027739352602332595,0.017185086695220293,-0.032063967262924646,0.009306548888811605,0.027739352602332595,-0.05012845028530012,0.0002879382933233622,0.06258906407790293,0.3169491554916455
scenario,23,3,0,0,certified_reset,0,1,0.08800045817616663,0.0840006109015555,0.003999847274611132,0.07199725094300037,0.0,0.0,0,0,0.017185086695220293,-0.032063967262924646,0.005114308197514183,-0.01357662165137807,0.017185086695220293,-0.032063967262924646,0.03012355522221611,0.0005030705585977077,0.06258906407790293,0.3169491554916455
scenario,23,4,0,0,certified_reset,0,1,0.0840006109015555,0.08000076362694437,0.003999847274611132,0.06799740366838924,0.0,0.0,0,0,0.005114308197514183,-0.01357662165137807,-0.00209636430603687,-0.0018101650028016897,0.005114308197514183,-0.01357662165137807,0.014909734126238049,6.489209061567866e-05,0.06258906407790293,0.3169491554916455
scenario,23,5,0,0,certified_reset,0,1,0.08000076362694437,0.07600091635233325,0.003999847274611132,0.06399755639377812,0.0,0.0,0,0,-0.00209636430603687,-0.0018101650028016897,0.003462662646258228,-0.003370624515062037,-0.00209636430603687,-0.0018101650028016897,0.0047566399026319215,5.55018940343445e-06,0.06258906407790293,0.3169491554916455
scenario,23,6,0,0,certified_reset,0,1,0.07600091635233325,0.07200106907772212,0.003999847274611132,0.05999770911916699,0.0,0.0,0,0,0.003462662646258228,-0.003370624515062037,0.0005066515668573259,-0.007441440675534245,0.003462662646258228,-0.003370624515062037,0.0015179367088898183,1.4092635629973611e-05,0.06258906407790293,0.3169491554916455
scenario,23,7,0,0,certified_reset,0,1,0.07200106907772212,0.068001221803111,0.003999847274611132,0.05599786184455586,0.0,0.0,0,0,0.0005066515668573259,-0.007441440675534245,-0.00315094909397246,0.002606900973327093,0.0005066515668573259,-0.007441440675534245,0.01045632301349856,1.2957570163213675e-05,0.06258906407790293,0.3169491554916455
scenario,23,8,0,0,certified_reset,0,1,0.068001221803111,0.06400137452849987,0.003999847274611132,0.051998014569944725,0.0,0.0,0,0,-0.00315094909397246,0.002606900973327093,0.0035142521961857294,0.00411342557911001,-0.00315094909397246,0.002606900973327093,-0.0007000077116383003,1.116399834596677e-05,0.06258906407790293,0.3169491554916455
scenario,23,9,0,0,certified_reset,0,1,0.06400137452849987,0.060001527253888735,0.003999847274611132,0.04799816729533359,0.0,0.0,0,0,0.0035142521961857294,0.00411342557911001,0.00599736163047552,0.007291696992945438,0.0035142521961857294,0.00411342557911001,-0.009557700874499949,1.7679358247634423e-05,0.06258906407790293,0.3169491554916455
scenario,23,10,0,0,certified_reset,0,1,0.060001527253888735,0.0560016799792776,0.003999847274611132,0.04399832002072246,0.0,0.0,0,0,0.00599736163047552,0.007291696992945438,0.00044159537203417205,-0.010622547444282272,0.00599736163047552,0.007291696992945438,-0.016709453197268208,5.251888428713972e-05,0.06258906407790293,0.3169491554916455
scenario,23,11,0,0,certified_reset,0,1,0.0560016799792776,0.05200183270466647,0.003999847274611132,0.039998472746111326,0.0,0.0,0,0,0.00044159537203417205,-0.010622547444282272,-0.01411146753156427,0.014063722856488468,0.00044159537203417205,-0.010622547444282272,0.015209955299165235,2.6289507534752122e-05,0.06258906407790293,0.3169491554916455
scenario,23,12,0,0,certified_reset,0,1,0.05200183270466647,0.048001985430055336,0.003999847274611132,0.03599862547150019,0.0,0.0,0,0,-0.01411146753156427,0.014063722856488468,-0.007106516855141392,0.0029462732924273255,-0.01411146753156427,0.014063722856488468,-0.006666280773996031,0.00023584639248347726,0.06258906407790293,0.3169491554916455
scenario,23,13,0,0,certified_reset,0,1,0.048001985430055336,0.0440021381554442,0.003999847274611132,0.03199877819688906,0.0,0.0,0,0,-0.007106516855141392,0.0029462732924273255,0.001699584945811121,0.0028394374702014136,-0.007106516855141392,0.0029462732924273255,0.0027366692377212344,5.225231051178664e-05,0.06258906407790293,0.3169491554916455
scenario,23,14,0,0,certified_reset,0,1,0.0440021381554442,0.04000229088083307,0.003999847274611132,0.02799893092227793,0.0,0.0,0,0,0.001699584945811121,0.0028394374702014136,0.00997342764579243,-0.009745327870844766,0.001699584945811121,0.0028394374702014136,-0.005873570517421066,5.202292680098825e-06,0.06258906407790293,0.3169491554916455
scenario,23,15,0,0,certified_reset,0,1,0.04000229088083307,0.036002443606221936,0.003999847274611132,0.023999083647666796,0.0,0.0,0,0,0.00997342764579243,-0.009745327870844766,0.002968213663657288,-0.016737858091198765,0.00997342764579243,-0.009745327870844766,0.004427312663353496,0.00011705414119718146,0.06258906407790293,0.3169491554916455
scenario,23,16,0,0,certified_reset,0,1,0.036002443606221936,0.0320025963316108,0.003999847274611132,0.019999236373055663,0.0,0.0,0,0,0.002968213663657288,-0.016737858091198765,-0.011434708153933083,-0.0014880222233597494,0.002968213663657288,-0.016737858091198765,0.021701102367471536,7.101179927880822e-05,0.06258906407790293,0.3169491554916455
scenario,23,17,0,0,certified_reset,0,1,0.0320025963316108,0.02800274905699967,0.003999847274611132,0.01599938909844453,0.0,0.0,0,0,-0.011434708153933083,-0.0014880222233597494,-0.0004004242655474581,0.009355316293900153,-0.011434708153933083,-0.0014880222233597494,0.013576118829513137,0.0001357588834521485,0.06258906407790293,0.3169491554916455
scenario,23,18,0,0,certified_reset,0,1,0.02800274905699967,0.024002901782388536,0.003999847274611132,0.011999541823833396,0.0,0.0,0,0,-0.0004004242655474581,0.009355316293900153,0.006662832416281716,-0.0037488235077036214,-0.0004004242655474581,0.009355316293900153,-0.013384788836905892,2.03931036302577e-05,0.06258906407790293,0.3169491554916455
scenario,23,19,0,0,certified_reset,0,1,0.024002901782388536,0.020003054507777403,0.003999847274611132,0.007999694549222265,0.0,0.0,0,0,0.006662832416281716,-0.0037488235077036214,0.007565024063099724,0.0006734455345731244,0.006662832416281716,-0.0037488235077036214,-0.0011143707071003804,4.695404334381957e-05,0.06258906407790293,0.3169491554916455
scenario,23,20,0,0,certified_reset,0,1,0.020003054507777403,0.01600320723316627,0.003999847274611132,0.003999847274611132,0.0,0.0,0,0,0.007565024063099724,0.0006734455345731244,0.007031413073786038,-0.0009930144181201717,0.007565024063099724,0.0006734455345731244,-0.008522176397272166,5.9126911538779993e-05,0.06258906407790293,0.3169491554916455
scenario,23,21,0,0,certified_reset,0,1,0.01600320723316627,0.012003359958555136,0.003999847274611132,0.0,0.0,0.0,0,0,0.007031413073786038,-0.0009930144181201717,0.002565334972510374,-0.0015346369541396794,0.007031413073786038,-0.0009930144181201717,-0.005540110484147516,5.038558439285027e-05,0.06258906407790293,0.3169491554916455
scenario,24,0,2,2,certified_reset,0,1,0.1,0.09600015272538888,0.003999847274611132,0.08399679276683375,0.0,0.0,0,0,-5.747403397984748,-0.3351799181495982,-5.391499952179122,1.1594017243438055,-5.747403397984748,-0.3351799181495982,1.5499999999991723,33.1129305231221,0.07177064572129135,0.3726063481590821
scenario,24,1,2,2,certified_reset,0,1,0.09600015272538888,0.09200030545077775,0.003999847274611132,0.07999694549222262,0.0,0.0,0,0,-5.391499952179122,1.1594017243438055,-3.4458374865511594,2.764221740542213,-5.391499952179122,1.1594017243438055,1.55,29.370292458861524,0.07177064572129135,0.3726063481590821
scenario,24,2,2,2,certified_reset,0,1,0.09200030545077775,0.08800045817616663,0.003999847274611132,0.0759970982176115,0.0,0.0,0,0,-3.4458374865511594,2.764221740542213,-1.1876814806679192,1.7264226821544826,-3.4458374865511594,2.764221740542213,-0.986043739194574,13.273468969670851,0.07177064572129135,0.3726063481590821
scenario,24,3,2,2,certified_reset,0,1,0.08800045817616663,0.0840006109015555,0.003999847274611132,0.07199725094300037,0.0,0.0,0,0,-1.1876814806679192,1.7264226821544826,-0.1223207178404272,0.43447440914233687,-1.1876814806679192,1.7264226821544826,-1.3605313774104448,1.993359790186846,0.07177064572129135,0.3726063481590821
scenario,24,4,0,0,certified_reset,0,1,0.0840006109015555,0.08000076362694437,0.003999847274611132,0.06799740366838924,0.0,0.0,0,0,-0.1223207178404272,0.43447440914233687,0.05482315764663019,-0.07817470315711958,-0.1223207178404272,0.43447440914233687,-0.5182211715744833,0.05565442977562305,0.06258906407790293,0.3169491554916455
scenario,24,5,0,0,certified_reset,0,1,0.08000076362694437,0.07600091635233325,0.003999847274611132,0.06399755639377812,0.0,0.0,0,0,0.05482315764663019,-0.07817470315711958,0.012447495082601444,-0.011921667467028801,0.05482315764663019,-0.07817470315711958,0.06056795984660009,0.004197321716813428,0.06258906407790293,0.3169491554916455
scenario,24,6,0,0,certified_reset,0,1,0.07600091635233325,0.07200106907772212,0.003999847274611132,0.05999770911916699,0.0,0.0,0,0,0.012447495082601444,-0.011921667467028801,0.007653223466293411,-0.011680104819235131,0.012447495082601444,-0.011921667467028801,0.005169133217070465,0.000181190840221777,0.06258906407790293,0.3169491554916455
scenario,24,7,0,0,certified_reset,0,1,0.07200106907772212,0.068001221803111,0.003999847274611132,0.05599786184455586,0.0,0.0,0,0,0.007653223466293411,-0.011680104819235131,0.0018305174793837066,-0.00981716513992792,0.007653223466293411,-0.011680104819235131,0.00958430335811941,8.542477394243316e-05,0.06258906407790293,0.3169491554916455
scenario,24,8,0,0,certified_reset,0,1,0.068001221803111,0.06400137452849987,0.003999847274611132,0.051998014569944725,0.0,0.0,0,0,0.0018305174793837066,-0.00981716513992792,-0.00466438082833928,0.006356938665092754,0.0018305174793837066,-0.00981716513992792,0.012638159927135406,2.4691683050156432e-05,0.06258906407790293,0.3169491554916455
scenario,24,9,0,0,certified_reset,0,1,0.06400137452849987,0.060001527253888735,0.003999847274611132,0.04799816729533359,0.0,0.0,0,0,-0.00466438082833928,0.006356938665092754,-0.006919870484155261,0.015957741904672,-0.00466438082833928,0.006356938665092754,-0.0047177677375103795,2.9586802276921598e-05,0.06258906407790293,0.3169491554916455
scenario,24,10,0,0,certified_reset,0,1,0.060001527253888735,0.0560016799792776,0.003999847274611132,0.04399832002072246,0.0,0.0,0,0,-0.006919870484155261,0.015957741904672,0.0003673287383436376,-0.0008098058032281493,-0.006919870484155261,0.015957741904672,-0.01661441468666821,0.00010062249170730004,0.06258906407790293,0.3169491554916455
scenario,24,11,0,0,certified_reset,0,1,0.0560016799792776,0.05200183270466647,0.003999847274611132,0.039998472746111326,0.0,0.0,0,0,0.0003673287383436376,-0.0008098058032281493,-0.005330804404714802,-0.006534663811067307,0.0003673287383436376,-0.0008098058032281493,0.0008249870709055784,2.6998687270172056e-07,0.06258906407790293,0.3169491554916455
scenario,24,12,0,0,certified_reset,0,1,0.05200183270466647,0.048001985430055336,0.003999847274611132,0.03599862547150019,0.0,0.0,0,0,-0.005330804404714802,-0.006534663811067307,-0.00015997824990764652,0.012502192472884515,-0.005330804404714802,-0.006534663811067307,0.014932788430813379,4.167850946157367e-05,0.06258906407790293,0.3169491554916455
scenario,24,13,0,0,certified_reset,0,1,0.048001985430055336,0.0440021381554442,0.003999847274611132,0.03199877819688906,0.0,0.0,0,0,-0.00015997824990764652,0.012502192472884515,0.0032344736912164065,-0.02592369987481132,-0.00015997824990764652,0.012502192472884515,-0.01826057982935828,3.649667942628171e-05,0.06258906407790293,0.3169491554916455
scenario,24,14,0,0,certified_reset,0,1,0.0440021381554442,0.04000229088083307,0.003999847274611132,0.02799893092227793,0.0,0.0,0,0,0.0032344736912164065,-0.02592369987481132,0.0027183042988112947,0.009994210137476919,0.0032344736912164065,-0.02592369987481132,0.03496768063095211,0.0001619971660127503,0.06258906407790293,0.3169491554916455
scenario,24,15,0,0,certified_reset,0,1,0.04000229088083307,0.036002443606221936,0.003999847274611132,0.023999083647666796,0.0,0.0,0,0,0.0027183042988112947,0.009994210137476919,-0.00023058351497463533,-0.0009440256157807842,0.0027183042988112947,0.009994210137476919,-0.017427369536225625,3.296117101370844e-05,0.06258906407790293,0.3169491554916455
scenario,24,16,0,0,certified_reset,0,1,0.036002443606221936,0.0320025963316108,0.003999847274611132,0.019999236373055663,0.0,0.0,0,0,-0.00023058351497463533,-0.0009440256157807842,0.0001995454768320687,0.0043562374719247855,-0.00023058351497463533,-0.0009440256157807842,0.0016182596683745102,2.790510516202994e-07,0.06258906407790293,0.3169491554916455
scenario,24,17,0,0,certified_reset,0,1,0.0320025963316108,0.02800274905699967,0.003999847274611132,0.01599938909844453,0.0,0.0,0,0,0.0001995454768320687,0.0043562374719247855,0.0029865902712097147,0.010984447705230497,0.0001995454768320687,0.0043562374719247855,-0.006611655741694193,4.548493072615379e-06,0.06258906407790293,0.3169491554916455
scenario,24,18,0,0,certified_reset,0,1,0.02800274905699967,0.024002901782388536,0.003999847274611132,0.011999541823833396,0.0,0.0,0,0,0.0029865902712097147,0.010984447705230497,0.008630680863168077,-0.015638226981267895,0.0029865902712097147,0.010984447705230497,-0.019153911233547104,3.9809985786659406e-05,0.06258906407790293,0.3169491554916455
scenario,24,19,0,0,certified_reset,0,1,0.024002901782388536,0.020003054507777403,0.003999847274611132,0.007999694549222265,0.0,0.0,0,0,0.008630680863168077,-0.015638226981267895,0.0037357817755183883,0.007648706053631911,0.008630680863168077,-0.015638226981267895,0.01444317715335522,0.00012372353208011365,0.06258906407790293,0.3169491554916455
scenario,24,20,0,0,certified_reset,0,1,0.020003054507777403,0.01600320723316627,0.003999847274611132,0.003999847274611132,0.0,0.0,0,0,0.0037357817755183883,0.007648706053631911,0.00361870565746798,-0.010826834299947363,0.0037357817755183883,0.007648706053631911,-0.014984550611932334,3.0099971173410145e-05,0.06258906407790293,0.3169491554916455
scenario,24,21,0,0,certified_reset,0,1,0.01600320723316627,0.012003359958555136,0.003999847274611132,0.0,0.0,0.0,0,0,0.00361870565746798,-0.010826834299947363,0.006142620385085734,-0.0044429558727928494,0.00361870565746798,-0.010826834299947363,0.012345882858292396,3.800521259669072e-05,0.06258906407790293,0.3169491554916455
scenario,25,0,0,0,certified_reset,0,1,0.1,0.09600015272538888,0.003999847274611132,0.08399679276683375,0.0,0.0,0,0,-1.7301524846376015,-0.5132021086760339,-1.4720928503132387,1.0382193626714775,-1.7301524846376015,-0.5132021086760339,1.5499999999999983,3.100897872880581,0.06258906407790293,0.3169491554916455
scenario,25,1,0,0,certified_reset,0,1,0.09600015272538888,0.09200030545077775,0.003999847274611132,0.07999694549222262,0.0,0.0,0,0,-1.4720928503132387,1.0382193626714775,-0.4646724550774312,0.9749974806706567,-1.4720928503132387,1.0382193626714775,-0.06354051162624529,2.361180194963473,0.06258906407790293,0.3169491554916455
scenario,25,2,0,0,certified_reset,0,1,0.09200030545077775,0.08800045817616663,0.003999847274611132,0.0759970982176115,0.0,0.0,0,0,-0.4646724550774312,0.9749974806706567,0.02730118111855665,-0.0040260671418712365,-0.4646724550774312,0.9749974806706567,-0.9735588143247123,0.41072752534796375,0.06258906407790293,0.3169491554916455
scenario,25,3,0,0,certified_reset,0,1,0.08800045817616663,0.0840006109015555,0.003999847274611132,0.07199725094300037,0.0,0.0,0,0,0.02730118111855665,-0.0040260671418712365,0.015765164374259472,-0.019403372460175594,0.02730118111855665,-0.0040260671418712365,-0.0212515137426361,0.0007595628203706244,0.06258906407790293,0.3169491554916455
scenario,25,4,0,0,certified_reset,0,1,0.0840006109015555,0.08000076362694437,0.003999847274611132,0.06799740366838924,0.0,0.0,0,0,0.015765164374259472,-0.019403372460175594,0.012526268054245065,-0.004700094519611771,0.015765164374259472,-0.019403372460175594,0.012887298252906826,0.00032046082446299853,0.06258906407790293,0.3169491554916455
scenario,25,5,0,0,certified_reset,0,1,0.08000076362694437,0.07600091635233325,0.003999847274611132,0.06399755639377812,0.0,0.0,0,0,0.012526268054245065,-0.004700094519611771,-0.009072197826988988,-0.002131060329385138,0.012526268054245065,-0.004700094519611771,-0.005549709981785148,0.0001616537333176398,0.06258906407790293,0.3169491554916455
scenario,25,6,0,0,certified_reset,0,1,0.07600091635233325,0.07200106907772212,0.003999847274611132,0.05999770911916699,0.0,0.0,0,0,-0.009072197826988988,-0.002131060329385138,-0.008124679309922172,0.010790189234529549,-0.009072197826988988,-0.002131060329385138,0.0121745362561753,8.682771200129313e-05,0.06258906407790293,0.3169491554916455
scenario,25,7,0,0,certified_reset,0,1,0.07200106907772212,0.068001221803111,0.003999847274611132,0.05599786184455586,0.0,0.0,0,0,-0.008124679309922172,0.010790189234529549,0.002830642623784169,0.0122211057737723,-0.008124679309922172,0.010790189234529549,-0.007803446209205036,8.848983127662867e-05,0.06258906407790293,0.3169491554916455
scenario,25,8,0,0,certified_reset,0,1,0.068001221803111,0.06400137452849987,0.003999847274611132,0.051998014569944725,0.0,0.0,0,0,0.002830642623784169,0.0122211057737723,0.004735087147591843,-0.010787131216261021,0.002830642623784169,0.0122211057737723,-0.020818698403096213,4.5731969483632256e-05,0.06258906407790293,0.3169491554916455
scenario,25,9,0,0,certified_reset,0,1,0.06400137452849987,0.060001527253888735,0.003999847274611132,0.04799816729533359,0.0,0.0,0,0,0.004735087147591843,-0.010787131216261021,-0.0010495894385469775,0.005728432902161789,0.004735087147591843,-0.010787131216261021,0.011175778262220314,4.648869676727729e-05,0.06258906407790293,0.3169491554916455
scenario,25,10,0,0,certified_reset,0,1,0.060001527253888735,0.0560016799792776,0.003999847274611132,0.04399832002072246,0.0,0.0,0,0,-0.0010495894385469775,0.005728432902161789,0.0022329800879540606,0.007214811216527329,-0.0010495894385469775,0.005728432902161789,-0.007390886574008317,8.373957930878322e-06,0.06258906407790293,0.3169491554916455
scenario,25,11,0,0,certified_reset,0,1,0.0560016799792776,0.05200183270466647,0.003999847274611132,0.039998472746111326,0.0,0.0,0,0,0.0022329800879540606,0.007214811216527329,0.0032274062085245396,-0.011056336873706673,0.0022329800879540606,0.007214811216527329,-0.012850139913857073,1.848398262856503e-05,0.06258906407790293,0.3169491554916455
scenario,25,12,0,0,certified_reset,0,1,0.05200183270466647,0.048001985430055336,0.003999847274611132,0.03599862547150019,0.0,0.0,0,0,0.0032274062085245396,-0.011056336873706673,-0.0002768691890503974,-0.003918855207201368,0.0032274062085245396,-0.011056336873706673,0.013073583792066041,3.6692780975706496e-05,0.06258906407790293,0.3169491554916455
scenario,25,13,0,0,certified_reset,0,1,0.048001985430055336,0.0440021381554442,0.003999847274611132,0.03199877819688906,0.0,0.0,0,0,-0.0002768691890503974,-0.003918855207201368,-0.001287852139664654,-0.0002516587990256925,-0.0002768691890503974,-0.003918855207201368,0.006052078919169659,3.756684733243539e-06,0.06258906407790293,0.3169491554916455
scenario,25,14,0,0,certified_reset,0,1,0.0440021381554442,0.04000229088083307,0.003999847274611132,0.02799893092227793,0.0,0.0,0,0,-0.001287852139664654,-0.0002516587990256925,-0.006456272844111327,0.0043842043779396475,-0.001287852139664654,-0.0002516587990256925,0.0016558171051993047,1.738506177988462e-06,0.06258906407790293,0.3169491554916455
scenario,25,15,0,0,certified_reset,0,1,0.04000229088083307,0.036002443606221936,0.003999847274611132,0.023999083647666796,0.0,0.0,0,0,-0.006456272844111327,0.0043842043779396475,-0.008135767771108821,0.017050343561445643,-0.006456272844111327,0.0043842043779396475,-3.119625582728416e-05,4.514330801272693e-05,0.06258906407790293,0.3169491554916455
scenario,25,16,0,0,certified_reset,0,1,0.036002443606221936,0.0320025963316108,0.003999847274611132,0.019999236373055663,0.0,0.0,0,0,-0.008135767771108821,0.017050343561445643,0.003241509310789946,-0.00316581780577162,-0.008135767771108821,0.017050343561445643,-0.017014037398408843,0.00012575621274167392,0.06258906407790293,0.3169491554916455
scenario,25,17,0,0,certified_reset,0,1,0.0320025963316108,0.02800274905699967,0.003999847274611132,0.01599938909844453,0.0,0.0,0,0,0.003241509310789946,-0.00316581780577162,-0.005709059952060097,0.0007124366941669413,0.003241509310789946,-0.00316581780577162,0.0014336868015193105,1.2362801486340491e-05,0.06258906407790293,0.3169491554916455
scenario,25,18,0,0,certified_reset,0,1,0.02800274905699967,0.024002901782388536,0.003999847274611132,0.011999541823833396,0.0,0.0,0,0,-0.005709059952060097,0.0007124366941669413,0.0007128994332085831,0.018302336534920645,-0.005709059952060097,0.0007124366941669413,0.004633492905110577,3.3221458836534386e-05,0.06258906407790293,0.3169491554916455
scenario,25,19,0,0,certified_reset,0,1,0.024002901782388536,0.020003054507777403,0.003999847274611132,0.007999694549222265,0.0,0.0,0,0,0.0007128994332085831,0.018302336534920645,0.0012918225513988998,-0.00010849583905419083,0.0007128994332085831,0.018302336534920645,-0.027672659571126388,7.994822187010382e-05,0.06258906407790293,0.3169491554916455
scenario,25,20,0,0,certified_reset,0,1,0.020003054507777403,0.01600320723316627,0.003999847274611132,0.003999847274611132,0.0,0.0,0,0,0.0012918225513988998,-0.00010849583905419083,0.006827475363556782,-0.009557767011848241,0.0012918225513988998,-0.00010849583905419083,-0.0011262300404063137,1.7026341993771762e-06,0.06258906407790293,0.3169491554916455
scenario,25,21,0,0,certified_reset,0,1,0.01600320723316627,0.012003359958555136,0.003999847274611132,0.0,0.0,0.0,0,0,0.006827475363556782,-0.009557767011848241,0.0023390062180150117,-0.006143379197858855,0.006827475363556782,-0.009557767011848241,0.007278062939079915,6.438183868910443e-05,0.06258906407790293,0.3169491554916455
scenario,26,0,0,0,certified_reset,0,1,0.1,0.09600015272538888,0.003999847274611132,0.08399679276683375,0.0,0.0,0,0,-5.8635800412127415,0.2030087465929009,-4.886051075479738,1.7641186305149739,-5.8635800412127415,0.2030087465929009,1.5499999999991145,34.449051658923125,0.06258906407790293,0.3169491554916455
scenario,26,1,0,0,certified_reset,0,1,0.09600015272538888,0.09200030545077775,0.003999847274611132,0.07999694549222262,0.0,0.0,0,0,-4.886051075479738,1.7641186305149739,-2.569032575268448,2.8615428559552463,-4.886051075479738,1.7641186305149739,1.0980706225544405,24.46381970715504,0.06258906407790293,0.3169491554916455
scenario,26,2,0,0,certified_reset,0,1,0.09200030545077775,0.08800045817616663,0.003999847274611132,0.0759970982176115,0.0,0.0,0,0,-2.569032575268448,2.8615428559552463,-0.4840861132382029,1.3249804245473058,-2.569032575268448,2.8615428559552463,-1.55,8.133907825754765,0.06258906407790293,0.3169491554916455
scenario,26,3,0,0,certified_reset,0,1,0.08800045817616663,0.0840006109015555,0.003999847274611132,0.07199725094300037,0.0,0.0,0,0,-0.4840861132382029,1.3249804245473058,0.09946592205715528,-0.14554894547640299,-0.4840861132382029,1.3249804245473058,-1.4697840201411134,0.6043491542546651,0.06258906407790293,0.3169491554916455
scenario,26,4,0,0,certified_reset,0,1,0.0840006109015555,0.08000076362694437,0.003999847274611132,0.06799740366838924,0.0,0.0,0,0,0.09946592205715528,-0.14554894547640299,0.014530516269900868,-0.02644235521683421,0.09946592205715528,-0.14554894547640299,0.1153628902996763,0.014039393757410193,0.06258906407790293,0.3169491554916455
scenario,26,5,0,0,certified_reset,0,1,0.08000076362694437,0.07600091635233325,0.003999847274611132,0.06399755639377812,0.0,0.0,0,0,0.014530516269900868,-0.02644235521683421,-0.006001540528409949,-6.06336144675047e-05,0.014530516269900868,-0.02644235521683421,0.024486329000529276,0.00035198107766229095,0.06258906407790293,0.3169491554916455
scenario,26,6,0,0,certified_reset,0,1,0.07600091635233325,0.07200106907772212,0.003999847274611132,0.05999770911916699,0.0,0.0,0,0,-0.006001540528409949,-6.06336144675047e-05,0.0012603185993372585,0.010402310540235417,-0.006001540528409949,-6.06336144675047e-05,0.006070077145817055,3.694029638638805e-05,0.06258906407790293,0.3169491554916455
scenario,26,7,0,0,certified_reset,0,1,0.07200106907772212,0.068001221803111,0.003999847274611132,0.05599786184455586,0.0,0.0,0,0,0.0012603185993372585,0.010402310540235417,0.002958693068053845,-0.007412236370673498,0.0012603185993372585,0.010402310540235417,-0.016579509255594937,2.7937857774333093e-05,0.06258906407790293,0.3169491554916455
scenario,26,8,0,0,certified_reset,0,1,0.068001221803111,0.06400137452849987,0.003999847274611132,0.051998014569944725,0.0,0.0,0,0,0.002958693068053845,-0.007412236370673498,0.0014587860222507823,0.010124418157921491,0.002958693068053845,-0.007412236370673498,0.007973142993799314,2.0232564543591456e-05,0.06258906407790293,0.3169491554916455
scenario,26,9,0,0,certified_reset,0,1,0.06400137452849987,0.060001527253888735,0.003999847274611132,0.04799816729533359,0.0,0.0,0,0,0.0014587860222507823,0.010124418157921491,-0.0004110433655429447,-0.009785278420201231,0.0014587860222507823,0.010124418157921491,-0.01636731632410992,2.727597449661221e-05,0.06258906407790293,0.3169491554916455
scenario,26,10,0,0,certified_reset,0,1,0.060001527253888735,0.0560016799792776,0.003999847274611132,0.04399832002072246,0.0,0.0,0,0,-0.0004110433655429447,-0.009785278420201231,-0.00226296615784183,0.006535698181877171,-0.0004110433655429447,-0.009785278420201231,0.014823775715273534,2.2897866086729265e-05,0.06258906407790293,0.3169491554916455
scenario,26,11,0,0,certified_reset,0,1,0.0560016799792776,0.05200183270466647,0.003999847274611132,0.039998472746111326,0.0,0.0,0,0,-0.00226296615784183,0.006535698181877171,-0.0027206839965991355,0.005192351282860412,-0.00226296615784183,0.006535698181877171,-0.00737208135126278,1.4168468548204984e-05,0.06258906407790293,0.3169491554916455
scenario,26,12,0,0,certified_reset,0,1,0.05200183270466647,0.048001985430055336,0.003999847274611132,0.03599862547150019,0.0,0.0,0,0,-0.0027206839965991355,0.005192351282860412,0.010534335085305893,0.0041188905339509885,-0.0027206839965991355,0.005192351282860412,-0.004941113584898596,1.286537862785437e-05,0.06258906407790293,0.3169491554916455
scenario,26,13,0,0,certified_reset,0,1,0.048001985430055336,0.0440021381554442,0.003999847274611132,0.03199877819688906,0.0,0.0,0,0,0.010534335085305893,0.0041188905339509885,2.7707647059785172e-05,-0.006270633725742185,0.010534335085305893,0.0041188905339509885,-0.01655729563151382,0.00012087956331676118,0.06258906407790293,0.3169491554916455
scenario,26,14,0,0,certified_reset,0,1,0.0440021381554442,0.04000229088083307,0.003999847274611132,0.02799893092227793,0.0,0.0,0,0,2.7707647059785172e-05,-0.006270633725742185,-5.569541534778126e-05,0.01122278868333915,2.7707647059785172e-05,-0.006270633725742185,0.009212235384294791,9.200152251131671e-06,0.06258906407790293,0.3169491554916455
scenario,26,15,0,0,certified_reset,0,1,0.04000229088083307,0.036002443606221936,0.003999847274611132,0.023999083647666796,0.0,0.0,0,0,-5.569541534778126e-05,0.01122278868333915,0.010577412256325292,-0.0031054381279150187,-5.569541534778126e-05,0.01122278868333915,-0.016477465294696375,2.94619509922982e-05,0.06258906407790293,0.3169491554916455
scenario,26,16,0,0,certified_reset,0,1,0.036002443606221936,0.0320025963316108,0.003999847274611132,0.019999236373055663,0.0,0.0,0,0,0.010577412256325292,-0.0031054381279150187,0.006255061746165861,-0.005979332481969182,0.010577412256325292,-0.0031054381279150187,-0.005950479038747325,0.00011450272933396029,0.06258906407790293,0.3169491554916455
scenario,26,17,0,0,certified_reset,0,1,0.0320025963316108,0.02800274905699967,0.003999847274611132,0.01599938909844453,0.0,0.0,0,0,0.006255061746165861,-0.005979332481969182,0.0022572550649583136,-0.0028221486037304823,0.006255061746165861,-0.005979332481969182,0.0025754104516493466,4.572705097059684e-05,0.06258906407790293,0.3169491554916455
scenario,26,18,0,0,certified_reset,0,1,0.02800274905699967,0.024002901782388536,0.003999847274611132,0.011999541823833396,0.0,0.0,0,0,0.0022572550649583136,-0.0028221486037304823,0.004724280850657976,0.000777174876621152,0.0022572550649583136,-0.0028221486037304823,0.001907891595206735,6.619815780233297e-06,0.06258906407790293,0.3169491554916455
scenario,26,19,0,0,certified_reset,0,1,0.024002901782388536,0.020003054507777403,0.003999847274611132,0.007999694549222265,0.0,0.0,0,0,0.004724280850657976,0.000777174876621152,0.0007798869526600587,-0.008474942455874511,0.004724280850657976,0.000777174876621152,-0.005844246194471579,2.328143003742674e-05,0.06258906407790293,0.3169491554916455
scenario,26,20,0,0,certified_reset,0,1,0.020003054507777403,0.01600320723316627,0.003999847274611132,0.003999847274611132,0.0,0.0,0,0,0.0007798869526600587,-0.008474942455874511,0.003373694865066202,-0.006771644266159595,0.0007798869526600587,-0.008474942455874511,0.011706922408100973,1.696296139913098e-05,0.06258906407790293,0.3169491554916455
scenario,26,21,0,0,certified_reset,0,1,0.01600320723316627,0.012003359958555136,0.003999847274611132,0.0,0.0,0.0,0,0,0.003373694865066202,-0.006771644266159595,-0.0031868853549445776,-0.004084017014310942,0.003373694865066202,-0.006771644266159595,0.0066176555375890974,2.073058105506283e-05,0.06258906407790293,0.3169491554916455
scenario,27,0,0,0,certified_reset,0,1,0.1,0.09600015272538888,0.003999847274611132,0.08399679276683375,0.0,0.0,0,0,-2.580835240645139,-0.22460726272901327,-2.0218281718535267,1.3393219994137433,-2.580835240645139,-0.22460726272901327,1.55,6.729853755400564,0.06258906407790293,0.3169491554916455
scenario,27,1,2,2,certified_reset,0,1,0.09600015272538888,0.09200030545077775,0.003999847274611132,0.07999694549222262,0.0,0.0,0,0,-2.0218281718535267,1.3393219994137433,-0.7448021704824374,1.3480526771402155,-2.0218281718535267,1.3393219994137433,0.0006800198770495055,4.410670183321703,0.07177064572129135,0.3726063481590821
scenario,27,2,2,2,certified_reset,0,1,0.09200030545077775,0.08800045817616663,0.003999847274611132,0.0759970982176115,0.0,0.0,0,0,-0.7448021704824374,1.3480526771402155,-0.03400080903373348,0.15592088256543557,-0.7448021704824374,1.3480526771402155,-1.2441606201103093,0.9205329480332638,0.07177064572129135,0.3726063481590821
scenario,27,3,2,2,certified_reset,0,1,0.08800045817616663,0.0840006109015555,0.003999847274611132,0.07199725094300037,0.0,0.0,0,0,-0.03400080903373348,0.15592088256543557,0.025468039794398496,-0.05845672514842275,-0.03400080903373348,0.15592088256543557,-0.19582825547725483,0.00649081054762722,0.07177064572129135,0.3726063481590821
scenario,27,4,2,2,certified_reset,0,1,0.0840006109015555,0.08000076362694437,0.003999847274611132,0.06799740366838924,0.0,0.0,0,0,0.025468039794398496,-0.05845672514842275,0.04003063185159185,0.042575735586506756,0.025468039794398496,-0.05845672514842275,0.06075620058844577,0.001355997917431735,0.07177064572129135,0.3726063481590821
scenario,27,5,2,2,certified_reset,0,1,0.08000076362694437,0.07600091635233325,0.003999847274611132,0.06399755639377812,0.0,0.0,0,0,0.04003063185159185,0.042575735586506756,0.008098936043360493,-0.14966334699941233,0.04003063185159185,0.042575735586506756,-0.10257968120082302,0.0021918010482510266,0.07177064572129135,0.3726063481590821
scenario,27,6,2,2,certified_reset,0,1,0.07600091635233325,0.07200106907772212,0.003999847274611132,0.05999770911916699,0.0,0.0,0,0,0.008098936043360493,-0.14966334699941233,-0.0337938888354871,0.04377025550820582,0.008098936043360493,-0.14966334699941233,0.21240662618217815,0.005225348274498803,0.07177064572129135,0.3726063481590821
scenario,27,7,2,2,certified_reset,0,1,0.07200106907772212,0.068001221803111,0.003999847274611132,0.05599786184455586,0.0,0.0,0,0,-0.0337938888354871,0.04377025550820582,0.008264043681428291,0.01784406096801046,-0.0337938888354871,0.04377025550820582,-0.030830427830586614,0.0015106401527363363,0.07177064572129135,0.3726063481590821
scenario,27,8,0,0,certified_reset,0,1,0.068001221803111,0.06400137452849987,0.003999847274611132,0.051998014569944725,0.0,0.0,0,0,0.008264043681428291,0.01784406096801046,0.00859934620093244,-0.017278169014220267,0.008264043681428291,0.01784406096801046,-0.03451404375432341,0.00015538879050485202,0.06258906407790293,0.3169491554916455
scenario,27,9,0,0,certified_reset,0,1,0.06400137452849987,0.060001527253888735,0.003999847274611132,0.04799816729533359,0.0,0.0,0,0,0.00859934620093244,-0.017278169014220267,-0.007282305152435635,-0.011317429126582654,0.00859934620093244,-0.017278169014220267,0.016887146530346443,0.00013481447043903902,0.06258906407790293,0.3169491554916455
scenario,27,10,0,0,certified_reset,0,1,0.060001527253888735,0.0560016799792776,0.003999847274611132,0.04399832002072246,0.0,0.0,0,0,-0.007282305152435635,-0.011317429126582654,-0.005879225366526627,0.014724006269480044,-0.007282305152435635,-0.011317429126582654,0.02392315310770127,9.039505606489337e-05,0.06258906407790293,0.3169491554916455
scenario,27,11,1,1,certified_reset,0,1,0.0560016799792776,0.05200183270466647,0.003999847274611132,0.039998472746111326,0.0,0.0,0,0,-0.005879225366526627,0.014724006269480044,0.012194840803921048,0.020360486628754233,-0.005879225366526627,0.014724006269480044,-0.01583773768075298,7.985948419378249e-05,0.0659683941917073,0.3371807140592316
scenario,27,12,1,1,certified_reset,0,1,0.05200183270466647,0.048001985430055336,0.003999847274611132,0.03599862547150019,0.0,0.0,0,0,0.012194840803921048,0.020360486628754233,0.022759944118939744,-0.00983687642861514,0.012194840803921048,0.020360486628754233,-0.042139495681190464,0.0002677264644763469,0.0659683941917073,0.3371807140592316
scenario,27,13,1,1,certified_reset,0,1,0.048001985430055336,0.0440021381554442,0.003999847274611132,0.03199877819688906,0.0,0.0,0,0,0.022759944118939744,-0.00983687642861514,0.014124640930522037,-0.03852439485416955,0.022759944118939744,-0.00983687642861514,-0.008175013567617496,0.0005371033722849601,0.0659683941917073,0.3371807140592316
scenario,27,14,1,1,certified_reset,0,1,0.0440021381554442,0.04000229088083307,0.003999847274611132,0.02799893092227793,0.0,0.0,0,0,0.014124640930522037,-0.03852439485416955,0.006146265457662677,0.0036125788578033648,0.014124640930522037,-0.03852439485416955,0.04268871859910838,0.0005122068686054187,0.0659683941917073,0.3371807140592316
scenario,27,15,1,1,certified_reset,0,1,0.04000229088083307,0.036002443606221936,0.003999847274611132,0.023999083647666796,0.0,0.0,0,0,0.006146265457662677,0.0036125788578033648,-0.004709309995346571,-0.029534904130402977,0.006146265457662677,0.0036125788578033648,-0.011438832649635678,4.339688206640928e-05,0.0659683941917073,0.3371807140592316
scenario,27,16,1,1,certified_reset,0,1,0.036002443606221936,0.0320025963316108,0.003999847274611132,0.019999236373055663,0.0,0.0,0,0,-0.004709309995346571,-0.029534904130402977,-0.0032234233714148056,-0.002280598516685734,-0.004709309995346571,-0.029534904130402977,0.04819982347272592,0.00023727407636089668,0.0659683941917073,0.3371807140592316
scenario,27,17,1,1,certified_reset,0,1,0.0320025963316108,0.02800274905699967,0.003999847274611132,0.01599938909844453,0.0,0.0,0,0,-0.0032234233714148056,-0.002280598516685734,0.01012163358881803,0.021128039071766386,-0.0032234233714148056,-0.002280598516685734,0.006567098900156492,1.2404831257469759e-05,0.0659683941917073,0.3371807140592316
scenario,27,18,1,1,certified_reset,0,1,0.02800274905699967,0.024002901782388536,0.003999847274611132,0.011999541823833396,0.0,0.0,0,0,0.01012163358881803,0.021128039071766386,0.02036055347223389,-0.018053222429219692,0.01012163358881803,0.021128039071766386,-0.041204973602814554,0.00022524463904976112,0.0659683941917073,0.3371807140592316
scenario,27,19,1,1,certified_reset,0,1,0.024002901782388536,0.020003054507777403,0.003999847274611132,0.007999694549222265,0.0,0.0,0,0,0.02036055347223389,-0.018053222429219692,0.0008638453682981787,-0.028705361552715577,0.02036055347223389,-0.018053222429219692,0.006316949968539613,0.00047421512533251997,0.0659683941917073,0.3371807140592316
scenario,27,20,2,2,certified_reset,0,1,0.020003054507777403,0.01600320723316627,0.003999847274611132,0.003999847274611132,0.0,0.0,0,0,0.0008638453682981787,-0.028705361552715577,-0.052662099761576625,0.02430747670558111,0.0008638453682981787,-0.028705361552715577,0.04142315263961223,0.00019196276892242744,0.07177064572129135,0.3726063481590821
scenario,27,21,2,2,certified_reset,0,1,0.01600320723316627,0.012003359958555136,0.003999847274611132,0.0,0.0,0.0,0,0,-0.052662099761576625,0.02430747670558111,-0.0031157117995665243,0.11192510820044174,-0.052662099761576625,0.02430747670558111,0.016632176781953494,0.002886566100193529,0.07177064572129135,0.3726063481590821
scenario,28,0,0,0,certified_reset,0,1,0.1,0.09600015272538888,0.003999847274611132,0.08399679276683375,0.0,0.0,0,0,-1.797471277598933,0.056406050993820456,-0.9640833761373445,1.6091461608727378,-1.797471277598933,0.056406050993820456,1.5499999999999996,3.29153818945911,0.06258906407790293,0.3169491554916455
scenario,28,1,0,0,certified_reset,0,1,0.09600015272538888,0.09200030545077775,0.003999847274611132,0.07999694549222262,0.0,0.0,0,0,-0.9640833761373445,1.6091461608727378,-0.06453426189877738,0.20521653570050524,-0.9640833761373445,1.6091461608727378,-1.4104205604179436,1.445272156144887,0.06258906407790293,0.3169491554916455
scenario,28,2,0,0,certified_reset,0,1,0.09200030545077775,0.08800045817616663,0.003999847274611132,0.0759970982176115,0.0,0.0,0,0,-0.06453426189877738,0.20521653570050524,0.016082423843908178,-0.0361795496726845,-0.06453426189877738,0.20521653570050524,-0.23804304755749436,0.013161772045566492,0.06258906407790293,0.3169491554916455
scenario,28,3,0,0,certified_reset,0,1,0.08800045817616663,0.0840006109015555,0.003999847274611132,0.07199725094300037,0.0,0.0,0,0,0.016082423843908178,-0.0361795496726845,-0.0002948942673932061,-0.004745117735318097,0.016082423843908178,-0.0361795496726845,0.03728274146956864,0.0005290071935955576,0.06258906407790293,0.3169491554916455
scenario,28,4,0,0,certified_reset,0,1,0.0840006109015555,0.08000076362694437,0.003999847274611132,0.06799740366838924,0.0,0.0,0,0,-0.0002948942673932061,-0.004745117735318097,0.0046244657448898194,-0.0005033371249669378,-0.0002948942673932061,-0.004745117735318097,0.00728631570029867,5.4671281590173116e-06,0.06258906407790293,0.3169491554916455
scenario,28,5,0,0,certified_reset,0,1,0.08000076362694437,0.07600091635233325,0.003999847274611132,0.06399755639377812,0.0,0.0,0,0,0.0046244657448898194,-0.0005033371249669378,-0.0006335908867309732,-0.007806757781737726,0.0046244657448898194,-0.0005033371249669378,-0.003862383111289413,2.1804236195165294e-05,0.06258906407790293,0.3169491554916455
scenario,28,6,0,0,certified_reset,0,1,0.07600091635233325,0.07200106907772212,0.003999847274611132,0.05999770911916699,0.0,0.0,0,0,-0.0006335908867309732,-0.007806757781737726,0.010684229512423815,0.002936688111769165,-0.0006335908867309732,-0.007806757781737726,0.01213137862027062,1.5050880163747575e-05,0.06258906407790293,0.3169491554916455
scenario,28,7,0,0,certified_reset,0,1,0.07200106907772212,0.068001221803111,0.003999847274611132,0.05599786184455586,0.0,0.0,0,0,0.010684229512423815,0.002936688111769165,-0.0015862112910392558,-0.015889857056692692,0.010684229512423815,0.002936688111769165,-0.014967277818693451,0.00012130559007854201,0.06258906407790293,0.3169491554916455
scenario,28,8,0,0,certified_reset,0,1,0.068001221803111,0.06400137452849987,0.003999847274611132,0.051998014569944725,0.0,0.0,0,0,-0.0015862112910392558,-0.015889857056692692,-0.008022882199507649,0.005622707876336246,-0.0015862112910392558,-0.015889857056692692,0.024989186567727768,6.357531270352086e-05,0.06258906407790293,0.3169491554916455
scenario,28,9,0,0,certified_reset,0,1,0.06400137452849987,0.060001527253888735,0.003999847274611132,0.04799816729533359,0.0,0.0,0,0,-0.008022882199507649,0.005622707876336246,-0.006643350878128725,-0.007299346540454579,-0.008022882199507649,0.005622707876336246,-0.000289098049000597,7.005940012449554e-05,0.06258906407790293,0.3169491554916455
scenario,28,10,0,0,certified_reset,0,1,0.060001527253888735,0.0560016799792776,0.003999847274611132,0.04399832002072246,0.0,0.0,0,0,-0.006643350878128725,-0.007299346540454579,-0.00743688223416746,-0.001386776892375886,-0.006643350878128725,-0.007299346540454579,0.017365873195978425,6.126393247158007e-05,0.06258906407790293,0.3169491554916455
scenario,28,11,0,0,certified_reset,0,1,0.0560016799792776,0.05200183270466647,0.003999847274611132,0.039998472746111326,0.0,0.0,0,0,-0.00743688223416746,-0.001386776892375886,-0.008230051388011802,0.009473717110709616,-0.00743688223416746,-0.001386776892375886,0.009451671785383956,5.788673688020216e-05,0.06258906407790293,0.3169491554916455
scenario,28,12,0,0,certified_reset,0,1,0.05200183270466647,0.048001985430055336,0.003999847274611132,0.03599862547150019,0.0,0.0,0,0,-0.008230051388011802,0.009473717110709616,0.003871900646052019,0.01733257565045089,-0.008230051388011802,0.009473717110709616,-0.005760085765740062,8.471844741090742e-05,0.06258906407790293,0.3169491554916455
scenario,28,13,0,0,certified_reset,0,1,0.048001985430055336,0.0440021381554442,0.003999847274611132,0.03199877819688906,0.0,0.0,0,0,0.003871900646052019,0.01733257565045089,0.0054973216920485984,-0.008974291014187969,0.003871900646052019,0.01733257565045089,-0.029390297551301812,9.066162652889804e-05,0.06258906407790293,0.3169491554916455
scenario,28,14,0,0,certified_reset,0,1,0.0440021381554442,0.04000229088083307,0.003999847274611132,0.02799893092227793,0.0,0.0,0,0,0.0054973216920485984,-0.008974291014187969,0.001032473243671787,0.01810227543661478,0.0054973216920485984,-0.008974291014187969,0.0077474724898031295,4.621795089269476e-05,0.06258906407790293,0.3169491554916455
scenario,28,15,0,0,certified_reset,0,1,0.04000229088083307,0.036002443606221936,0.003999847274611132,0.023999083647666796,0.0,0.0,0,0,0.001032473243671787,0.01810227543661478,3.8860168990320805e-05,0.007102505730585514,0.001032473243671787,0.01810227543661478,-0.02769534621524465,7.922643372540683e-05,0.06258906407790293,0.3169491554916455
scenario,28,16,0,0,certified_reset,0,1,0.036002443606221936,0.0320025963316108,0.003999847274611132,0.019999236373055663,0.0,0.0,0,0,3.8860168990320805e-05,0.007102505730585514,0.007616620782642202,-0.0018752079465613164,3.8860168990320805e-05,0.007102505730585514,-0.010502356892371575,1.1839203397642587e-05,0.06258906407790293,0.3169491554916455
scenario,28,17,0,0,certified_reset,0,1,0.0320025963316108,0.02800274905699967,0.003999847274611132,0.01599938909844453,0.0,0.0,0,0,0.007616620782642202,-0.0018752079465613164,-0.0011912908054459667,0.006712480536693743,0.007616620782642202,-0.0018752079465613164,-0.004823606830104279,5.922754458957523e-05,0.06258906407790293,0.3169491554916455
scenario,28,18,0,0,certified_reset,0,1,0.02800274905699967,0.024002901782388536,0.003999847274611132,0.011999541823833396,0.0,0.0,0,0,-0.0011912908054459667,0.006712480536693743,-0.001078191851251032,-0.00034413241166166594,-0.0011912908054459667,0.006712480536693743,-0.008703316576383732,1.1423197860847615e-05,0.06258906407790293,0.3169491554916455
scenario,28,19,0,0,certified_reset,0,1,0.024002901782388536,0.020003054507777403,0.003999847274611132,0.007999694549222265,0.0,0.0,0,0,-0.001078191851251032,-0.00034413241166166594,0.0018479614013881419,0.011022896861302195,-0.001078191851251032,-0.00034413241166166594,0.0015757072352881208,1.245885881403704e-06,0.06258906407790293,0.3169491554916455
scenario,28,20,0,0,certified_reset,0,1,0.020003054507777403,0.01600320723316627,0.003999847274611132,0.003999847274611132,0.0,0.0,0,0,0.0018479614013881419,0.011022896861302195,-0.003429854847194271,-0.01082894050555434,0.0018479614013881419,0.011022896861302195,-0.018076018313944193,3.345428823185461e-05,0.06258906407790293,0.3169491554916455
scenario,28,21,0,0,certified_reset,0,1,0.01600320723316627,0.012003359958555136,0.003999847274611132,0.0,0.0,0.0,0,0,-0.003429854847194271,-0.01082894050555434,-0.0079092213278547,0.012839144444306937,-0.003429854847194271,-0.01082894050555434,0.01936690807104215,4.224870392373736e-05,0.06258906407790293,0.3169491554916455
scenario,29,0,0,0,certified_reset,0,1,0.1,0.09600015272538888,0.003999847274611132,0.08399679276683375,0.0,0.0,0,0,5.974698342483739,0.36053528026867754,5.5645136562285336,-1.1959158356597146,5.974698342483739,0.36053528026867754,-1.55,35.78048020757526,0.06258906407790293,0.3169491554916455
scenario,29,1,0,0,certified_reset,0,1,0.09600015272538888,0.09200030545077775,0.003999847274611132,0.07999694549222262,0.0,0.0,0,0,5.5645136562285336,-1.1959158356597146,3.6008667565392973,-2.7410965836825714,5.5645136562285336,-1.1959158356597146,-1.55,31.281313373830542,0.06258906407790293,0.3169491554916455
scenario,29,2,0,0,certified_reset,0,1,0.09200030545077775,0.08800045817616663,0.003999847274611132,0.0759970982176115,0.0,0.0,0,0,3.6008667565392973,-2.7410965836825714,1.2452338025978902,-1.971321572433858,3.6008667565392973,-2.7410965836825714,0.7684881122725022,14.333455634411171,0.06258906407790293,0.3169491554916455
scenario,29,3,0,0,certified_reset,0,1,0.08800045817616663,0.0840006109015555,0.003999847274611132,0.07199725094300037,0.0,0.0,0,0,1.2452338025978902,-1.971321572433858,0.051042834110410724,-0.42227497173209594,1.2452338025978902,-1.971321572433858,1.55,2.310169296682159,0.06258906407790293,0.3169491554916455
scenario,29,4,0,0,certified_reset,0,1,0.0840006109015555,0.08000076362694437,0.003999847274611132,0.06799740366838924,0.0,0.0,0,0,0.051042834110410724,-0.42227497173209594,-0.07943714258369419,0.15995868204648941,0.051042834110410724,-0.42227497173209594,0.5712241549373537,0.04285970410886189,0.06258906407790293,0.3169491554916455
scenario,29,5,0,0,certified_reset,0,1,0.08000076362694437,0.07600091635233325,0.003999847274611132,0.06399755639377812,0.0,0.0,0,0,-0.07943714258369419,0.15995868204648941,0.003857415542070187,0.007669483810137896,-0.07943714258369419,0.15995868204648941,-0.15653417618500415,0.011528453722879091,0.06258906407790293,0.3169491554916455
scenario,29,6,0,0,certified_reset,0,1,0.07600091635233325,0.07200106907772212,0.003999847274611132,0.05999770911916699,0.0,0.0,0,0,0.003857415542070187,0.007669483810137896,0.005633039267100119,-0.019075086688508453,0.003857415542070187,0.007669483810137896,-0.015136789396538328,3.1195491239597626e-05,0.06258906407790293,0.3169491554916455
scenario,29,7,0,0,certified_reset,0,1,0.07200106907772212,0.068001221803111,0.003999847274611132,0.05599786184455586,0.0,0.0,0,0,0.005633039267100119,-0.019075086688508453,-0.008232853727491782,-0.006200707169294949,0.005633039267100119,-0.019075086688508453,0.022491715981355628,0.00010987267137068128,0.06258906407790293,0.3169491554916455
scenario,29,8,0,0,certified_reset,0,1,0.068001221803111,0.06400137452849987,0.003999847274611132,0.051998014569944725,0.0,0.0,0,0,-0.008232853727491782,-0.006200707169294949,-0.010930504641665704,0.0073271468465705095,-0.008232853727491782,-0.006200707169294949,0.017329642083320086,8.220857135855703e-05,0.06258906407790293,0.3169491554916455
scenario,29,9,0,0,certified_reset,0,1,0.06400137452849987,0.060001527253888735,0.003999847274611132,0.04799816729533359,0.0,0.0,0,0,-0.010930504641665704,0.0073271468465705095,0.002281534012621231,0.016670103296392177,-0.010930504641665704,0.0073271468465705095,9.088702910072262e-05,0.00012913981279679443,0.06258906407790293,0.3169491554916455
scenario,29,10,0,0,certified_reset,0,1,0.060001527253888735,0.0560016799792776,0.003999847274611132,0.04399832002072246,0.0,0.0,0,0,0.002281534012621231,0.016670103296392177,0.011534910748075378,-0.018723596739841683,0.002281534012621231,0.016670103296392177,-0.026830807016099512,7.322332448335627e-05,0.06258906407790293,0.3169491554916455
scenario,29,11,0,0,certified_reset,0,1,0.0560016799792776,0.05200183270466647,0.003999847274611132,0.039998472746111326,0.0,0.0,0,0,0.011534910748075378,-0.018723596739841683,-0.009772168431190439,-0.0021848254282305192,0.011534910748075378,-0.018723596739841683,0.016091867147919228,0.00020263102415143976,0.06258906407790293,0.3169491554916455
scenario,29,12,0,0,certified_reset,0,1,0.05200183270466647,0.048001985430055336,0.003999847274611132,0.03599862547150019,0.0,0.0,0,0,-0.009772168431190439,-0.0021848254282305192,-0.009235462687360087,0.002162479625517322,-0.009772168431190439,-0.0021848254282305192,0.01294923288111876,0.00010054656484012286,0.06258906407790293,0.3169491554916455
scenario,29,13,0,0,certified_reset,0,1,0.048001985430055336,0.0440021381554442,0.003999847274611132,0.03199877819688906,0.0,0.0,0,0,-0.009235462687360087,0.002162479625517322,-0.007549624870921045,0.0158939175517608,-0.009235462687360087,0.002162479625517322,0.0060136483826674116,8.703960748491932e-05,0.06258906407790293,0.3169491554916455
scenario,29,14,0,0,certified_reset,0,1,0.0440021381554442,0.04000229088083307,0.003999847274611132,0.02799893092227793,0.0,0.0,0,0,-0.007549624870921045,0.0158939175517608,-0.0020010532000091685,0.01071878674875338,-0.007549624870921045,0.0158939175517608,-0.015893888967255042,0.000108783219079806,0.06258906407790293,0.3169491554916455
scenario,29,15,0,0,certified_reset,0,1,0.04000229088083307,0.036002443606221936,0.003999847274611132,0.023999083647666796,0.0,0.0,0,0,-0.0020010532000091685,0.01071878674875338,0.004951993184173758,0.0012400936443173957,-0.0020010532000091685,0.01071878674875338,-0.013795824952801763,2.9442963648220814e-05,0.06258906407790293,0.3169491554916455
scenario,29,16,0,0,certified_reset,0,1,0.036002443606221936,0.0320025963316108,0.003999847274611132,0.019999236373055663,0.0,0.0,0,0,0.004951993184173758,0.0012400936443173957,-0.008681051712254239,-0.006195070377891034,0.004951993184173758,0.0012400936443173957,-0.006753253771006361,2.5939207212895395e-05,0.06258906407790293,0.3169491554916455
scenario,29,17,0,0,certified_reset,0,1,0.0320025963316108,0.02800274905699967,0.003999847274611132,0.01599938909844453,0.0,0.0,0,0,-0.008681051712254239,-0.006195070377891034,-0.006850052399105613,0.018256446913700236,-0.008681051712254239,-0.006195070377891034,0.017773488453627844,9.016628258377744e-05,0.06258906407790293,0.3169491554916455
scenario,29,18,0,0,certified_reset,0,1,0.02800274905699967,0.024002901782388536,0.003999847274611132,0.011999541823833396,0.0,0.0,0,0,-0.006850052399105613,0.018256446913700236,-0.0026353999751236624,-0.01637949713096671,-0.006850052399105613,0.018256446913700236,-0.020073966624602865,0.00011699093497593018,0.06258906407790293,0.3169491554916455
scenario,29,19,0,0,certified_reset,0,1,0.024002901782388536,0.020003054507777403,0.003999847274611132,0.007999694549222265,0.0,0.0,0,0,-0.0026353999751236624,-0.01637949713096671,-0.004654013027114431,0.015128576533753407,-0.0026353999751236624,-0.01637949713096671,0.026749961153748156,7.312617029946008e-05,0.06258906407790293,0.3169491554916455
scenario,29,20,0,0,certified_reset,0,1,0.020003054507777403,0.01600320723316627,0.003999847274611132,0.003999847274611132,0.0,0.0,0,0,-0.004654013027114431,0.015128576533753407,0.00807754236927426,0.004742179542033892,-0.004654013027114431,0.015128576533753407,-0.017651074658596718,7.064613720040887e-05,0.06258906407790293,0.3169491554916455
scenario,29,21,0,0,certified_reset,0,1,0.01600320723316627,0.012003359958555136,0.003999847274611132,0.0,0.0,0.0,0,0,0.00807754236927426,0.004742179542033892,0.007779671191844381,-0.009016455455130749,0.00807754236927426,0.004742179542033892,-0.015025891224898995,7.493901393058251e-05,0.06258906407790293,0.3169491554916455
scenario,30,0,0,0,certified_reset,0,1,0.1,0.09600015272538888,0.003999847274611132,0.08399679276683375,0.0,0.0,0,0,-3.1474258454694857,-0.19800178178061056,-2.567494571953105,1.3442927238426172,-3.1474258454694857,-0.19800178178061056,1.5499999999999672,9.973408799735198,0.06258906407790293,0.3169491554916455
scenario,30,1,0,0,certified_reset,0,1,0.09600015272538888,0.09200030545077775,0.003999847274611132,0.07999694549222262,0.0,0.0,0,0,-2.567494571953105,1.3442927238426172,-1.0072707877843532,1.7672258664407916,-2.567494571953105,1.3442927238426172,0.4183571292016291,6.92168607112522,0.06258906407790293,0.3169491554916455
scenario,30,2,0,0,certified_reset,0,1,0.09200030545077775,0.08800045817616663,0.003999847274611132,0.0759970982176115,0.0,0.0,0,0,-1.0072707877843532,1.7672258664407916,-0.01709467913334175,0.22680654180255475,-1.0072707877843532,1.7672258664407916,-1.55,1.6368126472668445,0.06258906407790293,0.3169491554916455
scenario,30,3,0,0,certified_reset,0,1,0.08800045817616663,0.0840006109015555,0.003999847274611132,0.07199725094300037,0.0,0.0,0,0,-0.01709467913334175,0.22680654180255475,0.056449790783002496,-0.08536917280544087,-0.01709467913334175,0.22680654180255475,-0.3170855450883177,0.012065226460068922,0.06258906407790293,0.3169491554916455
scenario,30,4,0,0,certified_reset,0,1,0.0840006109015555,0.08000076362694437,0.003999847274611132,0.06799740366838924,0.0,0.0,0,0,0.056449790783002496,-0.08536917280544087,0.0058798527009427184,-0.01031686236794067,0.056449790783002496,-0.08536917280544087,0.06954825461999223,0.004619324092249275,0.06258906407790293,0.3169491554916455
scenario,30,5,0,0,certified_reset,0,1,0.08000076362694437,0.07600091635233325,0.003999847274611132,0.06399755639377812,0.0,0.0,0,0,0.0058798527009427184,-0.01031686236794067,-0.00115577602769249,-0.007771195333392264,0.0058798527009427184,-0.01031686236794067,0.009342956505205769,5.591371553266302e-05,0.06258906407790293,0.3169491554916455
scenario,30,6,0,0,certified_reset,0,1,0.07600091635233325,0.07200106907772212,0.003999847274611132,0.05999770911916699,0.0,0.0,0,0,-0.00115577602769249,-0.007771195333392264,-0.005671751159840571,0.005911780865764989,-0.00115577602769249,-0.007771195333392264,0.012595910702699659,1.6172708230701014e-05,0.06258906407790293,0.3169491554916455
scenario,30,7,0,0,certified_reset,0,1,0.07200106907772212,0.068001221803111,0.003999847274611132,0.05599786184455586,0.0,0.0,0,0,-0.005671751159840571,0.005911780865764989,-0.005205406623708165,-0.0019406725562374889,-0.005671751159840571,0.005911780865764989,-0.0030605976376282553,3.869379020750777e-05,0.06258906407790293,0.3169491554916455
scenario,30,8,0,0,certified_reset,0,1,0.068001221803111,0.06400137452849987,0.003999847274611132,0.051998014569944725,0.0,0.0,0,0,-0.005205406623708165,-0.0019406725562374889,-0.0026552983854435993,-0.0028903738384158835,-0.005205406623708165,-0.0019406725562374889,0.00804162826367488,2.9390870541119207e-05,0.06258906407790293,0.3169491554916455
scenario,30,9,0,0,certified_reset,0,1,0.06400137452849987,0.060001527253888735,0.003999847274611132,0.04799816729533359,0.0,0.0,0,0,-0.0026552983854435993,-0.0028903738384158835,0.002586298966365655,0.004826951875169923,-0.0026552983854435993,-0.0028903738384158835,0.006903249459955515,9.7457478100426e-06,0.06258906407790293,0.3169491554916455
scenario,30,10,0,0,certified_reset,0,1,0.060001527253888735,0.0560016799792776,0.003999847274611132,0.04399832002072246,0.0,0.0,0,0,0.002586298966365655,0.004826951875169923,0.004872569816109305,0.003270290904568456,0.002586298966365655,0.004826951875169923,-0.009686271138542025,1.3228442150595018e-05,0.06258906407790293,0.3169491554916455
scenario,30,11,0,0,certified_reset,0,1,0.0560016799792776,0.05200183270466647,0.003999847274611132,0.039998472746111326,0.0,0.0,0,0,0.004872569816109305,0.003270290904568456,-0.008928956718646863,-0.0028980879325154374,0.004872569816109305,0.003270290904568456,-0.009667909347344279,2.800371285966171e-05,0.06258906407790293,0.3169491554916455
scenario,30,12,0,0,certified_reset,0,1,0.05200183270466647,0.048001985430055336,0.003999847274611132,0.03599862547150019,0.0,0.0,0,0,-0.008928956718646863,-0.0028980879325154374,-0.002939316440762309,0.018027395979877223,-0.008928956718646863,-0.0028980879325154374,0.013162825235790335,8.55695717477944e-05,0.06258906407790293,0.3169491554916455
scenario,30,13,0,0,certified_reset,0,1,0.048001985430055336,0.0440021381554442,0.003999847274611132,0.03199877819688906,0.0,0.0,0,0,-0.002939316440762309,0.018027395979877223,-0.002196046241330559,0.010597779116731824,-0.002939316440762309,0.018027395979877223,-0.02362775658142941,8.109401421247045e-05,0.06258906407790293,0.3169491554916455
scenario,30,14,0,0,certified_reset,0,1,0.0440021381554442,0.04000229088083307,0.003999847274611132,0.02799893092227793,0.0,0.0,0,0,-0.002196046241330559,0.010597779116731824,-0.012417737649281814,0.0014887052547376085,-0.002196046241330559,0.010597779116731824,-0.013429077307786206,2.9547448024791224e-05,0.06258906407790293,0.3169491554916455
scenario,30,15,0,0,certified_reset,0,1,0.04000229088083307,0.036002443606221936,0.003999847274611132,0.023999083647666796,0.0,0.0,0,0,-0.012417737649281814,0.0014887052547376085,-0.014397716111418527,0.006437194665083497,-0.012417737649281814,0.0014887052547376085,0.01017494284111823,0.00015718736867227862,0.06258906407790293,0.3169491554916455
scenario,30,16,0,0,certified_reset,0,1,0.036002443606221936,0.0320025963316108,0.003999847274611132,0.019999236373055663,0.0,0.0,0,0,-0.014397716111418527,0.006437194665083497,-0.0015462100395645488,0.01397838732213481,-0.014397716111418527,0.006437194665083497,0.004857273403748138,0.00021534280237608188,0.06258906407790293,0.3169491554916455
scenario,30,17,1,1,certified_reset,0,1,0.0320025963316108,0.02800274905699967,0.003999847274611132,0.01599938909844453,0.0,0.0,0,0,-0.0015462100395645488,0.01397838732213481,0.02051693474717379,-0.009814460400406715,-0.0015462100395645488,0.01397838732213481,-0.019051051581674597,4.663548582861231e-05,0.0659683941917073,0.3371807140592316
scenario,30,18,1,1,certified_reset,0,1,0.02800274905699967,0.024002901782388536,0.003999847274611132,0.011999541823833396,0.0,0.0,0,0,0.02051693474717379,-0.009814460400406715,0.02354794566611944,-0.012273135600357992,0.02051693474717379,-0.009814460400406715,-0.005974208130519764,0.00043917514442066367,0.0659683941917073,0.3371807140592316
scenario,30,19,0,0,certified_reset,0,1,0.024002901782388536,0.020003054507777403,0.003999847274611132,0.007999694549222265,0.0,0.0,0,0,0.02354794566611944,-0.012273135600357992,0.004142859973431558,-0.02843923396401582,0.02354794566611944,-0.012273135600357992,-0.005372163562274689,0.0005823406229716686,0.06258906407790293,0.3169491554916455
scenario,30,20,0,0,certified_reset,0,1,0.020003054507777403,0.01600320723316627,0.003999847274611132,0.003999847274611132,0.0,0.0,0,0,0.004142859973431558,-0.02843923396401582,-0.005422410479080365,-0.003221939527951979,0.004142859973431558,-0.02843923396401582,0.03776747021522642,0.00019840503904371726,0.06258906407790293,0.3169491554916455
scenario,30,21,0,0,certified_reset,0,1,0.01600320723316627,0.012003359958555136,0.003999847274611132,0.0,0.0,0.0,0,0,-0.005422410479080365,-0.003221939527951979,-0.005336798054666117,0.018365928780158757,-0.005422410479080365,-0.003221939527951979,0.010145442201602654,3.384434631821235e-05,0.06258906407790293,0.3169491554916455
scenario,31,0,0,0,certified_reset,0,1,0.1,0.09600015272538888,0.003999847274611132,0.08399679276683375,0.0,0.0,0,0,1.3495570163859476,-0.1816025944746511,0.6356072934507564,-1.2550595009426857,1.3495570163859476,-0.1816025944746511,-1.0763199698743118,1.8562020678328834,0.06258906407790293,0.3169491554916455
scenario,31,1,0,0,certified_reset,0,1,0.09600015272538888,0.09200030545077775,0.003999847274611132,0.07999694549222262,0.0,0.0,0,0,0.6356072934507564,-1.2550595009426857,-0.012822528339718732,-0.050646559780651385,0.6356072934507564,-1.2550595009426857,1.215905004526679,0.7244886391517922,0.06258906407790293,0.3169491554916455
scenario,31,2,0,0,certified_reset,0,1,0.09200030545077775,0.08800045817616663,0.003999847274611132,0.0759970982176115,0.0,0.0,0,0,-0.012822528339718732,-0.050646559780651385,-0.017511862629397645,0.028361894890472767,-0.012822528339718732,-0.050646559780651385,0.08737262197928289,0.0008169799329819737,0.06258906407790293,0.3169491554916455
scenario,31,3,0,0,certified_reset,0,1,0.08800045817616663,0.0840006109015555,0.003999847274611132,0.07199725094300037,0.0,0.0,0,0,-0.017511862629397645,0.028361894890472767,-0.0029858284293397762,-0.000597236749375933,-0.017511862629397645,0.028361894890472767,-0.02434361656461585,0.00046627209915710033,0.06258906407790293,0.3169491554916455
scenario,31,4,0,0,certified_reset,0,1,0.0840006109015555,0.08000076362694437,0.003999847274611132,0.06799740366838924,0.0,0.0,0,0,-0.0029858284293397762,-0.000597236749375933,-0.004537228125357624,0.003893419755343781,-0.0029858284293397762,-0.000597236749375933,0.003848548166565816,9.349658996477987e-06,0.06258906407790293,0.3169491554916455
scenario,31,5,0,0,certified_reset,0,1,0.08000076362694437,0.07600091635233325,0.003999847274611132,0.06399755639377812,0.0,0.0,0,0,-0.004537228125357624,0.003893419755343781,-0.004644583916369498,0.004122106188923378,-0.004537228125357624,0.003893419755343781,-0.0012149042661956234,2.335190800137099e-05,0.06258906407790293,0.3169491554916455
scenario,31,6,0,0,certified_reset,0,1,0.07600091635233325,0.07200106907772212,0.003999847274611132,0.05999770911916699,0.0,0.0,0,0,-0.004644583916369498,0.004122106188923378,-0.002779513800748455,0.0023960505820651524,-0.004644583916369498,0.004122106188923378,-0.001445350880418205,2.4682902433283244e-05,0.06258906407790293,0.3169491554916455
scenario,31,7,0,0,certified_reset,0,1,0.07200106907772212,0.068001221803111,0.003999847274611132,0.05599786184455586,0.0,0.0,0,0,-0.002779513800748455,0.0023960505820651524,0.0020556796421912684,0.010264346399503143,-0.002779513800748455,0.0023960505820651524,-0.0007620270523250752,8.773604609789659e-06,0.06258906407790293,0.3169491554916455
scenario,31,8,1,1,certified_reset,0,1,0.068001221803111,0.06400137452849987,0.003999847274611132,0.051998014569944725,0.0,0.0,0,0,0.0020556796421912684,0.010264346399503143,0.018049602111158945,0.0135360256181945,0.0020556796421912684,0.010264346399503143,-0.01717078305196976,3.056093881838369e-05,0.0659683941917073,0.3371807140592316
scenario,31,9,1,1,certified_reset,0,1,0.06400137452849987,0.060001527253888735,0.003999847274611132,0.04799816729533359,0.0,0.0,0,0,0.018049602111158945,0.0135360256181945,0.017175166627998638,0.019156083319396843,0.018049602111158945,0.0135360256181945,-0.03791455100984591,0.00039470628394466383,0.0659683941917073,0.3371807140592316
scenario,31,10,1,1,certified_reset,0,1,0.060001527253888735,0.0560016799792776,0.003999847274611132,0.04399832002072246,0.0,0.0,0,0,0.017175166627998638,0.019156083319396843,0.004278066300037664,-0.05031016282571829,0.017175166627998638,0.019156083319396843,-0.04531788079489782,0.00041238110175817363,0.0659683941917073,0.3371807140592316
scenario,31,11,0,0,certified_reset,0,1,0.0560016799792776,0.05200183270466647,0.003999847274611132,0.039998472746111326,0.0,0.0,0,0,0.004278066300037664,-0.05031016282571829,-0.007091448328196404,0.024191318030986588,0.004278066300037664,-0.05031016282571829,0.06985729560531308,0.0005959031420387719,0.06258906407790293,0.3169491554916455
scenario,31,12,0,0,certified_reset,0,1,0.05200183270466647,0.048001985430055336,0.003999847274611132,0.03599862547150019,0.0,0.0,0,0,-0.007091448328196404,0.024191318030986588,-0.0033239833906003055,-0.005474072542095249,-0.007091448328196404,0.024191318030986588,-0.028576547991206815,0.00017604369302256386,0.06258906407790293,0.3169491554916455
scenario,31,13,0,0,certified_reset,0,1,0.048001985430055336,0.0440021381554442,0.003999847274611132,0.03199877819688906,0.0,0.0,0,0,-0.0033239833906003055,-0.005474072542095249,0.0003997939211316595,0.006823251282028747,-0.0033239833906003055,-0.005474072542095249,0.011373667612163485,1.9676658090087923e-05,0.06258906407790293,0.3169491554916455
scenario,31,14,0,0,certified_reset,0,1,0.0440021381554442,0.04000229088083307,0.003999847274611132,0.02799893092227793,0.0,0.0,0,0,0.0003997939211316595,0.006823251282028747,0.010235201257792915,0.010775941106224266,0.0003997939211316595,0.006823251282028747,-0.010448509563220496,1.1269335432078831e-05,0.06258906407790293,0.3169491554916455
scenario,31,15,0,0,certified_reset,0,1,0.04000229088083307,0.036002443606221936,0.003999847274611132,0.023999083647666796,0.0,0.0,0,0,0.010235201257792915,0.010775941106224266,0.006019272272470623,-0.01846708093261929,0.010235201257792915,0.010775941106224266,-0.026064906233842493,0.0001426455914224672,0.06258906407790293,0.3169491554916455
scenario,31,16,0,0,certified_reset,0,1,0.036002443606221936,0.0320025963316108,0.003999847274611132,0.019999236373055663,0.0,0.0,0,0,0.006019272272470623,-0.01846708093261929,0.0004254702897107292,-0.002070778890644518,0.006019272272470623,-0.01846708093261929,0.021212259660199816,0.00010886659175837116,0.06258906407790293,0.3169491554916455
scenario,31,17,0,0,certified_reset,0,1,0.0320025963316108,0.02800274905699967,0.003999847274611132,0.01599938909844453,0.0,0.0,0,0,0.0004254702897107292,-0.002070778890644518,0.005696226120227396,0.013368475286450781,0.0004254702897107292,-0.002070778890644518,0.0026291927694530046,1.12570387140914e-06,0.06258906407790293,0.3169491554916455
scenario,31,18,0,0,certified_reset,0,1,0.02800274905699967,0.024002901782388536,0.003999847274611132,0.011999541823833396,0.0,0.0,0,0,0.005696226120227396,0.013368475286450781,0.004466308174608568,0.008023812677277472,0.005696226120227396,0.013368475286450781,-0.02536750113492839,8.070364852572583e-05,0.06258906407790293,0.3169491554916455
scenario,31,19,0,0,certified_reset,0,1,0.024002901782388536,0.020003054507777403,0.003999847274611132,0.007999694549222265,0.0,0.0,0,0,0.004466308174608568,0.008023812677277472,0.0004860175848599023,-0.020148648142772892,0.004466308174608568,0.008023812677277472,-0.016272209288686938,3.815621116735301e-05,0.06258906407790293,0.3169491554916455
scenario,31,20,0,0,certified_reset,0,1,0.020003054507777403,0.01600320723316627,0.003999847274611132,0.003999847274611132,0.0,0.0,0,0,0.0004860175848599023,-0.020148648142772892,-0.017199648708191725,0.007697668018250768,0.0004860175848599023,-0.020148648142772892,0.02919936927359467,9.462553619881446e-05,0.06258906407790293,0.3169491554916455
scenario,31,21,0,0,certified_reset,0,1,0.01600320723316627,0.012003359958555136,0.003999847274611132,0.0,0.0,0.0,0,0,-0.017199648708191725,0.007697668018250768,-0.006776897454205996,0.014941441523920265,-0.017199648708191725,0.007697668018250768,0.005791758584584235,0.00030733226409821005,0.06258906407790293,0.3169491554916455
scenario,32,0,2,2,certified_reset,0,1,0.1,0.09600015272538888,0.003999847274611132,0.08399679276683375,0.0,0.0,0,0,-5.666073108223655,-0.17429719602930316,-5.108156870985393,1.3577552026206996,-5.666073108223655,-0.17429719602930316,1.55,32.169915279993134,0.07177064572129135,0.3726063481590821
scenario,32,1,1,1,certified_reset,0,1,0.09600015272538888,0.09200030545077775,0.003999847274611132,0.07999694549222262,0.0,0.0,0,0,-5.108156870985393,1.3577552026206996,-2.9844012938365165,2.8751840813714233,-5.108156870985393,1.3577552026206996,1.5499999999998453,26.485158972839113,0.0659683941917073,0.3371807140592316
scenario,32,2,0,0,certified_reset,0,1,0.09200030545077775,0.08800045817616663,0.003999847274611132,0.0759970982176115,0.0,0.0,0,0,-2.9844012938365165,2.8751840813714233,-0.767788331647643,1.5467423489159513,-2.9844012938365165,2.8751840813714233,-1.3158536160411642,10.437940881443184,0.06258906407790293,0.3169491554916455
scenario,32,3,0,0,certified_reset,0,1,0.08800045817616663,0.0840006109015555,0.003999847274611132,0.07199725094300037,0.0,0.0,0,0,-0.767788331647643,1.5467423489159513,0.018860650555299854,0.025444610529019793,-0.767788331647643,1.5467423489159513,-1.5139598890440842,1.0774349267625365,0.06258906407790293,0.3169491554916455
scenario,32,4,0,0,certified_reset,0,1,0.0840006109015555,0.08000076362694437,0.003999847274611132,0.06799740366838924,0.0,0.0,0,0,0.018860650555299854,0.025444610529019793,0.014686138834984278,-0.0333503571248909,0.018860650555299854,0.025444610529019793,-0.056261183915000165,0.0005513942366523004,0.06258906407790293,0.3169491554916455
scenario,32,5,0,0,certified_reset,0,1,0.08000076362694437,0.07600091635233325,0.003999847274611132,0.06399755639377812,0.0,0.0,0,0,0.014686138834984278,-0.0333503571248909,-0.004251046686849945,0.014581855044212961,0.014686138834984278,-0.0333503571248909,0.0345055121923718,0.0004456527708362784,0.06258906407790293,0.3169491554916455
scenario,32,6,0,0,certified_reset,0,1,0.07600091635233325,0.07200106907772212,0.003999847274611132,0.05999770911916699,0.0,0.0,0,0,-0.004251046686849945,0.014581855044212961,-0.004140818856183595,-0.008953916186806746,-0.004251046686849945,0.014581855044212961,-0.017244354391325618,6.377908126859769e-05,0.06258906407790293,0.3169491554916455
scenario,32,7,0,0,certified_reset,0,1,0.07200106907772212,0.068001221803111,0.003999847274611132,0.05599786184455586,0.0,0.0,0,0,-0.004140818856183595,-0.008953916186806746,-0.004546543354121418,0.004972022865704111,-0.004140818856183595,-0.008953916186806746,0.01731371375962369,3.907156861794495e-05,0.06258906407790293,0.3169491554916455
scenario,32,8,0,0,certified_reset,0,1,0.068001221803111,0.06400137452849987,0.003999847274611132,0.051998014569944725,0.0,0.0,0,0,-0.004546543354121418,0.004972022865704111,-0.006005117171545731,0.0035833612651334284,-0.004546543354121418,0.004972022865704111,-0.002797220672924599,2.5316449606106766e-05,0.06258906407790293,0.3169491554916455
scenario,32,9,0,0,certified_reset,0,1,0.06400137452849987,0.060001527253888735,0.003999847274611132,0.04799816729533359,0.0,0.0,0,0,-0.006005117171545731,0.0035833612651334284,-0.002984590622956795,-0.0015180357241719178,-0.006005117171545731,0.0035833612651334284,0.0006991609807741155,3.8384938928081874e-05,0.06258906407790293,0.3169491554916455
scenario,32,10,0,0,certified_reset,0,1,0.060001527253888735,0.0560016799792776,0.003999847274611132,0.04399832002072246,0.0,0.0,0,0,-0.002984590622956795,-0.0015180357241719178,-0.0015542000191991288,0.0008849469893613673,-0.002984590622956795,-0.0015180357241719178,0.00520840847686422,1.0000767000963595e-05,0.06258906407790293,0.3169491554916455
scenario,32,11,0,0,certified_reset,0,1,0.0560016799792776,0.05200183270466647,0.003999847274611132,0.039998472746111326,0.0,0.0,0,0,-0.0015542000191991288,0.0008849469893613673,0.00862871613008377,-0.015704966310256002,-0.0015542000191991288,0.0008849469893613673,0.0002455223769338871,2.5580083419343087e-06,0.06258906407790293,0.3169491554916455
scenario,32,12,0,0,certified_reset,0,1,0.05200183270466647,0.048001985430055336,0.003999847274611132,0.03599862547150019,0.0,0.0,0,0,0.00862871613008377,-0.015704966310256002,0.0025452410924632707,0.009086249372800958,0.00862871613008377,-0.015704966310256002,0.01453940993458368,0.00012413587710984427,0.06258906407790293,0.3169491554916455
scenario,32,13,0,0,certified_reset,0,1,0.048001985430055336,0.0440021381554442,0.003999847274611132,0.03199877819688906,0.0,0.0,0,0,0.0025452410924632707,0.009086249372800958,-0.00023515397217639417,-0.009759435964698797,0.0025452410924632707,0.009086249372800958,-0.0159196924706484,2.7674954407414753e-05,0.06258906407790293,0.3169491554916455
scenario,32,14,0,0,certified_reset,0,1,0.0440021381554442,0.04000229088083307,0.003999847274611132,0.02799893092227793,0.0,0.0,0,0,-0.00023515397217639417,-0.009759435964698797,0.000995844235033504,-0.0024475837754982348,-0.00023515397217639417,-0.009759435964698797,0.01461117488595191,2.253684444215727e-05,0.06258906407790293,0.3169491554916455
scenario,32,15,0,0,certified_reset,0,1,0.04000229088083307,0.036002443606221936,0.003999847274611132,0.023999083647666796,0.0,0.0,0,0,0.000995844235033504,-0.0024475837754982348,0.0033064915804714894,0.008157895514166893,0.000995844235033504,-0.0024475837754982348,0.0026147462166595703,2.240948125742648e-06,0.06258906407790293,0.3169491554916455
scenario,32,16,0,0,certified_reset,0,1,0.036002443606221936,0.0320025963316108,0.003999847274611132,0.019999236373055663,0.0,0.0,0,0,0.0033064915804714894,0.008157895514166893,0.006310417621941459,0.0066468386626578006,0.0033064915804714894,0.008157895514166893,-0.01530811978572366,2.877057651569203e-05,0.06258906407790293,0.3169491554916455
scenario,32,17,0,0,certified_reset,0,1,0.0320025963316108,0.02800274905699967,0.003999847274611132,0.01599938909844453,0.0,0.0,0,0,0.006310417621941459,0.0066468386626578006,0.0076681479240472,-0.018266054880108955,0.006310417621941459,0.0066468386626578006,-0.01607278151196381,5.4232211758924894e-05,0.06258906407790293,0.3169491554916455
scenario,32,18,0,0,certified_reset,0,1,0.02800274905699967,0.024002901782388536,0.003999847274611132,0.011999541823833396,0.0,0.0,0,0,0.0076681479240472,-0.018266054880108955,-0.0027314807221720935,0.0034489306387951307,0.0076681479240472,-0.018266054880108955,0.01927309569723344,0.00012814357498790472,0.06258906407790293,0.3169491554916455
scenario,32,19,0,0,certified_reset,0,1,0.024002901782388536,0.020003054507777403,0.003999847274611132,0.007999694549222265,0.0,0.0,0,0,-0.0027314807221720935,0.0034489306387951307,-0.0033658106061061873,-0.0036083563227630954,-0.0027314807221720935,0.0034489306387951307,-0.00236565069621548,9.742016575229962e-06,0.06258906407790293,0.3169491554916455
scenario,32,20,0,0,certified_reset,0,1,0.020003054507777403,0.01600320723316627,0.003999847274611132,0.003999847274611132,0.0,0.0,0,0,-0.0033658106061061873,-0.0036083563227630954,0.003547385380025571,0.008912790258152453,-0.0033658106061061873,-0.0036083563227630954,0.008666163361848885,1.5549883084897592e-05,0.06258906407790293,0.3169491554916455
scenario,32,21,0,0,certified_reset,0,1,0.01600320723316627,0.012003359958555136,0.003999847274611132,0.0,0.0,0.0,0,0,0.003547385380025571,0.008912790258152453,0.0034863319815043926,-0.00906686172559394,0.003547385380025571,0.008912790258152453,-0.016662984465606625,3.382412875039247e-05,0.06258906407790293,0.3169491554916455
scenario,33,0,0,0,certified_reset,0,1,0.1,0.09600015272538888,0.003999847274611132,0.08399679276683375,0.0,0.0,0,0,-3.886206101349833,-0.045791046648397615,-3.157548442652515,1.5001723718631688,-3.886206101349833,-0.045791046648397615,1.55,15.163037789760237,0.06258906407790293,0.3169491554916455
scenario,33,1,0,0,certified_reset,0,1,0.09600015272538888,0.09200030545077775,0.003999847274611132,0.07999694549222262,0.0,0.0,0,0,-3.157548442652515,1.5001723718631688,-1.3684768206002471,2.065393811562146,-3.157548442652515,1.5001723718631688,0.5734247054939936,10.383425651173374,0.06258906407790293,0.3169491554916455
scenario,33,2,0,0,certified_reset,0,1,0.09200030545077775,0.08800045817616663,0.003999847274611132,0.0759970982176115,0.0,0.0,0,0,-1.3684768206002471,2.065393811562146,-0.08412359456609675,0.516186359255751,-1.3684768206002471,2.065393811562146,-1.55,2.7006445959512186,0.06258906407790293,0.3169491554916455
scenario,33,3,0,0,certified_reset,0,1,0.08800045817616663,0.0840006109015555,0.003999847274611132,0.07199725094300037,0.0,0.0,0,0,-0.08412359456609675,0.516186359255751,0.09423749251307867,-0.15080338986409922,-0.08412359456609675,0.516186359255751,-0.676623449611501,0.0664829658235325,0.06258906407790293,0.3169491554916455
scenario,33,4,0,0,certified_reset,0,1,0.0840006109015555,0.08000076362694437,0.003999847274611132,0.06799740366838924,0.0,0.0,0,0,0.09423749251307867,-0.15080338986409922,0.005616308053615314,-0.032436530954520676,0.09423749251307867,-0.15080338986409922,0.12830955693695975,0.013385787786197163,0.06258906407790293,0.3169491554916455
scenario,33,5,0,0,certified_reset,0,1,0.08000076362694437,0.07600091635233325,0.003999847274611132,0.06399755639377812,0.0,0.0,0,0,0.005616308053615314,-0.032436530954520676,-0.01009015185122904,0.005517761764063181,0.005616308053615314,-0.032436530954520676,0.04218204135096772,0.00026540916873191704,0.06258906407790293,0.3169491554916455
scenario,33,6,0,0,certified_reset,0,1,0.07600091635233325,0.07200106907772212,0.003999847274611132,0.05999770911916699,0.0,0.0,0,0,-0.01009015185122904,0.005517761764063181,-0.012768272111678344,0.006320661149064126,-0.01009015185122904,0.005517761764063181,0.0019252683103706284,0.00010738405591182615,0.06258906407790293,0.3169491554916455
scenario,33,7,0,0,certified_reset,0,1,0.07200106907772212,0.068001221803111,0.003999847274611132,0.05599786184455586,0.0,0.0,0,0,-0.012768272111678344,0.006320661149064126,-0.006039250442529903,0.007449861087669388,-0.012768272111678344,0.006320661149064126,0.003401641650163573,0.0001705091881907981,0.06258906407790293,0.3169491554916455
scenario,33,8,0,0,certified_reset,0,1,0.068001221803111,0.06400137452849987,0.003999847274611132,0.051998014569944725,0.0,0.0,0,0,-0.006039250442529903,0.007449861087669388,-0.004024462894168459,0.011098355417036193,-0.006039250442529903,0.007449861087669388,-0.004958283610084938,4.707723775715125e-05,0.06258906407790293,0.3169491554916455
scenario,33,9,0,0,certified_reset,0,1,0.06400137452849987,0.060001527253888735,0.003999847274611132,0.04799816729533359,0.0,0.0,0,0,-0.004024462894168459,0.011098355417036193,-0.00034180971448299186,-0.009689518457922108,-0.004024462894168459,0.011098355417036193,-0.012337069503687894,4.217261241832361e-05,0.06258906407790293,0.3169491554916455
scenario,33,10,0,0,certified_reset,0,1,0.060001527253888735,0.0560016799792776,0.003999847274611132,0.04399832002072246,0.0,0.0,0,0,-0.00034180971448299186,-0.009689518457922108,-0.0010334958467868212,0.01663453381402529,-0.00034180971448299186,-0.009689518457922108,0.014613763897913775,2.2355504492868527e-05,0.06258906407790293,0.3169491554916455
scenario,33,11,0,0,certified_reset,0,1,0.0560016799792776,0.05200183270466647,0.003999847274611132,0.039998472746111326,0.0,0.0,0,0,-0.0010334958467868212,0.01663453381402529,-0.0025241435312086356,-0.018585935571578872,-0.0010334958467868212,0.01663453381402529,-0.023476817982687723,6.4654526967923e-05,0.06258906407790293,0.3169491554916455
scenario,33,12,0,0,certified_reset,0,1,0.05200183270466647,0.048001985430055336,0.003999847274611132,0.03599862547150019,0.0,0.0,0,0,-0.0025241435312086356,-0.018585935571578872,-0.008591761902311264,0.015888826216508608,-0.0025241435312086356,-0.018585935571578872,0.02989006068548958,9.08853539534572e-05,0.06258906407790293,0.3169491554916455
scenario,33,13,0,0,certified_reset,0,1,0.048001985430055336,0.0440021381554442,0.003999847274611132,0.03199877819688906,0.0,0.0,0,0,-0.008591761902311264,0.015888826216508608,-0.0022967763138022836,-0.0037268618183339385,-0.008591761902311264,0.015888826216508608,-0.01484722307518135,0.00012477123714902622,0.06258906407790293,0.3169491554916455
scenario,33,14,0,0,certified_reset,0,1,0.0440021381554442,0.04000229088083307,0.003999847274611132,0.02799893092227793,0.0,0.0,0,0,-0.0022967763138022836,-0.0037268618183339385,0.0024068403547323823,0.00571042170076249,-0.0022967763138022836,-0.0037268618183339385,0.007777081298234558,9.287366095958911e-06,0.06258906407790293,0.3169491554916455
scenario,33,15,0,0,certified_reset,0,1,0.04000229088083307,0.036002443606221936,0.003999847274611132,0.023999083647666796,0.0,0.0,0,0,0.0024068403547323823,0.00571042170076249,0.0011706968800011036,-0.0009531033925444877,0.0024068403547323823,0.00571042170076249,-0.01080708122143167,1.4582310486430874e-05,0.06258906407790293,0.3169491554916455
scenario,33,16,0,0,certified_reset,0,1,0.036002443606221936,0.0320025963316108,0.003999847274611132,0.019999236373055663,0.0,0.0,0,0,0.0011706968800011036,-0.0009531033925444877,0.006333050597539176,-0.0013692074370754664,0.0011706968800011036,-0.0009531033925444877,0.00023736015884921508,1.5354527748079074e-06,0.06258906407790293,0.3169491554916455
scenario,33,17,0,0,certified_reset,0,1,0.0320025963316108,0.02800274905699967,0.003999847274611132,0.01599938909844453,0.0,0.0,0,0,0.006333050597539176,-0.0013692074370754664,0.011107152643561158,-0.0037072454346812845,0.006333050597539176,-0.0013692074370754664,-0.004288414676451702,4.090474360295517e-05,0.06258906407790293,0.3169491554916455
scenario,33,18,0,0,certified_reset,0,1,0.02800274905699967,0.024002901782388536,0.003999847274611132,0.011999541823833396,0.0,0.0,0,0,0.011107152643561158,-0.0037072454346812845,0.008459455875487073,-0.012393408495841555,0.011107152643561158,-0.0037072454346812845,-0.0055981769042937005,0.00012662618983199554,0.06258906407790293,0.3169491554916455
scenario,33,19,0,0,certified_reset,0,1,0.024002901782388536,0.020003054507777403,0.003999847274611132,0.007999694549222265,0.0,0.0,0,0,0.008459455875487073,-0.012393408495841555,0.008537859833071322,-0.007821799792041643,0.008459455875487073,-0.012393408495841555,0.009833117551474186,0.00010162703207490406,0.06258906407790293,0.3169491554916455
scenario,33,20,0,0,certified_reset,0,1,0.020003054507777403,0.01600320723316627,0.003999847274611132,0.003999847274611132,0.0,0.0,0,0,0.008537859833071322,-0.007821799792041643,-0.0011952947396760756,-0.0173700762113565,0.008537859833071322,-0.007821799792041643,0.0030220925641075065,8.41358759734444e-05,0.06258906407790293,0.3169491554916455
scenario,33,21,1,1,certified_reset,0,1,0.01600320723316627,0.012003359958555136,0.003999847274611132,0.0,0.0,0.0,0,0,-0.0011952947396760756,-0.0173700762113565,-0.00100503783751618,0.03497249553525997,-0.0011952947396760756,-0.0173700762113565,0.02677778614512465,7.366449385144797e-05,0.0659683941917073,0.3371807140592316
scenario,34,0,0,0,certified_reset,0,1,0.1,0.09600015272538888,0.003999847274611132,0.08399679276683375,0.0,0.0,0,0,0.7537349097320742,-0.1486014034476873,0.3421739458103662,-0.6940164257534737,0.7537349097320742,-0.1486014034476873,-0.5316367866983154,0.5791570838522829,0.06258906407790293,0.3169491554916455
scenario,34,1,0,0,certified_reset,0,1,0.09600015272538888,0.09200030545077775,0.003999847274611132,0.07999694549222262,0.0,0.0,0,0,0.3421739458103662,-0.6940164257534737,-0.01089383539889731,-0.014956646972763662,0.3421739458103662,-0.6940164257534737,0.6816269441599792,0.21539697532537003,0.06258906407790293,0.3169491554916455
scenario,34,2,0,0,certified_reset,0,1,0.09200030545077775,0.08800045817616663,0.003999847274611132,0.0759970982176115,0.0,0.0,0,0,-0.01089383539889731,-0.014956646972763662,-0.01111406828620988,0.023699320841534994,-0.01089383539889731,-0.014956646972763662,0.032879606194314855,0.0001859685942458173,0.06258906407790293,0.3169491554916455
scenario,34,3,0,0,certified_reset,0,1,0.08800045817616663,0.0840006109015555,0.003999847274611132,0.07199725094300037,0.0,0.0,0,0,-0.01111406828620988,0.023699320841534994,0.007906344347975566,-0.0032500936172426345,-0.01111406828620988,0.023699320841534994,-0.023844854458989973,0.00023883534647779926,0.06258906407790293,0.3169491554916455
scenario,34,4,0,0,certified_reset,0,1,0.0840006109015555,0.08000076362694437,0.003999847274611132,0.06799740366838924,0.0,0.0,0,0,0.007906344347975566,-0.0032500936172426345,0.00775125991006179,-0.01215098183718359,0.007906344347975566,-0.0032500936172426345,-0.0030878927692761914,6.465001752638032e-05,0.06258906407790293,0.3169491554916455
scenario,34,5,0,0,certified_reset,0,1,0.08000076362694437,0.07600091635233325,0.003999847274611132,0.06399755639377812,0.0,0.0,0,0,0.00775125991006179,-0.01215098183718359,-0.001186949331183606,-0.002488655277679587,0.00775125991006179,-0.01215098183718359,0.010178856316097365,8.924860282028677e-05,0.06258906407790293,0.3169491554916455
scenario,34,6,0,0,certified_reset,0,1,0.07600091635233325,0.07200106907772212,0.003999847274611132,0.05999770911916699,0.0,0.0,0,0,-0.001186949331183606,-0.002488655277679587,-0.0015716082823471218,-0.001983675533486426,-0.001186949331183606,-0.002488655277679587,0.004845945147934276,3.1107412406189467e-06,0.06258906407790293,0.3169491554916455
scenario,34,7,0,0,certified_reset,0,1,0.07200106907772212,0.068001221803111,0.003999847274611132,0.05599786184455586,0.0,0.0,0,0,-0.0015716082823471218,-0.001983675533486426,-0.005427903509816192,0.007086599258008594,-0.0015716082823471218,-0.001983675533486426,0.004485584772289444,3.681258713864422e-06,0.06258906407790293,0.3169491554916455
scenario,34,8,0,0,certified_reset,0,1,0.068001221803111,0.06400137452849987,0.003999847274611132,0.051998014569944725,0.0,0.0,0,0,-0.005427903509816192,0.007086599258008594,-0.0021654097926442763,-0.0024434237036202455,-0.005427903509816192,0.007086599258008594,-0.00503098800533583,3.913448754747019e-05,0.06258906407790293,0.3169491554916455
scenario,34,9,0,0,certified_reset,0,1,0.06400137452849987,0.060001527253888735,0.003999847274611132,0.04799816729533359,0.0,0.0,0,0,-0.0021654097926442763,-0.0024434237036202455,-0.003199075752101015,0.0011109248528201618,-0.0021654097926442763,-0.0024434237036202455,0.0057546755220386405,6.591564320352885e-06,0.06258906407790293,0.3169491554916455
scenario,34,10,0,0,certified_reset,0,1,0.060001527253888735,0.0560016799792776,0.003999847274611132,0.04399832002072246,0.0,0.0,0,0,-0.003199075752101015,0.0011109248528201618,-0.0050332823857431545,0.011090511342032344,-0.003199075752101015,0.0011109248528201618,0.001550908749059119,1.0516366341528809e-05,0.06258906407790293,0.3169491554916455
scenario,34,11,0,0,certified_reset,0,1,0.0560016799792776,0.05200183270466647,0.003999847274611132,0.039998472746111326,0.0,0.0,0,0,-0.0050332823857431545,0.011090511342032344,0.006234094076952931,-0.011505225866681007,-0.0050332823857431545,0.011090511342032344,-0.011321022273785132,5.0677969736715424e-05,0.06258906407790293,0.3169491554916455
scenario,34,12,0,0,certified_reset,0,1,0.05200183270466647,0.048001985430055336,0.003999847274611132,0.03599862547150019,0.0,0.0,0,0,0.006234094076952931,-0.011505225866681007,0.003177453469406266,-0.013561888141714986,0.006234094076952931,-0.011505225866681007,0.010742877568570421,6.557580442543419e-05,0.06258906407790293,0.3169491554916455
scenario,34,13,0,0,certified_reset,0,1,0.048001985430055336,0.0440021381554442,0.003999847274611132,0.03199877819688906,0.0,0.0,0,0,0.003177453469406266,-0.013561888141714986,-0.0008203148554035279,-0.0044105269912162025,0.003177453469406266,-0.013561888141714986,0.016811006403805593,5.0267924752271854e-05,0.06258906407790293,0.3169491554916455
scenario,34,14,0,0,certified_reset,0,1,0.0440021381554442,0.04000229088083307,0.003999847274611132,0.02799893092227793,0.0,0.0,0,0,-0.0008203148554035279,-0.0044105269912162025,0.0027557960833063636,-0.0003654924947638356,-0.0008203148554035279,-0.0044105269912162025,0.0073172430150632425,5.512962296777403e-06,0.06258906407790293,0.3169491554916455
scenario,34,15,0,0,certified_reset,0,1,0.04000229088083307,0.036002443606221936,0.003999847274611132,0.023999083647666796,0.0,0.0,0,0,0.0027557960833063636,-0.0003654924947638356,-0.004235111521720576,-0.005858465564685857,0.0027557960833063636,-0.0003654924947638356,-0.002204508800847891,7.739953786563253e-06,0.06258906407790293,0.3169491554916455
scenario,34,16,0,0,certified_reset,0,1,0.036002443606221936,0.0320025963316108,0.003999847274611132,0.019999236373055663,0.0,0.0,0,0,-0.004235111521720576,-0.005858465564685857,-0.007219265038710643,-0.005698498333231192,-0.004235111521720576,-0.005858465564685857,0.012845463842951155,2.8239209513994307e-05,0.06258906407790293,0.3169491554916455
scenario,34,17,1,1,certified_reset,0,1,0.0320025963316108,0.02800274905699967,0.003999847274611132,0.01599938909844453,0.0,0.0,0,0,-0.007219265038710643,-0.005698498333231192,0.02369370009062173,0.024996799033591352,-0.007219265038710643,-0.005698498333231192,0.015585234947166054,6.40353953937999e-05,0.0659683941917073,0.3371807140592316
scenario,34,18,0,0,certified_reset,0,1,0.02800274905699967,0.024002901782388536,0.003999847274611132,0.011999541823833396,0.0,0.0,0,0,0.02369370009062173,0.024996799033591352,0.021664150052935257,-0.04751396787081115,0.02369370009062173,0.024996799033591352,-0.06041672807762907,0.0007651171429211181,0.06258906407790293,0.3169491554916455
scenario,34,19,0,0,certified_reset,0,1,0.024002901782388536,0.020003054507777403,0.003999847274611132,0.007999694549222265,0.0,0.0,0,0,0.021664150052935257,-0.04751396787081115,0.001040684706340068,-0.0006855546794839751,0.021664150052935257,-0.04751396787081115,0.048422802380085485,0.0009343184779837403,0.06258906407790293,0.3169491554916455
scenario,34,20,0,0,certified_reset,0,1,0.020003054507777403,0.01600320723316627,0.003999847274611132,0.003999847274611132,0.0,0.0,0,0,0.001040684706340068,-0.0006855546794839751,0.005588732720842324,-0.004972203124931858,0.001040684706340068,-0.0006855546794839751,-2.289999584716937e-05,1.1676351075965863e-06,0.06258906407790293,0.3169491554916455
scenario,34,21,0,0,certified_reset,0,1,0.01600320723316627,0.012003359958555136,0.003999847274611132,0.0,0.0,0.0,0,0,0.005588732720842324,-0.004972203124931858,-0.0031691173639349086,-0.0016518723728329455,0.005588732720842324,-0.004972203124931858,0.0017615859251583637,3.576161775411133e-05,0.06258906407790293,0.3169491554916455
scenario,35,0,0,0,certified_reset,0,1,0.1,0.09600015272538888,0.003999847274611132,0.08399679276683375,0.0,0.0,0,0,-1.5175854037103225,-0.5146136588946265,-1.2561150194454715,1.024671565572835,-1.5175854037103225,-0.5146136588946265,1.55,2.410796856780387,0.06258906407790293,0.3169491554916455
scenario,35,1,0,0,certified_reset,0,1,0.09600015272538888,0.09200030545077775,0.003999847274611132,0.07999694549222262,0.0,0.0,0,0,-1.2561150194454715,1.024671565572835,-0.3550742881990885,0.7754857522973585,-1.2561150194454715,1.024671565572835,-0.2586448399668416,1.7684886980203613,0.06258906407790293,0.3169491554916455
scenario,35,2,0,0,certified_reset,0,1,0.09200030545077775,0.08800045817616663,0.003999847274611132,0.0759970982176115,0.0,0.0,0,0,-0.3550742881990885,0.7754857522973585,0.029995360662382373,-0.014655771703358413,-0.3550742881990885,0.7754857522973585,-0.7887929281308244,0.24988067458973534,0.06258906407790293,0.3169491554916455
scenario,35,3,0,0,certified_reset,0,1,0.08800045817616663,0.0840006109015555,0.003999847274611132,0.07199725094300037,0.0,0.0,0,0,0.029995360662382373,-0.014655771703358413,0.0072449310430555604,-0.02332849370771556,0.029995360662382373,-0.014655771703358413,-0.008279282343724709,0.0009400978201293467,0.06258906407790293,0.3169491554916455
scenario,35,4,0,0,certified_reset,0,1,0.0840006109015555,0.08000076362694437,0.003999847274611132,0.06799740366838924,0.0,0.0,0,0,0.0072449310430555604,-0.02332849370771556,-0.003381985789579106,0.01022590229835583,0.0072449310430555604,-0.02332849370771556,0.027152349100873826,0.00016887962872178962,0.06258906407790293,0.3169491554916455
scenario,35,5,0,0,certified_reset,0,1,0.08000076362694437,0.07600091635233325,0.003999847274611132,0.06399755639377812,0.0,0.0,0,0,-0.003381985789579106,0.01022590229835583,-0.0009713634866157892,0.004855761181207904,-0.003381985789579106,0.01022590229835583,-0.011693291363742517,3.367858846064282e-05,0.06258906407790293,0.3169491554916455
scenario,35,6,0,0,certified_reset,0,1,0.07600091635233325,0.07200106907772212,0.003999847274611132,0.05999770911916699,0.0,0.0,0,0,-0.0009713634866157892,0.004855761181207904,0.006072167227317529,0.017546945967533135,-0.0009713634866157892,0.004855761181207904,-0.006187815430243056,6.144888514905837e-06,0.06258906407790293,0.3169491554916455
scenario,35,7,0,0,certified_reset,0,1,0.07200106907772212,0.068001221803111,0.003999847274611132,0.05599786184455586,0.0,0.0,0,0,0.006072167227317529,0.017546945967533135,0.009639559521767729,-0.015196893490569702,0.006072167227317529,0.017546945967533135,-0.031897831672072906,0.0001177291627727614,0.06258906407790293,0.3169491554916455
scenario,35,8,0,0,certified_reset,0,1,0.068001221803111,0.06400137452849987,0.003999847274611132,0.051998014569944725,0.0,0.0,0,0,0.009639559521767729,-0.015196893490569702,0.0062627342198095515,0.015599770109035812,0.009639559521767729,-0.015196893490569702,0.012785190078404113,0.00013857783782469552,0.06258906407790293,0.3169491554916455
scenario,35,9,0,0,certified_reset,0,1,0.06400137452849987,0.060001527253888735,0.003999847274611132,0.04799816729533359,0.0,0.0,0,0,0.0062627342198095515,0.015599770109035812,0.008579297796214231,-0.007192415022179393,0.0062627342198095515,0.015599770109035812,-0.029213764025630598,0.00010436144906346236,0.06258906407790293,0.3169491554916455
scenario,35,10,0,0,certified_reset,0,1,0.060001527253888735,0.0560016799792776,0.003999847274611132,0.04399832002072246,0.0,0.0,0,0,0.008579297796214231,-0.007192415022179393,-0.0011688216888329807,-0.010717808209360417,0.008579297796214231,-0.007192415022179393,0.002052170003845868,8.302118581247241e-05,0.06258906407790293,0.3169491554916455
scenario,35,11,0,0,certified_reset,0,1,0.0560016799792776,0.05200183270466647,0.003999847274611132,0.039998472746111326,0.0,0.0,0,0,-0.0011688216888329807,-0.010717808209360417,-0.0059869489957405896,-0.0003715553659614278,-0.0011688216888329807,-0.010717808209360417,0.016951512361951557,2.922684273049533e-05,0.06258906407790293,0.3169491554916455
scenario,35,12,0,0,certified_reset,0,1,0.05200183270466647,0.048001985430055336,0.003999847274611132,0.03599862547150019,0.0,0.0,0,0,-0.0059869489957405896,-0.0003715553659614278,-0.0027560982099483124,0.01174659707095228,-0.0059869489957405896,-0.0003715553659614278,0.006510996338044016,3.692823472064527e-05,0.06258906407790293,0.3169491554916455
scenario,35,13,0,0,certified_reset,0,1,0.048001985430055336,0.0440021381554442,0.003999847274611132,0.03199877819688906,0.0,0.0,0,0,-0.0027560982099483124,0.01174659707095228,0.007596090641264569,-0.009348348651303542,-0.0027560982099483124,0.01174659707095228,-0.014558500409815286,3.7731683391959926e-05,0.06258906407790293,0.3169491554916455
scenario,35,14,0,0,certified_reset,0,1,0.0440021381554442,0.04000229088083307,0.003999847274611132,0.02799893092227793,0.0,0.0,0,0,0.007596090641264569,-0.009348348651303542,0.001159522154593837,-0.007222145111237202,0.007596090641264569,-0.009348348651303542,0.006203789920506871,7.439326031589092e-05,0.06258906407790293,0.3169491554916455
scenario,35,15,0,0,certified_reset,0,1,0.04000229088083307,0.036002443606221936,0.003999847274611132,0.023999083647666796,0.0,0.0,0,0,0.001159522154593837,-0.007222145111237202,-0.0008080991493673011,-5.833683147742595e-07,0.001159522154593837,-0.007222145111237202,0.009483142725182492,1.298142992704661e-05,0.06258906407790293,0.3169491554916455
scenario,35,16,0,0,certified_reset,0,1,0.036002443606221936,0.0320025963316108,0.003999847274611132,0.019999236373055663,0.0,0.0,0,0,-0.0008080991493673011,-5.833683147742595e-07,0.005382946489320182,0.012188849262868064,-0.0008080991493673011,-5.833683147742595e-07,0.0008087515190814016,6.693762719559138e-07,0.06258906407790293,0.3169491554916455
scenario,35,17,0,0,certified_reset,0,1,0.0320025963316108,0.02800274905699967,0.003999847274611132,0.01599938909844453,0.0,0.0,0,0,0.005382946489320182,0.012188849262868064,0.004914677792220283,-0.0027240354940131807,0.005382946489320182,0.012188849262868064,-0.023316608937811706,6.930996755938097e-05,0.06258906407790293,0.3169491554916455
scenario,35,18,0,0,certified_reset,0,1,0.02800274905699967,0.024002901782388536,0.003999847274611132,0.011999541823833396,0.0,0.0,0,0,0.004914677792220283,-0.0027240354940131807,0.010289481582520186,-0.010334952270330319,0.004914677792220283,-0.0027240354940131807,-0.0008811297312640185,2.5509134028502028e-05,0.06258906407790293,0.3169491554916455
scenario,35,19,0,0,certified_reset,0,1,0.024002901782388536,0.020003054507777403,0.003999847274611132,0.007999694549222265,0.0,0.0,0,0,0.010289481582520186,-0.010334952270330319,0.00472509331673894,-0.005349731446529419,0.010289481582520186,-0.010334952270330319,0.004982165544214075,0.000125720003492172,0.06258906407790293,0.3169491554916455
scenario,35,20,0,0,certified_reset,0,1,0.020003054507777403,0.01600320723316627,0.003999847274611132,0.003999847274611132,0.0,0.0,0,0,0.00472509331673894,-0.005349731446529419,-0.002198813963797394,-0.006044297670080013,0.00472509331673894,-0.005349731446529419,0.0031739754255192777,2.772989263093344e-05,0.06258906407790293,0.3169491554916455
scenario,35,21,0,0,certified_reset,0,1,0.01600320723316627,0.012003359958555136,0.003999847274611132,0.0,0.0,0.0,0,0,-0.002198813963797394,-0.006044297670080013,0.0006986788579803173,-0.01287863347501631,-0.002198813963797394,-0.006044297670080013,0.011091720467647464,1.448647559911739e-05,0.06258906407790293,0.3169491554916455
scenario,36,0,0,0,certified_reset,0,1,0.1,0.09600015272538888,0.003999847274611132,0.08399679276683375,0.0,0.0,0,0,3.1894868736267554,0.5224182707347259,2.936753122400777,-1.0272632476709067,3.1894868736267554,0.5224182707347259,-1.549999999999956,10.282014769964915,0.06258906407790293,0.3169491554916455
scenario,36,1,0,0,certified_reset,0,1,0.09600015272538888,0.09200030545077775,0.003999847274611132,0.07999694549222262,0.0,0.0,0,0,2.936753122400777,-1.0272632476709067,1.3823400699238524,-2.0699535248251713,2.936753122400777,-1.0272632476709067,-1.0534172788716423,8.842209661419115,0.06258906407790293,0.3169491554916455
scenario,36,2,0,0,certified_reset,0,1,0.09200030545077775,0.08800045817616663,0.003999847274611132,0.0759970982176115,0.0,0.0,0,0,1.3823400699238524,-2.0699535248251713,0.08537414947201917,-0.5186974113944872,1.3823400699238524,-2.0699535248251713,1.5499999999999998,2.7421739360055883,0.06258906407790293,0.3169491554916455
scenario,36,3,0,0,certified_reset,0,1,0.08800045817616663,0.0840006109015555,0.003999847274611132,0.07199725094300037,0.0,0.0,0,0,0.08537414947201917,-0.5186974113944872,-0.09095755217146483,0.1758091281932953,0.08537414947201917,-0.5186974113944872,0.6790771874971047,0.06724585188826666,0.06258906407790293,0.3169491554916455
scenario,36,4,0,0,certified_reset,0,1,0.0840006109015555,0.08000076362694437,0.003999847274611132,0.06799740366838924,0.0,0.0,0,0,-0.09095755217146483,0.1758091281932953,0.008479539169367398,0.015643114695094957,-0.09095755217146483,0.1758091281932953,-0.16841066095426635,0.014545922985196644,0.06258906407790293,0.3169491554916455
scenario,36,5,0,0,certified_reset,0,1,0.08000076362694437,0.07600091635233325,0.003999847274611132,0.06399755639377812,0.0,0.0,0,0,0.008479539169367398,0.015643114695094957,0.005231926904501034,-0.0034336102510503248,0.008479539169367398,0.015643114695094957,-0.031492921157952214,0.00014074495332686205,0.06258906407790293,0.3169491554916455
scenario,36,6,0,0,certified_reset,0,1,0.07600091635233325,0.07200106907772212,0.003999847274611132,0.05999770911916699,0.0,0.0,0,0,0.005231926904501034,-0.0034336102510503248,0.010934712091800549,-0.0013836654306283573,0.005231926904501034,-0.0034336102510503248,-0.00014912732511533264,2.9495757392120393e-05,0.06258906407790293,0.3169491554916455
scenario,36,7,0,0,certified_reset,0,1,0.07200106907772212,0.068001221803111,0.003999847274611132,0.05599786184455586,0.0,0.0,0,0,0.010934712091800549,-0.0013836654306283573,0.010397208294889174,-0.007844637521383075,0.010934712091800549,-0.0013836654306283573,-0.008848728753431647,0.00012187004394866922,0.06258906407790293,0.3169491554916455
scenario,36,8,0,0,certified_reset,0,1,0.068001221803111,0.06400137452849987,0.003999847274611132,0.051998014569944725,0.0,0.0,0,0,0.010397208294889174,-0.007844637521383075,0.002260274303393331,-0.007813479372055376,0.010397208294889174,-0.007844637521383075,0.0012019404141442281,0.00011921495765783148,0.06258906407790293,0.3169491554916455
scenario,36,9,0,0,certified_reset,0,1,0.06400137452849987,0.060001527253888735,0.003999847274611132,0.04799816729533359,0.0,0.0,0,0,0.002260274303393331,-0.007813479372055376,0.0034861306945762746,-0.0037778608528364517,0.002260274303393331,-0.007813479372055376,0.009257848588449122,1.824061672030272e-05,0.06258906407790293,0.3169491554916455
scenario,36,10,0,0,certified_reset,0,1,0.060001527253888735,0.0560016799792776,0.003999847274611132,0.04399832002072246,0.0,0.0,0,0,0.0034861306945762746,-0.0037778608528364517,0.0015975783268787351,0.00674532116014054,0.0034861306945762746,-0.0037778608528364517,0.002097833312322137,1.4832131707035018e-05,0.06258906407790293,0.3169491554916455
scenario,36,11,0,0,certified_reset,0,1,0.0560016799792776,0.05200183270466647,0.003999847274611132,0.039998472746111326,0.0,0.0,0,0,0.0015975783268787351,0.00674532116014054,0.007201918491874224,0.010218440474009743,0.0015975783268787351,0.00674532116014054,-0.011527022479607662,1.4063947051266318e-05,0.06258906407790293,0.3169491554916455
scenario,36,12,0,0,certified_reset,0,1,0.05200183270466647,0.048001985430055336,0.003999847274611132,0.03599862547150019,0.0,0.0,0,0,0.007201918491874224,0.010218440474009743,0.004919448896861943,-0.0053860628595343695,0.007201918491874224,0.010218440474009743,-0.022222781542985695,8.300890508104004e-05,0.06258906407790293,0.3169491554916455
scenario,36,13,0,0,certified_reset,0,1,0.048001985430055336,0.0440021381554442,0.003999847274611132,0.03199877819688906,0.0,0.0,0,0,0.004919448896861943,-0.0053860628595343695,0.0018301401180242896,0.00042577409827881767,0.004919448896861943,-0.0053860628595343695,0.003037049338878688,2.9653310328839776e-05,0.06258906407790293,0.3169491554916455
scenario,36,14,0,0,certified_reset,0,1,0.0440021381554442,0.04000229088083307,0.003999847274611132,0.02799893092227793,0.0,0.0,0,0,0.0018301401180242896,0.00042577409827881767,0.004399264474352193,-0.010084501079829066,0.0018301401180242896,0.00042577409827881767,-0.0024497968383802994,3.5320815102331387e-06,0.06258906407790293,0.3169491554916455
scenario,36,15,0,0,certified_reset,0,1,0.04000229088083307,0.036002443606221936,0.003999847274611132,0.023999083647666796,0.0,0.0,0,0,0.004399264474352193,-0.010084501079829066,-0.00819290825398195,-0.002787939677796761,0.004399264474352193,-0.010084501079829066,0.010470795844920578,4.039995622118068e-05,0.06258906407790293,0.3169491554916455
scenario,36,16,0,0,certified_reset,0,1,0.036002443606221936,0.0320025963316108,0.003999847274611132,0.019999236373055663,0.0,0.0,0,0,-0.00819290825398195,-0.002787939677796761,-0.005982485577790862,0.01233704990353253,-0.00819290825398195,-0.002787939677796761,0.012263783254495684,7.228282452746282e-05,0.06258906407790293,0.3169491554916455
scenario,36,17,0,0,certified_reset,0,1,0.0320025963316108,0.02800274905699967,0.003999847274611132,0.01599938909844453,0.0,0.0,0,0,-0.005982485577790862,0.01233704990353253,0.003070961931864272,-0.0016580859280236004,-0.005982485577790862,0.01233704990353253,-0.012215580591244314,6.691714797601065e-05,0.06258906407790293,0.3169491554916455
scenario,36,18,0,0,certified_reset,0,1,0.02800274905699967,0.024002901782388536,0.003999847274611132,0.011999541823833396,0.0,0.0,0,0,0.003070961931864272,-0.0016580859280236004,0.00301132585284733,-0.0055554190679968415,0.003070961931864272,-0.0016580859280236004,-0.0006126022625658634,9.935054035309842e-06,0.06258906407790293,0.3169491554916455
scenario,36,19,0,0,certified_reset,0,1,0.024002901782388536,0.020003054507777403,0.003999847274611132,0.007999694549222265,0.0,0.0,0,0,0.00301132585284733,-0.0055554190679968415,-0.00477894280846782,-0.00794032504518596,0.00301132585284733,-0.0055554190679968415,0.0051823735448373555,1.5294790864773772e-05,0.06258906407790293,0.3169491554916455
scenario,36,20,0,0,certified_reset,0,1,0.020003054507777403,0.01600320723316627,0.003999847274611132,0.003999847274611132,0.0,0.0,0,0,-0.00477894280846782,-0.00794032504518596,-0.003713953627858953,0.012179401472008172,-0.00477894280846782,-0.00794032504518596,0.016454903822563795,4.095616799002925e-05,0.06258906407790293,0.3169491554916455
scenario,36,21,0,0,certified_reset,0,1,0.01600320723316627,0.012003359958555136,0.003999847274611132,0.0,0.0,0.0,0,0,-0.003713953627858953,0.012179401472008172,0.010243599419710344,0.014961635692059841,-0.003713953627858953,0.012179401472008172,-0.014242952597341065,4.5565801656083165e-05,0.06258906407790293,0.3169491554916455
scenario,37,0,0,0,certified_reset,0,1,0.1,0.09600015272538888,0.003999847274611132,0.08399679276683375,0.0,0.0,0,0,4.839853672381485,0.13879933421975632,4.205772418322111,-1.4101473557819972,4.839853672381485,0.13879933421975632,-1.55,23.487713815996923,0.06258906407790293,0.3169491554916455
scenario,37,1,0,0,certified_reset,0,1,0.09600015272538888,0.09200030545077775,0.003999847274611132,0.07999694549222262,0.0,0.0,0,0,4.205772418322111,-1.4101473557819972,2.1793772560158127,-2.6361981107173253,4.205772418322111,-1.4101473557819972,-1.2339755373238566,18.08452182709027,0.06258906407790293,0.3169491554916455
scenario,37,2,0,0,certified_reset,0,1,0.09200030545077775,0.08800045817616663,0.003999847274611132,0.0759970982176115,0.0,0.0,0,0,2.1793772560158127,-2.6361981107173253,0.309874360753236,-1.0891825632672778,2.1793772560158127,-2.6361981107173253,1.55,6.060665010249941,0.06258906407790293,0.3169491554916455
scenario,37,3,0,0,certified_reset,0,1,0.08800045817616663,0.0840006109015555,0.003999847274611132,0.07199725094300037,0.0,0.0,0,0,0.309874360753236,-1.0891825632672778,-0.13020044208722983,0.21599969718118456,0.309874360753236,-1.0891825632672778,1.2959049362695103,0.3515437176510047,0.06258906407790293,0.3169491554916455
scenario,37,4,0,0,certified_reset,0,1,0.0840006109015555,0.08000076362694437,0.003999847274611132,0.06799740366838924,0.0,0.0,0,0,-0.13020044208722983,0.21599969718118456,-0.001798766289948045,0.033002264120750344,-0.13020044208722983,0.21599969718118456,-0.18853992272011663,0.026238894134018195,0.06258906407790293,0.3169491554916455
scenario,37,5,0,0,certified_reset,0,1,0.08000076362694437,0.07600091635233325,0.003999847274611132,0.06399755639377812,0.0,0.0,0,0,-0.001798766289948045,0.033002264120750344,0.00874814737867012,0.006764737144002855,-0.001798766289948045,0.033002264120750344,-0.0468208860854375,0.00025408734318872907,0.06258906407790293,0.3169491554916455
scenario,37,6,0,0,certified_reset,0,1,0.07600091635233325,0.07200106907772212,0.003999847274611132,0.05999770911916699,0.0,0.0,0,0,0.00874814737867012,0.006764737144002855,0.005528069416536557,-0.00468862422505631,0.00874814737867012,0.006764737144002855,-0.018676280741262645,9.348726947003569e-05,0.06258906407790293,0.3169491554916455
scenario,37,7,0,0,certified_reset,0,1,0.07200106907772212,0.068001221803111,0.003999847274611132,0.05599786184455586,0.0,0.0,0,0,0.005528069416536557,-0.00468862422505631,0.005970506359536317,-0.00017340841467912644,0.005528069416536557,-0.00468862422505631,0.0014001776055385436,3.45655393895044e-05,0.06258906407790293,0.3169491554916455
scenario,37,8,0,0,certified_reset,0,1,0.068001221803111,0.06400137452849987,0.003999847274611132,0.051998014569944725,0.0,0.0,0,0,0.005970506359536317,-0.00017340841467912644,0.003370854905867691,-0.010026380720557136,0.005970506359536317,-0.00017340841467912644,-0.005687736721377152,3.646111760064683e-05,0.06258906407790293,0.3169491554916455
scenario,37,9,0,0,certified_reset,0,1,0.06400137452849987,0.060001527253888735,0.003999847274611132,0.04799816729533359,0.0,0.0,0,0,0.003370854905867691,-0.010026380720557136,0.002358680175990683,0.006529477605110451,0.003370854905867691,-0.010026380720557136,0.011411946523927907,3.2713571746677804e-05,0.06258906407790293,0.3169491554916455
scenario,37,10,0,0,certified_reset,0,1,0.060001527253888735,0.0560016799792776,0.003999847274611132,0.04399832002072246,0.0,0.0,0,0,0.002358680175990683,0.006529477605110451,0.005747383504791108,0.00048146760519031644,0.002358680175990683,0.006529477605110451,-0.011964850639571999,1.6816447446508105e-05,0.06258906407790293,0.3169491554916455
scenario,37,11,0,0,certified_reset,0,1,0.0560016799792776,0.05200183270466647,0.003999847274611132,0.039998472746111326,0.0,0.0,0,0,0.005747383504791108,0.00048146760519031644,0.0061901193669864005,-0.017836384781748895,0.005747383504791108,0.00048146760519031644,-0.006432376213933397,3.410852973495691e-05,0.06258906407790293,0.3169491554916455
scenario,37,12,0,0,certified_reset,0,1,0.05200183270466647,0.048001985430055336,0.003999847274611132,0.03599862547150019,0.0,0.0,0,0,0.0061901193669864005,-0.017836384781748895,-0.0015278959293253199,-0.0008137213426455234,0.0061901193669864005,-0.017836384781748895,0.020111115423560328,0.0001056935938419029,0.06258906407790293,0.3169491554916455
scenario,37,13,0,0,certified_reset,0,1,0.048001985430055336,0.0440021381554442,0.003999847274611132,0.03199877819688906,0.0,0.0,0,0,-0.0015278959293253199,-0.0008137213426455234,-0.0031827969938636094,0.010681914962905357,-0.0015278959293253199,-0.0008137213426455234,0.002722272651819337,2.6389208168458e-06,0.06258906407790293,0.3169491554916455
scenario,37,14,0,0,certified_reset,0,1,0.0440021381554442,0.04000229088083307,0.003999847274611132,0.02799893092227793,0.0,0.0,0,0,-0.0031827969938636094,0.010681914962905357,-0.0072106140472268185,0.0021519339130972913,-0.0031827969938636094,0.010681914962905357,-0.012566293904418342,3.461658557590621e-05,0.06258906407790293,0.3169491554916455
scenario,37,15,0,0,certified_reset,0,1,0.04000229088083307,0.036002443606221936,0.003999847274611132,0.023999083647666796,0.0,0.0,0,0,-0.0072106140472268185,0.0021519339130972913,-0.0014574954758520826,0.004919815795889667,-0.0072106140472268185,0.0021519339130972913,0.004010004021522659,5.32285057663213e-05,0.06258906407790293,0.3169491554916455
scenario,37,16,0,0,certified_reset,0,1,0.036002443606221936,0.0320025963316108,0.003999847274611132,0.019999236373055663,0.0,0.0,0,0,-0.0014574954758520826,0.004919815795889667,0.014586332945930584,0.004253343845962296,-0.0014574954758520826,0.004919815795889667,-0.005791267977429274,7.319588425576618e-06,0.06258906407790293,0.3169491554916455
scenario,37,17,0,0,certified_reset,0,1,0.0320025963316108,0.02800274905699967,0.003999847274611132,0.01599938909844453,0.0,0.0,0,0,0.014586332945930584,0.004253343845962296,0.009365602088273466,-0.014285700614836576,0.014586332945930584,0.004253343845962296,-0.020791531286650497,0.0002268246712375915,0.06258906407790293,0.3169491554916455
scenario,37,18,0,0,certified_reset,0,1,0.02800274905699967,0.024002901782388536,0.003999847274611132,0.011999541823833396,0.0,0.0,0,0,0.009365602088273466,-0.014285700614836576,-0.000922034446563599,0.003061358037612003,0.009365602088273466,-0.014285700614836576,0.011721018651984022,0.00012788368300208983,0.06258906407790293,0.3169491554916455
scenario,37,19,0,0,certified_reset,0,1,0.024002901782388536,0.020003054507777403,0.003999847274611132,0.007999694549222265,0.0,0.0,0,0,-0.000922034446563599,0.003061358037612003,0.00018995267817717532,0.004447015361576795,-0.000922034446563599,0.003061358037612003,-0.003587259357472218,2.858802609295433e-06,0.06258906407790293,0.3169491554916455
scenario,37,20,0,0,certified_reset,0,1,0.020003054507777403,0.01600320723316627,0.003999847274611132,0.003999847274611132,0.0,0.0,0,0,0.00018995267817717532,0.004447015361576795,0.0009156491386749854,-0.003932336594977676,0.00018995267817717532,0.004447015361576795,-0.006738437246406002,4.730915645738473e-06,0.06258906407790293,0.3169491554916455
scenario,37,21,0,0,certified_reset,0,1,0.01600320723316627,0.012003359958555136,0.003999847274611132,0.0,0.0,0.0,0,0,0.0009156491386749854,-0.003932336594977676,-0.0010779250476409667,0.0005965440698168323,0.0009156491386749854,-0.003932336594977676,0.004880150140040258,4.217198777205729e-06,0.06258906407790293,0.3169491554916455
scenario,38,0,0,0,certified_reset,0,1,0.1,0.09600015272538888,0.003999847274611132,0.08399679276683375,0.0,0.0,0,0,-0.4841601836106584,-0.10787198664171704,-0.27889994522493144,0.5399788656846496,-0.4841601836106584,-0.10787198664171704,0.6410136599260616,0.2467780919895671,0.06258906407790293,0.3169491554916455
scenario,38,1,0,0,certified_reset,0,1,0.09600015272538888,0.09200030545077775,0.003999847274611132,0.07999694549222262,0.0,0.0,0,0,-0.27889994522493144,0.5399788656846496,0.007269668346956848,0.025045238799599977,-0.27889994522493144,0.5399788656846496,-0.517723479875422,0.1369700110563222,0.06258906407790293,0.3169491554916455
scenario,38,2,0,0,certified_reset,0,1,0.09200030545077775,0.08800045817616663,0.003999847274611132,0.0759970982176115,0.0,0.0,0,0,0.007269668346956848,0.025045238799599977,0.008307426353505095,-0.021249079400364784,0.007269668346956848,0.025045238799599977,-0.04413243320224308,0.00021444738695872536,0.06258906407790293,0.3169491554916455
scenario,38,3,0,0,certified_reset,0,1,0.08800045817616663,0.0840006109015555,0.003999847274611132,0.07199725094300037,0.0,0.0,0,0,0.008307426353505095,-0.021249079400364784,0.002205731161453021,0.007104917579357405,0.008307426353505095,-0.021249079400364784,0.023035517165953173,0.0001635534164618253,0.06258906407790293,0.3169491554916455
scenario,38,4,0,0,certified_reset,0,1,0.0840006109015555,0.08000076362694437,0.003999847274611132,0.06799740366838924,0.0,0.0,0,0,0.002205731161453021,0.007104917579357405,0.0004292616981599897,0.00176537314800788,0.002205731161453021,0.007104917579357405,-0.01266270248738358,1.796022449940779e-05,0.06258906407790293,0.3169491554916455
scenario,38,5,0,0,certified_reset,0,1,0.08000076362694437,0.07600091635233325,0.003999847274611132,0.06399755639377812,0.0,0.0,0,0,0.0004292616981599897,0.00176537314800788,0.0043001645355986995,0.0026345903710724467,0.0004292616981599897,0.00176537314800788,-0.0030289500887327255,9.746066948153532e-07,0.06258906407790293,0.3169491554916455
scenario,38,6,0,0,certified_reset,0,1,0.07600091635233325,0.07200106907772212,0.003999847274611132,0.05999770911916699,0.0,0.0,0,0,0.0043001645355986995,0.0026345903710724467,0.0022262831147570592,-0.00454015895764471,0.0043001645355986995,0.0026345903710724467,-0.008162077196009344,2.140629459326375e-05,0.06258906407790293,0.3169491554916455
scenario,38,7,0,0,certified_reset,0,1,0.07200106907772212,0.068001221803111,0.003999847274611132,0.05599786184455586,0.0,0.0,0,0,0.0022262831147570592,-0.00454015895764471,-0.0023672043896451876,-0.00911223296715811,0.0022262831147570592,-0.00454015895764471,0.004470073211320798,9.166223174839259e-06,0.06258906407790293,0.3169491554916455
scenario,38,8,0,0,certified_reset,0,1,0.068001221803111,0.06400137452849987,0.003999847274611132,0.051998014569944725,0.0,0.0,0,0,-0.0023672043896451876,-0.00911223296715811,-0.004103315385910033,0.019229137171566255,-0.0023672043896451876,-0.00911223296715811,0.015776772080109254,2.6772222190645674e-05,0.06258906407790293,0.3169491554916455
scenario,38,9,0,0,certified_reset,0,1,0.06400137452849987,0.060001527253888735,0.003999847274611132,0.04799816729533359,0.0,0.0,0,0,-0.004103315385910033,0.019229137171566255,0.002374227975699794,0.0032803284574102927,-0.004103315385910033,0.019229137171566255,-0.02424156841009101,9.808528707609805e-05,0.06258906407790293,0.3169491554916455
scenario,38,10,0,0,certified_reset,0,1,0.060001527253888735,0.0560016799792776,0.003999847274611132,0.04399832002072246,0.0,0.0,0,0,0.002374227975699794,0.0032803284574102927,0.00866085221725382,1.60362871736517e-05,0.002374227975699794,0.0032803284574102927,-0.007198198305853286,8.869209813784511e-06,0.06258906407790293,0.3169491554916455
scenario,38,11,0,0,certified_reset,0,1,0.0560016799792776,0.05200183270466647,0.003999847274611132,0.039998472746111326,0.0,0.0,0,0,0.00866085221725382,1.60362871736517e-05,0.0025828746359154156,-0.00828042448043435,0.00866085221725382,1.60362871736517e-05,-0.008645930198959283,7.687921014349343e-05,0.06258906407790293,0.3169491554916455
scenario,38,12,0,0,certified_reset,0,1,0.05200183270466647,0.048001985430055336,0.003999847274611132,0.03599862547150019,0.0,0.0,0,0,0.0025828746359154156,-0.00828042448043435,-0.0039786176476505975,0.010385536195741304,0.0025828746359154156,-0.00828042448043435,0.009625655542694582,2.1329349824232128e-05,0.06258906407790293,0.3169491554916455
scenario,38,13,0,0,certified_reset,0,1,0.048001985430055336,0.0440021381554442,0.003999847274611132,0.03199877819688906,0.0,0.0,0,0,-0.0039786176476505975,0.010385536195741304,0.0005696954588022376,-0.01616714429175426,-0.0039786176476505975,0.010385536195741304,-0.011337200196402445,3.8457386266678956e-05,0.06258906407790293,0.3169491554916455
scenario,38,14,0,0,certified_reset,0,1,0.0440021381554442,0.04000229088083307,0.003999847274611132,0.02799893092227793,0.0,0.0,0,0,0.0005696954588022376,-0.01616714429175426,-0.005690327937539902,0.016366707554785635,0.0005696954588022376,-0.01616714429175426,0.023249368542797775,6.088566117582319e-05,0.06258906407790293,0.3169491554916455
scenario,38,15,0,0,certified_reset,0,1,0.04000229088083307,0.036002443606221936,0.003999847274611132,0.023999083647666796,0.0,0.0,0,0,-0.005690327937539902,0.016366707554785635,-0.004702861768310204,-0.0061504474905053315,-0.005690327937539902,0.016366707554785635,-0.01844101993968236,8.909805336023906e-05,0.06258906407790293,0.3169491554916455
scenario,38,16,0,0,certified_reset,0,1,0.036002443606221936,0.0320025963316108,0.003999847274611132,0.019999236373055663,0.0,0.0,0,0,-0.004702861768310204,-0.0061504474905053315,-0.014745084340902399,0.008028649182614554,-0.004702861768310204,-0.0061504474905053315,0.013742905690119584,3.3647636012045206e-05,0.06258906407790293,0.3169491554916455
scenario,38,17,0,0,certified_reset,0,1,0.0320025963316108,0.02800274905699967,0.003999847274611132,0.01599938909844453,0.0,0.0,0,0,-0.014745084340902399,0.008028649182614554,-0.005498252007105085,0.014776558443518066,-0.014745084340902399,0.008028649182614554,0.0028507940546260266,0.00022922334527442193,0.06258906407790293,0.3169491554916455
scenario,38,18,0,0,certified_reset,0,1,0.02800274905699967,0.024002901782388536,0.003999847274611132,0.011999541823833396,0.0,0.0,0,0,-0.005498252007105085,0.014776558443518066,0.003350441293049469,0.0008520671124831627,-0.005498252007105085,0.014776558443518066,-0.01629249132901142,7.616930927452982e-05,0.06258906407790293,0.3169491554916455
scenario,38,19,1,1,certified_reset,0,1,0.024002901782388536,0.020003054507777403,0.003999847274611132,0.007999694549222265,0.0,0.0,0,0,0.003350441293049469,0.0008520671124831627,0.011042409984166215,-0.022657270034571613,0.003350441293049469,0.0008520671124831627,-0.004591541270338979,1.188319644465322e-05,0.0659683941917073,0.3371807140592316
scenario,38,20,1,1,certified_reset,0,1,0.020003054507777403,0.01600320723316627,0.003999847274611132,0.003999847274611132,0.0,0.0,0,0,0.011042409984166215,-0.022657270034571613,-0.015026575833889852,-0.027622884463792345,0.011042409984166215,-0.022657270034571613,0.02237870053181429,0.00022685831357123875,0.0659683941917073,0.3371807140592316
scenario,38,21,1,1,certified_reset,0,1,0.01600320723316627,0.012003359958555136,0.003999847274611132,0.0,0.0,0.0,0,0,-0.015026575833889852,-0.027622884463792345,0.00693613683831695,0.013506349771186064,-0.015026575833889852,-0.027622884463792345,0.05565595155579652,0.00044058187917917543,0.0659683941917073,0.3371807140592316
scenario,39,0,1,1,certified_reset,0,1,0.1,0.09600015272538888,0.003999847274611132,0.08399679276683375,0.0,0.0,0,0,0.2513803512679278,-0.045007348681449844,0.13172747078241495,-0.23895745482590433,0.2513803512679278,-0.045007348681449844,-0.18401646290838844,0.06440325152747968,0.0659683941917073,0.3371807140592316
scenario,39,1,0,0,certified_reset,0,1,0.09600015272538888,0.09200030545077775,0.003999847274611132,0.07999694549222262,0.0,0.0,0,0,0.13172747078241495,-0.23895745482590433,0.0019497605377613826,-0.025733409183708967,0.13172747078241495,-0.23895745482590433,0.22083890317450824,0.02884949182665232,0.06258906407790293,0.3169491554916455
scenario,39,2,0,0,certified_reset,0,1,0.09200030545077775,0.08800045817616663,0.003999847274611132,0.0759970982176115,0.0,0.0,0,0,0.0019497605377613826,-0.025733409183708967,-0.006074605478960859,0.007938664714431415,0.0019497605377613826,-0.025733409183708967,0.03596454836288194,0.00015533528730717885,0.06258906407790293,0.3169491554916455
scenario,39,3,0,0,certified_reset,0,1,0.08800045817616663,0.0840006109015555,0.003999847274611132,0.07199725094300037,0.0,0.0,0,0,-0.006074605478960859,0.007938664714431415,0.0028619582064134965,-0.002403932382479686,-0.006074605478960859,0.007938664714431415,-0.005640028574840753,4.904011132381531e-05,0.06258906407790293,0.3169491554916455
scenario,39,4,0,0,certified_reset,0,1,0.0840006109015555,0.08000076362694437,0.003999847274611132,0.06799740366838924,0.0,0.0,0,0,0.0028619582064134965,-0.002403932382479686,-0.0038879313884209914,0.001398442630287872,0.0028619582064134965,-0.002403932382479686,0.0006909757865906983,9.242941325615126e-06,0.06258906407790293,0.3169491554916455
scenario,39,5,0,0,certified_reset,0,1,0.08000076362694437,0.07600091635233325,0.003999847274611132,0.06399755639377812,0.0,0.0,0,0,-0.0038879313884209914,0.001398442630287872,0.0029063918864283287,-0.0056793421984938,-0.0038879313884209914,0.001398442630287872,0.0018102786766592532,1.5549953725485522e-05,0.06258906407790293,0.3169491554916455
scenario,39,6,0,0,certified_reset,0,1,0.07600091635233325,0.07200106907772212,0.003999847274611132,0.05999770911916699,0.0,0.0,0,0,0.0029063918864283287,-0.0056793421984938,0.00354155385809812,-0.006161643843480678,0.0029063918864283287,-0.0056793421984938,0.005474788933513198,1.5002333649526012e-05,0.06258906407790293,0.3169491554916455
scenario,39,7,0,0,certified_reset,0,1,0.07200106907772212,0.068001221803111,0.003999847274611132,0.05599786184455586,0.0,0.0,0,0,0.00354155385809812,-0.006161643843480678,-0.007228802547575693,0.0028721755094137527,0.00354155385809812,-0.006161643843480678,0.005549219333753731,2.0146303483864937e-05,0.06258906407790293,0.3169491554916455
scenario,39,8,0,0,certified_reset,0,1,0.068001221803111,0.06400137452849987,0.003999847274611132,0.051998014569944725,0.0,0.0,0,0,-0.007228802547575693,0.0028721755094137527,-0.0043575226027430854,0.005620175506588425,-0.007228802547575693,0.0028721755094137527,0.002963846541691547,5.396008651814195e-05,0.06258906407790293,0.3169491554916455
scenario,39,9,0,0,certified_reset,0,1,0.06400137452849987,0.060001527253888735,0.003999847274611132,0.04799816729533359,0.0,0.0,0,0,-0.0043575226027430854,0.005620175506588425,0.00343610504550735,0.016986977528763735,-0.0043575226027430854,0.005620175506588425,-0.003936532263461562,2.506095748042288e-05,0.06258906407790293,0.3169491554916455
scenario,39,10,0,0,certified_reset,0,1,0.060001527253888735,0.0560016799792776,0.003999847274611132,0.04399832002072246,0.0,0.0,0,0,0.00343610504550735,0.016986977528763735,0.012858215993180273,-0.021375251093443286,0.00343610504550735,0.016986977528763735,-0.028445957579961493,8.397646345107562e-05,0.06258906407790293,0.3169491554916455
scenario,39,11,0,0,certified_reset,0,1,0.0560016799792776,0.05200183270466647,0.003999847274611132,0.039998472746111326,0.0,0.0,0,0,0.012858215993180273,-0.021375251093443286,-0.0032197636317898085,-0.0011913995491936347,0.012858215993180273,-0.021375251093443286,0.018681280422546524,0.0002563007191583172,0.06258906407790293,0.3169491554916455
scenario,39,12,0,0,certified_reset,0,1,0.05200183270466647,0.048001985430055336,0.003999847274611132,0.03599862547150019,0.0,0.0,0,0,-0.0032197636317898085,-0.0011913995491936347,0.003991184808166227,0.007861006981806234,-0.0032197636317898085,-0.0011913995491936347,0.004957022221673962,1.1236677496697917e-05,0.06258906407790293,0.3169491554916455
scenario,39,13,0,0,certified_reset,0,1,0.048001985430055336,0.0440021381554442,0.003999847274611132,0.03199877819688906,0.0,0.0,0,0,0.003991184808166227,0.007861006981806234,-0.009137045821123672,-0.006433348797767611,0.003991184808166227,0.007861006981806234,-0.015552412418007675,3.309967201167301e-05,0.06258906407790293,0.3169491554916455
scenario,39,14,0,0,certified_reset,0,1,0.0440021381554442,0.04000229088083307,0.003999847274611132,0.02799893092227793,0.0,0.0,0,0,-0.009137045821123672,-0.006433348797767611,-0.012326376278965562,0.014271400612221125,-0.009137045821123672,-0.006433348797767611,0.018577961299585197,9.956395830420852e-05,0.06258906407790293,0.3169491554916455
scenario,39,15,0,0,certified_reset,0,1,0.04000229088083307,0.036002443606221936,0.003999847274611132,0.023999083647666796,0.0,0.0,0,0,-0.012326376278965562,0.014271400612221125,0.004897012653117447,0.01526718177102404,-0.012326376278965562,0.014271400612221125,-0.008748790327849502,0.0001905142030538727,0.06258906407790293,0.3169491554916455
scenario,39,16,0,0,certified_reset,0,1,0.036002443606221936,0.0320025963316108,0.003999847274611132,0.019999236373055663,0.0,0.0,0,0,0.004897012653117447,0.01526718177102404,0.003763670675429916,-0.008520169614989633,0.004897012653117447,0.01526718177102404,-0.027365782862517146,8.465851577806128e-05,0.06258906407790293,0.3169491554916455
scenario,39,17,0,0,certified_reset,0,1,0.0320025963316108,0.02800274905699967,0.003999847274611132,0.01599938909844453,0.0,0.0,0,0,0.003763670675429916,-0.008520169614989633,-0.0007261623558117703,-0.002789288249598614,0.003763670675429916,-0.008520169614989633,0.00880422655524405,2.916986933226736e-05,0.06258906407790293,0.3169491554916455
scenario,39,18,1,1,certified_reset,0,1,0.02800274905699967,0.024002901782388536,0.003999847274611132,0.011999541823833396,0.0,0.0,0,0,-0.0007261623558117703,-0.002789288249598614,0.005996591881588716,-0.022581528676996712,-0.0007261623558117703,-0.002789288249598614,0.0048326235837542275,2.511591243637341e-06,0.0659683941917073,0.3371807140592316
scenario,39,19,0,0,certified_reset,0,1,0.024002901782388536,0.020003054507777403,0.003999847274611132,0.007999694549222265,0.0,0.0,0,0,0.005996591881588716,-0.022581528676996712,-0.01738811793859331,0.004396158036613606,0.005996591881588716,-0.022581528676996712,0.027293160441844194,0.0001463686080971464,0.06258906407790293,0.3169491554916455
scenario,39,20,0,0,certified_reset,0,1,0.020003054507777403,0.01600320723316627,0.003999847274611132,0.003999847274611132,0.0,0.0,0,0,-0.01738811793859331,0.004396158036613606,-0.0006914172606850861,0.012390626265153495,-0.01738811793859331,0.004396158036613606,0.010839044760927643,0.00030876248471658406,0.06258906407790293,0.3169491554916455
scenario,39,21,0,0,certified_reset,0,1,0.01600320723316627,0.012003359958555136,0.003999847274611132,0.0,0.0,0.0,0,0,-0.0006914172606850861,0.012390626265153495,0.0066989545899791385,-0.007682862894896015,-0.0006914172606850861,0.012390626265153495,-0.0175666476844252,3.5827707063779394e-05,0.06258906407790293,0.3169491554916455
scenario,40,0,0,0,certified_reset,0,1,0.1,0.09600015272538888,0.003999847274611132,0.08399679276683375,0.0,0.0,0,0,-2.6716115148330846,-0.4807744429062681,-2.371277101550418,1.0584302855509224,-2.6716115148330846,-0.4807744429062681,1.55,7.2391765178800584,0.06258906407790293,0.3169491554916455
scenario,40,1,0,0,certified_reset,0,1,0.09600015272538888,0.09200030545077775,0.003999847274611132,0.07999694549222262,0.0,0.0,0,0,-2.371277101550418,1.0584302855509224,-0.9744365176108971,1.7167638966000618,-2.371277101550418,1.0584302855509224,0.6704966864411518,5.835843677987418,0.06258906407790293,0.3169491554916455
scenario,40,2,0,0,certified_reset,0,1,0.09200030545077775,0.08800045817616663,0.003999847274611132,0.0759970982176115,0.0,0.0,0,0,-0.9744365176108971,1.7167638966000618,-0.03641733502618221,0.17974811917250005,-0.9744365176108971,1.7167638966000618,-1.55,1.5400991166541491,0.06258906407790293,0.3169491554916455
scenario,40,3,0,0,certified_reset,0,1,0.08800045817616663,0.0840006109015555,0.003999847274611132,0.07199725094300037,0.0,0.0,0,0,-0.03641733502618221,0.17974811917250005,0.027408427574977988,-0.038681267119952546,-0.03641733502618221,0.17974811917250005,-0.22852363593118344,0.00844748813717863,0.06258906407790293,0.3169491554916455
scenario,40,4,0,0,certified_reset,0,1,0.0840006109015555,0.08000076362694437,0.003999847274611132,0.06799740366838924,0.0,0.0,0,0,0.027408427574977988,-0.038681267119952546,0.00661761308910857,0.011130600764522013,0.027408427574977988,-0.038681267119952546,0.029689621619836182,0.0010425820196119618,0.06258906407790293,0.3169491554916455
scenario,40,5,0,0,certified_reset,0,1,0.08000076362694437,0.07600091635233325,0.003999847274611132,0.06399755639377812,0.0,0.0,0,0,0.00661761308910857,0.011130600764522013,0.00726296318093387,-0.005839182347390984,0.00661761308910857,0.011130600764522013,-0.022982024942756654,7.929738896713032e-05,0.06258906407790293,0.3169491554916455
scenario,40,6,0,0,certified_reset,0,1,0.07600091635233325,0.07200106907772212,0.003999847274611132,0.05999770911916699,0.0,0.0,0,0,0.00726296318093387,-0.005839182347390984,0.002635664889452954,-0.002157414932050353,0.00726296318093387,-0.005839182347390984,0.0013703139410821364,5.893486726252399e-05,0.06258906407790293,0.3169491554916455
scenario,40,7,0,0,certified_reset,0,1,0.07200106907772212,0.068001221803111,0.003999847274611132,0.05599786184455586,0.0,0.0,0,0,0.002635664889452954,-0.002157414932050353,-0.0025541162437361722,-0.011985299273525056,0.002635664889452954,-0.002157414932050353,0.0005511986241519822,7.792123961602816e-06,0.06258906407790293,0.3169491554916455
scenario,40,8,0,0,certified_reset,0,1,0.068001221803111,0.06400137452849987,0.003999847274611132,0.051998014569944725,0.0,0.0,0,0,-0.0025541162437361722,-0.011985299273525056,-0.004599292224179729,-0.001035416516703469,-0.0025541162437361722,-0.011985299273525056,0.02019628640044333,4.257729115740812e-05,0.06258906407790293,0.3169491554916455
scenario,40,9,0,0,certified_reset,0,1,0.06400137452849987,0.060001527253888735,0.003999847274611132,0.04799816729533359,0.0,0.0,0,0,-0.004599292224179729,-0.001035416516703469,-0.003670459722954551,0.010424632999314398,-0.004599292224179729,-0.001035416516703469,0.006105166275345291,2.227829106999168e-05,0.06258906407790293,0.3169491554916455
scenario,40,10,0,0,certified_reset,0,1,0.060001527253888735,0.0560016799792776,0.003999847274611132,0.04399832002072246,0.0,0.0,0,0,-0.003670459722954551,0.010424632999314398,-0.010047825622799978,0.004156916922413496,-0.003670459722954551,0.010424632999314398,-0.0117009853644261,3.645623621096549e-05,0.06258906407790293,0.3169491554916455
scenario,40,11,0,0,certified_reset,0,1,0.0560016799792776,0.05200183270466647,0.003999847274611132,0.039998472746111326,0.0,0.0,0,0,-0.010047825622799978,0.004156916922413496,-0.007260101310251669,0.012760582226887127,-0.010047825622799978,0.004156916922413496,0.0038800507313493456,0.00010444556208211448,0.06258906407790293,0.3169491554916455
scenario,40,12,0,0,certified_reset,0,1,0.05200183270466647,0.048001985430055336,0.003999847274611132,0.03599862547150019,0.0,0.0,0,0,-0.007260101310251669,0.012760582226887127,-0.0023137638504943446,-0.004419426539800772,-0.007260101310251669,0.012760582226887127,-0.011568309908274302,8.53645584669115e-05,0.06258906407790293,0.3169491554916455
scenario,40,13,0,0,certified_reset,0,1,0.048001985430055336,0.0440021381554442,0.003999847274611132,0.03199877819688906,0.0,0.0,0,0,-0.0023137638504943446,-0.004419426539800772,-0.006191062426963611,-0.00020650677493995115,-0.0023137638504943446,-0.004419426539800772,0.008810759861273635,1.0809879958505358e-05,0.06258906407790293,0.3169491554916455
scenario,40,14,0,0,certified_reset,0,1,0.0440021381554442,0.04000229088083307,0.003999847274611132,0.02799893092227793,0.0,0.0,0,0,-0.006191062426963611,-0.00020650677493995115,-0.004802282915158958,0.002339721419087463,-0.006191062426963611,-0.00020650677493995115,0.006469772248210662,3.938337890681077e-05,0.06258906407790293,0.3169491554916455
scenario,40,15,0,0,certified_reset,0,1,0.04000229088083307,0.036002443606221936,0.003999847274611132,0.023999083647666796,0.0,0.0,0,0,-0.004802282915158958,0.002339721419087463,-0.01200957560892571,0.000526400811954846,-0.004802282915158958,0.002339721419087463,0.0013371368760953567,2.4091992910271567e-05,0.06258906407790293,0.3169491554916455
scenario,40,16,0,0,certified_reset,0,1,0.036002443606221936,0.0320025963316108,0.003999847274611132,0.019999236373055663,0.0,0.0,0,0,-0.01200957560892571,0.000526400811954846,-0.0015543615227247088,0.023069345855733947,-0.01200957560892571,0.000526400811954846,0.011181959380895081,0.00014740568930307184,0.06258906407790293,0.3169491554916455
scenario,40,17,0,0,certified_reset,0,1,0.0320025963316108,0.02800274905699967,0.003999847274611132,0.01599938909844453,0.0,0.0,0,0,-0.0015543615227247088,0.023069345855733947,0.00613558559680111,-0.007062202310304022,-0.0015543615227247088,0.023069345855733947,-0.03243814998723912,0.00012451692838625703,0.06258906407790293,0.3169491554916455
scenario,40,18,0,0,certified_reset,0,1,0.02800274905699967,0.024002901782388536,0.003999847274611132,0.011999541823833396,0.0,0.0,0,0,0.00613558559680111,-0.007062202310304022,0.0012116825251803204,-0.01562274293743145,0.00613558559680111,-0.007062202310304022,0.0042923058137238875,4.708345411053585e-05,0.06258906407790293,0.3169491554916455
scenario,40,19,0,0,certified_reset,0,1,0.024002901782388536,0.020003054507777403,0.003999847274611132,0.007999694549222265,0.0,0.0,0,0,0.0012116825251803204,-0.01562274293743145,-0.010951677244049364,0.0036538053776217663,0.0012116825251803204,-0.01562274293743145,0.02180690642506371,5.728932117764604e-05,0.06258906407790293,0.3169491554916455
scenario,40,20,1,1,certified_reset,0,1,0.020003054507777403,0.01600320723316627,0.003999847274611132,0.003999847274611132,0.0,0.0,0,0,-0.010951677244049364,0.0036538053776217663,-0.007894405077169164,0.00349576889421648,-0.010951677244049364,0.0036538053776217663,0.00552182997530153,0.0001231045524874889,0.0659683941917073,0.3371807140592316
scenario,40,21,1,1,certified_reset,0,1,0.01600320723316627,0.012003359958555136,0.003999847274611132,0.0,0.0,0.0,0,0,-0.007894405077169164,0.00349576889421648,-0.02616141346203204,0.008033098532810791,-0.007894405077169164,0.00349576889421648,0.002714172081273159,6.470547180372221e-05,0.0659683941917073,0.3371807140592316
scenario,41,0,0,0,certified_reset,0,1,0.1,0.09600015272538888,0.003999847274611132,0.08399679276683375,0.0,0.0,0,0,5.646934188730151,-0.19251073113705136,4.668856231874936,-1.761972878685899,5.646934188730151,-0.19251073113705136,-1.55,31.95459910053798,0.06258906407790293,0.3169491554916455
scenario,41,1,0,0,certified_reset,0,1,0.09600015272538888,0.09200030545077775,0.003999847274611132,0.07999694549222262,0.0,0.0,0,0,4.668856231874936,-1.761972878685899,2.4075426307327548,-2.766379015823155,4.668856231874936,-1.761972878685899,-1.006846461775491,22.382380725397613,0.06258906407790293,0.3169491554916455
scenario,41,2,0,0,certified_reset,0,1,0.09200030545077775,0.08800045817616663,0.003999847274611132,0.0759970982176115,0.0,0.0,0,0,2.4075426307327548,-2.766379015823155,0.41577011781202267,-1.2181917817979677,2.4075426307327548,-2.766379015823155,1.55,7.233837533449197,0.06258906407790293,0.3169491554916455
scenario,41,3,0,0,certified_reset,0,1,0.08800045817616663,0.0840006109015555,0.003999847274611132,0.07199725094300037,0.0,0.0,0,0,0.41577011781202267,-1.2181917817979677,-0.11208571403331834,0.16285397849987812,0.41577011781202267,-1.2181917817979677,1.3805009566249946,0.48762778224970565,0.06258906407790293,0.3169491554916455
scenario,41,4,0,0,certified_reset,0,1,0.0840006109015555,0.08000076362694437,0.003999847274611132,0.06799740366838924,0.0,0.0,0,0,-0.11208571403331834,0.16285397849987812,-0.009925988724996308,0.028679795024613004,-0.11208571403331834,0.16285397849987812,-0.1282895630261027,0.0177485178862775,0.06258906407790293,0.3169491554916455
scenario,41,5,1,1,certified_reset,0,1,0.08000076362694437,0.07600091635233325,0.003999847274611132,0.06399755639377812,0.0,0.0,0,0,-0.009925988724996308,0.028679795024613004,0.0052277691689620615,0.0009031724603387661,-0.009925988724996308,0.028679795024613004,-0.03236522522825062,0.0002727684629483256,0.0659683941917073,0.3371807140592316
scenario,41,6,1,1,certified_reset,0,1,0.07600091635233325,0.07200106907772212,0.003999847274611132,0.05999770911916699,0.0,0.0,0,0,0.0052277691689620615,0.0009031724603387661,0.022950622460697713,0.011798109844364437,0.0052277691689620615,0.0009031724603387661,-0.006540457449422505,2.854583976390353e-05,0.0659683941917073,0.3371807140592316
scenario,41,7,0,0,certified_reset,0,1,0.07200106907772212,0.068001221803111,0.003999847274611132,0.05599786184455586,0.0,0.0,0,0,0.022950622460697713,0.011798109844364437,0.008638639382410185,-0.031931003345374555,0.022950622460697713,0.011798109844364437,-0.040230383803384215,0.0005922483371196164,0.06258906407790293,0.3169491554916455
scenario,41,8,0,0,certified_reset,0,1,0.068001221803111,0.06400137452849987,0.003999847274611132,0.051998014569944725,0.0,0.0,0,0,0.008638639382410185,-0.031931003345374555,-0.004509512250495111,-0.0028466810403754497,0.008638639382410185,-0.031931003345374555,0.0384374238252538,0.0002950879945730007,0.06258906407790293,0.3169491554916455
scenario,41,9,0,0,certified_reset,0,1,0.06400137452849987,0.060001527253888735,0.003999847274611132,0.04799816729533359,0.0,0.0,0,0,-0.004509512250495111,-0.0028466810403754497,-0.008362423206013478,-0.0009312439491668805,-0.004509512250495111,-0.0028466810403754497,0.008688474649629865,2.368158726101095e-05,0.06258906407790293,0.3169491554916455
scenario,41,10,0,0,certified_reset,0,1,0.060001527253888735,0.0560016799792776,0.003999847274611132,0.04399832002072246,0.0,0.0,0,0,-0.008362423206013478,-0.0009312439491668805,-0.004087859334641455,0.0057750282828636194,-0.008362423206013478,-0.0009312439491668805,0.009696592376599865,7.243681822213589e-05,0.06258906407790293,0.3169491554916455
scenario,41,11,1,1,certified_reset,0,1,0.0560016799792776,0.05200183270466647,0.003999847274611132,0.039998472746111326,0.0,0.0,0,0,-0.004087859334641455,0.0057750282828636194,-0.004782848410602805,0.0015915978317700128,-0.004087859334641455,0.0057750282828636194,-0.0044374662044558595,2.320604289792493e-05,0.0659683941917073,0.3371807140592316
scenario,41,12,1,1,certified_reset,0,1,0.05200183270466647,0.048001985430055336,0.003999847274611132,0.03599862547150019,0.0,0.0,0,0,-0.004782848410602805,0.0015915978317700128,0.012163344373607577,-0.009128062321324825,-0.004782848410602805,0.0015915978317700128,0.0024145462555609197,2.3477362817768964e-05,0.0659683941917073,0.3371807140592316
scenario,41,13,1,1,certified_reset,0,1,0.048001985430055336,0.0440021381554442,0.003999847274611132,0.03199877819688906,0.0,0.0,0,0,0.012163344373607577,-0.009128062321324825,0.01593079306469211,-0.024981319452625106,0.012163344373607577,-0.009128062321324825,0.001338782814003597,0.00016298962875010606,0.0659683941917073,0.3371807140592316
scenario,41,14,0,0,certified_reset,0,1,0.0440021381554442,0.04000229088083307,0.003999847274611132,0.02799893092227793,0.0,0.0,0,0,0.01593079306469211,-0.024981319452625106,0.006280354158162393,-0.010450451597774142,0.01593079306469211,-0.024981319452625106,0.02093482869127803,0.0003770787818653102,0.06258906407790293,0.3169491554916455
scenario,41,15,0,0,certified_reset,0,1,0.04000229088083307,0.036002443606221936,0.003999847274611132,0.023999083647666796,0.0,0.0,0,0,0.006280354158162393,-0.010450451597774142,0.005526923874424853,0.008700060970735543,0.006280354158162393,-0.010450451597774142,0.009139432751561144,6.1189228074991e-05,0.06258906407790293,0.3169491554916455
scenario,41,16,0,0,certified_reset,0,1,0.036002443606221936,0.0320025963316108,0.003999847274611132,0.019999236373055663,0.0,0.0,0,0,0.005526923874424853,0.008700060970735543,0.004913881949822559,-0.007874007554119315,0.005526923874424853,0.008700060970735543,-0.018319540205225988,5.256141730797257e-05,0.06258906407790293,0.3169491554916455
scenario,41,17,0,0,certified_reset,0,1,0.0320025963316108,0.02800274905699967,0.003999847274611132,0.01599938909844453,0.0,0.0,0,0,0.004913881949822559,-0.007874007554119315,0.0012568333142644829,0.005649259932283703,0.004913881949822559,-0.007874007554119315,0.006705891285960475,3.643045935848902e-05,0.06258906407790293,0.3169491554916455
scenario,41,18,0,0,certified_reset,0,1,0.02800274905699967,0.024002901782388536,0.003999847274611132,0.011999541823833396,0.0,0.0,0,0,0.0012568333142644829,0.005649259932283703,0.0021087067269141666,0.002728947562542856,0.0012568333142644829,0.005649259932283703,-0.009573070569188494,9.61526678376271e-06,0.06258906407790293,0.3169491554916455
scenario,41,19,0,0,certified_reset,0,1,0.024002901782388536,0.020003054507777403,0.003999847274611132,0.007999694549222265,0.0,0.0,0,0,0.0021087067269141666,0.002728947562542856,-0.00018335341455987062,-0.017372422241211067,0.0021087067269141666,0.002728947562542856,-0.006119900530410628,6.7234614865256106e-06,0.06258906407790293,0.3169491554916455
scenario,41,20,0,0,certified_reset,0,1,0.020003054507777403,0.01600320723316627,0.003999847274611132,0.003999847274611132,0.0,0.0,0,0,-0.00018335341455987062,-0.017372422241211067,-0.009744108313641444,0.005743537459379975,-0.00018335341455987062,-0.017372422241211067,0.025776069610617385,7.096795240376207e-05,0.06258906407790293,0.3169491554916455
scenario,41,21,0,0,certified_reset,0,1,0.01600320723316627,0.012003359958555136,0.003999847274611132,0.0,0.0,0.0,0,0,-0.009744108313641444,0.005743537459379975,-0.0033280194557658324,0.01182134520948337,-0.009744108313641444,0.005743537459379975,0.0012440802996883614,0.0001009242202812923,0.06258906407790293,0.3169491554916455
scenario,42,0,0,0,certified_reset,0,1,0.1,0.09600015272538888,0.003999847274611132,0.08399679276683375,0.0,0.0,0,0,3.449150067774177,-0.44829427090332563,2.2346679580005375,-1.982697991415557,3.449150067774177,-0.44829427090332563,-1.55,11.992872885625063,0.06258906407790293,0.3169491554916455
scenario,42,1,0,0,certified_reset,0,1,0.09600015272538888,0.09200030545077775,0.003999847274611132,0.07999694549222262,0.0,0.0,0,0,2.2346679580005375,-1.982697991415557,0.608227335568163,-1.2888232816371477,2.2346679580005375,-1.982697991415557,0.69550098217959,5.713430361449002,0.06258906407790293,0.3169491554916455
scenario,42,2,0,0,certified_reset,0,1,0.09200030545077775,0.08800045817616663,0.003999847274611132,0.0759970982176115,0.0,0.0,0,0,0.608227335568163,-1.2888232816371477,-0.035316581751630924,0.010666509216936959,0.608227335568163,-1.2888232816371477,1.292907568876576,0.7107225225059957,0.06258906407790293,0.3169491554916455
scenario,42,3,0,0,certified_reset,0,1,0.08800045817616663,0.0840006109015555,0.003999847274611132,0.07199725094300037,0.0,0.0,0,0,-0.035316581751630924,0.010666509216936959,-0.01351041416049714,0.0180998566839071,-0.035316581751630924,0.010666509216936959,0.019453972396188374,0.001277201768066922,0.06258906407790293,0.3169491554916455
scenario,42,4,0,0,certified_reset,0,1,0.0840006109015555,0.08000076362694437,0.003999847274611132,0.06799740366838924,0.0,0.0,0,0,-0.01351041416049714,0.0180998566839071,-0.004358897876607683,0.010800781405986153,-0.01351041416049714,0.0180998566839071,-0.013212622478225442,0.0002458644917630001,0.06258906407790293,0.3169491554916455
scenario,42,5,0,0,certified_reset,0,1,0.08000076362694437,0.07600091635233325,0.003999847274611132,0.06399755639377812,0.0,0.0,0,0,-0.004358897876607683,0.010800781405986153,-0.0010319320105989353,-0.007236036927675721,-0.004358897876607683,0.010800781405986153,-0.011569059299786669,4.3344307242125795e-05,0.06258906407790293,0.3169491554916455
scenario,42,6,0,0,certified_reset,0,1,0.07600091635233325,0.07200106907772212,0.003999847274611132,0.05999770911916699,0.0,0.0,0,0,-0.0010319320105989353,-0.007236036927675721,0.00441525582218346,0.008920438338906843,-0.0010319320105989353,-0.007236036927675721,0.011687130964218296,1.3904450904232117e-05,0.06258906407790293,0.3169491554916455
scenario,42,7,0,0,certified_reset,0,1,0.07200106907772212,0.068001221803111,0.003999847274611132,0.05599786184455586,0.0,0.0,0,0,0.00441525582218346,0.008920438338906843,-0.002336592093410428,-0.003461152385253653,0.00441525582218346,0.008920438338906843,-0.017539888858892645,4.150903613336563e-05,0.06258906407790293,0.3169491554916455
scenario,42,8,1,1,certified_reset,0,1,0.068001221803111,0.06400137452849987,0.003999847274611132,0.051998014569944725,0.0,0.0,0,0,-0.002336592093410428,-0.003461152385253653,-0.0019357158272146529,0.0550048480398938,-0.002336592093410428,-0.003461152385253653,0.0074231233873578405,8.99355528169707e-06,0.0659683941917073,0.3371807140592316
scenario,42,9,0,0,certified_reset,0,1,0.06400137452849987,0.060001527253888735,0.003999847274611132,0.04799816729533359,0.0,0.0,0,0,-0.0019357158272146529,0.0550048480398938,0.0125325170381594,-0.02106257692732152,-0.0019357158272146529,0.0550048480398938,-0.07910050701011115,0.000704765246415671,0.06258906407790293,0.3169491554916455
scenario,42,10,0,0,certified_reset,0,1,0.060001527253888735,0.0560016799792776,0.003999847274611132,0.04399832002072246,0.0,0.0,0,0,0.0125325170381594,-0.02106257692732152,0.0024852738415003283,0.002136315774189099,0.0125325170381594,-0.02106257692732152,0.018550851551121638,0.0002455211220710301,0.06258906407790293,0.3169491554916455
scenario,42,11,0,0,certified_reset,0,1,0.0560016799792776,0.05200183270466647,0.003999847274611132,0.039998472746111326,0.0,0.0,0,0,0.0024852738415003283,0.002136315774189099,0.003137441348829954,-0.01635592904483069,0.0024852738415003283,0.002136315774189099,-0.005619932544497779,7.787669228032281e-06,0.06258906407790293,0.3169491554916455
scenario,42,12,0,0,certified_reset,0,1,0.05200183270466647,0.048001985430055336,0.003999847274611132,0.03599862547150019,0.0,0.0,0,0,0.003137441348829954,-0.01635592904483069,0.007536140293231098,0.007217180014862209,0.003137441348829954,-0.01635592904483069,0.020969902745794626,6.898991343206656e-05,0.06258906407790293,0.3169491554916455
scenario,42,13,0,0,certified_reset,0,1,0.048001985430055336,0.0440021381554442,0.003999847274611132,0.03199877819688906,0.0,0.0,0,0,0.007536140293231098,0.007217180014862209,0.005744491722663169,-0.015979577086436953,0.007536140293231098,0.007217180014862209,-0.018137332732595872,7.439326521163041e-05,0.06258906407790293,0.3169491554916455
scenario,42,14,0,0,certified_reset,0,1,0.0440021381554442,0.04000229088083307,0.003999847274611132,0.02799893092227793,0.0,0.0,0,0,0.005744491722663169,-0.015979577086436953,0.0023380261173617306,-0.0025731333580497305,0.005744491722663169,-0.015979577086436953,0.017819887831951348,8.690033430537742e-05,0.06258906407790293,0.3169491554916455
scenario,42,15,0,0,certified_reset,0,1,0.04000229088083307,0.036002443606221936,0.003999847274611132,0.023999083647666796,0.0,0.0,0,0,0.0023380261173617306,-0.0025731333580497305,-0.003956085575495328,0.011161804190212895,0.0023380261173617306,-0.0025731333580497305,0.0014626080787854502,6.711629435364271e-06,0.06258906407790293,0.3169491554916455
scenario,42,16,0,0,certified_reset,0,1,0.036002443606221936,0.0320025963316108,0.003999847274611132,0.019999236373055663,0.0,0.0,0,0,-0.003956085575495328,0.011161804190212895,-3.8368573713034324e-05,0.002537262105599212,-0.003956085575495328,0.011161804190212895,-0.012500053829228079,4.198235382449994e-05,0.06258906407790293,0.3169491554916455
scenario,42,17,0,0,certified_reset,0,1,0.0320025963316108,0.02800274905699967,0.003999847274611132,0.01599938909844453,0.0,0.0,0,0,-3.8368573713034324e-05,0.002537262105599212,-0.0013918574832937735,-0.0006611575324857351,-3.8368573713034324e-05,0.002537262105599212,-0.003702257831926736,1.5029257924520983e-06,0.06258906407790293,0.3169491554916455
scenario,42,18,0,0,certified_reset,0,1,0.02800274905699967,0.024002901782388536,0.003999847274611132,0.011999541823833396,0.0,0.0,0,0,-0.0013918574832937735,-0.0006611575324857351,-0.007898923792613647,-0.000973086496352955,-0.0013918574832937735,-0.0006611575324857351,0.002357285902109556,2.154870445305261e-06,0.06258906407790293,0.3169491554916455
scenario,42,19,0,0,certified_reset,0,1,0.024002901782388536,0.020003054507777403,0.003999847274611132,0.007999694549222265,0.0,0.0,0,0,-0.007898923792613647,-0.000973086496352955,-0.005514738273370694,0.019252676864536786,-0.007898923792613647,-0.000973086496352955,0.00929765391599839,6.472459780934917e-05,0.06258906407790293,0.3169491554916455
scenario,42,20,0,0,certified_reset,0,1,0.020003054507777403,0.01600320723316627,0.003999847274611132,0.003999847274611132,0.0,0.0,0,0,-0.005514738273370694,0.019252676864536786,0.00526299206020827,-0.0058512203023741195,-0.005514738273370694,0.019252676864536786,-0.022871900398957257,0.00011021023588132371,0.06258906407790293,0.3169491554916455
scenario,42,21,0,0,certified_reset,0,1,0.01600320723316627,0.012003359958555136,0.003999847274611132,0.0,0.0,0.0,0,0,0.00526299206020827,-0.0058512203023741195,-0.0024093106067995147,-0.00071165019847071,0.00526299206020827,-0.0058512203023741195,0.0033788984903774058,3.414712952586687e-05,0.06258906407790293,0.3169491554916455
scenario,43,0,0,0,certified_reset,0,1,0.1,0.09600015272538888,0.003999847274611132,0.08399679276683375,0.0,0.0,0,0,-2.427776876366663,-0.4553009266729812,-2.111652023945337,1.099612708987887,-2.427776876366663,-0.4553009266729812,1.5499999999999803,5.991476869509938,0.06258906407790293,0.3169491554916455
scenario,43,1,0,0,certified_reset,0,1,0.09600015272538888,0.09200030545077775,0.003999847274611132,0.07999694549222262,0.0,0.0,0,0,-2.111652023945337,1.099612708987887,-0.7878680293558988,1.5632857533548818,-2.111652023945337,1.099612708987887,0.459813038173729,4.682006630742485,0.06258906407790293,0.3169491554916455
scenario,43,2,0,0,certified_reset,0,1,0.09200030545077775,0.08800045817616663,0.003999847274611132,0.0759970982176115,0.0,0.0,0,0,-0.7878680293558988,1.5632857533548818,0.018742089865776582,0.0311399172984001,-0.7878680293558988,1.5632857533548818,-1.51833591109734,1.1182648525499637,0.06258906407790293,0.3169491554916455
scenario,43,3,0,0,certified_reset,0,1,0.08800045817616663,0.0840006109015555,0.003999847274611132,0.07199725094300037,0.0,0.0,0,0,0.018742089865776582,0.0311399172984001,0.0146182291457811,-0.039670101220728865,0.018742089865776582,0.0311399172984001,-0.06453298454041895,0.0006299235857624096,0.06258906407790293,0.3169491554916455
scenario,43,4,1,1,certified_reset,0,1,0.0840006109015555,0.08000076362694437,0.003999847274611132,0.06799740366838924,0.0,0.0,0,0,0.0146182291457811,-0.039670101220728865,0.013205165492700028,-0.014721096674568532,0.0146182291457811,-0.039670101220728865,0.04387648790308676,0.0005450903256816243,0.0659683941917073,0.3371807140592316
scenario,43,5,1,1,certified_reset,0,1,0.08000076362694437,0.07600091635233325,0.003999847274611132,0.06399755639377812,0.0,0.0,0,0,0.013205165492700028,-0.014721096674568532,0.018947617755191843,-0.02249599385663146,0.013205165492700028,-0.014721096674568532,0.008535170750194077,0.00021520554789732847,0.0659683941917073,0.3371807140592316
scenario,43,6,1,1,certified_reset,0,1,0.07600091635233325,0.07200106907772212,0.003999847274611132,0.05999770911916699,0.0,0.0,0,0,0.018947617755191843,-0.02249599385663146,0.012639081272788316,0.010846494267217607,0.018947617755191843,-0.02249599385663146,0.014273213555390594,0.0004551978873543739,0.0659683941917073,0.3371807140592316
scenario,43,7,1,1,certified_reset,0,1,0.07200106907772212,0.068001221803111,0.003999847274611132,0.05599786184455586,0.0,0.0,0,0,0.012639081272788316,0.010846494267217607,0.005322769906396922,-0.0440993256239013,0.012639081272788316,0.010846494267217607,-0.028556550434099912,0.0002013096485575118,0.0659683941917073,0.3371807140592316
scenario,43,8,1,1,certified_reset,0,1,0.068001221803111,0.06400137452849987,0.003999847274611132,0.051998014569944725,0.0,0.0,0,0,0.005322769906396922,-0.0440993256239013,0.025264781833943904,0.01666957214933237,0.005322769906396922,-0.0440993256239013,0.059663311703986886,0.0004673797422505402,0.0659683941917073,0.3371807140592316
scenario,43,9,1,1,certified_reset,0,1,0.06400137452849987,0.060001527253888735,0.003999847274611132,0.04799816729533359,0.0,0.0,0,0,0.025264781833943904,0.01666957214933237,0.02819367021315649,-0.007113794653943888,0.025264781833943904,0.01666957214933237,-0.04971463318479484,0.000750115254349773,0.0659683941917073,0.3371807140592316
scenario,43,10,1,1,certified_reset,0,1,0.060001527253888735,0.0560016799792776,0.003999847274611132,0.04399832002072246,0.0,0.0,0,0,0.02819367021315649,-0.007113794653943888,0.026389737191549852,0.0020875399569949167,0.02819367021315649,-0.007113794653943888,-0.017594755491315454,0.0008117315189963334,0.0659683941917073,0.3371807140592316
scenario,43,11,1,1,certified_reset,0,1,0.0560016799792776,0.05200183270466647,0.003999847274611132,0.039998472746111326,0.0,0.0,0,0,0.026389737191549852,0.0020875399569949167,0.0037719670917970727,-0.03954274424177001,0.026389737191549852,0.0020875399569949167,-0.02935169674831914,0.0007187406897421708,0.0659683941917073,0.3371807140592316
scenario,43,12,1,1,certified_reset,0,1,0.05200183270466647,0.048001985430055336,0.003999847274611132,0.03599862547150019,0.0,0.0,0,0,0.0037719670917970727,-0.03954274424177001,-0.0037054934209759484,0.033346310279344454,0.0037719670917970727,-0.03954274424177001,0.05449537356049131,0.0003699245312196438,0.0659683941917073,0.3371807140592316
scenario,43,13,1,1,certified_reset,0,1,0.048001985430055336,0.0440021381554442,0.003999847274611132,0.03199877819688906,0.0,0.0,0,0,-0.0037054934209759484,0.033346310279344454,0.0036872856222412535,-0.043113763940488395,-0.0037054934209759484,0.033346310279344454,-0.04543430030677306,0.00026549332626638343,0.0659683941917073,0.3371807140592316
scenario,43,14,0,0,certified_reset,0,1,0.0440021381554442,0.04000229088083307,0.003999847274611132,0.02799893092227793,0.0,0.0,0,0,0.0036872856222412535,-0.043113763940488395,-0.0075193849056414755,0.011298526864163893,0.0036872856222412535,-0.043113763940488395,0.05983956513995911,0.0004376988095643806,0.06258906407790293,0.3169491554916455
scenario,43,15,0,0,certified_reset,0,1,0.04000229088083307,0.036002443606221936,0.003999847274611132,0.023999083647666796,0.0,0.0,0,0,-0.0075193849056414755,0.011298526864163893,0.006534030267421563,-0.002960661539353933,-0.0075193849056414755,0.011298526864163893,-0.009161215314642333,8.161755368426176e-05,0.06258906407790293,0.3169491554916455
scenario,43,16,0,0,certified_reset,0,1,0.036002443606221936,0.0320025963316108,0.003999847274611132,0.019999236373055663,0.0,0.0,0,0,0.006534030267421563,-0.002960661539353933,0.01610397037984627,-0.0008253939113458683,0.006534030267421563,-0.002960661539353933,-0.002142211879468676,4.438607134410425e-05,0.06258906407790293,0.3169491554916455
scenario,43,17,0,0,certified_reset,0,1,0.0320025963316108,0.02800274905699967,0.003999847274611132,0.01599938909844453,0.0,0.0,0,0,0.01610397037984627,-0.0008253939113458683,0.018100517662223592,-0.005833985389590558,0.01610397037984627,-0.0008253939113458683,-0.014818055124675917,0.00026494986045651404,0.06258906407790293,0.3169491554916455
scenario,43,18,0,0,certified_reset,0,1,0.02800274905699967,0.024002901782388536,0.003999847274611132,0.011999541823833396,0.0,0.0,0,0,0.018100517662223592,-0.005833985389590558,0.011405007839310066,-0.015134486080941263,0.018100517662223592,-0.005833985389590558,-0.009432978883149697,0.00033597963630038904,0.06258906407790293,0.3169491554916455
scenario,43,19,0,0,certified_reset,0,1,0.024002901782388536,0.020003054507777403,0.003999847274611132,0.007999694549222265,0.0,0.0,0,0,0.011405007839310066,-0.015134486080941263,0.0019956047847402986,0.0035038752732765716,0.011405007839310066,-0.015134486080941263,0.010935527386950293,0.00017429332820364943,0.06258906407790293,0.3169491554916455
scenario,43,20,0,0,certified_reset,0,1,0.020003054507777403,0.01600320723316627,0.003999847274611132,0.003999847274611132,0.0,0.0,0,0,0.0019956047847402986,0.0035038752732765716,-0.0032362172013721117,-0.004998606579397311,0.0019956047847402986,0.0035038752732765716,-0.007146346953038341,7.469080873730597e-06,0.06258906407790293,0.3169491554916455
scenario,43,21,0,0,certified_reset,0,1,0.01600320723316627,0.012003359958555136,0.003999847274611132,0.0,0.0,0.0,0,0,-0.0032362172013721117,-0.004998606579397311,-0.006212537048414564,0.00984795336945845,-0.0032362172013721117,-0.004998606579397311,0.010585617678036448,1.7771976507502622e-05,0.06258906407790293,0.3169491554916455
scenario,44,0,0,0,certified_reset,0,1,0.1,0.09600015272538888,0.003999847274611132,0.08399679276683375,0.0,0.0,0,0,-1.1924724994746763,0.17904954799301487,-0.5536875501460882,1.0947535570600182,-1.1924724994746763,0.17904954799301487,0.9236623097224302,1.4490900368779966,0.06258906407790293,0.3169491554916455
scenario,44,1,0,0,certified_reset,0,1,0.09600015272538888,0.09200030545077775,0.003999847274611132,0.07999694549222262,0.0,0.0,0,0,-0.5536875501460882,1.0947535570600182,0.010848455014592277,0.042228593611741486,-0.5536875501460882,1.0947535570600182,-1.061332182963142,0.5504579163768109,0.06258906407790293,0.3169491554916455
scenario,44,2,0,0,certified_reset,0,1,0.09200030545077775,0.08800045817616663,0.003999847274611132,0.0759970982176115,0.0,0.0,0,0,0.010848455014592277,0.042228593611741486,0.019726352973163,-0.021309236112740812,0.010848455014592277,0.042228593611741486,-0.0730072330294588,0.0005719261193856853,0.06258906407790293,0.3169491554916455
scenario,44,3,0,0,certified_reset,0,1,0.08800045817616663,0.0840006109015555,0.003999847274611132,0.07199725094300037,0.0,0.0,0,0,0.019726352973163,-0.021309236112740812,0.005659672457880689,-0.00971077469600516,0.019726352973163,-0.021309236112740812,0.011750068692038393,0.000474315642346044,0.06258906407790293,0.3169491554916455
scenario,44,4,0,0,certified_reset,0,1,0.0840006109015555,0.08000076362694437,0.003999847274611132,0.06799740366838924,0.0,0.0,0,0,0.005659672457880689,-0.00971077469600516,0.0019608394941172764,-0.01402369354776848,0.005659672457880689,-0.00971077469600516,0.008665957074521589,5.088320876631285e-05,0.06258906407790293,0.3169491554916455
scenario,44,5,1,1,certified_reset,0,1,0.08000076362694437,0.07600091635233325,0.003999847274611132,0.06399755639377812,0.0,0.0,0,0,0.0019608394941172764,-0.01402369354776848,-0.004431414573663298,0.030402003002491813,0.0019608394941172764,-0.01402369354776848,0.01870796646708316,4.7994108284937984e-05,0.0659683941917073,0.3371807140592316
scenario,44,6,1,1,certified_reset,0,1,0.07600091635233325,0.07200106907772212,0.003999847274611132,0.05999770911916699,0.0,0.0,0,0,-0.004431414573663298,0.030402003002491813,0.032388507068734085,0.0057430839739370625,-0.004431414573663298,0.030402003002491813,-0.0403715094381,0.0002267546260628742,0.0659683941917073,0.3371807140592316
scenario,44,7,1,1,certified_reset,0,1,0.07200106907772212,0.068001221803111,0.003999847274611132,0.05599786184455586,0.0,0.0,0,0,0.032388507068734085,0.0057430839739370625,-0.0011687957505110355,-0.048276143581808165,0.032388507068734085,0.0057430839739370625,-0.04070978134541727,0.0010963844900069347,0.0659683941917073,0.3371807140592316
scenario,44,8,1,1,certified_reset,0,1,0.068001221803111,0.06400137452849987,0.003999847274611132,0.051998014569944725,0.0,0.0,0,0,-0.0011687957505110355,-0.048276143581808165,0.008068042684206227,0.020713026379855816,-0.0011687957505110355,-0.048276143581808165,0.07228012158675383,0.000551481969964955,0.0659683941917073,0.3371807140592316
scenario,44,9,0,0,certified_reset,0,1,0.06400137452849987,0.060001527253888735,0.003999847274611132,0.04799816729533359,0.0,0.0,0,0,0.008068042684206227,0.020713026379855816,0.013369222287285211,-0.021814564652179576,0.008068042684206227,0.020713026379855816,-0.03854763255122221,0.00017946661526304332,0.06258906407790293,0.3169491554916455
scenario,44,10,0,0,certified_reset,0,1,0.060001527253888735,0.0560016799792776,0.003999847274611132,0.04399832002072246,0.0,0.0,0,0,0.013369222287285211,-0.021814564652179576,0.00377746525951414,0.0030403680604237293,0.013369222287285211,-0.021814564652179576,0.01882092465362862,0.0002732493262608248,0.06258906407790293,0.3169491554916455
scenario,44,11,0,0,certified_reset,0,1,0.0560016799792776,0.05200183270466647,0.003999847274611132,0.039998472746111326,0.0,0.0,0,0,0.00377746525951414,0.0030403680604237293,5.433248113113562e-05,-0.00488185483309434,0.00377746525951414,0.0030403680604237293,-0.00824038136175114,1.7630731741225673e-05,0.06258906407790293,0.3169491554916455
scenario,44,12,0,0,certified_reset,0,1,0.05200183270466647,0.048001985430055336,0.003999847274611132,0.03599862547150019,0.0,0.0,0,0,5.433248113113562e-05,-0.00488185483309434,-0.005005755095883517,0.011647490453033578,5.433248113113562e-05,-0.00488185483309434,0.007134442461625066,5.565309939515015e-06,0.06258906407790293,0.3169491554916455
scenario,44,13,0,0,certified_reset,0,1,0.048001985430055336,0.0440021381554442,0.003999847274611132,0.03199877819688906,0.0,0.0,0,0,-0.005005755095883517,0.011647490453033578,-0.003936500845483886,-0.007619580526780519,-0.005005755095883517,0.011647490453033578,-0.012170640101086665,5.318022218534977e-05,0.06258906407790293,0.3169491554916455
scenario,44,14,0,0,certified_reset,0,1,0.0440021381554442,0.04000229088083307,0.003999847274611132,0.02799893092227793,0.0,0.0,0,0,-0.003936500845483886,-0.007619580526780519,-0.005880375032066589,0.018581845862843577,-0.003936500845483886,-0.007619580526780519,0.015144134237653444,3.168010028443375e-05,0.06258906407790293,0.3169491554916455
scenario,44,15,0,0,certified_reset,0,1,0.04000229088083307,0.036002443606221936,0.003999847274611132,0.023999083647666796,0.0,0.0,0,0,-0.005880375032066589,0.018581845862843577,0.01107291793276338,0.0007756881203592734,-0.005880375032066589,0.018581845862843577,-0.021518782037896644,0.00010830655924830057,0.06258906407790293,0.3169491554916455
scenario,44,16,0,0,certified_reset,0,1,0.036002443606221936,0.0320025963316108,0.003999847274611132,0.019999236373055663,0.0,0.0,0,0,0.01107291793276338,0.0007756881203592734,0.0034579773497391527,-0.011016027130388965,0.01107291793276338,0.0007756881203592734,-0.012165939861980809,0.00012641806843465816,0.06258906407790293,0.3169491554916455
scenario,44,17,0,0,certified_reset,0,1,0.0320025963316108,0.02800274905699967,0.003999847274611132,0.01599938909844453,0.0,0.0,0,0,0.0034579773497391527,-0.011016027130388965,0.0025992091624029326,-0.0030519212668521385,0.0034579773497391527,-0.011016027130388965,0.01278731477954351,3.788900650583114e-05,0.06258906407790293,0.3169491554916455
scenario,44,18,0,0,certified_reset,0,1,0.02800274905699967,0.024002901782388536,0.003999847274611132,0.011999541823833396,0.0,0.0,0,0,0.0025992091624029326,-0.0030519212668521385,0.005500656343573885,-0.0012713937576288824,0.0025992091624029326,-0.0030519212668521385,0.001908029475982234,8.523462897381365e-06,0.06258906407790293,0.3169491554916455
scenario,44,19,0,0,certified_reset,0,1,0.024002901782388536,0.020003054507777403,0.003999847274611132,0.007999694549222265,0.0,0.0,0,0,0.005500656343573885,-0.0012713937576288824,0.009434030809796056,-0.016963201636737105,0.005500656343573885,-0.0012713937576288824,-0.003601448851627692,3.087244063152067e-05,0.06258906407790293,0.3169491554916455
scenario,44,20,0,0,certified_reset,0,1,0.020003054507777403,0.01600320723316627,0.003999847274611132,0.003999847274611132,0.0,0.0,0,0,0.009434030809796056,-0.016963201636737105,-0.007728774949323032,-0.013243921084618282,0.009434030809796056,-0.016963201636737105,0.0155925036888745,0.00014687412936071842,0.06258906407790293,0.3169491554916455
scenario,44,21,0,0,certified_reset,0,1,0.01600320723316627,0.012003359958555136,0.003999847274611132,0.0,0.0,0.0,0,0,-0.007728774949323032,-0.013243921084618282,-0.014167039172945053,0.016988571999018317,-0.007728774949323032,-0.013243921084618282,0.02720443416167999,0.00010980825339392016,0.06258906407790293,0.3169491554916455
scenario,45,0,0,0,certified_reset,0,1,0.1,0.09600015272538888,0.003999847274611132,0.08399679276683375,0.0,0.0,0,0,3.236245404575129,0.24615359731657382,2.7124015929150316,-1.3066023062688121,3.236245404575129,0.24615359731657382,-1.55,10.544253305458582,0.06258906407790293,0.3169491554916455
scenario,45,1,0,0,certified_reset,0,1,0.09600015272538888,0.09200030545077775,0.003999847274611132,0.07999694549222262,0.0,0.0,0,0,2.7124015929150316,-1.3066023062688121,1.1332098565261766,-1.8682221841553937,2.7124015929150316,-1.3066023062688121,-0.5550317097481103,7.672121631833104,0.06258906407790293,0.3169491554916455
scenario,45,2,0,0,certified_reset,0,1,0.09200030545077775,0.08800045817616663,0.003999847274611132,0.0759970982176115,0.0,0.0,0,0,1.1332098565261766,-1.8682221841553937,0.03918338418997007,-0.3131095020562357,1.1332098565261766,-1.8682221841553937,1.55,1.9724728222147403,0.06258906407790293,0.3169491554916455
scenario,45,3,0,0,certified_reset,0,1,0.08800045817616663,0.0840006109015555,0.003999847274611132,0.07199725094300037,0.0,0.0,0,0,0.03918338418997007,-0.3131095020562357,-0.056378388516438574,0.11477280379653822,0.03918338418997007,-0.3131095020562357,0.4222221922647092,0.023638887937621922,0.06258906407790293,0.3169491554916455
scenario,45,4,0,0,certified_reset,0,1,0.0840006109015555,0.08000076362694437,0.003999847274611132,0.06799740366838924,0.0,0.0,0,0,-0.056378388516438574,0.11477280379653822,-7.093900978401551e-05,0.0015613181417125132,-0.056378388516438574,0.11477280379653822,-0.11293156004736415,0.005868464491516136,0.06258906407790293,0.3169491554916455
scenario,45,5,0,0,certified_reset,0,1,0.08000076362694437,0.07600091635233325,0.003999847274611132,0.06399755639377812,0.0,0.0,0,0,-7.093900978401551e-05,0.0015613181417125132,-0.00973981592549466,-0.005199825249873866,-7.093900978401551e-05,0.0015613181417125132,-0.002232324238774642,5.684027119199671e-07,0.06258906407790293,0.3169491554916455
scenario,45,6,0,0,certified_reset,0,1,0.07600091635233325,0.07200106907772212,0.003999847274611132,0.05999770911916699,0.0,0.0,0,0,-0.00973981592549466,-0.005199825249873866,-0.014947241317228462,0.0015652522748027548,-0.00973981592549466,-0.005199825249873866,0.017358592692704428,0.00010726390564256035,0.06258906407790293,0.3169491554916455
scenario,45,7,0,0,certified_reset,0,1,0.07200106907772212,0.068001221803111,0.003999847274611132,0.05599786184455586,0.0,0.0,0,0,-0.014947241317228462,0.0015652522748027548,-0.004851320828043499,0.017493965553725475,-0.014947241317228462,0.0015652522748027548,0.012577906555902567,0.0002278161189717666,0.06258906407790293,0.3169491554916455
scenario,45,8,0,0,certified_reset,0,1,0.068001221803111,0.06400137452849987,0.003999847274611132,0.051998014569944725,0.0,0.0,0,0,-0.004851320828043499,0.017493965553725475,-0.0019700745280423647,-0.00010185233495829801,-0.004851320828043499,0.017493965553725475,-0.02094265459979672,8.958717286185636e-05,0.06258906407790293,0.3169491554916455
scenario,45,9,0,0,certified_reset,0,1,0.06400137452849987,0.060001527253888735,0.003999847274611132,0.04799816729533359,0.0,0.0,0,0,-0.0019700745280423647,-0.00010185233495829801,-0.008163721873366519,-0.0006181293668718032,-0.0019700745280423647,-0.00010185233495829801,0.002112118363911824,3.994587047285247e-06,0.06258906407790293,0.3169491554916455
scenario,45,10,0,0,certified_reset,0,1,0.060001527253888735,0.0560016799792776,0.003999847274611132,0.04399832002072246,0.0,0.0,0,0,-0.008163721873366519,-0.0006181293668718032,-0.01000133230752676,0.014441917901727922,-0.008163721873366519,-0.0006181293668718032,0.009038439567372065,6.875746467556294e-05,0.06258906407790293,0.3169491554916455
scenario,45,11,0,0,certified_reset,0,1,0.0560016799792776,0.05200183270466647,0.003999847274611132,0.039998472746111326,0.0,0.0,0,0,-0.01000133230752676,0.014441917901727922,0.0011267895789389445,0.005723109404546823,-0.01000133230752676,0.014441917901727922,-0.011315403527172719,0.00014077002553259223,0.06258906407790293,0.3169491554916455
scenario,45,12,0,0,certified_reset,0,1,0.05200183270466647,0.048001985430055336,0.003999847274611132,0.03599862547150019,0.0,0.0,0,0,0.0011267895789389445,0.005723109404546823,0.012336875863291187,0.001573249383610694,0.0011267895789389445,0.005723109404546823,-0.009551371127752756,9.44608864186134e-06,0.06258906407790293,0.3169491554916455
scenario,45,13,0,0,certified_reset,0,1,0.048001985430055336,0.0440021381554442,0.003999847274611132,0.03199877819688906,0.0,0.0,0,0,0.012336875863291187,0.001573249383610694,0.00820703710481629,-0.016622964141975505,0.012336875863291187,0.001573249383610694,-0.014600758068689766,0.00015797357992291256,0.06258906407790293,0.3169491554916455
scenario,45,14,0,0,certified_reset,0,1,0.0440021381554442,0.04000229088083307,0.003999847274611132,0.02799893092227793,0.0,0.0,0,0,0.00820703710481629,-0.016622964141975505,-0.002635948349823242,0.0003601227993655149,0.00820703710481629,-0.016622964141975505,0.01631792725174106,0.0001237504554204318,0.06258906407790293,0.3169491554916455
scenario,45,15,0,0,certified_reset,0,1,0.04000229088083307,0.036002443606221936,0.003999847274611132,0.023999083647666796,0.0,0.0,0,0,-0.002635948349823242,0.0003601227993655149,-0.001892044383369017,0.004196593446317989,-0.002635948349823242,0.0003601227993655149,0.0020974230250275167,7.081547204095875e-06,0.06258906407790293,0.3169491554916455
scenario,45,16,0,0,certified_reset,0,1,0.036002443606221936,0.0320025963316108,0.003999847274611132,0.019999236373055663,0.0,0.0,0,0,-0.001892044383369017,0.004196593446317989,0.003949721549309965,-0.001319523816457174,-0.001892044383369017,0.004196593446317989,-0.0042946456250066226,7.2109828544101926e-06,0.06258906407790293,0.3169491554916455
scenario,45,17,0,0,certified_reset,0,1,0.0320025963316108,0.02800274905699967,0.003999847274611132,0.01599938909844453,0.0,0.0,0,0,0.003949721549309965,-0.001319523816457174,0.00011774140113040622,-0.0036481631433143225,0.003949721549309965,-0.001319523816457174,-0.0019877944654812033,1.6012489246404045e-05,0.06258906407790293,0.3169491554916455
scenario,45,18,0,0,certified_reset,0,1,0.02800274905699967,0.024002901782388536,0.003999847274611132,0.011999541823833396,0.0,0.0,0,0,0.00011774140113040622,-0.0036481631433143225,0.006534751306287976,-0.0031130716631789417,0.00011774140113040622,-0.0036481631433143225,0.0052555525519246025,3.1000208308338484e-06,0.06258906407790293,0.3169491554916455
scenario,45,19,0,0,certified_reset,0,1,0.024002901782388536,0.020003054507777403,0.003999847274611132,0.007999694549222265,0.0,0.0,0,0,0.006534751306287976,-0.0031130716631789417,0.01482095240057922,-0.008015606379878502,0.006534751306287976,-0.0031130716631789417,-0.001919870199188608,4.453954090699151e-05,0.06258906407790293,0.3169491554916455
scenario,45,20,0,0,certified_reset,0,1,0.020003054507777403,0.01600320723316627,0.003999847274611132,0.003999847274611132,0.0,0.0,0,0,0.01482095240057922,-0.008015606379878502,0.006450648905115381,-0.022196023786086306,0.01482095240057922,-0.008015606379878502,-0.002949699363416275,0.0002314431384332852,0.06258906407790293,0.3169491554916455
scenario,45,21,0,0,certified_reset,0,1,0.01600320723316627,0.012003359958555136,0.003999847274611132,0.0,0.0,0.0,0,0,0.006450648905115381,-0.022196023786086306,0.00042046724829033696,-0.0043003180578588904,0.006450648905115381,-0.022196023786086306,0.026276193518149353,0.00014755125488639877,0.06258906407790293,0.3169491554916455
scenario,46,0,0,0,certified_reset,0,1,0.1,0.09600015272538888,0.003999847274611132,0.08399679276683375,0.0,0.0,0,0,-1.2858769074807235,0.1553958509286153,-0.6016927392647867,1.202816191941312,-1.2858769074807235,0.1553958509286153,1.0515147845703694,1.6854681214338898,0.06258906407790293,0.3169491554916455
scenario,46,1,0,0,certified_reset,0,1,0.09600015272538888,0.09200030545077775,0.003999847274611132,0.07999694549222262,0.0,0.0,0,0,-0.6016927392647867,1.202816191941312,0.012508273743199825,0.03445107373031826,-0.6016927392647867,1.202816191941312,-1.1727169378825864,0.6568338003811962,0.06258906407790293,0.3169491554916455
scenario,46,2,0,0,certified_reset,0,1,0.09200030545077775,0.08800045817616663,0.003999847274611132,0.0759970982176115,0.0,0.0,0,0,0.012508273743199825,0.03445107373031826,0.011503683808399471,-0.015381977217344148,0.012508273743199825,0.03445107373031826,-0.06320371413326661,0.0004699624156517428,0.06258906407790293,0.3169491554916455
scenario,46,3,0,0,certified_reset,0,1,0.08800045817616663,0.0840006109015555,0.003999847274611132,0.07199725094300037,0.0,0.0,0,0,0.011503683808399471,-0.015381977217344148,0.003653609573874752,-0.006399625034010573,0.011503683808399471,-0.015381977217344148,0.011207783298072364,0.0001780640414857269,0.06258906407790293,0.3169491554916455
scenario,46,4,0,0,certified_reset,0,1,0.0840006109015555,0.08000076362694437,0.003999847274611132,0.06799740366838924,0.0,0.0,0,0,0.003653609573874752,-0.006399625034010573,-0.00916193427524945,6.852486609975077e-05,0.003653609573874752,-0.006399625034010573,0.005791542007059495,2.1559347992465883e-05,0.06258906407790293,0.3169491554916455
scenario,46,5,0,0,certified_reset,0,1,0.08000076362694437,0.07600091635233325,0.003999847274611132,0.06399755639377812,0.0,0.0,0,0,-0.00916193427524945,6.852486609975077e-05,-0.0018837434601150478,-0.005551811518709569,-0.00916193427524945,6.852486609975077e-05,0.009020897872740742,8.597629984306045e-05,0.06258906407790293,0.3169491554916455
scenario,46,6,0,0,certified_reset,0,1,0.07600091635233325,0.07200106907772212,0.003999847274611132,0.05999770911916699,0.0,0.0,0,0,-0.0018837434601150478,-0.005551811518709569,-0.007679456091865655,0.0021586114165493085,-0.0018837434601150478,-0.005551811518709569,0.010054867468489954,1.1624068423818377e-05,0.06258906407790293,0.3169491554916455
scenario,46,7,0,0,certified_reset,0,1,0.07200106907772212,0.068001221803111,0.003999847274611132,0.05599786184455586,0.0,0.0,0,0,-0.007679456091865655,0.0021586114165493085,-0.007193116206201738,0.005248027726203695,-0.007679456091865655,0.0021586114165493085,0.004459787760149733,6.031001712311032e-05,0.06258906407790293,0.3169491554916455
scenario,46,8,0,0,certified_reset,0,1,0.068001221803111,0.06400137452849987,0.003999847274611132,0.051998014569944725,0.0,0.0,0,0,-0.007193116206201738,0.005248027726203695,-0.0034509085629967095,0.016859529048545624,-0.007193116206201738,0.005248027726203695,-0.0005664628852515251,5.6706465863631765e-05,0.06258906407790293,0.3169491554916455
scenario,46,9,0,0,certified_reset,0,1,0.06400137452849987,0.060001527253888735,0.003999847274611132,0.04799816729533359,0.0,0.0,0,0,-0.0034509085629967095,0.016859529048545624,-0.0033400533897026703,-0.01569660934787882,-0.0034509085629967095,0.016859529048545624,-0.021397230194661308,7.451867596322282e-05,0.06258906407790293,0.3169491554916455
scenario,46,10,0,0,certified_reset,0,1,0.060001527253888735,0.0560016799792776,0.003999847274611132,0.04399832002072246,0.0,0.0,0,0,-0.0033400533897026703,-0.01569660934787882,-0.0072300854764837585,0.020364685552515853,-0.0033400533897026703,-0.01569660934787882,0.026446739249668987,7.299074517314887e-05,0.06258906407790293,0.3169491554916455
scenario,46,11,0,0,certified_reset,0,1,0.0560016799792776,0.05200183270466647,0.003999847274611132,0.039998472746111326,0.0,0.0,0,0,-0.0072300854764837585,0.020364685552515853,0.0036661259749870088,-0.009633182145622183,-0.0072300854764837585,0.020364685552515853,-0.022798051726943172,0.0001399175902383834,0.06258906407790293,0.3169491554916455
scenario,46,12,0,0,certified_reset,0,1,0.05200183270466647,0.048001985430055336,0.003999847274611132,0.03599862547150019,0.0,0.0,0,0,0.0036661259749870088,-0.009633182145622183,0.003554519751621888,0.015997871581493718,0.0036661259749870088,-0.009633182145622183,0.010537826018146136,3.292029977932451e-05,0.06258906407790293,0.3169491554916455
scenario,46,13,0,0,certified_reset,0,1,0.048001985430055336,0.0440021381554442,0.003999847274611132,0.03199877819688906,0.0,0.0,0,0,0.003554519751621888,0.015997871581493718,0.004151100222707716,-0.01692652392720559,0.003554519751621888,0.015997871581493718,-0.027107486800333692,7.707274780526034e-05,0.06258906407790293,0.3169491554916455
scenario,46,14,0,0,certified_reset,0,1,0.0440021381554442,0.04000229088083307,0.003999847274611132,0.02799893092227793,0.0,0.0,0,0,0.004151100222707716,-0.01692652392720559,0.002635534345146729,0.002038678328760272,0.004151100222707716,-0.01692652392720559,0.02079851348764868,7.961738534784906e-05,0.06258906407790293,0.3169491554916455
scenario,46,15,0,0,certified_reset,0,1,0.04000229088083307,0.036002443606221936,0.003999847274611132,0.023999083647666796,0.0,0.0,0,0,0.002635534345146729,0.002038678328760272,0.005664879373202667,-4.823312390266543e-05,0.002635534345146729,0.002038678328760272,-0.0056275838790171605,8.485901471400563e-06,0.06258906407790293,0.3169491554916455
scenario,46,16,0,0,certified_reset,0,1,0.036002443606221936,0.0320025963316108,0.003999847274611132,0.019999236373055663,0.0,0.0,0,0,0.005664879373202667,-4.823312390266543e-05,-0.0004997770257420858,-0.008196789960631664,0.005664879373202667,-4.823312390266543e-05,-0.005567813226495447,3.2866290674228936e-05,0.06258906407790293,0.3169491554916455
scenario,46,17,0,0,certified_reset,0,1,0.0320025963316108,0.02800274905699967,0.003999847274611132,0.01599938909844453,0.0,0.0,0,0,-0.0004997770257420858,-0.008196789960631664,-0.003119749427631638,0.019401044928474664,-0.0004997770257420858,-0.008196789960631664,0.012572195547349244,1.6295005416047475e-05,0.06258906407790293,0.3169491554916455
scenario,46,18,0,0,certified_reset,0,1,0.02800274905699967,0.024002901782388536,0.003999847274611132,0.011999541823833396,0.0,0.0,0,0,-0.003119749427631638,0.019401044928474664,0.01130089892519507,0.0034286775659550343,-0.003119749427631638,0.019401044928474664,-0.025474236665782014,9.37083528108194e-05,0.06258906407790293,0.3169491554916455
scenario,46,19,0,0,certified_reset,0,1,0.024002901782388536,0.020003054507777403,0.003999847274611132,0.007999694549222265,0.0,0.0,0,0,0.01130089892519507,0.0034286775659550343,0.0006820115929312238,-0.0024199399438681636,0.01130089892519507,0.0034286775659550343,-0.01630144331378348,0.0001364697922435185,0.06258906407790293,0.3169491554916455
scenario,46,20,0,0,certified_reset,0,1,0.020003054507777403,0.01600320723316627,0.003999847274611132,0.003999847274611132,0.0,0.0,0,0,0.0006820115929312238,-0.0024199399438681636,0.006714014341851935,0.008570952594396174,0.0006820115929312238,-0.0024199399438681636,0.0028846498192251534,1.7272696071286352e-06,0.06258906407790293,0.3169491554916455
scenario,46,21,0,0,certified_reset,0,1,0.01600320723316627,0.012003359958555136,0.003999847274611132,0.0,0.0,0.0,0,0,0.006714014341851935,0.008570952594396174,0.00514016769013852,-0.03139549930044048,0.006714014341851935,0.008570952594396174,-0.01931222903481386,6.762506444749072e-05,0.06258906407790293,0.3169491554916455
scenario,47,0,0,0,certified_reset,0,1,0.1,0.09600015272538888,0.003999847274611132,0.08399679276683375,0.0,0.0,0,0,-1.00639766176241,0.23047493501981076,-0.44114503818401424,0.8968438980888283,-1.00639766176241,0.23047493501981076,0.6626209524705213,1.0333742819881993,0.06258906407790293,0.3169491554916455
scenario,47,1,0,0,certified_reset,0,1,0.09600015272538888,0.09200030545077775,0.003999847274611132,0.07999694549222262,0.0,0.0,0,0,-0.44114503818401424,0.8968438980888283,0.0167759147046974,0.021047336275405188,-0.44114503818401424,0.8968438980888283,-0.8818600791280389,0.35883009065041777,0.06258906407790293,0.3169491554916455
scenario,47,2,0,0,certified_reset,0,1,0.09200030545077775,0.08800045817616663,0.003999847274611132,0.0759970982176115,0.0,0.0,0,0,0.0167759147046974,0.021047336275405188,0.007450805546102894,-0.02242412651289526,0.0167759147046974,0.021047336275405188,-0.04770913995419713,0.0004180736306307094,0.06258906407790293,0.3169491554916455
scenario,47,3,0,0,certified_reset,0,1,0.08800045817616663,0.0840006109015555,0.003999847274611132,0.07199725094300037,0.0,0.0,0,0,0.007450805546102894,-0.02242412651289526,-0.00940559956842127,-0.006998600651106168,0.007450805546102894,-0.02242412651289526,0.025617831488769803,0.00016243279651645257,0.06258906407790293,0.3169491554916455
scenario,47,4,0,0,certified_reset,0,1,0.0840006109015555,0.08000076362694437,0.003999847274611132,0.06799740366838924,0.0,0.0,0,0,-0.00940559956842127,-0.006998600651106168,-0.008659359657248816,0.012574177407623335,-0.00940559956842127,-0.006998600651106168,0.019672568752168395,0.00010695702626746566,0.06258906407790293,0.3169491554916455
scenario,47,5,0,0,certified_reset,0,1,0.08000076362694437,0.07600091635233325,0.003999847274611132,0.06399755639377812,0.0,0.0,0,0,-0.008659359657248816,0.012574177407623335,-0.0030638288639736697,0.012844259103130005,-0.008659359657248816,0.012574177407623335,-0.00990019344239006,0.00010589464417461624,0.06258906407790293,0.3169491554916455
scenario,47,6,0,0,certified_reset,0,1,0.07600091635233325,0.07200106907772212,0.003999847274611132,0.05999770911916699,0.0,0.0,0,0,-0.0030638288639736697,0.012844259103130005,0.005234555878711519,0.0010518004106221225,-0.0030638288639736697,0.012844259103130005,-0.01586893557912923,4.537812376158286e-05,0.06258906407790293,0.3169491554916455
scenario,47,7,0,0,certified_reset,0,1,0.07200106907772212,0.068001221803111,0.003999847274611132,0.05599786184455586,0.0,0.0,0,0,0.005234555878711519,0.0010518004106221225,0.014970852605974817,0.00487911716470925,0.005234555878711519,0.0010518004106221225,-0.006757084765959481,2.8741161249393637e-05,0.06258906407790293,0.3169491554916455
scenario,47,8,0,0,certified_reset,0,1,0.068001221803111,0.06400137452849987,0.003999847274611132,0.051998014569944725,0.0,0.0,0,0,0.014970852605974817,0.00487911716470925,0.008444641382386276,-0.028205851929190593,0.014970852605974817,0.00487911716470925,-0.022093841576525112,0.0002406149148152906,0.06258906407790293,0.3169491554916455
scenario,47,9,0,0,certified_reset,0,1,0.06400137452849987,0.060001527253888735,0.003999847274611132,0.04799816729533359,0.0,0.0,0,0,0.008444641382386276,-0.028205851929190593,-0.00042876897453689384,0.017648994320191524,0.008444641382386276,-0.028205851929190593,0.033142577712214204,0.0002419753444616212,0.06258906407790293,0.3169491554916455
scenario,47,10,0,0,certified_reset,0,1,0.060001527253888735,0.0560016799792776,0.003999847274611132,0.04399832002072246,0.0,0.0,0,0,-0.00042876897453689384,0.017648994320191524,0.006445652113584003,-0.009281496791408533,-0.00042876897453689384,0.017648994320191524,-0.025568755839568826,7.259553480566002e-05,0.06258906407790293,0.3169491554916455
scenario,47,11,0,0,certified_reset,0,1,0.0560016799792776,0.05200183270466647,0.003999847274611132,0.039998472746111326,0.0,0.0,0,0,0.006445652113584003,-0.009281496791408533,-0.005970737638166886,-0.0048031319765085905,0.006445652113584003,-0.009281496791408533,0.007254564785722612,5.836846180911293e-05,0.06258906407790293,0.3169491554916455
scenario,47,12,0,0,certified_reset,0,1,0.05200183270466647,0.048001985430055336,0.003999847274611132,0.03599862547150019,0.0,0.0,0,0,-0.005970737638166886,-0.0048031319765085905,0.0028840048771413274,0.015980012159671823,-0.005970737638166886,-0.0048031319765085905,0.013020567571075873,4.4040701261723175e-05,0.06258906407790293,0.3169491554916455
scenario,47,13,0,0,certified_reset,0,1,0.048001985430055336,0.0440021381554442,0.003999847274611132,0.03199877819688906,0.0,0.0,0,0,0.0028840048771413274,0.015980012159671823,0.0032137828077551966,-0.006062087650666002,0.0028840048771413274,0.015980012159671823,-0.026414063682462487,7.172499508909123e-05,0.06258906407790293,0.3169491554916455
scenario,47,14,0,0,certified_reset,0,1,0.0440021381554442,0.04000229088083307,0.003999847274611132,0.02799893092227793,0.0,0.0,0,0,0.0032137828077551966,-0.006062087650666002,0.003919994586178019,-0.0012091327016669502,0.0032137828077551966,-0.006062087650666002,0.005728945889547207,1.7763723663741174e-05,0.06258906407790293,0.3169491554916455
scenario,47,15,0,0,certified_reset,0,1,0.04000229088083307,0.036002443606221936,0.003999847274611132,0.023999083647666796,0.0,0.0,0,0,0.003919994586178019,-0.0012091327016669502,0.0028337640470478464,-0.009567783186743301,0.003919994586178019,-0.0012091327016669502,-0.0021213104215923066,1.5742016843527156e-05,0.06258906407790293,0.3169491554916455
scenario,47,16,0,0,certified_reset,0,1,0.036002443606221936,0.0320025963316108,0.003999847274611132,0.019999236373055663,0.0,0.0,0,0,0.0028337640470478464,-0.009567783186743301,-0.0015989998384175854,-0.0023112073138317514,0.0028337640470478464,-0.009567783186743301,0.011270755930551817,2.7683612675027715e-05,0.06258906407790293,0.3169491554916455
scenario,47,17,0,0,certified_reset,0,1,0.0320025963316108,0.02800274905699967,0.003999847274611132,0.01599938909844453,0.0,0.0,0,0,-0.0015989998384175854,-0.0023112073138317514,-0.002479531647128259,0.0011420171303000418,-0.0015989998384175854,-0.0023112073138317514,0.0049948921771504045,4.14202644434511e-06,0.06258906407790293,0.3169491554916455
scenario,47,18,0,0,certified_reset,0,1,0.02800274905699967,0.024002901782388536,0.003999847274611132,0.011999541823833396,0.0,0.0,0,0,-0.002479531647128259,0.0011420171303000418,-0.0019019370181226525,-0.0008766712545103721,-0.002479531647128259,0.0011420171303000418,0.0007892921803408187,6.39840830542103e-06,0.06258906407790293,0.3169491554916455
scenario,47,19,0,0,certified_reset,0,1,0.024002901782388536,0.020003054507777403,0.003999847274611132,0.007999694549222265,0.0,0.0,0,0,-0.0019019370181226525,-0.0008766712545103721,-0.004593708608419362,0.006216379798072641,-0.0019019370181226525,-0.0008766712545103721,0.0031854620589095565,4.009383082051357e-06,0.06258906407790293,0.3169491554916455
scenario,47,20,0,0,certified_reset,0,1,0.020003054507777403,0.01600320723316627,0.003999847274611132,0.003999847274611132,0.0,0.0,0,0,-0.004593708608419362,0.006216379798072641,-0.00588587991519497,-0.002915078710983822,-0.004593708608419362,0.006216379798072641,-0.004580600989484038,2.8582514417587122e-05,0.06258906407790293,0.3169491554916455
scenario,47,21,0,0,certified_reset,0,1,0.01600320723316627,0.012003359958555136,0.003999847274611132,0.0,0.0,0.0,0,0,-0.00588587991519497,-0.002915078710983822,-0.0074160972136044015,0.019290079777022125,-0.00588587991519497,-0.002915078710983822,0.010155018462699993,3.875127547596159e-05,0.06258906407790293,0.3169491554916455
scenario,48,0,0,0,certified_reset,0,1,0.1,0.09600015272538888,0.003999847274611132,0.08399679276683375,0.0,0.0,0,0,5.914105417657781,-0.23695098393930902,4.895108263740533,-1.8074339811739426,5.914105417657781,-0.23695098393930902,-1.55,35.046811629551286,0.06258906407790293,0.3169491554916455
scenario,48,1,0,0,certified_reset,0,1,0.09600015272538888,0.09200030545077775,0.003999847274611132,0.07999694549222262,0.0,0.0,0,0,4.895108263740533,-1.8074339811739426,2.558874158956888,-2.850059293924843,4.895108263740533,-1.8074339811739426,-1.0493902757992264,24.57764257984882,0.06258906407790293,0.3169491554916455
scenario,48,2,0,0,certified_reset,0,1,0.09200030545077775,0.08800045817616663,0.003999847274611132,0.0759970982176115,0.0,0.0,0,0,2.558874158956888,-2.850059293924843,0.4834846394142482,-1.294138767393879,2.558874158956888,-2.850059293924843,1.55,8.07001029757705,0.06258906407790293,0.3169491554916455
scenario,48,3,0,0,certified_reset,0,1,0.08800045817616663,0.0840006109015555,0.003999847274611132,0.07199725094300037,0.0,0.0,0,0,0.4834846394142482,-1.294138767393879,-0.09789594270199327,0.13633853623295925,0.4834846394142482,-1.294138767393879,1.4249503193530388,0.5859826087340485,0.06258906407790293,0.3169491554916455
scenario,48,4,0,0,certified_reset,0,1,0.0840006109015555,0.08000076362694437,0.003999847274611132,0.06799740366838924,0.0,0.0,0,0,-0.09789594270199327,0.13633853623295925,-0.002609913448747189,0.034638833981919435,-0.09789594270199327,0.13633853623295925,-0.10335871331462694,0.0131965665511496,0.06258906407790293,0.3169491554916455
scenario,48,5,0,0,certified_reset,0,1,0.08000076362694437,0.07600091635233325,0.003999847274611132,0.06399755639377812,0.0,0.0,0,0,-0.002609913448747189,0.034638833981919435,0.005086203029268899,-0.0070093716770890414,-0.002609913448747189,0.034638833981919435,-0.04843232850408122,0.0002814266968509882,0.06258906407790293,0.3169491554916455
scenario,48,6,0,0,certified_reset,0,1,0.07600091635233325,0.07200106907772212,0.003999847274611132,0.05999770911916699,0.0,0.0,0,0,0.005086203029268899,-0.0070093716770890414,-0.004826469412322052,-0.009121822061736545,0.005086203029268899,-0.0070093716770890414,0.005257999950712723,3.540425777735054e-05,0.06258906407790293,0.3169491554916455
scenario,48,7,0,0,certified_reset,0,1,0.07200106907772212,0.068001221803111,0.003999847274611132,0.05599786184455586,0.0,0.0,0,0,-0.004826469412322052,-0.009121822061736545,-0.004546499580988838,0.01891819043548666,-0.004826469412322052,-0.009121822061736545,0.018241551485422412,4.659103679364033e-05,0.06258906407790293,0.3169491554916455
scenario,48,8,0,0,certified_reset,0,1,0.068001221803111,0.06400137452849987,0.003999847274611132,0.051998014569944725,0.0,0.0,0,0,-0.004546499580988838,0.01891819043548666,-0.0015507839995077613,0.00765253195583295,-0.004546499580988838,0.01891819043548666,-0.023342776916468924,9.871441657783354e-05,0.06258906407790293,0.3169491554916455
scenario,48,9,0,0,certified_reset,0,1,0.06400137452849987,0.060001527253888735,0.003999847274611132,0.04799816729533359,0.0,0.0,0,0,-0.0015507839995077613,0.00765253195583295,0.006946486064092882,-0.006876750097158679,-0.0015507839995077613,0.00765253195583295,-0.009731207225837287,1.5313365025241987e-05,0.06258906407790293,0.3169491554916455
scenario,48,10,0,0,certified_reset,0,1,0.060001527253888735,0.0560016799792776,0.003999847274611132,0.04399832002072246,0.0,0.0,0,0,0.006946486064092882,-0.006876750097158679,-0.0008022999916220042,0.005978523821501269,0.006946486064092882,-0.006876750097158679,0.0032097473016445654,5.702337512392592e-05,0.06258906407790293,0.3169491554916455
scenario,48,11,0,0,certified_reset,0,1,0.0560016799792776,0.05200183270466647,0.003999847274611132,0.039998472746111326,0.0,0.0,0,0,-0.0008022999916220042,0.005978523821501269,0.006133764301171784,-0.0022557756228872962,-0.0008022999916220042,0.005978523821501269,-0.008005180239639337,8.679452518450936e-06,0.06258906407790293,0.3169491554916455
scenario,48,12,0,0,certified_reset,0,1,0.05200183270466647,0.048001985430055336,0.003999847274611132,0.03599862547150019,0.0,0.0,0,0,0.006133764301171784,-0.0022557756228872962,0.006108940882719656,0.005773575825878539,0.006133764301171784,-0.0022557756228872962,-0.002786695214883406,3.873314051679199e-05,0.06258906407790293,0.3169491554916455
scenario,48,13,0,0,certified_reset,0,1,0.048001985430055336,0.0440021381554442,0.003999847274611132,0.03199877819688906,0.0,0.0,0,0,0.006108940882719656,0.005773575825878539,0.013209475863378426,-0.010562625360958889,0.006108940882719656,0.005773575825878539,-0.01458729435805145,4.863903963286504e-05,0.06258906407790293,0.3169491554916455
scenario,48,14,0,0,certified_reset,0,1,0.0440021381554442,0.04000229088083307,0.003999847274611132,0.02799893092227793,0.0,0.0,0,0,0.013209475863378426,-0.010562625360958889,-0.0017027954936665065,7.78306806556231e-05,0.013209475863378426,-0.010562625360958889,0.0024043281178126935,0.0001947172022405048,0.06258906407790293,0.3169491554916455
scenario,48,15,0,0,certified_reset,0,1,0.04000229088083307,0.036002443606221936,0.003999847274611132,0.023999083647666796,0.0,0.0,0,0,-0.0017027954936665065,7.78306806556231e-05,-0.0020919327690084224,0.013246493217848087,-0.0017027954936665065,7.78306806556231e-05,0.001576889603585258,2.962767384471581e-06,0.06258906407790293,0.3169491554916455
scenario,48,16,0,0,certified_reset,0,1,0.036002443606221936,0.0320025963316108,0.003999847274611132,0.019999236373055663,0.0,0.0,0,0,-0.0020919327690084224,0.013246493217848087,-6.789085076169344e-05,-0.0023097075363205256,-0.0020919327690084224,0.013246493217848087,-0.017428039677143903,4.355412174744296e-05,0.06258906407790293,0.3169491554916455
scenario,48,17,0,0,certified_reset,0,1,0.0320025963316108,0.02800274905699967,0.003999847274611132,0.01599938909844453,0.0,0.0,0,0,-6.789085076169344e-05,-0.0023097075363205256,0.0036294895815242555,0.01077989615696272,-6.789085076169344e-05,-0.0023097075363205256,0.003470105958560179,1.2659048543084676e-06,0.06258906407790293,0.3169491554916455
scenario,48,18,0,0,certified_reset,0,1,0.02800274905699967,0.024002901782388536,0.003999847274611132,0.011999541823833396,0.0,0.0,0,0,0.0036294895815242555,0.01077989615696272,0.009505475326407815,-0.0076785690925520724,0.0036294895815242555,0.01077989615696272,-0.019496706846088663,4.3593343076333057e-05,0.06258906407790293,0.3169491554916455
scenario,48,19,0,0,certified_reset,0,1,0.024002901782388536,0.020003054507777403,0.003999847274611132,0.007999694549222265,0.0,0.0,0,0,0.009505475326407815,-0.0076785690925520724,0.00468162152367034,-0.009462483777896134,0.009505475326407815,-0.0076785690925520724,0.001846157392170239,0.00010105214480450165,0.06258906407790293,0.3169491554916455
scenario,48,20,0,0,certified_reset,0,1,0.020003054507777403,0.01600320723316627,0.003999847274611132,0.003999847274611132,0.0,0.0,0,0,0.00468162152367034,-0.009462483777896134,0.0016944346787153104,0.009338417008206232,0.00468162152367034,-0.009462483777896134,0.009276269843354104,4.018575751051197e-05,0.06258906407790293,0.3169491554916455
scenario,48,21,0,0,certified_reset,0,1,0.01600320723316627,0.012003359958555136,0.003999847274611132,0.0,0.0,0.0,0,0,0.0016944346787153104,0.009338417008206232,0.007269011695016014,0.0032246603526146327,0.0016944346787153104,0.009338417008206232,-0.015443656778908785,2.453085804749942e-05,0.06258906407790293,0.3169491554916455
scenario,49,0,0,0,certified_reset,0,1,0.1,0.09600015272538888,0.003999847274611132,0.08399679276683375,0.0,0.0,0,0,4.342643057726615,0.5154192681223534,4.0786666369704845,-1.0305094788815454,4.342643057726615,0.5154192681223534,-1.549999999999843,18.966429490772473,0.06258906407790293,0.3169491554916455
scenario,49,1,0,0,certified_reset,0,1,0.09600015272538888,0.09200030545077775,0.003999847274611132,0.07999694549222262,0.0,0.0,0,0,4.0786666369704845,-1.0305094788815454,2.2761857894020685,-2.6018209753222097,4.0786666369704845,-1.0305094788815454,-1.5499999999999998,16.88673499702777,0.06258906407790293,0.3169491554916455
scenario,49,2,0,0,certified_reset,0,1,0.09200030545077775,0.08800045817616663,0.003999847274611132,0.0759970982176115,0.0,0.0,0,0,2.2761857894020685,-2.6018209753222097,0.45168531845933524,-1.060914523986271,2.2761857894020685,-2.6018209753222097,1.55,6.459589277648709,0.06258906407790293,0.3169491554916455
scenario,49,3,0,0,certified_reset,0,1,0.08800045817616663,0.0840006109015555,0.003999847274611132,0.07199725094300037,0.0,0.0,0,0,0.45168531845933524,-1.060914523986271,-0.054155171580164606,0.045431402642102055,0.45168531845933524,-1.060914523986271,1.1130520256119831,0.4375888801015874,0.06258906407790293,0.3169491554916455
scenario,49,4,0,0,certified_reset,0,1,0.0840006109015555,0.08000076362694437,0.003999847274611132,0.06799740366838924,0.0,0.0,0,0,-0.054155171580164606,0.045431402642102055,-0.013355162187743831,0.03883570375889344,-0.054155171580164606,0.045431402642102055,-0.013000780068789757,0.0033085303382221778,0.06258906407790293,0.3169491554916455
scenario,49,5,0,0,certified_reset,0,1,0.08000076362694437,0.07600091635233325,0.003999847274611132,0.06399755639377812,0.0,0.0,0,0,-0.013355162187743831,0.03883570375889344,0.0028428828291554055,-0.004591842369576447,-0.013355162187743831,0.03883570375889344,-0.04391329059774646,0.0004980479238997312,0.06258906407790293,0.3169491554916455
scenario,49,6,0,0,certified_reset,0,1,0.07600091635233325,0.07200106907772212,0.003999847274611132,0.05999770911916699,0.0,0.0,0,0,0.0028428828291554055,-0.004591842369576447,0.008440640069918183,0.007488993852261046,0.0028428828291554055,-0.004591842369576447,0.00392818343577606,1.2263051350401017e-05,0.06258906407790293,0.3169491554916455
scenario,49,7,1,1,certified_reset,0,1,0.07200106907772212,0.068001221803111,0.003999847274611132,0.05599786184455586,0.0,0.0,0,0,0.008440640069918183,0.007488993852261046,0.027791454605320752,-0.0021628064150979575,0.008440640069918183,0.007488993852261046,-0.019436976690620663,9.078461156715838e-05,0.0659683941917073,0.3371807140592316
scenario,49,8,0,0,certified_reset,0,1,0.068001221803111,0.06400137452849987,0.003999847274611132,0.051998014569944725,0.0,0.0,0,0,0.027791454605320752,-0.0021628064150979575,0.016063868609536628,-0.029826073811741943,0.027791454605320752,-0.0021628064150979575,-0.02448871476141378,0.0007881993695323052,0.06258906407790293,0.3169491554916455
scenario,49,9,0,0,certified_reset,0,1,0.06400137452849987,0.060001527253888735,0.003999847274611132,0.04799816729533359,0.0,0.0,0,0,0.016063868609536628,-0.029826073811741943,0.002821722857490714,0.004146671691713412,0.016063868609536628,-0.029826073811741943,0.02794454161465818,0.0004376973520800164,0.06258906407790293,0.3169491554916455
scenario,49,10,0,0,certified_reset,0,1,0.060001527253888735,0.0560016799792776,0.003999847274611132,0.04399832002072246,0.0,0.0,0,0,0.002821722857490714,0.004146671691713412,0.0033540225149009933,-0.009419186329177123,0.002821722857490714,0.004146671691713412,-0.008912915600273836,1.3043200998320002e-05,0.06258906407790293,0.3169491554916455
scenario,49,11,1,1,certified_reset,0,1,0.0560016799792776,0.05200183270466647,0.003999847274611132,0.039998472746111326,0.0,0.0,0,0,0.0033540225149009933,-0.009419186329177123,-0.014781242529053672,-0.023955629373655633,0.0033540225149009933,-0.009419186329177123,0.010538319230285231,2.9995664134124065e-05,0.0659683941917073,0.3371807140592316
scenario,49,12,1,1,certified_reset,0,1,0.05200183270466647,0.048001985430055336,0.003999847274611132,0.03599862547150019,0.0,0.0,0,0,-0.014781242529053672,-0.023955629373655633,0.014725890264048306,0.040089514567720724,-0.014781242529053672,-0.023955629373655633,0.05001225408228649,0.00038431276182631605,0.0659683941917073,0.3371807140592316
scenario,49,13,1,1,certified_reset,0,1,0.048001985430055336,0.0440021381554442,0.003999847274611132,0.03199877819688906,0.0,0.0,0,0,0.014725890264048306,0.040089514567720724,0.018157146024919975,-0.042966524956371974,0.014725890264048306,0.040089514567720724,-0.0737208971167354,0.0006420115629507885,0.0659683941917073,0.3371807140592316
scenario,49,14,1,1,certified_reset,0,1,0.0440021381554442,0.04000229088083307,0.003999847274611132,0.02799893092227793,0.0,0.0,0,0,0.018157146024919975,-0.042966524956371974,0.015793963289433482,0.01892549318462668,0.018157146024919975,-0.042966524956371974,0.0452163964344079,0.000713097022461882,0.0659683941917073,0.3371807140592316
scenario,49,15,1,1,certified_reset,0,1,0.04000229088083307,0.036002443606221936,0.003999847274611132,0.023999083647666796,0.0,0.0,0,0,0.015793963289433482,0.01892549318462668,-0.013130521244692148,-0.03392803055324948,0.015793963289433482,0.01892549318462668,-0.043607240014203144,0.0003614604335400236,0.0659683941917073,0.3371807140592316
scenario,49,16,1,1,certified_reset,0,1,0.036002443606221936,0.0320025963316108,0.003999847274611132,0.019999236373055663,0.0,0.0,0,0,-0.013130521244692148,-0.03392803055324948,0.009880135682494125,0.020200782124372332,-0.013130521244692148,-0.03392803055324948,0.06305474339710354,0.0004790081310791775,0.0659683941917073,0.3371807140592316
scenario,49,17,2,2,certified_reset,0,1,0.0320025963316108,0.02800274905699967,0.003999847274611132,0.01599938909844453,0.0,0.0,0,0,0.009880135682494125,0.020200782124372332,0.025552653819127732,0.0012568550097379998,0.009880135682494125,0.020200782124372332,-0.039596315089017016,0.00021026667303875653,0.07177064572129135,0.3726063481590821
scenario,49,18,2,2,certified_reset,0,1,0.02800274905699967,0.024002901782388536,0.003999847274611132,0.011999541823833396,0.0,0.0,0,0,0.025552653819127732,0.0012568550097379998,-0.004290094364411983,-0.030232908297924417,0.025552653819127732,0.0012568550097379998,-0.027297684539927095,0.0006718515499440081,0.07177064572129135,0.3726063481590821
scenario,49,19,2,2,certified_reset,0,1,0.024002901782388536,0.020003054507777403,0.003999847274611132,0.007999694549222265,0.0,0.0,0,0,-0.004290094364411983,-0.030232908297924417,-0.014368329809619516,0.0001476351862349269,-0.004290094364411983,-0.030232908297924417,0.048808531270643864,0.00024248690172262223,0.07177064572129135,0.3726063481590821
scenario,49,20,2,2,certified_reset,0,1,0.020003054507777403,0.01600320723316627,0.003999847274611132,0.003999847274611132,0.0,0.0,0,0,-0.014368329809619516,0.0001476351862349269,-0.06385491072780825,-0.0042158480521564835,-0.014368329809619516,0.0001476351862349269,0.01409210549115822,0.00021141751075402776,0.07177064572129135,0.3726063481590821
scenario,49,21,2,2,certified_reset,0,1,0.01600320723316627,0.012003359958555136,0.003999847274611132,0.0,0.0,0.0,0,0,-0.06385491072780825,-0.0042158480521564835,0.01610787222220813,0.10425375221677914,-0.06385491072780825,-0.0042158480521564835,0.06979734498998355,0.004202440565711427,0.07177064572129135,0.3726063481590821
scenario,50,0,0,0,certified_reset,0,1,0.1,0.09600015272538888,0.003999847274611132,0.08399679276683375,0.0,0.0,0,0,5.905237589215858,0.40752227503258254,5.542135924926984,-1.143772363584036,5.905237589215858,0.40752227503258254,-1.55,34.96178687792451,0.06258906407790293,0.3169491554916455
scenario,50,1,0,0,certified_reset,0,1,0.09600015272538888,0.09200030545077775,0.003999847274611132,0.07999694549222262,0.0,0.0,0,0,5.542135924926984,-1.143772363584036,3.621914792468947,-2.707612908435562,5.542135924926984,-1.143772363584036,-1.5499999999999996,31.010811849912027,0.06258906407790293,0.3169491554916455
scenario,50,2,0,0,certified_reset,0,1,0.09200030545077775,0.08800045817616663,0.003999847274611132,0.0759970982176115,0.0,0.0,0,0,3.621914792468947,-2.707612908435562,1.2696856471595364,-1.9805677653304767,3.621914792468947,-2.707612908435562,0.7122867258188567,14.450560752546659,0.06258906407790293,0.3169491554916455
scenario,50,3,0,0,certified_reset,0,1,0.08800045817616663,0.0840006109015555,0.003999847274611132,0.07199725094300037,0.0,0.0,0,0,1.2696856471595364,-1.9805677653304767,0.05745502966019787,-0.42688173771927757,1.2696856471595364,-1.9805677653304767,1.55,2.378240903754839,0.06258906407790293,0.3169491554916455
scenario,50,4,0,0,certified_reset,0,1,0.0840006109015555,0.08000076362694437,0.003999847274611132,0.06799740366838924,0.0,0.0,0,0,0.05745502966019787,-0.42688173771927757,-0.08021557011600089,0.1395971866364689,0.05745502966019787,-0.42688173771927757,0.5716252044931489,0.04427100803323149,0.06258906407790293,0.3169491554916455
scenario,50,5,0,0,certified_reset,0,1,0.08000076362694437,0.07600091635233325,0.003999847274611132,0.06399755639377812,0.0,0.0,0,0,-0.08021557011600089,0.1395971866364689,-0.00548405178316861,0.003718274184165494,-0.08021557011600089,0.1395971866364689,-0.12576462359619348,0.010337683615769444,0.06258906407790293,0.3169491554916455
scenario,50,6,0,0,certified_reset,0,1,0.07600091635233325,0.07200106907772212,0.003999847274611132,0.05999770911916699,0.0,0.0,0,0,-0.00548405178316861,0.003718274184165494,-0.009023472351781593,0.009044470022214448,-0.00548405178316861,0.003718274184165494,-2.0300994083102814e-05,3.256343558728751e-05,0.06258906407790293,0.3169491554916455
scenario,50,7,0,0,certified_reset,0,1,0.07200106907772212,0.068001221803111,0.003999847274611132,0.05599786184455586,0.0,0.0,0,0,-0.009023472351781593,0.009044470022214448,-0.007450596626005225,0.014167209889925045,-0.009023472351781593,0.009044470022214448,-0.004339910932318421,9.66183627927707e-05,0.06258906407790293,0.3169491554916455
scenario,50,8,0,0,certified_reset,0,1,0.068001221803111,0.06400137452849987,0.003999847274611132,0.051998014569944725,0.0,0.0,0,0,-0.007450596626005225,0.014167209889925045,0.005238908225886922,0.012104883164623766,-0.007450596626005225,0.014167209889925045,-0.013449689436496532,9.616151422362981e-05,0.06258906407790293,0.3169491554916455
scenario,50,9,0,0,certified_reset,0,1,0.06400137452849987,0.060001527253888735,0.003999847274611132,0.04799816729533359,0.0,0.0,0,0,0.005238908225886922,0.012104883164623766,0.009287976668689002,-0.012123710407730756,0.005238908225886922,0.012104883164623766,-0.023046277601347597,6.709950753847959e-05,0.06258906407790293,0.3169491554916455
scenario,50,10,0,0,certified_reset,0,1,0.060001527253888735,0.0560016799792776,0.003999847274611132,0.04399832002072246,0.0,0.0,0,0,0.009287976668689002,-0.012123710407730756,-0.0010402980620808563,-0.007179593554377023,0.009287976668689002,-0.012123710407730756,0.00861101946022528,0.00011457743573081413,0.06258906407790293,0.3169491554916455
scenario,50,11,0,0,certified_reset,0,1,0.0560016799792776,0.05200183270466647,0.003999847274611132,0.039998472746111326,0.0,0.0,0,0,-0.0010402980620808563,-0.007179593554377023,-0.003526295445517364,0.006052360252543523,-0.0010402980620808563,-0.007179593554377023,0.011611173004446675,1.3731084970538343e-05,0.06258906407790293,0.3169491554916455
scenario,50,12,0,0,certified_reset,0,1,0.05200183270466647,0.048001985430055336,0.003999847274611132,0.03599862547150019,0.0,0.0,0,0,-0.003526295445517364,0.006052360252543523,0.0004309034994868766,-0.0015442612068002973,-0.003526295445517364,0.006052360252543523,-0.00540092666973263,1.97576014241546e-05,0.06258906407790293,0.3169491554916455
scenario,50,13,0,0,certified_reset,0,1,0.048001985430055336,0.0440021381554442,0.003999847274611132,0.03199877819688906,0.0,0.0,0,0,0.0004309034994868766,-0.0015442612068002973,-0.005224841009676971,0.0005310344076467125,0.0004309034994868766,-0.0015442612068002973,0.001842418545673508,6.997941597751747e-07,0.06258906407790293,0.3169491554916455
scenario,50,14,0,0,certified_reset,0,1,0.0440021381554442,0.04000229088083307,0.003999847274611132,0.02799893092227793,0.0,0.0,0,0,-0.005224841009676971,0.0005310344076467125,-0.003649188638050139,-0.007006577213108527,-0.005224841009676971,0.0005310344076467125,0.004416894963845619,2.7837447162022235e-05,0.06258906407790293,0.3169491554916455
scenario,50,15,0,0,certified_reset,0,1,0.04000229088083307,0.036002443606221936,0.003999847274611132,0.023999083647666796,0.0,0.0,0,0,-0.003649188638050139,-0.007006577213108527,-0.0007643863465372804,0.02185766240110793,-0.003649188638050139,-0.007006577213108527,0.013951288119267252,2.701912108452972e-05,0.06258906407790293,0.3169491554916455
scenario,50,16,0,0,certified_reset,0,1,0.036002443606221936,0.0320025963316108,0.003999847274611132,0.019999236373055663,0.0,0.0,0,0,-0.0007643863465372804,0.02185766240110793,0.004855892528965109,-0.002532836835566158,-0.0007643863465372804,0.02185766240110793,-0.03143922957628216,0.0001112912484108723,0.06258906407790293,0.3169491554916455
scenario,50,17,0,0,certified_reset,0,1,0.0320025963316108,0.02800274905699967,0.003999847274611132,0.01599938909844453,0.0,0.0,0,0,0.004855892528965109,-0.002532836835566158,-0.005066942670424157,-0.002152483277054785,0.004855892528965109,-0.002532836835566158,-0.0011040134827243393,2.4764910635518234e-05,0.06258906407790293,0.3169491554916455
scenario,50,18,0,0,certified_reset,0,1,0.02800274905699967,0.024002901782388536,0.003999847274611132,0.011999541823833396,0.0,0.0,0,0,-0.005066942670424157,-0.002152483277054785,-0.007270595410615978,-0.00060261047723216,-0.005066942670424157,-0.002152483277054785,0.008214650972002486,2.8194893456600714e-05,0.06258906407790293,0.3169491554916455
scenario,50,19,0,0,certified_reset,0,1,0.024002901782388536,0.020003054507777403,0.003999847274611132,0.007999694549222265,0.0,0.0,0,0,-0.007270595410615978,-0.00060261047723216,-0.003767728742405552,0.015920103478647196,-0.007270595410615978,-0.00060261047723216,0.008126259358141107,5.4577824993473116e-05,0.06258906407790293,0.3169491554916455
scenario,50,20,0,0,certified_reset,0,1,0.020003054507777403,0.01600320723316627,0.003999847274611132,0.003999847274611132,0.0,0.0,0,0,-0.003767728742405552,0.015920103478647196,-0.00431061149380219,-0.013634674890173906,-0.003767728742405552,0.015920103478647196,-0.019702505852360972,6.952144335665709e-05,0.06258906407790293,0.3169491554916455
scenario,50,21,0,0,certified_reset,0,1,0.01600320723316627,0.012003359958555136,0.003999847274611132,0.0,0.0,0.0,0,0,-0.00431061149380219,-0.013634674890173906,-0.004900972578506646,0.006958216538665546,-0.00431061149380219,-0.013634674890173906,0.024378650144355692,6.690212070695488e-05,0.06258906407790293,0.3169491554916455
scenario,51,0,0,0,certified_reset,0,1,0.1,0.09600015272538888,0.003999847274611132,0.08399679276683375,0.0,0.0,0,0,0.7779357924814665,0.33188837246884084,0.47432773229004277,-0.9294872677497964,0.7779357924814665,0.33188837246884084,-1.2635408670069894,0.6649244658090896,0.06258906407790293,0.3169491554916455
scenario,51,1,0,0,certified_reset,0,1,0.09600015272538888,0.09200030545077775,0.003999847274611132,0.07999694549222262,0.0,0.0,0,0,0.47432773229004277,-0.9294872677497964,-0.004101095009594892,-0.038025157338617235,0.47432773229004277,-0.9294872677497964,0.8969026355211738,0.40060804062315186,0.06258906407790293,0.3169491554916455
scenario,51,2,0,0,certified_reset,0,1,0.09200030545077775,0.08800045817616663,0.003999847274611132,0.0759970982176115,0.0,0.0,0,0,-0.004101095009594892,-0.038025157338617235,-0.00686627304960332,0.028021428218466496,-0.004101095009594892,-0.038025157338617235,0.060097959909875036,0.0003673773662237351,0.06258906407790293,0.3169491554916455
scenario,51,3,0,0,certified_reset,0,1,0.08800045817616663,0.0840006109015555,0.003999847274611132,0.07199725094300037,0.0,0.0,0,0,-0.00686627304960332,0.028021428218466496,0.002714396214124371,-0.002335929221139236,-0.00686627304960332,0.028021428218466496,-0.03444438000947379,0.0002181421675401155,0.06258906407790293,0.3169491554916455
scenario,51,4,0,0,certified_reset,0,1,0.0840006109015555,0.08000076362694437,0.003999847274611132,0.06799740366838924,0.0,0.0,0,0,0.002714396214124371,-0.002335929221139236,0.0006522476555241351,0.00438980508195678,0.002714396214124371,-0.002335929221139236,0.0007361240138187641,8.363675530056722e-06,0.06258906407790293,0.3169491554916455
scenario,51,5,0,0,certified_reset,0,1,0.08000076362694437,0.07600091635233325,0.003999847274611132,0.06399755639377812,0.0,0.0,0,0,0.0006522476555241351,0.00438980508195678,-0.003935956416599071,0.00800815096006637,0.0006522476555241351,0.00438980508195678,-0.007113258711626012,5.159058199963057e-06,0.06258906407790293,0.3169491554916455
scenario,51,6,0,0,certified_reset,0,1,0.07600091635233325,0.07200106907772212,0.003999847274611132,0.05999770911916699,0.0,0.0,0,0,-0.003935956416599071,0.00800815096006637,-0.000715298834752313,-0.004387396958896579,-0.003935956416599071,0.00800815096006637,-0.007879665165894055,2.8587467715390654e-05,0.06258906407790293,0.3169491554916455
scenario,51,7,0,0,certified_reset,0,1,0.07200106907772212,0.068001221803111,0.003999847274611132,0.05599786184455586,0.0,0.0,0,0,-0.000715298834752313,-0.004387396958896579,-0.008469965738310211,-0.0035837944189316987,-0.000715298834752313,-0.004387396958896579,0.007174380457565742,5.263311170233838e-06,0.06258906407790293,0.3169491554916455
scenario,51,8,0,0,certified_reset,0,1,0.068001221803111,0.06400137452849987,0.003999847274611132,0.051998014569944725,0.0,0.0,0,0,-0.008469965738310211,-0.0035837944189316987,-0.018477636911616524,0.026853531607207656,-0.008469965738310211,-0.0035837944189316987,0.013712203159883994,7.875277733428703e-05,0.06258906407790293,0.3169491554916455
scenario,51,9,0,0,certified_reset,0,1,0.06400137452849987,0.060001527253888735,0.003999847274611132,0.04799816729533359,0.0,0.0,0,0,-0.018477636911616524,0.026853531607207656,0.0023842616748001528,0.003691602758108018,-0.018477636911616524,0.026853531607207656,-0.021156249369156926,0.00048241292678205636,0.06258906407790293,0.3169491554916455
scenario,51,10,0,0,certified_reset,0,1,0.060001527253888735,0.0560016799792776,0.003999847274611132,0.04399832002072246,0.0,0.0,0,0,0.0023842616748001528,0.003691602758108018,0.0017524551017845799,-0.0021818963384136773,0.0023842616748001528,0.003691602758108018,-0.007814790545088079,9.664505081771513e-06,0.06258906407790293,0.3169491554916455
scenario,51,11,0,0,certified_reset,0,1,0.0560016799792776,0.05200183270466647,0.003999847274611132,0.039998472746111326,0.0,0.0,0,0,0.0017524551017845799,-0.0021818963384136773,0.0014176504265428751,0.0075002077618741315,0.0017524551017845799,-0.0021818963384136773,0.0014643082602137955,3.981624744479003e-06,0.06258906407790293,0.3169491554916455
scenario,51,12,0,0,certified_reset,0,1,0.05200183270466647,0.048001985430055336,0.003999847274611132,0.03599862547150019,0.0,0.0,0,0,0.0014176504265428751,0.0075002077618741315,0.006038256303062728,-0.014320524770283664,0.0014176504265428751,0.0075002077618741315,-0.012459841125939175,1.6016484718798177e-05,0.06258906407790293,0.3169491554916455
scenario,51,13,0,0,certified_reset,0,1,0.048001985430055336,0.0440021381554442,0.003999847274611132,0.03199877819688906,0.0,0.0,0,0,0.006038256303062728,-0.014320524770283664,-0.0023002918910687425,0.005354082990769756,0.006038256303062728,-0.014320524770283664,0.015081034831099526,7.906041681623313e-05,0.06258906407790293,0.3169491554916455
scenario,51,14,0,0,certified_reset,0,1,0.0440021381554442,0.04000229088083307,0.003999847274611132,0.02799893092227793,0.0,0.0,0,0,-0.0023002918910687425,0.005354082990769756,-0.007673735372336213,0.013886921136544168,-0.0023002918910687425,0.005354082990769756,-0.005592719967993965,1.1233222541095575e-05,0.06258906407790293,0.3169491554916455
scenario,51,15,0,0,certified_reset,0,1,0.04000229088083307,0.036002443606221936,0.003999847274611132,0.023999083647666796,0.0,0.0,0,0,-0.007673735372336213,0.013886921136544168,-0.004837839615282595,-0.0011707784659222733,-0.007673735372336213,0.013886921136544168,-0.012815674452783086,9.770463651410442e-05,0.06258906407790293,0.3169491554916455
scenario,51,16,0,0,certified_reset,0,1,0.036002443606221936,0.0320025963316108,0.003999847274611132,0.019999236373055663,0.0,0.0,0,0,-0.004837839615282595,-0.0011707784659222733,-0.0019243780111823498,0.0055910166914995806,-0.004837839615282595,-0.0011707784659222733,0.006542165133945841,2.4721420258121176e-05,0.06258906407790293,0.3169491554916455
scenario,51,17,0,0,certified_reset,0,1,0.0320025963316108,0.02800274905699967,0.003999847274611132,0.01599938909844453,0.0,0.0,0,0,-0.0019243780111823498,0.0055910166914995806,-0.005490172704330899,-0.0016214924253143618,-0.0019243780111823498,0.0055910166914995806,-0.006318695697018489,1.0328082788742978e-05,0.06258906407790293,0.3169491554916455
scenario,51,18,1,1,certified_reset,0,1,0.02800274905699967,0.024002901782388536,0.003999847274611132,0.011999541823833396,0.0,0.0,0,0,-0.005490172704330899,-0.0016214924253143618,0.019158566281005,-0.0024267272705747727,-0.005490172704330899,-0.0016214924253143618,0.007853235532867021,3.215709181511052e-05,0.0659683941917073,0.3371807140592316
scenario,51,19,0,0,certified_reset,0,1,0.024002901782388536,0.020003054507777403,0.003999847274611132,0.007999694549222265,0.0,0.0,0,0,0.019158566281005,-0.0024267272705747727,0.010012169761335964,-0.0158214026995705,0.019158566281005,-0.0024267272705747727,-0.015504262855634287,0.000374120237055312,0.06258906407790293,0.3169491554916455
scenario,51,20,0,0,certified_reset,0,1,0.020003054507777403,0.01600320723316627,0.003999847274611132,0.003999847274611132,0.0,0.0,0,0,0.010012169761335964,-0.0158214026995705,-0.0020017205766849127,0.0030536606930934955,0.010012169761335964,-0.0158214026995705,0.013339169795226207,0.00014974890060921294,0.06258906407790293,0.3169491554916455
scenario,51,21,0,0,certified_reset,0,1,0.01600320723316627,0.012003359958555136,0.003999847274611132,0.0,0.0,0.0,0,0,-0.0020017205766849127,0.0030536606930934955,0.006484913844540679,-0.00510296447127775,-0.0020017205766849127,0.0030536606930934955,-0.0025017292911730495,5.841823356419574e-06,0.06258906407790293,0.3169491554916455
scenario,52,0,0,0,certified_reset,0,1,0.1,0.09600015272538888,0.003999847274611132,0.08399679276683375,0.0,0.0,0,0,3.596644901715811,-0.2689096665135123,2.5507951059654643,-1.8188775416007894,3.596644901715811,-0.2689096665135123,-1.55,13.00893328261233,0.06258906407790293,0.3169491554916455
scenario,52,1,2,2,certified_reset,0,1,0.09600015272538888,0.09200030545077775,0.003999847274611132,0.07999694549222262,0.0,0.0,0,0,2.5507951059654643,-1.8188775416007894,0.8627416538840186,-1.453271727332383,2.5507951059654643,-1.8188775416007894,0.30129923453045476,7.104321995376732,0.07177064572129135,0.3726063481590821
scenario,52,2,2,2,certified_reset,0,1,0.09200030545077775,0.08800045817616663,0.003999847274611132,0.0759970982176115,0.0,0.0,0,0,0.8627416538840186,-1.453271727332383,0.08426620938846077,-0.1596954448047472,0.8627416538840186,-1.453271727332383,1.2817183901040525,1.1655529805582614,0.07177064572129135,0.3726063481590821
scenario,52,3,2,2,certified_reset,0,1,0.08800045817616663,0.0840006109015555,0.003999847274611132,0.07199725094300037,0.0,0.0,0,0,0.08426620938846077,-0.1596954448047472,0.00600615486253788,0.03668067508053034,0.08426620938846077,-0.1596954448047472,0.1513343842518907,0.012263820757571878,0.07177064572129135,0.3726063481590821
scenario,52,4,2,2,certified_reset,0,1,0.0840006109015555,0.08000076362694437,0.003999847274611132,0.06799740366838924,0.0,0.0,0,0,0.00600615486253788,0.03668067508053034,0.07583203710007241,0.02242794500907508,0.00600615486253788,0.03668067508053034,-0.06001557095638717,0.0003683055615487351,0.07177064572129135,0.3726063481590821
scenario,52,5,2,2,certified_reset,0,1,0.08000076362694437,0.07600091635233325,0.003999847274611132,0.06399755639377812,0.0,0.0,0,0,0.07583203710007241,0.02242794500907508,0.02221109106335384,-0.07934314053315127,0.07583203710007241,0.02242794500907508,-0.10855038558908277,0.00613561979515464,0.07177064572129135,0.3726063481590821
scenario,52,6,1,1,certified_reset,0,1,0.07600091635233325,0.07200106907772212,0.003999847274611132,0.05999770911916699,0.0,0.0,0,0,0.02221109106335384,-0.07934314053315127,-0.0109051539021216,-0.030508493477332324,0.02221109106335384,-0.07934314053315127,0.09475982361085866,0.0018509782814330332,0.0659683941917073,0.3371807140592316
scenario,52,7,0,0,certified_reset,0,1,0.07200106907772212,0.068001221803111,0.003999847274611132,0.05599786184455586,0.0,0.0,0,0,-0.0109051539021216,-0.030508493477332324,-0.019942228494599326,0.03240078056118571,-0.0109051539021216,-0.030508493477332324,0.05580143028312374,0.0003643056435361731,0.06258906407790293,0.3169491554916455
scenario,52,8,0,0,certified_reset,0,1,0.068001221803111,0.06400137452849987,0.003999847274611132,0.051998014569944725,0.0,0.0,0,0,-0.019942228494599326,0.03240078056118571,0.007554036086999479,-0.00509995978000247,-0.019942228494599326,0.03240078056118571,-0.027873812519829476,0.0006060821175159141,0.06258906407790293,0.3169491554916455
scenario,52,9,0,0,certified_reset,0,1,0.06400137452849987,0.060001527253888735,0.003999847274611132,0.04799816729533359,0.0,0.0,0,0,0.007554036086999479,-0.00509995978000247,-0.0024774325516859013,-0.017312768911090598,0.007554036086999479,-0.00509995978000247,-1.640798968733926e-05,6.174519409061925e-05,0.06258906407790293,0.3169491554916455
scenario,52,10,0,0,certified_reset,0,1,0.060001527253888735,0.0560016799792776,0.003999847274611132,0.04399832002072246,0.0,0.0,0,0,-0.0024774325516859013,-0.017312768911090598,-0.008559137352286379,0.016003037166755628,-0.0024774325516859013,-0.017312768911090598,0.027973887336405087,7.965288549228856e-05,0.06258906407790293,0.3169491554916455
scenario,52,11,0,0,certified_reset,0,1,0.0560016799792776,0.05200183270466647,0.003999847274611132,0.039998472746111326,0.0,0.0,0,0,-0.008559137352286379,0.016003037166755628,-0.014027927689436205,0.0050433452085562325,-0.008559137352286379,0.016003037166755628,-0.015044481932813351,0.0001250147388718737,0.06258906407790293,0.3169491554916455
scenario,52,12,0,0,certified_reset,0,1,0.05200183270466647,0.048001985430055336,0.003999847274611132,0.03599862547150019,0.0,0.0,0,0,-0.014027927689436205,0.0050433452085562325,-0.016621452761699088,0.016064818605070808,-0.014027927689436205,0.0050433452085562325,0.00654003514197957,0.00020243041631218923,0.06258906407790293,0.3169491554916455
scenario,52,13,0,0,certified_reset,0,1,0.048001985430055336,0.0440021381554442,0.003999847274611132,0.03199877819688906,0.0,0.0,0,0,-0.016621452761699088,0.016064818605070808,-0.00491117225920476,0.012441514960361597,-0.016621452761699088,0.016064818605070808,-0.0071110711000031655,0.000323990986640616,0.06258906407790293,0.3169491554916455
scenario,52,14,0,0,certified_reset,0,1,0.0440021381554442,0.04000229088083307,0.003999847274611132,0.02799893092227793,0.0,0.0,0,0,-0.00491117225920476,0.012441514960361597,-0.001385780207648592,0.006527783311952158,-0.00491117225920476,0.012441514960361597,-0.013435763717792695,5.6495039638193505e-05,0.06258906407790293,0.3169491554916455
scenario,52,15,0,0,certified_reset,0,1,0.04000229088083307,0.036002443606221936,0.003999847274611132,0.023999083647666796,0.0,0.0,0,0,-0.001385780207648592,0.006527783311952158,0.00461027067305077,-0.009681778622256134,-0.001385780207648592,0.006527783311952158,-0.0082362959038199,1.1286452933496783e-05,0.06258906407790293,0.3169491554916455
scenario,52,16,0,0,certified_reset,0,1,0.036002443606221936,0.0320025963316108,0.003999847274611132,0.019999236373055663,0.0,0.0,0,0,0.00461027067305077,-0.009681778622256134,-0.0012978269822327994,0.00877957565367193,0.00461027067305077,-0.009681778622256134,0.009669288565815528,4.046460492528494e-05,0.06258906407790293,0.3169491554916455
scenario,52,17,0,0,certified_reset,0,1,0.0320025963316108,0.02800274905699967,0.003999847274611132,0.01599938909844453,0.0,0.0,0,0,-0.0012978269822327994,0.00877957565367193,-0.006212628914984622,-0.004731988117913144,-0.0012978269822327994,0.00877957565367193,-0.011640920227075734,1.894670122767882e-05,0.06258906407790293,0.3169491554916455
scenario,52,18,0,0,certified_reset,0,1,0.02800274905699967,0.024002901782388536,0.003999847274611132,0.011999541823833396,0.0,0.0,0,0,-0.006212628914984622,-0.004731988117913144,-0.017038160391261305,-0.0003994793175975987,-0.006212628914984622,-0.004731988117913144,0.01315812810806326,4.695567449666093e-05,0.06258906407790293,0.3169491554916455
scenario,52,19,0,0,certified_reset,0,1,0.024002901782388536,0.020003054507777403,0.003999847274611132,0.007999694549222265,0.0,0.0,0,0,-0.017038160391261305,-0.0003994793175975987,-0.008262963794950706,0.015327568599476142,-0.017038160391261305,-0.0003994793175975987,0.017552834223631034,0.0002980301843209363,0.06258906407790293,0.3169491554916455
scenario,52,20,0,0,certified_reset,0,1,0.020003054507777403,0.01600320723316627,0.003999847274611132,0.003999847274611132,0.0,0.0,0,0,-0.008262963794950706,0.015327568599476142,-0.011438625529769163,-0.009991124369107297,-0.008262963794950706,0.015327568599476142,-0.014353906531906057,0.00011571562114573001,0.06258906407790293,0.3169491554916455
scenario,52,21,0,0,certified_reset,0,1,0.01600320723316627,0.012003359958555136,0.003999847274611132,0.0,0.0,0.0,0,0,-0.011438625529769163,-0.009991124369107297,-0.007037643586091278,0.03081953117780049,-0.011438625529769163,-0.009991124369107297,0.02611026118585894,0.0001658538593987457,0.06258906407790293,0.3169491554916455
scenario,53,0,0,0,certified_reset,0,1,0.1,0.09600015272538888,0.003999847274611132,0.08399679276683375,0.0,0.0,0,0,5.237113142265564,0.33493344114200485,4.798994459232253,-1.2101411410769292,5.237113142265564,0.33493344114200485,-1.5499999999995946,27.507609038689797,0.06258906407790293,0.3169491554916455
scenario,53,1,0,0,certified_reset,0,1,0.09600015272538888,0.09200030545077775,0.003999847274611132,0.07999694549222262,0.0,0.0,0,0,4.798994459232253,-1.2101411410769292,2.821538294398068,-2.7667109953187605,4.798994459232253,-1.2101411410769292,-1.55,23.35400980438072,0.06258906407790293,0.3169491554916455
scenario,53,2,0,0,certified_reset,0,1,0.09200030545077775,0.08800045817616663,0.003999847274611132,0.0759970982176115,0.0,0.0,0,0,2.821538294398068,-2.7667109953187605,0.6846361265062346,-1.4987417807922225,2.821538294398068,-2.7667109953187605,1.2737191984755207,9.379481513360078,0.06258906407790293,0.3169491554916455
scenario,53,3,0,0,certified_reset,0,1,0.08800045817616663,0.0840006109015555,0.003999847274611132,0.07199725094300037,0.0,0.0,0,0,0.6846361265062346,-1.4987417807922225,-0.051027064846962476,0.025944876208844392,0.6846361265062346,-1.4987417807922225,1.5260508732462734,0.9312682539994573,0.06258906407790293,0.3169491554916455
scenario,53,4,0,0,certified_reset,0,1,0.0840006109015555,0.08000076362694437,0.003999847274611132,0.06799740366838924,0.0,0.0,0,0,-0.051027064846962476,0.025944876208844392,-0.015000307079517675,0.027677049685149092,-0.051027064846962476,0.025944876208844392,0.012588750553380488,0.002728887851177101,0.06258906407790293,0.3169491554916455
scenario,53,5,0,0,certified_reset,0,1,0.08000076362694437,0.07600091635233325,0.003999847274611132,0.06399755639377812,0.0,0.0,0,0,-0.015000307079517675,0.027677049685149092,0.003546452218862107,0.004604604062735466,-0.015000307079517675,0.027677049685149092,-0.025835555813833202,0.0003795795453544284,0.06258906407790293,0.3169491554916455
scenario,53,6,0,0,certified_reset,0,1,0.07600091635233325,0.07200106907772212,0.003999847274611132,0.05999770911916699,0.0,0.0,0,0,0.003546452218862107,0.004604604062735466,-0.00647820475082463,-0.00650243763712179,0.003546452218862107,0.004604604062735466,-0.010317731859233037,1.9055141252068567e-05,0.06258906407790293,0.3169491554916455
scenario,53,7,0,0,certified_reset,0,1,0.07200106907772212,0.068001221803111,0.003999847274611132,0.05599786184455586,0.0,0.0,0,0,-0.00647820475082463,-0.00650243763712179,-0.006363271558728897,0.017765163960135312,-0.00647820475082463,-0.00650243763712179,0.016031682923079885,5.600321336769953e-05,0.06258906407790293,0.3169491554916455
scenario,53,8,0,0,certified_reset,0,1,0.068001221803111,0.06400137452849987,0.003999847274611132,0.051998014569944725,0.0,0.0,0,0,-0.006363271558728897,0.017765163960135312,0.0031607366183156807,-0.00038669990411825217,-0.006363271558728897,0.017765163960135312,-0.019834497266076813,0.0001071345960705666,0.06258906407790293,0.3169491554916455
scenario,53,9,0,0,certified_reset,0,1,0.06400137452849987,0.060001527253888735,0.003999847274611132,0.04799816729533359,0.0,0.0,0,0,0.0031607366183156807,-0.00038669990411825217,0.006096722692112557,-0.0021395380719674735,0.0031607366183156807,-0.00038669990411825217,-0.002579636240374325,1.0183535675530072e-05,0.06258906407790293,0.3169491554916455
scenario,53,10,0,0,certified_reset,0,1,0.060001527253888735,0.0560016799792776,0.003999847274611132,0.04399832002072246,0.0,0.0,0,0,0.006096722692112557,-0.0021395380719674735,0.0067756561127571766,-0.004556991472552709,0.006096722692112557,-0.0021395380719674735,-0.0029168861414280234,3.8206705372623246e-05,0.06258906407790293,0.3169491554916455
scenario,53,11,0,0,certified_reset,0,1,0.0560016799792776,0.05200183270466647,0.003999847274611132,0.039998472746111326,0.0,0.0,0,0,0.0067756561127571766,-0.004556991472552709,0.0013638848281433667,0.008504870271839783,0.0067756561127571766,-0.004556991472552709,-3.320742903329037e-05,4.964745415724252e-05,0.06258906407790293,0.3169491554916455
scenario,53,12,0,0,certified_reset,0,1,0.05200183270466647,0.048001985430055336,0.003999847274611132,0.03599862547150019,0.0,0.0,0,0,0.0013638848281433667,0.008504870271839783,0.003800157243825513,-0.00690762102313784,0.0013638848281433667,0.008504870271839783,-0.013883680163889696,1.9699003498117603e-05,0.06258906407790293,0.3169491554916455
scenario,53,13,0,0,certified_reset,0,1,0.048001985430055336,0.0440021381554442,0.003999847274611132,0.03199877819688906,0.0,0.0,0,0,0.003800157243825513,-0.00690762102313784,0.0044816738103732705,0.00016665613584140773,0.003800157243825513,-0.00690762102313784,0.006391659047893812,2.4051268788285843e-05,0.06258906407790293,0.3169491554916455
scenario,53,14,0,0,certified_reset,0,1,0.0440021381554442,0.04000229088083307,0.003999847274611132,0.02799893092227793,0.0,0.0,0,0,0.0044816738103732705,0.00016665613584140773,0.0018081131305728343,-0.01218241013472273,0.0044816738103732705,0.00016665613584140773,-0.004707347849289581,2.06443776051114e-05,0.06258906407790293,0.3169491554916455
scenario,53,15,0,0,certified_reset,0,1,0.04000229088083307,0.036002443606221936,0.003999847274611132,0.023999083647666796,0.0,0.0,0,0,0.0018081131305728343,-0.01218241013472273,-0.007949764485252593,0.003293936861952764,0.0018081131305728343,-0.01218241013472273,0.016145460456221363,3.6500171430842205e-05,0.06258906407790293,0.3169491554916455
scenario,53,16,0,0,certified_reset,0,1,0.036002443606221936,0.0320025963316108,0.003999847274611132,0.019999236373055663,0.0,0.0,0,0,-0.007949764485252593,0.003293936861952764,-0.007837614453958601,0.001287554695701956,-0.007949764485252593,0.003293936861952764,0.0030670148211387723,6.538692347790617e-05,0.06258906407790293,0.3169491554916455
scenario,53,17,0,0,certified_reset,0,1,0.0320025963316108,0.02800274905699967,0.003999847274611132,0.01599938909844453,0.0,0.0,0,0,-0.007837614453958601,0.001287554695701956,-0.0032311363804446128,0.019969299855236832,-0.007837614453958601,0.001287554695701956,0.005906114815266272,6.259865861117483e-05,0.06258906407790293,0.3169491554916455
scenario,53,18,0,0,certified_reset,0,1,0.02800274905699967,0.024002901782388536,0.003999847274611132,0.011999541823833396,0.0,0.0,0,0,-0.0032311363804446128,0.019969299855236832,-0.0005407159718240594,-0.0031699343833912195,-0.0032311363804446128,0.019969299855236832,-0.026202191094880003,9.938324137085305e-05,0.06258906407790293,0.3169491554916455
scenario,53,19,0,0,certified_reset,0,1,0.024002901782388536,0.020003054507777403,0.003999847274611132,0.007999694549222265,0.0,0.0,0,0,-0.0005407159718240594,-0.0031699343833912195,-0.0056742353390526875,0.0063422138416174105,-0.0005407159718240594,-0.0031699343833912195,0.0052049191637453555,2.778380468814785e-06,0.06258906407790293,0.3169491554916455
scenario,53,20,0,0,certified_reset,0,1,0.020003054507777403,0.01600320723316627,0.003999847274611132,0.003999847274611132,0.0,0.0,0,0,-0.0056742353390526875,0.0063422138416174105,4.6003946825729555e-05,0.0007869164768633799,-0.0056742353390526875,0.0063422138416174105,-0.003690057089533928,3.9777621470359484e-05,0.06258906407790293,0.3169491554916455
scenario,53,21,0,0,certified_reset,0,1,0.01600320723316627,0.012003359958555136,0.003999847274611132,0.0,0.0,0.0,0,0,4.6003946825729555e-05,0.0007869164768633799,0.0004427333112984629,-0.0024624618180058276,4.6003946825729555e-05,0.0007869164768633799,-0.0012027945427287908,1.4974698840463193e-07,0.06258906407790293,0.3169491554916455
scenario,54,0,0,0,certified_reset,0,1,0.1,0.09600015272538888,0.003999847274611132,0.08399679276683375,0.0,0.0,0,0,-4.874577874776328,-0.49467518761004636,-4.592884020845618,1.0635920407144734,-4.874577874776328,-0.49467518761004636,1.55,23.86561859468157,0.06258906407790293,0.3169491554916455
scenario,54,1,0,0,certified_reset,0,1,0.09600015272538888,0.09200030545077775,0.003999847274611132,0.07999694549222262,0.0,0.0,0,0,-4.592884020845618,1.0635920407144734,-2.7546380989364665,2.6183860403612846,-4.592884020845618,1.0635920407144734,1.5499999999999998,21.358267174171825,0.06258906407790293,0.3169491554916455
scenario,54,2,0,0,certified_reset,0,1,0.09200030545077775,0.08800045817616663,0.003999847274611132,0.0759970982176115,0.0,0.0,0,0,-2.7546380989364665,2.6183860403612846,-0.6952322295799632,1.4963763605771483,-2.7546380989364665,2.6183860403612846,-1.121748608209181,8.853559236757382,0.06258906407790293,0.3169491554916455
scenario,54,3,0,0,certified_reset,0,1,0.08800045817616663,0.0840006109015555,0.003999847274611132,0.07199725094300037,0.0,0.0,0,0,-0.6952322295799632,1.4963763605771483,0.04643265064432188,-0.02116181276187073,-0.6952322295799632,1.4963763605771483,-1.512014842074504,0.9435481733620065,0.06258906407790293,0.3169491554916455
scenario,54,4,0,0,certified_reset,0,1,0.0840006109015555,0.08000076362694437,0.003999847274611132,0.06799740366838924,0.0,0.0,0,0,0.04643265064432188,-0.02116181276187073,0.02106083578470796,-0.03475857294018699,0.04643265064432188,-0.02116181276187073,-0.015059742839387552,0.0022422689597036824,0.06258906407790293,0.3169491554916455
scenario,54,5,0,0,certified_reset,0,1,0.08000076362694437,0.07600091635233325,0.003999847274611132,0.06399755639377812,0.0,0.0,0,0,0.02106083578470796,-0.03475857294018699,0.0041066173773021825,0.005806691004679794,0.02106083578470796,-0.03475857294018699,0.030231837919740642,0.0006838764152614659,0.06258906407790293,0.3169491554916455
scenario,54,6,0,0,certified_reset,0,1,0.07600091635233325,0.07200106907772212,0.003999847274611132,0.05999770911916699,0.0,0.0,0,0,0.0041066173773021825,0.005806691004679794,0.003866265467948638,-0.015939954299518954,0.0041066173773021825,0.005806691004679794,-0.012636488043141226,2.6925505911460796e-05,0.06258906407790293,0.3169491554916455
scenario,54,7,0,0,certified_reset,0,1,0.07200106907772212,0.068001221803111,0.003999847274611132,0.05599786184455586,0.0,0.0,0,0,0.003866265467948638,-0.015939954299518954,0.0002902964080575606,0.008173578492944015,0.003866265467948638,-0.015939954299518954,0.019629844670357458,7.031606446594663e-05,0.06258906407790293,0.3169491554916455
scenario,54,8,0,0,certified_reset,0,1,0.068001221803111,0.06400137452849987,0.003999847274611132,0.051998014569944725,0.0,0.0,0,0,0.0002902964080575606,0.008173578492944015,0.00543745598296661,0.0004439733805491966,0.0002902964080575606,0.008173578492944015,-0.012329781886084532,1.591018940694863e-05,0.06258906407790293,0.3169491554916455
scenario,54,9,0,0,certified_reset,0,1,0.06400137452849987,0.060001527253888735,0.003999847274611132,0.04799816729533359,0.0,0.0,0,0,0.00543745598296661,0.0004439733805491966,0.0009157747315363253,-0.004598965070225267,0.00543745598296661,0.0004439733805491966,-0.006066051384450286,3.052133227694369e-05,0.06258906407790293,0.3169491554916455
scenario,54,10,0,0,certified_reset,0,1,0.060001527253888735,0.0560016799792776,0.003999847274611132,0.04399832002072246,0.0,0.0,0,0,0.0009157747315363253,-0.004598965070225267,0.006258924669053329,-0.018308078663278188,0.0009157747315363253,-0.004598965070225267,0.005861389960942277,5.504627014863678e-06,0.06258906407790293,0.3169491554916455
scenario,54,11,0,0,certified_reset,0,1,0.0560016799792776,0.05200183270466647,0.003999847274611132,0.039998472746111326,0.0,0.0,0,0,0.006258924669053329,-0.018308078663278188,0.007442181511289369,0.013920129817116466,0.006258924669053329,-0.018308078663278188,0.02073684192413739,0.00011025798731889164,0.06258906407790293,0.3169491554916455
scenario,54,12,0,0,certified_reset,0,1,0.05200183270466647,0.048001985430055336,0.003999847274611132,0.03599862547150019,0.0,0.0,0,0,0.007442181511289369,0.013920129817116466,0.0052242326767887315,-0.009717493546871275,0.007442181511289369,0.013920129817116466,-0.02791524648503269,0.00010974619284754806,0.06258906407790293,0.3169491554916455
scenario,54,13,0,0,certified_reset,0,1,0.048001985430055336,0.0440021381554442,0.003999847274611132,0.03199877819688906,0.0,0.0,0,0,0.0052242326767887315,-0.009717493546871275,-0.00999749863974599,0.013143553999927487,0.0052242326767887315,-0.009717493546871275,0.00911377444383592,4.636647172658235e-05,0.06258906407790293,0.3169491554916455
scenario,54,14,0,0,certified_reset,0,1,0.0440021381554442,0.04000229088083307,0.003999847274611132,0.02799893092227793,0.0,0.0,0,0,-0.00999749863974599,0.013143553999927487,0.0053070255013213195,0.009766571139468262,-0.00999749863974599,0.013143553999927487,-0.009403901384877218,0.00013325635519795707,0.06258906407790293,0.3169491554916455
scenario,54,15,0,0,certified_reset,0,1,0.04000229088083307,0.036002443606221936,0.003999847274611132,0.023999083647666796,0.0,0.0,0,0,0.0053070255013213195,0.009766571139468262,0.003227081516706366,-0.00016695493156609897,0.0053070255013213195,0.009766571139468262,-0.019671872943817992,5.500854842763075e-05,0.06258906407790293,0.3169491554916455
scenario,54,16,0,0,certified_reset,0,1,0.036002443606221936,0.0320025963316108,0.003999847274611132,0.019999236373055663,0.0,0.0,0,0,0.003227081516706366,-0.00016695493156609897,-0.0010882276901736595,0.01269646643080736,0.003227081516706366,-0.00016695493156609897,-0.0029686233329662636,1.0639390538645017e-05,0.06258906407790293,0.3169491554916455
scenario,54,17,0,0,certified_reset,0,1,0.0320025963316108,0.02800274905699967,0.003999847274611132,0.01599938909844453,0.0,0.0,0,0,-0.0010882276901736595,0.01269646643080736,0.0058306438662979135,-0.004376757813032829,-0.0010882276901736595,0.01269646643080736,-0.017616813133901062,3.79590888996817e-05,0.06258906407790293,0.3169491554916455
scenario,54,18,0,0,certified_reset,0,1,0.02800274905699967,0.024002901782388536,0.003999847274611132,0.011999541823833396,0.0,0.0,0,0,0.0058306438662979135,-0.004376757813032829,0.002638195841146833,0.004237760920390142,0.0058306438662979135,-0.004376757813032829,0.0006388635239619597,3.7454693172363615e-05,0.06258906407790293,0.3169491554916455
scenario,54,19,0,0,certified_reset,0,1,0.024002901782388536,0.020003054507777403,0.003999847274611132,0.007999694549222265,0.0,0.0,0,0,0.002638195841146833,0.004237760920390142,-0.001564022805378813,-0.01751767684624694,0.002638195841146833,0.004237760920390142,-0.00886628156556285,1.2157902187549898e-05,0.06258906407790293,0.3169491554916455
scenario,54,20,0,0,certified_reset,0,1,0.020003054507777403,0.01600320723316627,0.003999847274611132,0.003999847274611132,0.0,0.0,0,0,-0.001564022805378813,-0.01751767684624694,-0.009372404424490048,0.019534473260185183,-0.001564022805378813,-0.01751767684624694,0.027361821332048373,7.639931937703495e-05,0.06258906407790293,0.3169491554916455
scenario,54,21,0,0,certified_reset,0,1,0.01600320723316627,0.012003359958555136,0.003999847274611132,0.0,0.0,0.0,0,0,-0.009372404424490048,0.019534473260185183,0.004127129968658789,-0.007250345413535872,-0.009372404424490048,0.019534473260185183,-0.019440991801371047,0.00016597798495124523,0.06258906407790293,0.3169491554916455
scenario,55,0,0,0,certified_reset,0,1,0.1,0.09600015272538888,0.003999847274611132,0.08399679276683375,0.0,0.0,0,0,5.876192970081554,-0.12105661163038817,4.975090257300646,-1.6641481819027917,5.876192970081554,-0.12105661163038817,-1.55,34.59234416821538,0.06258906407790293,0.3169491554916455
scenario,55,1,0,0,certified_reset,0,1,0.09600015272538888,0.09200030545077775,0.003999847274611132,0.07999694549222262,0.0,0.0,0,0,4.975090257300646,-1.6641481819027917,2.673746389015235,-2.91799830276893,4.975090257300646,-1.6641481819027917,-1.257919470597261,25.28957215398997,0.06258906407790293,0.3169491554916455
scenario,55,2,0,0,certified_reset,0,1,0.09200030545077775,0.08800045817616663,0.003999847274611132,0.0759970982176115,0.0,0.0,0,0,2.673746389015235,-2.91799830276893,0.5302849519246516,-1.3608068173679877,2.673746389015235,-2.91799830276893,1.55,8.741630789865233,0.06258906407790293,0.3169491554916455
scenario,55,3,0,0,certified_reset,0,1,0.08800045817616663,0.0840006109015555,0.003999847274611132,0.07199725094300037,0.0,0.0,0,0,0.5302849519246516,-1.3608068173679877,-0.09437872980386387,0.10436315243415234,0.5302849519246516,-1.3608068173679877,1.4765564428251168,0.6690307384140737,0.06258906407790293,0.3169491554916455
scenario,55,4,0,0,certified_reset,0,1,0.0840006109015555,0.08000076362694437,0.003999847274611132,0.06799740366838924,0.0,0.0,0,0,-0.09437872980386387,0.10436315243415234,-0.010424547335961909,0.051548129039681354,-0.09437872980386387,0.10436315243415234,-0.05975813548797995,0.010957120673794679,0.06258906407790293,0.3169491554916455
scenario,55,5,0,0,certified_reset,0,1,0.08000076362694437,0.07600091635233325,0.003999847274611132,0.06399755639377812,0.0,0.0,0,0,-0.010424547335961909,0.051548129039681354,0.014761243370856079,-0.008201629455696725,-0.010424547335961909,0.051548129039681354,-0.06555672000689612,0.00069441100495977,0.06258906407790293,0.3169491554916455
scenario,55,6,0,0,certified_reset,0,1,0.07600091635233325,0.07200106907772212,0.003999847274611132,0.05999770911916699,0.0,0.0,0,0,0.014761243370856079,-0.008201629455696725,0.0006891579486820827,0.005076799816283702,0.014761243370856079,-0.008201629455696725,-0.002617026330984371,0.00023017353715520857,0.06258906407790293,0.3169491554916455
scenario,55,7,0,0,certified_reset,0,1,0.07200106907772212,0.068001221803111,0.003999847274611132,0.05599786184455586,0.0,0.0,0,0,0.0006891579486820827,0.005076799816283702,0.008059232787351846,-0.0019694305706208326,0.0006891579486820827,0.005076799816283702,-0.008166879585369036,6.781688079710915e-06,0.06258906407790293,0.3169491554916455
scenario,55,8,0,0,certified_reset,0,1,0.068001221803111,0.06400137452849987,0.003999847274611132,0.051998014569944725,0.0,0.0,0,0,0.008059232787351846,-0.0019694305706208326,0.01040739104897186,-0.006497164188994468,0.008059232787351846,-0.0019694305706208326,-0.005122864215666725,6.630548478408024e-05,0.06258906407790293,0.3169491554916455
scenario,55,9,0,0,certified_reset,0,1,0.06400137452849987,0.060001527253888735,0.003999847274611132,0.04799816729533359,0.0,0.0,0,0,0.01040739104897186,-0.006497164188994468,0.004216919607175511,-0.006715695166975387,0.01040739104897186,-0.006497164188994468,-0.0007918919936650906,0.00011592783141923573,0.06258906407790293,0.3169491554916455
scenario,55,10,0,0,certified_reset,0,1,0.060001527253888735,0.0560016799792776,0.003999847274611132,0.04399832002072246,0.0,0.0,0,0,0.004216919607175511,-0.006715695166975387,0.010536765813813848,-8.632573298242654e-05,0.004216919607175511,-0.006715695166975387,0.0056926383893710075,2.6710665352817364e-05,0.06258906407790293,0.3169491554916455
scenario,55,11,0,0,certified_reset,0,1,0.0560016799792776,0.05200183270466647,0.003999847274611132,0.039998472746111326,0.0,0.0,0,0,0.010536765813813848,-8.632573298242654e-05,-0.0006599383327592113,-0.003211063696451114,0.010536765813813848,-8.632573298242654e-05,-0.010365092691842766,0.00011371065386171,0.06258906407790293,0.3169491554916455
scenario,55,12,0,0,certified_reset,0,1,0.05200183270466647,0.048001985430055336,0.003999847274611132,0.03599862547150019,0.0,0.0,0,0,-0.0006599383327592113,-0.003211063696451114,0.010068679481608741,0.0028358823784931327,-0.0006599383327592113,-0.003211063696451114,0.005387140601006263,3.017018110700193e-06,0.06258906407790293,0.3169491554916455
scenario,55,13,0,0,certified_reset,0,1,0.048001985430055336,0.0440021381554442,0.003999847274611132,0.03199877819688906,0.0,0.0,0,0,0.010068679481608741,0.0028358823784931327,0.005168439125478093,-0.0037893970207134777,0.010068679481608741,0.0028358823784931327,-0.0142029062147503,0.0001078689713226303,0.06258906407790293,0.3169491554916455
scenario,55,14,0,0,certified_reset,0,1,0.0440021381554442,0.04000229088083307,0.003999847274611132,0.02799893092227793,0.0,0.0,0,0,0.005168439125478093,-0.0037893970207134777,0.0024205526740451056,-0.0005863655953573048,0.005168439125478093,-0.0037893970207134777,0.0004325682401577908,2.9302156236339175e-05,0.06258906407790293,0.3169491554916455
scenario,55,15,0,0,certified_reset,0,1,0.04000229088083307,0.036002443606221936,0.003999847274611132,0.023999083647666796,0.0,0.0,0,0,0.0024205526740451056,-0.0005863655953573048,-0.002168998879411573,0.0015829550812819604,0.0024205526740451056,-0.0005863655953573048,-0.001545550282762808,5.980681819795987e-06,0.06258906407790293,0.3169491554916455
scenario,55,16,0,0,certified_reset,0,1,0.036002443606221936,0.0320025963316108,0.003999847274611132,0.019999236373055663,0.0,0.0,0,0,-0.002168998879411573,0.0015829550812819604,-0.00754520455458448,-0.0009074071408282005,-0.002168998879411573,0.0015829550812819604,-0.0001744871330709619,5.156351704962991e-06,0.06258906407790293,0.3169491554916455
scenario,55,17,0,0,certified_reset,0,1,0.0320025963316108,0.02800274905699967,0.003999847274611132,0.01599938909844453,0.0,0.0,0,0,-0.00754520455458448,-0.0009074071408282005,-0.0056459171639490595,0.006633053795641166,-0.00754520455458448,-0.0009074071408282005,0.008848715800819237,5.903581584307476e-05,0.06258906407790293,0.3169491554916455
scenario,55,18,0,0,certified_reset,0,1,0.02800274905699967,0.024002901782388536,0.003999847274611132,0.011999541823833396,0.0,0.0,0,0,-0.0056459171639490595,0.006633053795641166,0.008598734602039073,0.009989619479929046,-0.0056459171639490595,0.006633053795641166,-0.004147833638397488,4.0226026197526676e-05,0.06258906407790293,0.3169491554916455
scenario,55,19,0,0,certified_reset,0,1,0.024002901782388536,0.020003054507777403,0.003999847274611132,0.007999694549222265,0.0,0.0,0,0,0.008598734602039073,0.009989619479929046,0.006690538214558451,-0.013758704794953404,0.008598734602039073,0.009989619479929046,-0.023279412817530584,0.00010544916280820926,0.06258906407790293,0.3169491554916455
scenario,55,20,0,0,certified_reset,0,1,0.020003054507777403,0.01600320723316627,0.003999847274611132,0.003999847274611132,0.0,0.0,0,0,0.006690538214558451,-0.013758704794953404,-0.01002946134218665,-0.00817488331946969,0.006690538214558451,-0.013758704794953404,0.013606766884563328,8.34662566009795e-05,0.06258906407790293,0.3169491554916455
scenario,55,21,0,0,certified_reset,0,1,0.01600320723316627,0.012003359958555136,0.003999847274611132,0.0,0.0,0.0,0,0,-0.01002946134218665,-0.00817488331946969,-0.005962623342838419,0.001116853383457534,-0.01002946134218665,-0.00817488331946969,0.022029662656350403,0.0001247519148448813,0.06258906407790293,0.3169491554916455
scenario,56,0,0,0,certified_reset,0,1,0.1,0.09600015272538888,0.003999847274611132,0.08399679276683375,0.0,0.0,0,0,-5.678319657618195,-0.05786982711269162,-4.952588765035416,1.4861667146681683,-5.678319657618195,-0.05786982711269162,1.55,32.30397943913342,0.06258906407790293,0.3169491554916455
scenario,56,1,0,0,certified_reset,0,1,0.09600015272538888,0.09200030545077775,0.003999847274611132,0.07999694549222262,0.0,0.0,0,0,-4.952588765035416,1.4861667146681683,-2.735831593235665,2.9546065493154146,-4.952588765035416,1.4861667146681683,1.4643027658064784,24.979304510985504,0.06258906407790293,0.3169491554916455
scenario,56,2,0,0,certified_reset,0,1,0.09200030545077775,0.08800045817616663,0.003999847274611132,0.0759970982176115,0.0,0.0,0,0,-2.735831593235665,2.9546065493154146,-0.5585347988597661,1.4039268179065085,-2.735831593235665,2.9546065493154146,-1.55,9.116182981572756,0.06258906407790293,0.3169491554916455
scenario,56,3,0,0,certified_reset,0,1,0.08800045817616663,0.0840006109015555,0.003999847274611132,0.07199725094300037,0.0,0.0,0,0,-0.5585347988597661,1.4039268179065085,0.09338964596410398,-0.11444036877490188,-0.5585347988597661,1.4039268179065085,-1.5119458174665652,0.7238925172178623,0.06258906407790293,0.3169491554916455
scenario,56,4,0,0,certified_reset,0,1,0.0840006109015555,0.08000076362694437,0.003999847274611132,0.06799740366838924,0.0,0.0,0,0,0.09338964596410398,-0.11444036877490188,0.016324849898963132,-0.03243584658979029,0.09338964596410398,-0.11444036877490188,0.07558742310422151,0.011221850077549495,0.06258906407790293,0.3169491554916455
scenario,56,5,0,0,certified_reset,0,1,0.08000076362694437,0.07600091635233325,0.003999847274611132,0.06399755639377812,0.0,0.0,0,0,0.016324849898963132,-0.03243584658979029,-0.003651009372004584,-0.008746406727955599,0.016324849898963132,-0.03243584658979029,0.03152679009695553,0.00048072433248846783,0.06258906407790293,0.3169491554916455
scenario,56,6,0,0,certified_reset,0,1,0.07600091635233325,0.07200106907772212,0.003999847274611132,0.05999770911916699,0.0,0.0,0,0,-0.003651009372004584,-0.008746406727955599,-0.007885539274058502,0.014498943833008643,-0.003651009372004584,-0.008746406727955599,0.0165214336308225,3.392374718205598e-05,0.06258906407790293,0.3169491554916455
scenario,56,7,0,0,certified_reset,0,1,0.07200106907772212,0.068001221803111,0.003999847274611132,0.05599786184455586,0.0,0.0,0,0,-0.007885539274058502,0.014498943833008643,0.005227298034229263,0.0076139404405903745,-0.007885539274058502,0.014498943833008643,-0.013503390674705448,0.00010457975564465522,0.06258906407790293,0.3169491554916455
scenario,56,8,0,0,certified_reset,0,1,0.068001221803111,0.06400137452849987,0.003999847274611132,0.051998014569944725,0.0,0.0,0,0,0.005227298034229263,0.0076139404405903745,0.0019790066218321888,-0.007358005033839132,0.005227298034229263,0.0076139404405903745,-0.016419889301268586,4.4499939881219337e-05,0.06258906407790293,0.3169491554916455
scenario,56,9,0,0,certified_reset,0,1,0.06400137452849987,0.060001527253888735,0.003999847274611132,0.04799816729533359,0.0,0.0,0,0,0.0019790066218321888,-0.007358005033839132,-0.0006914919351025385,0.0018988901540305234,0.0019790066218321888,-0.007358005033839132,0.008867552127121906,1.562754708147662e-05,0.06258906407790293,0.3169491554916455
scenario,56,10,0,0,certified_reset,0,1,0.060001527253888735,0.0560016799792776,0.003999847274611132,0.04399832002072246,0.0,0.0,0,0,-0.0006914919351025385,0.0018988901540305234,-0.003501803053157829,-0.00023110400911858974,-0.0006914919351025385,0.0018988901540305234,-0.0021078144876244907,1.2382742312411775e-06,0.06258906407790293,0.3169491554916455
scenario,56,11,0,0,certified_reset,0,1,0.0560016799792776,0.05200183270466647,0.003999847274611132,0.039998472746111326,0.0,0.0,0,0,-0.003501803053157829,-0.00023110400911858974,0.0025782187811658553,0.006927840104771807,-0.003501803053157829,-0.00023110400911858974,0.003824596097443149,1.2637926637165451e-05,0.06258906407790293,0.3169491554916455
scenario,56,12,0,0,certified_reset,0,1,0.05200183270466647,0.048001985430055336,0.003999847274611132,0.03599862547150019,0.0,0.0,0,0,0.0025782187811658553,0.006927840104771807,-0.004128729890446106,-0.005726347807044729,0.0025782187811658553,0.006927840104771807,-0.012772994636037746,1.9365041215973812e-05,0.06258906407790293,0.3169491554916455
scenario,56,13,0,0,certified_reset,0,1,0.048001985430055336,0.0440021381554442,0.003999847274611132,0.03199877819688906,0.0,0.0,0,0,-0.004128729890446106,-0.005726347807044729,-0.006380091512038277,0.0060942796303072215,-0.004128729890446106,-0.005726347807044729,0.012549754181297562,2.6886209415842282e-05,0.06258906407790293,0.3169491554916455
scenario,56,14,0,0,certified_reset,0,1,0.0440021381554442,0.04000229088083307,0.003999847274611132,0.02799893092227793,0.0,0.0,0,0,-0.006380091512038277,0.0060942796303072215,-0.0007011163887621937,0.008733634912778572,-0.006380091512038277,0.0060942796303072215,-0.002624816463499194,4.756305319688724e-05,0.06258906407790293,0.3169491554916455
scenario,56,15,0,0,certified_reset,0,1,0.04000229088083307,0.036002443606221936,0.003999847274611132,0.023999083647666796,0.0,0.0,0,0,-0.0007011163887621937,0.008733634912778572,0.0004313954098269493,-0.0030631512413178204,-0.0007011163887621937,0.008733634912778572,-0.012162978086767171,1.791976327121726e-05,0.06258906407790293,0.3169491554916455
scenario,56,16,0,0,certified_reset,0,1,0.036002443606221936,0.0320025963316108,0.003999847274611132,0.019999236373055663,0.0,0.0,0,0,0.0004313954098269493,-0.0030631512413178204,0.0005408516600629576,0.004264354940829246,0.0004313954098269493,-0.0030631512413178204,0.004083075547432635,2.291810842664462e-06,0.06258906407790293,0.3169491554916455
scenario,56,17,0,0,certified_reset,0,1,0.0320025963316108,0.02800274905699967,0.003999847274611132,0.01599938909844453,0.0,0.0,0,0,0.0005408516600629576,0.004264354940829246,0.005040965741580485,0.006277956656739396,0.0005408516600629576,0.004264354940829246,-0.006819886510434422,4.728541969620456e-06,0.06258906407790293,0.3169491554916455
scenario,56,18,0,0,certified_reset,0,1,0.02800274905699967,0.024002901782388536,0.003999847274611132,0.011999541823833396,0.0,0.0,0,0,0.005040965741580485,0.006277956656739396,0.0018788301932116903,-0.0018996322184953044,0.005040965741580485,0.006277956656739396,-0.014266511048749807,3.759396220649232e-05,0.06258906407790293,0.3169491554916455
scenario,56,19,0,0,certified_reset,0,1,0.024002901782388536,0.020003054507777403,0.003999847274611132,0.007999694549222265,0.0,0.0,0,0,0.0018788301932116903,-0.0018996322184953044,0.0011970850399600549,0.008418171775896871,0.0018788301932116903,-0.0018996322184953044,0.0009244589343625112,4.200916964755115e-06,0.06258906407790293,0.3169491554916455
scenario,56,20,0,0,certified_reset,0,1,0.020003054507777403,0.01600320723316627,0.003999847274611132,0.003999847274611132,0.0,0.0,0,0,0.0011970850399600549,0.008418171775896871,0.0018616023529964463,0.008452183158638464,0.0011970850399600549,0.008418171775896871,-0.01359225774009427,1.8807560243456185e-05,0.06258906407790293,0.3169491554916455
scenario,56,21,0,0,certified_reset,0,1,0.01600320723316627,0.012003359958555136,0.003999847274611132,0.0,0.0,0.0,0,0,0.0018616023529964463,0.008452183158638464,0.00842136383027069,0.0005277470220274019,0.0018616023529964463,0.008452183158638464,-0.014305112722984301,2.1440561597604993e-05,0.06258906407790293,0.3169491554916455
scenario,57,0,0,0,certified_reset,0,1,0.1,0.09600015272538888,0.003999847274611132,0.08399679276683375,0.0,0.0,0,0,1.0187257665575586,-0.02723474770276213,0.5037462348216863,-0.9940209527267106,1.0187257665575586,-0.02723474770276213,-0.9742893973821226,1.061666694861404,0.06258906407790293,0.3169491554916455
scenario,57,1,0,0,certified_reset,0,1,0.09600015272538888,0.09200030545077775,0.003999847274611132,0.07999694549222262,0.0,0.0,0,0,0.5037462348216863,-0.9940209527267106,-0.01064674680395387,-0.026357814141081837,0.5037462348216863,-0.9940209527267106,0.9626724907347176,0.4547827050102093,0.06258906407790293,0.3169491554916455
scenario,57,2,0,0,certified_reset,0,1,0.09200030545077775,0.08800045817616663,0.003999847274611132,0.0759970982176115,0.0,0.0,0,0,-0.01064674680395387,-0.026357814141081837,-0.011664475628418233,0.025131535564191967,-0.01064674680395387,-0.026357814141081837,0.049426073281628014,0.00029947882144177,0.06258906407790293,0.3169491554916455
scenario,57,3,1,1,certified_reset,0,1,0.08800045817616663,0.0840006109015555,0.003999847274611132,0.07199725094300037,0.0,0.0,0,0,-0.011664475628418233,0.025131535564191967,-0.0007314110486069591,-0.0046360591975905,-0.011664475628418233,0.025131535564191967,-0.025410311782482518,0.0002658890246746014,0.0659683941917073,0.3371807140592316
scenario,57,4,0,0,certified_reset,0,1,0.0840006109015555,0.08000076362694437,0.003999847274611132,0.06799740366838924,0.0,0.0,0,0,-0.0007314110486069591,-0.0046360591975905,-0.0023005367447777505,0.0008676651332537779,-0.0007314110486069591,-0.0046360591975905,0.00755471113194589,5.8305517082444345e-06,0.06258906407790293,0.3169491554916455
scenario,57,5,0,0,certified_reset,0,1,0.08000076362694437,0.07600091635233325,0.003999847274611132,0.06399755639377812,0.0,0.0,0,0,-0.0023005367447777505,0.0008676651332537779,-0.00010164447079752446,-0.00420152620960908,-0.0023005367447777505,0.0008676651332537779,0.0010150756441785508,5.453740479181295e-06,0.06258906407790293,0.3169491554916455
scenario,57,6,0,0,certified_reset,0,1,0.07600091635233325,0.07200106907772212,0.003999847274611132,0.05999770911916699,0.0,0.0,0,0,-0.00010164447079752446,-0.00420152620960908,-0.007002162717367763,0.01274069225025488,-0.00010164447079752446,-0.00420152620960908,0.006287575781867743,4.17617987696772e-06,0.06258906407790293,0.3169491554916455
scenario,57,7,0,0,certified_reset,0,1,0.07200106907772212,0.068001221803111,0.003999847274611132,0.05599786184455586,0.0,0.0,0,0,-0.007002162717367763,0.01274069225025488,0.0005459365641017061,-0.0005617156179179767,-0.007002162717367763,0.01274069225025488,-0.011793254367788048,8.172584695790575e-05,0.06258906407790293,0.3169491554916455
scenario,57,8,0,0,certified_reset,0,1,0.068001221803111,0.06400137452849987,0.003999847274611132,0.051998014569944725,0.0,0.0,0,0,0.0005459365641017061,-0.0005617156179179767,-0.005284697729971803,0.005715634391466555,0.0005459365641017061,-0.0005617156179179767,0.0002818181202844928,3.5682666672052876e-07,0.06258906407790293,0.3169491554916455
scenario,57,9,0,0,certified_reset,0,1,0.06400137452849987,0.060001527253888735,0.003999847274611132,0.04799816729533359,0.0,0.0,0,0,-0.005284697729971803,0.005715634391466555,0.00016927488891964456,-0.00016538484408862774,-0.005284697729971803,0.005715634391466555,-0.0031589420172980225,3.405782873333015e-05,0.06258906407790293,0.3169491554916455
scenario,57,10,0,0,certified_reset,0,1,0.060001527253888735,0.0560016799792776,0.003999847274611132,0.04399832002072246,0.0,0.0,0,0,0.00016927488891964456,-0.00016538484408862774,-0.0011468421588189505,0.009190952490372802,0.00016927488891964456,-0.00016538484408862774,7.686131044103424e-05,3.372506594258538e-08,0.06258906407790293,0.3169491554916455
scenario,57,11,0,0,certified_reset,0,1,0.0560016799792776,0.05200183270466647,0.003999847274611132,0.039998472746111326,0.0,0.0,0,0,-0.0011468421588189505,0.009190952490372802,0.010891874337458852,-0.004393561007976249,-0.0011468421588189505,0.009190952490372802,-0.012394792466733515,2.0361268327031557e-05,0.06258906407790293,0.3169491554916455
scenario,57,12,0,0,certified_reset,0,1,0.05200183270466647,0.048001985430055336,0.003999847274611132,0.03599862547150019,0.0,0.0,0,0,0.010891874337458852,-0.004393561007976249,0.008608198887021036,-0.003322162105396072,0.010891874337458852,-0.004393561007976249,-0.00437188042399468,0.00012258536814358306,0.06258906407790293,0.3169491554916455
scenario,57,13,0,0,certified_reset,0,1,0.048001985430055336,0.0440021381554442,0.003999847274611132,0.03199877819688906,0.0,0.0,0,0,0.008608198887021036,-0.003322162105396072,0.01196412085738028,-0.016643773466837614,0.008608198887021036,-0.003322162105396072,-0.0036798530823254636,7.642623803601304e-05,0.06258906407790293,0.3169491554916455
scenario,57,14,0,0,certified_reset,0,1,0.0440021381554442,0.04000229088083307,0.003999847274611132,0.02799893092227793,0.0,0.0,0,0,0.01196412085738028,-0.016643773466837614,0.014749808012184184,0.004190910973232981,0.01196412085738028,-0.016643773466837614,0.012604227008154417,0.00019697458649060244,0.06258906407790293,0.3169491554916455
scenario,57,15,0,0,certified_reset,0,1,0.04000229088083307,0.036002443606221936,0.003999847274611132,0.023999083647666796,0.0,0.0,0,0,0.014749808012184184,0.004190910973232981,0.006915955106414899,-0.004482626238606123,0.014749808012184184,0.004190910973232981,-0.020859224005717353,0.00023159598931071174,0.06258906407790293,0.3169491554916455
scenario,57,16,0,0,certified_reset,0,1,0.036002443606221936,0.0320025963316108,0.003999847274611132,0.019999236373055663,0.0,0.0,0,0,0.006915955106414899,-0.004482626238606123,0.004077517785016479,-0.0043405328117241656,0.006915955106414899,-0.004482626238606123,-0.00028440721451529396,5.144936605964524e-05,0.06258906407790293,0.3169491554916455
scenario,57,17,0,0,certified_reset,0,1,0.0320025963316108,0.02800274905699967,0.003999847274611132,0.01599938909844453,0.0,0.0,0,0,0.004077517785016479,-0.0043405328117241656,-0.009061058954386138,0.0030360686550153252,0.004077517785016479,-0.0043405328117241656,0.0023314823824250215,2.0153287055752386e-05,0.06258906407790293,0.3169491554916455
scenario,57,18,0,0,certified_reset,0,1,0.02800274905699967,0.024002901782388536,0.003999847274611132,0.011999541823833396,0.0,0.0,0,0,-0.009061058954386138,0.0030360686550153252,-0.0025881279972566023,0.010254307406933472,-0.009061058954386138,0.0030360686550153252,0.004548892602895724,8.42792882907122e-05,0.06258906407790293,0.3169491554916455
scenario,57,19,0,0,certified_reset,0,1,0.024002901782388536,0.020003054507777403,0.003999847274611132,0.007999694549222265,0.0,0.0,0,0,-0.0025881279972566023,0.010254307406933472,-0.009501976881654026,0.011750471090135618,-0.0025881279972566023,0.010254307406933472,-0.01252872396299362,2.9549777304966054e-05,0.06258906407790293,0.3169491554916455
scenario,57,20,0,0,certified_reset,0,1,0.020003054507777403,0.01600320723316627,0.003999847274611132,0.003999847274611132,0.0,0.0,0,0,-0.009501976881654026,0.011750471090135618,-0.006530873474066471,-0.0005363975995969824,-0.009501976881654026,0.011750471090135618,-0.007849522033714262,0.00011668118231465204,0.06258906407790293,0.3169491554916455
scenario,57,21,0,0,certified_reset,0,1,0.01600320723316627,0.012003359958555136,0.003999847274611132,0.0,0.0,0.0,0,0,-0.006530873474066471,-0.0005363975995969824,-0.006744791121292571,0.021850613004647836,-0.006530873474066471,-0.0005363975995969824,0.007292669672728147,4.4033674137426895e-05,0.06258906407790293,0.3169491554916455
scenario,58,0,1,1,certified_reset,0,1,0.1,0.09600015272538888,0.003999847274611132,0.08399679276683375,0.0,0.0,0,0,4.567986658568499,0.3202780411580821,4.108733129183145,-1.2308600157959708,4.567986658568499,0.3202780411580821,-1.549999999999414,20.945028657116403,0.0659683941917073,0.3371807140592316
scenario,58,1,1,1,certified_reset,0,1,0.09600015272538888,0.09200030545077775,0.003999847274611132,0.07999694549222262,0.0,0.0,0,0,4.108733129183145,-1.2308600157959708,2.2124165201845405,-2.5501949774701664,4.108733129183145,-1.2308600157959708,-1.3418138200088265,17.19940248316363,0.0659683941917073,0.3371807140592316
scenario,58,2,1,1,certified_reset,0,1,0.09200030545077775,0.08800045817616663,0.003999847274611132,0.0759970982176115,0.0,0.0,0,0,2.2124165201845405,-2.5501949774701664,0.4132816928152854,-1.044361305685139,2.2124165201845405,-2.5501949774701664,1.55,6.125478354946003,0.0659683941917073,0.3371807140592316
scenario,58,3,1,1,certified_reset,0,1,0.08800045817616663,0.0840006109015555,0.003999847274611132,0.07199725094300037,0.0,0.0,0,0,0.4132816928152854,-1.044361305685139,-0.06498379723655075,0.10051735735911338,0.4132816928152854,-1.044361305685139,1.1269104866974025,0.39887423536820865,0.0659683941917073,0.3371807140592316
scenario,58,4,0,0,certified_reset,0,1,0.0840006109015555,0.08000076362694437,0.003999847274611132,0.06799740366838924,0.0,0.0,0,0,-0.06498379723655075,0.10051735735911338,-0.012568086036024469,0.013776079929327965,-0.06498379723655075,0.10051735735911338,-0.08336226183817613,0.006215298614233302,0.06258906407790293,0.3169491554916455
scenario,58,5,0,0,certified_reset,0,1,0.08000076362694437,0.07600091635233325,0.003999847274611132,0.06399755639377812,0.0,0.0,0,0,-0.012568086036024469,0.013776079929327965,-0.0013141605283741547,-0.002317468754695487,-0.012568086036024469,0.013776079929327965,-0.007774407073739056,0.00019362828982208026,0.06258906407790293,0.3169491554916455
scenario,58,6,0,0,certified_reset,0,1,0.07600091635233325,0.07200106907772212,0.003999847274611132,0.05999770911916699,0.0,0.0,0,0,-0.0013141605283741547,-0.002317468754695487,-0.001564068971251469,-0.015431215371133483,-0.0013141605283741547,-0.002317468754695487,0.004721010286541311,3.2509354046955324e-06,0.06258906407790293,0.3169491554916455
scenario,58,7,0,0,certified_reset,0,1,0.07200106907772212,0.068001221803111,0.003999847274611132,0.05599786184455586,0.0,0.0,0,0,-0.001564068971251469,-0.015431215371133483,-0.008086768932654025,0.01914033468156542,-0.001564068971251469,-0.015431215371133483,0.02428691887342473,6.0054705865394616e-05,0.06258906407790293,0.3169491554916455
scenario,58,8,0,0,certified_reset,0,1,0.068001221803111,0.06400137452849987,0.003999847274611132,0.051998014569944725,0.0,0.0,0,0,-0.008086768932654025,0.01914033468156542,0.004645762568767543,-0.016870427597254767,-0.008086768932654025,0.01914033468156542,-0.020139904759580454,0.00014147965997328307,0.06258906407790293,0.3169491554916455
scenario,58,9,0,0,certified_reset,0,1,0.06400137452849987,0.060001527253888735,0.003999847274611132,0.04799816729533359,0.0,0.0,0,0,0.004645762568767543,-0.016870427597254767,0.0032333496328028977,0.020646159693964994,0.004645762568767543,-0.016870427597254767,0.02021994431879422,8.303430246829881e-05,0.06258906407790293,0.3169491554916455
scenario,58,10,0,0,certified_reset,0,1,0.060001527253888735,0.0560016799792776,0.003999847274611132,0.04399832002072246,0.0,0.0,0,0,0.0032333496328028977,0.020646159693964994,0.007566051129993869,-0.024293152837338156,0.0032333496328028977,0.020646159693964994,-0.03363283842675335,0.0001154612491835159,0.06258906407790293,0.3169491554916455
scenario,58,11,0,0,certified_reset,0,1,0.0560016799792776,0.05200183270466647,0.003999847274611132,0.039998472746111326,0.0,0.0,0,0,0.007566051129993869,-0.024293152837338156,-0.0030192115802281758,0.009313772303894012,0.007566051129993869,-0.024293152837338156,0.028251740231250006,0.00018342745981412103,0.06258906407790293,0.3169491554916455
scenario,58,12,0,0,certified_reset,0,1,0.05200183270466647,0.048001985430055336,0.003999847274611132,0.03599862547150019,0.0,0.0,0,0,-0.0030192115802281758,0.009313772303894012,-0.0023873363959063367,-0.006611372379775923,-0.0030192115802281758,0.009313772303894012,-0.010710731704223491,2.7597976722361346e-05,0.06258906407790293,0.3169491554916455
scenario,58,13,0,0,certified_reset,0,1,0.048001985430055336,0.0440021381554442,0.003999847274611132,0.03199877819688906,0.0,0.0,0,0,-0.0023873363959063367,-0.006611372379775923,-0.005495610191732908,0.010419026937191043,-0.0023873363959063367,-0.006611372379775923,0.012116360891565101,1.7237374152516777e-05,0.06258906407790293,0.3169491554916455
scenario,58,14,0,0,certified_reset,0,1,0.0440021381554442,0.04000229088083307,0.003999847274611132,0.02799893092227793,0.0,0.0,0,0,-0.005495610191732908,0.010419026937191043,0.0009155732410096707,-0.014837895746614675,-0.005495610191732908,0.010419026937191043,-0.009876342986323743,5.218038716629052e-05,0.06258906407790293,0.3169491554916455
scenario,58,15,0,0,certified_reset,0,1,0.04000229088083307,0.036002443606221936,0.003999847274611132,0.023999083647666796,0.0,0.0,0,0,0.0009155732410096707,-0.014837895746614675,-0.0017073849476815,0.009691106609176325,0.0009155732410096707,-0.014837895746614675,0.02094637788384364,5.1436410054705354e-05,0.06258906407790293,0.3169491554916455
scenario,58,16,0,0,certified_reset,0,1,0.036002443606221936,0.0320025963316108,0.003999847274611132,0.019999236373055663,0.0,0.0,0,0,-0.0017073849476815,0.009691106609176325,0.004125654788483794,-0.0046685726167930265,-0.0017073849476815,0.009691106609176325,-0.012576462538067401,2.3774507124730467e-05,0.06258906407790293,0.3169491554916455
scenario,58,17,0,0,certified_reset,0,1,0.0320025963316108,0.02800274905699967,0.003999847274611132,0.01599938909844453,0.0,0.0,0,0,0.004125654788483794,-0.0046685726167930265,0.002426985625527291,-0.006954179730903945,0.004125654788483794,-0.0046685726167930265,0.002767924069564352,2.1135765175199644e-05,0.06258906407790293,0.3169491554916455
scenario,58,18,0,0,certified_reset,0,1,0.02800274905699967,0.024002901782388536,0.003999847274611132,0.011999541823833396,0.0,0.0,0,0,0.002426985625527291,-0.006954179730903945,-0.004750510428136652,-0.00770666840022583,0.002426985625527291,-0.006954179730903945,0.007825865692398203,1.612627440375122e-05,0.06258906407790293,0.3169491554916455
scenario,58,19,0,0,certified_reset,0,1,0.024002901782388536,0.020003054507777403,0.003999847274611132,0.007999694549222265,0.0,0.0,0,0,-0.004750510428136652,-0.00770666840022583,-0.009189739014362283,0.009277247141033935,-0.004750510428136652,-0.00770666840022583,0.016081284646544708,3.972323503450203e-05,0.06258906407790293,0.3169491554916455
scenario,58,20,0,0,certified_reset,0,1,0.020003054507777403,0.01600320723316627,0.003999847274611132,0.003999847274611132,0.0,0.0,0,0,-0.009189739014362283,0.009277247141033935,-0.0017087894375949688,0.00618635970329094,-0.009189739014362283,0.009277247141033935,-0.004512166086259624,0.00010045241083469007,0.06258906407790293,0.3169491554916455
scenario,58,21,0,0,certified_reset,0,1,0.01600320723316627,0.012003359958555136,0.003999847274611132,0.0,0.0,0.0,0,0,-0.0017087894375949688,0.00618635970329094,0.007843238384679114,-0.0046288241429219956,-0.0017087894375949688,0.00618635970329094,-0.007408774451870094,1.118099816213356e-05,0.06258906407790293,0.3169491554916455
scenario,59,0,0,0,certified_reset,0,1,0.1,0.09600015272538888,0.003999847274611132,0.08399679276683375,0.0,0.0,0,0,0.31084571931662364,0.563288468125814,0.3053545161659102,-0.580866189766046,0.31084571931662364,0.563288468125814,-1.1393039213401979,0.18618829854523267,0.06258906407790293,0.3169491554916455
scenario,59,1,0,0,certified_reset,0,1,0.09600015272538888,0.09200030545077775,0.003999847274611132,0.07999694549222262,0.0,0.0,0,0,0.3053545161659102,-0.580866189766046,0.0039045589212278065,-0.037066693909456876,0.3053545161659102,-0.580866189766046,0.5516096885812654,0.16158120723073346,0.06258906407790293,0.3169491554916455
scenario,59,2,0,0,certified_reset,0,1,0.09200030545077775,0.08800045817616663,0.003999847274611132,0.0759970982176115,0.0,0.0,0,0,0.0039045589212278065,-0.037066693909456876,-0.005993183544990888,0.015670332599046048,0.0039045589212278065,-0.037066693909456876,0.050717385823400456,0.00032686107451625733,0.06258906407790293,0.3169491554916455
scenario,59,3,0,0,certified_reset,0,1,0.08800045817616663,0.0840006109015555,0.003999847274611132,0.07199725094300037,0.0,0.0,0,0,-0.005993183544990888,0.015670332599046048,0.012094928509188226,0.01198583302026462,-0.005993183544990888,0.015670332599046048,-0.01711666989227428,8.744343698662731e-05,0.06258906407790293,0.3169491554916455
scenario,59,4,0,0,certified_reset,0,1,0.0840006109015555,0.08000076362694437,0.003999847274611132,0.06799740366838924,0.0,0.0,0,0,0.012094928509188226,0.01198583302026462,0.009099882832567758,-0.008249854620715476,0.012094928509188226,0.01198583302026462,-0.029699341334598922,0.00019419740230923937,0.06258906407790293,0.3169491554916455
scenario,59,5,0,0,certified_reset,0,1,0.08000076362694437,0.07600091635233325,0.003999847274611132,0.06399755639377812,0.0,0.0,0,0,0.009099882832567758,-0.008249854620715476,0.0018193248500415814,-0.005041280736570453,0.009099882832567758,-0.008249854620715476,0.003093860566614912,9.529798512393206e-05,0.06258906407790293,0.3169491554916455
scenario,59,6,0,0,certified_reset,0,1,0.07600091635233325,0.07200106907772212,0.003999847274611132,0.05999770911916699,0.0,0.0,0,0,0.0018193248500415814,-0.005041280736570453,0.009056677095748134,-0.005234806984940751,0.0018193248500415814,-0.005041280736570453,0.005612210082630317,8.671977523953197e-06,0.06258906407790293,0.3169491554916455
scenario,59,7,0,0,certified_reset,0,1,0.07200106907772212,0.068001221803111,0.003999847274611132,0.05599786184455586,0.0,0.0,0,0,0.009056677095748134,-0.005234806984940751,0.004088782256567389,-0.011665638787096776,0.009056677095748134,-0.005234806984940751,-0.0013057176143048152,8.69985992293817e-05,0.06258906407790293,0.3169491554916455
scenario,59,8,0,0,certified_reset,0,1,0.068001221803111,0.06400137452849987,0.003999847274611132,0.051998014569944725,0.0,0.0,0,0,0.004088782256567389,-0.011665638787096776,-0.002890615073832918,0.01145791979617667,0.004088782256567389,-0.011665638787096776,0.013111632348232254,4.551169600848358e-05,0.06258906407790293,0.3169491554916455
scenario,59,9,0,0,certified_reset,0,1,0.06400137452849987,0.060001527253888735,0.003999847274611132,0.04799816729533359,0.0,0.0,0,0,-0.002890615073832918,0.01145791979617667,0.0005624329495840287,0.0008504378331029992,-0.002890615073832918,0.01145791979617667,-0.013997545992772791,3.688504454057593e-05,0.06258906407790293,0.3169491554916455
scenario,59,10,0,0,certified_reset,0,1,0.060001527253888735,0.0560016799792776,0.003999847274611132,0.04399832002072246,0.0,0.0,0,0,0.0005624329495840287,0.0008504378331029992,0.006339268231436213,-0.006382927972571735,0.0005624329495840287,0.0008504378331029992,-0.0018158457362191958,5.289472276565528e-07,0.06258906407790293,0.3169491554916455
scenario,59,11,0,0,certified_reset,0,1,0.0560016799792776,0.05200183270466647,0.003999847274611132,0.039998472746111326,0.0,0.0,0,0,0.006339268231436213,-0.006382927972571735,-0.0042544222628209715,-0.0038273548119335866,0.006339268231436213,-0.006382927972571735,0.003088683881433021,4.775833942362899e-05,0.06258906407790293,0.3169491554916455
scenario,59,12,0,0,certified_reset,0,1,0.05200183270466647,0.048001985430055336,0.003999847274611132,0.03599862547150019,0.0,0.0,0,0,-0.0042544222628209715,-0.0038273548119335866,-0.008207314013498078,0.006138080939636623,-0.0042544222628209715,-0.0038273548119335866,0.009873109478750159,2.3173822134028986e-05,0.06258906407790293,0.3169491554916455
scenario,59,13,1,1,certified_reset,0,1,0.048001985430055336,0.0440021381554442,0.003999847274611132,0.03199877819688906,0.0,0.0,0,0,-0.008207314013498078,0.006138080939636623,0.017401141742424846,0.004504729335263767,-0.008207314013498078,0.006138080939636623,-0.0008717117302235234,7.416068712155263e-05,0.0659683941917073,0.3371807140592316
scenario,59,14,1,1,certified_reset,0,1,0.0440021381554442,0.04000229088083307,0.003999847274611132,0.02799893092227793,0.0,0.0,0,0,0.017401141742424846,0.004504729335263767,-0.00698891326486833,-0.0627057218761831,0.017401141742424846,0.004504729335263767,-0.023965156043745866,0.0003208106170941051,0.0659683941917073,0.3371807140592316
scenario,59,15,1,1,certified_reset,0,1,0.04000229088083307,0.036002443606221936,0.003999847274611132,0.023999083647666796,0.0,0.0,0,0,-0.00698891326486833,-0.0627057218761831,-0.03784463222315634,0.023049818431898107,-0.00698891326486833,-0.0627057218761831,0.09933117476729707,0.0010032733257225165,0.0659683941917073,0.3371807140592316
scenario,59,16,1,1,certified_reset,0,1,0.036002443606221936,0.0320025963316108,0.003999847274611132,0.019999236373055663,0.0,0.0,0,0,-0.03784463222315634,0.023049818431898107,0.009449547209476149,0.0280570490310566,-0.03784463222315634,0.023049818431898107,0.0037345509426600617,0.0015281978032283706,0.0659683941917073,0.3371807140592316
scenario,59,17,1,1,certified_reset,0,1,0.0320025963316108,0.02800274905699967,0.003999847274611132,0.01599938909844453,0.0,0.0,0,0,0.009449547209476149,0.0280570490310566,0.02662795689746761,0.0313558099319374,0.009449547209476149,0.0280570490310566,-0.050742667717553154,0.0002953600407010693,0.0659683941917073,0.3371807140592316
scenario,59,18,1,1,certified_reset,0,1,0.02800274905699967,0.024002901782388536,0.003999847274611132,0.011999541823833396,0.0,0.0,0,0,0.02662795689746761,0.0313558099319374,-0.0006349284939354966,-0.05624827198421787,0.02662795689746761,0.0313558099319374,-0.07270687802631821,0.0010181789683095417,0.0659683941917073,0.3371807140592316
scenario,59,19,1,1,certified_reset,0,1,0.024002901782388536,0.020003054507777403,0.003999847274611132,0.007999694549222265,0.0,0.0,0,0,-0.0006349284939354966,-0.05624827198421787,-0.004912887781418199,0.012435648104850082,-0.0006349284939354966,-0.05624827198421787,0.0834924471272783,0.000744174110592844,0.0659683941917073,0.3371807140592316
scenario,59,20,1,1,certified_reset,0,1,0.020003054507777403,0.01600320723316627,0.003999847274611132,0.003999847274611132,0.0,0.0,0,0,-0.004912887781418199,0.012435648104850082,-0.004883695897778548,0.0045317136877880745,-0.004912887781418199,0.012435648104850082,-0.013428224803241885,5.648055876874731e-05,0.0659683941917073,0.3371807140592316
scenario,59,21,0,0,certified_reset,0,1,0.01600320723316627,0.012003359958555136,0.003999847274611132,0.0,0.0,0.0,0,0,-0.004883695897778548,0.0045317136877880745,-0.0014349945918494004,0.003545657992406823,-0.004883695897778548,0.0045317136877880745,-0.001811812593547605,2.7629109454487902e-05,0.06258906407790293,0.3169491554916455
scenario,60,0,0,0,certified_reset,0,1,0.1,0.09600015272538888,0.003999847274611132,0.08399679276683375,0.0,0.0,0,0,-4.749169091625334,0.41869895728305806,-3.549920531651886,1.966522911658157,-4.749169091625334,0.41869895728305806,1.5499999999996197,22.646225147878756,0.06258906407790293,0.3169491554916455
scenario,60,1,0,0,certified_reset,0,1,0.09600015272538888,0.09200030545077775,0.003999847274611132,0.07999694549222262,0.0,0.0,0,0,-3.549920531651886,1.966522911658157,-1.4759630437968692,2.186778641307648,-3.549920531651886,1.966522911658157,0.2058563615200757,13.29909342725683,0.06258906407790293,0.3169491554916455
scenario,60,2,0,0,certified_reset,0,1,0.09200030545077775,0.08800045817616663,0.003999847274611132,0.0759970982176115,0.0,0.0,0,0,-1.4759630437968692,2.186778641307648,-0.055328684142540704,0.6302331188333259,-1.4759630437968692,2.186778641307648,-1.55,3.099289555348397,0.06258906407790293,0.3169491554916455
scenario,60,3,0,0,certified_reset,0,1,0.08800045817616663,0.0840006109015555,0.003999847274611132,0.07199725094300037,0.0,0.0,0,0,-0.055328684142540704,0.6302331188333259,0.1319510384113528,-0.24717629518447767,-0.055328684142540704,0.6302331188333259,-0.8732974349496883,0.09362235466957625,0.06258906407790293,0.3169491554916455
scenario,60,4,0,0,certified_reset,0,1,0.0840006109015555,0.08000076362694437,0.003999847274611132,0.06799740366838924,0.0,0.0,0,0,0.1319510384113528,-0.24717629518447767,-0.001714854620870069,-0.006300344961722262,0.1319510384113528,-0.24717629518447767,0.23272181830311095,0.029762364417894285,0.06258906407790293,0.3169491554916455
scenario,60,5,0,0,certified_reset,0,1,0.08000076362694437,0.07600091635233325,0.003999847274611132,0.06399755639377812,0.0,0.0,0,0,-0.001714854620870069,-0.006300344961722262,-0.0012572214977218334,-0.002230575312432651,-0.001714854620870069,-0.006300344961722262,0.010986678282794059,1.3103386257565728e-05,0.06258906407790293,0.3169491554916455
scenario,60,6,0,0,certified_reset,0,1,0.07600091635233325,0.07200106907772212,0.003999847274611132,0.05999770911916699,0.0,0.0,0,0,-0.0012572214977218334,-0.002230575312432651,0.0015293379130995304,0.00603749696864275,-0.0012572214977218334,-0.002230575312432651,0.004541016050383095,2.9917104839779755e-06,0.06258906407790293,0.3169491554916455
scenario,60,7,0,0,certified_reset,0,1,0.07200106907772212,0.068001221803111,0.003999847274611132,0.05599786184455586,0.0,0.0,0,0,0.0015293379130995304,0.00603749696864275,-0.007854658877479697,-0.00463574422578503,0.0015293379130995304,0.00603749696864275,-0.01041375872220278,1.161128025689666e-05,0.06258906407790293,0.3169491554916455
scenario,60,8,0,0,certified_reset,0,1,0.068001221803111,0.06400137452849987,0.003999847274611132,0.051998014569944725,0.0,0.0,0,0,-0.007854658877479697,-0.00463574422578503,-0.006478291854073208,0.0035011949394050963,-0.007854658877479697,-0.00463574422578503,0.014652646935296372,7.093139005167372e-05,0.06258906407790293,0.3169491554916455
scenario,60,9,0,0,certified_reset,0,1,0.06400137452849987,0.060001527253888735,0.003999847274611132,0.04799816729533359,0.0,0.0,0,0,-0.006478291854073208,0.0035011949394050963,-0.0013794865415103583,0.0017981023454169656,-0.006478291854073208,0.0035011949394050963,0.0012948282204079864,4.421668573022926e-05,0.06258906407790293,0.3169491554916455
scenario,60,10,0,0,certified_reset,0,1,0.060001527253888735,0.0560016799792776,0.003999847274611132,0.04399832002072246,0.0,0.0,0,0,-0.0013794865415103583,0.0017981023454169656,-0.00015385731517066995,-0.00019461146273606943,-0.0013794865415103583,0.0017981023454169656,-0.0012745406226273303,2.52556543120331e-06,0.06258906407790293,0.3169491554916455
scenario,60,11,0,0,certified_reset,0,1,0.0560016799792776,0.05200183270466647,0.003999847274611132,0.039998472746111326,0.0,0.0,0,0,-0.00015385731517066995,-0.00019461146273606943,-0.0015867649289355544,0.00871901720220091,-0.00015385731517066995,-0.00019461146273606943,0.0004326599379598428,3.5169190836501293e-08,0.06258906407790293,0.3169491554916455
scenario,60,12,0,0,certified_reset,0,1,0.05200183270466647,0.048001985430055336,0.003999847274611132,0.03599862547150019,0.0,0.0,0,0,-0.0015867649289355544,0.00871901720220091,0.0030342870249674197,0.0014271703532023452,-0.0015867649289355544,0.00871901720220091,-0.01126282200500371,1.937292890261932e-05,0.06258906407790293,0.3169491554916455
scenario,60,13,0,0,certified_reset,0,1,0.048001985430055336,0.0440021381554442,0.003999847274611132,0.03199877819688906,0.0,0.0,0,0,0.0030342870249674197,0.0014271703532023452,0.002843481306049317,-0.004853084321085851,0.0030342870249674197,0.0014271703532023452,-0.005121784492408462,1.0229341398623276e-05,0.06258906407790293,0.3169491554916455
scenario,60,14,0,0,certified_reset,0,1,0.0440021381554442,0.04000229088083307,0.003999847274611132,0.02799893092227793,0.0,0.0,0,0,0.002843481306049317,-0.004853084321085851,-0.00679482853657554,-0.004813721782830672,0.002843481306049317,-0.004853084321085851,0.004312965456036348,1.2789864650438476e-05,0.06258906407790293,0.3169491554916455
scenario,60,15,0,0,certified_reset,0,1,0.04000229088083307,0.036002443606221936,0.003999847274611132,0.023999083647666796,0.0,0.0,0,0,-0.00679482853657554,-0.004813721782830672,0.003314124315800588,0.013140076184144537,-0.00679482853657554,-0.004813721782830672,0.0138553198551473,5.5139887181122e-05,0.06258906407790293,0.3169491554916455
scenario,60,16,0,0,certified_reset,0,1,0.036002443606221936,0.0320025963316108,0.003999847274611132,0.019999236373055663,0.0,0.0,0,0,0.003314124315800588,0.013140076184144537,0.004123366038599903,-0.010628472287285197,0.003314124315800588,0.013140076184144537,-0.02265878893644295,5.4898026264759494e-05,0.06258906407790293,0.3169491554916455
scenario,60,17,0,0,certified_reset,0,1,0.0320025963316108,0.02800274905699967,0.003999847274611132,0.01599938909844453,0.0,0.0,0,0,0.004123366038599903,-0.010628472287285197,-0.009227601882992934,0.004233673318007583,0.004123366038599903,-0.010628472287285197,0.01155136498967809,4.067159448548417e-05,0.06258906407790293,0.3169491554916455
scenario,60,18,0,0,certified_reset,0,1,0.02800274905699967,0.024002901782388536,0.003999847274611132,0.011999541823833396,0.0,0.0,0,0,-0.009227601882992934,0.004233673318007583,-0.008043168258605385,0.00854302653296409,-0.009227601882992934,0.004233673318007583,0.0029497867933646832,8.859248572162215e-05,0.06258906407790293,0.3169491554916455
scenario,60,19,0,0,certified_reset,0,1,0.024002901782388536,0.020003054507777403,0.003999847274611132,0.007999694549222265,0.0,0.0,0,0,-0.008043168258605385,0.00854302653296409,0.002710104365177855,0.010303338018432305,-0.008043168258605385,0.00854302653296409,-0.004571986217394527,7.835212650726545e-05,0.06258906407790293,0.3169491554916455
scenario,60,20,0,0,certified_reset,0,1,0.020003054507777403,0.01600320723316627,0.003999847274611132,0.003999847274611132,0.0,0.0,0,0,0.002710104365177855,0.010303338018432305,0.012961653759965669,-0.01027149996674961,0.002710104365177855,0.010303338018432305,-0.017873353738059653,3.443966439427439e-05,0.06258906407790293,0.3169491554916455
scenario,60,21,0,0,certified_reset,0,1,0.01600320723316627,0.012003359958555136,0.003999847274611132,0.0,0.0,0.0,0,0,0.012961653759965669,-0.01027149996674961,0.007344198239176058,-0.014095970686452002,0.012961653759965669,-0.01027149996674961,0.0022211157804489763,0.00018711847015803483,0.06258906407790293,0.3169491554916455
scenario,61,0,0,0,certified_reset,0,1,0.1,0.09600015272538888,0.003999847274611132,0.08399679276683375,0.0,0.0,0,0,2.3566888025643564,-0.4620942689182834,1.1731583971090154,-1.8961401331384662,2.3566888025643564,-0.4620942689182834,-1.4355537488191954,5.643938076682024,0.06258906407790293,0.3169491554916455
scenario,61,1,0,0,certified_reset,0,1,0.09600015272538888,0.09200030545077775,0.003999847274611132,0.07999694549222262,0.0,0.0,0,0,1.1731583971090154,-1.8961401331384662,0.0508100804745869,-0.33849115751758985,1.1731583971090154,-1.8961401331384662,1.55,2.083525657517099,0.06258906407790293,0.3169491554916455
scenario,61,2,0,0,certified_reset,0,1,0.09200030545077775,0.08800045817616663,0.003999847274611132,0.0759970982176115,0.0,0.0,0,0,0.0508100804745869,-0.33849115751758985,-0.06531528444239257,0.11041698352085777,0.0508100804745869,-0.33849115751758985,0.4480341262206387,0.028223756203458884,0.06258906407790293,0.3169491554916455
scenario,61,3,0,0,certified_reset,0,1,0.08800045817616663,0.0840006109015555,0.003999847274611132,0.07199725094300037,0.0,0.0,0,0,-0.06531528444239257,0.11041698352085777,0.0025715982551341027,0.02106352935637524,-0.06531528444239257,0.11041698352085777,-0.09761600502861992,0.006698852337706505,0.06258906407790293,0.3169491554916455
scenario,61,4,0,0,certified_reset,0,1,0.0840006109015555,0.08000076362694437,0.003999847274611132,0.06799740366838924,0.0,0.0,0,0,0.0025715982551341027,0.02106352935637524,0.004915816549720762,-0.010684108816501352,0.0025715982551341027,0.02106352935637524,-0.0335840938963796,0.00011467141006726846,0.06258906407790293,0.3169491554916455
scenario,61,5,0,0,certified_reset,0,1,0.08000076362694437,0.07600091635233325,0.003999847274611132,0.06399755639377812,0.0,0.0,0,0,0.004915816549720762,-0.010684108816501352,-0.0025294561201379046,0.0051541400234344555,0.004915816549720762,-0.010684108816501352,0.010842953754873432,4.765152612027818e-05,0.06258906407790293,0.3169491554916455
scenario,61,6,0,0,certified_reset,0,1,0.07600091635233325,0.07200106907772212,0.003999847274611132,0.05999770911916699,0.0,0.0,0,0,-0.0025294561201379046,0.0051541400234344555,-0.0008411789267540857,-0.007895785706365021,-0.0025294561201379046,0.0051541400234344555,-0.005072355505625635,1.1823096711699775e-05,0.06258906407790293,0.3169491554916455
scenario,61,7,0,0,certified_reset,0,1,0.07200106907772212,0.068001221803111,0.003999847274611132,0.05599786184455586,0.0,0.0,0,0,-0.0008411789267540857,-0.007895785706365021,0.0001534862992196486,-0.004019474923831996,-0.0008411789267540857,-0.007895785706365021,0.01246663756496125,1.58148260369686e-05,0.06258906407790293,0.3169491554916455
scenario,61,8,0,0,certified_reset,0,1,0.068001221803111,0.06400137452849987,0.003999847274611132,0.051998014569944725,0.0,0.0,0,0,0.0001534862992196486,-0.004019474923831996,-0.00831955188405309,0.005040118815974862,0.0001534862992196486,-0.004019474923831996,0.005771848235936672,3.764526004911836e-06,0.06258906407790293,0.3169491554916455
scenario,61,9,0,0,certified_reset,0,1,0.06400137452849987,0.060001527253888735,0.003999847274611132,0.04799816729533359,0.0,0.0,0,0,-0.00831955188405309,0.005040118815974862,-0.002570636832388045,-0.006147969595469234,-0.00831955188405309,0.005040118815974862,0.0008576240305653188,7.38058351081423e-05,0.06258906407790293,0.3169491554916455
scenario,61,10,0,0,certified_reset,0,1,0.060001527253888735,0.0560016799792776,0.003999847274611132,0.04399832002072246,0.0,0.0,0,0,-0.002570636832388045,-0.006147969595469234,0.003925317165316508,0.003393481008210031,-0.002570636832388045,-0.006147969595469234,0.011613756480394323,1.6783712640104116e-05,0.06258906407790293,0.3169491554916455
scenario,61,11,0,0,certified_reset,0,1,0.0560016799792776,0.05200183270466647,0.003999847274611132,0.039998472746111326,0.0,0.0,0,0,0.003925317165316508,0.003393481008210031,0.006908575835270896,-0.0060270014336708,0.003925317165316508,0.003393481008210031,-0.008908562714547074,1.9465005492858678e-05,0.06258906407790293,0.3169491554916455
scenario,61,12,0,0,certified_reset,0,1,0.05200183270466647,0.048001985430055336,0.003999847274611132,0.03599862547150019,0.0,0.0,0,0,0.006908575835270896,-0.0060270014336708,0.008569575583768972,-0.02732365201128921,0.006908575835270896,-0.0060270014336708,0.001998104648860248,5.436668495704846e-05,0.06258906407790293,0.3169491554916455
scenario,61,13,0,0,certified_reset,0,1,0.048001985430055336,0.0440021381554442,0.003999847274611132,0.03199877819688906,0.0,0.0,0,0,0.008569575583768972,-0.02732365201128921,0.002915982735122202,0.014563422472151723,0.008569575583768972,-0.02732365201128921,0.03171501593300571,0.00023296843423882468,0.06258906407790293,0.3169491554916455
scenario,61,14,0,0,certified_reset,0,1,0.0440021381554442,0.04000229088083307,0.003999847274611132,0.02799893092227793,0.0,0.0,0,0,0.002915982735122202,0.014563422472151723,0.011479874069497251,-0.005026839694885822,0.002915982735122202,0.014563422472151723,-0.024356796686435943,6.151108327056746e-05,0.06258906407790293,0.3169491554916455
scenario,61,15,0,0,certified_reset,0,1,0.04000229088083307,0.036002443606221936,0.003999847274611132,0.023999083647666796,0.0,0.0,0,0,0.011479874069497251,-0.005026839694885822,0.003833281220469628,-0.006954176952888611,0.011479874069497251,-0.005026839694885822,-0.00402981186545839,0.00013674193436054446,0.06258906407790293,0.3169491554916455
scenario,61,16,0,0,certified_reset,0,1,0.036002443606221936,0.0320025963316108,0.003999847274611132,0.019999236373055663,0.0,0.0,0,0,0.003833281220469628,-0.006954176952888611,-0.003409696629318732,0.009478479402231059,0.003833281220469628,-0.006954176952888611,0.00642530807835335,2.4431063389324623e-05,0.06258906407790293,0.3169491554916455
scenario,61,17,0,0,certified_reset,0,1,0.0320025963316108,0.02800274905699967,0.003999847274611132,0.01599938909844453,0.0,0.0,0,0,-0.003409696629318732,0.009478479402231059,0.005978277599609593,0.00015512612768759054,-0.003409696629318732,0.009478479402231059,-0.010565512617468605,3.058826544586805e-05,0.06258906407790293,0.3169491554916455
scenario,61,18,1,1,certified_reset,0,1,0.02800274905699967,0.024002901782388536,0.003999847274611132,0.011999541823833396,0.0,0.0,0,0,0.005978277599609593,0.00015512612768759054,-0.014914816702174448,-0.018044598266501483,0.005978277599609593,0.00015512612768759054,-0.00618122142733211,3.6699322057125016e-05,0.0659683941917073,0.3371807140592316
scenario,61,19,1,1,certified_reset,0,1,0.024002901782388536,0.020003054507777403,0.003999847274611132,0.007999694549222265,0.0,0.0,0,0,-0.014914816702174448,-0.018044598266501483,-0.0020733133810634623,-0.0001618439924360067,-0.014914816702174448,-0.018044598266501483,0.041436284391548665,0.00032398525365179146,0.0659683941917073,0.3371807140592316
scenario,61,20,0,0,certified_reset,0,1,0.020003054507777403,0.01600320723316627,0.003999847274611132,0.003999847274611132,0.0,0.0,0,0,-0.0020733133810634623,-0.0001618439924360067,-0.007381686088532192,0.010040552824026812,-0.0020733133810634623,-0.0001618439924360067,0.002299223319095005,4.435503898893334e-06,0.06258906407790293,0.3169491554916455
scenario,61,21,0,0,certified_reset,0,1,0.01600320723316627,0.012003359958555136,0.003999847274611132,0.0,0.0,0.0,0,0,-0.007381686088532192,0.010040552824026812,-0.002131099365821137,0.004770820107488113,-0.007381686088532192,0.010040552824026812,-0.007436192877061635,7.401799980442434e-05,0.06258906407790293,0.3169491554916455
scenario,62,0,0,0,certified_reset,0,1,0.1,0.09600015272538888,0.003999847274611132,0.08399679276683375,0.0,0.0,0,0,2.0875708994922277,-0.13398923596368667,1.1794647043921895,-1.6944771055134331,2.0875708994922277,-0.13398923596368667,-1.55,4.421246321170532,0.06258906407790293,0.3169491554916455
scenario,62,1,0,0,certified_reset,0,1,0.09600015272538888,0.09200030545077775,0.003999847274611132,0.07999694549222262,0.0,0.0,0,0,1.1794647043921895,-1.6944771055134331,0.15491331782625667,-0.36889568037108283,1.1794647043921895,-1.6944771055134331,1.3216551857291652,1.9516317786557278,0.06258906407790293,0.3169491554916455
scenario,62,2,0,0,certified_reset,0,1,0.09200030545077775,0.08800045817616663,0.003999847274611132,0.0759970982176115,0.0,0.0,0,0,0.15491331782625667,-0.36889568037108283,-0.017872785803620905,0.020643732903806316,0.15491331782625667,-0.36889568037108283,0.38916109254825615,0.052279419078132564,0.06258906407790293,0.3169491554916455
scenario,62,3,0,0,certified_reset,0,1,0.08800045817616663,0.0840006109015555,0.003999847274611132,0.07199725094300037,0.0,0.0,0,0,-0.017872785803620905,0.020643732903806316,-0.0005627423397982522,0.013697312222129656,-0.017872785803620905,0.020643732903806316,-0.012611676896921251,0.00040012229971258655,0.06258906407790293,0.3169491554916455
scenario,62,4,0,0,certified_reset,0,1,0.0840006109015555,0.08000076362694437,0.003999847274611132,0.06799740366838924,0.0,0.0,0,0,-0.0005627423397982522,0.013697312222129656,0.005882694888240057,-0.013221387548340253,-0.0005627423397982522,0.013697312222129656,-0.019617365648071785,4.370864999514573e-05,0.06258906407790293,0.3169491554916455
scenario,62,5,0,0,certified_reset,0,1,0.08000076362694437,0.07600091635233325,0.003999847274611132,0.06399755639377812,0.0,0.0,0,0,0.005882694888240057,-0.013221387548340253,0.0027579083051039372,-0.0018507440921001397,0.005882694888240057,-0.013221387548340253,0.013619085014276467,7.070800203039114e-05,0.06258906407790293,0.3169491554916455
scenario,62,6,0,0,certified_reset,0,1,0.07600091635233325,0.07200106907772212,0.003999847274611132,0.05999770911916699,0.0,0.0,0,0,0.0027579083051039372,-0.0018507440921001397,-0.010670382577618239,0.0065637602101270304,0.0027579083051039372,-0.0018507440921001397,-1.7432476633393685e-05,8.222611481642155e-06,0.06258906407790293,0.3169491554916455
scenario,62,7,0,0,certified_reset,0,1,0.07200106907772212,0.068001221803111,0.003999847274611132,0.05599786184455586,0.0,0.0,0,0,-0.010670382577618239,0.0065637602101270304,-0.0066275863259700595,0.01399475601545332,-0.010670382577618239,0.0065637602101270304,0.0009546758647681474,0.00012163478016019656,0.06258906407790293,0.3169491554916455
scenario,62,8,0,0,certified_reset,0,1,0.068001221803111,0.06400137452849987,0.003999847274611132,0.051998014569944725,0.0,0.0,0,0,-0.0066275863259700595,0.01399475601545332,0.0007038130168901737,-0.012927714772532496,-0.0066275863259700595,0.01399475601545332,-0.014013584492126514,8.408798953390657e-05,0.06258906407790293,0.3169491554916455
scenario,62,9,0,0,certified_reset,0,1,0.06400137452849987,0.060001527253888735,0.003999847274611132,0.04799816729533359,0.0,0.0,0,0,0.0007038130168901737,-0.012927714772532496,-0.0031428799969706986,0.0005139917713325734,0.0007038130168901737,-0.012927714772532496,0.01834321962426451,3.8989841080536004e-05,0.06258906407790293,0.3169491554916455
scenario,62,10,0,0,certified_reset,0,1,0.060001527253888735,0.0560016799792776,0.003999847274611132,0.04399832002072246,0.0,0.0,0,0,-0.0031428799969706986,0.0005139917713325734,0.004647856331548694,0.008624441753751958,-0.0031428799969706986,0.0005139917713325734,0.002372672868446323,1.0065987846254638e-05,0.06258906407790293,0.3169491554916455
scenario,62,11,0,0,certified_reset,0,1,0.0560016799792776,0.05200183270466647,0.003999847274611132,0.039998472746111326,0.0,0.0,0,0,0.004647856331548694,0.008624441753751958,0.0010840696923876225,0.0038306058135594897,0.004647856331548694,0.008624441753751958,-0.01733239030665445,4.250144152376734e-05,0.06258906407790293,0.3169491554916455
scenario,62,12,2,2,certified_reset,0,1,0.05200183270466647,0.048001985430055336,0.003999847274611132,0.03599862547150019,0.0,0.0,0,0,0.0010840696923876225,0.0038306058135594897,0.008802881607933875,0.10654717989090544,0.0010840696923876225,0.0038306058135594897,-0.0067201281067629905,4.945447504033679e-06,0.07177064572129135,0.3726063481590821
scenario,62,13,0,0,certified_reset,0,1,0.048001985430055336,0.0440021381554442,0.003999847274611132,0.03199877819688906,0.0,0.0,0,0,0.008802881607933875,0.10654717989090544,0.03929993478049973,-0.05558227872509552,0.008802881607933875,0.10654717989090544,-0.16572473102165924,0.002807522164095227,0.06258906407790293,0.3169491554916455
scenario,62,14,0,0,certified_reset,0,1,0.0440021381554442,0.04000229088083307,0.003999847274611132,0.02799893092227793,0.0,0.0,0,0,0.03929993478049973,-0.05558227872509552,0.006653419302687012,-0.012548569377500533,0.03929993478049973,-0.05558227872509552,0.04274871150002301,0.002146261329613694,0.06258906407790293,0.3169491554916455
scenario,62,15,0,0,certified_reset,0,1,0.04000229088083307,0.036002443606221936,0.003999847274611132,0.023999083647666796,0.0,0.0,0,0,0.006653419302687012,-0.012548569377500533,0.006110927377837454,0.010698398961895776,0.006653419302687012,-0.012548569377500533,0.011866606071195815,7.61323837245416e-05,0.06258906407790293,0.3169491554916455
scenario,62,16,0,0,certified_reset,0,1,0.036002443606221936,0.0320025963316108,0.003999847274611132,0.019999236373055663,0.0,0.0,0,0,0.006110927377837454,0.010698398961895776,0.010962975174891428,-0.006661065348740327,0.006110927377837454,0.010698398961895776,-0.021844929197811187,6.98754899712586e-05,0.06258906407790293,0.3169491554916455
scenario,62,17,1,1,certified_reset,0,1,0.0320025963316108,0.02800274905699967,0.003999847274611132,0.01599938909844453,0.0,0.0,0,0,0.010962975174891428,-0.006661065348740327,0.003680581764607678,0.0261725299823895,0.010962975174891428,-0.006661065348740327,-0.001105873465683046,0.0001282039610727723,0.0659683941917073,0.3371807140592316
scenario,62,18,2,2,certified_reset,0,1,0.02800274905699967,0.024002901782388536,0.003999847274611132,0.011999541823833396,0.0,0.0,0,0,0.003680581764607678,0.0261725299823895,0.033229883926502744,-0.04276841408442918,0.003680581764607678,0.0261725299823895,-0.042219540851978606,0.00018140916149199374,0.07177064572129135,0.3726063481590821
scenario,62,19,2,2,certified_reset,0,1,0.024002901782388536,0.020003054507777403,0.003999847274611132,0.007999694549222265,0.0,0.0,0,0,0.033229883926502744,-0.04276841408442918,-0.04961591162788899,0.03152732964682054,0.033229883926502744,-0.04276841408442918,0.02990981659057145,0.001455834817774382,0.07177064572129135,0.3726063481590821
scenario,62,20,2,2,certified_reset,0,1,0.020003054507777403,0.01600320723316627,0.003999847274611132,0.003999847274611132,0.0,0.0,0,0,-0.04961591162788899,0.03152732964682054,-0.02805168924890178,0.061712217773197506,-0.04961591162788899,0.03152732964682054,0.0029653204558501888,0.002640873567440309,0.07177064572129135,0.3726063481590821
scenario,62,21,2,2,certified_reset,0,1,0.01600320723316627,0.012003359958555136,0.003999847274611132,0.0,0.0,0.0,0,0,-0.02805168924890178,0.061712217773197506,0.03750177174328637,-0.010892139253001486,-0.02805168924890178,0.061712217773197506,-0.0629779409816857,0.0015715644040218484,0.07177064572129135,0.3726063481590821
scenario,63,0,0,0,certified_reset,0,1,0.1,0.09600015272538888,0.003999847274611132,0.08399679276683375,0.0,0.0,0,0,0.3484420377875548,0.25605274310509196,0.23913967390805219,-0.47861340555331644,0.3484420377875548,0.25605274310509196,-0.7241548317039896,0.14632320050984518,0.06258906407790293,0.3169491554916455
scenario,63,1,0,0,certified_reset,0,1,0.09600015272538888,0.09200030545077775,0.003999847274611132,0.07999694549222262,0.0,0.0,0,0,0.23913967390805219,-0.47861340555331644,-0.010202714375814093,-0.021962067621045144,0.23913967390805219,-0.47861340555331644,0.46691513762777875,0.10387076983606053,0.06258906407790293,0.3169491554916455
scenario,63,2,0,0,certified_reset,0,1,0.09200030545077775,0.08800045817616663,0.003999847274611132,0.0759970982176115,0.0,0.0,0,0,-0.010202714375814093,-0.021962067621045144,-0.012373264618564766,0.019908854105975912,-0.010202714375814093,-0.021962067621045144,0.04250980053049091,0.0002360922937174414,0.06258906407790293,0.3169491554916455
scenario,63,3,0,0,certified_reset,0,1,0.08800045817616663,0.0840006109015555,0.003999847274611132,0.07199725094300037,0.0,0.0,0,0,-0.012373264618564766,0.019908854105975912,0.004099122530166122,0.007324885402018749,-0.012373264618564766,0.019908854105975912,-0.017007426959544714,0.000231674236541979,0.06258906407790293,0.3169491554916455
scenario,63,4,0,0,certified_reset,0,1,0.0840006109015555,0.08000076362694437,0.003999847274611132,0.06799740366838924,0.0,0.0,0,0,0.004099122530166122,0.007324885402018749,0.00616093903946768,-0.013100415727592619,0.004099122530166122,0.007324885402018749,-0.014870803208408312,3.198903552638301e-05,0.06258906407790293,0.3169491554916455
scenario,63,5,0,0,certified_reset,0,1,0.08000076362694437,0.07600091635233325,0.003999847274611132,0.06399755639377812,0.0,0.0,0,0,0.00616093903946768,-0.013100415727592619,0.00907442953148917,0.001844851435971599,0.00616093903946768,-0.013100415727592619,0.013163087857197144,7.31806024988803e-05,0.06258906407790293,0.3169491554916455
scenario,63,6,0,0,certified_reset,0,1,0.07600091635233325,0.07200106907772212,0.003999847274611132,0.05999770911916699,0.0,0.0,0,0,0.00907442953148917,0.001844851435971599,0.010194539239232504,-0.003914634477075068,0.00907442953148917,0.001844851435971599,-0.011754693890631763,8.641221786126932e-05,0.06258906407790293,0.3169491554916455
scenario,63,7,0,0,certified_reset,0,1,0.07200106907772212,0.068001221803111,0.003999847274611132,0.05599786184455586,0.0,0.0,0,0,0.010194539239232504,-0.003914634477075068,-0.002636736248593825,-0.001289723852717182,0.010194539239232504,-0.003914634477075068,-0.004387760010890793,0.00010716832660411942,0.06258906407790293,0.3169491554916455
scenario,63,8,0,0,certified_reset,0,1,0.068001221803111,0.06400137452849987,0.003999847274611132,0.051998014569944725,0.0,0.0,0,0,-0.002636736248593825,-0.001289723852717182,0.002698235894545724,-0.0030030501006934277,-0.002636736248593825,-0.001289723852717182,0.004523986273054349,7.763449110546419e-06,0.06258906407790293,0.3169491554916455
scenario,63,9,0,0,certified_reset,0,1,0.06400137452849987,0.060001527253888735,0.003999847274611132,0.04799816729533359,0.0,0.0,0,0,0.002698235894545724,-0.0030030501006934277,0.0037990829469810323,-0.004179999854269346,0.002698235894545724,-0.0030030501006934277,0.0017376202905413692,8.979255832776957e-06,0.06258906407790293,0.3169491554916455
scenario,63,10,0,0,certified_reset,0,1,0.060001527253888735,0.0560016799792776,0.003999847274611132,0.04399832002072246,0.0,0.0,0,0,0.0037990829469810323,-0.004179999854269346,-0.002310863090824028,-0.006380672747295267,0.0037990829469810323,-0.004179999854269346,0.0023735386704277868,1.7718905164247e-05,0.06258906407790293,0.3169491554916455
scenario,63,11,0,0,certified_reset,0,1,0.0560016799792776,0.05200183270466647,0.003999847274611132,0.039998472746111326,0.0,0.0,0,0,-0.002310863090824028,-0.006380672747295267,-0.007933080662459034,0.010167790259816109,-0.002310863090824028,-0.006380672747295267,0.011698429640299324,1.6089756873212397e-05,0.06258906407790293,0.3169491554916455
scenario,63,12,0,0,certified_reset,0,1,0.05200183270466647,0.048001985430055336,0.003999847274611132,0.03599862547150019,0.0,0.0,0,0,-0.007933080662459034,0.010167790259816109,-0.012458700624795118,0.006728789263853088,-0.007933080662459034,0.010167790259816109,-0.007076088373701987,8.279465704206252e-05,0.06258906407790293,0.3169491554916455
scenario,63,13,0,0,certified_reset,0,1,0.048001985430055336,0.0440021381554442,0.003999847274611132,0.03199877819688906,0.0,0.0,0,0,-0.012458700624795118,0.006728789263853088,0.00039880060674432356,0.006215611590097949,-0.012458700624795118,0.006728789263853088,0.002492462500749147,0.00016352431938353328,0.06258906407790293,0.3169491554916455
scenario,63,14,0,0,certified_reset,0,1,0.0440021381554442,0.04000229088083307,0.003999847274611132,0.02799893092227793,0.0,0.0,0,0,0.00039880060674432356,0.006215611590097949,0.003798405887879007,-0.009966768263994372,0.00039880060674432356,0.006215611590097949,-0.009553301473754001,9.394770089163192e-06,0.06258906407790293,0.3169491554916455
scenario,63,15,0,0,certified_reset,0,1,0.04000229088083307,0.036002443606221936,0.003999847274611132,0.023999083647666796,0.0,0.0,0,0,0.003798405887879007,-0.009966768263994372,-0.0028664194397353244,0.0016988366117015605,0.003798405887879007,-0.009966768263994372,0.010897349290869678,3.527725736132412e-05,0.06258906407790293,0.3169491554916455
scenario,63,16,0,0,certified_reset,0,1,0.036002443606221936,0.0320025963316108,0.003999847274611132,0.019999236373055663,0.0,0.0,0,0,-0.0028664194397353244,0.0016988366117015605,0.0009123166335856284,0.0002224064766940992,-0.0028664194397353244,0.0016988366117015605,0.0003554694783148843,8.739007618229283e-06,0.06258906407790293,0.3169491554916455
scenario,63,17,0,0,certified_reset,0,1,0.0320025963316108,0.02800274905699967,0.003999847274611132,0.01599938909844453,0.0,0.0,0,0,0.0009123166335856284,0.0002224064766940992,-0.0020996627514429872,0.005751411516794622,0.0009123166335856284,0.0002224064766940992,-0.0012352992429857208,8.793743807676281e-07,0.06258906407790293,0.3169491554916455
scenario,63,18,1,1,certified_reset,0,1,0.02800274905699967,0.024002901782388536,0.003999847274611132,0.011999541823833396,0.0,0.0,0,0,-0.0020996627514429872,0.005751411516794622,-0.024503598054173126,-0.013270535645961607,-0.0020996627514429872,0.005751411516794622,-0.006384210355656191,1.1381709414822037e-05,0.0659683941917073,0.3371807140592316
scenario,63,19,1,1,certified_reset,0,1,0.024002901782388536,0.020003054507777403,0.003999847274611132,0.007999694549222265,0.0,0.0,0,0,-0.024503598054173126,-0.013270535645961607,-0.0175550307192106,0.031382527095996066,-0.024503598054173126,-0.013270535645961607,0.04395130037021561,0.0006804185186458326,0.0659683941917073,0.3371807140592316
scenario,63,20,1,1,certified_reset,0,1,0.020003054507777403,0.01600320723316627,0.003999847274611132,0.003999847274611132,0.0,0.0,0,0,-0.0175550307192106,0.031382527095996066,0.023191403511057716,-0.026083274694574714,-0.0175550307192106,0.031382527095996066,-0.028753090824771305,0.0005061229505994334,0.0659683941917073,0.3371807140592316
scenario,63,21,0,0,certified_reset,0,1,0.01600320723316627,0.012003359958555136,0.003999847274611132,0.0,0.0,0.0,0,0,0.023191403511057716,-0.026083274694574714,0.008855947111216577,-0.011037658017654526,0.023191403511057716,-0.026083274694574714,0.015329301316916445,0.0006661765831669961,0.06258906407790293,0.3169491554916455
scenario,64,0,0,0,certified_reset,0,1,0.1,0.09600015272538888,0.003999847274611132,0.08399679276683375,0.0,0.0,0,0,-5.101930088261162,0.31930681464258504,-4.005907538591573,1.862348979056188,-5.101930088261162,0.31930681464258504,1.55,26.108105357042447,0.06258906407790293,0.3169491554916455
scenario,64,1,0,0,certified_reset,0,1,0.09600015272538888,0.09200030545077775,0.003999847274611132,0.07999694549222262,0.0,0.0,0,0,-4.005907538591573,1.862348979056188,-1.8379626091936647,2.465464413611771,-4.005907538591573,1.862348979056188,0.5985728712740267,16.68055431436292,0.06258906407790293,0.3169491554916455
scenario,64,2,0,0,certified_reset,0,1,0.09200030545077775,0.08800045817616663,0.003999847274611132,0.0759970982176115,0.0,0.0,0,0,-1.8379626091936647,2.465464413611771,-0.1504389261547125,0.9055331634428857,-1.8379626091936647,2.465464413611771,-1.55,4.53230171225547,0.06258906407790293,0.3169491554916455
scenario,64,3,0,0,certified_reset,0,1,0.08800045817616663,0.0840006109015555,0.003999847274611132,0.07199725094300037,0.0,0.0,0,0,-0.1504389261547125,0.9055331634428857,0.16511787145355483,-0.2754399824938017,-0.1504389261547125,0.9055331634428857,-1.1841324147387131,0.20528436571053482,0.06258906407790293,0.3169491554916455
scenario,64,4,0,0,certified_reset,0,1,0.0840006109015555,0.08000076362694437,0.003999847274611132,0.06799740366838924,0.0,0.0,0,0,0.16511787145355483,-0.2754399824938017,0.016305783354953005,-0.025054567574386115,0.16511787145355483,-0.2754399824938017,0.24133067209190934,0.042376016917774414,0.06258906407790293,0.3169491554916455
scenario,64,5,0,0,certified_reset,0,1,0.08000076362694437,0.07600091635233325,0.003999847274611132,0.06399755639377812,0.0,0.0,0,0,0.016305783354953005,-0.025054567574386115,-0.004947031904943996,-0.00546790067174474,0.016305783354953005,-0.025054567574386115,0.02066948634731306,0.000389550906606313,0.06258906407790293,0.3169491554916455
scenario,64,6,0,0,certified_reset,0,1,0.07600091635233325,0.07200106907772212,0.003999847274611132,0.05999770911916699,0.0,0.0,0,0,-0.004947031904943996,-0.00546790067174474,-0.003024690923083758,-0.001897004334581189,-0.004947031904943996,-0.00546790067174474,0.012977530899379202,3.406516117073435e-05,0.06258906407790293,0.3169491554916455
scenario,64,7,0,0,certified_reset,0,1,0.07200106907772212,0.068001221803111,0.003999847274611132,0.05599786184455586,0.0,0.0,0,0,-0.003024690923083758,-0.001897004334581189,-0.005954653051621036,0.0226092984225928,-0.003024690923083758,-0.001897004334581189,0.005810552155180331,1.0640570669062611e-05,0.06258906407790293,0.3169491554916455
scenario,64,8,0,0,certified_reset,0,1,0.068001221803111,0.06400137452849987,0.003999847274611132,0.051998014569944725,0.0,0.0,0,0,-0.005954653051621036,0.0226092984225928,0.008049339410533943,-0.010182084863273974,-0.005954653051621036,0.0226092984225928,-0.027376824107345328,0.00014620762294942715,0.06258906407790293,0.3169491554916455
scenario,64,9,0,0,certified_reset,0,1,0.06400137452849987,0.060001527253888735,0.003999847274611132,0.04799816729533359,0.0,0.0,0,0,0.008049339410533943,-0.010182084863273974,0.00024013393776557224,-0.013818575340064736,0.008049339410533943,-0.010182084863273974,0.006978709551665355,8.467089801046189e-05,0.06258906407790293,0.3169491554916455
scenario,64,10,0,0,certified_reset,0,1,0.060001527253888735,0.0560016799792776,0.003999847274611132,0.04399832002072246,0.0,0.0,0,0,0.00024013393776557224,-0.013818575340064736,-0.009095808949255418,0.005287980074347823,0.00024013393776557224,-0.013818575340064736,0.020115751709413338,4.454529537616409e-05,0.06258906407790293,0.3169491554916455
scenario,64,11,0,0,certified_reset,0,1,0.0560016799792776,0.05200183270466647,0.003999847274611132,0.039998472746111326,0.0,0.0,0,0,-0.009095808949255418,0.005287980074347823,-0.00654369928390397,0.007863461679499473,-0.009095808949255418,0.005287980074347823,0.0012702851217430294,8.780737303662392e-05,0.06258906407790293,0.3169491554916455
scenario,64,12,0,0,certified_reset,0,1,0.05200183270466647,0.048001985430055336,0.003999847274611132,0.03599862547150019,0.0,0.0,0,0,-0.00654369928390397,0.007863461679499473,-0.006026750242983183,0.0019397931254286453,-0.00654369928390397,0.007863461679499473,-0.005064201483913678,5.4591279060199366e-05,0.06258906407790293,0.3169491554916455
scenario,64,13,0,0,certified_reset,0,1,0.048001985430055336,0.0440021381554442,0.003999847274611132,0.03199877819688906,0.0,0.0,0,0,-0.006026750242983183,0.0019397931254286453,-0.00462054707275112,-0.00299306135637995,-0.006026750242983183,0.0019397931254286453,0.0031399913912458915,3.7245510666228156e-05,0.06258906407790293,0.3169491554916455
scenario,64,14,0,0,certified_reset,0,1,0.0440021381554442,0.04000229088083307,0.003999847274611132,0.02799893092227793,0.0,0.0,0,0,-0.00462054707275112,-0.00299306135637995,-0.0011230988940682091,0.0064606395341152804,-0.00462054707275112,-0.00299306135637995,0.00900763022219382,2.499040523795333e-05,0.06258906407790293,0.3169491554916455
scenario,64,15,0,0,certified_reset,0,1,0.04000229088083307,0.036002443606221936,0.003999847274611132,0.023999083647666796,0.0,0.0,0,0,-0.0011230988940682091,0.0064606395341152804,0.01478384988142568,-0.0007801831890540637,-0.0011230988940682091,0.0064606395341152804,-0.008397769812660069,1.0537589945677048e-05,0.06258906407790293,0.3169491554916455
scenario,64,16,0,0,certified_reset,0,1,0.036002443606221936,0.0320025963316108,0.003999847274611132,0.019999236373055663,0.0,0.0,0,0,0.01478384988142568,-0.0007801831890540637,0.01182401560917637,-0.014250523761932922,0.01478384988142568,-0.0007801831890540637,-0.013570326913577199,0.00022327562507559092,0.06258906407790293,0.3169491554916455
scenario,64,17,0,0,certified_reset,0,1,0.0320025963316108,0.02800274905699967,0.003999847274611132,0.01599938909844453,0.0,0.0,0,0,0.01182401560917637,-0.014250523761932922,0.0018674741539809235,-0.0013051192840023108,0.01182401560917637,-0.014250523761932922,0.009216322734478664,0.0001784847971927928,0.06258906407790293,0.3169491554916455
scenario,64,18,0,0,certified_reset,0,1,0.02800274905699967,0.024002901782388536,0.003999847274611132,0.011999541823833396,0.0,0.0,0,0,0.0018674741539809235,-0.0013051192840023108,-0.005637029656185215,0.006035950551273617,0.0018674741539809235,-0.0013051192840023108,5.979867024140241e-05,3.794149654996279e-06,0.06258906407790293,0.3169491554916455
scenario,64,19,0,0,certified_reset,0,1,0.024002901782388536,0.020003054507777403,0.003999847274611132,0.007999694549222265,0.0,0.0,0,0,-0.005637029656185215,0.006035950551273617,-0.002705975851994223,-0.0020756306058838784,-0.005637029656185215,0.006035950551273617,-0.0032804435639063093,3.860302192444661e-05,0.06258906407790293,0.3169491554916455
scenario,64,20,0,0,certified_reset,0,1,0.020003054507777403,0.01600320723316627,0.003999847274611132,0.003999847274611132,0.0,0.0,0,0,-0.002705975851994223,-0.0020756306058838784,0.0035714707895921232,-0.004703744329506701,-0.002705975851994223,-0.0020756306058838784,0.005749264766369979,8.92414007959618e-06,0.06258906407790293,0.3169491554916455
scenario,64,21,1,1,certified_reset,0,1,0.01600320723316627,0.012003359958555136,0.003999847274611132,0.0,0.0,0.0,0,0,0.0035714707895921232,-0.004703744329506701,-0.002546066541900731,-0.002327243853505901,0.0035714707895921232,-0.004703744329506701,0.0033691529483507957,1.7021721319770263e-05,0.0659683941917073,0.3371807140592316
scenario,65,0,0,0,certified_reset,0,1,0.1,0.09600015272538888,0.003999847274611132,0.08399679276683375,0.0,0.0,0,0,1.549088677125929,0.3836740999100511,1.1563187595479312,-1.1595561905396978,1.549088677125929,0.3836740999100511,-1.55,2.4862352762892823,0.06258906407790293,0.3169491554916455
scenario,65,1,0,0,certified_reset,0,1,0.09600015272538888,0.09200030545077775,0.003999847274611132,0.07999694549222262,0.0,0.0,0,0,1.1563187595479312,-1.1595561905396978,0.2790552124266144,-0.598968282552737,1.1563187595479312,-1.1595561905396978,0.5567119795884139,1.5868439800113059,0.06258906407790293,0.3169491554916455
scenario,65,2,0,0,certified_reset,0,1,0.09200030545077775,0.08800045817616663,0.003999847274611132,0.0759970982176115,0.0,0.0,0,0,0.2790552124266144,-0.598968282552737,-0.013550093443010605,0.0055317512107198345,0.2790552124266144,-0.598968282552737,0.6044627823151052,0.15158353359331742,0.06258906407790293,0.3169491554916455
scenario,65,3,0,0,certified_reset,0,1,0.08800045817616663,0.0840006109015555,0.003999847274611132,0.07199725094300037,0.0,0.0,0,0,-0.013550093443010605,0.0055317512107198345,-0.0027260457253520214,0.01673333088718904,-0.013550093443010605,0.0055317512107198345,0.005344241925656647,0.00018982710422063171,0.06258906407790293,0.3169491554916455
scenario,65,4,0,0,certified_reset,0,1,0.0840006109015555,0.08000076362694437,0.003999847274611132,0.06799740366838924,0.0,0.0,0,0,-0.0027260457253520214,0.01673333088718904,0.0054456085729145485,-0.0054928001421354275,-0.0027260457253520214,0.01673333088718904,-0.02193738523616013,6.986333233613029e-05,0.06258906407790293,0.3169491554916455
scenario,65,5,0,0,certified_reset,0,1,0.08000076362694437,0.07600091635233325,0.003999847274611132,0.06399755639377812,0.0,0.0,0,0,0.0054456085729145485,-0.0054928001421354275,0.002438658792250656,0.007599309899944251,0.0054456085729145485,-0.0054928001421354275,0.0026654732960902307,3.526302503896441e-05,0.06258906407790293,0.3169491554916455
scenario,65,6,0,0,certified_reset,0,1,0.07600091635233325,0.07200106907772212,0.003999847274611132,0.05999770911916699,0.0,0.0,0,0,0.002438658792250656,0.007599309899944251,0.0034417489893476126,0.002127110788501658,0.002438658792250656,0.007599309899944251,-0.013619738141478271,2.0979400353052702e-05,0.06258906407790293,0.3169491554916455
scenario,65,7,0,0,certified_reset,0,1,0.07200106907772212,0.068001221803111,0.003999847274611132,0.05599786184455586,0.0,0.0,0,0,0.0034417489893476126,0.002127110788501658,0.004943853190036324,-0.009312994256202231,0.0034417489893476126,0.002127110788501658,-0.006563533327701251,1.3737063404452266e-05,0.06258906407790293,0.3169491554916455
scenario,65,8,0,0,certified_reset,0,1,0.068001221803111,0.06400137452849987,0.003999847274611132,0.051998014569944725,0.0,0.0,0,0,0.004943853190036324,-0.009312994256202231,-0.0006742118863203742,-0.005569899315799799,0.004943853190036324,-0.009312994256202231,0.008796253380568612,4.198777136590149e-05,0.06258906407790293,0.3169491554916455
scenario,65,9,0,0,certified_reset,0,1,0.06400137452849987,0.060001527253888735,0.003999847274611132,0.04799816729533359,0.0,0.0,0,0,-0.0006742118863203742,-0.005569899315799799,0.012019826116309373,-0.01048337074248222,-0.0006742118863203742,-0.005569899315799799,0.008874785724556376,8.00788731894189e-06,0.06258906407790293,0.3169491554916455
scenario,65,10,0,0,certified_reset,0,1,0.060001527253888735,0.0560016799792776,0.003999847274611132,0.04399832002072246,0.0,0.0,0,0,0.012019826116309373,-0.01048337074248222,0.00425762519182631,-0.007289791115692724,0.012019826116309373,-0.01048337074248222,0.003475198865937132,0.00016456033622763795,0.06258906407790293,0.3169491554916455
scenario,65,11,0,0,certified_reset,0,1,0.0560016799792776,0.05200183270466647,0.003999847274611132,0.039998472746111326,0.0,0.0,0,0,0.00425762519182631,-0.007289791115692724,0.006460864023175501,0.0009013663284262216,0.00425762519182631,-0.007289791115692724,0.006497325569878936,2.8748143074976955e-05,0.06258906407790293,0.3169491554916455
scenario,65,12,0,0,certified_reset,0,1,0.05200183270466647,0.048001985430055336,0.003999847274611132,0.03599862547150019,0.0,0.0,0,0,0.006460864023175501,0.0009013663284262216,0.011003650742962279,-0.007749579499871183,0.006460864023175501,0.0009013663284262216,-0.007759060445702995,4.339408242740904e-05,0.06258906407790293,0.3169491554916455
scenario,65,13,0,0,certified_reset,0,1,0.048001985430055336,0.0440021381554442,0.003999847274611132,0.03199877819688906,0.0,0.0,0,0,0.011003650742962279,-0.007749579499871183,0.017939486550540777,-0.014157183080018473,0.011003650742962279,-0.007749579499871183,0.00045626749766367443,0.00013189561101029817,0.06258906407790293,0.3169491554916455
scenario,65,14,0,0,certified_reset,0,1,0.0440021381554442,0.04000229088083307,0.003999847274611132,0.02799893092227793,0.0,0.0,0,0,0.017939486550540777,-0.014157183080018473,0.00467111702860178,-0.013862270289313692,0.017939486550540777,-0.014157183080018473,0.0029930158798449277,0.00035812578119546757,0.06258906407790293,0.3169491554916455
scenario,65,15,0,0,certified_reset,0,1,0.04000229088083307,0.036002443606221936,0.003999847274611132,0.023999083647666796,0.0,0.0,0,0,0.00467111702860178,-0.013862270289313692,0.004554116050202136,-0.008969764825015467,0.00467111702860178,-0.013862270289313692,0.0157690425323307,6.262515861787292e-05,0.06258906407790293,0.3169491554916455
scenario,65,16,0,0,certified_reset,0,1,0.036002443606221936,0.0320025963316108,0.003999847274611132,0.019999236373055663,0.0,0.0,0,0,0.004554116050202136,-0.008969764825015467,0.0009098817756299734,-0.00165115738688396,0.004554116050202136,-0.008969764825015467,0.008682488316845333,3.710681566590785e-05,0.06258906407790293,0.3169491554916455
scenario,65,17,0,0,certified_reset,0,1,0.0320025963316108,0.02800274905699967,0.003999847274611132,0.01599938909844453,0.0,0.0,0,0,0.0009098817756299734,-0.00165115738688396,-0.004657180084119035,0.0040124420416277964,0.0009098817756299734,-0.00165115738688396,0.0015298779921807041,1.377135741324589e-06,0.06258906407790293,0.3169491554916455
scenario,65,18,0,0,certified_reset,0,1,0.02800274905699967,0.024002901782388536,0.003999847274611132,0.011999541823833396,0.0,0.0,0,0,-0.004657180084119035,0.0040124420416277964,0.0004506632847109764,0.001529179071939752,-0.004657180084119035,0.0040124420416277964,-0.0012744377153520365,2.4627875527908778e-05,0.06258906407790293,0.3169491554916455
scenario,65,19,0,0,certified_reset,0,1,0.024002901782388536,0.020003054507777403,0.003999847274611132,0.007999694549222265,0.0,0.0,0,0,0.0004506632847109764,0.001529179071939752,-0.000679220737213029,-0.011507455061926516,0.0004506632847109764,0.001529179071939752,-0.0027005303723094637,8.063289576111676e-07,0.06258906407790293,0.3169491554916455
scenario,65,20,0,0,certified_reset,0,1,0.020003054507777403,0.01600320723316627,0.003999847274611132,0.003999847274611132,0.0,0.0,0,0,-0.000679220737213029,-0.011507455061926516,-0.0024435827989630773,-0.006192336759562567,-0.000679220737213029,-0.011507455061926516,0.017626348159777896,3.2064418506509324e-05,0.06258906407790293,0.3169491554916455
scenario,65,21,0,0,certified_reset,0,1,0.01600320723316627,0.012003359958555136,0.003999847274611132,0.0,0.0,0.0,0,0,-0.0024435827989630773,-0.006192336759562567,-0.00365083275422226,7.670152806257043e-05,-0.0024435827989630773,-0.006192336759562567,0.011557226391700605,1.621244016000312e-05,0.06258906407790293,0.3169491554916455
scenario,66,0,0,0,certified_reset,0,1,0.1,0.09600015272538888,0.003999847274611132,0.08399679276683375,0.0,0.0,0,0,-4.27938767359856,-0.33333522509910896,-3.842887907033509,1.2174663174804667,-4.27938767359856,-0.33333522509910896,1.5499999999998963,18.393221587959825,0.06258906407790293,0.3169491554916455
scenario,66,1,0,0,certified_reset,0,1,0.09600015272538888,0.09200030545077775,0.003999847274611132,0.07999694549222262,0.0,0.0,0,0,-3.842887907033509,1.2174663174804667,-1.9696747446492042,2.5270133087012603,-3.842887907033509,1.2174663174804667,1.3111586846166463,15.077566255586424,0.06258906407790293,0.3169491554916455
scenario,66,2,0,0,certified_reset,0,1,0.09200030545077775,0.08800045817616663,0.003999847274611132,0.0759970982176115,0.0,0.0,0,0,-1.9696747446492042,2.5270133087012603,-0.20655137894699885,0.9799873428584928,-1.9696747446492042,2.5270133087012603,-1.55,5.0891244269325,0.06258906407790293,0.3169491554916455
scenario,66,3,0,0,certified_reset,0,1,0.08800045817616663,0.0840006109015555,0.003999847274611132,0.07199725094300037,0.0,0.0,0,0,-0.20655137894699885,0.9799873428584928,0.15704424555459248,-0.2581512024639031,-0.20655137894699885,0.9799873428584928,-1.2379358114677848,0.2538431335670796,0.06258906407790293,0.3169491554916455
scenario,66,4,0,0,certified_reset,0,1,0.0840006109015555,0.08000076362694437,0.003999847274611132,0.06799740366838924,0.0,0.0,0,0,0.15704424555459248,-0.2581512024639031,0.014264332023337482,-0.025823962615547744,0.15704424555459248,-0.2581512024639031,0.22390248818522832,0.03791177096724019,0.06258906407790293,0.3169491554916455
scenario,66,5,0,0,certified_reset,0,1,0.08000076362694437,0.07600091635233325,0.003999847274611132,0.06399755639377812,0.0,0.0,0,0,0.014264332023337482,-0.025823962615547744,0.001779634277224868,-0.006778710903332333,0.014264332023337482,-0.025823962615547744,0.023835303822650172,0.0003377120789104196,0.06258906407790293,0.3169491554916455
scenario,66,6,0,0,certified_reset,0,1,0.07600091635233325,0.07200106907772212,0.003999847274611132,0.05999770911916699,0.0,0.0,0,0,0.001779634277224868,-0.006778710903332333,0.003638426450999572,-0.00426985323082569,0.001779634277224868,-0.006778710903332333,0.00821652915682887,1.3126047817271348e-05,0.06258906407790293,0.3169491554916455
scenario,66,7,0,0,certified_reset,0,1,0.07200106907772212,0.068001221803111,0.003999847274611132,0.05599786184455586,0.0,0.0,0,0,0.003638426450999572,-0.00426985323082569,0.005806104808108243,-0.0016236049302846673,0.003638426450999572,-0.00426985323082569,0.002669305549447175,1.6697973232543746e-05,0.06258906407790293,0.3169491554916455
scenario,66,8,0,0,certified_reset,0,1,0.068001221803111,0.06400137452849987,0.003999847274611132,0.051998014569944725,0.0,0.0,0,0,0.005806104808108243,-0.0016236049302846673,0.0014381692318745417,0.0008177254710965949,0.005806104808108243,-0.0016236049302846673,-0.003386730342772746,3.447209833764014e-05,0.06258906407790293,0.3169491554916455
scenario,66,9,0,0,certified_reset,0,1,0.06400137452849987,0.060001527253888735,0.003999847274611132,0.04799816729533359,0.0,0.0,0,0,0.0014381692318745417,0.0008177254710965949,0.0005287640369558499,0.004886221406553229,0.0014381692318745417,0.0008177254710965949,-0.0026406336419274286,2.3630158805770087e-06,0.06258906407790293,0.3169491554916455
scenario,66,10,0,0,certified_reset,0,1,0.060001527253888735,0.0560016799792776,0.003999847274611132,0.04399832002072246,0.0,0.0,0,0,0.0005287640369558499,0.004886221406553229,0.0031376515066311944,-0.016261632135212808,0.0005287640369558499,0.004886221406553229,-0.007720737170829966,6.067364702398357e-06,0.06258906407790293,0.3169491554916455
scenario,66,11,0,0,certified_reset,0,1,0.0560016799792776,0.05200183270466647,0.003999847274611132,0.039998472746111326,0.0,0.0,0,0,0.0031376515066311944,-0.016261632135212808,-0.001819812328359673,0.008323071346522262,0.0031376515066311944,-0.016261632135212808,0.020828748545804573,6.829009847285136e-05,0.06258906407790293,0.3169491554916455
scenario,66,12,0,0,certified_reset,0,1,0.05200183270466647,0.048001985430055336,0.003999847274611132,0.03599862547150019,0.0,0.0,0,0,-0.001819812328359673,0.008323071346522262,0.004278200021274894,-0.0018890579993238127,-0.001819812328359673,0.008323071346522262,-0.010448936964819161,1.8510456997892942e-05,0.06258906407790293,0.3169491554916455
scenario,66,13,0,0,certified_reset,0,1,0.048001985430055336,0.0440021381554442,0.003999847274611132,0.03199877819688906,0.0,0.0,0,0,0.004278200021274894,-0.0018890579993238127,0.0020676972051360647,-0.00655815825841192,0.004278200021274894,-0.0018890579993238127,-0.0014793727631156452,1.900004623880839e-05,0.06258906407790293,0.3169491554916455
scenario,66,14,0,0,certified_reset,0,1,0.0440021381554442,0.04000229088083307,0.003999847274611132,0.02799893092227793,0.0,0.0,0,0,0.0020676972051360647,-0.00655815825841192,0.0004350577770107489,-0.013128668794138949,0.0020676972051360647,-0.00655815825841192,0.007599784910980899,1.3460989153084582e-05,0.06258906407790293,0.3169491554916455
scenario,66,15,0,0,certified_reset,0,1,0.04000229088083307,0.036002443606221936,0.003999847274611132,0.023999083647666796,0.0,0.0,0,0,0.0004350577770107489,-0.013128668794138949,-0.0003018221195693646,0.0045261042918673285,0.0004350577770107489,-0.013128668794138949,0.018905584317541833,4.014995320414524e-05,0.06258906407790293,0.3169491554916455
scenario,66,16,0,0,certified_reset,0,1,0.036002443606221936,0.0320025963316108,0.003999847274611132,0.019999236373055663,0.0,0.0,0,0,-0.0003018221195693646,0.0045261042918673285,-0.0016048246765772546,0.0002769069685744927,-0.0003018221195693646,0.0045261042918673285,-0.006367397027810661,4.792101825560418e-06,0.06258906407790293,0.3169491554916455
scenario,66,17,0,0,certified_reset,0,1,0.0320025963316108,0.02800274905699967,0.003999847274611132,0.01599938909844453,0.0,0.0,0,0,-0.0016048246765772546,0.0002769069685744927,-0.007236700297048813,0.005748727949305965,-0.0016048246765772546,0.0002769069685744927,0.0011861887448920696,2.624440280478126e-06,0.06258906407790293,0.3169491554916455
scenario,66,18,0,0,certified_reset,0,1,0.02800274905699967,0.024002901782388536,0.003999847274611132,0.011999541823833396,0.0,0.0,0,0,-0.007236700297048813,0.005748727949305965,0.004123185621813473,-0.005506905381964714,-0.007236700297048813,0.005748727949305965,-0.0012645422605909726,5.8358425013850576e-05,0.06258906407790293,0.3169491554916455
scenario,66,19,0,0,certified_reset,0,1,0.024002901782388536,0.020003054507777403,0.003999847274611132,0.007999694549222265,0.0,0.0,0,0,0.004123185621813473,-0.005506905381964714,0.006172823752190459,0.0019642577478357834,0.004123185621813473,-0.005506905381964714,0.004008456308809605,2.286103396088439e-05,0.06258906407790293,0.3169491554916455
scenario,66,20,0,0,certified_reset,0,1,0.020003054507777403,0.01600320723316627,0.003999847274611132,0.003999847274611132,0.0,0.0,0,0,0.006172823752190459,0.0019642577478357834,0.01059174430134504,-0.007862121345555645,0.006172823752190459,0.0019642577478357834,-0.009038918031621998,4.084079958515416e-05,0.06258906407790293,0.3169491554916455
scenario,66,21,1,1,certified_reset,0,1,0.01600320723316627,0.012003359958555136,0.003999847274611132,0.0,0.0,0.0,0,0,0.01059174430134504,-0.007862121345555645,0.013342681352056032,-0.01430811137473358,0.01059174430134504,-0.007862121345555645,0.0010372607127779685,0.00012333827645913544,0.0659683941917073,0.3371807140592316
scenario,67,0,0,0,certified_reset,0,1,0.1,0.09600015272538888,0.003999847274611132,0.08399679276683375,0.0,0.0,0,0,-2.9602841671184925,-0.23984658439118706,-2.419557299247436,1.304308330414692,-2.9602841671184925,-0.23984658439118706,1.5499999999999574,8.833699599220365,0.06258906407790293,0.3169491554916455
scenario,67,1,0,0,certified_reset,0,1,0.09600015272538888,0.09200030545077775,0.003999847274611132,0.07999694549222262,0.0,0.0,0,0,-2.419557299247436,1.304308330414692,-0.9232818033365138,1.6805380879907443,-2.419557299247436,1.304308330414692,0.38065075762085415,6.164099539065528,0.06258906407790293,0.3169491554916455
scenario,67,2,0,0,certified_reset,0,1,0.09200030545077775,0.08800045817616663,0.003999847274611132,0.0759970982176115,0.0,0.0,0,0,-0.9232818033365138,1.6805380879907443,-0.021666110889098537,0.133288237476164,-0.9232818033365138,1.6805380879907443,-1.55,1.4208692761060904,0.06258906407790293,0.3169491554916455
scenario,67,3,0,0,certified_reset,0,1,0.08800045817616663,0.0840006109015555,0.003999847274611132,0.07199725094300037,0.0,0.0,0,0,-0.021666110889098537,0.133288237476164,0.019048721710773278,-0.04122324185821003,-0.021666110889098537,0.133288237476164,-0.17477140872615973,0.004430882258672286,0.06258906407790293,0.3169491554916455
scenario,67,4,1,1,certified_reset,0,1,0.0840006109015555,0.08000076362694437,0.003999847274611132,0.06799740366838924,0.0,0.0,0,0,0.019048721710773278,-0.04122324185821003,0.0280671357169058,0.01989874825046887,0.019048721710773278,-0.04122324185821003,0.04175131955750381,0.0007123171364083915,0.0659683941917073,0.3371807140592316
scenario,67,5,1,1,certified_reset,0,1,0.08000076362694437,0.07600091635233325,0.003999847274611132,0.06399755639377812,0.0,0.0,0,0,0.0280671357169058,0.01989874825046887,0.019010040992721005,-0.035964907611972734,0.0280671357169058,0.01989874825046887,-0.05726464233888387,0.0009410179216546131,0.0659683941917073,0.3371807140592316
scenario,67,6,1,1,certified_reset,0,1,0.07600091635233325,0.07200106907772212,0.003999847274611132,0.05999770911916699,0.0,0.0,0,0,0.019010040992721005,-0.035964907611972734,0.02474363580858834,0.0016741077188938166,0.019010040992721005,-0.035964907611972734,0.03405027677855284,0.0006231926165791266,0.0659683941917073,0.3371807140592316
scenario,67,7,1,1,certified_reset,0,1,0.07200106907772212,0.068001221803111,0.003999847274611132,0.05599786184455586,0.0,0.0,0,0,0.02474363580858834,0.0016741077188938166,0.008708471619904477,-0.040278297054175974,0.02474363580858834,0.0016741077188938166,-0.027104256290873603,0.0006311180053528919,0.0659683941917073,0.3371807140592316
scenario,67,8,0,0,certified_reset,0,1,0.068001221803111,0.06400137452849987,0.003999847274611132,0.051998014569944725,0.0,0.0,0,0,0.008708471619904477,-0.040278297054175974,-0.008719490340376751,0.016926962463788577,0.008708471619904477,-0.040278297054175974,0.05066592851210032,0.00043203480419971255,0.06258906407790293,0.3169491554916455
scenario,67,9,0,0,certified_reset,0,1,0.06400137452849987,0.060001527253888735,0.003999847274611132,0.04799816729533359,0.0,0.0,0,0,-0.008719490340376751,0.016926962463788577,-0.0015745302350962543,-0.0049092051315644866,-0.008719490340376751,0.016926962463788577,-0.01625623371494842,0.00013421011064589046,0.06258906407790293,0.3169491554916455
scenario,67,10,0,0,certified_reset,0,1,0.060001527253888735,0.0560016799792776,0.003999847274611132,0.04399832002072246,0.0,0.0,0,0,-0.0015745302350962543,-0.0049092051315644866,-0.0005124461099281072,-0.011944303075204953,-0.0015745302350962543,-0.0049092051315644866,0.008795312629167827,8.751136671632478e-06,0.06258906407790293,0.3169491554916455
scenario,67,11,0,0,certified_reset,0,1,0.0560016799792776,0.05200183270466647,0.003999847274611132,0.039998472746111326,0.0,0.0,0,0,-0.0005124461099281072,-0.011944303075204953,-0.00400904584511438,-0.002007477341354983,-0.0005124461099281072,-0.011944303075204953,0.01810137412848658,3.4134042320489624e-05,0.06258906407790293,0.3169491554916455
scenario,67,12,0,0,certified_reset,0,1,0.05200183270466647,0.048001985430055336,0.003999847274611132,0.03599862547150019,0.0,0.0,0,0,-0.00400904584511438,-0.002007477341354983,-0.0010837344447645688,0.015458006945741155,-0.00400904584511438,-0.002007477341354983,0.006951579863755005,1.800595390297263e-05,0.06258906407790293,0.3169491554916455
scenario,67,13,0,0,certified_reset,0,1,0.048001985430055336,0.0440021381554442,0.003999847274611132,0.03199877819688906,0.0,0.0,0,0,-0.0010837344447645688,0.015458006945741155,0.00027721415231591034,-0.0038224381654439416,-0.0010837344447645688,0.015458006945741155,-0.021694486893523747,5.5951745558325736e-05,0.06258906407790293,0.3169491554916455
scenario,67,14,0,0,certified_reset,0,1,0.0440021381554442,0.04000229088083307,0.003999847274611132,0.02799893092227793,0.0,0.0,0,0,0.00027721415231591034,-0.0038224381654439416,0.0017461145053624112,0.003255156540841422,0.00027721415231591034,-0.0038224381654439416,0.005354722399176624,3.4236600207059653e-06,0.06258906407790293,0.3169491554916455
scenario,67,15,0,0,certified_reset,0,1,0.04000229088083307,0.036002443606221936,0.003999847274611132,0.023999083647666796,0.0,0.0,0,0,0.0017461145053624112,0.003255156540841422,0.01087910163743557,-0.00232403291501996,0.0017461145053624112,0.003255156540841422,-0.006532913020357131,6.023177618094696e-06,0.06258906407790293,0.3169491554916455
scenario,67,16,0,0,certified_reset,0,1,0.036002443606221936,0.0320025963316108,0.003999847274611132,0.019999236373055663,0.0,0.0,0,0,0.01087910163743557,-0.00232403291501996,0.006716683168397847,-0.004413983442958216,0.01087910163743557,-0.00232403291501996,-0.007408641109699214,0.00012069925473317874,0.06258906407790293,0.3169491554916455
scenario,67,17,0,0,certified_reset,0,1,0.0320025963316108,0.02800274905699967,0.003999847274611132,0.01599938909844453,0.0,0.0,0,0,0.006716683168397847,-0.004413983442958216,0.0020037719425261484,0.0017464605665012114,0.006716683168397847,-0.004413983442958216,-0.00018715079040420917,4.862169339034533e-05,0.06258906407790293,0.3169491554916455
scenario,67,18,0,0,certified_reset,0,1,0.02800274905699967,0.024002901782388536,0.003999847274611132,0.011999541823833396,0.0,0.0,0,0,0.0020037719425261484,0.0017464605665012114,0.0037190996671394895,-0.0018305095665034333,0.0020037719425261484,0.0017464605665012114,-0.004569704623579847,5.086179418186061e-06,0.06258906407790293,0.3169491554916455
scenario,67,19,0,0,certified_reset,0,1,0.024002901782388536,0.020003054507777403,0.003999847274611132,0.007999694549222265,0.0,0.0,0,0,0.0037190996671394895,-0.0018305095665034333,-0.006909620845447467,-0.0009289498225949239,0.0037190996671394895,-0.0018305095665034333,-0.0010064412563476136,1.4460163183329932e-05,0.06258906407790293,0.3169491554916455
scenario,67,20,0,0,certified_reset,0,1,0.020003054507777403,0.01600320723316627,0.003999847274611132,0.003999847274611132,0.0,0.0,0,0,-0.006909620845447467,-0.0009289498225949239,-0.0039764608672347105,0.0012690352643704127,-0.006909620845447467,-0.0009289498225949239,0.00824712456498367,4.9598567416722944e-05,0.06258906407790293,0.3169491554916455
scenario,67,21,0,0,certified_reset,0,1,0.01600320723316627,0.012003359958555136,0.003999847274611132,0.0,0.0,0.0,0,0,-0.0039764608672347105,0.0012690352643704127,0.012753247787109626,0.01680374893954418,-0.0039764608672347105,0.0012690352643704127,0.0020910949237232116,1.6211439068548373e-05,0.06258906407790293,0.3169491554916455
scenario,68,0,0,0,certified_reset,0,1,0.1,0.09600015272538888,0.003999847274611132,0.08399679276683375,0.0,0.0,0,0,0.34524280721940315,-0.1550675864809417,0.1432071955566455,-0.2692447125204413,0.34524280721940315,-0.1550675864809417,-0.11535077633366479,0.12385351312461783,0.06258906407790293,0.3169491554916455
scenario,68,1,0,0,certified_reset,0,1,0.09600015272538888,0.09200030545077775,0.003999847274611132,0.07999694549222262,0.0,0.0,0,0,0.1432071955566455,-0.2692447125204413,0.007215841742828631,-0.012191655098923166,0.1432071955566455,-0.2692447125204413,0.25402299977921283,0.035170181709258765,0.06258906407790293,0.3169491554916455
scenario,68,2,0,0,certified_reset,0,1,0.09200030545077775,0.08800045817616663,0.003999847274611132,0.0759970982176115,0.0,0.0,0,0,0.007215841742828631,-0.012191655098923166,0.0017639569222835467,-0.010867326637518524,0.007215841742828631,-0.012191655098923166,0.010772083870762492,8.172387855971452e-05,0.06258906407790293,0.3169491554916455
scenario,68,3,0,0,certified_reset,0,1,0.08800045817616663,0.0840006109015555,0.003999847274611132,0.07199725094300037,0.0,0.0,0,0,0.0017639569222835467,-0.010867326637518524,-0.002764521989948511,0.008652459240116433,0.0017639569222835467,-0.010867326637518524,0.01425140318240187,2.9446888224729935e-05,0.06258906407790293,0.3169491554916455
scenario,68,4,0,0,certified_reset,0,1,0.0840006109015555,0.08000076362694437,0.003999847274611132,0.06799740366838924,0.0,0.0,0,0,-0.002764521989948511,0.008652459240116433,-0.002831305238360334,-0.005762976613254614,-0.002764521989948511,0.008652459240116433,-0.009993023854190658,2.3614804139007187e-05,0.06258906407790293,0.3169491554916455
scenario,68,5,0,0,certified_reset,0,1,0.08000076362694437,0.07600091635233325,0.003999847274611132,0.06399755639377812,0.0,0.0,0,0,-0.002831305238360334,-0.005762976613254614,0.005396895690677034,0.016318424587787792,-0.002831305238360334,-0.005762976613254614,0.011309249508739015,1.7191909364125043e-05,0.06258906407790293,0.3169491554916455
scenario,68,6,0,0,certified_reset,0,1,0.07600091635233325,0.07200106907772212,0.003999847274611132,0.05999770911916699,0.0,0.0,0,0,0.005396895690677034,0.016318424587787792,0.008194117655862187,-0.00866042863138445,0.005396895690677034,0.016318424587787792,-0.029415460128788293,9.869059204567378e-05,0.06258906407790293,0.3169491554916455
scenario,68,7,0,0,certified_reset,0,1,0.07200106907772212,0.068001221803111,0.003999847274611132,0.05599786184455586,0.0,0.0,0,0,0.008194117655862187,-0.00866042863138445,0.002543406606396751,-0.003985173527742906,0.008194117655862187,-0.00866042863138445,0.0045991462283145115,8.117291214312255e-05,0.06258906407790293,0.3169491554916455
scenario,68,8,0,0,certified_reset,0,1,0.068001221803111,0.06400137452849987,0.003999847274611132,0.051998014569944725,0.0,0.0,0,0,0.002543406606396751,-0.003985173527742906,0.006478143088430524,0.008479265766440244,0.002543406606396751,-0.003985173527742906,0.0033345486575996554,9.60558698253024e-06,0.06258906407790293,0.3169491554916455
scenario,68,9,0,0,certified_reset,0,1,0.06400137452849987,0.060001527253888735,0.003999847274611132,0.04799816729533359,0.0,0.0,0,0,0.006478143088430524,0.008479265766440244,0.008605853428765917,-0.008631688745369659,0.006478143088430524,0.008479265766440244,-0.018940832279004022,6.387684668854077e-05,0.06258906407790293,0.3169491554916455
scenario,68,10,0,0,certified_reset,0,1,0.060001527253888735,0.0560016799792776,0.003999847274611132,0.04399832002072246,0.0,0.0,0,0,0.008605853428765917,-0.008631688745369659,0.0011053774989056033,-0.008442471796698499,0.008605853428765917,-0.008631688745369659,0.004146454535864032,8.790162947530119e-05,0.06258906407790293,0.3169491554916455
scenario,68,11,0,0,certified_reset,0,1,0.0560016799792776,0.05200183270466647,0.003999847274611132,0.039998472746111326,0.0,0.0,0,0,0.0011053774989056033,-0.008442471796698499,-0.0038151079305955016,-0.0028142783763803157,0.0011053774989056033,-0.008442471796698499,0.011334612081548937,1.726325459791561e-05,0.06258906407790293,0.3169491554916455
scenario,68,12,0,0,certified_reset,0,1,0.05200183270466647,0.048001985430055336,0.003999847274611132,0.03599862547150019,0.0,0.0,0,0,-0.0038151079305955016,-0.0028142783763803157,-0.006260658135363556,-0.00285225826610617,-0.0038151079305955016,-0.0028142783763803157,0.007944691614294504,1.7558630943605854e-05,0.06258906407790293,0.3169491554916455
scenario,68,13,0,0,certified_reset,0,1,0.048001985430055336,0.0440021381554442,0.003999847274611132,0.03199877819688906,0.0,0.0,0,0,-0.006260658135363556,-0.00285225826610617,-0.008893880325198517,0.00882286638237163,-0.006260658135363556,-0.00285225826610617,0.0104337789683129,4.338180177586687e-05,0.06258906407790293,0.3169491554916455
scenario,68,14,0,0,certified_reset,0,1,0.0440021381554442,0.04000229088083307,0.003999847274611132,0.02799893092227793,0.0,0.0,0,0,-0.008893880325198517,0.00882286638237163,-0.006809423227535369,-0.0002625533661665168,-0.008893880325198517,0.00882286638237163,-0.004141238376850902,9.354158843751388e-05,0.06258906407790293,0.3169491554916455
scenario,68,15,0,0,certified_reset,0,1,0.04000229088083307,0.036002443606221936,0.003999847274611132,0.023999083647666796,0.0,0.0,0,0,-0.006809423227535369,-0.0002625533661665168,-0.0010301819701471916,0.011446281070578141,-0.006809423227535369,-0.0002625533661665168,0.00716640726669238,4.7664587688116104e-05,0.06258906407790293,0.3169491554916455
scenario,68,16,0,0,certified_reset,0,1,0.036002443606221936,0.0320025963316108,0.003999847274611132,0.019999236373055663,0.0,0.0,0,0,-0.0010301819701471916,0.011446281070578141,0.008033708053187568,-0.008889218828978583,-0.0010301819701471916,0.011446281070578141,-0.015836569690299104,3.0914321442910445e-05,0.06258906407790293,0.3169491554916455
scenario,68,17,0,0,certified_reset,0,1,0.0320025963316108,0.02800274905699967,0.003999847274611132,0.01599938909844453,0.0,0.0,0,0,0.008033708053187568,-0.008889218828978583,0.0018868279790453008,-0.01995882156795796,0.008033708053187568,-0.008889218828978583,0.005091240595186077,7.941176140390667e-05,0.06258906407790293,0.3169491554916455
scenario,68,18,0,0,certified_reset,0,1,0.02800274905699967,0.024002901782388536,0.003999847274611132,0.011999541823833396,0.0,0.0,0,0,0.0018868279790453008,-0.01995882156795796,-0.002532991882963618,0.0020054435193184294,0.0018868279790453008,-0.01995882156795796,0.027523272210477654,9.420220316049455e-05,0.06258906407790293,0.3169491554916455
scenario,68,19,0,0,certified_reset,0,1,0.024002901782388536,0.020003054507777403,0.003999847274611132,0.007999694549222265,0.0,0.0,0,0,-0.002532991882963618,0.0020054435193184294,0.004092595601211882,0.007463160026049348,-0.002532991882963618,0.0020054435193184294,-0.0004303931842365154,7.144603504137238e-06,0.06258906407790293,0.3169491554916455
scenario,68,20,0,0,certified_reset,0,1,0.020003054507777403,0.01600320723316627,0.003999847274611132,0.003999847274611132,0.0,0.0,0,0,0.004092595601211882,0.007463160026049348,0.0011795186423093217,0.018749991600240032,0.004092595601211882,0.007463160026049348,-0.015067476050758366,3.2450835981959035e-05,0.06258906407790293,0.3169491554916455
scenario,68,21,0,0,certified_reset,0,1,0.01600320723316627,0.012003359958555136,0.003999847274611132,0.0,0.0,0.0,0,0,0.0011795186423093217,0.018749991600240032,0.0036216271177721008,-0.009997244107316184,0.0011795186423093217,0.018749991600240032,-0.028792607216688935,8.539781328755134e-05,0.06258906407790293,0.3169491554916455
scenario,69,0,0,0,certified_reset,0,1,0.1,0.09600015272538888,0.003999847274611132,0.08399679276683375,0.0,0.0,0,0,-1.638234891545963,-0.42848055958364284,-1.2955652346006366,1.1270914911973344,-1.638234891545963,-0.42848055958364284,1.55,2.776923266068013,0.06258906407790293,0.3169491554916455
scenario,69,1,0,0,certified_reset,0,1,0.09600015272538888,0.09200030545077775,0.003999847274611132,0.07999694549222262,0.0,0.0,0,0,-1.2955652346006366,1.1270914911973344,-0.35292884395935686,0.758687114070798,-1.2955652346006366,1.1270914911973344,-0.3702359638745113,1.9105764851447522,0.06258906407790293,0.3169491554916455
scenario,69,2,0,0,certified_reset,0,1,0.09200030545077775,0.08800045817616663,0.003999847274611132,0.0759970982176115,0.0,0.0,0,0,-0.35292884395935686,0.758687114070798,0.02148318280582313,-0.009362302705883141,-0.35292884395935686,0.758687114070798,-0.7661832174159561,0.2428437916350084,0.06258906407790293,0.3169491554916455
scenario,69,3,0,0,certified_reset,0,1,0.08800045817616663,0.0840006109015555,0.003999847274611132,0.07199725094300037,0.0,0.0,0,0,0.02148318280582313,-0.009362302705883141,0.0076849422085098805,-0.013308514505172078,0.02148318280582313,-0.009362302705883141,-0.007600369690746967,0.00047874877210650084,0.06258906407790293,0.3169491554916455
scenario,69,4,0,0,certified_reset,0,1,0.0840006109015555,0.08000076362694437,0.003999847274611132,0.06799740366838924,0.0,0.0,0,0,0.0076849422085098805,-0.013308514505172078,0.001268461039839062,-0.006948951600403322,0.0076849422085098805,-0.013308514505172078,0.011954637918051516,9.451215144211721e-05,0.06258906407790293,0.3169491554916455
scenario,69,5,0,0,certified_reset,0,1,0.08000076362694437,0.07600091635233325,0.003999847274611132,0.06399755639377812,0.0,0.0,0,0,0.001268461039839062,-0.006948951600403322,0.0015137591094951702,0.007025124474871535,0.001268461039839062,-0.006948951600403322,0.008971323361400323,1.2312936583014394e-05,0.06258906407790293,0.3169491554916455
scenario,69,6,0,0,certified_reset,0,1,0.07600091635233325,0.07200106907772212,0.003999847274611132,0.05999770911916699,0.0,0.0,0,0,0.0015137591094951702,0.007025124474871535,0.007961770609913868,-0.004318158844931425,0.0015137591094951702,0.007025124474871535,-0.011856195081470816,1.4689127986565962e-05,0.06258906407790293,0.3169491554916455
scenario,69,7,0,0,certified_reset,0,1,0.07200106907772212,0.068001221803111,0.003999847274611132,0.05599786184455586,0.0,0.0,0,0,0.007961770609913868,-0.004318158844931425,0.0015115821782546385,-0.0071722672986769135,0.007961770609913868,-0.004318158844931425,-0.0015706445411558505,6.680783359756551e-05,0.06258906407790293,0.3169491554916455
scenario,69,8,0,0,certified_reset,0,1,0.068001221803111,0.06400137452849987,0.003999847274611132,0.051998014569944725,0.0,0.0,0,0,0.0015115821782546385,-0.0071722672986769135,-0.0017913443122507203,0.005386243105494066,0.0015115821782546385,-0.0071722672986769135,0.009059419105264643,1.359616282139853e-05,0.06258906407790293,0.3169491554916455
scenario,69,9,0,0,certified_reset,0,1,0.06400137452849987,0.060001527253888735,0.003999847274611132,0.04799816729533359,0.0,0.0,0,0,-0.0017913443122507203,0.005386243105494066,0.0023095414447691556,-0.004185258728821311,-0.0017913443122507203,0.005386243105494066,-0.00614936790576454,9.376373248511007e-06,0.06258906407790293,0.3169491554916455
scenario,69,10,0,0,certified_reset,0,1,0.060001527253888735,0.0560016799792776,0.003999847274611132,0.04399832002072246,0.0,0.0,0,0,0.0023095414447691556,-0.004185258728821311,-0.00039695268210511,0.008702097772653171,0.0023095414447691556,-0.004185258728821311,0.003861679688526821,8.85974624841741e-06,0.06258906407790293,0.3169491554916455
scenario,69,11,0,0,certified_reset,0,1,0.0560016799792776,0.05200183270466647,0.003999847274611132,0.039998472746111326,0.0,0.0,0,0,-0.00039695268210511,0.008702097772653171,-0.001192424299692125,-0.007312127263651023,-0.00039695268210511,0.008702097772653171,-0.012421637968639768,1.764576969349602e-05,0.06258906407790293,0.3169491554916455
scenario,69,12,0,0,certified_reset,0,1,0.05200183270466647,0.048001985430055336,0.003999847274611132,0.03599862547150019,0.0,0.0,0,0,-0.001192424299692125,-0.007312127263651023,-0.0022574510111723995,0.005827948276995152,-0.001192424299692125,-0.007312127263651023,0.011958615871284535,1.4621184970988861e-05,0.06258906407790293,0.3169491554916455
scenario,69,13,0,0,certified_reset,0,1,0.048001985430055336,0.0440021381554442,0.003999847274611132,0.03199877819688906,0.0,0.0,0,0,-0.0022574510111723995,0.005827948276995152,0.006748145503167475,0.007587972814333277,-0.0022574510111723995,0.005827948276995152,-0.00633498071567114,1.2213081186020957e-05,0.06258906407790293,0.3169491554916455
scenario,69,14,1,1,certified_reset,0,1,0.0440021381554442,0.04000229088083307,0.003999847274611132,0.02799893092227793,0.0,0.0,0,0,0.006748145503167475,0.007587972814333277,0.016260094200826587,-0.010972687675986017,0.006748145503167475,0.007587972814333277,-0.017895921706313312,6.390798773247278e-05,0.0659683941917073,0.3371807140592316
scenario,69,15,1,1,certified_reset,0,1,0.04000229088083307,0.036002443606221936,0.003999847274611132,0.023999083647666796,0.0,0.0,0,0,0.016260094200826587,-0.010972687675986017,0.01985584485390201,-0.038645458610417446,0.016260094200826587,-0.010972687675986017,-2.962589683390326e-05,0.00028606266283235087,0.0659683941917073,0.3371807140592316
scenario,69,16,1,1,certified_reset,0,1,0.036002443606221936,0.0320025963316108,0.003999847274611132,0.019999236373055663,0.0,0.0,0,0,0.01985584485390201,-0.038645458610417446,-0.02305160510880835,0.0036195588218065067,0.01985584485390201,-0.038645458610417446,0.03715760329180622,0.000697596626739716,0.0659683941917073,0.3371807140592316
scenario,69,17,1,1,certified_reset,0,1,0.0320025963316108,0.02800274905699967,0.003999847274611132,0.01599938909844453,0.0,0.0,0,0,-0.02305160510880835,0.0036195588218065067,0.03032927094607149,0.04329809561308704,-0.02305160510880835,0.0036195588218065067,0.017623232337579006,0.0005414991731346596,0.0659683941917073,0.3371807140592316
scenario,69,18,1,1,certified_reset,0,1,0.02800274905699967,0.024002901782388536,0.003999847274611132,0.011999541823833396,0.0,0.0,0,0,0.03032927094607149,0.04329809561308704,0.038525122408974495,0.003179892701870024,0.03032927094607149,0.04329809561308704,-0.09398601141113921,0.0014781494497141908,0.0659683941917073,0.3371807140592316
scenario,69,19,0,0,certified_reset,0,1,0.024002901782388536,0.020003054507777403,0.003999847274611132,0.007999694549222265,0.0,0.0,0,0,0.038525122408974495,0.003179892701870024,0.011650525883208897,-0.06230571814792159,0.038525122408974495,0.003179892701870024,-0.043048069057143624,0.0015323335720323571,0.06258906407790293,0.3169491554916455
scenario,69,20,0,0,certified_reset,0,1,0.020003054507777403,0.01600320723316627,0.003999847274611132,0.003999847274611132,0.0,0.0,0,0,0.011650525883208897,-0.06230571814792159,-0.00624424497893657,0.014895254222672074,0.011650525883208897,-0.06230571814792159,0.08018319162540484,0.0009952288113433145,0.06258906407790293,0.3169491554916455
scenario,69,21,0,0,certified_reset,0,1,0.01600320723316627,0.012003359958555136,0.003999847274611132,0.0,0.0,0.0,0,0,-0.00624424497893657,0.014895254222672074,0.006118140791540735,-0.007279401636484197,-0.00624424497893657,0.014895254222672074,-0.015727100701420964,8.51104854732359e-05,0.06258906407790293,0.3169491554916455
scenario,70,0,0,0,certified_reset,0,1,0.1,0.09600015272538888,0.003999847274611132,0.08399679276683375,0.0,0.0,0,0,-0.49443586969934294,0.5244261163369043,-0.10579567505891545,0.24361371406793456,-0.49443586969934294,0.5244261163369043,-0.2801848493772307,0.29593351326017664,0.06258906407790293,0.3169491554916455
scenario,70,1,0,0,certified_reset,0,1,0.09600015272538888,0.09200030545077775,0.003999847274611132,0.07999694549222262,0.0,0.0,0,0,-0.10579567505891545,0.24361371406793456,0.013116334340178191,-0.01912471700857688,-0.10579567505891545,0.24361371406793456,-0.25351881689266764,0.02348209512689328,0.06258906407790293,0.3169491554916455
scenario,70,2,0,0,certified_reset,0,1,0.09200030545077775,0.08800045817616663,0.003999847274611132,0.0759970982176115,0.0,0.0,0,0,0.013116334340178191,-0.01912471700857688,0.00486450711087142,-0.0030889878274856846,0.013116334340178191,-0.01912471700857688,0.015113861893718446,0.0002435848111753645,0.06258906407790293,0.3169491554916455
scenario,70,3,0,0,certified_reset,0,1,0.08800045817616663,0.0840006109015555,0.003999847274611132,0.07199725094300037,0.0,0.0,0,0,0.00486450711087142,-0.0030889878274856846,0.008881806393061076,0.002271730617564501,0.00486450711087142,-0.0030889878274856846,-0.00029224916578833923,2.538309691479506e-05,0.06258906407790293,0.3169491554916455
scenario,70,4,0,0,certified_reset,0,1,0.0840006109015555,0.08000076362694437,0.003999847274611132,0.06799740366838924,0.0,0.0,0,0,0.008881806393061076,0.002271730617564501,0.01190400174648492,-0.00485280265589314,0.008881806393061076,0.002271730617564501,-0.012189290277484366,8.352989154032038e-05,0.06258906407790293,0.3169491554916455
scenario,70,5,0,0,certified_reset,0,1,0.08000076362694437,0.07600091635233325,0.003999847274611132,0.06399755639377812,0.0,0.0,0,0,0.01190400174648492,-0.00485280265589314,0.002353506864036809,-0.003567515878507138,0.01190400174648492,-0.00485280265589314,-0.004707071325915384,0.00014649811544306522,0.06258906407790293,0.3169491554916455
scenario,70,6,0,0,certified_reset,0,1,0.07600091635233325,0.07200106907772212,0.003999847274611132,0.05999770911916699,0.0,0.0,0,0,0.002353506864036809,-0.003567515878507138,0.005993506598769599,0.0011029640764424285,0.002353506864036809,-0.003567515878507138,0.002910474005679166,8.041656550323827e-06,0.06258906407790293,0.3169491554916455
scenario,70,7,0,0,certified_reset,0,1,0.07200106907772212,0.068001221803111,0.003999847274611132,0.05599786184455586,0.0,0.0,0,0,0.005993506598769599,0.0011029640764424285,-0.0040960921641623425,-0.009529149424398064,0.005993506598769599,0.0011029640764424285,-0.0075903631185144675,3.7581437011973394e-05,0.06258906407790293,0.3169491554916455
scenario,70,8,0,0,certified_reset,0,1,0.068001221803111,0.06400137452849987,0.003999847274611132,0.051998014569944725,0.0,0.0,0,0,-0.0040960921641623425,-0.009529149424398064,-0.007060161596403608,-0.0018296969045630135,-0.0040960921641623425,-0.009529149424398064,0.01811850167225545,4.132981756395131e-05,0.06258906407790293,0.3169491554916455
scenario,70,9,0,0,certified_reset,0,1,0.06400137452849987,0.060001527253888735,0.003999847274611132,0.04799816729533359,0.0,0.0,0,0,-0.007060161596403608,-0.0018296969045630135,-0.013504402975562935,-0.0003827633477582037,-0.007060161596403608,-0.0018296969045630135,0.009728105457410442,5.281438499935695e-05,0.06258906407790293,0.3169491554916455
scenario,70,10,0,0,certified_reset,0,1,0.060001527253888735,0.0560016799792776,0.003999847274611132,0.04399832002072246,0.0,0.0,0,0,-0.013504402975562935,-0.0003827633477582037,-0.005097303895817706,0.013875093416486493,-0.013504402975562935,-0.0003827633477582037,0.014010248981691648,0.00018730244804008754,0.06258906407790293,0.3169491554916455
scenario,70,11,0,0,certified_reset,0,1,0.0560016799792776,0.05200183270466647,0.003999847274611132,0.039998472746111326,0.0,0.0,0,0,-0.005097303895817706,0.013875093416486493,-0.001586517825489847,-0.007387038175850383,-0.005097303895817706,0.013875093416486493,-0.015364862513356534,6.653776112459791e-05,0.06258906407790293,0.3169491554916455
scenario,70,12,0,0,certified_reset,0,1,0.05200183270466647,0.048001985430055336,0.003999847274611132,0.03599862547150019,0.0,0.0,0,0,-0.001586517825489847,-0.007387038175850383,-0.0020842045765869423,0.005180720618187989,-0.001586517825489847,-0.007387038175850383,0.012459659337465302,1.6220416522803963e-05,0.06258906407790293,0.3169491554916455
scenario,70,13,0,0,certified_reset,0,1,0.048001985430055336,0.0440021381554442,0.003999847274611132,0.03199877819688906,0.0,0.0,0,0,-0.0020842045765869423,0.005180720618187989,0.005631630552239568,-0.0016243226054130982,-0.0020842045765869423,0.005180720618187989,-0.005555400274557004,9.946646424598922e-06,0.06258906407790293,0.3169491554916455
scenario,70,14,0,0,certified_reset,0,1,0.0440021381554442,0.04000229088083307,0.003999847274611132,0.02799893092227793,0.0,0.0,0,0,0.005631630552239568,-0.0016243226054130982,0.018471970446357185,-0.0026935923464804696,0.005631630552239568,-0.0016243226054130982,-0.0032140338648632867,3.244842932579242e-05,0.06258906407790293,0.3169491554916455
scenario,70,15,0,0,certified_reset,0,1,0.04000229088083307,0.036002443606221936,0.003999847274611132,0.023999083647666796,0.0,0.0,0,0,0.018471970446357185,-0.0026935923464804696,0.015758790542234755,-0.006641049437868463,0.018471970446357185,-0.0026935923464804696,-0.014425883808940556,0.00034772232441404285,0.06258906407790293,0.3169491554916455
scenario,70,16,0,0,certified_reset,0,1,0.036002443606221936,0.0320025963316108,0.003999847274611132,0.019999236373055663,0.0,0.0,0,0,0.015758790542234755,-0.006641049437868463,0.014971498728041648,-0.005150826453117245,0.015758790542234755,-0.006641049437868463,-0.005910211794139399,0.00025715138121483553,0.06258906407790293,0.3169491554916455
scenario,70,17,0,0,certified_reset,0,1,0.0320025963316108,0.02800274905699967,0.003999847274611132,0.01599938909844453,0.0,0.0,0,0,0.014971498728041648,-0.005150826453117245,0.010593995265225326,-0.005328666784037553,0.014971498728041648,-0.005150826453117245,-0.007320196796686876,0.0002302609885593321,0.06258906407790293,0.3169491554916455
scenario,70,18,0,0,certified_reset,0,1,0.02800274905699967,0.024002901782388536,0.003999847274611132,0.011999541823833396,0.0,0.0,0,0,0.010593995265225326,-0.005328666784037553,-0.0056528415792377225,-0.0036867284924784723,0.010593995265225326,-0.005328666784037553,-0.002700201200684284,0.00011752605698787597,0.06258906407790293,0.3169491554916455
scenario,70,19,0,0,certified_reset,0,1,0.024002901782388536,0.020003054507777403,0.003999847274611132,0.007999694549222265,0.0,0.0,0,0,-0.0056528415792377225,-0.0036867284924784723,-0.007041263637645623,0.012525394602883278,-0.0056528415792377225,-0.0036867284924784723,0.011061306050734208,3.745998426456452e-05,0.06258906407790293,0.3169491554916455
scenario,70,20,0,0,certified_reset,0,1,0.020003054507777403,0.01600320723316627,0.003999847274611132,0.003999847274611132,0.0,0.0,0,0,-0.007041263637645623,0.012525394602883278,0.000842686628500109,0.007858084138718623,-0.007041263637645623,0.012525394602883278,-0.011437695602825603,8.108930742483163e-05,0.06258906407790293,0.3169491554916455
scenario,70,21,0,0,certified_reset,0,1,0.01600320723316627,0.012003359958555136,0.003999847274611132,0.0,0.0,0.0,0,0,0.000842686628500109,0.007858084138718623,-0.010799430839693328,-0.008660268401784096,0.000842686628500109,0.007858084138718623,-0.012412302681635415,1.567665973997884e-05,0.06258906407790293,0.3169491554916455
scenario,71,0,0,0,certified_reset,0,1,0.1,0.09600015272538888,0.003999847274611132,0.08399679276683375,0.0,0.0,0,0,-5.409783651992306,-0.47529136589369353,-5.112890899942657,1.0827317691965628,-5.409783651992306,-0.47529136589369353,1.5499999999979281,29.366484000211816,0.06258906407790293,0.3169491554916455
scenario,71,1,0,0,certified_reset,0,1,0.09600015272538888,0.09200030545077775,0.003999847274611132,0.07999694549222262,0.0,0.0,0,0,-5.112890899942657,1.0827317691965628,-3.253901644274129,2.6269076982791093,-5.112890899942657,1.0827317691965628,1.5499999999999987,26.412731309841394,0.06258906407790293,0.3169491554916455
scenario,71,2,0,0,certified_reset,0,1,0.09200030545077775,0.08800045817616663,0.003999847274611132,0.0759970982176115,0.0,0.0,0,0,-3.253901644274129,2.6269076982791093,-1.032654988876747,1.8107106849022778,-3.253901644274129,2.6269076982791093,-0.8304347677363882,11.847232388146564,0.06258906407790293,0.3169491554916455
scenario,71,3,0,0,certified_reset,0,1,0.08800045817616663,0.0840006109015555,0.003999847274611132,0.07199725094300037,0.0,0.0,0,0,-1.032654988876747,1.8107106849022778,-0.003013391908950294,0.24971501798013862,-1.032654988876747,1.8107106849022778,-1.55,1.7165999992475038,0.06258906407790293,0.3169491554916455
scenario,71,4,0,0,certified_reset,0,1,0.0840006109015555,0.08000076362694437,0.003999847274611132,0.06799740366838924,0.0,0.0,0,0,-0.003013391908950294,0.24971501798013862,0.06394432704036439,-0.11025072173053177,-0.003013391908950294,0.24971501798013862,-0.3648534478301994,0.0145613977275043,0.06258906407790293,0.3169491554916455
scenario,71,5,0,0,certified_reset,0,1,0.08000076362694437,0.07600091635233325,0.003999847274611132,0.06399755639377812,0.0,0.0,0,0,0.06394432704036439,-0.11025072173053177,0.009909800714804195,-0.0037708784333805,0.06394432704036439,-0.11025072173053177,0.09873630331757519,0.006520538296044149,0.06258906407790293,0.3169491554916455
scenario,71,6,0,0,certified_reset,0,1,0.07600091635233325,0.07200106907772212,0.003999847274611132,0.05999770911916699,0.0,0.0,0,0,0.009909800714804195,-0.0037708784333805,0.007179951784763506,-0.006592844425349655,0.009909800714804195,-0.0037708784333805,-0.004311233100996401,0.00010122833282709206,0.06258906407790293,0.3169491554916455
scenario,71,7,0,0,certified_reset,0,1,0.07200106907772212,0.068001221803111,0.003999847274611132,0.05599786184455586,0.0,0.0,0,0,0.007179951784763506,-0.006592844425349655,-0.0015454209263342574,0.0015600709937644598,0.007179951784763506,-0.006592844425349655,0.002559207204699991,5.953925374047889e-05,0.06258906407790293,0.3169491554916455
scenario,71,8,0,0,certified_reset,0,1,0.068001221803111,0.06400137452849987,0.003999847274611132,0.051998014569944725,0.0,0.0,0,0,-0.0015454209263342574,0.0015600709937644598,0.003558653603426167,0.008257874726971568,-0.0015454209263342574,0.0015600709937644598,-0.0007605754911605992,2.84087558750103e-06,0.06258906407790293,0.3169491554916455
scenario,71,9,0,0,certified_reset,0,1,0.06400137452849987,0.060001527253888735,0.003999847274611132,0.04799816729533359,0.0,0.0,0,0,0.003558653603426167,0.008257874726971568,0.0038724907325622133,-0.015948545698603475,0.003558653603426167,0.008257874726971568,-0.015708465226653305,3.110756156474648e-05,0.06258906407790293,0.3169491554916455
scenario,71,10,0,0,certified_reset,0,1,0.060001527253888735,0.0560016799792776,0.003999847274611132,0.04399832002072246,0.0,0.0,0,0,0.0038724907325622133,-0.015948545698603475,0.0016370292811475032,0.001640582246920996,0.0038724907325622133,-0.015948545698603475,0.019638547480770242,7.042209793472172e-05,0.06258906407790293,0.3169491554916455
scenario,71,11,0,0,certified_reset,0,1,0.0560016799792776,0.05200183270466647,0.003999847274611132,0.039998472746111326,0.0,0.0,0,0,0.0016370292811475032,0.001640582246920996,0.0033267497929031294,0.0002108846720425754,0.0016370292811475032,0.001640582246920996,-0.004047234127587046,3.5738392890261645e-06,0.06258906407790293,0.3169491554916455
scenario,71,12,0,0,certified_reset,0,1,0.05200183270466647,0.048001985430055336,0.003999847274611132,0.03599862547150019,0.0,0.0,0,0,0.0033267497929031294,0.0002108846720425754,-0.0034549727793306813,-0.008820836516706777,0.0033267497929031294,0.0002108846720425754,-0.0036235086307822655,1.1403514576597306e-05,0.06258906407790293,0.3169491554916455
scenario,71,13,0,0,certified_reset,0,1,0.048001985430055336,0.0440021381554442,0.003999847274611132,0.03199877819688906,0.0,0.0,0,0,-0.0034549727793306813,-0.008820836516706777,0.0028846405268046597,-0.0018834303218812458,-0.0034549727793306813,-0.008820836516706777,0.016432716214872776,3.2692979194683736e-05,0.06258906407790293,0.3169491554916455
scenario,71,14,0,0,certified_reset,0,1,0.0440021381554442,0.04000229088083307,0.003999847274611132,0.02799893092227793,0.0,0.0,0,0,0.0028846405268046597,-0.0018834303218812458,0.0006527197942172089,-0.00358693156328598,0.0028846405268046597,-0.0018834303218812458,-9.821971948476482e-05,8.959907906644962e-06,0.06258906407790293,0.3169491554916455
scenario,71,15,0,0,certified_reset,0,1,0.04000229088083307,0.036002443606221936,0.003999847274611132,0.023999083647666796,0.0,0.0,0,0,0.0006527197942172089,-0.00358693156328598,0.0002743342459964307,0.0026297532066338436,0.0006527197942172089,-0.00358693156328598,0.004632658852419844,3.278475377981051e-06,0.06258906407790293,0.3169491554916455
scenario,71,16,0,0,certified_reset,0,1,0.036002443606221936,0.0320025963316108,0.003999847274611132,0.019999236373055663,0.0,0.0,0,0,0.0002743342459964307,0.0026297532066338436,-0.011107232791833873,0.0015759783779912763,0.0002743342459964307,0.0026297532066338436,-0.004142981638854079,1.7491750470276577e-06,0.06258906407790293,0.3169491554916455
scenario,71,17,0,0,certified_reset,0,1,0.0320025963316108,0.02800274905699967,0.003999847274611132,0.01599938909844453,0.0,0.0,0,0,-0.011107232791833873,0.0015759783779912763,-0.013214025472208214,0.0051505130613667925,-0.011107232791833873,0.0015759783779912763,0.008736368703504147,0.00012572579115770015,0.06258906407790293,0.3169491554916455
scenario,71,18,0,0,certified_reset,0,1,0.02800274905699967,0.024002901782388536,0.003999847274611132,0.011999541823833396,0.0,0.0,0,0,-0.013214025472208214,0.0051505130613667925,-0.008199971415164639,0.011166170600465179,-0.013214025472208214,0.0051505130613667925,0.005570038617307735,0.00018016110369828078,0.06258906407790293,0.3169491554916455
scenario,71,19,0,0,certified_reset,0,1,0.024002901782388536,0.020003054507777403,0.003999847274611132,0.007999694549222265,0.0,0.0,0,0,-0.008199971415164639,0.011166170600465179,0.0020949394736288957,0.00671011876194828,-0.008199971415164639,0.011166170600465179,-0.008282091180626231,9.139736292578707e-05,0.06258906407790293,0.3169491554916455
scenario,71,20,2,2,certified_reset,0,1,0.020003054507777403,0.01600320723316627,0.003999847274611132,0.003999847274611132,0.0,0.0,0,0,0.0020949394736288957,0.00671011876194828,-0.04795832034320126,-0.06473771692215179,0.0020949394736288957,0.00671011876194828,-0.011974371549758792,1.6078035632361388e-05,0.07177064572129135,0.3726063481590821
scenario,71,21,1,1,certified_reset,0,1,0.01600320723316627,0.012003359958555136,0.003999847274611132,0.0,0.0,0.0,0,0,-0.04795832034320126,-0.06473771692215179,-0.039642980096982854,0.0680416514725504,-0.04795832034320126,-0.06473771692215179,0.1431190003617728,0.0035664516553676182,0.0659683941917073,0.3371807140592316
scenario,72,0,0,0,certified_reset,0,1,0.1,0.09600015272538888,0.003999847274611132,0.08399679276683375,0.0,0.0,0,0,-3.6892219514476903,-0.5473960055495686,-3.466020088164907,1.0076139044962769,-3.6892219514476903,-0.5473960055495686,1.5499999999998784,13.724356736683985,0.06258906407790293,0.3169491554916455
scenario,72,1,0,0,certified_reset,0,1,0.09600015272538888,0.09200030545077775,0.003999847274611132,0.07999694549222262,0.0,0.0,0,0,-3.466020088164907,1.0076139044962769,-1.7609015809926523,2.4134033578173884,-3.466020088164907,1.0076139044962769,1.3994618005668813,12.245009025339979,0.06258906407790293,0.3169491554916455
scenario,72,2,0,0,certified_reset,0,1,0.09200030545077775,0.08800045817616663,0.003999847274611132,0.0759970982176115,0.0,0.0,0,0,-1.7609015809926523,2.4134033578173884,-0.12474690334397864,0.8603187442707079,-1.7609015809926523,2.4134033578173884,-1.5499999999999998,4.209249716096786,0.06258906407790293,0.3169491554916455
scenario,72,3,0,0,certified_reset,0,1,0.08800045817616663,0.0840006109015555,0.003999847274611132,0.07199725094300037,0.0,0.0,0,0,-0.12474690334397864,0.8603187442707079,0.16055293102259816,-0.2889785227030778,-0.12474690334397864,0.8603187442707079,-1.143108343763336,0.1814559085472809,0.06258906407790293,0.3169491554916455
scenario,72,4,0,0,certified_reset,0,1,0.0840006109015555,0.08000076362694437,0.003999847274611132,0.06799740366838924,0.0,0.0,0,0,0.16055293102259816,-0.2889785227030778,0.006365190414695543,-0.027814531455957983,0.16055293102259816,-0.2889785227030778,0.26581970382010894,0.042575292118480004,0.06258906407790293,0.3169491554916455
scenario,72,5,0,0,certified_reset,0,1,0.08000076362694437,0.07600091635233325,0.003999847274611132,0.06399755639377812,0.0,0.0,0,0,0.006365190414695543,-0.027814531455957983,-0.007390152948885497,0.005728327887156805,0.006365190414695543,-0.027814531455957983,0.034633596662644525,0.00020975946828070627,0.06258906407790293,0.3169491554916455
scenario,72,6,0,0,certified_reset,0,1,0.07600091635233325,0.07200106907772212,0.003999847274611132,0.05999770911916699,0.0,0.0,0,0,-0.007390152948885497,0.005728327887156805,0.005008939383462333,0.002743988372784727,-0.007390152948885497,0.005728327887156805,-0.0010746828984859646,6.054970746012856e-05,0.06258906407790293,0.3169491554916455
scenario,72,7,0,0,certified_reset,0,1,0.07200106907772212,0.068001221803111,0.003999847274611132,0.05599786184455586,0.0,0.0,0,0,0.005008939383462333,0.002743988372784727,-0.004068986483808728,0.006169798150502707,0.005008939383462333,0.002743988372784727,-0.00902823464607197,2.8482504262009366e-05,0.06258906407790293,0.3169491554916455
scenario,72,8,0,0,certified_reset,0,1,0.068001221803111,0.06400137452849987,0.003999847274611132,0.051998014569944725,0.0,0.0,0,0,-0.004068986483808728,0.006169798150502707,0.007841030539481394,-0.004400841693729996,-0.004068986483808728,0.006169798150502707,-0.005040254732842936,2.4043708858947143e-05,0.06258906407790293,0.3169491554916455
scenario,72,9,0,0,certified_reset,0,1,0.06400137452849987,0.060001527253888735,0.003999847274611132,0.04799816729533359,0.0,0.0,0,0,0.007841030539481394,-0.004400841693729996,0.006399149650464485,-0.0031300575344945032,0.007841030539481394,-0.004400841693729996,-0.0013229449032423277,6.501164787189427e-05,0.06258906407790293,0.3169491554916455
scenario,72,10,0,0,certified_reset,0,1,0.060001527253888735,0.0560016799792776,0.003999847274611132,0.04399832002072246,0.0,0.0,0,0,0.006399149650464485,-0.0031300575344945032,-0.0014964666335104387,-0.014388063359056713,0.006399149650464485,-0.0031300575344945032,-0.0017610044673291717,4.279015149785282e-05,0.06258906407790293,0.3169491554916455
scenario,72,11,0,0,certified_reset,0,1,0.0560016799792776,0.05200183270466647,0.003999847274611132,0.039998472746111326,0.0,0.0,0,0,-0.0014964666335104387,-0.014388063359056713,-0.008045678389114243,0.01965835724908311,-0.0014964666335104387,-0.014388063359056713,0.022686078462473492,5.2368812385709116e-05,0.06258906407790293,0.3169491554916455
scenario,72,12,0,0,certified_reset,0,1,0.05200183270466647,0.048001985430055336,0.003999847274611132,0.03599862547150019,0.0,0.0,0,0,-0.008045678389114243,0.01965835724908311,0.0053239812774741714,-0.011734951248739035,-0.008045678389114243,0.01965835724908311,-0.020941865315588063,0.00014525816556532984,0.06258906407790293,0.3169491554916455
scenario,72,13,0,0,certified_reset,0,1,0.048001985430055336,0.0440021381554442,0.003999847274611132,0.03199877819688906,0.0,0.0,0,0,0.0053239812774741714,-0.011734951248739035,-0.005677699457315619,0.0019449352520600383,0.0053239812774741714,-0.011734951248739035,0.011983303498616864,5.672240025724532e-05,0.06258906407790293,0.3169491554916455
scenario,72,14,0,0,certified_reset,0,1,0.0440021381554442,0.04000229088083307,0.003999847274611132,0.02799893092227793,0.0,0.0,0,0,-0.005677699457315619,0.0019449352520600383,-0.0007666225322601979,-0.0028372835310542747,-0.005677699457315619,0.0019449352520600383,0.0027875398925762064,3.311142975816672e-05,0.06258906407790293,0.3169491554916455
scenario,72,15,0,0,certified_reset,0,1,0.04000229088083307,0.036002443606221936,0.003999847274611132,0.023999083647666796,0.0,0.0,0,0,-0.0007666225322601979,-0.0028372835310542747,0.0068865037101409985,0.013640649783247721,-0.0007666225322601979,-0.0028372835310542747,0.004944930751213964,2.648050620733102e-06,0.06258906407790293,0.3169491554916455
scenario,72,16,0,0,certified_reset,0,1,0.036002443606221936,0.0320025963316108,0.003999847274611132,0.019999236373055663,0.0,0.0,0,0,0.0068865037101409985,0.013640649783247721,0.005512968563915815,-0.024484407661812334,0.0068865037101409985,0.013640649783247721,-0.026953047418329504,9.90777212498126e-05,0.06258906407790293,0.3169491554916455
scenario,72,17,0,0,certified_reset,0,1,0.0320025963316108,0.02800274905699967,0.003999847274611132,0.01599938909844453,0.0,0.0,0,0,0.005512968563915815,-0.024484407661812334,-0.0028427567298015682,0.016264986351299436,0.005512968563915815,-0.024484407661812334,0.030578122347458783,0.0001616758808830946,0.06258906407790293,0.3169491554916455
scenario,72,18,0,0,certified_reset,0,1,0.02800274905699967,0.024002901782388536,0.003999847274611132,0.011999541823833396,0.0,0.0,0,0,-0.0028427567298015682,0.016264986351299436,0.004267256906215537,0.0006914417814043736,-0.0028427567298015682,0.016264986351299436,-0.02112663981075766,6.685859914860161e-05,0.06258906407790293,0.3169491554916455
scenario,72,19,0,0,certified_reset,0,1,0.024002901782388536,0.020003054507777403,0.003999847274611132,0.007999694549222265,0.0,0.0,0,0,0.004267256906215537,0.0006914417814043736,-0.010370997369036253,-0.00028187141779146066,0.004267256906215537,0.0006914417814043736,-0.005269112521713968,1.898962668547917e-05,0.06258906407790293,0.3169491554916455
scenario,72,20,0,0,certified_reset,0,1,0.020003054507777403,0.01600320723316627,0.003999847274611132,0.003999847274611132,0.0,0.0,0,0,-0.010370997369036253,-0.00028187141779146066,-0.010374213979265006,0.00590439430200075,-0.010370997369036253,-0.00028187141779146066,0.0107414211587618,0.00011045634091061448,0.06258906407790293,0.3169491554916455
scenario,72,21,0,0,certified_reset,0,1,0.01600320723316627,0.012003359958555136,0.003999847274611132,0.0,0.0,0.0,0,0,-0.010374213979265006,0.00590439430200075,-0.006140149521713019,-0.0038936407328777458,-0.010374213979265006,0.00590439430200075,0.0016369229357827938,0.00011396644057824957,0.06258906407790293,0.3169491554916455
scenario,73,0,0,0,certified_reset,0,1,0.1,0.09600015272538888,0.003999847274611132,0.08399679276683375,0.0,0.0,0,0,2.2744184771508014,0.48181927992945905,1.9732462050700958,-1.0585941018924925,2.2744184771508014,0.48181927992945905,-1.5499999999999967,5.274828876537084,0.06258906407790293,0.3169491554916455
scenario,73,1,0,0,certified_reset,0,1,0.09600015272538888,0.09200030545077775,0.003999847274611132,0.07999694549222262,0.0,0.0,0,0,1.9732462050700958,-1.0585941018924925,0.7130560326418496,-1.4711512828803714,1.9732462050700958,-1.0585941018924925,-0.4054769058149742,4.09952273891335,0.06258906407790293,0.3169491554916455
scenario,73,2,0,0,certified_reset,0,1,0.09200030545077775,0.08800045817616663,0.003999847274611132,0.0759970982176115,0.0,0.0,0,0,0.7130560326418496,-1.4711512828803714,-0.020808086975759033,-0.023870304749577076,0.7130560326418496,-1.4711512828803714,1.4571112241679196,0.9510997311585391,0.06258906407790293,0.3169491554916455
scenario,73,3,0,0,certified_reset,0,1,0.08800045817616663,0.0840006109015555,0.003999847274611132,0.07199725094300037,0.0,0.0,0,0,-0.020808086975759033,-0.023870304749577076,-0.01266278087349781,0.04443607554179067,-0.020808086975759033,-0.023870304749577076,0.05588283246798468,0.0006136112184976565,0.06258906407790293,0.3169491554916455
scenario,73,4,0,0,certified_reset,0,1,0.0840006109015555,0.08000076362694437,0.003999847274611132,0.06799740366838924,0.0,0.0,0,0,-0.01266278087349781,0.04443607554179067,0.010998049774843963,-0.006821094563222747,-0.01266278087349781,0.04443607554179067,-0.05285112672584493,0.0005855987250750359,0.06258906407790293,0.3169491554916455
scenario,73,5,0,0,certified_reset,0,1,0.08000076362694437,0.07600091635233325,0.003999847274611132,0.06399755639377812,0.0,0.0,0,0,0.010998049774843963,-0.006821094563222747,0.015887130561199992,-0.003418122040637626,0.010998049774843963,-0.006821094563222747,-0.0009071000453176242,0.00012935258919952755,0.06258906407790293,0.3169491554916455
scenario,73,6,0,0,certified_reset,0,1,0.07600091635233325,0.07200106907772212,0.003999847274611132,0.05999770911916699,0.0,0.0,0,0,0.015887130561199992,-0.003418122040637626,0.005950634960925882,-0.011313070747523909,0.015887130561199992,-0.003418122040637626,-0.010783278791738345,0.0002574109354973683,0.06258906407790293,0.3169491554916455
scenario,73,7,0,0,certified_reset,0,1,0.07200106907772212,0.068001221803111,0.003999847274611132,0.05599786184455586,0.0,0.0,0,0,0.005950634960925882,-0.011313070747523909,0.0055647924475184535,0.008139842653774546,0.005950634960925882,-0.011313070747523909,0.010739274789558776,6.13307595662613e-05,0.06258906407790293,0.3169491554916455
scenario,73,8,0,0,certified_reset,0,1,0.068001221803111,0.06400137452849987,0.003999847274611132,0.051998014569944725,0.0,0.0,0,0,0.0055647924475184535,0.008139842653774546,0.0035686705911500464,-0.026599595785223987,0.0055647924475184535,0.008139842653774546,-0.01753186642443629,5.0577340409142674e-05,0.06258906407790293,0.3169491554916455
scenario,73,9,0,0,certified_reset,0,1,0.06400137452849987,0.060001527253888735,0.003999847274611132,0.04799816729533359,0.0,0.0,0,0,0.0035686705911500464,-0.026599595785223987,-0.0022665901691095378,0.007324554226757238,0.0035686705911500464,-0.026599595785223987,0.03562775228514925,0.00017182575737915317,0.06258906407790293,0.3169491554916455
scenario,73,10,0,0,certified_reset,0,1,0.060001527253888735,0.0560016799792776,0.003999847274611132,0.04399832002072246,0.0,0.0,0,0,-0.0022665901691095378,0.007324554226757238,0.0003729411659269218,-0.00740154865315872,-0.0022665901691095378,0.007324554226757238,-0.008529237222316011,1.6612965216294843e-05,0.06258906407790293,0.3169491554916455
scenario,73,11,0,0,certified_reset,0,1,0.0560016799792776,0.05200183270466647,0.003999847274611132,0.039998472746111326,0.0,0.0,0,0,0.0003729411659269218,-0.00740154865315872,0.007809381597275008,0.0063924202727310255,0.0003729411659269218,-0.00740154865315872,0.010531977550954743,1.2773074935301917e-05,0.06258906407790293,0.3169491554916455
scenario,73,12,0,0,certified_reset,0,1,0.05200183270466647,0.048001985430055336,0.003999847274611132,0.03599862547150019,0.0,0.0,0,0,0.007809381597275008,0.0063924202727310255,0.003155926774476384,-0.013421200850900792,0.007809381597275008,0.0063924202727310255,-0.017190834343690224,7.57299072174426e-05,0.06258906407790293,0.3169491554916455
scenario,73,13,0,0,certified_reset,0,1,0.048001985430055336,0.0440021381554442,0.003999847274611132,0.03199877819688906,0.0,0.0,0,0,0.003155926774476384,-0.013421200850900792,0.003929507896991967,0.016691939614029074,0.003155926774476384,-0.013421200850900792,0.016631292288672796,4.929802469607822e-05,0.06258906407790293,0.3169491554916455
scenario,73,14,0,0,certified_reset,0,1,0.0440021381554442,0.04000229088083307,0.003999847274611132,0.02799893092227793,0.0,0.0,0,0,0.003929507896991967,0.016691939614029074,0.01946140253438151,-0.004569098010880274,0.003929507896991967,0.016691939614029074,-0.028502802718525604,8.590302903691273e-05,0.06258906407790293,0.3169491554916455
scenario,73,15,0,0,certified_reset,0,1,0.04000229088083307,0.036002443606221936,0.003999847274611132,0.023999083647666796,0.0,0.0,0,0,0.01946140253438151,-0.004569098010880274,0.009372440938521567,-0.01844558302129581,0.01946140253438151,-0.004569098010880274,-0.012642667824012145,0.0003864999130418843,0.06258906407790293,0.3169491554916455
scenario,73,16,0,0,certified_reset,0,1,0.036002443606221936,0.0320025963316108,0.003999847274611132,0.019999236373055663,0.0,0.0,0,0,0.009372440938521567,-0.01844558302129581,0.002149068998116197,-0.0030123181026212166,0.009372440938521567,-0.01844558302129581,0.017843338636279862,0.0001570453834274919,0.06258906407790293,0.3169491554916455
scenario,73,17,0,0,certified_reset,0,1,0.0320025963316108,0.02800274905699967,0.003999847274611132,0.01599938909844453,0.0,0.0,0,0,0.002149068998116197,-0.0030123181026212166,0.003951443605864519,-0.013165315777210933,0.002149068998116197,-0.0030123181026212166,0.0022987482419046567,6.383934508903956e-06,0.06258906407790293,0.3169491554916455
scenario,73,18,0,0,certified_reset,0,1,0.02800274905699967,0.024002901782388536,0.003999847274611132,0.011999541823833396,0.0,0.0,0,0,0.003951443605864519,-0.013165315777210933,-0.007761072737249706,0.013362325360556596,0.003951443605864519,-0.013165315777210933,0.015454369316940147,5.278344195739936e-05,0.06258906407790293,0.3169491554916455
scenario,73,19,0,0,certified_reset,0,1,0.024002901782388536,0.020003054507777403,0.003999847274611132,0.007999694549222265,0.0,0.0,0,0,-0.007761072737249706,0.013362325360556596,-0.0006627791429487226,0.012864628029942623,-0.007761072737249706,0.013362325360556596,-0.011955300222544806,9.594679314560745e-05,0.06258906407790293,0.3169491554916455
scenario,73,20,0,0,certified_reset,0,1,0.020003054507777403,0.01600320723316627,0.003999847274611132,0.003999847274611132,0.0,0.0,0,0,-0.0006627791429487226,0.012864628029942623,0.014223098305897429,-0.01674481509338706,-0.0006627791429487226,0.012864628029942623,-0.018289678336940413,3.8591842316827904e-05,0.06258906407790293,0.3169491554916455
scenario,73,21,0,0,certified_reset,0,1,0.01600320723316627,0.012003359958555136,0.003999847274611132,0.0,0.0,0.0,0,0,0.014223098305897429,-0.01674481509338706,-0.01080145544487568,-0.0050725889939728895,0.014223098305897429,-0.01674481509338706,0.010499105992588251,0.0002555222959374225,0.06258906407790293,0.3169491554916455
scenario,74,0,0,0,certified_reset,0,1,0.1,0.09600015272538888,0.003999847274611132,0.08399679276683375,0.0,0.0,0,0,3.959735531144812,-0.234444794383529,2.951993248963445,-1.788765300855048,3.959735531144812,-0.234444794383529,-1.55,15.749461561701123,0.06258906407790293,0.3169491554916455
scenario,74,1,0,0,certified_reset,0,1,0.09600015272538888,0.09200030545077775,0.003999847274611132,0.07999694549222262,0.0,0.0,0,0,2.951993248963445,-1.788765300855048,1.1287779673494769,-1.8679751424679965,2.951993248963445,-1.788765300855048,-0.07441238410710471,9.290345206276218,0.06258906407790293,0.3169491554916455
scenario,74,2,0,0,certified_reset,0,1,0.09200030545077775,0.08800045817616663,0.003999847274611132,0.0759970982176115,0.0,0.0,0,0,1.1287779673494769,-1.8679751424679965,0.03755619615814986,-0.3306297897264191,1.1287779673494769,-1.8679751424679965,1.55,1.9622818034917164,0.06258906407790293,0.3169491554916455
scenario,74,3,0,0,certified_reset,0,1,0.08800045817616663,0.0840006109015555,0.003999847274611132,0.07199725094300037,0.0,0.0,0,0,0.03755619615814986,-0.3306297897264191,-0.07265602796593859,0.10889383269694551,0.03755619615814986,-0.3306297897264191,0.44965132259391427,0.02614201608144734,0.06258906407790293,0.3169491554916455
scenario,74,4,0,0,certified_reset,0,1,0.0840006109015555,0.08000076362694437,0.003999847274611132,0.06799740366838924,0.0,0.0,0,0,-0.07265602796593859,0.10889383269694551,-0.006414152194206553,0.021729364388596233,-0.07265602796593859,0.10889383269694551,-0.08806261685985085,0.007607190035889838,0.06258906407790293,0.3169491554916455
scenario,74,5,0,0,certified_reset,0,1,0.08000076362694437,0.07600091635233325,0.003999847274611132,0.06399755639377812,0.0,0.0,0,0,-0.006414152194206553,0.021729364388596233,0.0011350845694098135,0.0023728775003139125,-0.006414152194206553,0.021729364388596233,-0.025618102845774964,0.00014253827801769325,0.06258906407790293,0.3169491554916455
scenario,74,6,0,0,certified_reset,0,1,0.07600091635233325,0.07200106907772212,0.003999847274611132,0.05999770911916699,0.0,0.0,0,0,0.0011350845694098135,0.0023728775003139125,-0.0019480546235213958,0.004900245068072289,0.0011350845694098135,0.0023728775003139125,-0.004625649212524574,2.8368313193147726e-06,0.06258906407790293,0.3169491554916455
scenario,74,7,0,0,certified_reset,0,1,0.07200106907772212,0.068001221803111,0.003999847274611132,0.05599786184455586,0.0,0.0,0,0,-0.0019480546235213958,0.004900245068072289,0.0018506026006521866,-0.007465960035917522,-0.0019480546235213958,0.004900245068072289,-0.00527881825775551,8.813797182073434e-06,0.06258906407790293,0.3169491554916455
scenario,74,8,0,0,certified_reset,0,1,0.068001221803111,0.06400137452849987,0.003999847274611132,0.051998014569944725,0.0,0.0,0,0,0.0018506026006521866,-0.007465960035917522,0.0025696907286845787,-0.013576228048856095,0.0018506026006521866,-0.007465960035917522,0.009154398056765456,1.5553105746508577e-05,0.06258906407790293,0.3169491554916455
scenario,74,9,0,0,certified_reset,0,1,0.06400137452849987,0.060001527253888735,0.003999847274611132,0.04799816729533359,0.0,0.0,0,0,0.0025696907286845787,-0.013576228048856095,0.0043406104622176755,0.0012990776050904088,0.0025696907286845787,-0.013576228048856095,0.017436567410762126,4.738067176405723e-05,0.06258906407790293,0.3169491554916455
scenario,74,10,0,0,certified_reset,0,1,0.060001527253888735,0.0560016799792776,0.003999847274611132,0.04399832002072246,0.0,0.0,0,0,0.0043406104622176755,0.0012990776050904088,-0.002207672449155746,0.0016490532114416421,0.0043406104622176755,0.0012990776050904088,-0.0062359611583242625,2.0116847946245302e-05,0.06258906407790293,0.3169491554916455
scenario,74,11,0,0,certified_reset,0,1,0.0560016799792776,0.05200183270466647,0.003999847274611132,0.039998472746111326,0.0,0.0,0,0,-0.002207672449155746,0.0016490532114416421,-0.006786150904228627,0.010520090790152599,-0.002207672449155746,0.0016490532114416421,-0.00023198303398083182,5.364650814912582e-06,0.06258906407790293,0.3169491554916455
scenario,74,12,0,0,certified_reset,0,1,0.05200183270466647,0.048001985430055336,0.003999847274611132,0.03599862547150019,0.0,0.0,0,0,-0.006786150904228627,0.010520090790152599,-0.002602628917364989,0.0021942572147358695,-0.006786150904228627,0.010520090790152599,-0.008736987216975174,6.788123357765235e-05,0.06258906407790293,0.3169491554916455
scenario,74,13,0,0,certified_reset,0,1,0.048001985430055336,0.0440021381554442,0.003999847274611132,0.03199877819688906,0.0,0.0,0,0,-0.002602628917364989,0.0021942572147358695,0.009989747376574902,-0.0005248273047914363,-0.002602628917364989,0.0021942572147358695,-0.000643232207369079,7.650678623715053e-06,0.06258906407790293,0.3169491554916455
scenario,74,14,0,0,certified_reset,0,1,0.0440021381554442,0.04000229088083307,0.003999847274611132,0.02799893092227793,0.0,0.0,0,0,0.009989747376574902,-0.0005248273047914363,0.004225819246423328,-0.015673593246609326,0.009989747376574902,-0.0005248273047914363,-0.009173933908936518,0.00010194865909789735,0.06258906407790293,0.3169491554916455
scenario,74,15,0,0,certified_reset,0,1,0.04000229088083307,0.036002443606221936,0.003999847274611132,0.023999083647666796,0.0,0.0,0,0,0.004225819246423328,-0.015673593246609326,0.009597757249866286,0.011840225578151077,0.004225819246423328,-0.015673593246609326,0.018882588568220074,7.099042662618707e-05,0.06258906407790293,0.3169491554916455
scenario,74,16,0,0,certified_reset,0,1,0.036002443606221936,0.0320025963316108,0.003999847274611132,0.019999236373055663,0.0,0.0,0,0,0.009597757249866286,0.011840225578151077,0.0053533701759195685,-0.01336872235486753,0.009597757249866286,0.011840225578151077,-0.02700179572151316,0.00013557873804548955,0.06258906407790293,0.3169491554916455
scenario,74,17,0,0,certified_reset,0,1,0.0320025963316108,0.02800274905699967,0.003999847274611132,0.01599938909844453,0.0,0.0,0,0,0.0053533701759195685,-0.01336872235486753,0.001167146292391277,-0.0033501373147889106,0.0053533701759195685,-0.01336872235486753,0.014365137624408516,6.598759444690632e-05,0.06258906407790293,0.3169491554916455
scenario,74,18,0,0,certified_reset,0,1,0.02800274905699967,0.024002901782388536,0.003999847274611132,0.011999541823833396,0.0,0.0,0,0,0.001167146292391277,-0.0033501373147889106,0.001341983542188801,-0.002421668172173911,0.001167146292391277,-0.0033501373147889106,0.0037747347213134457,3.738661628279326e-06,0.06258906407790293,0.3169491554916455
scenario,74,19,0,0,certified_reset,0,1,0.024002901782388536,0.020003054507777403,0.003999847274611132,0.007999694549222265,0.0,0.0,0,0,0.001341983542188801,-0.002421668172173911,0.0029125962929596044,0.007407850558925443,0.001341983542188801,-0.002421668172173911,0.002231349104690726,2.9809986106823276e-06,0.06258906407790293,0.3169491554916455
scenario,74,20,0,0,certified_reset,0,1,0.020003054507777403,0.01600320723316627,0.003999847274611132,0.003999847274611132,0.0,0.0,0,0,0.0029125962929596044,0.007407850558925443,-0.0027313265544895134,-0.014170835926042704,0.0029125962929596044,0.007407850558925443,-0.013811889206704333,2.313014923482588e-05,0.06258906407790293,0.3169491554916455
scenario,74,21,0,0,certified_reset,0,1,0.01600320723316627,0.012003359958555136,0.003999847274611132,0.0,0.0,0.0,0,0,-0.0027313265544895134,-0.014170835926042704,-0.0035894350985137555,0.0024064990512099376,-0.0027313265544895134,-0.014170835926042704,0.023593915095178965,5.752323183693047e-05,0.06258906407790293,0.3169491554916455
scenario,75,0,0,0,certified_reset,0,1,0.1,0.09600015272538888,0.003999847274611132,0.08399679276683375,0.0,0.0,0,0,-2.5377080785604855,0.10066124099543294,-1.6644608474306224,1.6492523071672465,-2.5377080785604855,0.10066124099543294,1.5499999999994272,6.501848675370081,0.06258906407790293,0.3169491554916455
scenario,75,1,0,0,certified_reset,0,1,0.09600015272538888,0.09200030545077775,0.003999847274611132,0.07999694549222262,0.0,0.0,0,0,-1.6644608474306224,1.6492523071672465,-0.40288153510600727,0.8746778570095228,-1.6644608474306224,1.6492523071672465,-0.7720941245020628,3.274939117142098,0.06258906407790293,0.3169491554916455
scenario,75,2,0,0,certified_reset,0,1,0.09200030545077775,0.08800045817616663,0.003999847274611132,0.0759970982176115,0.0,0.0,0,0,-0.40288153510600727,0.8746778570095228,0.026868992634298858,0.007187470957572616,-0.40288153510600727,0.8746778570095228,-0.8873071759367301,0.31970742557879217,0.06258906407790293,0.3169491554916455
scenario,75,3,0,0,certified_reset,0,1,0.08800045817616663,0.0840006109015555,0.003999847274611132,0.07199725094300037,0.0,0.0,0,0,0.026868992634298858,0.007187470957572616,0.016397317785523686,-0.01954872857243132,0.026868992634298858,0.007187470957572616,-0.03734259073703888,0.0007661032452337267,0.06258906407790293,0.3169491554916455
scenario,75,4,0,0,certified_reset,0,1,0.0840006109015555,0.08000076362694437,0.003999847274611132,0.06799740366838924,0.0,0.0,0,0,0.016397317785523686,-0.01954872857243132,0.0008561003534706593,-0.004468158230179613,0.016397317785523686,-0.01954872857243132,0.012473087610167482,0.0003415489804064709,0.06258906407790293,0.3169491554916455
scenario,75,5,0,0,certified_reset,0,1,0.08000076362694437,0.07600091635233325,0.003999847274611132,0.06399755639377812,0.0,0.0,0,0,0.0008561003534706593,-0.004468158230179613,-0.008980210954472337,0.0051240491103675696,0.0008561003534706593,-0.004468158230179613,0.005725491161988441,5.146037875948708e-06,0.06258906407790293,0.3169491554916455
scenario,75,6,0,0,certified_reset,0,1,0.07600091635233325,0.07200106907772212,0.003999847274611132,0.05999770911916699,0.0,0.0,0,0,-0.008980210954472337,0.0051240491103675696,-0.008473375581084772,0.0049798332077193586,-0.008980210954472337,0.0051240491103675696,0.0013904225067449202,8.541857892688908e-05,0.06258906407790293,0.3169491554916455
scenario,75,7,0,0,certified_reset,0,1,0.07200106907772212,0.068001221803111,0.003999847274611132,0.05599786184455586,0.0,0.0,0,0,-0.008473375581084772,0.0049798332077193586,0.0026869223248347897,0.015622015131978383,-0.008473375581084772,0.0049798332077193586,0.0011014895710768323,7.629219869981028e-05,0.06258906407790293,0.3169491554916455
scenario,75,8,0,0,certified_reset,0,1,0.068001221803111,0.06400137452849987,0.003999847274611132,0.051998014569944725,0.0,0.0,0,0,0.0026869223248347897,0.015622015131978383,0.011098397388455156,-0.01612054866503851,0.0026869223248347897,0.015622015131978383,-0.025690647883089814,6.764831051709535e-05,0.06258906407790293,0.3169491554916455
scenario,75,9,0,0,certified_reset,0,1,0.06400137452849987,0.060001527253888735,0.003999847274611132,0.04799816729533359,0.0,0.0,0,0,0.011098397388455156,-0.01612054866503851,0.002991229941152352,0.004124012416338049,0.011098397388455156,-0.01612054866503851,0.012690901462064733,0.00017397787515720164,0.06258906407790293,0.3169491554916455
scenario,75,10,0,0,certified_reset,0,1,0.060001527253888735,0.0560016799792776,0.003999847274611132,0.04399832002072246,0.0,0.0,0,0,0.002991229941152352,0.004124012416338049,-0.011123916580026828,-0.0021758619095290496,0.002991229941152352,0.004124012416338049,-0.009053669692627029,1.4058026047246005e-05,0.06258906407790293,0.3169491554916455
scenario,75,11,0,0,certified_reset,0,1,0.0560016799792776,0.05200183270466647,0.003999847274611132,0.039998472746111326,0.0,0.0,0,0,-0.011123916580026828,-0.0021758619095290496,0.004739353836684798,0.00471556535269545,-0.011123916580026828,-0.0021758619095290496,0.014284997891447025,0.00012969523670724298,0.06258906407790293,0.3169491554916455
scenario,75,12,0,0,certified_reset,0,1,0.05200183270466647,0.048001985430055336,0.003999847274611132,0.03599862547150019,0.0,0.0,0,0,0.004739353836684798,0.00471556535269545,0.013626373111920491,0.0015000598744693292,0.004739353836684798,0.00471556535269545,-0.011669263109857853,2.9868347514673667e-05,0.06258906407790293,0.3169491554916455
scenario,75,13,0,0,certified_reset,0,1,0.048001985430055336,0.0440021381554442,0.003999847274611132,0.03199877819688906,0.0,0.0,0,0,0.013626373111920491,0.0015000598744693292,-0.0018823900287849738,-0.0171226370111647,0.013626373111920491,0.0015000598744693292,-0.015776739104957593,0.0001923057139377759,0.06258906407790293,0.3169491554916455
scenario,75,14,1,1,certified_reset,0,1,0.0440021381554442,0.04000229088083307,0.003999847274611132,0.02799893092227793,0.0,0.0,0,0,-0.0018823900287849738,-0.0171226370111647,0.009206924843045788,-0.0011959380279400744,-0.0018823900287849738,-0.0171226370111647,0.027094834678911852,7.46698895563075e-05,0.0659683941917073,0.3371807140592316
scenario,75,15,1,1,certified_reset,0,1,0.04000229088083307,0.036002443606221936,0.003999847274611132,0.023999083647666796,0.0,0.0,0,0,0.009206924843045788,-0.0011959380279400744,0.007007888910151456,-0.006832702342265995,0.009206924843045788,-0.0011959380279400744,-0.007408573449001705,8.639708727722621e-05,0.0659683941917073,0.3371807140592316
scenario,75,16,1,1,certified_reset,0,1,0.036002443606221936,0.0320025963316108,0.003999847274611132,0.019999236373055663,0.0,0.0,0,0,0.007007888910151456,-0.006832702342265995,0.0032633080513074296,-0.018986653965157637,0.007007888910151456,-0.006832702342265995,0.003085974969246192,5.775203584843542e-05,0.0659683941917073,0.3371807140592316
scenario,75,17,1,1,certified_reset,0,1,0.0320025963316108,0.02800274905699967,0.003999847274611132,0.01599938909844453,0.0,0.0,0,0,0.0032633080513074296,-0.018986653965157637,-0.01908179387924043,0.009589048693889666,0.0032633080513074296,-0.018986653965157637,0.02471832231557939,9.081281107282416e-05,0.0659683941917073,0.3371807140592316
scenario,75,18,1,1,certified_reset,0,1,0.02800274905699967,0.024002901782388536,0.003999847274611132,0.011999541823833396,0.0,0.0,0,0,-0.01908179387924043,0.009589048693889666,0.01636299795584551,0.0056330119915627835,-0.01908179387924043,0.009589048693889666,0.004877643027857433,0.0003812606165611794,0.0659683941917073,0.3371807140592316
scenario,75,19,1,1,certified_reset,0,1,0.024002901782388536,0.020003054507777403,0.003999847274611132,0.007999694549222265,0.0,0.0,0,0,0.01636299795584551,0.0056330119915627835,-0.02596337290176047,-0.03197066225581475,0.01636299795584551,0.0056330119915627835,-0.024592542818576636,0.0002885790794975687,0.0659683941917073,0.3371807140592316
scenario,75,20,1,1,certified_reset,0,1,0.020003054507777403,0.01600320723316627,0.003999847274611132,0.003999847274611132,0.0,0.0,0,0,-0.02596337290176047,-0.03197066225581475,-0.020623327857563514,0.037172051737902445,-0.02596337290176047,-0.03197066225581475,0.07294993300698496,0.0009911212346925278,0.0659683941917073,0.3371807140592316
scenario,75,21,0,0,certified_reset,0,1,0.01600320723316627,0.012003359958555136,0.003999847274611132,0.0,0.0,0.0,0,0,-0.020623327857563514,0.037172051737902445,-0.0038162028275326313,-0.0047597852860023345,-0.020623327857563514,0.037172051737902445,-0.03422067053293689,0.000703315066686604,0.06258906407790293,0.3169491554916455
scenario,76,0,1,1,certified_reset,0,1,0.1,0.09600015272538888,0.003999847274611132,0.08399679276683375,0.0,0.0,0,0,-5.630907401778509,-0.34649241118575186,-5.194781566456468,1.2222307026668262,-5.630907401778509,-0.34649241118575186,1.55,31.788790925785676,0.0659683941917073,0.3371807140592316
scenario,76,1,1,1,certified_reset,0,1,0.09600015272538888,0.09200030545077775,0.003999847274611132,0.07999694549222262,0.0,0.0,0,0,-5.194781566456468,1.2222307026668262,-3.1887661295652023,2.7541908414508898,-5.194781566456468,1.2222307026668262,1.5499999999999998,27.31471064349338,0.0659683941917073,0.3371807140592316
scenario,76,2,0,0,certified_reset,0,1,0.09200030545077775,0.08800045817616663,0.003999847274611132,0.0759970982176115,0.0,0.0,0,0,-3.1887661295652023,2.7541908414508898,-0.9496582175909354,1.7226016271184408,-3.1887661295652023,2.7541908414508898,-1.0350641030874794,11.5604154659035,0.06258906407790293,0.3169491554916455
scenario,76,3,0,0,certified_reset,0,1,0.08800045817616663,0.0840006109015555,0.003999847274611132,0.07199725094300037,0.0,0.0,0,0,-0.9496582175909354,1.7226016271184408,0.004557758155914477,0.1707840926111982,-0.9496582175909354,1.7226016271184408,-1.55,1.4960373760731902,0.06258906407790293,0.3169491554916455
scenario,76,4,0,0,certified_reset,0,1,0.0840006109015555,0.08000076362694437,0.003999847274611132,0.06799740366838924,0.0,0.0,0,0,0.004557758155914477,0.1707840926111982,0.04034027530690405,-0.08715783181477355,0.004557758155914477,0.1707840926111982,-0.25612167670735764,0.006910828123417968,0.06258906407790293,0.3169491554916455
scenario,76,5,0,0,certified_reset,0,1,0.08000076362694437,0.07600091635233325,0.003999847274611132,0.06399755639377812,0.0,0.0,0,0,0.04034027530690405,-0.08715783181477355,-0.0018519395487334388,0.005525242516844252,0.04034027530690405,-0.08715783181477355,0.0882236950246402,0.003189291097329254,0.06258906407790293,0.3169491554916455
scenario,76,6,0,0,certified_reset,0,1,0.07600091635233325,0.07200106907772212,0.003999847274611132,0.05999770911916699,0.0,0.0,0,0,-0.0018519395487334388,0.005525242516844252,0.0021274222004358835,-0.0029098691231918415,-0.0018519395487334388,0.005525242516844252,-0.00629051886546464,9.91404065867199e-06,0.06258906407790293,0.3169491554916455
scenario,76,7,0,0,certified_reset,0,1,0.07200106907772212,0.068001221803111,0.003999847274611132,0.05599786184455586,0.0,0.0,0,0,0.0021274222004358835,-0.0029098691231918415,-0.0070224096040773145,0.006778480609362035,0.0021274222004358835,-0.0029098691231918415,0.002165448786518655,6.16727532662228e-06,0.06258906407790293,0.3169491554916455
scenario,76,8,0,0,certified_reset,0,1,0.068001221803111,0.06400137452849987,0.003999847274611132,0.051998014569944725,0.0,0.0,0,0,-0.0070224096040773145,0.006778480609362035,-0.009806512127672844,0.009138950220537241,-0.0070224096040773145,0.006778480609362035,-0.002995057280436331,5.780909973713415e-05,0.06258906407790293,0.3169491554916455
scenario,76,9,0,0,certified_reset,0,1,0.06400137452849987,0.060001527253888735,0.003999847274611132,0.04799816729533359,0.0,0.0,0,0,-0.009806512127672844,0.009138950220537241,-0.006314623827356226,0.0013649030054354071,-0.009806512127672844,0.009138950220537241,-0.003699050440922484,0.00011154342846832919,0.06258906407790293,0.3169491554916455
scenario,76,10,0,0,certified_reset,0,1,0.060001527253888735,0.0560016799792776,0.003999847274611132,0.04399832002072246,0.0,0.0,0,0,-0.006314623827356226,0.0013649030054354071,-0.0037536380860713307,0.005238566778232315,-0.006314623827356226,0.0013649030054354071,0.004275149941099684,4.06667295950515e-05,0.06258906407790293,0.3169491554916455
scenario,76,11,0,0,certified_reset,0,1,0.0560016799792776,0.05200183270466647,0.003999847274611132,0.039998472746111326,0.0,0.0,0,0,-0.0037536380860713307,0.005238566778232315,-0.0005631048236319993,0.011896570808931346,-0.0037536380860713307,0.005238566778232315,-0.0039781344141748875,1.942510245683618e-05,0.06258906407790293,0.3169491554916455
scenario,76,12,0,0,certified_reset,0,1,0.05200183270466647,0.048001985430055336,0.003999847274611132,0.03599862547150019,0.0,0.0,0,0,-0.0005631048236319993,0.011896570808931346,-0.0013265447573262258,-0.009934700302722081,-0.0005631048236319993,0.011896570808931346,-0.016962843148613908,3.298564969665471e-05,0.06258906407790293,0.3169491554916455
scenario,76,13,0,0,certified_reset,0,1,0.048001985430055336,0.0440021381554442,0.003999847274611132,0.03199877819688906,0.0,0.0,0,0,-0.0013265447573262258,-0.009934700302722081,-0.0023842382211101193,0.01817586301395925,-0.0013265447573262258,-0.009934700302722081,0.015954550650643648,2.5889101773671656e-05,0.06258906407790293,0.3169491554916455
scenario,76,14,0,0,certified_reset,0,1,0.0440021381554442,0.04000229088083307,0.003999847274611132,0.02799893092227793,0.0,0.0,0,0,-0.0023842382211101193,0.01817586301395925,0.00432075481906624,-0.003627626722914114,-0.0023842382211101193,0.01817586301395925,-0.024402034448278792,8.00362333597751e-05,0.06258906407790293,0.3169491554916455
scenario,76,15,0,0,certified_reset,0,1,0.04000229088083307,0.036002443606221936,0.003999847274611132,0.023999083647666796,0.0,0.0,0,0,0.00432075481906624,-0.003627626722914114,0.005168893838550264,-0.0011916109945446993,0.00432075481906624,-0.003627626722914114,0.0010368541542110869,2.1064540485255862e-05,0.06258906407790293,0.3169491554916455
scenario,76,16,0,0,certified_reset,0,1,0.036002443606221936,0.0320025963316108,0.003999847274611132,0.019999236373055663,0.0,0.0,0,0,0.005168893838550264,-0.0011916109945446993,0.0029165468299219366,-0.007663030576705348,0.005168893838550264,-0.0011916109945446993,-0.00338906408359471,2.726019601548824e-05,0.06258906407790293,0.3169491554916455
scenario,76,17,0,0,certified_reset,0,1,0.0320025963316108,0.02800274905699967,0.003999847274611132,0.01599938909844453,0.0,0.0,0,0,0.0029165468299219366,-0.007663030576705348,0.006172287758601821,0.010182013783453556,0.0029165468299219366,-0.007663030576705348,0.008383111442645422,2.083312611913681e-05,0.06258906407790293,0.3169491554916455
scenario,76,18,0,0,certified_reset,0,1,0.02800274905699967,0.024002901782388536,0.003999847274611132,0.011999541823833396,0.0,0.0,0,0,0.006172287758601821,0.010182013783453556,0.004856915459624136,-0.013970169699993665,0.006172287758601821,0.010182013783453556,-0.021148050177274974,6.793934967605828e-05,0.06258906407790293,0.3169491554916455
scenario,76,19,0,0,certified_reset,0,1,0.024002901782388536,0.020003054507777403,0.003999847274611132,0.007999694549222265,0.0,0.0,0,0,0.004856915459624136,-0.013970169699993665,0.00585675423354551,0.008925274275999224,0.004856915459624136,-0.013970169699993665,0.015744271830229136,6.49164956289314e-05,0.06258906407790293,0.3169491554916455
scenario,76,20,0,0,certified_reset,0,1,0.020003054507777403,0.01600320723316627,0.003999847274611132,0.003999847274611132,0.0,0.0,0,0,0.00585675423354551,0.008925274275999224,0.015225968845697591,-0.0048804280043757125,0.00585675423354551,0.008925274275999224,-0.01897988234152953,5.764636225693729e-05,0.06258906407790293,0.3169491554916455
scenario,76,21,0,0,certified_reset,0,1,0.01600320723316627,0.012003359958555136,0.003999847274611132,0.0,0.0,0.0,0,0,0.015225968845697591,-0.0048804280043757125,0.007696011423985704,-0.012742957741220385,0.015225968845697591,-0.0048804280043757125,-0.007967571044725657,0.00023770452595003346,0.06258906407790293,0.3169491554916455
scenario,77,0,0,0,certified_reset,0,1,0.1,0.09600015272538888,0.003999847274611132,0.08399679276683375,0.0,0.0,0,0,3.5097855983583823,0.3467040807603329,3.0789559306835663,-1.2060233909721092,3.5097855983583823,0.3467040807603329,-1.55,12.400294115974765,0.06258906407790293,0.3169491554916455
scenario,77,1,1,1,certified_reset,0,1,0.09600015272538888,0.09200030545077775,0.003999847274611132,0.07999694549222262,0.0,0.0,0,0,3.0789559306835663,-1.2060233909721092,1.4435616193224423,-2.086195177650695,3.0789559306835663,-1.2060233909721092,-0.8695098003544273,9.760679440937253,0.0659683941917073,0.3371807140592316
scenario,77,2,0,0,certified_reset,0,1,0.09200030545077775,0.08800045817616663,0.003999847274611132,0.0759970982176115,0.0,0.0,0,0,1.4435616193224423,-2.086195177650695,0.13496276357983308,-0.5263344339143334,1.4435616193224423,-2.086195177650695,1.55,2.9273305062463746,0.06258906407790293,0.3169491554916455
scenario,77,3,0,0,certified_reset,0,1,0.08800045817616663,0.0840006109015555,0.003999847274611132,0.07199725094300037,0.0,0.0,0,0,0.13496276357983308,-0.5263344339143334,-0.07390173250933087,0.0977937178353746,0.13496276357983308,-0.5263344339143334,0.6409490378136179,0.07835036781826692,0.06258906407790293,0.3169491554916455
scenario,77,4,0,0,certified_reset,0,1,0.0840006109015555,0.08000076362694437,0.003999847274611132,0.06799740366838924,0.0,0.0,0,0,-0.07390173250933087,0.0977937178353746,-0.018582880730761017,0.03708143019164278,-0.07390173250933087,0.0977937178353746,-0.07047067686140698,0.0073070689999649874,0.06258906407790293,0.3169491554916455
scenario,77,5,0,0,certified_reset,0,1,0.08000076362694437,0.07600091635233325,0.003999847274611132,0.06399755639377812,0.0,0.0,0,0,-0.018582880730761017,0.03708143019164278,-0.0057359756561158335,-0.0076133810033606145,-0.018582880730761017,0.03708143019164278,-0.03612061082811023,0.0006254467631289657,0.06258906407790293,0.3169491554916455
scenario,77,6,0,0,certified_reset,0,1,0.07600091635233325,0.07200106907772212,0.003999847274611132,0.05999770911916699,0.0,0.0,0,0,-0.0057359756561158335,-0.0076133810033606145,-0.008836182160029135,0.00532480973110175,-0.0057359756561158335,-0.0076133810033606145,0.01692050435826483,5.049244607542476e-05,0.06258906407790293,0.3169491554916455
scenario,77,7,0,0,certified_reset,0,1,0.07200106907772212,0.068001221803111,0.003999847274611132,0.05599786184455586,0.0,0.0,0,0,-0.008836182160029135,0.00532480973110175,-0.00665110634242265,0.0178159306474659,-0.008836182160029135,0.00532480973110175,0.0009572464411003387,8.32046709449806e-05,0.06258906407790293,0.3169491554916455
scenario,77,8,0,0,certified_reset,0,1,0.068001221803111,0.06400137452849987,0.003999847274611132,0.051998014569944725,0.0,0.0,0,0,-0.00665110634242265,0.0178159306474659,-0.0052624011905552165,-0.0030040916233072543,-0.00665110634242265,0.0178159306474659,-0.019622600564340002,0.00011099670617126237,0.06258906407790293,0.3169491554916455
scenario,77,9,0,0,certified_reset,0,1,0.06400137452849987,0.060001527253888735,0.003999847274611132,0.04799816729533359,0.0,0.0,0,0,-0.0052624011905552165,-0.0030040916233072543,0.0048825039139024085,0.021443409807640014,-0.0052624011905552165,-0.0030040916233072543,0.009664589310490225,3.1652395420488475e-05,0.06258906407790293,0.3169491554916455
scenario,77,10,0,0,certified_reset,0,1,0.060001527253888735,0.0560016799792776,0.003999847274611132,0.04399832002072246,0.0,0.0,0,0,0.0048825039139024085,0.021443409807640014,0.01061367731007571,-0.023609821560845075,0.0048825039139024085,0.021443409807640014,-0.03645237680856252,0.00013982580719621855,0.06258906407790293,0.3169491554916455
scenario,77,11,0,0,certified_reset,0,1,0.0560016799792776,0.05200183270466647,0.003999847274611132,0.039998472746111326,0.0,0.0,0,0,0.01061367731007571,-0.023609821560845075,0.006604273684811024,0.0034712220786189403,0.01061367731007571,-0.023609821560845075,0.024209538285729932,0.00022763895098691162,0.06258906407790293,0.3169491554916455
scenario,77,12,0,0,certified_reset,0,1,0.05200183270466647,0.048001985430055336,0.003999847274611132,0.03599862547150019,0.0,0.0,0,0,0.006604273684811024,0.0034712220786189403,0.0021437722434588784,-0.0024320144849829042,0.006604273684811024,0.0034712220786189403,-0.011690716805807794,4.9202141279163784e-05,0.06258906407790293,0.3169491554916455
scenario,77,13,0,0,certified_reset,0,1,0.048001985430055336,0.0440021381554442,0.003999847274611132,0.03199877819688906,0.0,0.0,0,0,0.0021437722434588784,-0.0024320144849829042,-0.008772355377465008,0.006561277406113719,0.0021437722434588784,-0.0024320144849829042,0.0014464814061911678,5.712712145216131e-06,0.06258906407790293,0.3169491554916455
scenario,77,14,0,0,certified_reset,0,1,0.0440021381554442,0.04000229088083307,0.003999847274611132,0.02799893092227793,0.0,0.0,0,0,-0.008772355377465008,0.006561277406113719,0.0009241294125987647,0.006754219029065546,-0.008772355377465008,0.006561277406113719,-0.0009338069692703775,8.47250837709318e-05,0.06258906407790293,0.3169491554916455
scenario,77,15,0,0,certified_reset,0,1,0.04000229088083307,0.036002443606221936,0.003999847274611132,0.023999083647666796,0.0,0.0,0,0,0.0009241294125987647,0.006754219029065546,-0.003455843794963655,-0.0056362728985184804,0.0009241294125987647,0.006754219029065546,-0.010867811208639732,1.2018253627562424e-05,0.06258906407790293,0.3169491554916455
scenario,77,16,0,0,certified_reset,0,1,0.036002443606221936,0.0320025963316108,0.003999847274611132,0.019999236373055663,0.0,0.0,0,0,-0.003455843794963655,-0.0056362728985184804,-0.009933218243928916,0.003613462552692761,-0.003455843794963655,-0.0056362728985184804,0.011742649076672902,2.1108264512219272e-05,0.06258906407790293,0.3169491554916455
scenario,77,17,0,0,certified_reset,0,1,0.0320025963316108,0.02800274905699967,0.003999847274611132,0.01599938909844453,0.0,0.0,0,0,-0.009933218243928916,0.003613462552692761,-0.009157186760154125,0.005688606044199398,-0.009933218243928916,0.003613462552692761,0.004564210811189998,0.00010153990528129518,0.06258906407790293,0.3169491554916455
scenario,77,18,0,0,certified_reset,0,1,0.02800274905699967,0.024002901782388536,0.003999847274611132,0.011999541823833396,0.0,0.0,0,0,-0.009157186760154125,0.005688606044199398,-0.009459114273149483,0.008473308287340463,-0.009157186760154125,0.005688606044199398,0.0007421167183541681,8.969268076163187e-05,0.06258906407790293,0.3169491554916455
scenario,77,19,0,0,certified_reset,0,1,0.024002901782388536,0.020003054507777403,0.003999847274611132,0.007999694549222265,0.0,0.0,0,0,-0.009459114273149483,0.008473308287340463,-0.0017259137080488816,0.0023147575957566564,-0.009459114273149483,0.008473308287340463,-0.003060763692634479,0.00010263250129187027,0.06258906407790293,0.3169491554916455
scenario,77,20,0,0,certified_reset,0,1,0.020003054507777403,0.01600320723316627,0.003999847274611132,0.003999847274611132,0.0,0.0,0,0,-0.0017259137080488816,0.0023147575957566564,-0.0017440125223569824,0.012884733698901616,-0.0017259137080488816,0.0023147575957566564,-0.0016903881439568273,4.01467192044215e-06,0.06258906407790293,0.3169491554916455
scenario,77,21,0,0,certified_reset,0,1,0.01600320723316627,0.012003359958555136,0.003999847274611132,0.0,0.0,0.0,0,0,-0.0017440125223569824,0.012884733698901616,0.0027671236419060646,-0.012351499440135302,-0.0017440125223569824,0.012884733698901616,-0.017243100692528913,4.03576379639452e-05,0.06258906407790293,0.3169491554916455
scenario,78,0,0,0,certified_reset,0,1,0.1,0.09600015272538888,0.003999847274611132,0.08399679276683375,0.0,0.0,0,0,-4.092896558457511,-0.5696319263784316,-3.9006692635816242,0.9909104610534853,-4.092896558457511,-0.5696319263784316,1.55,16.870271233912266,0.06258906407790293,0.3169491554916455
scenario,78,1,0,0,certified_reset,0,1,0.09600015272538888,0.09200030545077775,0.003999847274611132,0.07999694549222262,0.0,0.0,0,0,-3.9006692635816242,0.9909104610534853,-2.130367819035839,2.5465609771645967,-3.9006692635816242,0.9909104610534853,1.55,15.452025841378953,0.06258906407790293,0.3169491554916455
scenario,78,2,0,0,certified_reset,0,1,0.09200030545077775,0.08800045817616663,0.003999847274611132,0.0759970982176115,0.0,0.0,0,0,-2.130367819035839,2.5465609771645967,-0.3580752509431149,0.9981795378973695,-2.130367819035839,2.5465609771645967,-1.55,5.765824650258667,0.06258906407790293,0.3169491554916455
scenario,78,3,0,0,certified_reset,0,1,0.08800045817616663,0.0840006109015555,0.003999847274611132,0.07199725094300037,0.0,0.0,0,0,-0.3580752509431149,0.9981795378973695,0.0863215874240024,-0.1320352497763004,-0.3580752509431149,0.9981795378973695,-1.1138529446585306,0.33857982507394774,0.06258906407790293,0.3169491554916455
scenario,78,4,0,0,certified_reset,0,1,0.0840006109015555,0.08000076362694437,0.003999847274611132,0.06799740366838924,0.0,0.0,0,0,0.0863215874240024,-0.1320352497763004,0.013495722118193972,-0.02132883786859598,0.0863215874240024,-0.1320352497763004,0.10854643387765456,0.010883969956116795,0.06258906407790293,0.3169491554916455
scenario,78,5,0,0,certified_reset,0,1,0.08000076362694437,0.07600091635233325,0.003999847274611132,0.06399755639377812,0.0,0.0,0,0,0.013495722118193972,-0.02132883786859598,-0.00020566340622060557,-0.0007174687282713549,0.013495722118193972,-0.02132883786859598,0.017977983046051294,0.0002721001908200864,0.06258906407790293,0.3169491554916455
scenario,78,6,0,0,certified_reset,0,1,0.07600091635233325,0.07200106907772212,0.003999847274611132,0.05999770911916699,0.0,0.0,0,0,-0.00020566340622060557,-0.0007174687282713549,-0.004019344996314622,0.0018652387635315006,-0.00020566340622060557,-0.0007174687282713549,0.0012641949934375492,1.7490920888259272e-07,0.06258906407790293,0.3169491554916455
scenario,78,7,0,0,certified_reset,0,1,0.07200106907772212,0.068001221803111,0.003999847274611132,0.05599786184455586,0.0,0.0,0,0,-0.004019344996314622,0.0018652387635315006,0.0076831714052171115,-0.003506873088110535,-0.004019344996314622,0.0018652387635315006,0.001253178756889396,1.6820636440413854e-05,0.06258906407790293,0.3169491554916455
scenario,78,8,0,0,certified_reset,0,1,0.068001221803111,0.06400137452849987,0.003999847274611132,0.051998014569944725,0.0,0.0,0,0,0.0076831714052171115,-0.003506873088110535,-0.0017211257715277622,-0.016340499808245167,0.0076831714052171115,-0.003506873088110535,-0.0024835672669328954,6.13989940952809e-05,0.06258906407790293,0.3169491554916455
scenario,78,9,0,0,certified_reset,0,1,0.06400137452849987,0.060001527253888735,0.003999847274611132,0.04799816729533359,0.0,0.0,0,0,-0.0017211257715277622,-0.016340499808245167,-0.004129186193736153,0.0070649336241401135,-0.0017211257715277622,-0.016340499808245167,0.025788242254349492,6.76502580026293e-05,0.06258906407790293,0.3169491554916455
scenario,78,10,0,0,certified_reset,0,1,0.060001527253888735,0.0560016799792776,0.003999847274611132,0.04399832002072246,0.0,0.0,0,0,-0.004129186193736153,0.0070649336241401135,-0.005075140605204569,0.0034474592226904728,-0.004129186193736153,0.0070649336241401135,-0.006295524287159917,2.7025410954227767e-05,0.06258906407790293,0.3169491554916455
scenario,78,11,0,0,certified_reset,0,1,0.0560016799792776,0.05200183270466647,0.003999847274611132,0.039998472746111326,0.0,0.0,0,0,-0.005075140605204569,0.0034474592226904728,-0.004905026919232726,0.005905047275236056,-0.005075140605204569,0.0034474592226904728,-2.802955270061427e-05,2.7896367320572266e-05,0.06258906407790293,0.3169491554916455
scenario,78,12,0,0,certified_reset,0,1,0.05200183270466647,0.048001985430055336,0.003999847274611132,0.03599862547150019,0.0,0.0,0,0,-0.004905026919232726,0.005905047275236056,0.006435927627609104,-0.001418528543229792,-0.004905026919232726,0.005905047275236056,-0.0038113829923246893,3.069898008435133e-05,0.06258906407790293,0.3169491554916455
scenario,78,13,1,1,certified_reset,0,1,0.048001985430055336,0.0440021381554442,0.003999847274611132,0.03199877819688906,0.0,0.0,0,0,0.006435927627609104,-0.001418528543229792,0.009407307956687748,0.017489708919877653,0.006435927627609104,-0.001418528543229792,-0.0043169796843692924,4.224927244873595e-05,0.0659683941917073,0.3371807140592316
scenario,78,14,1,1,certified_reset,0,1,0.0440021381554442,0.04000229088083307,0.003999847274611132,0.02799893092227793,0.0,0.0,0,0,0.009407307956687748,0.017489708919877653,0.013715277361777228,-0.030378660841581216,0.009407307956687748,0.017489708919877653,-0.03513396530958909,0.0001744175162097145,0.0659683941917073,0.3371807140592316
scenario,78,15,1,1,certified_reset,0,1,0.04000229088083307,0.036002443606221936,0.003999847274611132,0.023999083647666796,0.0,0.0,0,0,0.013715277361777228,-0.030378660841581216,0.030247515405327677,0.004186132219572173,0.013715277361777228,-0.030378660841581216,0.031096603202542598,0.00037839914759389606,0.0659683941917073,0.3371807140592316
scenario,78,16,0,0,certified_reset,0,1,0.036002443606221936,0.0320025963316108,0.003999847274611132,0.019999236373055663,0.0,0.0,0,0,0.030247515405327677,0.004186132219572173,0.01752833498999168,-0.016547712629098772,0.030247515405327677,0.004186132219572173,-0.036287799985359914,0.0009509865654227256,0.06258906407790293,0.3169491554916455
scenario,78,17,2,2,certified_reset,0,1,0.0320025963316108,0.02800274905699967,0.003999847274611132,0.01599938909844453,0.0,0.0,0,0,0.01752833498999168,-0.016547712629098772,0.0603320595237954,-0.02014854651013733,0.01752833498999168,-0.016547712629098772,0.006918278038752745,0.0003577279145828461,0.07177064572129135,0.3726063481590821
scenario,78,18,2,2,certified_reset,0,1,0.02800274905699967,0.024002901782388536,0.003999847274611132,0.011999541823833396,0.0,0.0,0,0,0.0603320595237954,-0.02014854651013733,-0.06809727256062399,-0.0656153520800416,0.0603320595237954,-0.02014854651013733,-0.030397376572394542,0.003736130925709701,0.07177064572129135,0.3726063481590821
scenario,78,19,2,2,certified_reset,0,1,0.024002901782388536,0.020003054507777403,0.003999847274611132,0.007999694549222265,0.0,0.0,0,0,-0.06809727256062399,-0.0656153520800416,0.006257525516626096,0.09837120616336593,-0.06809727256062399,-0.0656153520800416,0.16446658497141675,0.006088437366645726,0.07177064572129135,0.3726063481590821
scenario,78,20,2,2,certified_reset,0,1,0.020003054507777403,0.01600320723316627,0.003999847274611132,0.003999847274611132,0.0,0.0,0,0,0.006257525516626096,0.09837120616336593,0.04393401984089888,-0.02263068832208342,0.006257525516626096,0.09837120616336593,-0.1511435744273395,0.0023521070842244243,0.07177064572129135,0.3726063481590821
scenario,78,21,2,2,certified_reset,0,1,0.01600320723316627,0.012003359958555136,0.003999847274611132,0.0,0.0,0.0,0,0,0.04393401984089888,-0.02263068832208342,-0.006952375677118781,-0.002796438104681786,0.04393401984089888,-0.02263068832208342,-0.010407955549596011,0.0020250928875561866,0.07177064572129135,0.3726063481590821
scenario,79,0,0,0,certified_reset,0,1,0.1,0.09600015272538888,0.003999847274611132,0.08399679276683375,0.0,0.0,0,0,4.382715239273756,-0.4828359189730429,3.123558098277933,-2.025543423002379,4.382715239273756,-0.4828359189730429,-1.55,19.310218862999513,0.06258906407790293,0.3169491554916455
scenario,79,1,0,0,certified_reset,0,1,0.09600015272538888,0.09200030545077775,0.003999847274611132,0.07999694549222262,0.0,0.0,0,0,3.123558098277933,-2.025543423002379,1.1648521884858791,-1.8972291498449547,3.123558098277933,-2.025543423002379,0.1289591605343697,10.495539663469076,0.06258906407790293,0.3169491554916455
scenario,79,2,0,0,certified_reset,0,1,0.09200030545077775,0.08800045817616663,0.003999847274611132,0.0759970982176115,0.0,0.0,0,0,1.1648521884858791,-1.8972291498449547,0.042503247615686086,-0.3344070499189097,1.1648521884858791,-1.8972291498449547,1.55,2.064849241484196,0.06258906407790293,0.3169491554916455
scenario,79,3,0,0,certified_reset,0,1,0.08800045817616663,0.0840006109015555,0.003999847274611132,0.07199725094300037,0.0,0.0,0,0,0.042503247615686086,-0.3344070499189097,-0.06307003551087673,0.10266275533317919,0.042503247615686086,-0.3344070499189097,0.45028947662982877,0.027004594883353716,0.06258906407790293,0.3169491554916455
scenario,79,4,0,0,certified_reset,0,1,0.0840006109015555,0.08000076362694437,0.003999847274611132,0.06799740366838924,0.0,0.0,0,0,-0.06307003551087673,0.10266275533317919,0.00424886729335495,0.0100644944613065,-0.06307003551087673,0.10266275533317919,-0.08842903687246223,0.006070457183266072,0.06258906407790293,0.3169491554916455
scenario,79,5,0,0,certified_reset,0,1,0.08000076362694437,0.07600091635233325,0.003999847274611132,0.06399755639377812,0.0,0.0,0,0,0.00424886729335495,0.0100644944613065,0.0065438373736498015,-0.007595613146840608,0.00424886729335495,0.0100644944613065,-0.019059428341202368,4.536734727097757e-05,0.06258906407790293,0.3169491554916455
scenario,79,6,0,0,certified_reset,0,1,0.07600091635233325,0.07200106907772212,0.003999847274611132,0.05999770911916699,0.0,0.0,0,0,0.0065438373736498015,-0.007595613146840608,0.002545801460649275,-0.006938403661355049,0.0065438373736498015,-0.007595613146840608,0.004673338539588965,5.375261093417854e-05,0.06258906407790293,0.3169491554916455
scenario,79,7,0,0,certified_reset,0,1,0.07200106907772212,0.068001221803111,0.003999847274611132,0.05599786184455586,0.0,0.0,0,0,0.002545801460649275,-0.006938403661355049,0.0007369702047371265,-0.008195674025887292,0.002545801460649275,-0.006938403661355049,0.007683490182656029,1.6622465777941198e-05,0.06258906407790293,0.3169491554916455
scenario,79,8,0,0,certified_reset,0,1,0.068001221803111,0.06400137452849987,0.003999847274611132,0.051998014569944725,0.0,0.0,0,0,0.0007369702047371265,-0.008195674025887292,0.0033463147686227336,0.008245371072704457,0.0007369702047371265,-0.008195674025887292,0.011337081861245496,1.5846793803833474e-05,0.06258906407790293,0.3169491554916455
scenario,79,9,0,0,certified_reset,0,1,0.06400137452849987,0.060001527253888735,0.003999847274611132,0.04799816729533359,0.0,0.0,0,0,0.0033463147686227336,0.008245371072704457,0.01070373376708763,-0.005476149091910362,0.0033463147686227336,0.008245371072704457,-0.015480661680480812,2.9426600625126755e-05,0.06258906407790293,0.3169491554916455
scenario,79,10,0,0,certified_reset,0,1,0.060001527253888735,0.0560016799792776,0.003999847274611132,0.04399832002072246,0.0,0.0,0,0,0.01070373376708763,-0.005476149091910362,0.007445545273821189,-0.02596368582662577,0.01070373376708763,-0.005476149091910362,-0.0025938922002623956,0.000120136001073186,0.06258906407790293,0.3169491554916455
scenario,79,11,0,0,certified_reset,0,1,0.0560016799792776,0.05200183270466647,0.003999847274611132,0.039998472746111326,0.0,0.0,0,0,0.007445545273821189,-0.02596368582662577,-0.0034758657059258905,0.004798844715193945,0.007445545273821189,-0.02596368582662577,0.030832627835533286,0.00020054275461230464,0.06258906407790293,0.3169491554916455
scenario,79,12,0,0,certified_reset,0,1,0.05200183270466647,0.048001985430055336,0.003999847274611132,0.03599862547150019,0.0,0.0,0,0,-0.0034758657059258905,0.004798844715193945,0.0015968080445096255,-0.009151339100047323,-0.0034758657059258905,0.004798844715193945,-0.0036054765364984254,1.655183284011078e-05,0.06258906407790293,0.3169491554916455
scenario,79,13,0,0,certified_reset,0,1,0.048001985430055336,0.0440021381554442,0.003999847274611132,0.03199877819688906,0.0,0.0,0,0,0.0015968080445096255,-0.009151339100047323,-0.00839224393078427,0.0006137186911300677,0.0015968080445096255,-0.009151339100047323,0.011890461751330064,2.1158834265836623e-05,0.06258906407790293,0.3169491554916455
scenario,79,14,0,0,certified_reset,0,1,0.0440021381554442,0.04000229088083307,0.003999847274611132,0.02799893092227793,0.0,0.0,0,0,-0.00839224393078427,0.0006137186911300677,-0.006211426815498444,0.0094049369666962,-0.00839224393078427,0.0006137186911300677,0.007448702617732488,7.18846345747024e-05,0.06258906407790293,0.3169491554916455
scenario,79,15,0,0,certified_reset,0,1,0.04000229088083307,0.036002443606221936,0.003999847274611132,0.023999083647666796,0.0,0.0,0,0,-0.006211426815498444,0.0094049369666962,-0.003036197879281476,0.006669540158883968,-0.006211426815498444,0.0094049369666962,-0.007669313467122917,5.597379339327313e-05,0.06258906407790293,0.3169491554916455
scenario,79,16,0,0,certified_reset,0,1,0.036002443606221936,0.0320025963316108,0.003999847274611132,0.019999236373055663,0.0,0.0,0,0,-0.003036197879281476,0.006669540158883968,0.0018252446715965906,0.016222002359944414,-0.003036197879281476,0.006669540158883968,-0.0067992963219124574,1.838115619155652e-05,0.06258906407790293,0.3169491554916455
scenario,79,17,0,0,certified_reset,0,1,0.0320025963316108,0.02800274905699967,0.003999847274611132,0.01599938909844453,0.0,0.0,0,0,0.0018252446715965906,0.016222002359944414,-0.0009408835049769986,-0.01248630465852145,0.0018252446715965906,0.016222002359944414,-0.025712144630958937,6.72269825511631e-05,0.06258906407790293,0.3169491554916455
scenario,79,18,0,0,certified_reset,0,1,0.02800274905699967,0.024002901782388536,0.003999847274611132,0.011999541823833396,0.0,0.0,0,0,-0.0009408835049769986,-0.01248630465852145,-0.006981452376515333,0.013688988494762175,-0.0009408835049769986,-0.01248630465852145,0.01933244336288838,3.8292250653994575e-05,0.06258906407790293,0.3169491554916455
scenario,79,19,0,0,certified_reset,0,1,0.024002901782388536,0.020003054507777403,0.003999847274611132,0.007999694549222265,0.0,0.0,0,0,-0.006981452376515333,0.013688988494762175,-0.001980709678498222,-0.0033547450805572194,-0.006981452376515333,0.013688988494762175,-0.013213949319985966,8.683580178308214e-05,0.06258906407790293,0.3169491554916455
scenario,79,20,0,0,certified_reset,0,1,0.020003054507777403,0.01600320723316627,0.003999847274611132,0.003999847274611132,0.0,0.0,0,0,-0.001980709678498222,-0.0033547450805572194,-0.0033561242575730265,0.012430948323286908,-0.001980709678498222,-0.0033547450805572194,0.0069109258848695605,7.143009865144647e-06,0.06258906407790293,0.3169491554916455
scenario,79,21,0,0,certified_reset,0,1,0.01600320723316627,0.012003359958555136,0.003999847274611132,0.0,0.0,0.0,0,0,-0.0033561242575730265,0.012430948323286908,0.0071757615527524,-0.0022369188343265727,-0.0033561242575730265,0.012430948323286908,-0.01497006991538921,4.468127058298245e-05,0.06258906407790293,0.3169491554916455
scenario,80,0,0,0,certified_reset,0,1,0.1,0.09600015272538888,0.003999847274611132,0.08399679276683375,0.0,0.0,0,0,-3.5365847632934337,0.5180079432788266,-2.2536344943240842,2.067815996277271,-3.5365847632934337,0.5180079432788266,1.5499999999998344,12.615794089233253,0.06258906407790293,0.3169491554916455
scenario,80,1,0,0,certified_reset,0,1,0.09600015272538888,0.09200030545077775,0.003999847274611132,0.07999694549222262,0.0,0.0,0,0,-2.2536344943240842,2.067815996277271,-0.5849239943959714,1.2591394923619337,-2.2536344943240842,2.067815996277271,-0.8020009580960443,5.864603911429875,0.06258906407790293,0.3169491554916455
scenario,80,2,0,0,certified_reset,0,1,0.09200030545077775,0.08800045817616663,0.003999847274611132,0.0759970982176115,0.0,0.0,0,0,-0.5849239943959714,1.2591394923619337,0.03747456717491083,-0.017905931320244466,-0.5849239943959714,1.2591394923619337,-1.272383017365238,0.6679878498127093,0.06258906407790293,0.3169491554916455
scenario,80,3,0,0,certified_reset,0,1,0.08800045817616663,0.0840006109015555,0.003999847274611132,0.07199725094300037,0.0,0.0,0,0,0.03747456717491083,-0.017905931320244466,-0.0020723016087731087,-0.024085032440790098,0.03747456717491083,-0.017905931320244466,-0.010938547470882392,0.0014650465082263787,0.06258906407790293,0.3169491554916455
scenario,80,4,0,0,certified_reset,0,1,0.0840006109015555,0.08000076362694437,0.003999847274611132,0.06799740366838924,0.0,0.0,0,0,-0.0020723016087731087,-0.024085032440790098,-0.007077181007816125,0.016168425382153843,-0.0020723016087731087,-0.024085032440790098,0.037544800133888806,0.0001439507161663691,0.06258906407790293,0.3169491554916455
scenario,80,5,0,0,certified_reset,0,1,0.08000076362694437,0.07600091635233325,0.003999847274611132,0.06399755639377812,0.0,0.0,0,0,-0.007077181007816125,0.016168425382153843,0.0032795131865033847,0.004478330885174223,-0.007077181007816125,0.016168425382153843,-0.0167694422013458,0.00010417208209188999,0.06258906407790293,0.3169491554916455
scenario,80,6,0,0,certified_reset,0,1,0.07600091635233325,0.07200106907772212,0.003999847274611132,0.05999770911916699,0.0,0.0,0,0,0.0032795131865033847,0.004478330885174223,-0.006895775544146707,-0.006510094486849211,0.0032795131865033847,0.004478330885174223,-0.00986221730070275,1.6796770545685563e-05,0.06258906407790293,0.3169491554916455
scenario,80,7,0,0,certified_reset,0,1,0.07200106907772212,0.068001221803111,0.003999847274611132,0.05599786184455586,0.0,0.0,0,0,-0.006895775544146707,-0.006510094486849211,-0.004505309016791516,0.001990104429232767,-0.006895775544146707,-0.006510094486849211,0.016458789223656147,6.195265336395711e-05,0.06258906407790293,0.3169491554916455
scenario,80,8,0,0,certified_reset,0,1,0.068001221803111,0.06400137452849987,0.003999847274611132,0.051998014569944725,0.0,0.0,0,0,-0.004505309016791516,0.001990104429232767,-0.0028550955482408123,0.000533586915952101,-0.004505309016791516,0.001990104429232767,0.0015578867768141977,2.107137743208259e-05,0.06258906407790293,0.3169491554916455
scenario,80,9,0,0,certified_reset,0,1,0.06400137452849987,0.060001527253888735,0.003999847274611132,0.04799816729533359,0.0,0.0,0,0,-0.0028550955482408123,0.000533586915952101,0.0019368931777120684,-0.0026314373535437853,-0.0028550955482408123,0.000533586915952101,0.002056819759279057,8.308581977076073e-06,0.06258906407790293,0.3169491554916455
scenario,80,10,0,0,certified_reset,0,1,0.060001527253888735,0.0560016799792776,0.003999847274611132,0.04399832002072246,0.0,0.0,0,0,0.0019368931777120684,-0.0026314373535437853,-0.0037227062185422625,-0.009609633834250897,0.0019368931777120684,-0.0026314373535437853,0.0019494363649953845,5.092965993609309e-06,0.06258906407790293,0.3169491554916455
scenario,80,11,0,0,certified_reset,0,1,0.0560016799792776,0.05200183270466647,0.003999847274611132,0.039998472746111326,0.0,0.0,0,0,-0.0037227062185422625,-0.009609633834250897,-0.01813892835260754,0.02023202220501226,-0.0037227062185422625,-0.009609633834250897,0.017863139536465348,3.845794667916234e-05,0.06258906407790293,0.3169491554916455
scenario,80,12,0,0,certified_reset,0,1,0.05200183270466647,0.048001985430055336,0.003999847274611132,0.03599862547150019,0.0,0.0,0,0,-0.01813892835260754,0.02023202220501226,-0.003972548424830191,0.007563681660996741,-0.01813892835260754,0.02023202220501226,-0.011736476364977948,0.00040614459376841144,0.06258906407790293,0.3169491554916455
scenario,80,13,0,0,certified_reset,0,1,0.048001985430055336,0.0440021381554442,0.003999847274611132,0.03199877819688906,0.0,0.0,0,0,-0.003972548424830191,0.007563681660996741,-0.0038981227290571714,-0.004035261350501625,-0.003972548424830191,0.007563681660996741,-0.007182817353498368,2.736863306436548e-05,0.06258906407790293,0.3169491554916455
scenario,80,14,0,0,certified_reset,0,1,0.0440021381554442,0.04000229088083307,0.003999847274611132,0.02799893092227793,0.0,0.0,0,0,-0.0038981227290571714,-0.004035261350501625,-0.010307757291224238,0.003300852996561466,-0.0038981227290571714,-0.004035261350501625,0.009825890016332453,2.054006382615207e-05,0.06258906407790293,0.3169491554916455
scenario,80,15,0,0,certified_reset,0,1,0.04000229088083307,0.036002443606221936,0.003999847274611132,0.023999083647666796,0.0,0.0,0,0,-0.010307757291224238,0.003300852996561466,-0.0021064988504683538,0.009541109515133008,-0.010307757291224238,0.003300852996561466,0.00540315034518924,0.000108940924706988,0.06258906407790293,0.3169491554916455
scenario,80,16,0,0,certified_reset,0,1,0.036002443606221936,0.0320025963316108,0.003999847274611132,0.019999236373055663,0.0,0.0,0,0,-0.0021064988504683538,0.009541109515133008,-0.004152891904426356,0.007183259680841518,-0.0021064988504683538,0.009541109515133008,-0.011957086192960358,2.4397533903028667e-05,0.06258906407790293,0.3169491554916455
scenario,80,17,0,0,certified_reset,0,1,0.0320025963316108,0.02800274905699967,0.003999847274611132,0.01599938909844453,0.0,0.0,0,0,-0.004152891904426356,0.007183259680841518,0.0021772541662359144,0.008800751450203197,-0.004152891904426356,0.007183259680841518,-0.0064486485186652665,2.757399739841467e-05,0.06258906407790293,0.3169491554916455
scenario,80,18,0,0,certified_reset,0,1,0.02800274905699967,0.024002901782388536,0.003999847274611132,0.011999541823833396,0.0,0.0,0,0,0.0021772541662359144,0.008800751450203197,-0.008034920681219623,0.009517354375250472,0.0021772541662359144,0.008800751450203197,-0.01513131148021819,2.4405931078061876e-05,0.06258906407790293,0.3169491554916455
scenario,80,19,0,0,certified_reset,0,1,0.024002901782388536,0.020003054507777403,0.003999847274611132,0.007999694549222265,0.0,0.0,0,0,-0.008034920681219623,0.009517354375250472,0.0015054394109259477,-0.0020799969244077775,-0.008034920681219623,0.009517354375250472,-0.006020739258678336,8.177058905875345e-05,0.06258906407790293,0.3169491554916455
scenario,80,20,0,0,certified_reset,0,1,0.020003054507777403,0.01600320723316627,0.003999847274611132,0.003999847274611132,0.0,0.0,0,0,0.0015054394109259477,-0.0020799969244077775,9.350165432128171e-05,0.004646443718747293,0.0015054394109259477,-0.0020799969244077775,0.0015629867739819516,3.1061707083583733e-06,0.06258906407790293,0.3169491554916455
scenario,80,21,0,0,certified_reset,0,1,0.01600320723316627,0.012003359958555136,0.003999847274611132,0.0,0.0,0.0,0,0,9.350165432128171e-05,0.004646443718747293,-0.0024537947285205686,0.0033453964967180925,9.350165432128171e-05,0.004646443718747293,-0.0069343189270622335,5.0969610955836655e-06,0.06258906407790293,0.3169491554916455
scenario,81,0,0,0,certified_reset,0,1,0.1,0.09600015272538888,0.003999847274611132,0.08399679276683375,0.0,0.0,0,0,-2.6122143775296403,0.4489034262141852,-1.393221715706161,2.005952446188714,-2.6122143775296403,0.4489034262141852,1.55,6.919999025664596,0.06258906407790293,0.3169491554916455
scenario,81,1,0,0,certified_reset,0,1,0.09600015272538888,0.09200030545077775,0.003999847274611132,0.07999694549222262,0.0,0.0,0,0,-1.393221715706161,2.005952446188714,-0.160883579861045,0.46708082035434445,-1.393221715706161,2.005952446188714,-1.55,2.7254213880619065,0.06258906407790293,0.3169491554916455
scenario,81,2,0,0,certified_reset,0,1,0.09200030545077775,0.08800045817616663,0.003999847274611132,0.0759970982176115,0.0,0.0,0,0,-0.160883579861045,0.46708082035434445,0.04328501382791306,-0.0706889486441681,-0.160883579861045,0.46708082035434445,-0.527853423334939,0.07211886587578534,0.06258906407790293,0.3169491554916455
scenario,81,3,0,0,certified_reset,0,1,0.08800045817616663,0.0840006109015555,0.003999847274611132,0.07199725094300037,0.0,0.0,0,0,0.04328501382791306,-0.0706889486441681,-0.00418812867524813,-0.01143305191136287,0.04328501382791306,-0.0706889486441681,0.061032665247647826,0.0028661640206386215,0.06258906407790293,0.3169491554916455
scenario,81,4,0,0,certified_reset,0,1,0.0840006109015555,0.08000076362694437,0.003999847274611132,0.06799740366838924,0.0,0.0,0,0,-0.00418812867524813,-0.01143305191136287,-0.008821148457830167,0.0045150918544205635,-0.00418812867524813,-0.01143305191136287,0.02101574161128352,5.211059836866678e-05,0.06258906407790293,0.3169491554916455
scenario,81,5,0,0,certified_reset,0,1,0.08000076362694437,0.07600091635233325,0.003999847274611132,0.06399755639377812,0.0,0.0,0,0,-0.008821148457830167,0.0045150918544205635,0.0015707081841673312,0.010569541326344689,-0.008821148457830167,0.0045150918544205635,0.0021346891101823445,8.15960723567017e-05,0.06258906407790293,0.3169491554916455
scenario,81,6,0,0,certified_reset,0,1,0.07600091635233325,0.07200106907772212,0.003999847274611132,0.05999770911916699,0.0,0.0,0,0,0.0015707081841673312,0.010569541326344689,0.004802305391983057,-0.014078640875090313,0.0015707081841673312,0.010569541326344689,-0.017133384712967083,2.991468268574907e-05,0.06258906407790293,0.3169491554916455
scenario,81,7,0,0,certified_reset,0,1,0.07200106907772212,0.068001221803111,0.003999847274611132,0.05599786184455586,0.0,0.0,0,0,0.004802305391983057,-0.014078640875090313,-5.119092899014176e-05,0.004244146107134685,0.004802305391983057,-0.014078640875090313,0.015957861209597773,6.510593363764665e-05,0.06258906407790293,0.3169491554916455
scenario,81,8,0,0,certified_reset,0,1,0.068001221803111,0.06400137452849987,0.003999847274611132,0.051998014569944725,0.0,0.0,0,0,-5.119092899014176e-05,0.004244146107134685,0.006476711120546661,0.0030198219715723397,-5.119092899014176e-05,0.004244146107134685,-0.0062011729658694795,4.206283877193805e-06,0.06258906407790293,0.3169491554916455
scenario,81,9,0,0,certified_reset,0,1,0.06400137452849987,0.060001527253888735,0.003999847274611132,0.04799816729533359,0.0,0.0,0,0,0.006476711120546661,0.0030198219715723397,0.005063314234443622,-0.01022144557225836,0.006476711120546661,0.0030198219715723397,-0.01089645523016522,4.6557583806786044e-05,0.06258906407790293,0.3169491554916455
scenario,81,10,0,0,certified_reset,0,1,0.060001527253888735,0.0560016799792776,0.003999847274611132,0.04399832002072246,0.0,0.0,0,0,0.005063314234443622,-0.01022144557225836,-0.0020308932767823962,-0.011272457500605008,0.005063314234443622,-0.01022144557225836,0.01001312996417149,4.694975125429932e-05,0.06258906407790293,0.3169491554916455
scenario,81,11,0,0,certified_reset,0,1,0.0560016799792776,0.05200183270466647,0.003999847274611132,0.039998472746111326,0.0,0.0,0,0,-0.0020308932767823962,-0.011272457500605008,5.7587454229332535e-05,0.0010689392358988418,-0.0020308932767823962,-0.011272457500605008,0.01862541659293589,3.566947474172053e-05,0.06258906407790293,0.3169491554916455
scenario,81,12,0,0,certified_reset,0,1,0.05200183270466647,0.048001985430055336,0.003999847274611132,0.03599862547150019,0.0,0.0,0,0,5.7587454229332535e-05,0.0010689392358988418,0.0032690179079149107,-0.008754455381682402,5.7587454229332535e-05,0.0010689392358988418,-0.0016325159458706585,2.7561761893058467e-07,0.06258906407790293,0.3169491554916455
scenario,81,13,0,0,certified_reset,0,1,0.048001985430055336,0.0440021381554442,0.003999847274611132,0.03199877819688906,0.0,0.0,0,0,0.0032690179079149107,-0.008754455381682402,0.0026390166405411875,0.0009967907942060026,0.0032690179079149107,-0.008754455381682402,0.00963880540997025,2.6804430350926406e-05,0.06258906407790293,0.3169491554916455
scenario,81,14,0,0,certified_reset,0,1,0.0440021381554442,0.04000229088083307,0.003999847274611132,0.02799893092227793,0.0,0.0,0,0,0.0026390166405411875,0.0009967907942060026,0.0012371526964890945,0.0019902515255434965,0.0026390166405411875,0.0009967907942060026,-0.004095903258166482,7.562665956294254e-06,0.06258906407790293,0.3169491554916455
scenario,81,15,0,0,certified_reset,0,1,0.04000229088083307,0.036002443606221936,0.003999847274611132,0.023999083647666796,0.0,0.0,0,0,0.0012371526964890945,0.0019902515255434965,-0.006947550585817345,-0.010326453740768415,0.0012371526964890945,0.0019902515255434965,-0.004162394975135198,2.676683296943085e-06,0.06258906407790293,0.3169491554916455
scenario,81,16,0,0,certified_reset,0,1,0.036002443606221936,0.0320025963316108,0.003999847274611132,0.019999236373055663,0.0,0.0,0,0,-0.006947550585817345,-0.010326453740768415,-0.00274833426229612,0.004913888000713743,-0.006947550585817345,-0.010326453740768415,0.022133055337294885,7.970967904142628e-05,0.06258906407790293,0.3169491554916455
scenario,81,17,0,0,certified_reset,0,1,0.0320025963316108,0.02800274905699967,0.003999847274611132,0.01599938909844453,0.0,0.0,0,0,-0.00274833426229612,0.004913888000713743,-0.00047450694593968707,0.003069246124805012,-0.00274833426229612,0.004913888000713743,-0.004502903858285941,1.2406577947275449e-05,0.06258906407790293,0.3169491554916455
scenario,81,18,0,0,certified_reset,0,1,0.02800274905699967,0.024002901782388536,0.003999847274611132,0.011999541823833396,0.0,0.0,0,0,-0.00047450694593968707,0.003069246124805012,0.0032398449053988826,-0.014380452364884513,-0.00047450694593968707,0.003069246124805012,-0.004047506415148758,2.330363465695273e-06,0.06258906407790293,0.3169491554916455
scenario,81,19,0,0,certified_reset,0,1,0.024002901782388536,0.020003054507777403,0.003999847274611132,0.007999694549222265,0.0,0.0,0,0,0.0032398449053988826,-0.014380452364884513,0.0005923732954900003,-0.0012023286322013554,0.0032398449053988826,-0.014380452364884513,0.017957964026794032,5.578234065009808e-05,0.06258906407790293,0.3169491554916455
scenario,81,20,0,0,certified_reset,0,1,0.020003054507777403,0.01600320723316627,0.003999847274611132,0.003999847274611132,0.0,0.0,0,0,0.0005923732954900003,-0.0012023286322013554,0.006445876105277517,-0.002896884064001412,0.0005923732954900003,-0.0012023286322013554,0.001184531931246199,6.461909637792422e-07,0.06258906407790293,0.3169491554916455
scenario,81,21,0,0,certified_reset,0,1,0.01600320723316627,0.012003359958555136,0.003999847274611132,0.0,0.0,0.0,0,0,0.006445876105277517,-0.002896884064001412,-0.0034566467468925433,0.00033011423976246537,0.006445876105277517,-0.002896884064001412,-0.0021504935201911183,4.317548303454502e-05,0.06258906407790293,0.3169491554916455
scenario,82,0,0,0,certified_reset,0,1,0.1,0.09600015272538888,0.003999847274611132,0.08399679276683375,0.0,0.0,0,0,-5.517012803965519,0.10230322922206714,-4.638300802932136,1.6451239395774802,-5.517012803965519,0.10230322922206714,1.55,30.49937665024715,0.06258906407790293,0.3169491554916455
scenario,82,1,0,0,certified_reset,0,1,0.09600015272538888,0.09200030545077775,0.003999847274611132,0.07999694549222262,0.0,0.0,0,0,-4.638300802932136,1.6451239395774802,-2.4239583321312126,2.768879161620923,-4.638300802932136,1.6451239395774802,1.1355236651607994,22.033227588117168,0.06258906407790293,0.3169491554916455
scenario,82,2,0,0,certified_reset,0,1,0.09200030545077775,0.08800045817616663,0.003999847274611132,0.0759970982176115,0.0,0.0,0,0,-2.4239583321312126,2.768879161620923,-0.4336704978467491,1.2216205064558305,-2.4239583321312126,2.768879161620923,-1.55,7.315641022006876,0.06258906407790293,0.3169491554916455
scenario,82,3,0,0,certified_reset,0,1,0.08800045817616663,0.0840006109015555,0.003999847274611132,0.07199725094300037,0.0,0.0,0,0,-0.4336704978467491,1.2216205064558305,0.10380277891248965,-0.15441826647360943,-0.4336704978467491,1.2216205064558305,-1.367726230644428,0.5034611758752795,0.06258906407790293,0.3169491554916455
scenario,82,4,0,0,certified_reset,0,1,0.0840006109015555,0.08000076362694437,0.003999847274611132,0.06799740366838924,0.0,0.0,0,0,0.10380277891248965,-0.15441826647360943,0.01508484854993606,-0.03744408611556033,0.10380277891248965,-0.15441826647360943,0.1241108789553158,0.01545220485056037,0.06258906407790293,0.3169491554916455
scenario,82,5,0,0,certified_reset,0,1,0.08000076362694437,0.07600091635233325,0.003999847274611132,0.06399755639377812,0.0,0.0,0,0,0.01508484854993606,-0.03744408611556033,0.00046423508743637315,0.001737747452388551,0.01508484854993606,-0.03744408611556033,0.040135338453562985,0.000520194515899369,0.06258906407790293,0.3169491554916455
scenario,82,6,0,0,certified_reset,0,1,0.07600091635233325,0.07200106907772212,0.003999847274611132,0.05999770911916699,0.0,0.0,0,0,0.00046423508743637315,0.001737747452388551,5.331525812292707e-06,-0.013796539171506726,0.00046423508743637315,0.001737747452388551,-0.003016361730951481,9.865330861966943e-07,0.06258906407790293,0.3169491554916455
scenario,82,7,0,0,certified_reset,0,1,0.07200106907772212,0.068001221803111,0.003999847274611132,0.05599786184455586,0.0,0.0,0,0,5.331525812292707e-06,-0.013796539171506726,0.008096522379781335,0.01072274196564131,5.331525812292707e-06,-0.013796539171506726,0.02031813167338014,4.4582699052553326e-05,0.06258906407790293,0.3169491554916455
scenario,82,8,0,0,certified_reset,0,1,0.068001221803111,0.06400137452849987,0.003999847274611132,0.051998014569944725,0.0,0.0,0,0,0.008096522379781335,0.01072274196564131,0.016972710951044863,-0.015051118394735259,0.008096522379781335,0.01072274196564131,-0.02386147054414691,0.00010048381420664032,0.06258906407790293,0.3169491554916455
scenario,82,9,0,0,certified_reset,0,1,0.06400137452849987,0.060001527253888735,0.003999847274611132,0.04799816729533359,0.0,0.0,0,0,0.016972710951044863,-0.015051118394735259,0.00899130158541739,-0.008848504565676391,0.016972710951044863,-0.015051118394735259,0.005271148189856457,0.0003295440517965247,0.06258906407790293,0.3169491554916455
scenario,82,10,0,0,certified_reset,0,1,0.060001527253888735,0.0560016799792776,0.003999847274611132,0.04399832002072246,0.0,0.0,0,0,0.00899130158541739,-0.008848504565676391,0.008822825759209766,-0.0012934214600779886,0.00899130158541739,-0.008848504565676391,0.004080592602435861,9.535307104838889e-05,0.06258906407790293,0.3169491554916455
scenario,82,11,0,0,certified_reset,0,1,0.0560016799792776,0.05200183270466647,0.003999847274611132,0.039998472746111326,0.0,0.0,0,0,0.008822825759209766,-0.0012934214600779886,0.014638567807688413,-0.009255432209759296,0.008822825759209766,-0.0012934214600779886,-0.006879641918255974,7.932662023367125e-05,0.06258906407790293,0.3169491554916455
scenario,82,12,0,0,certified_reset,0,1,0.05200183270466647,0.048001985430055336,0.003999847274611132,0.03599862547150019,0.0,0.0,0,0,0.014638567807688413,-0.009255432209759296,0.011610144600351778,-0.012326063032387414,0.014638567807688413,-0.009255432209759296,-0.0009395193813379618,0.00022972907944709023,0.06258906407790293,0.3169491554916455
scenario,82,13,0,0,certified_reset,0,1,0.048001985430055336,0.0440021381554442,0.003999847274611132,0.03199877819688906,0.0,0.0,0,0,0.011610144600351778,-0.012326063032387414,0.008325597192860712,-0.0016042379142339105,0.011610144600351778,-0.012326063032387414,0.006592586834200053,0.00016322974204834902,0.06258906407790293,0.3169491554916455
scenario,82,14,0,0,certified_reset,0,1,0.0440021381554442,0.04000229088083307,0.003999847274611132,0.02799893092227793,0.0,0.0,0,0,0.008325597192860712,-0.0016042379142339105,0.007807846229236824,-0.0013156529727760252,0.008325597192860712,-0.0016042379142339105,-0.005924126649614052,7.065619480317066e-05,0.06258906407790293,0.3169491554916455
scenario,82,15,0,0,certified_reset,0,1,0.04000229088083307,0.036002443606221936,0.003999847274611132,0.023999083647666796,0.0,0.0,0,0,0.007807846229236824,-0.0013156529727760252,0.007175635914112666,-0.00910938298471461,0.007807846229236824,-0.0013156529727760252,-0.005836744786168558,6.212572217593873e-05,0.06258906407790293,0.3169491554916455
scenario,82,16,0,0,certified_reset,0,1,0.036002443606221936,0.0320025963316108,0.003999847274611132,0.019999236373055663,0.0,0.0,0,0,0.007175635914112666,-0.00910938298471461,0.004363643526056948,-0.008899727155088397,0.007175635914112666,-0.00910938298471461,0.006272889557333276,6.741003386206348e-05,0.06258906407790293,0.3169491554916455
scenario,82,17,0,0,certified_reset,0,1,0.0320025963316108,0.02800274905699967,0.003999847274611132,0.01599938909844453,0.0,0.0,0,0,0.004363643526056948,-0.008899727155088397,0.004650647252466739,0.0007863786868765698,0.004363643526056948,-0.008899727155088397,0.008762569368508381,3.521787618924996e-05,0.06258906407790293,0.3169491554916455
scenario,82,18,0,0,certified_reset,0,1,0.02800274905699967,0.024002901782388536,0.003999847274611132,0.011999541823833396,0.0,0.0,0,0,0.004650647252466739,0.0007863786868765698,0.0047649412790547845,-0.006991955204020647,0.004650647252466739,0.0007863786868765698,-0.0057889326187740885,2.2577623847545367e-05,0.06258906407790293,0.3169491554916455
scenario,82,19,0,0,certified_reset,0,1,0.024002901782388536,0.020003054507777403,0.003999847274611132,0.007999694549222265,0.0,0.0,0,0,0.0047649412790547845,-0.006991955204020647,0.0042150012138314295,-0.005626223239234293,0.0047649412790547845,-0.006991955204020647,0.005554466371932068,3.2275706573269e-05,0.06258906407790293,0.3169491554916455
scenario,82,20,0,0,certified_reset,0,1,0.020003054507777403,0.01600320723316627,0.003999847274611132,0.003999847274611132,0.0,0.0,0,0,0.0042150012138314295,-0.005626223239234293,-0.002685020020874161,0.011568673047979428,0.0042150012138314295,-0.005626223239234293,0.004090911696691195,2.3882414024139546e-05,0.06258906407790293,0.3169491554916455
scenario,82,21,0,0,certified_reset,0,1,0.01600320723316627,0.012003359958555136,0.003999847274611132,0.0,0.0,0.0,0,0,-0.002685020020874161,0.011568673047979428,-0.0052209808827847265,0.002146590778439957,-0.002685020020874161,0.011568673047979428,-0.014365401616490633,3.6458606898960085e-05,0.06258906407790293,0.3169491554916455
scenario,83,0,0,0,certified_reset,0,1,0.1,0.09600015272538888,0.003999847274611132,0.08399679276683375,0.0,0.0,0,0,0.2429240949257485,0.20044564996438385,0.1771666915197912,-0.32732773947424454,0.2429240949257485,0.20044564996438385,-0.5371699397536658,0.07345802704600397,0.06258906407790293,0.3169491554916455
scenario,83,1,0,0,certified_reset,0,1,0.09600015272538888,0.09200030545077775,0.003999847274611132,0.07999694549222262,0.0,0.0,0,0,0.1771666915197912,-0.32732773947424454,-0.0017835475577328251,-0.019244402177821664,0.1771666915197912,-0.32732773947424454,0.30576861806759925,0.0530112186042205,0.06258906407790293,0.3169491554916455
scenario,83,2,0,0,certified_reset,0,1,0.09200030545077775,0.08800045817616663,0.003999847274611132,0.0759970982176115,0.0,0.0,0,0,-0.0017835475577328251,-0.019244402177821664,-0.004709135763781318,0.006780461048334971,-0.0017835475577328251,-0.019244402177821664,0.030122420356834004,9.252750982725442e-05,0.06258906407790293,0.3169491554916455
scenario,83,3,0,0,certified_reset,0,1,0.08800045817616663,0.0840006109015555,0.003999847274611132,0.07199725094300037,0.0,0.0,0,0,-0.004709135763781318,0.006780461048334971,0.011760720387733542,-0.003178668005195934,-0.004709135763781318,0.006780461048334971,-0.0053002993816136336,3.115372634513041e-05,0.06258906407790293,0.3169491554916455
scenario,83,4,0,0,certified_reset,0,1,0.0840006109015555,0.08000076362694437,0.003999847274611132,0.06799740366838924,0.0,0.0,0,0,0.011760720387733542,-0.003178668005195934,-0.0013248121656882217,-0.011148269699518818,0.011760720387733542,-0.003178668005195934,-0.00702558849923911,0.00014136722383417354,0.06258906407790293,0.3169491554916455
scenario,83,5,0,0,certified_reset,0,1,0.08000076362694437,0.07600091635233325,0.003999847274611132,0.06399755639377812,0.0,0.0,0,0,-0.0013248121656882217,-0.011148269699518818,-0.012753905751053597,0.010437562981766086,-0.0013248121656882217,-0.011148269699518818,0.017745035846558375,3.1998389817024256e-05,0.06258906407790293,0.3169491554916455
scenario,83,6,0,0,certified_reset,0,1,0.07600091635233325,0.07200106907772212,0.003999847274611132,0.05999770911916699,0.0,0.0,0,0,-0.012753905751053597,0.010437562981766086,-0.005624845900887699,0.011160015801020124,-0.012753905751053597,0.010437562981766086,-0.0026782714963735654,0.00018245113014166527,0.06258906407790293,0.3169491554916455
scenario,83,7,0,0,certified_reset,0,1,0.07200106907772212,0.068001221803111,0.003999847274611132,0.05599786184455586,0.0,0.0,0,0,-0.005624845900887699,0.011160015801020124,0.005676397725578538,0.004386684817054671,-0.005624845900887699,0.011160015801020124,-0.010837063348226856,5.69932114412936e-05,0.06258906407790293,0.3169491554916455
scenario,83,8,1,1,certified_reset,0,1,0.068001221803111,0.06400137452849987,0.003999847274611132,0.051998014569944725,0.0,0.0,0,0,0.005676397725578538,0.004386684817054671,-0.006933256569604947,0.025603225554811506,0.005676397725578538,0.004386684817054671,-0.012111061948461531,3.935217734009206e-05,0.0659683941917073,0.3371807140592316
scenario,83,9,1,1,certified_reset,0,1,0.06400137452849987,0.060001527253888735,0.003999847274611132,0.04799816729533359,0.0,0.0,0,0,-0.006933256569604947,0.025603225554811506,0.007928396182679855,0.018030140702047323,-0.006933256569604947,0.025603225554811506,-0.030810097812440058,0.00018979612842617277,0.0659683941917073,0.3371807140592316
scenario,83,10,0,0,certified_reset,0,1,0.060001527253888735,0.0560016799792776,0.003999847274611132,0.04399832002072246,0.0,0.0,0,0,0.007928396182679855,0.018030140702047323,0.0029893683391359286,-0.009739308737798234,0.007928396182679855,0.018030140702047323,-0.03445797466464545,0.00015105874175167842,0.06258906407790293,0.3169491554916455
scenario,83,11,1,1,certified_reset,0,1,0.0560016799792776,0.05200183270466647,0.003999847274611132,0.039998472746111326,0.0,0.0,0,0,0.0029893683391359286,-0.009739308737798234,0.027653499620754994,0.017656091284534596,0.0029893683391359286,-0.009739308737798234,0.011366228447468514,2.923984603925691e-05,0.0659683941917073,0.3371807140592316
scenario,83,12,0,0,certified_reset,0,1,0.05200183270466647,0.048001985430055336,0.003999847274611132,0.03599862547150019,0.0,0.0,0,0,0.027653499620754994,0.017656091284534596,0.015109273300259712,-0.03889104551282752,0.027653499620754994,0.017656091284534596,-0.053548236814813306,0.0008925141436250872,0.06258906407790293,0.3169491554916455
scenario,83,13,0,0,certified_reset,0,1,0.048001985430055336,0.0440021381554442,0.003999847274611132,0.03199877819688906,0.0,0.0,0,0,0.015109273300259712,-0.03889104551282752,-0.0011651827701497776,0.0032630802053888277,0.015109273300259712,-0.03889104551282752,0.04224501567162255,0.0005451585891838799,0.06258906407790293,0.3169491554916455
scenario,83,14,0,0,certified_reset,0,1,0.0440021381554442,0.04000229088083307,0.003999847274611132,0.02799893092227793,0.0,0.0,0,0,-0.0011651827701497776,0.0032630802053888277,0.0011588191213987731,-0.014984401800306394,-0.0011651827701497776,0.0032630802053888277,-0.003640410195347048,3.6055501844376483e-06,0.06258906407790293,0.3169491554916455
scenario,83,15,0,0,certified_reset,0,1,0.04000229088083307,0.036002443606221936,0.003999847274611132,0.023999083647666796,0.0,0.0,0,0,0.0011588191213987731,-0.014984401800306394,-0.007904010350920537,0.012976325415425715,0.0011588191213987731,-0.014984401800306394,0.02091972775458842,5.269955050561644e-05,0.06258906407790293,0.3169491554916455
scenario,83,16,0,0,certified_reset,0,1,0.036002443606221936,0.0320025963316108,0.003999847274611132,0.019999236373055663,0.0,0.0,0,0,-0.007904010350920537,0.012976325415425715,0.0021952498533111247,0.0006862010703097313,-0.007904010350920537,0.012976325415425715,-0.011244342650713259,9.594356450028942e-05,0.06258906407790293,0.3169491554916455
scenario,83,17,0,0,certified_reset,0,1,0.0320025963316108,0.02800274905699967,0.003999847274611132,0.01599938909844453,0.0,0.0,0,0,0.0021952498533111247,0.0006862010703097313,-0.009118321046506105,-0.013287504233886336,0.0021952498533111247,0.0006862010703097313,-0.00320107422563122,5.160050767013486e-06,0.06258906407790293,0.3169491554916455
scenario,83,18,0,0,certified_reset,0,1,0.02800274905699967,0.024002901782388536,0.003999847274611132,0.011999541823833396,0.0,0.0,0,0,-0.009118321046506105,-0.013287504233886336,0.002736035380952906,0.013505317022998885,-0.009118321046506105,-0.013287504233886336,0.028655956349044918,0.0001354532729419139,0.06258906407790293,0.3169491554916455
scenario,83,19,0,0,certified_reset,0,1,0.024002901782388536,0.020003054507777403,0.003999847274611132,0.007999694549222265,0.0,0.0,0,0,0.002736035380952906,0.013505317022998885,0.0027360629700036963,-0.011040104781703839,0.002736035380952906,0.013505317022998885,-0.022623024631358717,5.311176651310931e-05,0.06258906407790293,0.3169491554916455
scenario,83,20,0,0,certified_reset,0,1,0.020003054507777403,0.01600320723316627,0.003999847274611132,0.003999847274611132,0.0,0.0,0,0,0.0027360629700036963,-0.011040104781703839,0.0027262096145029627,0.00808800721244094,0.0027360629700036963,-0.011040104781703839,0.013539851959241286,3.40083347991597e-05,0.06258906407790293,0.3169491554916455
scenario,83,21,0,0,certified_reset,0,1,0.01600320723316627,0.012003359958555136,0.003999847274611132,0.0,0.0,0.0,0,0,0.0027262096145029627,0.00808800721244094,0.012434491136136303,-0.0027590232828066334,0.0027262096145029627,0.00808800721244094,-0.014629085311420252,2.4557327208758083e-05,0.06258906407790293,0.3169491554916455
scenario,84,0,0,0,certified_reset,0,1,0.1,0.09600015272538888,0.003999847274611132,0.08399679276683375,0.0,0.0,0,0,3.8943048656420984,0.3646057662009605,3.487475334264278,-1.1865078238697706,3.8943048656420984,0.3646057662009605,-1.5499999999999896,15.24960161221818,0.06258906407790293,0.3169491554916455
scenario,84,1,0,0,certified_reset,0,1,0.09600015272538888,0.09200030545077775,0.003999847274611132,0.07999694549222262,0.0,0.0,0,0,3.487475334264278,-1.1865078238697706,1.701814428470098,-2.359557006037496,3.487475334264278,-1.1865078238697706,-1.180297335011447,12.450715898976368,0.06258906407790293,0.3169491554916455
scenario,84,2,0,0,certified_reset,0,1,0.09200030545077775,0.08800045817616663,0.003999847274611132,0.0759970982176115,0.0,0.0,0,0,1.701814428470098,-2.359557006037496,0.11418917065236964,-0.8197930416672701,1.701814428470098,-2.359557006037496,1.55,3.9583865166023195,0.06258906407790293,0.3169491554916455
scenario,84,3,0,0,certified_reset,0,1,0.08800045817616663,0.0840006109015555,0.003999847274611132,0.07199725094300037,0.0,0.0,0,0,0.11418917065236964,-0.8197930416672701,-0.168735706011809,0.2677433059444936,0.11418917065236964,-0.8197930416672701,1.093925449499215,0.16392690253072087,0.06258906407790293,0.3169491554916455
scenario,84,4,0,0,certified_reset,0,1,0.0840006109015555,0.08000076362694437,0.003999847274611132,0.06799740366838924,0.0,0.0,0,0,-0.168735706011809,0.2677433059444936,-0.020282811239353844,0.0404752626372214,-0.168735706011809,0.2677433059444936,-0.22639037583905278,0.04265661955817294,0.06258906407790293,0.3169491554916455
scenario,84,5,0,0,certified_reset,0,1,0.08000076362694437,0.07600091635233325,0.003999847274611132,0.06399755639377812,0.0,0.0,0,0,-0.020282811239353844,0.0404752626372214,0.0027223245915861975,0.0029318332703467684,-0.020282811239353844,0.0404752626372214,-0.03942886229257481,0.0007451427507127983,0.06258906407790293,0.3169491554916455
scenario,84,6,0,0,certified_reset,0,1,0.07600091635233325,0.07200106907772212,0.003999847274611132,0.05999770911916699,0.0,0.0,0,0,0.0027223245915861975,0.0029318332703467684,0.002708129791320287,0.0053796280085675685,0.0027223245915861975,0.0029318332703467684,-0.007034708015409428,1.0195445442026799e-05,0.06258906407790293,0.3169491554916455
scenario,84,7,0,0,certified_reset,0,1,0.07200106907772212,0.068001221803111,0.003999847274611132,0.05599786184455586,0.0,0.0,0,0,0.002708129791320287,0.0053796280085675685,0.001049598968024059,-0.003130913279156926,0.002708129791320287,0.0053796280085675685,-0.010618571439986723,1.5362090004190644e-05,0.06258906407790293,0.3169491554916455
scenario,84,8,0,0,certified_reset,0,1,0.068001221803111,0.06400137452849987,0.003999847274611132,0.051998014569944725,0.0,0.0,0,0,0.001049598968024059,-0.003130913279156926,-0.0001542205748865156,0.006201425794272521,0.001049598968024059,-0.003130913279156926,0.003564461982258987,3.1837639573396224e-06,0.06258906407790293,0.3169491554916455
scenario,84,9,0,0,certified_reset,0,1,0.06400137452849987,0.060001527253888735,0.003999847274611132,0.04799816729533359,0.0,0.0,0,0,-0.0001542205748865156,0.006201425794272521,-0.004212260576846089,0.006155650457006936,-0.0001542205748865156,0.006201425794272521,-0.008979316522918748,8.961869854923711e-06,0.06258906407790293,0.3169491554916455
scenario,84,10,0,0,certified_reset,0,1,0.060001527253888735,0.0560016799792776,0.003999847274611132,0.04399832002072246,0.0,0.0,0,0,-0.004212260576846089,0.006155650457006936,-0.0071222159273838515,0.004406428073185312,-0.004212260576846089,0.006155650457006936,-0.004874121924440327,2.5157631639402437e-05,0.06258906407790293,0.3169491554916455
scenario,84,11,0,0,certified_reset,0,1,0.0560016799792776,0.05200183270466647,0.003999847274611132,0.039998472746111326,0.0,0.0,0,0,-0.0071222159273838515,0.004406428073185312,-0.0021987561278777497,0.016812191941570437,-0.0071222159273838515,0.004406428073185312,0.0005982227405551965,5.422989598301116e-05,0.06258906407790293,0.3169491554916455
scenario,84,12,0,0,certified_reset,0,1,0.05200183270466647,0.048001985430055336,0.003999847274611132,0.03599862547150019,0.0,0.0,0,0,-0.0021987561278777497,0.016812191941570437,0.00772423164142696,0.0074911718024953874,-0.0021987561278777497,0.016812191941570437,-0.022577776657063623,6.84553920977232e-05,0.06258906407790293,0.3169491554916455
scenario,84,13,0,0,certified_reset,0,1,0.048001985430055336,0.0440021381554442,0.003999847274611132,0.03199877819688906,0.0,0.0,0,0,0.00772423164142696,0.0074911718024953874,0.011093252794422803,-0.015135002985266328,0.00772423164142696,0.0074911718024953874,-0.01872411883574516,7.852974800020945e-05,0.06258906407790293,0.3169491554916455
scenario,84,14,1,1,certified_reset,0,1,0.0440021381554442,0.04000229088083307,0.003999847274611132,0.02799893092227793,0.0,0.0,0,0,0.011093252794422803,-0.015135002985266328,0.014911596600388204,0.001844659928336349,0.011093252794422803,-0.015135002985266328,0.011249757340137166,0.0001674564803317923,0.0659683941917073,0.3371807140592316
scenario,84,15,0,0,certified_reset,0,1,0.04000229088083307,0.036002443606221936,0.003999847274611132,0.023999083647666796,0.0,0.0,0,0,0.014911596600388204,0.001844659928336349,0.004846597216804339,-0.002496106090291368,0.014911596600388204,0.001844659928336349,-0.017565010623256085,0.00023068145177280428,0.06258906407790293,0.3169491554916455
scenario,84,16,0,0,certified_reset,0,1,0.036002443606221936,0.0320025963316108,0.003999847274611132,0.019999236373055663,0.0,0.0,0,0,0.004846597216804339,-0.002496106090291368,0.0009067691904003384,-0.005182071841161145,0.004846597216804339,-0.002496106090291368,-0.0011491212284363691,2.4644014782394777e-05,0.06258906407790293,0.3169491554916455
scenario,84,17,0,0,certified_reset,0,1,0.0320025963316108,0.02800274905699967,0.003999847274611132,0.01599938909844453,0.0,0.0,0,0,0.0009067691904003384,-0.005182071841161145,-0.0037543731826410465,0.007109590898509232,0.0009067691904003384,-0.005182071841161145,0.006726660490019174,6.787125740410856e-06,0.06258906407790293,0.3169491554916455
scenario,84,18,0,0,certified_reset,0,1,0.02800274905699967,0.024002901782388536,0.003999847274611132,0.011999541823833396,0.0,0.0,0,0,-0.0037543731826410465,0.007109590898509232,0.009106743066199078,-0.00948932847280588,-0.0037543731826410465,0.007109590898509232,-0.006733830648390019,2.4327260768513932e-05,0.06258906407790293,0.3169491554916455
scenario,84,19,0,0,certified_reset,0,1,0.024002901782388536,0.020003054507777403,0.003999847274611132,0.007999694549222265,0.0,0.0,0,0,0.009106743066199078,-0.00948932847280588,0.005904182747298779,-0.011400749671186271,0.009106743066199078,-0.00948932847280588,0.004916667527963908,9.974563363894314e-05,0.06258906407790293,0.3169491554916455
scenario,84,20,0,0,certified_reset,0,1,0.020003054507777403,0.01600320723316627,0.003999847274611132,0.003999847274611132,0.0,0.0,0,0,0.005904182747298779,-0.011400749671186271,0.004867652188885743,-0.008441328618427309,0.005904182747298779,-0.011400749671186271,0.010913293908749197,6.123275026367882e-05,0.06258906407790293,0.3169491554916455
scenario,84,21,0,0,certified_reset,0,1,0.01600320723316627,0.012003359958555136,0.003999847274611132,0.0,0.0,0.0,0,0,0.004867652188885743,-0.008441328618427309,-0.0003940624210906241,0.0032338282411295913,0.004867652188885743,-0.008441328618427309,0.007586514896527031,3.795900323081521e-05,0.06258906407790293,0.3169491554916455
scenario,85,0,0,0,certified_reset,0,1,0.1,0.09600015272538888,0.003999847274611132,0.08399679276683375,0.0,0.0,0,0,2.0919052455805254,-0.06317879804932869,1.251200696099956,-1.6114670485127598,2.0919052455805254,-0.06317879804932869,-1.5499999999998477,4.436848537381439,0.06258906407790293,0.3169491554916455
scenario,85,1,0,0,certified_reset,0,1,0.09600015272538888,0.09200030545077775,0.003999847274611132,0.07999694549222262,0.0,0.0,0,0,1.251200696099956,-1.6114670485127598,0.20874324025180102,-0.4824704439217359,1.251200696099956,-1.6114670485127598,1.1279402967702874,2.0647381034676067,0.06258906407790293,0.3169491554916455
scenario,85,2,0,0,certified_reset,0,1,0.09200030545077775,0.08800045817616663,0.003999847274611132,0.0759970982176115,0.0,0.0,0,0,0.20874324025180102,-0.4824704439217359,-0.01902430753946226,0.01426932855917435,0.20874324025180102,-0.4824704439217359,0.5028628373129258,0.09179550744602791,0.06258906407790293,0.3169491554916455
scenario,85,3,0,0,certified_reset,0,1,0.08800045817616663,0.0840006109015555,0.003999847274611132,0.07199725094300037,0.0,0.0,0,0,-0.01902430753946226,0.01426932855917435,-0.005212548124826121,0.027405371867513934,-0.01902430753946226,0.01426932855917435,-0.002075591997036205,0.00039868245216483495,0.06258906407790293,0.3169491554916455
scenario,85,4,0,0,certified_reset,0,1,0.0840006109015555,0.08000076362694437,0.003999847274611132,0.06799740366838924,0.0,0.0,0,0,-0.005212548124826121,0.027405371867513934,0.00743893739184771,-0.013691802590889566,-0.005212548124826121,0.027405371867513934,-0.035183054755274314,0.0001933066347968544,0.06258906407790293,0.3169491554916455
scenario,85,5,0,0,certified_reset,0,1,0.08000076362694437,0.07600091635233325,0.003999847274611132,0.06399755639377812,0.0,0.0,0,0,0.00743893739184771,-0.013691802590889566,0.007866280089954308,-0.006858479839372642,0.00743893739184771,-0.013691802590889566,0.012757429193607126,9.315037198439773e-05,0.06258906407790293,0.3169491554916455
scenario,85,6,1,1,certified_reset,0,1,0.07600091635233325,0.07200106907772212,0.003999847274611132,0.05999770911916699,0.0,0.0,0,0,0.007866280089954308,-0.006858479839372642,0.001789398514828339,0.011693676575067456,0.007866280089954308,-0.006858479839372642,0.0022730503417711136,7.047450562729178e-05,0.0659683941917073,0.3371807140592316
scenario,85,7,1,1,certified_reset,0,1,0.07200106907772212,0.068001221803111,0.003999847274611132,0.05599786184455586,0.0,0.0,0,0,0.001789398514828339,0.011693676575067456,0.030087996930026437,0.006294323974149899,0.001789398514828339,0.011693676575067456,-0.01900780514256292,3.684793638492154e-05,0.0659683941917073,0.3371807140592316
scenario,85,8,1,1,certified_reset,0,1,0.068001221803111,0.06400137452849987,0.003999847274611132,0.051998014569944725,0.0,0.0,0,0,0.030087996930026437,0.006294323974149899,0.009692331445748844,-0.02854213689112835,0.030087996930026437,0.006294323974149899,-0.039236246743882465,0.0009509059682974314,0.0659683941917073,0.3371807140592316
scenario,85,9,0,0,certified_reset,0,1,0.06400137452849987,0.060001527253888735,0.003999847274611132,0.04799816729533359,0.0,0.0,0,0,0.009692331445748844,-0.02854213689112835,0.005377688705980951,0.0013049642965687848,0.009692331445748844,-0.02854213689112835,0.032394070303777486,0.0002668133277215476,0.06258906407790293,0.3169491554916455
scenario,85,10,0,0,certified_reset,0,1,0.060001527253888735,0.0560016799792776,0.003999847274611132,0.04399832002072246,0.0,0.0,0,0,0.005377688705980951,0.0013049642965687848,-0.0014327602501746132,0.002941768740550573,0.005377688705980951,0.0013049642965687848,-0.0072769434048623,3.054991117813177e-05,0.06258906407790293,0.3169491554916455
scenario,85,11,0,0,certified_reset,0,1,0.0560016799792776,0.05200183270466647,0.003999847274611132,0.039998472746111326,0.0,0.0,0,0,-0.0014327602501746132,0.002941768740550573,0.0032544979982152937,0.005723775090163917,-0.0014327602501746132,0.002941768740550573,-0.002907678347083936,3.821887366851431e-06,0.06258906407790293,0.3169491554916455
scenario,85,12,1,1,certified_reset,0,1,0.05200183270466647,0.048001985430055336,0.003999847274611132,0.03599862547150019,0.0,0.0,0,0,0.0032544979982152937,0.005723775090163917,-0.027395744144066113,-0.03820184930453921,0.0032544979982152937,0.005723775090163917,-0.011673994834471372,1.9895899336169532e-05,0.0659683941917073,0.3371807140592316
scenario,85,13,1,1,certified_reset,0,1,0.048001985430055336,0.0440021381554442,0.003999847274611132,0.03199877819688906,0.0,0.0,0,0,-0.027395744144066113,-0.03820184930453921,-0.011808060241650164,0.03242431286226792,-0.027395744144066113,-0.03820184930453921,0.0835567589279204,0.001187758728522208,0.0659683941917073,0.3371807140592316
scenario,85,14,1,1,certified_reset,0,1,0.0440021381554442,0.04000229088083307,0.003999847274611132,0.02799893092227793,0.0,0.0,0,0,-0.011808060241650164,0.03242431286226792,0.006734195188409533,-0.01604717870227084,-0.011808060241650164,0.03242431286226792,-0.03601024829339498,0.00036108922785048017,0.0659683941917073,0.3371807140592316
scenario,85,15,0,0,certified_reset,0,1,0.04000229088083307,0.036002443606221936,0.003999847274611132,0.023999083647666796,0.0,0.0,0,0,0.006734195188409533,-0.01604717870227084,-0.005728874980684408,0.0004973820286200292,0.006734195188409533,-0.01604717870227084,0.016929898848720856,9.886707168576678e-05,0.06258906407790293,0.3169491554916455
scenario,85,16,0,0,certified_reset,0,1,0.036002443606221936,0.0320025963316108,0.003999847274611132,0.019999236373055663,0.0,0.0,0,0,-0.005728874980684408,0.0004973820286200292,-0.009129393448883678,0.010945097732076811,-0.005728874980684408,0.0004973820286200292,0.004970246129599536,3.348212220786271e-05,0.06258906407790293,0.3169491554916455
scenario,85,17,1,1,certified_reset,0,1,0.0320025963316108,0.02800274905699967,0.003999847274611132,0.01599938909844453,0.0,0.0,0,0,-0.009129393448883678,0.010945097732076811,-0.002009624797263431,-0.00957628009288768,-0.009129393448883678,0.010945097732076811,-0.00703442268509591,0.00010614603189298335,0.0659683941917073,0.3371807140592316
scenario,85,18,2,2,certified_reset,0,1,0.02800274905699967,0.024002901782388536,0.003999847274611132,0.011999541823833396,0.0,0.0,0,0,-0.002009624797263431,-0.00957628009288768,-0.020762612243303995,0.011731780796898602,-0.002009624797263431,-0.00957628009288768,0.016111999790106284,2.7035430531824345e-05,0.07177064572129135,0.3726063481590821
scenario,85,19,2,2,certified_reset,0,1,0.024002901782388536,0.020003054507777403,0.003999847274611132,0.007999694549222265,0.0,0.0,0,0,-0.020762612243303995,0.011731780796898602,-0.01692818964791524,-0.026624716749865104,-0.020762612243303995,0.011731780796898602,0.0033907949003539623,0.00045614774693716973,0.07177064572129135,0.3726063481590821
scenario,85,20,2,2,certified_reset,0,1,0.020003054507777403,0.01600320723316627,0.003999847274611132,0.003999847274611132,0.0,0.0,0,0,-0.01692818964791524,-0.026624716749865104,-0.09239435932074004,0.07969326776781817,-0.01692818964791524,-0.026624716749865104,0.05607692577317683,0.0004927767424219428,0.07177064572129135,0.3726063481590821
scenario,85,21,2,2,certified_reset,0,1,0.01600320723316627,0.012003359958555136,0.003999847274611132,0.0,0.0,0.0,0,0,-0.09239435932074004,0.07969326776781817,-0.02780790777370865,0.037356076894142394,-0.09239435932074004,0.07969326776781817,-0.025391164917778306,0.009696018462639438,0.07177064572129135,0.3726063481590821
scenario,86,0,0,0,certified_reset,0,1,0.1,0.09600015272538888,0.003999847274611132,0.08399679276683375,0.0,0.0,0,0,-2.830811885005373,0.3041799062193078,-1.7510501915385315,1.8553331987676593,-2.830811885005373,0.3041799062193078,1.55,8.090213003050241,0.06258906407790293,0.3169491554916455
scenario,86,1,0,0,certified_reset,0,1,0.09600015272538888,0.09200030545077775,0.003999847274611132,0.07999694549222262,0.0,0.0,0,0,-1.7510501915385315,1.8553331987676593,-0.39918987920755716,0.8559834944603104,-1.7510501915385315,1.8553331987676593,-0.9894479635551109,3.7102589852226098,0.06258906407790293,0.3169491554916455
scenario,86,2,0,0,certified_reset,0,1,0.09200030545077775,0.08800045817616663,0.003999847274611132,0.0759970982176115,0.0,0.0,0,0,-0.39918987920755716,0.8559834944603104,0.01960532541062391,-0.0038435386285476957,-0.39918987920755716,0.8559834944603104,-0.8634468001976403,0.30987846278295983,0.06258906407790293,0.3169491554916455
scenario,86,3,0,0,certified_reset,0,1,0.08800045817616663,0.0840006109015555,0.003999847274611132,0.07199725094300037,0.0,0.0,0,0,0.01960532541062391,-0.0038435386285476957,0.0007441590344157978,-0.013321491536469086,0.01960532541062391,-0.0038435386285476957,-0.013860641342784539,0.0003918308209713332,0.06258906407790293,0.3169491554916455
scenario,86,4,0,0,certified_reset,0,1,0.0840006109015555,0.08000076362694437,0.003999847274611132,0.06799740366838924,0.0,0.0,0,0,0.0007441590344157978,-0.013321491536469086,-0.00012691541458329696,0.003293717273755859,0.0007441590344157978,-0.013321491536469086,0.01888561356663115,4.141361727932487e-05,0.06258906407790293,0.3169491554916455
scenario,86,5,0,0,certified_reset,0,1,0.08000076362694437,0.07600091635233325,0.003999847274611132,0.06399755639377812,0.0,0.0,0,0,-0.00012691541458329696,0.003293717273755859,-0.005320243066916622,-0.014826538595875953,-0.00012691541458329696,0.003293717273755859,-0.004723154936019434,2.5265555624987593e-06,0.06258906407790293,0.3169491554916455
scenario,86,6,0,0,certified_reset,0,1,0.07600091635233325,0.07200106907772212,0.003999847274611132,0.05999770911916699,0.0,0.0,0,0,-0.005320243066916622,-0.014826538595875953,-0.0034708693396957547,0.006431566689430457,-0.005320243066916622,-0.014826538595875953,0.0271402220313055,8.628850200108825e-05,0.06258906407790293,0.3169491554916455
scenario,86,7,0,0,certified_reset,0,1,0.07200106907772212,0.068001221803111,0.003999847274611132,0.05599786184455586,0.0,0.0,0,0,-0.0034708693396957547,0.006431566689430457,-0.0022907735257658365,-0.011188502596141178,-0.0034708693396957547,0.006431566689430457,-0.006016328029177228,2.0397548061613092e-05,0.06258906407790293,0.3169491554916455
scenario,86,8,0,0,certified_reset,0,1,0.068001221803111,0.06400137452849987,0.003999847274611132,0.051998014569944725,0.0,0.0,0,0,-0.0022907735257658365,-0.011188502596141178,-0.0018219839645752952,0.005279561273947366,-0.0022907735257658365,-0.011188502596141178,0.01876327950597377,3.658202605372644e-05,0.06258906407790293,0.3169491554916455
scenario,86,9,0,0,certified_reset,0,1,0.06400137452849987,0.060001527253888735,0.003999847274611132,0.04799816729533359,0.0,0.0,0,0,-0.0018219839645752952,0.005279561273947366,-0.000777388403324726,0.004407022466909132,-0.0018219839645752952,0.005279561273947366,-0.005962847845601341,9.225792532079977e-06,0.06258906407790293,0.3169491554916455
scenario,86,10,0,0,certified_reset,0,1,0.060001527253888735,0.0560016799792776,0.003999847274611132,0.04399832002072246,0.0,0.0,0,0,-0.000777388403324726,0.004407022466909132,0.0022013364421156175,0.0017230559664037901,-0.000777388403324726,0.004407022466909132,-0.005718066252308963,4.917672235560167e-06,0.06258906407790293,0.3169491554916455
scenario,86,11,0,0,certified_reset,0,1,0.0560016799792776,0.05200183270466647,0.003999847274611132,0.039998472746111326,0.0,0.0,0,0,0.0022013364421156175,0.0017230559664037901,0.004942393145448356,0.0027692193619147033,0.0022013364421156175,0.0017230559664037901,-0.004728308752098799,5.9392106581703436e-06,0.06258906407790293,0.3169491554916455
scenario,86,12,0,0,certified_reset,0,1,0.05200183270466647,0.048001985430055336,0.003999847274611132,0.03599862547150019,0.0,0.0,0,0,0.004942393145448356,0.0027692193619147033,0.00925678592963771,-0.015853630460192274,0.004942393145448356,0.0027692193619147033,-0.009000119840008276,2.783264758993025e-05,0.06258906407790293,0.3169491554916455
scenario,86,13,0,0,certified_reset,0,1,0.048001985430055336,0.0440021381554442,0.003999847274611132,0.03199877819688906,0.0,0.0,0,0,0.00925678592963771,-0.015853630460192274,0.002100496896881462,-0.006051145960780951,0.00925678592963771,-0.015853630460192274,0.014136390204803114,0.00013592479172600056,0.06258906407790293,0.3169491554916455
scenario,86,14,0,0,certified_reset,0,1,0.0440021381554442,0.04000229088083307,0.003999847274611132,0.02799893092227793,0.0,0.0,0,0,0.002100496896881462,-0.006051145960780951,-0.006977329572393061,-0.004505187404075851,0.002100496896881462,-0.006051145960780951,0.006819427200822156,1.216564803645309e-05,0.06258906407790293,0.3169491554916455
scenario,86,15,0,0,certified_reset,0,1,0.04000229088083307,0.036002443606221936,0.003999847274611132,0.023999083647666796,0.0,0.0,0,0,-0.006977329572393061,-0.004505187404075851,-0.0022148690534423234,0.016537871053613686,-0.006977329572393061,-0.004505187404075851,0.01358310636411098,5.694905586251141e-05,0.06258906407790293,0.3169491554916455
scenario,86,16,0,0,certified_reset,0,1,0.036002443606221936,0.0320025963316108,0.003999847274611132,0.019999236373055663,0.0,0.0,0,0,-0.0022148690534423234,0.016537871053613686,0.002175674648288855,-0.007427649061698491,-0.0022148690534423234,0.016537871053613686,-0.022154786598434704,6.640672137192266e-05,0.06258906407790293,0.3169491554916455
scenario,86,17,0,0,certified_reset,0,1,0.0320025963316108,0.02800274905699967,0.003999847274611132,0.01599938909844453,0.0,0.0,0,0,0.002175674648288855,-0.007427649061698491,0.0070006116934928486,0.007732475754224976,0.002175674648288855,-0.007427649061698491,0.008775208876023843,1.658926215072811e-05,0.06258906407790293,0.3169491554916455
scenario,86,18,0,0,certified_reset,0,1,0.02800274905699967,0.024002901782388536,0.003999847274611132,0.011999541823833396,0.0,0.0,0,0,0.0070006116934928486,0.007732475754224976,-0.002306766220094821,-0.011912560957102065,0.0070006116934928486,0.007732475754224976,-0.018363398368817303,6.820133670650773e-05,0.06258906407790293,0.3169491554916455
scenario,86,19,0,0,certified_reset,0,1,0.024002901782388536,0.020003054507777403,0.003999847274611132,0.007999694549222265,0.0,0.0,0,0,-0.002306766220094821,-0.011912560957102065,-0.0019301750173030038,0.005087295433169393,-0.002306766220094821,-0.011912560957102065,0.01984893940087525,4.0714319817862043e-05,0.06258906407790293,0.3169491554916455
scenario,86,20,0,0,certified_reset,0,1,0.020003054507777403,0.01600320723316627,0.003999847274611132,0.003999847274611132,0.0,0.0,0,0,-0.0019301750173030038,0.005087295433169393,-2.1388478985389118e-05,0.004844603509162156,-0.0019301750173030038,0.005087295433169393,-0.005573054975462807,9.160552609791228e-06,0.06258906407790293,0.3169491554916455
scenario,86,21,0,0,certified_reset,0,1,0.01600320723316627,0.012003359958555136,0.003999847274611132,0.0,0.0,0.0,0,0,-2.1388478985389118e-05,0.004844603509162156,-0.00024195215536920028,-0.018089889411264368,-2.1388478985389118e-05,0.004844603509162156,-0.0071139592669452216,5.490300847304734e-06,0.06258906407790293,0.3169491554916455
scenario,87,0,0,0,certified_reset,0,1,0.1,0.09600015272538888,0.003999847274611132,0.08399679276683375,0.0,0.0,0,0,-4.0178371087838,-0.45670419780627947,-3.70293427706419,1.093890917572038,-4.0178371087838,-0.45670419780627947,1.5499999999997838,16.240621703093044,0.06258906407790293,0.3169491554916455
scenario,87,1,0,0,certified_reset,0,1,0.09600015272538888,0.09200030545077775,0.003999847274611132,0.07999694549222262,0.0,0.0,0,0,-3.70293427706419,1.093890917572038,-1.903502173925247,2.488115731828339,-3.70293427706419,1.093890917572038,1.4007421343895656,13.97616174455164,0.06258906407790293,0.3169491554916455
scenario,87,2,0,0,certified_reset,0,1,0.09200030545077775,0.08800045817616663,0.003999847274611132,0.0759970982176115,0.0,0.0,0,0,-1.903502173925247,2.488115731828339,-0.1936101080499576,0.9336955441694934,-1.903502173925247,2.488115731828339,-1.55,4.797712607233041,0.06258906407790293,0.3169491554916455
scenario,87,3,0,0,certified_reset,0,1,0.08800045817616663,0.0840006109015555,0.003999847274611132,0.07199725094300037,0.0,0.0,0,0,-0.1936101080499576,0.9336955441694934,0.14842251315432373,-0.2429748938519254,-0.1936101080499576,0.9336955441694934,-1.1826300063926747,0.22937194369597863,0.06258906407790293,0.3169491554916455
scenario,87,4,0,0,certified_reset,0,1,0.0840006109015555,0.08000076362694437,0.003999847274611132,0.06799740366838924,0.0,0.0,0,0,0.14842251315432373,-0.2429748938519254,0.01780007313975264,-0.03994469583902647,0.14842251315432373,-0.2429748938519254,0.21013118387036595,0.03375974409953823,0.06258906407790293,0.3169491554916455
scenario,87,5,0,0,certified_reset,0,1,0.08000076362694437,0.07600091635233325,0.003999847274611132,0.06399755639377812,0.0,0.0,0,0,0.01780007313975264,-0.03994469583902647,-0.00041556133965826685,-0.010428219875696022,0.01780007313975264,-0.03994469583902647,0.04111914435701761,0.0006463163752178956,0.06258906407790293,0.3169491554916455
scenario,87,6,0,0,certified_reset,0,1,0.07600091635233325,0.07200106907772212,0.003999847274611132,0.05999770911916699,0.0,0.0,0,0,-0.00041556133965826685,-0.010428219875696022,0.003127482354717195,0.013455492290661689,-0.00041556133965826685,-0.010428219875696022,0.01577947168729803,2.5972082954929656e-05,0.06258906407790293,0.3169491554916455
scenario,87,7,0,0,certified_reset,0,1,0.07200106907772212,0.068001221803111,0.003999847274611132,0.05599786184455586,0.0,0.0,0,0,0.003127482354717195,0.013455492290661689,0.006015087051447909,-0.0001286095010868682,0.003127482354717195,0.013455492290661689,-0.02293699734242962,5.55228411573631e-05,0.06258906407790293,0.3169491554916455
scenario,87,8,0,0,certified_reset,0,1,0.068001221803111,0.06400137452849987,0.003999847274611132,0.051998014569944725,0.0,0.0,0,0,0.006015087051447909,-0.0001286095010868682,0.00015123792309866112,-0.001404837841074179,0.006015087051447909,-0.0001286095010868682,-0.005800470207656227,3.702538587492255e-05,0.06258906407790293,0.3169491554916455
scenario,87,9,0,0,certified_reset,0,1,0.06400137452849987,0.060001527253888735,0.003999847274611132,0.04799816729533359,0.0,0.0,0,0,0.00015123792309866112,-0.001404837841074179,-0.0002622741183792316,-0.01824134020583814,0.00015123792309866112,-0.001404837841074179,0.0019161712621390535,4.6990820177789874e-07,0.06258906407790293,0.3169491554916455
scenario,87,10,0,0,certified_reset,0,1,0.060001527253888735,0.0560016799792776,0.003999847274611132,0.04399832002072246,0.0,0.0,0,0,-0.0002622741183792316,-0.01824134020583814,-0.00996759019425662,0.002623789582812016,-0.0002622741183792316,-0.01824134020583814,0.027133423084260914,7.836872257083204e-05,0.06258906407790293,0.3169491554916455
scenario,87,11,0,0,certified_reset,0,1,0.0560016799792776,0.05200183270466647,0.003999847274611132,0.039998472746111326,0.0,0.0,0,0,-0.00996759019425662,0.002623789582812016,-0.006309226160017025,0.009985348539825713,-0.00996759019425662,0.002623789582812016,0.006063883449871237,0.00010151129026245838,0.06258906407790293,0.3169491554916455
scenario,87,12,0,0,certified_reset,0,1,0.05200183270466647,0.048001985430055336,0.003999847274611132,0.03599862547150019,0.0,0.0,0,0,-0.006309226160017025,0.009985348539825713,-0.007032825087505831,-0.003568644058658789,-0.006309226160017025,0.009985348539825713,-0.008424694203274428,5.952801493183423e-05,0.06258906407790293,0.3169491554916455
scenario,87,13,0,0,certified_reset,0,1,0.048001985430055336,0.0440021381554442,0.003999847274611132,0.03199877819688906,0.0,0.0,0,0,-0.007032825087505831,-0.003568644058658789,-0.0017524989587197745,0.019000925131731822,-0.007032825087505831,-0.003568644058658789,0.012258801879406414,5.550992397454698e-05,0.06258906407790293,0.3169491554916455
scenario,87,14,0,0,certified_reset,0,1,0.0440021381554442,0.04000229088083307,0.003999847274611132,0.02799893092227793,0.0,0.0,0,0,-0.0017524989587197745,0.019000925131731822,0.0007584770369191366,-0.001043108991129779,-0.0017524989587197745,0.019000925131731822,-0.0262475276482797,8.528089834659611e-05,0.06258906407790293,0.3169491554916455
scenario,87,15,0,0,certified_reset,0,1,0.04000229088083307,0.036002443606221936,0.003999847274611132,0.023999083647666796,0.0,0.0,0,0,0.0007584770369191366,-0.001043108991129779,-0.0029208137789607453,-0.00685430076309394,0.0007584770369191366,-0.001043108991129779,0.0007811645881528494,7.863966145058749e-07,0.06258906407790293,0.3169491554916455
scenario,87,16,0,0,certified_reset,0,1,0.036002443606221936,0.0320025963316108,0.003999847274611132,0.019999236373055663,0.0,0.0,0,0,-0.0029208137789607453,-0.00685430076309394,-0.005114084513484888,0.005071445825672797,-0.0029208137789607453,-0.00685430076309394,0.013004187099372112,2.1215534195424884e-05,0.06258906407790293,0.3169491554916455
scenario,87,17,0,0,certified_reset,0,1,0.0320025963316108,0.02800274905699967,0.003999847274611132,0.01599938909844453,0.0,0.0,0,0,-0.005114084513484888,0.005071445825672797,0.0015020914664710674,0.005850706364788631,-0.005114084513484888,0.005071445825672797,-0.00237829155716377,3.092478847663e-05,0.06258906407790293,0.3169491554916455
scenario,87,18,0,0,certified_reset,0,1,0.02800274905699967,0.024002901782388536,0.003999847274611132,0.011999541823833396,0.0,0.0,0,0,0.0015020914664710674,0.005850706364788631,0.0023192465798240474,-0.0018804398235965536,0.0015020914664710674,0.005850706364788631,-0.010112806890132322,1.0974538047628973e-05,0.06258906407790293,0.3169491554916455
scenario,87,19,0,0,certified_reset,0,1,0.024002901782388536,0.020003054507777403,0.003999847274611132,0.007999694549222265,0.0,0.0,0,0,0.0023192465798240474,-0.0018804398235965536,0.000904117485427506,-0.00375970145185257,0.0023192465798240474,-0.0018804398235965536,0.0004602701057616044,6.020690619712198e-06,0.06258906407790293,0.3169491554916455
scenario,87,20,1,1,certified_reset,0,1,0.020003054507777403,0.01600320723316627,0.003999847274611132,0.003999847274611132,0.0,0.0,0,0,0.000904117485427506,-0.00375970145185257,0.017394379683554118,-0.01417565376615208,0.000904117485427506,-0.00375970145185257,0.004639861593260202,3.900000218842252e-06,0.0659683941917073,0.3371807140592316
scenario,87,21,1,1,certified_reset,0,1,0.01600320723316627,0.012003359958555136,0.003999847274611132,0.0,0.0,0.0,0,0,0.017394379683554118,-0.01417565376615208,0.011297921950302752,0.0107007947804849,0.017394379683554118,-0.01417565376615208,0.0035649838747298292,0.00033905302107192526,0.0659683941917073,0.3371807140592316
scenario,88,0,0,0,certified_reset,0,1,0.1,0.09600015272538888,0.003999847274611132,0.08399679276683375,0.0,0.0,0,0,3.7956725106930165,-0.3295426937986731,2.6975949406268844,-1.8835491195067158,3.7956725106930165,-0.3295426937986731,-1.5499999999999965,14.486740018097121,0.06258906407790293,0.3169491554916455
scenario,88,1,0,0,certified_reset,0,1,0.09600015272538888,0.09200030545077775,0.003999847274611132,0.07999694549222262,0.0,0.0,0,0,2.6975949406268844,-1.8835491195067158,0.9064411348072793,-1.6974814048518079,2.6975949406268844,-1.8835491195067158,0.20266566936835187,7.916641609441292,0.06258906407790293,0.3169491554916455
scenario,88,2,1,1,certified_reset,0,1,0.09200030545077775,0.08800045817616663,0.003999847274611132,0.0759970982176115,0.0,0.0,0,0,0.9064411348072793,-1.6974814048518079,-0.015176867719073438,-0.17314730664581585,0.9064411348072793,-1.6974814048518079,1.55,1.4003577924378883,0.0659683941917073,0.3371807140592316
scenario,88,3,1,1,certified_reset,0,1,0.08800045817616663,0.0840006109015555,0.003999847274611132,0.07199725094300037,0.0,0.0,0,0,-0.015176867719073438,-0.17314730664581585,-0.06580247481402657,0.10923306612136584,-0.015176867719073438,-0.17314730664581585,0.2701745046946438,0.007451592052203189,0.0659683941917073,0.3371807140592316
scenario,88,4,0,0,certified_reset,0,1,0.0840006109015555,0.08000076362694437,0.003999847274611132,0.06799740366838924,0.0,0.0,0,0,-0.06580247481402657,0.10923306612136584,-0.00720412762782548,0.003910387802529404,-0.06580247481402657,0.10923306612136584,-0.09538899824739701,0.0067051775084860914,0.06258906407790293,0.3169491554916455
scenario,88,5,0,0,certified_reset,0,1,0.08000076362694437,0.07600091635233325,0.003999847274611132,0.06399755639377812,0.0,0.0,0,0,-0.00720412762782548,0.003910387802529404,0.0014233014352030976,0.006515711190749835,-0.00720412762782548,0.003910387802529404,0.0014131352448976515,5.470178255641841e-05,0.06258906407790293,0.3169491554916455
scenario,88,6,0,0,certified_reset,0,1,0.07600091635233325,0.07200106907772212,0.003999847274611132,0.05999770911916699,0.0,0.0,0,0,0.0014233014352030976,0.006515711190749835,-0.002741131376854341,-0.005000530162809747,0.0014233014352030976,0.006515711190749835,-0.01101515319104507,1.270093558883323e-05,0.06258906407790293,0.3169491554916455
scenario,88,7,0,0,certified_reset,0,1,0.07200106907772212,0.068001221803111,0.003999847274611132,0.05599786184455586,0.0,0.0,0,0,-0.002741131376854341,-0.005000530162809747,-0.00019062375393177075,0.021475651434244597,-0.002741131376854341,-0.005000530162809747,0.010096641811948864,1.456330996579584e-05,0.06258906407790293,0.3169491554916455
scenario,88,8,0,0,certified_reset,0,1,0.068001221803111,0.06400137452849987,0.003999847274611132,0.051998014569944725,0.0,0.0,0,0,-0.00019062375393177075,0.021475651434244597,0.008538749463393926,-0.015636528034167818,-0.00019062375393177075,0.021475651434244597,-0.03144821718487592,0.00010777774533277213,0.06258906407790293,0.3169491554916455
scenario,88,9,0,0,certified_reset,0,1,0.06400137452849987,0.060001527253888735,0.003999847274611132,0.04799816729533359,0.0,0.0,0,0,0.008538749463393926,-0.015636528034167818,-0.0016317679679852283,0.012609971798958312,0.008538749463393926,-0.015636528034167818,0.014528632266586556,0.00012219745290044945,0.06258906407790293,0.3169491554916455
scenario,88,10,0,0,certified_reset,0,1,0.060001527253888735,0.0560016799792776,0.003999847274611132,0.04399832002072246,0.0,0.0,0,0,-0.0016317679679852283,0.012609971798958312,-0.0003019874152708434,-0.007857257612981453,-0.0016317679679852283,0.012609971798958312,-0.01694983965353902,3.846714328705404e-05,0.06258906407790293,0.3169491554916455
scenario,88,11,0,0,certified_reset,0,1,0.0560016799792776,0.05200183270466647,0.003999847274611132,0.039998472746111326,0.0,0.0,0,0,-0.0003019874152708434,-0.007857257612981453,0.001787859863597762,0.009692820402326559,-0.0003019874152708434,-0.007857257612981453,0.011874960719468213,1.472913319662069e-05,0.06258906407790293,0.3169491554916455
scenario,88,12,0,0,certified_reset,0,1,0.05200183270466647,0.048001985430055336,0.003999847274611132,0.03599862547150019,0.0,0.0,0,0,0.001787859863597762,0.009692820402326559,0.006385254987572665,0.004284090072628612,0.001787859863597762,0.009692820402326559,-0.016059773751796524,2.655548933915256e-05,0.06258906407790293,0.3169491554916455
scenario,88,13,0,0,certified_reset,0,1,0.048001985430055336,0.0440021381554442,0.003999847274611132,0.03199877819688906,0.0,0.0,0,0,0.006385254987572665,0.004284090072628612,0.004586276186041191,0.003704156362419284,0.006385254987572665,0.004284090072628612,-0.012669556785826451,4.808803998012473e-05,0.06258906407790293,0.3169491554916455
scenario,88,14,0,0,certified_reset,0,1,0.0440021381554442,0.04000229088083307,0.003999847274611132,0.02799893092227793,0.0,0.0,0,0,0.004586276186041191,0.003704156362419284,-0.002364425913415652,0.0040015703105557455,0.004586276186041191,0.003704156362419284,-0.010025108328495324,2.6016238563905423e-05,0.06258906407790293,0.3169491554916455
scenario,88,15,0,0,certified_reset,0,1,0.04000229088083307,0.036002443606221936,0.003999847274611132,0.023999083647666796,0.0,0.0,0,0,-0.002364425913415652,0.0040015703105557455,0.00595954517265809,-0.0030404442194474253,-0.002364425913415652,0.0040015703105557455,-0.0035414404413937513,8.786316601087737e-06,0.06258906407790293,0.3169491554916455
scenario,88,16,0,0,certified_reset,0,1,0.036002443606221936,0.0320025963316108,0.003999847274611132,0.019999236373055663,0.0,0.0,0,0,0.00595954517265809,-0.0030404442194474253,-0.007234266393604044,-0.005608772480266257,0.00595954517265809,-0.0030404442194474253,-0.0014544329176691161,3.723303723203516e-05,0.06258906407790293,0.3169491554916455
scenario,88,17,0,0,certified_reset,0,1,0.0320025963316108,0.02800274905699967,0.003999847274611132,0.01599938909844453,0.0,0.0,0,0,-0.007234266393604044,-0.005608772480266257,-0.004385519947179431,0.01172166201320252,-0.007234266393604044,-0.005608772480266257,0.015466624729985088,6.397752143945409e-05,0.06258906407790293,0.3169491554916455
scenario,88,18,1,1,certified_reset,0,1,0.02800274905699967,0.024002901782388536,0.003999847274611132,0.011999541823833396,0.0,0.0,0,0,-0.004385519947179431,0.01172166201320252,0.00627646023254702,0.03822429341740664,-0.004385519947179431,0.01172166201320252,-0.012900717861555375,4.8125023104010917e-05,0.0659683941917073,0.3371807140592316
scenario,88,19,1,1,certified_reset,0,1,0.024002901782388536,0.020003054507777403,0.003999847274611132,0.007999694549222265,0.0,0.0,0,0,0.00627646023254702,0.03822429341740664,0.0019595722131436344,-0.04302562172513516,0.00627646023254702,0.03822429341740664,-0.06256169535806842,0.0004002404855094376,0.0659683941917073,0.3371807140592316
scenario,88,20,0,0,certified_reset,0,1,0.020003054507777403,0.01600320723316627,0.003999847274611132,0.003999847274611132,0.0,0.0,0,0,0.0019595722131436344,-0.04302562172513516,-0.008677804132383364,0.015954128208956718,0.0019595722131436344,-0.04302562172513516,0.06142640588187087,0.00043138674921782924,0.06258906407790293,0.3169491554916455
scenario,88,21,0,0,certified_reset,0,1,0.01600320723316627,0.012003359958555136,0.003999847274611132,0.0,0.0,0.0,0,0,-0.008677804132383364,0.015954128208956718,-0.015384801037018342,0.009213080600101998,-0.008677804132383364,0.015954128208956718,-0.014861726468662333,0.00012664221464415238,0.06258906407790293,0.3169491554916455
scenario,89,0,0,0,certified_reset,0,1,0.1,0.09600015272538888,0.003999847274611132,0.08399679276683375,0.0,0.0,0,0,-0.5296112787999938,0.07295958030431227,-0.24528018245976188,0.48955739064844034,-0.5296112787999938,0.07295958030431227,0.4198921104365227,0.2858539993068083,0.06258906407790293,0.3169491554916455
scenario,89,1,0,0,certified_reset,0,1,0.09600015272538888,0.09200030545077775,0.003999847274611132,0.07999694549222262,0.0,0.0,0,0,-0.24528018245976188,0.48955739064844034,0.004505901961055741,0.005527355687991832,-0.24528018245976188,0.48955739064844034,-0.476922686718206,0.10898870810808861,0.06258906407790293,0.3169491554916455
scenario,89,2,0,0,certified_reset,0,1,0.09200030545077775,0.08800045817616663,0.003999847274611132,0.0759970982176115,0.0,0.0,0,0,0.004505901961055741,0.005527355687991832,0.009180339840637692,-0.00863113654890297,0.004505901961055741,0.005527355687991832,-0.01262813189461385,2.9789194323623682e-05,0.06258906407790293,0.3169491554916455
scenario,89,3,0,0,certified_reset,0,1,0.08800045817616663,0.0840006109015555,0.003999847274611132,0.07199725094300037,0.0,0.0,0,0,0.009180339840637692,-0.00863113654890297,-0.004076685212686324,-0.011441110788394299,0.009180339840637692,-0.00863113654890297,0.003572764263836062,9.800712896436885e-05,0.06258906407790293,0.3169491554916455
scenario,89,4,0,0,certified_reset,0,1,0.0840006109015555,0.08000076362694437,0.003999847274611132,0.06799740366838924,0.0,0.0,0,0,-0.004076685212686324,-0.011441110788394299,-0.007785116806405947,0.00834994530459328,-0.004076685212686324,-0.011441110788394299,0.020914119620575294,5.111619520394489e-05,0.06258906407790293,0.3169491554916455
scenario,89,5,0,0,certified_reset,0,1,0.08000076362694437,0.07600091635233325,0.003999847274611132,0.06399755639377812,0.0,0.0,0,0,-0.007785116806405947,0.00834994530459328,-0.00245290470744718,-0.0033193578273611277,-0.007785116806405947,0.00834994530459328,-0.0045480070713605925,7.367503848355886e-05,0.06258906407790293,0.3169491554916455
scenario,89,6,0,0,certified_reset,0,1,0.07600091635233325,0.07200106907772212,0.003999847274611132,0.05999770911916699,0.0,0.0,0,0,-0.00245290470744718,-0.0033193578273611277,0.0012687512425575607,0.011786774822155477,-0.00245290470744718,-0.0033193578273611277,0.007329229966787073,9.342946350959222e-06,0.06258906407790293,0.3169491554916455
scenario,89,7,0,0,certified_reset,0,1,0.07200106907772212,0.068001221803111,0.003999847274611132,0.05599786184455586,0.0,0.0,0,0,0.0012687512425575607,0.011786774822155477,0.0035051311318468467,-0.0022345072262470334,0.0012687512425575607,0.011786774822155477,-0.01862756516655802,3.529143524382619e-05,0.06258906407790293,0.3169491554916455
scenario,89,8,0,0,certified_reset,0,1,0.068001221803111,0.06400137452849987,0.003999847274611132,0.051998014569944725,0.0,0.0,0,0,0.0035051311318468467,-0.0022345072262470334,-0.002083145731167107,-0.009606618443468185,0.0035051311318468467,-0.0022345072262470334,-0.0001990361556213818,1.3185678694170107e-05,0.06258906407790293,0.3169491554916455
scenario,89,9,0,0,certified_reset,0,1,0.06400137452849987,0.060001527253888735,0.003999847274611132,0.04799816729533359,0.0,0.0,0,0,-0.002083145731167107,-0.009606618443468185,-0.007178544496627082,0.01061227330060325,-0.002083145731167107,-0.009606618443468185,0.016226176226347432,2.753339723580076e-05,0.06258906407790293,0.3169491554916455
scenario,89,10,0,0,certified_reset,0,1,0.060001527253888735,0.0560016799792776,0.003999847274611132,0.04399832002072246,0.0,0.0,0,0,-0.007178544496627082,0.01061227330060325,-0.0015490299202700582,0.004487398458971156,-0.007178544496627082,0.01061227330060325,-0.00848465381945107,7.360289688015848e-05,0.06258906407790293,0.3169491554916455
scenario,89,11,0,0,certified_reset,0,1,0.0560016799792776,0.05200183270466647,0.003999847274611132,0.039998472746111326,0.0,0.0,0,0,-0.0015490299202700582,0.004487398458971156,-0.009550112651547765,-0.010830319569423113,-0.0015490299202700582,0.004487398458971156,-0.005066091667060804,6.6657399006922435e-06,0.06258906407790293,0.3169491554916455
scenario,89,12,0,0,certified_reset,0,1,0.05200183270466647,0.048001985430055336,0.003999847274611132,0.03599862547150019,0.0,0.0,0,0,-0.009550112651547765,-0.010830319569423113,-0.006679154359787083,0.0017739482292228412,-0.009550112651547765,-0.010830319569423113,0.02546580304333513,0.00012853057772895036,0.06258906407790293,0.3169491554916455
scenario,89,13,0,0,certified_reset,0,1,0.048001985430055336,0.0440021381554442,0.003999847274611132,0.03199877819688906,0.0,0.0,0,0,-0.006679154359787083,0.0017739482292228412,-0.005837064997744381,0.006128084056104431,-0.006679154359787083,0.0017739482292228412,0.004037000248581154,4.558497785463222e-05,0.06258906407790293,0.3169491554916455
scenario,89,14,0,0,certified_reset,0,1,0.0440021381554442,0.04000229088083307,0.003999847274611132,0.02799893092227793,0.0,0.0,0,0,-0.005837064997744381,0.006128084056104431,0.005826173572144498,0.0036337158749324065,-0.005837064997744381,0.006128084056104431,-0.0032118009127615377,4.108883397123565e-05,0.06258906407790293,0.3169491554916455
scenario,89,15,0,0,certified_reset,0,1,0.04000229088083307,0.036002443606221936,0.003999847274611132,0.023999083647666796,0.0,0.0,0,0,0.005826173572144498,0.0036337158749324065,0.00790261131049777,-0.02217490970375303,0.005826173572144498,0.0036337158749324065,-0.011152967550874252,3.943071601327877e-05,0.06258906407790293,0.3169491554916455
scenario,89,16,0,0,certified_reset,0,1,0.036002443606221936,0.0320025963316108,0.003999847274611132,0.019999236373055663,0.0,0.0,0,0,0.00790261131049777,-0.02217490970375303,-0.0027034508729346213,-0.0014242593877812097,0.00790261131049777,-0.02217490970375303,0.02479792807722938,0.0001663354881144214,0.06258906407790293,0.3169491554916455
scenario,89,17,0,0,certified_reset,0,1,0.0320025963316108,0.02800274905699967,0.003999847274611132,0.01599938909844453,0.0,0.0,0,0,-0.0027034508729346213,-0.0014242593877812097,0.0035275506211747748,-0.002797716622570998,-0.0027034508729346213,-0.0014242593877812097,0.0047929572675145474,8.248090271239402e-06,0.06258906407790293,0.3169491554916455
scenario,89,18,0,0,certified_reset,0,1,0.02800274905699967,0.024002901782388536,0.003999847274611132,0.011999541823833396,0.0,0.0,0,0,0.0035275506211747748,-0.002797716622570998,0.0012260810849430992,-0.010073639200699955,0.0035275506211747748,-0.002797716622570998,0.0006094425902632047,1.386179818575902e-05,0.06258906407790293,0.3169491554916455
scenario,89,19,0,0,certified_reset,0,1,0.024002901782388536,0.020003054507777403,0.003999847274611132,0.007999694549222265,0.0,0.0,0,0,0.0012260810849430992,-0.010073639200699955,-0.0011571544740045419,0.006835322197765115,0.0012260810849430992,-0.010073639200699955,0.013617191260619547,2.440504948682077e-05,0.06258906407790293,0.3169491554916455
scenario,89,20,0,0,certified_reset,0,1,0.020003054507777403,0.01600320723316627,0.003999847274611132,0.003999847274611132,0.0,0.0,0,0,-0.0011571544740045419,0.006835322197765115,-0.002220139221849739,0.001344448331171839,-0.0011571544740045419,0.006835322197765115,-0.00891740458185642,1.1736902407128468e-05,0.06258906407790293,0.3169491554916455
scenario,89,21,0,0,certified_reset,0,1,0.01600320723316627,0.012003359958555136,0.003999847274611132,0.0,0.0,0.0,0,0,-0.002220139221849739,0.001344448331171839,-0.009343488681050581,-0.007467350735548294,-0.002220139221849739,0.001344448331171839,0.00022528297936445763,5.2556444116496814e-06,0.06258906407790293,0.3169491554916455
scenario,90,0,0,0,certified_reset,0,1,0.1,0.09600015272538888,0.003999847274611132,0.08399679276683375,0.0,0.0,0,0,-2.796171658872948,-0.35270808633868467,-2.3727666766840794,1.2088944197461662,-2.796171658872948,-0.35270808633868467,1.5499999999999996,7.901030984834659,0.06258906407790293,0.3169491554916455
scenario,90,1,0,0,certified_reset,0,1,0.09600015272538888,0.09200030545077775,0.003999847274611132,0.07999694549222262,0.0,0.0,0,0,-2.3727666766840794,1.2088944197461662,-0.9279079464946912,1.6903663426637712,-2.3727666766840794,1.2088944197461662,0.4761351554130557,5.898745948394731,0.06258906407790293,0.3169491554916455
scenario,90,2,0,0,certified_reset,0,1,0.09200030545077775,0.08800045817616663,0.003999847274611132,0.0759970982176115,0.0,0.0,0,0,-0.9279079464946912,1.6903663426637712,-0.011638966459675496,0.1455040684874911,-0.9279079464946912,1.6903663426637712,-1.55,1.4353965642018836,0.06258906407790293,0.3169491554916455
scenario,90,3,0,0,certified_reset,0,1,0.08800045817616663,0.0840006109015555,0.003999847274611132,0.07199725094300037,0.0,0.0,0,0,-0.011638966459675496,0.1455040684874911,0.03211411507413867,-0.04339013802058849,-0.011638966459675496,0.1455040684874911,-0.20274999487009887,0.004974012661099329,0.06258906407790293,0.3169491554916455
scenario,90,4,0,0,certified_reset,0,1,0.0840006109015555,0.08000076362694437,0.003999847274611132,0.06799740366838924,0.0,0.0,0,0,0.03211411507413867,-0.04339013802058849,0.006027062042046947,-0.012697182941252537,0.03211411507413867,-0.04339013802058849,0.03194363102618811,0.0013957130100136813,0.06258906407790293,0.3169491554916455
scenario,90,5,0,0,certified_reset,0,1,0.08000076362694437,0.07600091635233325,0.003999847274611132,0.06399755639377812,0.0,0.0,0,0,0.006027062042046947,-0.012697182941252537,-0.004232520271945654,-0.002452844336548805,0.006027062042046947,-0.012697182941252537,0.012705287400692026,6.938040689289191e-05,0.06258906407790293,0.3169491554916455
scenario,90,6,0,0,certified_reset,0,1,0.07600091635233325,0.07200106907772212,0.003999847274611132,0.05999770911916699,0.0,0.0,0,0,-0.004232520271945654,-0.002452844336548805,-0.0015622145393935079,-0.0018823847580357713,-0.004232520271945654,-0.002452844336548805,0.007824220182385178,2.0527648550073124e-05,0.06258906407790293,0.3169491554916455
scenario,90,7,0,0,certified_reset,0,1,0.07200106907772212,0.068001221803111,0.003999847274611132,0.05599786184455586,0.0,0.0,0,0,-0.0015622145393935079,-0.0018823847580357713,0.00805901434350231,-0.004893110747076361,-0.0015622145393935079,-0.0018823847580357713,0.004330899335191588,3.5472385212929137e-06,0.06258906407790293,0.3169491554916455
scenario,90,8,0,0,certified_reset,0,1,0.068001221803111,0.06400137452849987,0.003999847274611132,0.051998014569944725,0.0,0.0,0,0,0.00805901434350231,-0.004893110747076361,0.009167164259608371,-0.009474741712492823,0.00805901434350231,-0.004893110747076361,-0.000816495769310302,6.927403472327624e-05,0.06258906407790293,0.3169491554916455
scenario,90,9,0,0,certified_reset,0,1,0.06400137452849987,0.060001527253888735,0.003999847274611132,0.04799816729533359,0.0,0.0,0,0,0.009167164259608371,-0.009474741712492823,-0.004435604963219189,0.0003248469321652167,0.009167164259608371,-0.009474741712492823,0.004825678023362707,0.00010077781126559149,0.06258906407790293,0.3169491554916455
scenario,90,10,0,0,certified_reset,0,1,0.060001527253888735,0.0560016799792776,0.003999847274611132,0.04399832002072246,0.0,0.0,0,0,-0.004435604963219189,0.0003248469321652167,0.003489606876396224,0.0022942607819401144,-0.004435604963219189,0.0003248469321652167,0.0039356655524837095,2.008082256854057e-05,0.06258906407790293,0.3169491554916455
scenario,90,11,0,0,certified_reset,0,1,0.0560016799792776,0.05200183270466647,0.003999847274611132,0.039998472746111326,0.0,0.0,0,0,0.003489606876396224,0.0022942607819401144,0.0006418992657820741,0.003682497853995456,0.003489606876396224,0.0022942607819401144,-0.006852362399461924,1.4298681769529525e-05,0.06258906407790293,0.3169491554916455
scenario,90,12,0,0,certified_reset,0,1,0.05200183270466647,0.048001985430055336,0.003999847274611132,0.03599862547150019,0.0,0.0,0,0,0.0006418992657820741,0.003682497853995456,0.012051270233568542,-0.0010958596136697726,0.0006418992657820741,0.003682497853995456,-0.006066183198470797,3.772941412389405e-06,0.06258906407790293,0.3169491554916455
scenario,90,13,0,0,certified_reset,0,1,0.048001985430055336,0.0440021381554442,0.003999847274611132,0.03199877819688906,0.0,0.0,0,0,0.012051270233568542,-0.0010958596136697726,0.015073860215558987,-0.005171295116108817,0.012051270233568542,-0.0010958596136697726,-0.010382243088024132,0.00014814405202368287,0.06258906407790293,0.3169491554916455
scenario,90,14,0,0,certified_reset,0,1,0.0440021381554442,0.04000229088083307,0.003999847274611132,0.02799893092227793,0.0,0.0,0,0,0.015073860215558987,-0.005171295116108817,-0.0025721458483457405,-0.01340981737522292,0.015073860215558987,-0.005171295116108817,-0.007384239962373779,0.00023339804956578033,0.06258906407790293,0.3169491554916455
scenario,90,15,0,0,certified_reset,0,1,0.04000229088083307,0.036002443606221936,0.003999847274611132,0.023999083647666796,0.0,0.0,0,0,-0.0025721458483457405,-0.01340981737522292,-0.008104547872639038,0.009562650456561541,-0.0025721458483457405,-0.01340981737522292,0.022318269884758712,5.1436739898014913e-05,0.06258906407790293,0.3169491554916455
scenario,90,16,1,1,certified_reset,0,1,0.036002443606221936,0.0320025963316108,0.003999847274611132,0.019999236373055663,0.0,0.0,0,0,-0.008104547872639038,0.009562650456561541,-0.011510708587569408,-0.0399854972522352,-0.008104547872639038,0.009562650456561541,-0.006013548452277996,8.304773642038312e-05,0.0659683941917073,0.3371807140592316
scenario,90,17,1,1,certified_reset,0,1,0.0320025963316108,0.02800274905699967,0.003999847274611132,0.01599938909844453,0.0,0.0,0,0,-0.011510708587569408,-0.0399854972522352,0.001286386576372943,0.03357645178592365,-0.011510708587569408,-0.0399854972522352,0.07036579980772056,0.0005440712550439809,0.0659683941917073,0.3371807140592316
scenario,90,18,1,1,certified_reset,0,1,0.02800274905699967,0.024002901782388536,0.003999847274611132,0.011999541823833396,0.0,0.0,0,0,0.001286386576372943,0.03357645178592365,0.03014119377694066,0.0015829842415452516,0.001286386576372943,0.03357645178592365,-0.050746266379676094,0.00026896243982664063,0.0659683941917073,0.3371807140592316
scenario,90,19,0,0,certified_reset,0,1,0.024002901782388536,0.020003054507777403,0.003999847274611132,0.007999694549222265,0.0,0.0,0,0,0.03014119377694066,0.0015829842415452516,0.01752549248721352,-0.03586806038493177,0.03014119377694066,0.0015829842415452516,-0.032346388683433036,0.0009350998348601961,0.06258906407790293,0.3169491554916455
scenario,90,20,0,0,certified_reset,0,1,0.020003054507777403,0.01600320723316627,0.003999847274611132,0.003999847274611132,0.0,0.0,0,0,0.01752549248721352,-0.03586806038493177,0.004723641397670828,-0.0013150518337312744,0.01752549248721352,-0.03586806038493177,0.03538962940417366,0.0005700267296933764,0.06258906407790293,0.3169491554916455
scenario,90,21,0,0,certified_reset,0,1,0.01600320723316627,0.012003359958555136,0.003999847274611132,0.0,0.0,0.0,0,0,0.004723641397670828,-0.0013150518337312744,0.004839324603100992,0.0072680681533031834,0.004723641397670828,-0.0013150518337312744,-0.0027608823481229746,2.281463487586604e-05,0.06258906407790293,0.3169491554916455
scenario,91,0,0,0,certified_reset,0,1,0.1,0.09600015272538888,0.003999847274611132,0.08399679276683375,0.0,0.0,0,0,-5.726305324613117,-0.1562899272022129,-5.105517804720016,1.3928348835347788,-5.726305324613117,-0.1562899272022129,1.55,32.85503194813461,0.06258906407790293,0.3169491554916455
scenario,91,1,0,0,certified_reset,0,1,0.09600015272538888,0.09200030545077775,0.003999847274611132,0.07999694549222262,0.0,0.0,0,0,-5.105517804720016,1.3928348835347788,-2.9332426198738646,2.9529316478769143,-5.105517804720016,1.3928348835347788,1.55,26.475572576615534,0.06258906407790293,0.3169491554916455
scenario,91,2,0,0,certified_reset,0,1,0.09200030545077775,0.08800045817616663,0.003999847274611132,0.0759970982176115,0.0,0.0,0,0,-2.9332426198738646,2.9529316478769143,-0.7002478170877818,1.5034863796660278,-2.9332426198738646,2.9529316478769143,-1.4477337356629771,10.225875548344861,0.06258906407790293,0.3169491554916455
scenario,91,3,0,0,certified_reset,0,1,0.08800045817616663,0.0840006109015555,0.003999847274611132,0.07199725094300037,0.0,0.0,0,0,-0.7002478170877818,1.5034863796660278,0.045716829521456226,-0.02366229297509013,-0.7002478170877818,1.5034863796660278,-1.517494160609884,0.9548015514147576,0.06258906407790293,0.3169491554916455
scenario,91,4,0,0,certified_reset,0,1,0.0840006109015555,0.08000076362694437,0.003999847274611132,0.06799740366838924,0.0,0.0,0,0,0.045716829521456226,-0.02366229297509013,0.014925409118331545,-0.03733719365085073,0.045716829521456226,-0.02366229297509013,-0.010663631191083251,0.0021936540668393975,0.06258906407790293,0.3169491554916455
scenario,91,5,0,0,certified_reset,0,1,0.08000076362694437,0.07600091635233325,0.003999847274611132,0.06399755639377812,0.0,0.0,0,0,0.014925409118331545,-0.03733719365085073,-0.003535185312587929,-0.00469968276684234,0.014925409118331545,-0.03733719365085073,0.04013995242359174,0.0005139801172135827,0.06258906407790293,0.3169491554916455
scenario,91,6,0,0,certified_reset,0,1,0.07600091635233325,0.07200106907772212,0.003999847274611132,0.05999770911916699,0.0,0.0,0,0,-0.003535185312587929,-0.00469968276684234,-0.008123510763341415,-0.0029711403055012187,-0.003535185312587929,-0.00469968276684234,0.010448234176240813,1.9202338388988454e-05,0.06258906407790293,0.3169491554916455
scenario,91,7,0,0,certified_reset,0,1,0.07200106907772212,0.068001221803111,0.003999847274611132,0.05599786184455586,0.0,0.0,0,0,-0.008123510763341415,-0.0029711403055012187,-0.010569073308496244,0.005862596702137407,-0.008123510763341415,-0.0029711403055012187,0.012464401336797867,7.146444108793833e-05,0.06258906407790293,0.3169491554916455
scenario,91,8,0,0,certified_reset,0,1,0.068001221803111,0.06400137452849987,0.003999847274611132,0.051998014569944725,0.0,0.0,0,0,-0.010569073308496244,0.005862596702137407,-0.0016556703229870713,0.012948919573189452,-0.010569073308496244,0.005862596702137407,0.0018886736058256776,0.00011798109501664555,0.06258906407790293,0.3169491554916455
scenario,91,9,0,0,certified_reset,0,1,0.06400137452849987,0.060001527253888735,0.003999847274611132,0.04799816729533359,0.0,0.0,0,0,-0.0016556703229870713,0.012948919573189452,0.0015063076048176642,-0.009534484770906675,-0.0016556703229870713,0.012948919573189452,-0.017426579554441518,4.051479935292929e-05,0.06258906407790293,0.3169491554916455
scenario,91,10,2,2,certified_reset,0,1,0.060001527253888735,0.0560016799792776,0.003999847274611132,0.04399832002072246,0.0,0.0,0,0,0.0015063076048176642,-0.009534484770906675,0.016077295433635064,0.01488557563811073,0.0015063076048176642,-0.009534484770906675,0.01254371525125478,2.2565734380342807e-05,0.07177064572129135,0.3726063481590821
scenario,91,11,2,2,certified_reset,0,1,0.0560016799792776,0.05200183270466647,0.003999847274611132,0.039998472746111326,0.0,0.0,0,0,0.016077295433635064,0.01488557563811073,0.016345390468490994,-0.06698079465541333,0.016077295433635064,0.01488557563811073,-0.03793949389121766,0.00033434902355245123,0.07177064572129135,0.3726063481590821
scenario,91,12,2,2,certified_reset,0,1,0.05200183270466647,0.048001985430055336,0.003999847274611132,0.03599862547150019,0.0,0.0,0,0,0.016345390468490994,-0.06698079465541333,0.026461270195408164,0.07303175172275685,0.016345390468490994,-0.06698079465541333,0.08239520554287277,0.001244452870459459,0.07177064572129135,0.3726063481590821
scenario,91,13,2,2,certified_reset,0,1,0.048001985430055336,0.0440021381554442,0.003999847274611132,0.03199877819688906,0.0,0.0,0,0,0.026461270195408164,0.07303175172275685,-0.020501645391202812,-0.09172846165885191,0.026461270195408164,0.07303175172275685,-0.13393380449238482,0.002108710036744497,0.07177064572129135,0.3726063481590821
scenario,91,14,2,2,certified_reset,0,1,0.0440021381554442,0.04000229088083307,0.003999847274611132,0.02799893092227793,0.0,0.0,0,0,-0.020501645391202812,-0.09172846165885191,-0.03563507532245834,0.07900084213043201,-0.020501645391202812,-0.09172846165885191,0.15554207074059445,0.0025396907800973338,0.07177064572129135,0.3726063481590821
scenario,91,15,2,2,certified_reset,0,1,0.04000229088083307,0.036002443606221936,0.003999847274611132,0.023999083647666796,0.0,0.0,0,0,-0.03563507532245834,0.07900084213043201,0.06307204985517104,0.054350391986635674,-0.03563507532245834,0.07900084213043201,-0.08089601663605873,0.002556866681243956,0.07177064572129135,0.3726063481590821
scenario,91,16,1,1,certified_reset,0,1,0.036002443606221936,0.0320025963316108,0.003999847274611132,0.019999236373055663,0.0,0.0,0,0,0.06307204985517104,0.054350391986635674,0.05447321470883467,-0.1032801088227738,0.06307204985517104,0.054350391986635674,-0.14286936900000882,0.005020088607532869,0.0659683941917073,0.3371807140592316
scenario,91,17,1,1,certified_reset,0,1,0.0320025963316108,0.02800274905699967,0.003999847274611132,0.01599938909844453,0.0,0.0,0,0,0.05447321470883467,-0.1032801088227738,-0.013662630767965783,-0.01616361847548007,0.05447321470883467,-0.1032801088227738,0.09790140228636895,0.005126968793075658,0.0659683941917073,0.3371807140592316
scenario,91,18,2,2,certified_reset,0,1,0.02800274905699967,0.024002901782388536,0.003999847274611132,0.011999541823833396,0.0,0.0,0,0,-0.013662630767965783,-0.01616361847548007,-0.041169241006480575,0.03841004934453137,-0.013662630767965783,-0.01616361847548007,0.03741976533072649,0.0002687007116366898,0.07177064572129135,0.3726063481590821
scenario,91,19,2,2,certified_reset,0,1,0.024002901782388536,0.020003054507777403,0.003999847274611132,0.007999694549222265,0.0,0.0,0,0,-0.041169241006480575,0.03841004934453137,0.033892076788059056,0.042233675723060915,-0.041169241006480575,0.03841004934453137,-0.015580279466301748,0.001966534773072763,0.07177064572129135,0.3726063481590821
scenario,91,20,1,1,certified_reset,0,1,0.020003054507777403,0.01600320723316627,0.003999847274611132,0.003999847274611132,0.0,0.0,0,0,0.033892076788059056,0.042233675723060915,0.018202374929758867,-0.016891083265460023,0.033892076788059056,0.042233675723060915,-0.09596690143142476,0.001699977028980931,0.0659683941917073,0.3371807140592316
scenario,91,21,1,1,certified_reset,0,1,0.01600320723316627,0.012003359958555136,0.003999847274611132,0.0,0.0,0.0,0,0,0.018202374929758867,-0.016891083265460023,-0.0034910284555818042,-0.03464550795567031,0.018202374929758867,-0.016891083265460023,0.006759525287898893,0.0003838242975349844,0.0659683941917073,0.3371807140592316
scenario,92,0,0,0,certified_reset,0,1,0.1,0.09600015272538888,0.003999847274611132,0.08399679276683375,0.0,0.0,0,0,1.4511858109688571,0.14308675304621676,0.8177469931316931,-1.4114602234485905,1.4511858109688571,0.14308675304621676,-1.55,2.1696880453588547,0.06258906407790293,0.3169491554916455
scenario,92,1,0,0,certified_reset,0,1,0.09600015272538888,0.09200030545077775,0.003999847274611132,0.07999694549222262,0.0,0.0,0,0,0.8177469931316931,-1.4114602234485905,0.028368438175218363,-0.13757443351445595,0.8177469931316931,-1.4114602234485905,1.2649283451376803,1.0673108309622021,0.06258906407790293,0.3169491554916455
scenario,92,2,0,0,certified_reset,0,1,0.09200030545077775,0.08800045817616663,0.003999847274611132,0.0759970982176115,0.0,0.0,0,0,0.028368438175218363,-0.13757443351445595,-0.020875474109128638,0.04222186534601914,0.028368438175218363,-0.13757443351445595,0.17441102292966348,0.004972058863713699,0.06258906407790293,0.3169491554916455
scenario,92,3,0,0,certified_reset,0,1,0.08800045817616663,0.0840006109015555,0.003999847274611132,0.07199725094300037,0.0,0.0,0,0,-0.020875474109128638,0.04222186534601914,0.003977805672042253,-0.010285115557945645,-0.020875474109128638,0.04222186534601914,-0.04141379758359585,0.0007995464494318033,0.06258906407790293,0.3169491554916455
scenario,92,4,0,0,certified_reset,0,1,0.0840006109015555,0.08000076362694437,0.003999847274611132,0.06799740366838924,0.0,0.0,0,0,0.003977805672042253,-0.010285115557945645,-0.010816923915040976,0.007344648610545785,0.003977805672042253,-0.010285115557945645,0.011186569964264237,3.799247002091918e-05,0.06258906407790293,0.3169491554916455
scenario,92,5,0,0,certified_reset,0,1,0.08000076362694437,0.07600091635233325,0.003999847274611132,0.06399755639377812,0.0,0.0,0,0,-0.010816923915040976,0.007344648610545785,0.0024328053124197443,0.013062447445988258,-0.010816923915040976,0.007344648610545785,-4.8017867282737934e-05,0.00012671579600490545,0.06258906407790293,0.3169491554916455
scenario,92,6,0,0,certified_reset,0,1,0.07600091635233325,0.07200106907772212,0.003999847274611132,0.05999770911916699,0.0,0.0,0,0,0.0024328053124197443,0.013062447445988258,0.0018243272714279857,-0.005741205746276541,0.0024328053124197443,0.013062447445988258,-0.021666235583370316,4.836714178724721e-05,0.06258906407790293,0.3169491554916455
scenario,92,7,0,0,certified_reset,0,1,0.07200106907772212,0.068001221803111,0.003999847274611132,0.05599786184455586,0.0,0.0,0,0,0.0018243272714279857,-0.005741205746276541,0.002833463415999252,0.0035096492542986287,0.0018243272714279857,-0.005741205746276541,0.006640946733160078,1.0363784146886796e-05,0.06258906407790293,0.3169491554916455
scenario,92,8,0,0,certified_reset,0,1,0.068001221803111,0.06400137452849987,0.003999847274611132,0.051998014569944725,0.0,0.0,0,0,0.002833463415999252,0.0035096492542986287,0.0032937741906325616,-0.0016682055056895452,0.002833463415999252,0.0035096492542986287,-0.007991305006566913,1.184221364238149e-05,0.06258906407790293,0.3169491554916455
scenario,92,9,0,0,certified_reset,0,1,0.06400137452849987,0.060001527253888735,0.003999847274611132,0.04799816729533359,0.0,0.0,0,0,0.0032937741906325616,-0.0016682055056895452,0.00725807536591318,-0.0013058129246668756,0.0032937741906325616,-0.0016682055056895452,-0.0008256261074946226,1.1366913610269929e-05,0.06258906407790293,0.3169491554916455
scenario,92,10,0,0,certified_reset,0,1,0.060001527253888735,0.0560016799792776,0.003999847274611132,0.04399832002072246,0.0,0.0,0,0,0.00725807536591318,-0.0013058129246668756,0.004828214631223172,-0.009073080889029524,0.00725807536591318,-0.0013058129246668756,-0.005302980023307655,5.368962447642661e-05,0.06258906407790293,0.3169491554916455
scenario,92,11,0,0,certified_reset,0,1,0.0560016799792776,0.05200183270466647,0.003999847274611132,0.039998472746111326,0.0,0.0,0,0,0.004828214631223172,-0.009073080889029524,-0.001246141632534242,0.004704926846540232,0.004828214631223172,-0.009073080889029524,0.008555970773736633,3.9959515849580494e-05,0.06258906407790293,0.3169491554916455
scenario,92,12,0,0,certified_reset,0,1,0.05200183270466647,0.048001985430055336,0.003999847274611132,0.03599862547150019,0.0,0.0,0,0,-0.001246141632534242,0.004704926846540232,0.007563713037966227,0.0013707466945202707,-0.001246141632534242,0.004704926846540232,-0.005689672450543945,6.346718876830176e-06,0.06258906407790293,0.3169491554916455
scenario,92,13,0,0,certified_reset,0,1,0.048001985430055336,0.0440021381554442,0.003999847274611132,0.03199877819688906,0.0,0.0,0,0,0.007563713037966227,0.0013707466945202707,0.00250234860992638,-0.0032005267401401406,0.007563713037966227,0.0013707466945202707,-0.009547721141775451,5.982693976582483e-05,0.06258906407790293,0.3169491554916455
scenario,92,14,0,0,certified_reset,0,1,0.0440021381554442,0.04000229088083307,0.003999847274611132,0.02799893092227793,0.0,0.0,0,0,0.00250234860992638,-0.0032005267401401406,-0.003814898261586982,-0.008918871465928865,0.00250234860992638,-0.0032005267401401406,0.0022192507237375064,8.228682264554096e-06,0.06258906407790293,0.3169491554916455
scenario,92,15,0,0,certified_reset,0,1,0.04000229088083307,0.036002443606221936,0.003999847274611132,0.023999083647666796,0.0,0.0,0,0,-0.003814898261586982,-0.008918871465928865,-0.009488124225220038,0.0013087286939158027,-0.003814898261586982,-0.008918871465928865,0.016935394185962748,3.604196643274471e-05,0.06258906407790293,0.3169491554916455
scenario,92,16,0,0,certified_reset,0,1,0.036002443606221936,0.0320025963316108,0.003999847274611132,0.019999236373055663,0.0,0.0,0,0,-0.009488124225220038,0.0013087286939158027,-0.011514942251500012,-0.0046800325007555,-0.009488124225220038,0.0013087286939158027,0.007523301886145982,9.174780183792967e-05,0.06258906407790293,0.3169491554916455
scenario,92,17,0,0,certified_reset,0,1,0.0320025963316108,0.02800274905699967,0.003999847274611132,0.01599938909844453,0.0,0.0,0,0,-0.011514942251500012,-0.0046800325007555,-0.007512104081844906,0.0014005015677671408,-0.011514942251500012,-0.0046800325007555,0.01835924903264241,0.00014496293243890771,0.06258906407790293,0.3169491554916455
scenario,92,18,0,0,certified_reset,0,1,0.02800274905699967,0.024002901782388536,0.003999847274611132,0.011999541823833396,0.0,0.0,0,0,-0.007512104081844906,0.0014005015677671408,-0.0059807942240614085,0.0073541572268835,-0.007512104081844906,0.0014005015677671408,0.005418541897411609,5.75187754792583e-05,0.06258906407790293,0.3169491554916455
scenario,92,19,0,0,certified_reset,0,1,0.024002901782388536,0.020003054507777403,0.003999847274611132,0.007999694549222265,0.0,0.0,0,0,-0.0059807942240614085,0.0073541572268835,-0.0070809632538311,0.016008435271767124,-0.0059807942240614085,0.0073541572268835,-0.004876995030655666,4.609957969698241e-05,0.06258906407790293,0.3169491554916455
scenario,92,20,0,0,certified_reset,0,1,0.020003054507777403,0.01600320723316627,0.003999847274611132,0.003999847274611132,0.0,0.0,0,0,-0.0070809632538311,0.016008435271767124,-0.008354330592809905,0.0012085717238832353,-0.0070809632538311,0.016008435271767124,-0.016530087786272806,0.00010309973563071785,0.06258906407790293,0.3169491554916455
scenario,92,21,0,0,certified_reset,0,1,0.01600320723316627,0.012003359958555136,0.003999847274611132,0.0,0.0,0.0,0,0,-0.008354330592809905,0.0012085717238832353,-0.004623491320637542,0.003409832841319109,-0.008354330592809905,0.0012085717238832353,0.006538523412649603,7.112656307452231e-05,0.06258906407790293,0.3169491554916455
scenario,93,0,0,0,certified_reset,0,1,0.1,0.09600015272538888,0.003999847274611132,0.08399679276683375,0.0,0.0,0,0,5.113082236965024,-0.14051202913248473,4.202827577616455,-1.6871451506288544,5.113082236965024,-0.14051202913248473,-1.55,26.207226315426823,0.06258906407790293,0.3169491554916455
scenario,93,1,0,0,certified_reset,0,1,0.09600015272538888,0.09200030545077775,0.003999847274611132,0.07999694549222262,0.0,0.0,0,0,4.202827577616455,-1.6871451506288544,2.065037549221792,-2.5873925506642204,4.202827577616455,-1.6871451506288544,-0.8963746838172308,18.19620941319039,0.06258906407790293,0.3169491554916455
scenario,93,2,0,0,certified_reset,0,1,0.09200030545077775,0.08800045817616663,0.003999847274611132,0.0759970982176115,0.0,0.0,0,0,2.065037549221792,-2.5873925506642204,0.2569100449577103,-1.0487438925627124,2.065037549221792,-2.5873925506642204,1.55,5.52947061771783,0.06258906407790293,0.3169491554916455
scenario,93,3,0,0,certified_reset,0,1,0.08800045817616663,0.0840006109015555,0.003999847274611132,0.07199725094300037,0.0,0.0,0,0,0.2569100449577103,-1.0487438925627124,-0.1450454680721823,0.23612715808893076,0.2569100449577103,-1.0487438925627124,1.2890753116307778,0.3055211255703386,0.06258906407790293,0.3169491554916455
scenario,93,4,0,0,certified_reset,0,1,0.0840006109015555,0.08000076362694437,0.003999847274611132,0.06799740366838924,0.0,0.0,0,0,-0.1450454680721823,0.23612715808893076,-0.002752274594757617,0.033078418508952045,-0.1450454680721823,0.23612715808893076,-0.203407287345641,0.03210863718359914,0.06258906407790293,0.3169491554916455
scenario,93,5,0,0,certified_reset,0,1,0.08000076362694437,0.07600091635233325,0.003999847274611132,0.06399755639377812,0.0,0.0,0,0,-0.002752274594757617,0.033078418508952045,0.00855641409869319,-0.006376399730204318,-0.002752274594757617,0.033078418508952045,-0.045984638081212566,0.00025739240772105945,0.06258906407790293,0.3169491554916455
scenario,93,6,0,0,certified_reset,0,1,0.07600091635233325,0.07200106907772212,0.003999847274611132,0.05999770911916699,0.0,0.0,0,0,0.00855641409869319,-0.006376399730204318,0.0032291301907885488,-0.01718819878001314,0.00855641409869319,-0.006376399730204318,0.000869407658175355,8.05496442037009e-05,0.06258906407790293,0.3169491554916455
scenario,93,7,0,0,certified_reset,0,1,0.07200106907772212,0.068001221803111,0.003999847274611132,0.05599786184455586,0.0,0.0,0,0,0.0032291301907885488,-0.01718819878001314,-0.009733914286690678,0.01632449246025508,0.0032291301907885488,-0.01718819878001314,0.022105206235735593,7.58214372713963e-05,0.06258906407790293,0.3169491554916455
scenario,93,8,0,0,certified_reset,0,1,0.068001221803111,0.06400137452849987,0.003999847274611132,0.051998014569944725,0.0,0.0,0,0,-0.009733914286690678,0.01632449246025508,-0.0012294661431202216,0.013160810758809878,-0.009733914286690678,0.01632449246025508,-0.014348791473067848,0.000147864312494367,0.06258906407790293,0.3169491554916455
scenario,93,9,0,0,certified_reset,0,1,0.06400137452849987,0.060001527253888735,0.003999847274611132,0.04799816729533359,0.0,0.0,0,0,-0.0012294661431202216,0.013160810758809878,-0.003142806323189728,-0.005251005970369069,-0.0012294661431202216,0.013160810758809878,-0.018159632224589033,4.093314222964428e-05,0.06258906407790293,0.3169491554916455
scenario,93,10,1,1,certified_reset,0,1,0.060001527253888735,0.0560016799792776,0.003999847274611132,0.04399832002072246,0.0,0.0,0,0,-0.003142806323189728,-0.005251005970369069,-0.01202820102504168,0.027117854436180828,-0.003142806323189728,-0.005251005970369069,0.010864998085530604,1.779158763619922e-05,0.0659683941917073,0.3371807140592316
scenario,93,11,1,1,certified_reset,0,1,0.0560016799792776,0.05200183270466647,0.003999847274611132,0.039998472746111326,0.0,0.0,0,0,-0.01202820102504168,0.027117854436180828,-0.01136336285146454,-0.008569366772139727,-0.01202820102504168,0.027117854436180828,-0.027967926652172924,0.00029660078818928744,0.0659683941917073,0.3371807140592316
scenario,93,12,1,1,certified_reset,0,1,0.05200183270466647,0.048001985430055336,0.003999847274611132,0.03599862547150019,0.0,0.0,0,0,-0.01136336285146454,-0.008569366772139727,-0.02649597181870728,-0.022468326200135537,-0.01136336285146454,-0.008569366772139727,0.023936522641889293,0.00015666807163626772,0.0659683941917073,0.3371807140592316
scenario,93,13,0,0,certified_reset,0,1,0.048001985430055336,0.0440021381554442,0.003999847274611132,0.03199877819688906,0.0,0.0,0,0,-0.02649597181870728,-0.022468326200135537,-0.017163982015842336,0.04764098284071816,-0.02649597181870728,-0.022468326200135537,0.05948406662609417,0.000881363999979596,0.06258906407790293,0.3169491554916455
scenario,93,14,0,0,certified_reset,0,1,0.0440021381554442,0.04000229088083307,0.003999847274611132,0.02799893092227793,0.0,0.0,0,0,-0.017163982015842336,0.04764098284071816,0.011236666595825527,0.0034280867650771166,-0.017163982015842336,0.04764098284071816,-0.0530910596271364,0.0007736081782337913,0.06258906407790293,0.3169491554916455
scenario,93,15,0,0,certified_reset,0,1,0.04000229088083307,0.036002443606221936,0.003999847274611132,0.023999083647666796,0.0,0.0,0,0,0.011236666595825527,0.0034280867650771166,0.0033108030534518156,-0.004888292624916834,0.011236666595825527,0.0034280867650771166,-0.01624221334282086,0.0001349732337389854,0.06258906407790293,0.3169491554916455
scenario,93,16,0,0,certified_reset,0,1,0.036002443606221936,0.0320025963316108,0.003999847274611132,0.019999236373055663,0.0,0.0,0,0,0.0033108030534518156,-0.004888292624916834,0.004421404509222629,-0.007833412565451173,0.0033108030534518156,-0.004888292624916834,0.0039035231671193096,1.564352704827873e-05,0.06258906407790293,0.3169491554916455
scenario,93,17,0,0,certified_reset,0,1,0.0320025963316108,0.02800274905699967,0.003999847274611132,0.01599938909844453,0.0,0.0,0,0,0.004421404509222629,-0.007833412565451173,0.0025019403828012506,0.0007311439280600852,0.004421404509222629,-0.007833412565451173,0.007137623075417191,3.186768284904469e-05,0.06258906407790293,0.3169491554916455
scenario,93,18,0,0,certified_reset,0,1,0.02800274905699967,0.024002901782388536,0.003999847274611132,0.011999541823833396,0.0,0.0,0,0,0.0025019403828012506,0.0007311439280600852,-1.6612245071646404e-05,0.007910608950043013,0.0025019403828012506,0.0007311439280600852,-0.0035678905460582357,6.674174612645006e-06,0.06258906407790293,0.3169491554916455
scenario,93,19,0,0,certified_reset,0,1,0.024002901782388536,0.020003054507777403,0.003999847274611132,0.007999694549222265,0.0,0.0,0,0,-1.6612245071646404e-05,0.007910608950043013,0.004224054274236938,0.003770400110362962,-1.6612245071646404e-05,0.007910608950043013,-0.011633835732123133,1.4647921425627056e-05,0.06258906407790293,0.3169491554916455
scenario,93,20,0,0,certified_reset,0,1,0.020003054507777403,0.01600320723316627,0.003999847274611132,0.003999847274611132,0.0,0.0,0,0,0.004224054274236938,0.003770400110362962,0.005257441714529567,0.001078583608759509,0.004224054274236938,0.003770400110362962,-0.009758606508357326,2.2782259594923706e-05,0.06258906407790293,0.3169491554916455
scenario,93,21,0,0,certified_reset,0,1,0.01600320723316627,0.012003359958555136,0.003999847274611132,0.0,0.0,0.0,0,0,0.005257441714529567,0.001078583608759509,0.005758168100342746,-0.006894390331329463,0.005257441714529567,0.001078583608759509,-0.006823498729462777,2.9014098422645343e-05,0.06258906407790293,0.3169491554916455
scenario,94,0,0,0,certified_reset,0,1,0.1,0.09600015272538888,0.003999847274611132,0.08399679276683375,0.0,0.0,0,0,4.926249886282076,0.27306862626720196,4.423516444332023,-1.269331112825366,4.926249886282076,0.27306862626720196,-1.55,24.34142240753143,0.06258906407790293,0.3169491554916455
scenario,94,1,0,0,certified_reset,0,1,0.09600015272538888,0.09200030545077775,0.003999847274611132,0.07999694549222262,0.0,0.0,0,0,4.423516444332023,-1.269331112825366,2.398658419985917,-2.7652871712652103,4.423516444332023,-1.269331112825366,-1.4990188956586965,19.913690439831935,0.06258906407790293,0.3169491554916455
scenario,94,2,0,0,certified_reset,0,1,0.09200030545077775,0.08800045817616663,0.003999847274611132,0.0759970982176115,0.0,0.0,0,0,2.398658419985917,-2.7652871712652103,0.40793879253245274,-1.2137322386067697,2.398658419985917,-2.7652871712652103,1.55,7.1900510808908455,0.06258906407790293,0.3169491554916455
scenario,94,3,0,0,certified_reset,0,1,0.08800045817616663,0.0840006109015555,0.003999847274611132,0.07199725094300037,0.0,0.0,0,0,0.40793879253245274,-1.2137322386067697,-0.11390213270543183,0.16116484725502547,0.40793879253245274,-1.2137322386067697,1.3817297495488614,0.4793097564385566,0.06258906407790293,0.3169491554916455
scenario,94,4,0,0,certified_reset,0,1,0.0840006109015555,0.08000076362694437,0.003999847274611132,0.06799740366838924,0.0,0.0,0,0,-0.11390213270543183,0.16116484725502547,-0.014841180143714692,0.027345839965777365,-0.11390213270543183,0.16116484725502547,-0.12399280518388502,0.01803339066661245,0.06258906407790293,0.3169491554916455
scenario,94,5,0,0,certified_reset,0,1,0.08000076362694437,0.07600091635233325,0.003999847274611132,0.06399755639377812,0.0,0.0,0,0,-0.014841180143714692,0.027345839965777365,-0.012786077574394837,0.011300269919844723,-0.014841180143714692,0.027345839965777365,-0.025505059866805898,0.0003711264234465282,0.06258906407790293,0.3169491554916455
scenario,94,6,0,0,certified_reset,0,1,0.07600091635233325,0.07200106907772212,0.003999847274611132,0.05999770911916699,0.0,0.0,0,0,-0.012786077574394837,0.011300269919844723,-0.006421681632794678,0.014469605026963775,-0.012786077574394837,0.011300269919844723,-0.003916330905434096,0.00018685251897950658,0.06258906407790293,0.3169491554916455
scenario,94,7,0,0,certified_reset,0,1,0.07200106907772212,0.068001221803111,0.003999847274611132,0.05599786184455586,0.0,0.0,0,0,-0.006421681632794678,0.014469605026963775,0.005111406397891812,-0.0007942652118633766,-0.006421681632794678,0.014469605026963775,-0.014919404508876152,8.448921529999974e-05,0.06258906407790293,0.3169491554916455
scenario,94,8,0,0,certified_reset,0,1,0.068001221803111,0.06400137452849987,0.003999847274611132,0.051998014569944725,0.0,0.0,0,0,0.005111406397891812,-0.0007942652118633766,-0.0007109618353209773,-0.0009292205835126164,0.005111406397891812,-0.0007942652118633766,-0.003913489058273444,2.6622914580459746e-05,0.06258906407790293,0.3169491554916455
scenario,94,9,0,0,certified_reset,0,1,0.06400137452849987,0.060001527253888735,0.003999847274611132,0.04799816729533359,0.0,0.0,0,0,-0.0007109618353209773,-0.0009292205835126164,-0.0032067575426067327,-0.00847111538611044,-0.0007109618353209773,-0.0009292205835126164,0.002075737780699585,7.686050753467983e-07,0.06258906407790293,0.3169491554916455
scenario,94,10,0,0,certified_reset,0,1,0.060001527253888735,0.0560016799792776,0.003999847274611132,0.04399832002072246,0.0,0.0,0,0,-0.0032067575426067327,-0.00847111538611044,-0.008747005440064553,0.003698801333870836,-0.0032067575426067327,-0.00847111538611044,0.01567033865049139,2.9339045031855745e-05,0.06258906407790293,0.3169491554916455
scenario,94,11,1,1,certified_reset,0,1,0.0560016799792776,0.05200183270466647,0.003999847274611132,0.039998472746111326,0.0,0.0,0,0,-0.008747005440064553,0.003698801333870836,-0.010135799023795317,0.042372215690787994,-0.008747005440064553,0.003698801333870836,0.003261390037640891,7.923862442829952e-05,0.0659683941917073,0.3371807140592316
scenario,94,12,0,0,certified_reset,0,1,0.05200183270466647,0.048001985430055336,0.003999847274611132,0.03599862547150019,0.0,0.0,0,0,-0.010135799023795317,0.042372215690787994,0.0036853349380092646,-0.016911346559319494,-0.010135799023795317,0.042372215690787994,-0.05232847923358282,0.0004943640045816566,0.06258906407790293,0.3169491554916455
scenario,94,13,0,0,certified_reset,0,1,0.048001985430055336,0.0440021381554442,0.003999847274611132,0.03199877819688906,0.0,0.0,0,0,0.0036853349380092646,-0.016911346559319494,-0.0006853792476887875,-0.011194642810775842,0.0036853349380092646,-0.016911346559319494,0.021246255859412623,7.63456339472957e-05,0.06258906407790293,0.3169491554916455
scenario,94,14,0,0,certified_reset,0,1,0.0440021381554442,0.04000229088083307,0.003999847274611132,0.02799893092227793,0.0,0.0,0,0,-0.0006853792476887875,-0.011194642810775842,0.0012384560738420251,0.011432230112634834,-0.0006853792476887875,-0.011194642810775842,0.017167908140920975,3.039577644049391e-05,0.06258906407790293,0.3169491554916455
scenario,94,15,0,0,certified_reset,0,1,0.04000229088083307,0.036002443606221936,0.003999847274611132,0.023999083647666796,0.0,0.0,0,0,0.0012384560738420251,0.011432230112634834,0.010680301869199932,-0.005840806863156406,0.0012384560738420251,0.011432230112634834,-0.01807430250331106,3.322604308404835e-05,0.06258906407790293,0.3169491554916455
scenario,94,16,0,0,certified_reset,0,1,0.036002443606221936,0.0320025963316108,0.003999847274611132,0.019999236373055663,0.0,0.0,0,0,0.010680301869199932,-0.005840806863156406,-0.004069475907754864,-0.019732702222710535,0.010680301869199932,-0.005840806863156406,-0.002032441462227357,0.00012031282294095518,0.06258906407790293,0.3169491554916455
scenario,94,17,0,0,certified_reset,0,1,0.0320025963316108,0.02800274905699967,0.003999847274611132,0.01599938909844453,0.0,0.0,0,0,-0.004069475907754864,-0.019732702222710535,-0.018406054111127,0.023875572669655412,-0.004069475907754864,-0.019732702222710535,0.03312441337545678,0.00011407961986233052,0.06258906407790293,0.3169491554916455
scenario,94,18,0,0,certified_reset,0,1,0.02800274905699967,0.024002901782388536,0.003999847274611132,0.011999541823833396,0.0,0.0,0,0,-0.018406054111127,0.023875572669655412,0.0005283043178619233,0.015898060354535278,-0.018406054111127,0.023875572669655412,-0.016836692559680413,0.0004484774180051845,0.06258906407790293,0.3169491554916455
scenario,94,19,0,0,certified_reset,0,1,0.024002901782388536,0.020003054507777403,0.003999847274611132,0.007999694549222265,0.0,0.0,0,0,0.0005283043178619233,0.015898060354535278,0.0011529277676872213,-0.008040410593935003,0.0005283043178619233,0.015898060354535278,-0.02394568423528195,6.010869843622766e-05,0.06258906407790293,0.3169491554916455
scenario,94,20,0,0,certified_reset,0,1,0.020003054507777403,0.01600320723316627,0.003999847274611132,0.003999847274611132,0.0,0.0,0,0,0.0011529277676872213,-0.008040410593935003,-0.00421925245174665,-0.0013826829368225402,0.0011529277676872213,-0.008040410593935003,0.010696913796989725,1.582651801044117e-05,0.06258906407790293,0.3169491554916455
scenario,94,21,0,0,certified_reset,0,1,0.01600320723316627,0.012003359958555136,0.003999847274611132,0.0,0.0,0.0,0,0,-0.00421925245174665,-0.0013826829368225402,0.009120786864190614,0.0071153413857434535,-0.00421925245174665,-0.0013826829368225402,0.0062408188411924945,1.9119912925465138e-05,0.06258906407790293,0.3169491554916455
scenario,95,0,0,0,certified_reset,0,1,0.1,0.09600015272538888,0.003999847274611132,0.08399679276683375,0.0,0.0,0,0,-2.342302886811391,0.29415319098411397,-1.2638026314470667,1.8409512563386377,-2.342302886811391,0.29415319098411397,1.55,5.562020011522881,0.06258906407790293,0.3169491554916455
scenario,95,1,0,0,certified_reset,0,1,0.09600015272538888,0.09200030545077775,0.003999847274611132,0.07999694549222262,0.0,0.0,0,0,-1.2638026314470667,1.8409512563386377,-0.13883688945625788,0.38251103762876293,-1.2638026314470667,1.8409512563386377,-1.4534449388777728,2.260047921089931,0.06258906407790293,0.3169491554916455
scenario,95,2,0,0,certified_reset,0,1,0.09200030545077775,0.08800045817616663,0.003999847274611132,0.0759970982176115,0.0,0.0,0,0,-0.13883688945625788,0.38251103762876293,0.027430916202863604,-0.0411627422720626,-0.13883688945625788,0.38251103762876293,-0.42522590176554986,0.050132753465607215,0.06258906407790293,0.3169491554916455
scenario,95,3,0,0,certified_reset,0,1,0.08800045817616663,0.0840006109015555,0.003999847274611132,0.07199725094300037,0.0,0.0,0,0,0.027430916202863604,-0.0411627422720626,0.0006295179277325137,-0.004252656633100121,0.027430916202863604,-0.0411627422720626,0.03332061543570896,0.0010851985922980098,0.06258906407790293,0.3169491554916455
scenario,95,4,0,0,certified_reset,0,1,0.0840006109015555,0.08000076362694437,0.003999847274611132,0.06799740366838924,0.0,0.0,0,0,0.0006295179277325137,-0.004252656633100121,-0.0012518208389847283,-0.0017899515587157682,0.0006295179277325137,-0.004252656633100121,0.005644684004782383,4.4481701782118735e-06,0.06258906407790293,0.3169491554916455
scenario,95,5,0,0,certified_reset,0,1,0.08000076362694437,0.07600091635233325,0.003999847274611132,0.06399755639377812,0.0,0.0,0,0,-0.0012518208389847283,-0.0017899515587157682,-0.009735910398710822,0.01448979805784839,-0.0012518208389847283,-0.0017899515587157682,0.0038784450849777734,2.519820604704957e-06,0.06258906407790293,0.3169491554916455
scenario,95,6,0,0,certified_reset,0,1,0.07600091635233325,0.07200106907772212,0.003999847274611132,0.05999770911916699,0.0,0.0,0,0,-0.009735910398710822,0.01448979805784839,-0.01060593700178488,-0.00307924938183298,-0.009735910398710822,0.01448979805784839,-0.0116488457924354,0.00013597210609542486,0.06258906407790293,0.3169491554916455
scenario,95,7,1,1,certified_reset,0,1,0.07200106907772212,0.068001221803111,0.003999847274611132,0.05599786184455586,0.0,0.0,0,0,-0.01060593700178488,-0.00307924938183298,0.018911751629710514,0.02017650195872228,-0.01060593700178488,-0.00307924938183298,0.015095995047766035,0.00011988984616387747,0.0659683941917073,0.3371807140592316
scenario,95,8,1,1,certified_reset,0,1,0.068001221803111,0.06400137452849987,0.003999847274611132,0.051998014569944725,0.0,0.0,0,0,0.018911751629710514,0.02017650195872228,-0.005203666093178117,-0.024865228864029396,0.018911751629710514,0.02017650195872228,-0.048555033720756355,0.0004898705538267113,0.0659683941917073,0.3371807140592316
scenario,95,9,1,1,certified_reset,0,1,0.06400137452849987,0.060001527253888735,0.003999847274611132,0.04799816729533359,0.0,0.0,0,0,-0.005203666093178117,-0.024865228864029396,-0.01734202142539818,-0.023017393175205948,-0.005203666093178117,-0.024865228864029396,0.04181232787626787,0.0001820752390330057,0.0659683941917073,0.3371807140592316
scenario,95,10,1,1,certified_reset,0,1,0.060001527253888735,0.0560016799792776,0.003999847274611132,0.04399832002072246,0.0,0.0,0,0,-0.01734202142539818,-0.023017393175205948,-0.016021487929978047,-0.007273820576512515,-0.01734202142539818,-0.023017393175205948,0.05117483294987923,0.0004615813652499338,0.0659683941917073,0.3371807140592316
scenario,95,11,1,1,certified_reset,0,1,0.0560016799792776,0.05200183270466647,0.003999847274611132,0.039998472746111326,0.0,0.0,0,0,-0.016021487929978047,-0.007273820576512515,0.007371212075499959,0.018707408601494835,-0.016021487929978047,-0.007273820576512515,0.026667165731745407,0.0002839900425348151,0.0659683941917073,0.3371807140592316
scenario,95,12,0,0,certified_reset,0,1,0.05200183270466647,0.048001985430055336,0.003999847274611132,0.03599862547150019,0.0,0.0,0,0,0.007371212075499959,0.018707408601494835,0.009586850589834998,-0.0145862447904461,0.007371212075499959,0.018707408601494835,-0.034901012632441455,0.0001477808691162333,0.06258906407790293,0.3169491554916455
scenario,95,13,0,0,certified_reset,0,1,0.048001985430055336,0.0440021381554442,0.003999847274611132,0.03199877819688906,0.0,0.0,0,0,0.009586850589834998,-0.0145862447904461,0.008898802153740674,-0.008143045964640196,0.009586850589834998,-0.0145862447904461,0.011937722882557416,0.0001337669715979649,0.06258906407790293,0.3169491554916455
scenario,95,14,0,0,certified_reset,0,1,0.0440021381554442,0.04000229088083307,0.003999847274611132,0.02799893092227793,0.0,0.0,0,0,0.008898802153740674,-0.008143045964640196,0.0074617194684137396,-0.015258440129797065,0.008898802153740674,-0.008143045964640196,0.0031382867103443807,9.13705564231315e-05,0.06258906407790293,0.3169491554916455
scenario,95,15,0,0,certified_reset,0,1,0.04000229088083307,0.036002443606221936,0.003999847274611132,0.023999083647666796,0.0,0.0,0,0,0.0074617194684137396,-0.015258440129797065,-0.006948401735604641,0.0020499338760781426,0.0074617194684137396,-0.015258440129797065,0.01504617361754217,0.00010324454007356343,0.06258906407790293,0.3169491554916455
scenario,95,16,0,0,certified_reset,0,1,0.036002443606221936,0.0320025963316108,0.003999847274611132,0.019999236373055663,0.0,0.0,0,0,-0.006948401735604641,0.0020499338760781426,0.0006660723548743454,0.0029544479731774967,-0.006948401735604641,0.0020499338760781426,0.0039017437077021786,4.941727797970113e-05,0.06258906407790293,0.3169491554916455
scenario,95,17,0,0,certified_reset,0,1,0.0320025963316108,0.02800274905699967,0.003999847274611132,0.01599938909844453,0.0,0.0,0,0,0.0006660723548743454,0.0029544479731774967,-0.004090374092769229,-0.005325155040200793,0.0006660723548743454,0.0029544479731774967,-0.005013277025451424,2.6431533539941037e-06,0.06258906407790293,0.3169491554916455
scenario,95,18,0,0,certified_reset,0,1,0.02800274905699967,0.024002901782388536,0.003999847274611132,0.011999541823833396,0.0,0.0,0,0,-0.004090374092769229,-0.005325155040200793,-0.004624137377714247,0.014268693847934596,-0.004090374092769229,-0.005325155040200793,0.011917534124444946,2.5386160425372097e-05,0.06258906407790293,0.3169491554916455
scenario,95,19,0,0,certified_reset,0,1,0.024002901782388536,0.020003054507777403,0.003999847274611132,0.007999694549222265,0.0,0.0,0,0,-0.004624137377714247,0.014268693847934596,0.0027573616641530874,0.002644037874227354,-0.004624137377714247,0.014268693847934596,-0.016414453359021322,6.476571580755675e-05,0.06258906407790293,0.3169491554916455
scenario,95,20,0,0,certified_reset,0,1,0.020003054507777403,0.01600320723316627,0.003999847274611132,0.003999847274611132,0.0,0.0,0,0,0.0027573616641530874,0.002644037874227354,-0.001275778957023735,0.0007072597820248485,0.0027573616641530874,0.002644037874227354,-0.00663856934882619,9.963176952383215e-06,0.06258906407790293,0.3169491554916455
scenario,95,21,0,0,certified_reset,0,1,0.01600320723316627,0.012003359958555136,0.003999847274611132,0.0,0.0,0.0,0,0,-0.001275778957023735,0.0007072597820248485,-0.0019631816406310582,0.012809932133100445,-0.001275778957023735,0.0007072597820248485,0.00022748240962262113,1.7189446052203324e-06,0.06258906407790293,0.3169491554916455
scenario,96,0,0,0,certified_reset,0,1,0.1,0.09600015272538888,0.003999847274611132,0.08399679276683375,0.0,0.0,0,0,-4.4109946758883165,0.4521060727230609,-3.1756158674706563,1.9973598451779455,-4.4109946758883165,0.4521060727230609,1.5499999999998868,19.553728512893816,0.06258906407790293,0.3169491554916455
scenario,96,1,0,0,certified_reset,0,1,0.09600015272538888,0.09200030545077775,0.003999847274611132,0.07999694549222262,0.0,0.0,0,0,-3.1756158674706563,1.9973598451779455,-1.2114374768490983,1.951129091601934,-3.1756158674706563,1.9973598451779455,-0.06085553391802543,10.802729065834887,0.06258906407790293,0.3169491554916455
scenario,96,2,0,0,certified_reset,0,1,0.09200030545077775,0.08800045817616663,0.003999847274611132,0.0759970982176115,0.0,0.0,0,0,-1.2114374768490983,1.951129091601934,-0.04056827876074941,0.40046977350430096,-1.2114374768490983,1.951129091601934,-1.5499999999999998,2.2128861120916796,0.06258906407790293,0.3169491554916455
scenario,96,3,0,0,certified_reset,0,1,0.08800045817616663,0.0840006109015555,0.003999847274611132,0.07199725094300037,0.0,0.0,0,0,-0.04056827876074941,0.40046977350430096,0.0829078682677918,-0.14121328279878745,-0.04056827876074941,0.40046977350430096,-0.5495340748509445,0.03806316483547246,0.06258906407790293,0.3169491554916455
scenario,96,4,0,0,certified_reset,0,1,0.0840006109015555,0.08000076362694437,0.003999847274611132,0.06799740366838924,0.0,0.0,0,0,0.0829078682677918,-0.14121328279878745,0.009684853123098722,-0.02113697090759357,0.0829078682677918,-0.14121328279878745,0.12546806195540575,0.010856684907966513,0.06258906407790293,0.3169491554916455
scenario,96,5,0,0,certified_reset,0,1,0.08000076362694437,0.07600091635233325,0.003999847274611132,0.06399755639377812,0.0,0.0,0,0,0.009684853123098722,-0.02113697090759357,0.003996089052691725,0.0022666722279254883,0.009684853123098722,-0.02113697090759357,0.02149346236046419,0.0001857644801687346,0.06258906407790293,0.3169491554916455
scenario,96,6,0,0,certified_reset,0,1,0.07600091635233325,0.07200106907772212,0.003999847274611132,0.05999770911916699,0.0,0.0,0,0,0.003996089052691725,0.0022666722279254883,-0.0012731792445522206,0.008116689229836495,0.003996089052691725,0.0022666722279254883,-0.007315837600943483,1.8231569250119873e-05,0.06258906407790293,0.3169491554916455
scenario,96,7,0,0,certified_reset,0,1,0.07200106907772212,0.068001221803111,0.003999847274611132,0.05599786184455586,0.0,0.0,0,0,-0.0012731792445522206,0.008116689229836495,0.011092241582216557,0.006876680085001096,-0.0012731792445522206,0.008116689229836495,-0.010690492722389937,1.6336667184619246e-05,0.06258906407790293,0.3169491554916455
scenario,96,8,1,1,certified_reset,0,1,0.068001221803111,0.06400137452849987,0.003999847274611132,0.051998014569944725,0.0,0.0,0,0,0.011092241582216557,0.006876680085001096,0.006723622447172052,0.01558788833308896,0.011092241582216557,0.006876680085001096,-0.021176097543495642,0.00014276047221600623,0.0659683941917073,0.3371807140592316
scenario,96,9,2,2,certified_reset,0,1,0.06400137452849987,0.060001527253888735,0.003999847274611132,0.04799816729533359,0.0,0.0,0,0,0.006723622447172052,0.01558788833308896,0.001288206887089192,0.05662804541215893,0.006723622447172052,0.01558788833308896,-0.029661090141054752,0.00011093841280428345,0.07177064572129135,0.3726063481590821
scenario,96,10,2,2,certified_reset,0,1,0.060001527253888735,0.0560016799792776,0.003999847274611132,0.04399832002072246,0.0,0.0,0,0,0.001288206887089192,0.05662804541215893,0.06970060517588716,-0.04185752289561502,0.001288206887089192,0.05662804541215893,-0.08470195772191076,0.000758232412928329,0.07177064572129135,0.3726063481590821
scenario,96,11,2,2,certified_reset,0,1,0.0560016799792776,0.05200183270466647,0.003999847274611132,0.039998472746111326,0.0,0.0,0,0,0.06970060517588716,-0.04185752289561502,-0.03324717845759879,-0.12368142124540168,0.06970060517588716,-0.04185752289561502,-0.00774367051918996,0.005175042872844902,0.07177064572129135,0.3726063481590821
scenario,96,12,2,2,certified_reset,0,1,0.05200183270466647,0.048001985430055336,0.003999847274611132,0.03599862547150019,0.0,0.0,0,0,-0.03324717845759879,-0.12368142124540168,-0.04055007310201984,0.12844661335700874,-0.03324717845759879,-0.12368142124540168,0.21530251311324325,0.005017731092244228,0.07177064572129135,0.3726063481590821
scenario,96,13,2,2,certified_reset,0,1,0.048001985430055336,0.0440021381554442,0.003999847274611132,0.03199877819688906,0.0,0.0,0,0,-0.04055007310201984,0.12844661335700874,-0.03476277227458345,-0.04141611809048609,-0.04055007310201984,0.12844661335700874,-0.1488364388965622,0.005167851414083687,0.07177064572129135,0.3726063481590821
scenario,96,14,0,0,certified_reset,0,1,0.0440021381554442,0.04000229088083307,0.003999847274611132,0.02799893092227793,0.0,0.0,0,0,-0.03476277227458345,-0.04141611809048609,-0.03034487351775088,0.05781009287464616,-0.03476277227458345,-0.04141611809048609,0.09562564735405478,0.0017458100177949148,0.06258906407790293,0.3169491554916455
scenario,96,15,0,0,certified_reset,0,1,0.04000229088083307,0.036002443606221936,0.003999847274611132,0.023999083647666796,0.0,0.0,0,0,-0.03034487351775088,0.05781009287464616,-0.006844470083301627,0.004434147134115075,-0.03034487351775088,0.05781009287464616,-0.05494434687916679,0.0015978446110292924,0.06258906407790293,0.3169491554916455
scenario,96,16,0,0,certified_reset,0,1,0.036002443606221936,0.0320025963316108,0.003999847274611132,0.019999236373055663,0.0,0.0,0,0,-0.006844470083301627,0.004434147134115075,0.0011070352511981887,0.008087804211316238,-0.006844470083301627,0.004434147134115075,0.000277279380307737,5.0387791762836145e-05,0.06258906407790293,0.3169491554916455
scenario,96,17,0,0,certified_reset,0,1,0.0320025963316108,0.02800274905699967,0.003999847274611132,0.01599938909844453,0.0,0.0,0,0,0.0011070352511981887,0.008087804211316238,0.004303085987992249,-0.001918658157579958,0.0011070352511981887,0.008087804211316238,-0.01301528750837969,1.723473362344529e-05,0.06258906407790293,0.3169491554916455
scenario,96,18,0,0,certified_reset,0,1,0.02800274905699967,0.024002901782388536,0.003999847274611132,0.011999541823833396,0.0,0.0,0,0,0.004303085987992249,-0.001918658157579958,0.00034875899991991576,-0.005097961814483612,0.004303085987992249,-0.001918658157579958,-0.0014614700326953138,1.923257122908355e-05,0.06258906407790293,0.3169491554916455
scenario,96,19,0,0,certified_reset,0,1,0.024002901782388536,0.020003054507777403,0.003999847274611132,0.007999694549222265,0.0,0.0,0,0,0.00034875899991991576,-0.005097961814483612,-0.0009830219656785976,-0.01066407173415819,0.00034875899991991576,-0.005097961814483612,0.007161430709831445,6.081843724466011e-06,0.06258906407790293,0.3169491554916455
scenario,96,20,0,0,certified_reset,0,1,0.020003054507777403,0.01600320723316627,0.003999847274611132,0.003999847274611132,0.0,0.0,0,0,-0.0009830219656785976,-0.01066407173415819,0.007334699839012764,0.0034636106491488087,-0.0009830219656785976,-0.01066407173415819,0.016687149222888702,2.839789258590939e-05,0.06258906407790293,0.3169491554916455
scenario,96,21,0,0,certified_reset,0,1,0.01600320723316627,0.012003359958555136,0.003999847274611132,0.0,0.0,0.0,0,0,0.007334699839012764,0.0034636106491488087,0.010832798991124798,-0.010339726937503173,0.007334699839012764,0.0034636106491488087,-0.0124091105295288,5.980686010296689e-05,0.06258906407790293,0.3169491554916455
scenario,97,0,0,0,certified_reset,0,1,0.1,0.09600015272538888,0.003999847274611132,0.08399679276683375,0.0,0.0,0,0,2.6207288622565983,0.07583285279563501,1.9082424752978158,-1.4799441722380282,2.6207288622565983,0.07583285279563501,-1.55,6.929317381346126,0.06258906407790293,0.3169491554916455
scenario,97,1,0,0,certified_reset,0,1,0.09600015272538888,0.09200030545077775,0.003999847274611132,0.07999694549222262,0.0,0.0,0,0,1.9082424752978158,-1.4799441722380282,0.5662652840366241,-1.1998426794276251,1.9082424752978158,-1.4799441722380282,0.2799401435092112,4.037590762158868,0.06258906407790293,0.3169491554916455
scenario,97,2,0,0,certified_reset,0,1,0.09200030545077775,0.08800045817616663,0.003999847274611132,0.0759970982176115,0.0,0.0,0,0,0.5662652840366241,-1.1998426794276251,-0.02931741548649778,0.0116684988251846,0.5662652840366241,-1.1998426794276251,1.203613803849286,0.6160055685931836,0.06258906407790293,0.3169491554916455
scenario,97,3,0,0,certified_reset,0,1,0.08800045817616663,0.0840006109015555,0.003999847274611132,0.07199725094300037,0.0,0.0,0,0,-0.02931741548649778,0.0116684988251846,-0.010672992474038365,0.027125196928849307,-0.02931741548649778,0.0116684988251846,0.012002684837294433,0.0008876201575605255,0.06258906407790293,0.3169491554916455
scenario,97,4,0,0,certified_reset,0,1,0.0840006109015555,0.08000076362694437,0.003999847274611132,0.06799740366838924,0.0,0.0,0,0,-0.010672992474038365,0.027125196928849307,-0.006181654803038766,-0.004551441709414515,-0.010672992474038365,0.027125196928849307,-0.029332409570716672,0.00026786226014868043,0.06258906407790293,0.3169491554916455
scenario,97,5,0,0,certified_reset,0,1,0.08000076362694437,0.07600091635233325,0.003999847274611132,0.06399755639377812,0.0,0.0,0,0,-0.006181654803038766,-0.004551441709414515,-0.013518438969066226,0.008400418611222945,-0.006181654803038766,-0.004551441709414515,0.012858892717954071,4.6075446046384204e-05,0.06258906407790293,0.3169491554916455
scenario,97,6,0,0,certified_reset,0,1,0.07600091635233325,0.07200106907772212,0.003999847274611132,0.05999770911916699,0.0,0.0,0,0,-0.013518438969066226,0.008400418611222945,-0.010838462389255187,0.003393439074848309,-0.013518438969066226,0.008400418611222945,0.0010884534368573334,0.00019547987634435402,0.06258906407790293,0.3169491554916455
scenario,97,7,0,0,certified_reset,0,1,0.07200106907772212,0.068001221803111,0.003999847274611132,0.05599786184455586,0.0,0.0,0,0,-0.010838462389255187,0.003393439074848309,-0.011850882390787722,0.017198276272574767,-0.010838462389255187,0.003393439074848309,0.005793455040833823,0.00012038414717190065,0.06258906407790293,0.3169491554916455
scenario,97,8,0,0,certified_reset,0,1,0.068001221803111,0.06400137452849987,0.003999847274611132,0.051998014569944725,0.0,0.0,0,0,-0.011850882390787722,0.017198276272574767,-0.005726134815398064,0.01042243421848002,-0.011850882390787722,0.017198276272574767,-0.013534270861243874,0.00019826335284852582,0.06258906407790293,0.3169491554916455
scenario,97,9,0,0,certified_reset,0,1,0.06400137452849987,0.060001527253888735,0.003999847274611132,0.04799816729533359,0.0,0.0,0,0,-0.005726134815398064,0.01042243421848002,-0.0002673624802570546,-0.004078023950803117,-0.005726134815398064,0.01042243421848002,-0.009650094094577732,5.466961213190671e-05,0.06258906407790293,0.3169491554916455
scenario,97,10,0,0,certified_reset,0,1,0.060001527253888735,0.0560016799792776,0.003999847274611132,0.04399832002072246,0.0,0.0,0,0,-0.0002673624802570546,-0.004078023950803117,-0.008033657141115706,0.0038467888583224533,-0.0002673624802570546,-0.004078023950803117,0.006272328263740516,4.048485523850452e-06,0.06258906407790293,0.3169491554916455
scenario,97,11,0,0,certified_reset,0,1,0.0560016799792776,0.05200183270466647,0.003999847274611132,0.039998472746111326,0.0,0.0,0,0,-0.008033657141115706,0.0038467888583224533,-0.011690927687372687,0.0024094183327118073,-0.008033657141115706,0.0038467888583224533,0.0023313264218552624,6.733912534682286e-05,0.06258906407790293,0.3169491554916455
scenario,97,12,0,0,certified_reset,0,1,0.05200183270466647,0.048001985430055336,0.003999847274611132,0.03599862547150019,0.0,0.0,0,0,-0.011690927687372687,0.0024094183327118073,-0.0012764633764353259,0.010851137783102243,-0.011690927687372687,0.0024094183327118073,0.008090461775545784,0.00013935913289127785,0.06258906407790293,0.3169491554916455
scenario,97,13,0,0,certified_reset,0,1,0.048001985430055336,0.0440021381554442,0.003999847274611132,0.03199877819688906,0.0,0.0,0,0,-0.0012764633764353259,0.010851137783102243,0.006956878834611052,-0.00011653543201603283,-0.0012764633764353259,0.010851137783102243,-0.0147155269719701,2.8237521516766594e-05,0.06258906407790293,0.3169491554916455
scenario,97,14,0,0,certified_reset,0,1,0.0440021381554442,0.04000229088083307,0.003999847274611132,0.02799893092227793,0.0,0.0,0,0,0.006956878834611052,-0.00011653543201603283,0.001876014017916011,0.0033335437419609176,0.006956878834611052,-0.00011653543201603283,-0.006750514899163826,4.953984389579978e-05,0.06258906407790293,0.3169491554916455
scenario,97,15,0,0,certified_reset,0,1,0.04000229088083307,0.036002443606221936,0.003999847274611132,0.023999083647666796,0.0,0.0,0,0,0.001876014017916011,0.0033335437419609176,-0.0008317586620413247,0.007861160429526948,0.001876014017916011,0.0033335437419609176,-0.006781666988629903,6.669456272356213e-06,0.06258906407790293,0.3169491554916455
scenario,97,16,0,0,certified_reset,0,1,0.036002443606221936,0.0320025963316108,0.003999847274611132,0.019999236373055663,0.0,0.0,0,0,-0.0008317586620413247,0.007861160429526948,0.0011743953138272445,-0.017189861693439914,-0.0008317586620413247,0.007861160429526948,-0.010751830686959838,1.470548084368391e-05,0.06258906407790293,0.3169491554916455
scenario,97,17,0,0,certified_reset,0,1,0.0320025963316108,0.02800274905699967,0.003999847274611132,0.01599938909844453,0.0,0.0,0,0,0.0011743953138272445,-0.017189861693439914,-0.007313980448211122,0.012014792360175403,0.0011743953138272445,-0.017189861693439914,0.02415393757698713,6.915296397209089e-05,0.06258906407790293,0.3169491554916455
scenario,97,18,0,0,certified_reset,0,1,0.02800274905699967,0.024002901782388536,0.003999847274611132,0.011999541823833396,0.0,0.0,0,0,-0.007313980448211122,0.012014792360175403,-0.00041179566321716376,0.014716381985203307,-0.007313980448211122,0.012014792360175403,-0.010414917217986649,8.21900148957157e-05,0.06258906407790293,0.3169491554916455
scenario,97,19,0,0,certified_reset,0,1,0.024002901782388536,0.020003054507777403,0.003999847274611132,0.007999694549222265,0.0,0.0,0,0,-0.00041179566321716376,0.014716381985203307,0.0006738423389266428,-0.007853361246191284,-0.00041179566321716376,0.014716381985203307,-0.021267971531040635,5.0460682766568294e-05,0.06258906407790293,0.3169491554916455
scenario,97,20,0,0,certified_reset,0,1,0.020003054507777403,0.01600320723316627,0.003999847274611132,0.003999847274611132,0.0,0.0,0,0,0.0006738423389266428,-0.007853361246191284,-0.007323009596012658,-0.007240388029609973,0.0006738423389266428,-0.007853361246191284,0.01089759076183634,1.4524551523413889e-05,0.06258906407790293,0.3169491554916455
scenario,97,21,0,0,certified_reset,0,1,0.01600320723316627,0.012003359958555136,0.003999847274611132,0.0,0.0,0.0,0,0,-0.007323009596012658,-0.007240388029609973,-0.007022405179886228,-0.005152650937160006,-0.007323009596012658,-0.007240388029609973,0.01795650595049122,7.112355157952162e-05,0.06258906407790293,0.3169491554916455
scenario,98,0,0,0,certified_reset,0,1,0.1,0.09600015272538888,0.003999847274611132,0.08399679276683375,0.0,0.0,0,0,-3.914963530177456,0.15993082028935146,-2.97691038734304,1.719202995472621,-3.914963530177456,0.15993082028935146,1.5499999999999448,15.39160595872964,0.06258906407790293,0.3169491554916455
scenario,98,1,0,0,certified_reset,0,1,0.09600015272538888,0.09200030545077775,0.003999847274611132,0.07999694549222262,0.0,0.0,0,0,-2.97691038734304,1.719202995472621,-1.1713025193333244,1.8889950306740226,-2.97691038734304,1.719202995472621,0.17977699668280783,9.39482205761986,0.06258906407790293,0.3169491554916455
scenario,98,2,0,0,certified_reset,0,1,0.09200030545077775,0.08800045817616663,0.003999847274611132,0.0759970982176115,0.0,0.0,0,0,-1.1713025193333244,1.8889950306740226,-0.05442525278619606,0.3409675664918083,-1.1713025193333244,1.8889950306740226,-1.55,2.0743064924606,0.06258906407790293,0.3169491554916455
scenario,98,3,0,0,certified_reset,0,1,0.08800045817616663,0.0840006109015555,0.003999847274611132,0.07199725094300037,0.0,0.0,0,0,-0.05442525278619606,0.3409675664918083,0.05869632615761324,-0.11217374136089651,-0.05442525278619606,0.3409675664918083,-0.4480822550323225,0.028908149474594854,0.06258906407790293,0.3169491554916455
scenario,98,4,0,0,certified_reset,0,1,0.0840006109015555,0.08000076362694437,0.003999847274611132,0.06799740366838924,0.0,0.0,0,0,0.05869632615761324,-0.11217374136089651,0.009088363053817487,-0.0023418063959817744,0.05869632615761324,-0.11217374136089651,0.10679480160694665,0.005995317630819825,0.06258906407790293,0.3169491554916455
scenario,98,5,0,0,certified_reset,0,1,0.08000076362694437,0.07600091635233325,0.003999847274611132,0.06399755639377812,0.0,0.0,0,0,0.009088363053817487,-0.0023418063959817744,-0.01032465639790414,-0.004254788930000887,0.009088363053817487,-0.0023418063959817744,-0.0055963208486566555,8.436844346934945e-05,0.06258906407790293,0.3169491554916455
scenario,98,6,0,0,certified_reset,0,1,0.07600091635233325,0.07200106907772212,0.003999847274611132,0.05999770911916699,0.0,0.0,0,0,-0.01032465639790414,-0.004254788930000887,-0.019747908016648122,0.004528393361949758,-0.01032465639790414,-0.004254788930000887,0.016549798804243888,0.00011670450693730116,0.06258906407790293,0.3169491554916455
scenario,98,7,0,0,certified_reset,0,1,0.07200106907772212,0.068001221803111,0.003999847274611132,0.05599786184455586,0.0,0.0,0,0,-0.019747908016648122,0.004528393361949758,-0.013786259702032816,0.027576846764928647,-0.019747908016648122,0.004528393361949758,0.012990797654619853,0.00039789003398587615,0.06258906407790293,0.3169491554916455
scenario,98,8,0,0,certified_reset,0,1,0.068001221803111,0.06400137452849987,0.003999847274611132,0.051998014569944725,0.0,0.0,0,0,-0.013786259702032816,0.027576846764928647,0.009174344988095698,0.009986930183417245,-0.013786259702032816,0.027576846764928647,-0.026898266499055253,0.0003450357210375929,0.06258906407790293,0.3169491554916455
scenario,98,9,0,0,certified_reset,0,1,0.06400137452849987,0.060001527253888735,0.003999847274611132,0.04799816729533359,0.0,0.0,0,0,0.009174344988095698,0.009986930183417245,0.017341379996314757,-0.02377755237999714,0.009174344988095698,0.009986930183417245,-0.023846659123367267,0.00011633816415216961,0.06258906407790293,0.3169491554916455
scenario,98,10,0,0,certified_reset,0,1,0.060001527253888735,0.0560016799792776,0.003999847274611132,0.04399832002072246,0.0,0.0,0,0,0.017341379996314757,-0.02377755237999714,-0.0033411804426019334,-0.01403557077984387,0.017341379996314757,-0.02377755237999714,0.01775341736715086,0.0004103700153749233,0.06258906407790293,0.3169491554916455
scenario,98,11,0,0,certified_reset,0,1,0.0560016799792776,0.05200183270466647,0.003999847274611132,0.039998472746111326,0.0,0.0,0,0,-0.0033411804426019334,-0.01403557077984387,-0.010874370909564755,0.01299913935886487,-0.0033411804426019334,-0.01403557077984387,0.024004242269551536,6.102808240429004e-05,0.06258906407790293,0.3169491554916455
scenario,98,12,0,0,certified_reset,0,1,0.05200183270466647,0.048001985430055336,0.003999847274611132,0.03599862547150019,0.0,0.0,0,0,-0.010874370909564755,0.01299913935886487,-0.0026568180905511816,0.010893499561322732,-0.010874370909564755,0.01299913935886487,-0.008320901790820508,0.00015039885017691435,0.06258906407790293,0.3169491554916455
scenario,98,13,0,0,certified_reset,0,1,0.048001985430055336,0.0440021381554442,0.003999847274611132,0.03199877819688906,0.0,0.0,0,0,-0.0026568180905511816,0.010893499561322732,0.005119685766093313,-0.0049511216194432425,-0.0026568180905511816,0.010893499561322732,-0.01340056415757889,3.290836024447167e-05,0.06258906407790293,0.3169491554916455
scenario,98,14,1,1,certified_reset,0,1,0.0440021381554442,0.04000229088083307,0.003999847274611132,0.02799893092227793,0.0,0.0,0,0,0.005119685766093313,-0.0049511216194432425,0.020715235871175332,0.03128159733475288,0.005119685766093313,-0.0049511216194432425,0.0021964698338170358,3.0744243289103465e-05,0.0659683941917073,0.3371807140592316
scenario,98,15,1,1,certified_reset,0,1,0.04000229088083307,0.036002443606221936,0.003999847274611132,0.023999083647666796,0.0,0.0,0,0,0.020715235871175332,0.03128159733475288,0.01996236368056745,-0.0461328771811127,0.020715235871175332,0.03128159733475288,-0.0667125066503497,0.0007165218605142043,0.0659683941917073,0.3371807140592316
scenario,98,16,1,1,certified_reset,0,1,0.036002443606221936,0.0320025963316108,0.003999847274611132,0.019999236373055663,0.0,0.0,0,0,0.01996236368056745,-0.0461328771811127,0.0037767613623594506,-0.030711591031899514,0.01996236368056745,-0.0461328771811127,0.04808350665035836,0.000839380178271488,0.0659683941917073,0.3371807140592316
scenario,98,17,1,1,certified_reset,0,1,0.0320025963316108,0.02800274905699967,0.003999847274611132,0.01599938909844453,0.0,0.0,0,0,0.0037767613623594506,-0.030711591031899514,-0.017644170619930448,-0.01686557215877937,0.0037767613623594506,-0.030711591031899514,0.04147648506752308,0.00022704772499503994,0.0659683941917073,0.3371807140592316
scenario,98,18,1,1,certified_reset,0,1,0.02800274905699967,0.024002901782388536,0.003999847274611132,0.011999541823833396,0.0,0.0,0,0,-0.017644170619930448,-0.01686557215877937,-0.013117160024328672,0.013485687273010392,-0.017644170619930448,-0.01686557215877937,0.042412628014048916,0.0004074880866054079,0.0659683941917073,0.3371807140592316
scenario,98,19,1,1,certified_reset,0,1,0.024002901782388536,0.020003054507777403,0.003999847274611132,0.007999694549222265,0.0,0.0,0,0,-0.013117160024328672,0.013485687273010392,-0.009591482940165565,0.0337031611043791,-0.013117160024328672,0.013485687273010392,-0.0068062583962728695,0.00020595349295834524,0.0659683941917073,0.3371807140592316
scenario,98,20,0,0,certified_reset,0,1,0.020003054507777403,0.01600320723316627,0.003999847274611132,0.003999847274611132,0.0,0.0,0,0,-0.009591482940165565,0.0337031611043791,0.0013818979995871682,-0.009449636039539614,-0.009591482940165565,0.0337031611043791,-0.04009389148207994,0.00033664710066289895,0.06258906407790293,0.3169491554916455
scenario,98,21,0,0,certified_reset,0,1,0.01600320723316627,0.012003359958555136,0.003999847274611132,0.0,0.0,0.0,0,0,0.0013818979995871682,-0.009449636039539614,-0.005071043057574037,0.002117038093336391,0.0013818979995871682,-0.009449636039539614,0.012539510837589774,2.1913837212771666e-05,0.06258906407790293,0.3169491554916455
scenario,99,0,0,0,certified_reset,0,1,0.1,0.09600015272538888,0.003999847274611132,0.08399679276683375,0.0,0.0,0,0,-0.4392284336189789,0.4222145965063654,-0.09665894609563783,0.23589775788845033,-0.4392284336189789,0.4222145965063654,-0.18459223641212358,0.2258612040335184,0.06258906407790293,0.3169491554916455
scenario,99,1,0,0,certified_reset,0,1,0.09600015272538888,0.09200030545077775,0.003999847274611132,0.07999694549222262,0.0,0.0,0,0,-0.09665894609563783,0.23589775788845033,0.01562987580924714,-0.019582480755918726,-0.09665894609563783,0.23589775788845033,-0.25125025419636715,0.020937714507986524,0.06258906407790293,0.3169491554916455
scenario,99,2,1,1,certified_reset,0,1,0.09200030545077775,0.08800045817616663,0.003999847274611132,0.0759970982176115,0.0,0.0,0,0,0.01562987580924714,-0.019582480755918726,0.022486537687158976,-0.015100917287997145,0.01562987580924714,-0.019582480755918726,0.013283585805861387,0.00031772959856909787,0.0659683941917073,0.3371807140592316
scenario,99,3,1,1,certified_reset,0,1,0.08800045817616663,0.0840006109015555,0.003999847274611132,0.07199725094300037,0.0,0.0,0,0,0.022486537687158976,-0.015100917287997145,0.018579781695748736,-0.011726583465140657,0.022486537687158976,-0.015100917287997145,-0.00014605820428767292,0.0005466916970100046,0.0659683941917073,0.3371807140592316
scenario,99,4,1,1,certified_reset,0,1,0.0840006109015555,0.08000076362694437,0.003999847274611132,0.06799740366838924,0.0,0.0,0,0,0.018579781695748736,-0.011726583465140657,-0.005969174272237854,0.0014312893702028186,0.018579781695748736,-0.011726583465140657,-0.0012281813794082067,0.0003699982953568818,0.0659683941917073,0.3371807140592316
scenario,99,5,1,1,certified_reset,0,1,0.08000076362694437,0.07600091635233325,0.003999847274611132,0.06399755639377812,0.0,0.0,0,0,-0.005969174272237854,0.0014312893702028186,0.0020177903663710444,0.013984396239874564,-0.005969174272237854,0.0014312893702028186,0.003837814301256158,3.636800802464547e-05,0.0659683941917073,0.3371807140592316
scenario,99,6,1,1,certified_reset,0,1,0.07600091635233325,0.07200106907772212,0.003999847274611132,0.05999770911916699,0.0,0.0,0,0,0.0020177903663710444,0.013984396239874564,0.025837213357633816,0.0023283581724599413,0.0020177903663710444,0.013984396239874564,-0.022612666777904345,5.205619630772048e-05,0.0659683941917073,0.3371807140592316
scenario,99,7,0,0,certified_reset,0,1,0.07200106907772212,0.068001221803111,0.003999847274611132,0.05599786184455586,0.0,0.0,0,0,0.025837213357633816,0.0023283581724599413,0.011659243994706154,-0.02737923888248225,0.025837213357633816,0.0023283581724599413,-0.029155583507199684,0.0006897886206492906,0.06258906407790293,0.3169491554916455
scenario,99,8,0,0,certified_reset,0,1,0.068001221803111,0.06400137452849987,0.003999847274611132,0.051998014569944725,0.0,0.0,0,0,0.011659243994706154,-0.02737923888248225,0.001491653886558762,-9.381380860458205e-05,0.011659243994706154,-0.02737923888248225,0.028725892497172178,0.00029149948294319387,0.06258906407790293,0.3169491554916455
scenario,99,9,0,0,certified_reset,0,1,0.06400137452849987,0.060001527253888735,0.003999847274611132,0.04799816729533359,0.0,0.0,0,0,0.001491653886558762,-9.381380860458205e-05,0.0005326728790696322,-0.009547543418718513,0.001491653886558762,-9.381380860458205e-05,-0.0013466988155058535,2.2719554453012634e-06,0.06258906407790293,0.3169491554916455
scenario,99,10,0,0,certified_reset,0,1,0.060001527253888735,0.0560016799792776,0.003999847274611132,0.04399832002072246,0.0,0.0,0,0,0.0005326728790696322,-0.009547543418718513,0.004660566585045893,0.012085585496352294,0.0005326728790696322,-0.009547543418718513,0.013533641567562569,2.12707321078945e-05,0.06258906407790293,0.3169491554916455
scenario,99,11,0,0,certified_reset,0,1,0.0560016799792776,0.05200183270466647,0.003999847274611132,0.039998472746111326,0.0,0.0,0,0,0.004660566585045893,0.012085585496352294,0.008151493112338239,-0.0035586026706223356,0.004660566585045893,0.012085585496352294,-0.022443067424482682,6.0604210601278595e-05,0.06258906407790293,0.3169491554916455
scenario,99,12,0,0,certified_reset,0,1,0.05200183270466647,0.048001985430055336,0.003999847274611132,0.03599862547150019,0.0,0.0,0,0,0.008151493112338239,-0.0035586026706223356,0.011291811111995932,-0.00841200171161186,0.008151493112338239,-0.0035586026706223356,-0.002876538499089357,6.89331593380412e-05,0.06258906407790293,0.3169491554916455
scenario,99,13,0,0,certified_reset,0,1,0.048001985430055336,0.0440021381554442,0.003999847274611132,0.03199877819688906,0.0,0.0,0,0,0.011291811111995932,-0.00841200171161186,0.004966660576709884,-0.0026875817506026266,0.011291811111995932,-0.00841200171161186,0.0011479111593805352,0.0001402750597930495,0.06258906407790293,0.3169491554916455
scenario,99,14,0,0,certified_reset,0,1,0.0440021381554442,0.04000229088083307,0.003999847274611132,0.02799893092227793,0.0,0.0,0,0,0.004966660576709884,-0.0026875817506026266,-0.0017675092316927423,0.012416654423081434,0.004966660576709884,-0.0026875817506026266,-0.0009872617257773995,2.5992241647034794e-05,0.06258906407790293,0.3169491554916455
scenario,99,15,0,0,certified_reset,0,1,0.04000229088083307,0.036002443606221936,0.003999847274611132,0.023999083647666796,0.0,0.0,0,0,-0.0017675092316927423,0.012416654423081434,0.007106310943249312,-0.006336146538931223,-0.0017675092316927423,0.012416654423081434,-0.016529640682451437,3.77060096825939e-05,0.06258906407790293,0.3169491554916455
scenario,99,16,0,0,certified_reset,0,1,0.036002443606221936,0.0320025963316108,0.003999847274611132,0.019999236373055663,0.0,0.0,0,0,0.007106310943249312,-0.006336146538931223,0.004756740244724369,-0.007901282656066667,0.007106310943249312,-0.006336146538931223,0.0022547660724789114,5.78531700064908e-05,0.06258906407790293,0.3169491554916455
scenario,99,17,0,0,certified_reset,0,1,0.0320025963316108,0.02800274905699967,0.003999847274611132,0.01599938909844453,0.0,0.0,0,0,0.004756740244724369,-0.007901282656066667,0.00391832499693647,-0.0019393788033128276,0.004756740244724369,-0.007901282656066667,0.0069018501137736495,3.505491430059617e-05,0.06258906407790293,0.3169491554916455
scenario,99,18,0,0,certified_reset,0,1,0.02800274905699967,0.024002901782388536,0.003999847274611132,0.011999541823833396,0.0,0.0,0,0,0.00391832499693647,-0.0019393788033128276,-0.003050682640568244,0.001417910202160662,0.00391832499693647,-0.0019393788033128276,-0.001041383253808485,1.605739698434304e-05,0.06258906407790293,0.3169491554916455
scenario,99,19,0,0,certified_reset,0,1,0.024002901782388536,0.020003054507777403,0.003999847274611132,0.007999694549222265,0.0,0.0,0,0,-0.003050682640568244,0.001417910202160662,0.0006156758807245256,0.0009538829676546325,-0.003050682640568244,0.001417910202160662,0.0009472326170580008,9.69098029568533e-06,0.06258906407790293,0.3169491554916455
scenario,99,20,0,0,certified_reset,0,1,0.020003054507777403,0.01600320723316627,0.003999847274611132,0.003999847274611132,0.0,0.0,0,0,0.0006156758807245256,0.0009538829676546325,0.004936179907839719,0.011763039178105712,0.0006156758807245256,0.0009538829676546325,-0.002017666825696718,6.446119644705367e-07,0.06258906407790293,0.3169491554916455
scenario,99,21,0,0,certified_reset,0,1,0.01600320723316627,0.012003359958555136,0.003999847274611132,0.0,0.0,0.0,0,0,0.004936179907839719,0.011763039178105712,0.0031854118227078,0.0024453134095242107,0.004936179907839719,0.011763039178105712,-0.02224412793194826,6.164233909589954e-05,0.06258906407790293,0.3169491554916455
scenario,100,0,0,0,certified_reset,0,1,0.1,0.09600015272538888,0.003999847274611132,0.08399679276683375,0.0,0.0,0,0,-5.805606897935276,0.05129653223161412,-4.979628144333449,1.603508343348871,-5.805606897935276,0.05129653223161412,1.55,33.76560759351308,0.06258906407790293,0.3169491554916455
scenario,100,1,0,0,certified_reset,0,1,0.09600015272538888,0.09200030545077775,0.003999847274611132,0.07999694549222262,0.0,0.0,0,0,-4.979628144333449,1.603508343348871,-2.704389901578887,2.9320379623292245,-4.979628144333449,1.603508343348871,1.3335086680238406,25.303975611324258,0.06258906407790293,0.3169491554916455
scenario,100,2,0,0,certified_reset,0,1,0.09200030545077775,0.08800045817616663,0.003999847274611132,0.0759970982176115,0.0,0.0,0,0,-2.704389901578887,2.9320379623292245,-0.5466796716900272,1.3842315179768148,-2.704389901578887,2.9320379623292245,-1.55,8.92121963001901,0.06258906407790293,0.3169491554916455
scenario,100,3,0,0,certified_reset,0,1,0.08800045817616663,0.0840006109015555,0.003999847274611132,0.07199725094300037,0.0,0.0,0,0,-0.5466796716900272,1.3842315179768148,0.09215420177932582,-0.1216460013071842,-0.5466796716900272,1.3842315179768148,-1.4947380224599918,0.6996121484986774,0.06258906407790293,0.3169491554916455
scenario,100,4,0,0,certified_reset,0,1,0.0840006109015555,0.08000076362694437,0.003999847274611132,0.06799740366838924,0.0,0.0,0,0,0.09215420177932582,-0.1216460013071842,0.02025779876654623,-0.04192863015822283,0.09215420177932582,-0.1216460013071842,0.08743221998552066,0.011347101666999551,0.06258906407790293,0.3169491554916455
scenario,100,5,0,0,certified_reset,0,1,0.08000076362694437,0.07600091635233325,0.003999847274611132,0.06399755639377812,0.0,0.0,0,0,0.02025779876654623,-0.04192863015822283,-0.004845301405833909,0.009861900129664111,0.02025779876654623,-0.04192863015822283,0.04158813476967169,0.0007700595395564973,0.06258906407790293,0.3169491554916455
scenario,100,6,0,0,certified_reset,0,1,0.07600091635233325,0.07200106907772212,0.003999847274611132,0.05999770911916699,0.0,0.0,0,0,-0.004845301405833909,0.009861900129664111,0.008082120424588645,0.011069779978428937,-0.004845301405833909,0.009861900129664111,-0.009698925496366912,4.3334947958122375e-05,0.06258906407790293,0.3169491554916455
scenario,100,7,0,0,certified_reset,0,1,0.07200106907772212,0.068001221803111,0.003999847274611132,0.05599786184455586,0.0,0.0,0,0,0.008082120424588645,0.011069779978428937,0.005350188394380578,-0.0075514230109325255,0.008082120424588645,0.011069779978428937,-0.02435260789131288,0.0001022041135140025,0.06258906407790293,0.3169491554916455
scenario,100,8,1,1,certified_reset,0,1,0.068001221803111,0.06400137452849987,0.003999847274611132,0.051998014569944725,0.0,0.0,0,0,0.005350188394380578,-0.0075514230109325255,0.026307001569865002,-0.031060021017814625,0.005350188394380578,-0.0075514230109325255,0.005794447754535079,3.972822458307297e-05,0.0659683941917073,0.3371807140592316
scenario,100,9,0,0,certified_reset,0,1,0.06400137452849987,0.060001527253888735,0.003999847274611132,0.04799816729533359,0.0,0.0,0,0,0.026307001569865002,-0.031060021017814625,0.0035529133174424738,-0.017491471569656643,0.026307001569865002,-0.031060021017814625,0.019551994359532362,0.0008752658266956348,0.06258906407790293,0.3169491554916455
scenario,100,10,0,0,certified_reset,0,1,0.060001527253888735,0.0560016799792776,0.003999847274611132,0.04399832002072246,0.0,0.0,0,0,0.0035529133174424738,-0.017491471569656643,-0.005933182551535796,-0.007408251767470774,0.0035529133174424738,-0.017491471569656643,0.0222281113508398,8.00467003778726e-05,0.06258906407790293,0.3169491554916455
scenario,100,11,0,0,certified_reset,0,1,0.0560016799792776,0.05200183270466647,0.003999847274611132,0.039998472746111326,0.0,0.0,0,0,-0.005933182551535796,-0.007408251767470774,-0.007222565115036541,0.0018695092209893675,-0.005933182551535796,-0.007408251767470774,0.016818464073031426,5.215296849928713e-05,0.06258906407790293,0.3169491554916455
scenario,100,12,0,0,certified_reset,0,1,0.05200183270466647,0.048001985430055336,0.003999847274611132,0.03599862547150019,0.0,0.0,0,0,-0.007222565115036541,0.0018695092209893675,-0.002506032609154686,0.011450581329935598,-0.007222565115036541,0.0018695092209893675,0.0044400445169676065,5.328740837468473e-05,0.06258906407790293,0.3169491554916455
scenario,100,13,0,0,certified_reset,0,1,0.048001985430055336,0.0440021381554442,0.003999847274611132,0.03199877819688906,0.0,0.0,0,0,-0.002506032609154686,0.011450581329935598,0.004089687875308902,-0.012702800161779227,-0.002506032609154686,0.011450581329935598,-0.01437050739409993,3.5043832810068205e-05,0.06258906407790293,0.3169491554916455
scenario,100,14,0,0,certified_reset,0,1,0.0440021381554442,0.04000229088083307,0.003999847274611132,0.02799893092227793,0.0,0.0,0,0,0.004089687875308902,-0.012702800161779227,0.003442342624425481,0.0006060764253752488,0.004089687875308902,-0.012702800161779227,0.014640003991672307,5.112879359037087e-05,0.06258906407790293,0.3169491554916455
scenario,100,15,0,0,certified_reset,0,1,0.04000229088083307,0.036002443606221936,0.003999847274611132,0.023999083647666796,0.0,0.0,0,0,0.003442342624425481,0.0006060764253752488,-0.0022246949495008206,0.0024179117321277725,0.003442342624425481,0.0006060764253752488,-0.004320051357229369,1.2382412991175207e-05,0.06258906407790293,0.3169491554916455
scenario,100,16,0,0,certified_reset,0,1,0.036002443606221936,0.0320025963316108,0.003999847274611132,0.019999236373055663,0.0,0.0,0,0,-0.0022246949495008206,0.0024179117321277725,0.0007190553932090639,-0.003968672611602852,-0.0022246949495008206,0.0024179117321277725,-0.0013472254830733607,6.046976516875518e-06,0.06258906407790293,0.3169491554916455
scenario,100,17,0,0,certified_reset,0,1,0.0320025963316108,0.02800274905699967,0.003999847274611132,0.01599938909844453,0.0,0.0,0,0,0.0007190553932090639,-0.003968672611602852,0.002411655980134653,-0.010549113184196933,0.0007190553932090639,-0.003968672611602852,0.005126707522428124,4.009184122671658e-06,0.06258906407790293,0.3169491554916455
scenario,100,18,0,0,certified_reset,0,1,0.02800274905699967,0.024002901782388536,0.003999847274611132,0.011999541823833396,0.0,0.0,0,0,0.002411655980134653,-0.010549113184196933,0.004223726285273341,0.007460619369271205,0.002411655980134653,-0.010549113184196933,0.013135303198330488,3.0160571334460573e-05,0.06258906407790293,0.3169491554916455
scenario,100,19,0,0,certified_reset,0,1,0.024002901782388536,0.020003054507777403,0.003999847274611132,0.007999694549222265,0.0,0.0,0,0,0.004223726285273341,0.007460619369271205,0.010676372504591303,-0.0004109243467280768,0.004223726285273341,0.007460619369271205,-0.01519680925074035,3.363239046515966e-05,0.06258906407790293,0.3169491554916455
scenario,100,20,0,0,certified_reset,0,1,0.020003054507777403,0.01600320723316627,0.003999847274611132,0.003999847274611132,0.0,0.0,0,0,0.010676372504591303,-0.0004109243467280768,0.012195825141345994,-0.010312133033243239,0.010676372504591303,-0.0004109243467280768,-0.010026967275305424,0.00011652882626266642,0.06258906407790293,0.3169491554916455
scenario,100,21,0,0,certified_reset,0,1,0.01600320723316627,0.012003359958555136,0.003999847274611132,0.0,0.0,0.0,0,0,0.012195825141345994,-0.010312133033243239,0.005671111786358714,-0.0030444834049383534,0.012195825141345994,-0.010312133033243239,0.0030420884204215553,0.00016811072421238376,0.06258906407790293,0.3169491554916455
scenario,101,0,0,0,certified_reset,0,1,0.1,0.09600015272538888,0.003999847274611132,0.08399679276683375,0.0,0.0,0,0,1.32037271733261,-0.510348647268821,0.5335243676984327,-1.0654223438961317,1.32037271733261,-0.510348647268821,-0.5629863654139433,1.7981899873857914,0.06258906407790293,0.3169491554916455
scenario,101,1,0,0,certified_reset,0,1,0.09600015272538888,0.09200030545077775,0.003999847274611132,0.07999694549222262,0.0,0.0,0,0,0.5335243676984327,-1.0654223438961317,-0.01286797271315376,-0.006219787793067907,0.5335243676984327,-1.0654223438961317,1.038205054459066,0.5159174530627841,0.06258906407790293,0.3169491554916455
scenario,101,2,0,0,certified_reset,0,1,0.09200030545077775,0.08800045817616663,0.003999847274611132,0.0759970982176115,0.0,0.0,0,0,-0.01286797271315376,-0.006219787793067907,-0.023819756438255527,0.018575617809976117,-0.01286797271315376,-0.006219787793067907,0.021973434090812278,0.0001846189537243949,0.06258906407790293,0.3169491554916455
scenario,101,3,0,0,certified_reset,0,1,0.08800045817616663,0.0840006109015555,0.003999847274611132,0.07199725094300037,0.0,0.0,0,0,-0.023819756438255527,0.018575617809976117,-0.0073405207402309405,0.01757769279484343,-0.023819756438255527,0.018575617809976117,-0.0036450077122626686,0.0006298225926723913,0.06258906407790293,0.3169491554916455
scenario,101,4,0,0,certified_reset,0,1,0.0840006109015555,0.08000076362694437,0.003999847274611132,0.06799740366838924,0.0,0.0,0,0,-0.0073405207402309405,0.01757769279484343,0.0031978832793491635,-0.0020657282227993312,-0.0073405207402309405,0.01757769279484343,-0.018585598351393628,0.00011813440750792404,0.06258906407790293,0.3169491554916455
scenario,101,5,0,0,certified_reset,0,1,0.08000076362694437,0.07600091635233325,0.003999847274611132,0.06399755639377812,0.0,0.0,0,0,0.0031978832793491635,-0.0020657282227993312,0.013605425911142192,-0.007989960821585219,0.0031978832793491635,-0.0020657282227993312,-0.00014359177768539337,1.0995074889590972e-05,0.06258906407790293,0.3169491554916455
scenario,101,6,0,0,certified_reset,0,1,0.07600091635233325,0.07200106907772212,0.003999847274611132,0.05999770911916699,0.0,0.0,0,0,0.013605425911142192,-0.007989960821585219,0.008209750295562479,-0.005928692923101022,0.013605425911142192,-0.007989960821585219,-0.0017768114924385325,0.00019667764600805488,0.06258906407790293,0.3169491554916455
scenario,101,7,0,0,certified_reset,0,1,0.07200106907772212,0.068001221803111,0.003999847274611132,0.05599786184455586,0.0,0.0,0,0,0.008209750295562479,-0.005928692923101022,-0.0006116124875356413,-0.010821582882754133,0.008209750295562479,-0.005928692923101022,0.0005572078429301405,7.373465388975085e-05,0.06258906407790293,0.3169491554916455
scenario,101,8,0,0,certified_reset,0,1,0.068001221803111,0.06400137452849987,0.003999847274611132,0.051998014569944725,0.0,0.0,0,0,-0.0006116124875356413,-0.010821582882754133,-0.004938083308637174,0.00887332282524984,-0.0006116124875356413,-0.010821582882754133,0.01654844181180313,2.829954109077249e-05,0.06258906407790293,0.3169491554916455
scenario,101,9,0,0,certified_reset,0,1,0.06400137452849987,0.060001527253888735,0.003999847274611132,0.04799816729533359,0.0,0.0,0,0,-0.004938083308637174,0.00887332282524984,0.002697779292869023,0.012601817965905154,-0.004938083308637174,0.00887332282524984,-0.008153990752675451,4.021931032590695e-05,0.06258906407790293,0.3169491554916455
scenario,101,10,0,0,certified_reset,0,1,0.060001527253888735,0.0560016799792776,0.003999847274611132,0.04399832002072246,0.0,0.0,0,0,0.002697779292869023,0.012601817965905154,0.005237107939129982,0.0007381114858747186,0.002697779292869023,0.012601817965905154,-0.021248761353436216,4.7150806477660784e-05,0.06258906407790293,0.3169491554916455
scenario,101,11,0,0,certified_reset,0,1,0.0560016799792776,0.05200183270466647,0.003999847274611132,0.039998472746111326,0.0,0.0,0,0,0.005237107939129982,0.0007381114858747186,0.0020747095611453126,-0.00466749868448177,0.005237107939129982,0.0007381114858747186,-0.006302313323989998,2.8518343938746265e-05,0.06258906407790293,0.3169491554916455
scenario,101,12,0,0,certified_reset,0,1,0.05200183270466647,0.048001985430055336,0.003999847274611132,0.03599862547150019,0.0,0.0,0,0,0.0020747095611453126,-0.00466749868448177,-0.007733638789837474,-0.005731424957728899,0.0020747095611453126,-0.00466749868448177,0.0048085500137195,8.80387150850385e-06,0.06258906407790293,0.3169491554916455
scenario,101,13,0,0,certified_reset,0,1,0.048001985430055336,0.0440021381554442,0.003999847274611132,0.03199877819688906,0.0,0.0,0,0,-0.007733638789837474,-0.005731424957728899,-0.007295468105349074,0.01590397106660228,-0.007733638789837474,-0.005731424957728899,0.016141870364514393,7.223603017159254e-05,0.06258906407790293,0.3169491554916455
scenario,101,14,0,0,certified_reset,0,1,0.0440021381554442,0.04000229088083307,0.003999847274611132,0.02799893092227793,0.0,0.0,0,0,-0.007295468105349074,0.01590397106660228,0.0012232627656413786,0.0041161397427035605,-0.007295468105349074,0.01590397106660228,-0.01616199678776529,0.00010528264160407704,0.06258906407790293,0.3169491554916455
scenario,101,15,0,0,certified_reset,0,1,0.04000229088083307,0.036002443606221936,0.003999847274611132,0.023999083647666796,0.0,0.0,0,0,0.0012232627656413786,0.0041161397427035605,0.006397385913996139,-0.003582778713542917,0.0012232627656413786,0.0041161397427035605,-0.0072808680615525255,5.871316935711458e-06,0.06258906407790293,0.3169491554916455
scenario,101,16,0,0,certified_reset,0,1,0.036002443606221936,0.0320025963316108,0.003999847274611132,0.019999236373055663,0.0,0.0,0,0,0.006397385913996139,-0.003582778713542917,0.0013625038720704416,-0.016324431939194133,0.006397385913996139,-0.003582778713542917,-0.0010895569666215827,4.326675948802298e-05,0.06258906407790293,0.3169491554916455
scenario,101,17,0,0,certified_reset,0,1,0.0320025963316108,0.02800274905699967,0.003999847274611132,0.01599938909844453,0.0,0.0,0,0,0.0013625038720704416,-0.016324431939194133,0.0005615067074377436,0.006237017808357085,0.0013625038720704416,-0.016324431939194133,0.022689982527569225,6.269497354367053e-05,0.06258906407790293,0.3169491554916455
scenario,101,18,0,0,certified_reset,0,1,0.02800274905699967,0.024002901782388536,0.003999847274611132,0.011999541823833396,0.0,0.0,0,0,0.0005615067074377436,0.006237017808357085,0.0002931948247847443,-0.005193083560186896,0.0005615067074377436,0.006237017808357085,-0.009746699349950788,9.69231389347327e-06,0.06258906407790293,0.3169491554916455
scenario,101,19,0,0,certified_reset,0,1,0.024002901782388536,0.020003054507777403,0.003999847274611132,0.007999694549222265,0.0,0.0,0,0,0.0002931948247847443,-0.005193083560186896,0.0006855300254133489,-0.00482797167203971,0.0002931948247847443,-0.005193083560186896,0.007357593939539515,6.293578955114285e-06,0.06258906407790293,0.3169491554916455
scenario,101,20,0,0,certified_reset,0,1,0.020003054507777403,0.01600320723316627,0.003999847274611132,0.003999847274611132,0.0,0.0,0,0,0.0006855300254133489,-0.00482797167203971,5.7352782185313145e-05,-0.004998041740930466,0.0006855300254133489,-0.00482797167203971,0.006427574694808843,5.698470211060126e-06,0.06258906407790293,0.3169491554916455
scenario,101,21,0,0,certified_reset,0,1,0.01600320723316627,0.012003359958555136,0.003999847274611132,0.0,0.0,0.0,0,0,5.7352782185313145e-05,-0.004998041740930466,0.005751839536644695,0.00894373014565087,5.7352782185313145e-05,-0.004998041740930466,0.007305730907874756,5.834107768016293e-06,0.06258906407790293,0.3169491554916455
scenario,102,0,0,0,certified_reset,0,1,0.1,0.09600015272538888,0.003999847274611132,0.08399679276683375,0.0,0.0,0,0,-5.522182153774975,-0.32576726474245304,-5.073244098661977,1.2274687121819632,-5.522182153774975,-0.32576726474245304,1.5499999999996688,30.573660615410798,0.06258906407790293,0.3169491554916455
scenario,102,1,0,0,certified_reset,0,1,0.09600015272538888,0.09200030545077775,0.003999847274611132,0.07999694549222262,0.0,0.0,0,0,-5.073244098661977,1.2274687121819632,-3.0724941198279545,2.773047778901049,-5.073244098661977,1.2274687121819632,1.55,26.069070483697995,0.06258906407790293,0.3169491554916455
scenario,102,2,0,0,certified_reset,0,1,0.09200030545077775,0.08800045817616663,0.003999847274611132,0.0759970982176115,0.0,0.0,0,0,-3.0724941198279545,2.773047778901049,-0.8625522680524239,1.6342772348111725,-3.0724941198279545,2.773047778901049,-1.1299543669440026,10.856302955294,0.06258906407790293,0.3169491554916455
scenario,102,3,0,0,certified_reset,0,1,0.08800045817616663,0.0840006109015555,0.003999847274611132,0.07199725094300037,0.0,0.0,0,0,-0.8625522680524239,1.6342772348111725,0.0036907244549547217,0.07979864300161786,-0.8625522680524239,1.6342772348111725,-1.5485446364432707,1.2847013518387804,0.06258906407790293,0.3169491554916455
scenario,102,4,0,0,certified_reset,0,1,0.0840006109015555,0.08000076362694437,0.003999847274611132,0.06799740366838924,0.0,0.0,0,0,0.0036907244549547217,0.07979864300161786,0.025645131513333273,-0.04384219231435003,0.0036907244549547217,0.07979864300161786,-0.12122360044236893,0.0015272086960896165,0.06258906407790293,0.3169491554916455
scenario,102,5,0,0,certified_reset,0,1,0.08000076362694437,0.07600091635233325,0.003999847274611132,0.06399755639377812,0.0,0.0,0,0,0.025645131513333273,-0.04384219231435003,-0.005298762673774483,-0.0051672777518522355,0.025645131513333273,-0.04384219231435003,0.03905107183482508,0.0010417822344694974,0.06258906407790293,0.3169491554916455
scenario,102,6,0,0,certified_reset,0,1,0.07600091635233325,0.07200106907772212,0.003999847274611132,0.05999770911916699,0.0,0.0,0,0,-0.005298762673774483,-0.0051672777518522355,-0.004371413391710902,0.005796713674041977,-0.005298762673774483,-0.0051672777518522355,0.012894262471216665,3.703957267556305e-05,0.06258906407790293,0.3169491554916455
scenario,102,7,0,0,certified_reset,0,1,0.07200106907772212,0.068001221803111,0.003999847274611132,0.05599786184455586,0.0,0.0,0,0,-0.004371413391710902,0.005796713674041977,-0.0029754286357249185,0.004720167210954973,-0.004371413391710902,0.005796713674041977,-0.004185236054698817,2.5595500157456726e-05,0.06258906407790293,0.3169491554916455
scenario,102,8,0,0,certified_reset,0,1,0.068001221803111,0.06400137452849987,0.003999847274611132,0.051998014569944725,0.0,0.0,0,0,-0.0029754286357249185,0.004720167210954973,0.008173540379147089,-0.006863926488784517,-0.0029754286357249185,0.004720167210954973,-0.0039908919977962014,1.3261752169631093e-05,0.06258906407790293,0.3169491554916455
scenario,102,9,0,0,certified_reset,0,1,0.06400137452849987,0.060001527253888735,0.003999847274611132,0.04799816729533359,0.0,0.0,0,0,0.008173540379147089,-0.006863926488784517,-0.0009983374333866289,-0.01175980133315076,0.008173540379147089,-0.006863926488784517,0.0019742811931977695,7.53846346171121e-05,0.06258906407790293,0.3169491554916455
scenario,102,10,1,1,certified_reset,0,1,0.060001527253888735,0.0560016799792776,0.003999847274611132,0.04399832002072246,0.0,0.0,0,0,-0.0009983374333866289,-0.01175980133315076,-0.012190459350916682,0.009045378223509726,-0.0009983374333866289,-0.01175980133315076,0.01831636135761778,3.427663189660324e-05,0.0659683941917073,0.3371807140592316
scenario,102,11,0,0,certified_reset,0,1,0.0560016799792776,0.05200183270466647,0.003999847274611132,0.039998472746111326,0.0,0.0,0,0,-0.012190459350916682,0.009045378223509726,-0.012156528814338792,0.01202731334159238,-0.012190459350916682,0.009045378223509726,-0.001187763932313124,0.0001633699648624665,0.06258906407790293,0.3169491554916455
scenario,102,12,0,0,certified_reset,0,1,0.05200183270466647,0.048001985430055336,0.003999847274611132,0.03599862547150019,0.0,0.0,0,0,-0.012156528814338792,0.01202731334159238,-0.0038637662407853927,0.011221772712743758,-0.012156528814338792,0.01202731334159238,-0.005609625493200146,0.00017460601818723064,0.06258906407790293,0.3169491554916455
scenario,102,13,0,0,certified_reset,0,1,0.048001985430055336,0.0440021381554442,0.003999847274611132,0.03199877819688906,0.0,0.0,0,0,-0.0038637662407853927,0.011221772712743758,0.0010889748582669355,-0.011042480816307154,-0.0038637662407853927,0.011221772712743758,-0.012682077296341408,4.161663958415881e-05,0.06258906407790293,0.3169491554916455
scenario,102,14,0,0,certified_reset,0,1,0.0440021381554442,0.04000229088083307,0.003999847274611132,0.02799893092227793,0.0,0.0,0,0,0.0010889748582669355,-0.011042480816307154,-0.002360550060197277,0.00856447319670206,0.0010889748582669355,-0.011042480816307154,0.015177593660468051,2.8893398839126567e-05,0.06258906407790293,0.3169491554916455
scenario,102,15,0,0,certified_reset,0,1,0.04000229088083307,0.036002443606221936,0.003999847274611132,0.023999083647666796,0.0,0.0,0,0,-0.002360550060197277,0.00856447319670206,-0.011178606547563794,0.002223772083762161,-0.002360550060197277,0.00856447319670206,-0.01026562631394337,2.140980988180057e-05,0.06258906407790293,0.3169491554916455
scenario,102,16,0,0,certified_reset,0,1,0.036002443606221936,0.0320025963316108,0.003999847274611132,0.019999236373055663,0.0,0.0,0,0,-0.011178606547563794,0.002223772083762161,-0.005188575371127659,0.008170186238792279,-0.011178606547563794,0.002223772083762161,0.007855205765422384,0.00012739397999615782,0.06258906407790293,0.3169491554916455
scenario,102,17,0,0,certified_reset,0,1,0.0320025963316108,0.02800274905699967,0.003999847274611132,0.01599938909844453,0.0,0.0,0,0,-0.005188575371127659,0.008170186238792279,-0.007185471017391549,0.003239285219124164,-0.005188575371127659,0.008170186238792279,-0.006867207161572375,4.011562750865043e-05,0.06258906407790293,0.3169491554916455
scenario,102,18,0,0,certified_reset,0,1,0.02800274905699967,0.024002901782388536,0.003999847274611132,0.011999541823833396,0.0,0.0,0,0,-0.007185471017391549,0.003239285219124164,-0.002638376183068021,0.007968805195353854,-0.007185471017391549,0.003239285219124164,0.0023821879020501386,5.366159859334132e-05,0.06258906407790293,0.3169491554916455
scenario,102,19,0,0,certified_reset,0,1,0.024002901782388536,0.020003054507777403,0.003999847274611132,0.007999694549222265,0.0,0.0,0,0,-0.002638376183068021,0.007968805195353854,0.009966885221634345,-0.00356442336188704,-0.002638376183068021,0.007968805195353854,-0.009109094649490335,2.046575314018466e-05,0.06258906407790293,0.3169491554916455
scenario,102,20,0,0,certified_reset,0,1,0.020003054507777403,0.01600320723316627,0.003999847274611132,0.003999847274611132,0.0,0.0,0,0,0.009966885221634345,-0.00356442336188704,0.0016170230134576334,-0.002969187647622713,0.009966885221634345,-0.00356442336188704,-0.0046713262704639645,0.00010217125375185917,0.06258906407790293,0.3169491554916455
scenario,102,21,0,0,certified_reset,0,1,0.01600320723316627,0.012003359958555136,0.003999847274611132,0.0,0.0,0.0,0,0,0.0016170230134576334,-0.002969187647622713,-0.00190596674077588,0.0005816138768741676,0.0016170230134576334,-0.002969187647622713,0.002762371006249905,4.392424317079013e-06,0.06258906407790293,0.3169491554916455
scenario,103,0,1,1,certified_reset,0,1,0.1,0.09600015272538888,0.003999847274611132,0.08399679276683375,0.0,0.0,0,0,2.990326457472001,0.48378654783527997,2.7244051684668977,-1.0748651206334754,2.990326457472001,0.48378654783527997,-1.549999999999901,9.044243718552988,0.0659683941917073,0.3371807140592316
scenario,103,1,1,1,certified_reset,0,1,0.09600015272538888,0.09200030545077775,0.003999847274611132,0.07999694549222262,0.0,0.0,0,0,2.7244051684668977,-1.0748651206334754,1.2287518125465469,-1.917567307037705,2.7244051684668977,-1.0748651206334754,-0.8249902593861697,7.647359050130992,0.0659683941917073,0.3371807140592316
scenario,103,2,1,1,certified_reset,0,1,0.09200030545077775,0.08800045817616663,0.003999847274611132,0.0759970982176115,0.0,0.0,0,0,1.2287518125465469,-1.917567307037705,0.1197016578372389,-0.32655090782151025,1.2287518125465469,-1.917567307037705,1.55,2.2317651046999947,0.0659683941917073,0.3371807140592316
scenario,103,3,1,1,certified_reset,0,1,0.08800045817616663,0.0840006109015555,0.003999847274611132,0.07199725094300037,0.0,0.0,0,0,0.1197016578372389,-0.32655090782151025,-0.024401609676809464,0.06914333074045047,0.1197016578372389,-0.32655090782151025,0.3618461273005236,0.03679619155687253,0.0659683941917073,0.3371807140592316
scenario,103,4,0,0,certified_reset,0,1,0.0840006109015555,0.08000076362694437,0.003999847274611132,0.06799740366838924,0.0,0.0,0,0,-0.024401609676809464,0.06914333074045047,0.0017392813643195195,-0.004807030269585852,-0.024401609676809464,0.06914333074045047,-0.07755565143407737,0.0016063545650124619,0.06258906407790293,0.3169491554916455
scenario,103,5,0,0,certified_reset,0,1,0.08000076362694437,0.07600091635233325,0.003999847274611132,0.06399755639377812,0.0,0.0,0,0,0.0017392813643195195,-0.004807030269585852,-0.0012571827576330263,0.0009391185288544521,0.0017392813643195195,-0.004807030269585852,0.005348176413752501,7.899531640373265e-06,0.06258906407790293,0.3169491554916455
scenario,103,6,0,0,certified_reset,0,1,0.07600091635233325,0.07200106907772212,0.003999847274611132,0.05999770911916699,0.0,0.0,0,0,-0.0012571827576330263,0.0009391185288544521,-0.0061837480863153865,0.0011299452047577264,-0.0012571827576330263,0.0009391185288544521,-0.00013176396286252625,1.7396923796603065e-06,0.06258906407790293,0.3169491554916455
scenario,103,7,0,0,certified_reset,0,1,0.07200106907772212,0.068001221803111,0.003999847274611132,0.05599786184455586,0.0,0.0,0,0,-0.0061837480863153865,0.0011299452047577264,-0.0004433876236488712,0.005093415381707817,-0.0061837480863153865,0.0011299452047577264,0.0044922255270889175,3.897306235950084e-05,0.06258906407790293,0.3169491554916455
scenario,103,8,0,0,certified_reset,0,1,0.068001221803111,0.06400137452849987,0.003999847274611132,0.051998014569944725,0.0,0.0,0,0,-0.0004433876236488712,0.005093415381707817,-0.0007752613053951909,-0.005334875925325716,-0.0004433876236488712,0.005093415381707817,-0.007060148253013944,6.11245336377959e-06,0.06258906407790293,0.3169491554916455
scenario,103,9,0,0,certified_reset,0,1,0.06400137452849987,0.060001527253888735,0.003999847274611132,0.04799816729533359,0.0,0.0,0,0,-0.0007752613053951909,-0.005334875925325716,-0.0020989771982478714,-0.019029741965804908,-0.0007752613053951909,-0.005334875925325716,0.008629933616787827,7.585886152348756e-06,0.06258906407790293,0.3169491554916455
scenario,103,10,0,0,certified_reset,0,1,0.060001527253888735,0.0560016799792776,0.003999847274611132,0.04399832002072246,0.0,0.0,0,0,-0.0020989771982478714,-0.019029741965804908,-0.007649924794487804,0.00919345227094037,-0.0020989771982478714,-0.019029741965804908,0.03012125640983485,9.227155174276085e-05,0.06258906407790293,0.3169491554916455
scenario,103,11,0,0,certified_reset,0,1,0.0560016799792776,0.05200183270466647,0.003999847274611132,0.039998472746111326,0.0,0.0,0,0,-0.007649924794487804,0.00919345227094037,-0.00983851828637946,0.013322012927915197,-0.007649924794487804,0.00919345227094037,-0.005925615779589404,7.46126940589528e-05,0.06258906407790293,0.3169491554916455
scenario,103,12,0,0,certified_reset,0,1,0.05200183270466647,0.048001985430055336,0.003999847274611132,0.03599862547150019,0.0,0.0,0,0,-0.00983851828637946,0.013322012927915197,-0.0037044993469216806,0.012050393178380225,-0.00983851828637946,0.013322012927915197,-0.009829333316192778,0.00013115752202872056,0.06258906407790293,0.3169491554916455
scenario,103,13,0,0,certified_reset,0,1,0.048001985430055336,0.0440021381554442,0.003999847274611132,0.03199877819688906,0.0,0.0,0,0,-0.0037044993469216806,0.012050393178380225,-0.002359181087638688,-0.007531023850819998,-0.0037044993469216806,0.012050393178380225,-0.014061660712332088,4.4804728596701235e-05,0.06258906407790293,0.3169491554916455
scenario,103,14,0,0,certified_reset,0,1,0.0440021381554442,0.04000229088083307,0.003999847274611132,0.02799893092227793,0.0,0.0,0,0,-0.002359181087638688,-0.007531023850819998,-0.003573032440563141,0.010502064922613236,-0.002359181087638688,-0.007531023850819998,0.013442971329572218,2.029251000195612e-05,0.06258906407790293,0.3169491554916455
scenario,103,15,0,0,certified_reset,0,1,0.04000229088083307,0.036002443606221936,0.003999847274611132,0.023999083647666796,0.0,0.0,0,0,-0.003573032440563141,0.010502064922613236,-0.00032568080731400044,-0.005030292667620976,-0.003573032440563141,0.010502064922613236,-0.011912983048444367,3.616734612411067e-05,0.06258906407790293,0.3169491554916455
scenario,103,16,0,0,certified_reset,0,1,0.036002443606221936,0.0320025963316108,0.003999847274611132,0.019999236373055663,0.0,0.0,0,0,-0.00032568080731400044,-0.005030292667620976,-0.0030639942962097776,-0.007277505756234711,-0.00032568080731400044,-0.005030292667620976,0.0077327789029590565,6.1556567052497605e-06,0.06258906407790293,0.3169491554916455
scenario,103,17,0,0,certified_reset,0,1,0.0320025963316108,0.02800274905699967,0.003999847274611132,0.01599938909844453,0.0,0.0,0,0,-0.0030639942962097776,-0.007277505756234711,0.002560768174367428,0.01222147852320862,-0.0030639942962097776,-0.007277505756234711,0.013768482228206569,2.3660514824682336e-05,0.06258906407790293,0.3169491554916455
scenario,103,18,0,0,certified_reset,0,1,0.02800274905699967,0.024002901782388536,0.003999847274611132,0.011999541823833396,0.0,0.0,0,0,0.002560768174367428,0.01222147852320862,0.004910776279934843,-0.005859564904868374,0.002560768174367428,0.01222147852320862,-0.02055649474289353,4.400738725850324e-05,0.06258906407790293,0.3169491554916455
scenario,103,19,0,0,certified_reset,0,1,0.024002901782388536,0.020003054507777403,0.003999847274611132,0.007999694549222265,0.0,0.0,0,0,0.004910776279934843,-0.005859564904868374,-0.013051729984389596,0.0021752249127338147,0.004910776279934843,-0.005859564904868374,0.0037419790017391586,3.0645994000192833e-05,0.06258906407790293,0.3169491554916455
scenario,103,20,0,0,certified_reset,0,1,0.020003054507777403,0.01600320723316627,0.003999847274611132,0.003999847274611132,0.0,0.0,0,0,-0.013051729984389596,0.0021752249127338147,-0.017086317415285514,0.025015717527298253,-0.013051729984389596,0.0021752249127338147,0.009792407689157942,0.00017359662540995742,0.06258906407790293,0.3169491554916455
scenario,103,21,0,0,certified_reset,0,1,0.01600320723316627,0.012003359958555136,0.003999847274611132,0.0,0.0,0.0,0,0,-0.017086317415285514,0.025015717527298253,-0.00871077868314065,0.0023731327147576884,-0.017086317415285514,0.025015717527298253,-0.019832792385810313,0.0004144172363743593,0.06258906407790293,0.3169491554916455
scenario,104,0,0,0,certified_reset,0,1,0.1,0.09600015272538888,0.003999847274611132,0.08399679276683375,0.0,0.0,0,0,-3.4815793550355996,0.4768726857692115,-2.2282307108128414,2.0351653822349958,-3.4815793550355996,0.4768726857692115,1.55,12.222390665927996,0.06258906407790293,0.3169491554916455
scenario,104,1,1,1,certified_reset,0,1,0.09600015272538888,0.09200030545077775,0.003999847274611132,0.07999694549222262,0.0,0.0,0,0,-2.2282307108128414,2.0351653822349958,-0.5739046145578568,1.226840562562389,-2.2282307108128414,2.0351653822349958,-0.7791984128943183,5.725732518724515,0.0659683941917073,0.3371807140592316
scenario,104,2,0,0,certified_reset,0,1,0.09200030545077775,0.08800045817616663,0.003999847274611132,0.0759970982176115,0.0,0.0,0,0,-0.5739046145578568,1.226840562562389,0.03793990707056139,-0.001310204964881873,-0.5739046145578568,1.226840562562389,-1.2357769824670968,0.6384699232414011,0.06258906407790293,0.3169491554916455
scenario,104,3,0,0,certified_reset,0,1,0.08800045817616663,0.0840006109015555,0.003999847274611132,0.07199725094300037,0.0,0.0,0,0,0.03793990707056139,-0.001310204964881873,0.026933591613074903,-0.03065508328960171,0.03793990707056139,-0.001310204964881873,-0.03584668471717072,0.0014718701633221404,0.06258906407790293,0.3169491554916455
scenario,104,4,0,0,certified_reset,0,1,0.0840006109015555,0.08000076362694437,0.003999847274611132,0.06799740366838924,0.0,0.0,0,0,0.026933591613074903,-0.03065508328960171,0.0016015489260534717,-0.012268174684107009,0.026933591613074903,-0.03065508328960171,0.018342139031123944,0.000902981352454461,0.06258906407790293,0.3169491554916455
scenario,104,5,0,0,certified_reset,0,1,0.08000076362694437,0.07600091635233325,0.003999847274611132,0.06399755639377812,0.0,0.0,0,0,0.0016015489260534717,-0.012268174684107009,-0.008446795656937355,-0.005587120202763368,0.0016015489260534717,-0.012268174684107009,0.016477179957796715,3.644385526094101e-05,0.06258906407790293,0.3169491554916455
scenario,104,6,0,0,certified_reset,0,1,0.07600091635233325,0.07200106907772212,0.003999847274611132,0.05999770911916699,0.0,0.0,0,0,-0.008446795656937355,-0.005587120202763368,-0.010974379702276842,-0.005194463544212073,-0.008446795656937355,-0.005587120202763368,0.01664031298594126,8.38897214656307e-05,0.06258906407790293,0.3169491554916455
scenario,104,7,0,0,certified_reset,0,1,0.07200106907772212,0.068001221803111,0.003999847274611132,0.05599786184455586,0.0,0.0,0,0,-0.010974379702276842,-0.005194463544212073,-0.004013724898010238,0.02415416781732157,-0.010974379702276842,-0.005194463544212073,0.018577178359921863,0.00013392164001734135,0.06258906407790293,0.3169491554916455
scenario,104,8,1,1,certified_reset,0,1,0.068001221803111,0.06400137452849987,0.003999847274611132,0.051998014569944725,0.0,0.0,0,0,-0.004013724898010238,0.02415416781732157,0.007516971803794107,0.0259615682679189,-0.004013724898010238,0.02415416781732157,-0.0315825096238106,0.00014606264854087945,0.0659683941917073,0.3371807140592316
scenario,104,9,1,1,certified_reset,0,1,0.06400137452849987,0.060001527253888735,0.003999847274611132,0.04799816729533359,0.0,0.0,0,0,0.007516971803794107,0.0259615682679189,0.018366256300523263,-0.01487228032283753,0.007516971803794107,0.0259615682679189,-0.045725651164927335,0.00023009628930781758,0.0659683941917073,0.3371807140592316
scenario,104,10,1,1,certified_reset,0,1,0.060001527253888735,0.0560016799792776,0.003999847274611132,0.04399832002072246,0.0,0.0,0,0,0.018366256300523263,-0.01487228032283753,0.007880210555017208,-0.019876383192821548,0.018366256300523263,-0.01487228032283753,0.003616367865925323,0.00037745957337024377,0.0659683941917073,0.3371807140592316
scenario,104,11,1,1,certified_reset,0,1,0.0560016799792776,0.05200183270466647,0.003999847274611132,0.039998472746111326,0.0,0.0,0,0,0.007880210555017208,-0.019876383192821548,-0.00019558983206863266,-0.01392863850516536,0.007880210555017208,-0.019876383192821548,0.021431092465877686,0.00014469272108744779,0.0659683941917073,0.3371807140592316
scenario,104,12,0,0,certified_reset,0,1,0.05200183270466647,0.048001985430055336,0.003999847274611132,0.03599862547150019,0.0,0.0,0,0,-0.00019558983206863266,-0.01392863850516536,-0.011882899876111172,0.0072973809520459,-0.00019558983206863266,-0.01392863850516536,0.02071425427780806,4.5686518348914385e-05,0.06258906407790293,0.3169491554916455
scenario,104,13,0,0,certified_reset,0,1,0.048001985430055336,0.0440021381554442,0.003999847274611132,0.03199877819688906,0.0,0.0,0,0,-0.011882899876111172,0.0072973809520459,-0.008852034210192674,0.010109708609406439,-0.011882899876111172,0.0072973809520459,0.0010853228196062532,0.00015081807598292266,0.06258906407790293,0.3169491554916455
scenario,104,14,0,0,certified_reset,0,1,0.0440021381554442,0.04000229088083307,0.003999847274611132,0.02799893092227793,0.0,0.0,0,0,-0.008852034210192674,0.010109708609406439,-0.013255824756927968,0.0072638851650647825,-0.008852034210192674,0.010109708609406439,-0.00607473543835904,9.767818739465202e-05,0.06258906407790293,0.3169491554916455
scenario,104,15,0,0,certified_reset,0,1,0.04000229088083307,0.036002443606221936,0.003999847274611132,0.023999083647666796,0.0,0.0,0,0,-0.013255824756927968,0.0072638851650647825,-0.019904513267163446,-0.001804800799161928,-0.013255824756927968,0.0072638851650647825,0.0024951833075051006,0.0001853700634642604,0.06258906407790293,0.3169491554916455
scenario,104,16,0,0,certified_reset,0,1,0.036002443606221936,0.0320025963316108,0.003999847274611132,0.019999236373055663,0.0,0.0,0,0,-0.019904513267163446,-0.001804800799161928,0.0010266205530885097,0.018171877507482653,-0.019904513267163446,-0.001804800799161928,0.022477244303607088,0.0004094066262562246,0.06258906407790293,0.3169491554916455
scenario,104,17,0,0,certified_reset,0,1,0.0320025963316108,0.02800274905699967,0.003999847274611132,0.01599938909844453,0.0,0.0,0,0,0.0010266205530885097,0.018171877507482653,0.011834596215239392,-0.009947234184740498,0.0010266205530885097,0.018171877507482653,-0.027795580179305564,7.980789048408057e-05,0.06258906407790293,0.3169491554916455
scenario,104,18,0,0,certified_reset,0,1,0.02800274905699967,0.024002901782388536,0.003999847274611132,0.011999541823833396,0.0,0.0,0,0,0.011834596215239392,-0.009947234184740498,0.0005675932070817666,-0.018197040051666995,0.011834596215239392,-0.009947234184740498,0.00286773392406205,0.00015807380925093154,0.06258906407790293,0.3169491554916455
scenario,104,19,0,0,certified_reset,0,1,0.024002901782388536,0.020003054507777403,0.003999847274611132,0.007999694549222265,0.0,0.0,0,0,0.0005675932070817666,-0.018197040051666995,-0.007247660306089285,0.009976997481823771,0.0005675932070817666,-0.018197040051666995,0.026242783930308516,7.714306275460193e-05,0.06258906407790293,0.3169491554916455
scenario,104,20,0,0,certified_reset,0,1,0.020003054507777403,0.01600320723316627,0.003999847274611132,0.003999847274611132,0.0,0.0,0,0,-0.007247660306089285,0.009976997481823771,0.002116483059265591,0.010642801011203828,-0.007247660306089285,0.009976997481823771,-0.007479846557573857,7.184456870100069e-05,0.06258906407790293,0.3169491554916455
scenario,104,21,0,0,certified_reset,0,1,0.01600320723316627,0.012003359958555136,0.003999847274611132,0.0,0.0,0.0,0,0,0.002116483059265591,0.010642801011203828,0.0036202601902765074,0.008422762760616903,0.002116483059265591,0.010642801011203828,-0.017785099285947025,3.277570286096769e-05,0.06258906407790293,0.3169491554916455
scenario,105,0,0,0,certified_reset,0,1,0.1,0.09600015272538888,0.003999847274611132,0.08399679276683375,0.0,0.0,0,0,2.4189943127529823,0.5446878555121414,2.186798050697286,-1.0089125463065554,2.4189943127529823,0.5446878555121414,-1.5499999999999838,5.964999259920907,0.06258906407790293,0.3169491554916455
scenario,105,1,0,0,certified_reset,0,1,0.09600015272538888,0.09200030545077775,0.003999847274611132,0.07999694549222262,0.0,0.0,0,0,2.186798050697286,-1.0089125463065554,0.8665747726814359,-1.6366676435349632,2.186798050697286,-1.0089125463065554,-0.6230319059172753,4.975012748125282,0.06258906407790293,0.3169491554916455
scenario,105,2,0,0,certified_reset,0,1,0.09200030545077775,0.08800045817616663,0.003999847274611132,0.0759970982176115,0.0,0.0,0,0,0.8665747726814359,-1.6366676435349632,-0.0037850743210539137,-0.08880250371845338,0.8665747726814359,-1.6366676435349632,1.5480650647652505,1.2930270483375204,0.06258906407790293,0.3169491554916455
scenario,105,3,0,0,certified_reset,0,1,0.08800045817616663,0.0840006109015555,0.003999847274611132,0.07199725094300037,0.0,0.0,0,0,-0.0037850743210539137,-0.08880250371845338,-0.024674584234059972,0.06661249198895368,-0.0037850743210539137,-0.08880250371845338,0.13458087998776255,0.0018865863590727824,0.06258906407790293,0.3169491554916455
scenario,105,4,0,0,certified_reset,0,1,0.0840006109015555,0.08000076362694437,0.003999847274611132,0.06799740366838924,0.0,0.0,0,0,-0.024674584234059972,0.06661249198895368,0.003845378709832999,0.001056356902774138,-0.024674584234059972,0.06661249198895368,-0.07356073719214938,0.001542814994546148,0.06258906407790293,0.3169491554916455
scenario,105,5,0,0,certified_reset,0,1,0.08000076362694437,0.07600091635233325,0.003999847274611132,0.06399755639377812,0.0,0.0,0,0,0.003845378709832999,0.001056356902774138,-0.009368555461417984,-0.01527601976710005,0.003845378709832999,0.001056356902774138,-0.005383673590747774,1.5712396138416718e-05,0.06258906407790293,0.3169491554916455
scenario,105,6,0,0,certified_reset,0,1,0.07600091635233325,0.07200106907772212,0.003999847274611132,0.05999770911916699,0.0,0.0,0,0,-0.009368555461417984,-0.01527601976710005,-0.012923481949908375,0.029109883361944158,-0.009368555461417984,-0.01527601976710005,0.03183431233050931,0.00015510963785904483,0.06258906407790293,0.3169491554916455
scenario,105,7,0,0,certified_reset,0,1,0.07200106907772212,0.068001221803111,0.003999847274611132,0.05599786184455586,0.0,0.0,0,0,-0.012923481949908375,0.029109883361944158,-0.005985396615559506,0.007286694802222424,-0.012923481949908375,0.029109883361944158,-0.030014102161622553,0.0003420668996060943,0.06258906407790293,0.3169491554916455
scenario,105,8,0,0,certified_reset,0,1,0.068001221803111,0.06400137452849987,0.003999847274611132,0.051998014569944725,0.0,0.0,0,0,-0.005985396615559506,0.007286694802222424,-0.0033729656823414085,0.0012180399339874206,-0.005985396615559506,0.007286694802222424,-0.004778317223618772,4.5953046338121835e-05,0.06258906407790293,0.3169491554916455
scenario,105,9,0,0,certified_reset,0,1,0.06400137452849987,0.060001527253888735,0.003999847274611132,0.04799816729533359,0.0,0.0,0,0,-0.0033729656823414085,0.0012180399339874206,-0.007615174406180187,0.0024616027772831894,-0.0033729656823414085,0.0012180399339874206,0.001560758153545567,1.1704848475141173e-05,0.06258906407790293,0.3169491554916455
scenario,105,10,0,0,certified_reset,0,1,0.060001527253888735,0.0560016799792776,0.003999847274611132,0.04399832002072246,0.0,0.0,0,0,-0.007615174406180187,0.0024616027772831894,-0.0038212830808316534,0.01116508545728644,-0.007615174406180187,0.0024616027772831894,0.0039561984256846604,5.9472876768089604e-05,0.06258906407790293,0.3169491554916455
scenario,105,11,0,0,certified_reset,0,1,0.0560016799792776,0.05200183270466647,0.003999847274611132,0.039998472746111326,0.0,0.0,0,0,-0.0038212830808316534,0.01116508545728644,0.002507597691270906,-0.00011541280486286501,-0.0038212830808316534,0.01116508545728644,-0.012641915473240947,4.103629904299612e-05,0.06258906407790293,0.3169491554916455
scenario,105,12,0,0,certified_reset,0,1,0.05200183270466647,0.048001985430055336,0.003999847274611132,0.03599862547150019,0.0,0.0,0,0,0.002507597691270906,-0.00011541280486286501,0.007862111830645318,0.0014107681399998327,0.002507597691270906,-0.00011541280486286501,-0.002330975851353699,6.426280012551766e-06,0.06258906407790293,0.3169491554916455
scenario,105,13,0,0,certified_reset,0,1,0.048001985430055336,0.0440021381554442,0.003999847274611132,0.03199877819688906,0.0,0.0,0,0,0.007862111830645318,0.0014107681399998327,0.0028604696671907376,-0.0051346865577120895,0.007862111830645318,0.0014107681399998327,-0.00990586691859463,6.462420543686672e-05,0.06258906407790293,0.3169491554916455
scenario,105,14,0,0,certified_reset,0,1,0.0440021381554442,0.04000229088083307,0.003999847274611132,0.02799893092227793,0.0,0.0,0,0,0.0028604696671907376,-0.0051346865577120895,-0.0015426620998215943,-0.009757267500528567,0.0028604696671907376,-0.0051346865577120895,0.00471404995667831,1.348354448004062e-05,0.06258906407790293,0.3169491554916455
scenario,105,15,0,0,certified_reset,0,1,0.04000229088083307,0.036002443606221936,0.003999847274611132,0.023999083647666796,0.0,0.0,0,0,-0.0015426620998215943,-0.009757267500528567,-0.004654823791325682,0.016424854149878057,-0.0015426620998215943,-0.009757267500528567,0.015906419705192108,2.584192948400584e-05,0.06258906407790293,0.3169491554916455
scenario,105,16,0,0,certified_reset,0,1,0.036002443606221936,0.0320025963316108,0.003999847274611132,0.019999236373055663,0.0,0.0,0,0,-0.004654823791325682,0.016424854149878057,-0.005424486828988243,-0.0010458561248718086,-0.004654823791325682,0.016424854149878057,-0.019561453815849783,7.979329650509015e-05,0.06258906407790293,0.3169491554916455
scenario,105,17,0,0,certified_reset,0,1,0.0320025963316108,0.02800274905699967,0.003999847274611132,0.01599938909844453,0.0,0.0,0,0,-0.005424486828988243,-0.0010458561248718086,-0.013222134478089391,0.0018966546182759897,-0.005424486828988243,-0.0010458561248718086,0.006943022531019493,3.0827083110630765e-05,0.06258906407790293,0.3169491554916455
scenario,105,18,0,0,certified_reset,0,1,0.02800274905699967,0.024002901782388536,0.003999847274611132,0.011999541823833396,0.0,0.0,0,0,-0.013222134478089391,0.0018966546182759897,-0.009060951647825857,0.008047134620963417,-0.013222134478089391,0.0018966546182759897,0.010369094713227637,0.00017816030705936233,0.06258906407790293,0.3169491554916455
scenario,105,19,0,0,certified_reset,0,1,0.024002901782388536,0.020003054507777403,0.003999847274611132,0.007999694549222265,0.0,0.0,0,0,-0.009060951647825857,0.008047134620963417,-0.006216023252450434,0.016915803197496436,-0.009060951647825857,0.008047134620963417,-0.002830256324809915,9.395725114526472e-05,0.06258906407790293,0.3169491554916455
scenario,105,20,0,0,certified_reset,0,1,0.020003054507777403,0.01600320723316627,0.003999847274611132,0.003999847274611132,0.0,0.0,0,0,-0.006216023252450434,0.016915803197496436,-0.004325301332109355,-0.002834832807021321,-0.006216023252450434,0.016915803197496436,-0.01872872153715446,9.891406194236882e-05,0.06258906407790293,0.3169491554916455
scenario,105,21,0,0,certified_reset,0,1,0.01600320723316627,0.012003359958555136,0.003999847274611132,0.0,0.0,0.0,0,0,-0.004325301332109355,-0.002834832807021321,0.0003343088379066375,0.0044072263474416624,-0.004325301332109355,-0.002834832807021321,0.008482801863610572,2.1953709667856423e-05,0.06258906407790293,0.3169491554916455
scenario,106,0,0,0,certified_reset,0,1,0.1,0.09600015272538888,0.003999847274611132,0.08399679276683375,0.0,0.0,0,0,1.5816202736011302,0.5755441162115987,1.3741925086394464,-0.9805362928534321,1.5816202736011302,0.5755441162115987,-1.5499999999999996,2.621210375213156,0.06258906407790293,0.3169491554916455
scenario,106,1,0,0,certified_reset,0,1,0.09600015272538888,0.09200030545077775,0.003999847274611132,0.07999694549222262,0.0,0.0,0,0,1.3741925086394464,-0.9805362928534321,0.4215289685447835,-0.913483349875435,1.3741925086394464,-0.9805362928534321,0.07605078267075631,2.0616108997278912,0.06258906407790293,0.3169491554916455
scenario,106,2,0,0,certified_reset,0,1,0.09200030545077775,0.08800045817616663,0.003999847274611132,0.0759970982176115,0.0,0.0,0,0,0.4215289685447835,-0.913483349875435,-0.0180413880415548,0.011747316469634853,0.4215289685447835,-0.913483349875435,0.9259032772064959,0.34932042278090863,0.06258906407790293,0.3169491554916455
scenario,106,3,0,0,certified_reset,0,1,0.08800045817616663,0.0840006109015555,0.003999847274611132,0.07199725094300037,0.0,0.0,0,0,-0.0180413880415548,0.011747316469634853,-0.009673240458344095,0.024690693710433326,-0.0180413880415548,0.011747316469634853,0.0006597873579471421,0.000350342465412695,0.06258906407790293,0.3169491554916455
scenario,106,4,0,0,certified_reset,0,1,0.0840006109015555,0.08000076362694437,0.003999847274611132,0.06799740366838924,0.0,0.0,0,0,-0.009673240458344095,0.024690693710433326,-0.0006501636963052123,0.0062722500599948425,-0.009673240458344095,0.024690693710433326,-0.026742815421623566,0.0002211844994442585,0.06258906407790293,0.3169491554916455
scenario,106,5,0,0,certified_reset,0,1,0.08000076362694437,0.07600091635233325,0.003999847274611132,0.06399755639377812,0.0,0.0,0,0,-0.0006501636963052123,0.0062722500599948425,0.0015761200929901896,-0.0055547199994980465,-0.0006501636963052123,0.0062722500599948425,-0.008594646997520711,9.350813504012006e-06,0.06258906407790293,0.3169491554916455
scenario,106,6,0,0,certified_reset,0,1,0.07600091635233325,0.07200106907772212,0.003999847274611132,0.05999770911916699,0.0,0.0,0,0,0.0015761200929901896,-0.0055547199994980465,-0.0019516356900837041,-0.0035518421250898494,0.0015761200929901896,-0.0055547199994980465,0.006613637771968388,9.131544231105822e-06,0.06258906407790293,0.3169491554916455
scenario,106,7,0,0,certified_reset,0,1,0.07200106907772212,0.068001221803111,0.003999847274611132,0.05599786184455586,0.0,0.0,0,0,-0.0019516356900837041,-0.0035518421250898494,-0.005982441377595983,0.005960097293189578,-0.0019516356900837041,-0.0035518421250898494,0.007172825932975737,7.365922510109027e-06,0.06258906407790293,0.3169491554916455
scenario,106,8,0,0,certified_reset,0,1,0.068001221803111,0.06400137452849987,0.003999847274611132,0.051998014569944725,0.0,0.0,0,0,-0.005982441377595983,0.005960097293189578,-0.0031138617574728404,-0.005020301185662499,-0.005982441377595983,0.005960097293189578,-0.0028189155144594347,4.2382358707285455e-05,0.06258906407790293,0.3169491554916455
scenario,106,9,0,0,certified_reset,0,1,0.06400137452849987,0.060001527253888735,0.003999847274611132,0.04799816729533359,0.0,0.0,0,0,-0.0031138617574728404,-0.005020301185662499,-0.0030943017654821965,0.008787142412353592,-0.0031138617574728404,-0.005020301185662499,0.010493222494981457,1.698544432193904e-05,0.06258906407790293,0.3169491554916455
scenario,106,10,0,0,certified_reset,0,1,0.060001527253888735,0.0560016799792776,0.003999847274611132,0.04399832002072246,0.0,0.0,0,0,-0.0030943017654821965,0.008787142412353592,0.0012523276328297195,0.00014371741452019336,-0.0030943017654821965,0.008787142412353592,-0.009863156181937918,2.5905246582095735e-05,0.06258906407790293,0.3169491554916455
scenario,106,11,0,0,certified_reset,0,1,0.0560016799792776,0.05200183270466647,0.003999847274611132,0.039998472746111326,0.0,0.0,0,0,0.0012523276328297195,0.00014371741452019336,-0.0011712706389310165,0.003148874284593735,0.0012523276328297195,0.00014371741452019336,-0.001461385364878486,1.6254335247084609e-06,0.06258906407790293,0.3169491554916455
scenario,106,12,0,0,certified_reset,0,1,0.05200183270466647,0.048001985430055336,0.003999847274611132,0.03599862547150019,0.0,0.0,0,0,-0.0011712706389310165,0.003148874284593735,0.0021133895837602426,-0.009171337513952134,-0.0011712706389310165,0.003148874284593735,-0.0034776072301138665,3.4589923776270047e-06,0.06258906407790293,0.3169491554916455
scenario,106,13,0,0,certified_reset,0,1,0.048001985430055336,0.0440021381554442,0.003999847274611132,0.03199877819688906,0.0,0.0,0,0,0.0021133895837602426,-0.009171337513952134,-0.004725605276738427,0.00884073973193673,0.0021133895837602426,-0.009171337513952134,0.011405013464215843,2.2858691558788537e-05,0.06258906407790293,0.3169491554916455
scenario,106,14,0,0,certified_reset,0,1,0.0440021381554442,0.04000229088083307,0.003999847274611132,0.02799893092227793,0.0,0.0,0,0,-0.004725605276738427,0.00884073973193673,-0.007989610866353854,-0.0030466124262024264,-0.004725605276738427,0.00884073973193673,-0.008314199511875722,3.8128055291031985e-05,0.06258906407790293,0.3169491554916455
scenario,106,15,0,0,certified_reset,0,1,0.04000229088083307,0.036002443606221936,0.003999847274611132,0.023999083647666796,0.0,0.0,0,0,-0.007989610866353854,-0.0030466124262024264,-0.006211786989011269,-0.0024745249693173352,-0.007989610866353854,-0.0030466124262024264,0.01244221110814129,6.937482973683685e-05,0.06258906407790293,0.3169491554916455
scenario,106,16,0,0,certified_reset,0,1,0.036002443606221936,0.0320025963316108,0.003999847274611132,0.019999236373055663,0.0,0.0,0,0,-0.006211786989011269,-0.0024745249693173352,-0.008048297408234446,0.003412808194506711,-0.006211786989011269,-0.0024745249693173352,0.009832354092814775,4.210536656029147e-05,0.06258906407790293,0.3169491554916455
scenario,106,17,0,0,certified_reset,0,1,0.0320025963316108,0.02800274905699967,0.003999847274611132,0.01599938909844453,0.0,0.0,0,0,-0.008048297408234446,0.003412808194506711,-0.008885429759711783,0.0072543954848186,-0.008048297408234446,0.003412808194506711,0.002989275293016619,6.709499209987787e-05,0.06258906407790293,0.3169491554916455
scenario,106,18,0,0,certified_reset,0,1,0.02800274905699967,0.024002901782388536,0.003999847274611132,0.011999541823833396,0.0,0.0,0,0,-0.008885429759711783,0.0072543954848186,0.0018855934515955362,0.013359007738322916,-0.008885429759711783,0.0072543954848186,-0.0018352538535329433,8.850779162547265e-05,0.06258906407790293,0.3169491554916455
scenario,106,19,1,1,certified_reset,0,1,0.024002901782388536,0.020003054507777403,0.003999847274611132,0.007999694549222265,0.0,0.0,0,0,0.0018855934515955362,0.013359007738322916,0.013633075164155972,-0.0037356454657288506,0.0018855934515955362,0.013359007738322916,-0.021553108478214282,4.729223058700465e-05,0.0659683941917073,0.3371807140592316
scenario,106,20,1,1,certified_reset,0,1,0.020003054507777403,0.01600320723316627,0.003999847274611132,0.003999847274611132,0.0,0.0,0,0,0.013633075164155972,-0.0037356454657288506,0.0018361252572328688,-0.004080947400401987,0.013633075164155972,-0.0037356454657288506,-0.008074142968225353,0.00019000244151652163,0.0659683941917073,0.3371807140592316
scenario,106,21,1,1,certified_reset,0,1,0.01600320723316627,0.012003359958555136,0.003999847274611132,0.0,0.0,0.0,0,0,0.0018361252572328688,-0.004080947400401987,0.022507805990707654,-0.0029475986458193763,0.0018361252572328688,-0.004080947400401987,0.00418301460546405,6.8065399432592e-06,0.0659683941917073,0.3371807140592316
scenario,107,0,0,0,certified_reset,0,1,0.1,0.09600015272538888,0.003999847274611132,0.08399679276683375,0.0,0.0,0,0,-1.5670096018412956,-0.12051901198745041,-0.9067721794617298,1.4190907097375176,-1.5670096018412956,-0.12051901198745041,1.55,2.518196062067893,0.06258906407790293,0.3169491554916455
scenario,107,1,0,0,certified_reset,0,1,0.09600015272538888,0.09200030545077775,0.003999847274611132,0.07999694549222262,0.0,0.0,0,0,-0.9067721794617298,1.4190907097375176,-0.08817322203853302,0.23667027548664685,-0.9067721794617298,1.4190907097375176,-1.1875208997209652,1.2199782522710276,0.06258906407790293,0.3169491554916455
scenario,107,2,0,0,certified_reset,0,1,0.09200030545077775,0.08800045817616663,0.003999847274611132,0.0759970982176115,0.0,0.0,0,0,-0.08817322203853302,0.23667027548664685,0.014451993844107806,-0.026261046028815134,-0.08817322203853302,0.23667027548664685,-0.2608368584654943,0.01955772122681671,0.06258906407790293,0.3169491554916455
scenario,107,3,0,0,certified_reset,0,1,0.08800045817616663,0.0840006109015555,0.003999847274611132,0.07199725094300037,0.0,0.0,0,0,0.014451993844107806,-0.026261046028815134,0.00010339277629659588,0.007873180908336325,0.014451993844107806,-0.026261046028815134,0.02429591603759174,0.0003477530714077311,0.06258906407790293,0.3169491554916455
scenario,107,4,0,0,certified_reset,0,1,0.0840006109015555,0.08000076362694437,0.003999847274611132,0.06799740366838924,0.0,0.0,0,0,0.00010339277629659588,0.007873180908336325,0.008338859210940689,-0.008044584728469303,0.00010339277629659588,0.007873180908336325,-0.01169501744865254,1.458768186506799e-05,0.06258906407790293,0.3169491554916455
scenario,107,5,1,1,certified_reset,0,1,0.08000076362694437,0.07600091635233325,0.003999847274611132,0.06399755639377812,0.0,0.0,0,0,0.008338859210940689,-0.008044584728469303,-0.012644490405579866,-0.009022446929818285,0.008338859210940689,-0.008044584728469303,0.003549373911656444,8.150028614064293e-05,0.0659683941917073,0.3371807140592316
scenario,107,6,1,1,certified_reset,0,1,0.07600091635233325,0.07200106907772212,0.003999847274611132,0.05999770911916699,0.0,0.0,0,0,-0.012644490405579866,-0.009022446929818285,0.023125863594438238,0.04530986794902331,-0.012644490405579866,-0.009022446929818285,0.025879409385565905,0.00019127955211869395,0.0659683941917073,0.3371807140592316
scenario,107,7,1,1,certified_reset,0,1,0.07200106907772212,0.068001221803111,0.003999847274611132,0.05599786184455586,0.0,0.0,0,0,0.023125863594438238,0.04530986794902331,-0.012650726356345197,-0.07133291910003386,0.023125863594438238,0.04530986794902331,-0.08977470061054159,0.0011058301327718006,0.0659683941917073,0.3371807140592316
scenario,107,8,0,0,certified_reset,0,1,0.068001221803111,0.06400137452849987,0.003999847274611132,0.051998014569944725,0.0,0.0,0,0,-0.012650726356345197,-0.07133291910003386,-0.02577432361236951,0.05864058727345937,-0.012650726356345197,-0.07133291910003386,0.11767749637050115,0.0014221500686636157,0.06258906407790293,0.3169491554916455
scenario,107,9,0,0,certified_reset,0,1,0.06400137452849987,0.060001527253888735,0.003999847274611132,0.04799816729533359,0.0,0.0,0,0,-0.02577432361236951,0.05864058727345937,0.00834028665849397,0.0024525424453939347,-0.02577432361236951,0.05864058727345937,-0.06072223035380048,0.0013754648147933654,0.06258906407790293,0.3169491554916455
scenario,107,10,0,0,certified_reset,0,1,0.060001527253888735,0.0560016799792776,0.003999847274611132,0.04399832002072246,0.0,0.0,0,0,0.00834028665849397,0.0024525424453939347,0.0005537775166094593,-0.006148293391064957,0.00834028665849397,0.0024525424453939347,-0.011919953854361242,7.419520764346764e-05,0.06258906407790293,0.3169491554916455
scenario,107,11,0,0,certified_reset,0,1,0.0560016799792776,0.05200183270466647,0.003999847274611132,0.039998472746111326,0.0,0.0,0,0,0.0005537775166094593,-0.006148293391064957,-0.007471946995532619,0.004139506460108427,0.0005537775166094593,-0.006148293391064957,0.008504649490485404,8.919168203872826e-06,0.06258906407790293,0.3169491554916455
scenario,107,12,0,0,certified_reset,0,1,0.05200183270466647,0.048001985430055336,0.003999847274611132,0.03599862547150019,0.0,0.0,0,0,-0.007471946995532619,0.004139506460108427,-0.00803645508846031,0.0008404459725959738,-0.007471946995532619,0.004139506460108427,0.0013412893121071967,5.8959360801508545e-05,0.06258906407790293,0.3169491554916455
scenario,107,13,0,0,certified_reset,0,1,0.048001985430055336,0.0440021381554442,0.003999847274611132,0.03199877819688906,0.0,0.0,0,0,-0.00803645508846031,0.0008404459725959738,0.0007808308885045383,0.007758500064951245,-0.00803645508846031,0.0008404459725959738,0.0067622229538589545,6.585494476869554e-05,0.06258906407790293,0.3169491554916455
scenario,107,14,0,0,certified_reset,0,1,0.0440021381554442,0.04000229088083307,0.003999847274611132,0.02799893092227793,0.0,0.0,0,0,0.0007808308885045383,0.007758500064951245,0.0013039090461136392,-0.002164844303830108,0.0007808308885045383,0.007758500064951245,-0.012206764035158841,1.5169802268106694e-05,0.06258906407790293,0.3169491554916455
scenario,107,15,0,0,certified_reset,0,1,0.04000229088083307,0.036002443606221936,0.003999847274611132,0.023999083647666796,0.0,0.0,0,0,0.0013039090461136392,-0.002164844303830108,0.005867069895202477,0.008996573741333414,0.0013039090461136392,-0.002164844303830108,0.00189021830919166,2.633081086715685e-06,0.06258906407790293,0.3169491554916455
scenario,107,16,0,0,certified_reset,0,1,0.036002443606221936,0.0320025963316108,0.003999847274611132,0.019999236373055663,0.0,0.0,0,0,0.005867069895202477,0.008996573741333414,0.0070574213038160204,0.005116038843597398,0.005867069895202477,0.008996573741333414,-0.019095823122412404,5.810767170823769e-05,0.06258906407790293,0.3169491554916455
scenario,107,17,0,0,certified_reset,0,1,0.0320025963316108,0.02800274905699967,0.003999847274611132,0.01599938909844453,0.0,0.0,0,0,0.0070574213038160204,0.005116038843597398,-0.002149343677949154,-0.01275446986027756,0.0070574213038160204,0.005116038843597398,-0.014566688051129026,5.982319909988438e-05,0.06258906407790293,0.3169491554916455
scenario,107,18,0,0,certified_reset,0,1,0.02800274905699967,0.024002901782388536,0.003999847274611132,0.011999541823833396,0.0,0.0,0,0,-0.002149343677949154,-0.01275446986027756,-0.005981470863133412,0.007711809913972688,-0.002149343677949154,-0.01275446986027756,0.02093081615454382,4.4853925123333976e-05,0.06258906407790293,0.3169491554916455
scenario,107,19,0,0,certified_reset,0,1,0.024002901782388536,0.020003054507777403,0.003999847274611132,0.007999694549222265,0.0,0.0,0,0,-0.005981470863133412,0.007711809913972688,-0.009312855897928619,0.011801163458604217,-0.005981470863133412,0.007711809913972688,-0.005403952418390905,4.721302341688433e-05,0.06258906407790293,0.3169491554916455
scenario,107,20,0,0,certified_reset,0,1,0.020003054507777403,0.01600320723316627,0.003999847274611132,0.003999847274611132,0.0,0.0,0,0,-0.009312855897928619,0.011801163458604217,0.0018518920345968384,-0.013511418039116516,-0.009312855897928619,0.011801163458604217,-0.008111441746247297,0.00011344231477145813,0.06258906407790293,0.3169491554916455
scenario,107,21,0,0,certified_reset,0,1,0.01600320723316627,0.012003359958555136,0.003999847274611132,0.0,0.0,0.0,0,0,0.0018518920345968384,-0.013511418039116516,-0.005556066739919931,6.891304183501926e-05,0.0018518920345968384,-0.013511418039116516,0.018059671080863482,4.444381223352502e-05,0.06258906407790293,0.3169491554916455
scenario,108,0,0,0,certified_reset,0,1,0.1,0.09600015272538888,0.003999847274611132,0.08399679276683375,0.0,0.0,0,0,2.731125056542602,0.23264721979037262,2.1819682971411463,-1.3128605586554771,2.731125056542602,0.23264721979037262,-1.5499999999999778,7.528849025672544,0.06258906407790293,0.3169491554916455
scenario,108,1,0,0,certified_reset,0,1,0.09600015272538888,0.09200030545077775,0.003999847274611132,0.07999694549222262,0.0,0.0,0,0,2.1819682971411463,-1.3128605586554771,0.7658122443503019,-1.544387529661105,2.1819682971411463,-1.3128605586554771,-0.22565890928653937,5.072507210677715,0.06258906407790293,0.3169491554916455
scenario,108,2,0,0,certified_reset,0,1,0.09200030545077775,0.08800045817616663,0.003999847274611132,0.0759970982176115,0.0,0.0,0,0,0.7658122443503019,-1.544387529661105,-0.017254833256484494,-0.03766910180217286,0.7658122443503019,-1.544387529661105,1.512459079281811,1.0729806167784877,0.06258906407790293,0.3169491554916455
scenario,108,3,0,0,certified_reset,0,1,0.08800045817616663,0.0840006109015555,0.003999847274611132,0.07199725094300037,0.0,0.0,0,0,-0.017254833256484494,-0.03766910180217286,-0.014107844400331894,0.036824099840644456,-0.017254833256484494,-0.03766910180217286,0.07267013410255349,0.0006851660019760043,0.06258906407790293,0.3169491554916455
scenario,108,4,0,0,certified_reset,0,1,0.0840006109015555,0.08000076362694437,0.003999847274611132,0.06799740366838924,0.0,0.0,0,0,-0.014107844400331894,0.036824099840644456,-0.001070287367449605,0.014700690882548266,-0.014107844400331894,0.036824099840644456,-0.040199565759914624,0.0004835139800393937,0.06258906407790293,0.3169491554916455
scenario,108,5,0,0,certified_reset,0,1,0.08000076362694437,0.07600091635233325,0.003999847274611132,0.06399755639377812,0.0,0.0,0,0,-0.001070287367449605,0.014700690882548266,0.008477222816336828,-0.00813620776541963,-0.001070287367449605,0.014700690882548266,-0.020592006368292837,5.0646139442080315e-05,0.06258906407790293,0.3169491554916455
scenario,108,6,0,0,certified_reset,0,1,0.07600091635233325,0.07200106907772212,0.003999847274611132,0.05999770911916699,0.0,0.0,0,0,0.008477222816336828,-0.00813620776541963,0.0034554918256900023,-0.007516755287679419,0.008477222816336828,-0.00813620776541963,0.003541728784002668,8.409252057168097e-05,0.06258906407790293,0.3169491554916455
scenario,108,7,0,0,certified_reset,0,1,0.07200106907772212,0.068001221803111,0.003999847274611132,0.05599786184455586,0.0,0.0,0,0,0.0034554918256900023,-0.007516755287679419,0.0037528550809013727,0.008396691611149008,0.0034554918256900023,-0.007516755287679419,0.007631163395086739,2.356657993634739e-05,0.06258906407790293,0.3169491554916455
scenario,108,8,0,0,certified_reset,0,1,0.068001221803111,0.06400137452849987,0.003999847274611132,0.051998014569944725,0.0,0.0,0,0,0.0037528550809013727,0.008396691611149008,0.01102518613470586,-0.007629101241666931,0.0037528550809013727,0.008396691611149008,-0.016105914946226124,3.325973106691722e-05,0.06258906407790293,0.3169491554916455
scenario,108,9,0,0,certified_reset,0,1,0.06400137452849987,0.060001527253888735,0.003999847274611132,0.04799816729533359,0.0,0.0,0,0,0.01102518613470586,-0.007629101241666931,0.005732370641968648,-0.007420809852564894,0.01102518613470586,-0.007629101241666931,0.0002582918101055652,0.00013203297060739822,0.06258906407790293,0.3169491554916455
scenario,108,10,0,0,certified_reset,0,1,0.060001527253888735,0.0560016799792776,0.003999847274611132,0.04399832002072246,0.0,0.0,0,0,0.005732370641968648,-0.007420809852564894,0.004822987153754436,-0.0030443440235914223,0.005732370641968648,-0.007420809852564894,0.0052225994880000974,4.345427720843188e-05,0.06258906407790293,0.3169491554916455
scenario,108,11,0,0,certified_reset,0,1,0.0560016799792776,0.05200183270466647,0.003999847274611132,0.039998472746111326,0.0,0.0,0,0,0.004822987153754436,-0.0030443440235914223,-2.1647034112185154e-05,0.0039987914887145625,0.004822987153754436,-0.0030443440235914223,-0.00031413896807579324,2.4931917663677735e-05,0.06258906407790293,0.3169491554916455
scenario,108,12,0,0,certified_reset,0,1,0.05200183270466647,0.048001985430055336,0.003999847274611132,0.03599862547150019,0.0,0.0,0,0,-2.1647034112185154e-05,0.0039987914887145625,-0.004322377821954906,0.011200364812506955,-2.1647034112185154e-05,0.0039987914887145625,-0.005871974664247197,3.7407307621637633e-06,0.06258906407790293,0.3169491554916455
scenario,108,13,0,0,certified_reset,0,1,0.048001985430055336,0.0440021381554442,0.003999847274611132,0.03199877819688906,0.0,0.0,0,0,-0.004322377821954906,0.011200364812506955,0.0017115559974187815,-0.007228598547217762,-0.004322377821954906,0.011200364812506955,-0.012194863426815748,4.498148833367875e-05,0.06258906407790293,0.3169491554916455
scenario,108,14,0,0,certified_reset,0,1,0.0440021381554442,0.04000229088083307,0.003999847274611132,0.02799893092227793,0.0,0.0,0,0,0.0017115559974187815,-0.007228598547217762,0.007474084277973842,0.003910005019920219,0.0017115559974187815,-0.007228598547217762,0.00894421197036816,1.4334871778803098e-05,0.06258906407790293,0.3169491554916455
scenario,108,15,1,1,certified_reset,0,1,0.04000229088083307,0.036002443606221936,0.003999847274611132,0.023999083647666796,0.0,0.0,0,0,0.007474084277973842,0.003910005019920219,0.008524061465396034,-0.04065078779754232,0.007474084277973842,0.003910005019920219,-0.013201303523383261,6.297066122821228e-05,0.0659683941917073,0.3371807140592316
scenario,108,16,1,1,certified_reset,0,1,0.036002443606221936,0.0320025963316108,0.003999847274611132,0.019999236373055663,0.0,0.0,0,0,0.008524061465396034,-0.04065078779754232,-0.006067742717265052,0.00016843140709643135,0.008524061465396034,-0.04065078779754232,0.05139965743227502,0.000436155322210677,0.0659683941917073,0.3371807140592316
scenario,108,17,1,1,certified_reset,0,1,0.0320025963316108,0.02800274905699967,0.003999847274611132,0.01599938909844453,0.0,0.0,0,0,-0.006067742717265052,0.00016843140709643135,-0.004553985456558168,-0.004712489588361297,-0.006067742717265052,0.00016843140709643135,0.005799484502192607,3.766345864020375e-05,0.0659683941917073,0.3371807140592316
scenario,108,18,1,1,certified_reset,0,1,0.02800274905699967,0.024002901782388536,0.003999847274611132,0.011999541823833396,0.0,0.0,0,0,-0.004553985456558168,-0.004712489588361297,-0.013509912339139021,-0.015293078717129562,-0.004553985456558168,-0.004712489588361297,0.011474406185136298,2.802769393275511e-05,0.0659683941917073,0.3371807140592316
scenario,108,19,1,1,certified_reset,0,1,0.024002901782388536,0.020003054507777403,0.003999847274611132,0.007999694549222265,0.0,0.0,0,0,-0.013509912339139021,-0.015293078717129562,-0.017062242153610126,-0.0008435906393060161,-0.013509912339139021,-0.015293078717129562,0.035983179153131616,0.0002569855471570777,0.0659683941917073,0.3371807140592316
scenario,108,20,1,1,certified_reset,0,1,0.020003054507777403,0.01600320723316627,0.003999847274611132,0.003999847274611132,0.0,0.0,0,0,-0.017062242153610126,-0.0008435906393060161,-0.0026870462383253354,0.02383795360391349,-0.017062242153610126,-0.0008435906393060161,0.018232406722236937,0.00029955871981056755,0.0659683941917073,0.3371807140592316
scenario,108,21,1,1,certified_reset,0,1,0.01600320723316627,0.012003359958555136,0.003999847274611132,0.0,0.0,0.0,0,0,-0.0026870462383253354,0.02383795360391349,-0.0066955426213841426,-0.039975469195127004,-0.0026870462383253354,0.02383795360391349,-0.032442300636071356,0.00013581743501494902,0.0659683941917073,0.3371807140592316
scenario,109,0,0,0,certified_reset,0,1,0.1,0.09600015272538888,0.003999847274611132,0.08399679276683375,0.0,0.0,0,0,-1.1183887056883037,0.4729018345581647,-0.42922629855397126,0.8963610935439377,-1.1183887056883037,0.4729018345581647,0.4170217354498532,1.2953954813302255,0.06258906407790293,0.3169491554916455
scenario,109,1,0,0,certified_reset,0,1,0.09600015272538888,0.09200030545077775,0.003999847274611132,0.07999694549222262,0.0,0.0,0,0,-0.42922629855397126,0.8963610935439377,0.025754367167960597,0.005905425962482213,-0.42922629855397126,0.8963610935439377,-0.8930155522533365,0.34879551258797226,0.06258906407790293,0.3169491554916455
scenario,109,2,0,0,certified_reset,0,1,0.09200030545077775,0.08800045817616663,0.003999847274611132,0.0759970982176115,0.0,0.0,0,0,0.025754367167960597,0.005905425962482213,0.015301659790483929,-0.034698965053965504,0.025754367167960597,0.005905425962482213,-0.03434414112861595,0.0006990527590123886,0.06258906407790293,0.3169491554916455
scenario,109,3,0,0,certified_reset,0,1,0.08800045817616663,0.0840006109015555,0.003999847274611132,0.07199725094300037,0.0,0.0,0,0,0.015301659790483929,-0.034698965053965504,0.000530970334124119,0.006515888650961242,0.015301659790483929,-0.034698965053965504,0.035881796062613526,0.0004830516462076248,0.06258906407790293,0.3169491554916455
scenario,109,4,0,0,certified_reset,0,1,0.0840006109015555,0.08000076362694437,0.003999847274611132,0.06799740366838924,0.0,0.0,0,0,0.000530970334124119,0.006515888650961242,0.004281851968927613,-0.003760480211535838,0.000530970334124119,0.006515888650961242,-0.010121513302042135,1.0485280167915867e-05,0.06258906407790293,0.3169491554916455
scenario,109,5,0,0,certified_reset,0,1,0.08000076362694437,0.07600091635233325,0.003999847274611132,0.06399755639377812,0.0,0.0,0,0,0.004281851968927613,-0.003760480211535838,-0.00942361924341498,0.009791158696722861,0.004281851968927613,-0.003760480211535838,0.0012728255609802113,2.0920176462369862e-05,0.06258906407790293,0.3169491554916455
scenario,109,6,0,0,certified_reset,0,1,0.07600091635233325,0.07200106907772212,0.003999847274611132,0.05999770911916699,0.0,0.0,0,0,-0.00942361924341498,0.009791158696722861,-0.003317795824607186,-0.0017510012701588851,-0.00942361924341498,0.009791158696722861,-0.0050429024882716845,0.00010669639323491065,0.06258906407790293,0.3169491554916455
scenario,109,7,0,0,certified_reset,0,1,0.07200106907772212,0.068001221803111,0.003999847274611132,0.05599786184455586,0.0,0.0,0,0,-0.003317795824607186,-0.0017510012701588851,0.0006060125514105756,-0.008161879383890314,-0.003317795824607186,-0.0017510012701588851,0.005881132667116356,1.2424343150644101e-05,0.06258906407790293,0.3169491554916455
scenario,109,8,0,0,certified_reset,0,1,0.068001221803111,0.06400137452849987,0.003999847274611132,0.051998014569944725,0.0,0.0,0,0,0.0006060125514105756,-0.008161879383890314,-0.00044203843992647964,0.014076514665262305,0.0006060125514105756,-0.008161879383890314,0.011421622931014539,1.5619517485815356e-05,0.06258906407790293,0.3169491554916455
scenario,109,9,0,0,certified_reset,0,1,0.06400137452849987,0.060001527253888735,0.003999847274611132,0.04799816729533359,0.0,0.0,0,0,-0.00044203843992647964,0.014076514665262305,0.006947149904247494,-0.011409916588484552,-0.00044203843992647964,0.014076514665262305,-0.020295174999971882,4.6159438911201786e-05,0.06258906407790293,0.3169491554916455
scenario,109,10,0,0,certified_reset,0,1,0.060001527253888735,0.0560016799792776,0.003999847274611132,0.04399832002072246,0.0,0.0,0,0,0.006947149904247494,-0.011409916588484552,0.00014417273590696127,-0.0015266631787128867,0.006947149904247494,-0.011409916588484552,0.00989056024619842,7.414198672178947e-05,0.06258906407790293,0.3169491554916455
scenario,109,11,0,0,certified_reset,0,1,0.0560016799792776,0.05200183270466647,0.003999847274611132,0.039998472746111326,0.0,0.0,0,0,0.00014417273590696127,-0.0015266631787128867,0.006790763976943322,-0.007040091337370982,0.00014417273590696127,-0.0015266631787128867,0.0021005183461929528,5.506162938690202e-07,0.06258906407790293,0.3169491554916455
scenario,109,12,0,0,certified_reset,0,1,0.05200183270466647,0.048001985430055336,0.003999847274611132,0.03599862547150019,0.0,0.0,0,0,0.006790763976943322,-0.007040091337370982,0.0018761551269891542,-0.023425139782660233,0.006790763976943322,-0.007040091337370982,0.0036093809383784246,5.536148564644399e-05,0.06258906407790293,0.3169491554916455
scenario,109,13,0,0,certified_reset,0,1,0.048001985430055336,0.0440021381554442,0.003999847274611132,0.03199877819688906,0.0,0.0,0,0,0.0018761551269891542,-0.023425139782660233,0.0002752729356758554,0.011010522020825694,0.0018761551269891542,-0.023425139782660233,0.032641869891947256,0.0001289299411022888,0.06258906407790293,0.3169491554916455
scenario,109,14,0,0,certified_reset,0,1,0.0440021381554442,0.04000229088083307,0.003999847274611132,0.02799893092227793,0.0,0.0,0,0,0.0002752729356758554,0.011010522020825694,0.00632502932786576,-0.012001358737029094,0.0002752729356758554,0.011010522020825694,-0.016490896041674957,2.8696203626344628e-05,0.06258906407790293,0.3169491554916455
scenario,109,15,0,0,certified_reset,0,1,0.04000229088083307,0.036002443606221936,0.003999847274611132,0.023999083647666796,0.0,0.0,0,0,0.00632502932786576,-0.012001358737029094,-0.00015405369587612045,0.0053968129542134235,0.00632502932786576,-0.012001358737029094,0.011377852550861814,6.916825429136643e-05,0.06258906407790293,0.3169491554916455
scenario,109,16,0,0,certified_reset,0,1,0.036002443606221936,0.0320025963316108,0.003999847274611132,0.019999236373055663,0.0,0.0,0,0,-0.00015405369587612045,0.0053968129542134235,-0.0012845411177152236,0.0005531507929719738,-0.00015405369587612045,0.0053968129542134235,-0.007793533408485948,6.784817827240604e-06,0.06258906407790293,0.3169491554916455
scenario,109,17,0,0,certified_reset,0,1,0.0320025963316108,0.02800274905699967,0.003999847274611132,0.01599938909844453,0.0,0.0,0,0,-0.0012845411177152236,0.0005531507929719738,0.0007656870797405011,0.01253138810610372,-0.0012845411177152236,0.0005531507929719738,0.00046324522528342683,1.7104864305275671e-06,0.06258906407790293,0.3169491554916455
scenario,109,18,1,1,certified_reset,0,1,0.02800274905699967,0.024002901782388536,0.003999847274611132,0.011999541823833396,0.0,0.0,0,0,0.0007656870797405011,0.01253138810610372,0.009181888571459079,0.005147707876398455,0.0007656870797405011,0.01253138810610372,-0.01922404620453031,3.8091799331773045e-05,0.0659683941917073,0.3371807140592316
scenario,109,19,1,1,certified_reset,0,1,0.024002901782388536,0.020003054507777403,0.003999847274611132,0.007999694549222265,0.0,0.0,0,0,0.009181888571459079,0.005147707876398455,0.01638181932307555,-0.0004182138951242722,0.009181888571459079,0.005147707876398455,-0.01672499171860537,9.607001278690854e-05,0.0659683941917073,0.3371807140592316
scenario,109,20,1,1,certified_reset,0,1,0.020003054507777403,0.01600320723316627,0.003999847274611132,0.003999847274611132,0.0,0.0,0,0,0.01638181932307555,-0.0004182138951242722,-0.009138438154152804,-0.010107622658326106,0.01638181932307555,-0.0004182138951242722,-0.0156955891953448,0.00027455427485379065,0.0659683941917073,0.3371807140592316
scenario,109,21,1,1,certified_reset,0,1,0.01600320723316627,0.012003359958555136,0.003999847274611132,0.0,0.0,0.0,0,0,-0.009138438154152804,-0.010107622658326106,-0.009956368761101843,0.03619527555212217,-0.009138438154152804,-0.010107622658326106,0.023990610610015613,0.00011628931327786986,0.0659683941917073,0.3371807140592316
scenario,110,0,0,0,certified_reset,0,1,0.1,0.09600015272538888,0.003999847274611132,0.08399679276683375,0.0,0.0,0,0,-3.2729794177506757,-0.11418434090800939,-2.6140908959241447,1.4333725437378562,-3.2729794177506757,-0.11418434090800939,1.55,10.7748036204871,0.06258906407790293,0.3169491554916455
scenario,110,1,0,0,certified_reset,0,1,0.09600015272538888,0.09200030545077775,0.003999847274611132,0.07999694549222262,0.0,0.0,0,0,-2.6140908959241447,1.4333725437378562,-1.0179948193946955,1.75566493295777,-2.6140908959241447,1.4333725437378562,0.33097494115326914,7.206030055290759,0.06258906407790293,0.3169491554916455
scenario,110,2,0,0,certified_reset,0,1,0.09200030545077775,0.08800045817616663,0.003999847274611132,0.0759970982176115,0.0,0.0,0,0,-1.0179948193946955,1.75566493295777,-0.03417889195195878,0.20914071919083976,-1.0179948193946955,1.75566493295777,-1.55,1.6512006365416085,0.06258906407790293,0.3169491554916455
scenario,110,3,0,0,certified_reset,0,1,0.08800045817616663,0.0840006109015555,0.003999847274611132,0.07199725094300037,0.0,0.0,0,0,-0.03417889195195878,0.20914071919083976,0.03790469158351129,-0.06419804276291471,-0.03417889195195878,0.20914071919083976,-0.274052527110766,0.010918987621717707,0.06258906407790293,0.3169491554916455
scenario,110,4,0,0,certified_reset,0,1,0.0840006109015555,0.08000076362694437,0.003999847274611132,0.06799740366838924,0.0,0.0,0,0,0.03790469158351129,-0.06419804276291471,0.0031738561734020983,-0.0036784829830899604,0.03790469158351129,-0.06419804276291471,0.05682640768118947,0.0022593466243158553,0.06258906407790293,0.3169491554916455
scenario,110,5,0,0,certified_reset,0,1,0.08000076362694437,0.07600091635233325,0.003999847274611132,0.06399755639377812,0.0,0.0,0,0,0.0031738561734020983,-0.0036784829830899604,-0.005158187644686027,9.277692443999497e-05,0.0031738561734020983,-0.0036784829830899604,0.002264463169847083,1.2637180515871293e-05,0.06258906407790293,0.3169491554916455
scenario,110,6,0,0,certified_reset,0,1,0.07600091635233325,0.07200106907772212,0.003999847274611132,0.05999770911916699,0.0,0.0,0,0,-0.005158187644686027,9.277692443999497e-05,-0.001768598592151181,0.01186408299133343,-0.005158187644686027,9.277692443999497e-05,0.004997694045123801,2.7232872782395766e-05,0.06258906407790293,0.3169491554916455
scenario,110,7,0,0,certified_reset,0,1,0.07200106907772212,0.068001221803111,0.003999847274611132,0.05599786184455586,0.0,0.0,0,0,-0.001768598592151181,0.01186408299133343,0.0043620881766308186,0.0006895601710336756,-0.001768598592151181,0.01186408299133343,-0.015714005089518892,3.463735361953928e-05,0.06258906407790293,0.3169491554916455
scenario,110,8,0,0,certified_reset,0,1,0.068001221803111,0.06400137452849987,0.003999847274611132,0.051998014569944725,0.0,0.0,0,0,0.0043620881766308186,0.0006895601710336756,0.013088304378850918,-0.0012692721177341745,0.0043620881766308186,0.0006895601710336756,-0.005363908989999274,1.9832690033332935e-05,0.06258906407790293,0.3169491554916455
scenario,110,9,1,1,certified_reset,0,1,0.06400137452849987,0.060001527253888735,0.003999847274611132,0.04799816729533359,0.0,0.0,0,0,0.013088304378850918,-0.0012692721177341745,-0.01505778380242272,-0.023315779839868184,0.013088304378850918,-0.0012692721177341745,-0.011164973389413252,0.0001747101165907001,0.0659683941917073,0.3371807140592316
scenario,110,10,1,1,certified_reset,0,1,0.060001527253888735,0.0560016799792776,0.003999847274611132,0.04399832002072246,0.0,0.0,0,0,-0.01505778380242272,-0.023315779839868184,-0.006370526851991623,0.042186134289814464,-0.01505778380242272,-0.023315779839868184,0.04934217012720884,0.0003854557029794812,0.0659683941917073,0.3371807140592316
scenario,110,11,2,2,certified_reset,0,1,0.0560016799792776,0.05200183270466647,0.003999847274611132,0.039998472746111326,0.0,0.0,0,0,-0.006370526851991623,0.042186134289814464,0.025316733671676327,0.030128499384173814,-0.006370526851991623,0.042186134289814464,-0.055801228859434455,0.0004387686276648076,0.07177064572129135,0.3726063481590821
scenario,110,12,2,2,certified_reset,0,1,0.05200183270466647,0.048001985430055336,0.003999847274611132,0.03599862547150019,0.0,0.0,0,0,0.025316733671676327,0.030128499384173814,-0.0023592831243119013,-0.041319069542264414,0.025316733671676327,0.030128499384173814,-0.06959352816692349,0.0009254092483961884,0.07177064572129135,0.3726063481590821
scenario,110,13,2,2,certified_reset,0,1,0.048001985430055336,0.0440021381554442,0.003999847274611132,0.03199877819688906,0.0,0.0,0,0,-0.0023592831243119013,-0.041319069542264414,-0.09943371103777718,-0.09058816681089099,-0.0023592831243119013,-0.041319069542264414,0.06321691827361724,0.0004127834771719198,0.07177064572129135,0.3726063481590821
scenario,110,14,2,2,certified_reset,0,1,0.0440021381554442,0.04000229088083307,0.003999847274611132,0.02799893092227793,0.0,0.0,0,0,-0.09943371103777718,-0.09058816681089099,-0.05770586872448803,0.11459950713628048,-0.09943371103777718,-0.09058816681089099,0.23245744728663364,0.012715093384628028,0.07177064572129135,0.3726063481590821
scenario,110,15,1,1,certified_reset,0,1,0.04000229088083307,0.036002443606221936,0.003999847274611132,0.023999083647666796,0.0,0.0,0,0,-0.05770586872448803,0.11459950713628048,0.012198209654969237,0.011929146213899514,-0.05770586872448803,0.11459950713628048,-0.11135776120941807,0.006003929526245302,0.0659683941917073,0.3371807140592316
scenario,110,16,0,0,certified_reset,0,1,0.036002443606221936,0.0320025963316108,0.003999847274611132,0.019999236373055663,0.0,0.0,0,0,0.012198209654969237,0.011929146213899514,0.00936343580342603,-0.024284900886173397,0.012198209654969237,0.011929146213899514,-0.029720234939065122,0.00019649344319808213,0.06258906407790293,0.3169491554916455
scenario,110,17,0,0,certified_reset,0,1,0.0320025963316108,0.02800274905699967,0.003999847274611132,0.01599938909844453,0.0,0.0,0,0,0.00936343580342603,-0.024284900886173397,0.014883011310828828,-0.0005090057185373233,0.00936343580342603,-0.024284900886173397,0.026448461583936708,0.00021131811203803266,0.06258906407790293,0.3169491554916455
scenario,110,18,0,0,certified_reset,0,1,0.02800274905699967,0.024002901782388536,0.003999847274611132,0.011999541823833396,0.0,0.0,0,0,0.014883011310828828,-0.0005090057185373233,0.0036004412283984297,-0.01899469119820856,0.014883011310828828,-0.0005090057185373233,-0.014073131580739456,0.00022650198711834967,0.06258906407790293,0.3169491554916455
scenario,110,19,0,0,certified_reset,0,1,0.024002901782388536,0.020003054507777403,0.003999847274611132,0.007999694549222265,0.0,0.0,0,0,0.0036004412283984297,-0.01899469119820856,-0.005809381367866507,0.00825950962388284,0.0036004412283984297,-0.01899469119820856,0.0243980902916598,9.278854015490512e-05,0.06258906407790293,0.3169491554916455
scenario,110,20,0,0,certified_reset,0,1,0.020003054507777403,0.01600320723316627,0.003999847274611132,0.003999847274611132,0.0,0.0,0,0,-0.005809381367866507,0.00825950962388284,-0.0026248851789505206,0.007370981915162311,-0.005809381367866507,0.00825950962388284,-0.0063819980115700356,4.7046669203669004e-05,0.06258906407790293,0.3169491554916455
scenario,110,21,0,0,certified_reset,0,1,0.01600320723316627,0.012003359958555136,0.003999847274611132,0.0,0.0,0.0,0,0,-0.0026248851789505206,0.007370981915162311,0.0037877524144609136,-0.00016229122197121827,-0.0026248851789505206,0.007370981915162311,-0.008242398314041234,1.8368097842713824e-05,0.06258906407790293,0.3169491554916455
scenario,111,0,0,0,certified_reset,0,1,0.1,0.09600015272538888,0.003999847274611132,0.08399679276683375,0.0,0.0,0,0,-1.8582300117476835,0.299871836763819,-0.8898012662343425,1.6364907768223065,-1.8582300117476835,0.299871836763819,1.3441913687358453,3.514376198781534,0.06258906407790293,0.3169491554916455
scenario,111,1,0,0,certified_reset,0,1,0.09600015272538888,0.09200030545077775,0.003999847274611132,0.07999694549222262,0.0,0.0,0,0,-0.8898012662343425,1.6364907768223065,-0.01845097611264719,0.11115366304698211,-0.8898012662343425,1.6364907768223065,-1.5246722981536336,1.3319203050835722,0.06258906407790293,0.3169491554916455
scenario,111,2,0,0,certified_reset,0,1,0.09200030545077775,0.08800045817616663,0.003999847274611132,0.0759970982176115,0.0,0.0,0,0,-0.01845097611264719,0.11115366304698211,0.01832581279503275,-0.030137906644712883,-0.01845097611264719,0.11115366304698211,-0.14536444501310009,0.0030926336919358086,0.06258906407790293,0.3169491554916455
scenario,111,3,0,0,certified_reset,0,1,0.08800045817616663,0.0840006109015555,0.003999847274611132,0.07199725094300037,0.0,0.0,0,0,0.01832581279503275,-0.030137906644712883,0.008688454199655849,-0.0035901819179412443,0.01832581279503275,-0.030137906644712883,0.026152095459693797,0.0005164265320684867,0.06258906407790293,0.3169491554916455
scenario,111,4,0,0,certified_reset,0,1,0.0840006109015555,0.08000076362694437,0.003999847274611132,0.06799740366838924,0.0,0.0,0,0,0.008688454199655849,-0.0035901819179412443,0.006112656231737195,-0.004697284371137235,0.008688454199655849,-0.0035901819179412443,-0.0033628956859911813,7.809205618109303e-05,0.06258906407790293,0.3169491554916455
scenario,111,5,0,0,certified_reset,0,1,0.08000076362694437,0.07600091635233325,0.003999847274611132,0.06399755639377812,0.0,0.0,0,0,0.006112656231737195,-0.004697284371137235,-0.0013711271633373092,-0.016735672357187818,0.006112656231737195,-0.004697284371137235,0.0008321653997051807,4.135348517210665e-05,0.06258906407790293,0.3169491554916455
scenario,111,6,0,0,certified_reset,0,1,0.07600091635233325,0.07200106907772212,0.003999847274611132,0.05999770911916699,0.0,0.0,0,0,-0.0013711271633373092,-0.016735672357187818,0.004915943259659045,0.00881323610098233,-0.0013711271633373092,-0.016735672357187818,0.02601963072168956,6.922041053485397e-05,0.06258906407790293,0.3169491554916455
scenario,111,7,0,0,certified_reset,0,1,0.07200106907772212,0.068001221803111,0.003999847274611132,0.05599786184455586,0.0,0.0,0,0,0.004915943259659045,0.00881323610098233,0.008081609859315381,-0.010686292036507457,0.004915943259659045,0.00881323610098233,-0.01788083150038478,4.6140765013714495e-05,0.06258906407790293,0.3169491554916455
scenario,111,8,0,0,certified_reset,0,1,0.068001221803111,0.06400137452849987,0.003999847274611132,0.051998014569944725,0.0,0.0,0,0,0.008081609859315381,-0.010686292036507457,-0.0022473576657481478,0.006914930027789522,0.008081609859315381,-0.010686292036507457,0.007694451098249289,8.734796310888139e-05,0.06258906407790293,0.3169491554916455
scenario,111,9,0,0,certified_reset,0,1,0.06400137452849987,0.060001527253888735,0.003999847274611132,0.04799816729533359,0.0,0.0,0,0,-0.0022473576657481478,0.006914930027789522,-0.00332024823297778,-0.006403283025724151,-0.0022473576657481478,0.006914930027789522,-0.007943944855852382,1.5235199286678088e-05,0.06258906407790293,0.3169491554916455
scenario,111,10,0,0,certified_reset,0,1,0.060001527253888735,0.0560016799792776,0.003999847274611132,0.04399832002072246,0.0,0.0,0,0,-0.00332024823297778,-0.006403283025724151,-0.0009984505918001732,0.002438933897638275,-0.00332024823297778,-0.006403283025724151,0.012737385329658233,2.2460438985851757e-05,0.06258906407790293,0.3169491554916455
scenario,111,11,0,0,certified_reset,0,1,0.0560016799792776,0.05200183270466647,0.003999847274611132,0.039998472746111326,0.0,0.0,0,0,-0.0009984505918001732,0.002438933897638275,0.0027705898949553177,0.005992797411904476,-0.0009984505918001732,0.002438933897638275,-0.0025985299147919757,2.236424267486661e-06,0.06258906407790293,0.3169491554916455
scenario,111,12,0,0,certified_reset,0,1,0.05200183270466647,0.048001985430055336,0.003999847274611132,0.03599862547150019,0.0,0.0,0,0,0.0027705898949553177,0.005992797411904476,0.003904992586489657,0.00488231991307768,0.0027705898949553177,0.005992797411904476,-0.011585583332932737,1.7496263642759957e-05,0.06258906407790293,0.3169491554916455
scenario,111,13,0,0,certified_reset,0,1,0.048001985430055336,0.0440021381554442,0.003999847274611132,0.03199877819688906,0.0,0.0,0,0,0.003904992586489657,0.00488231991307768,0.005025120060334784,-0.0016362955010146459,0.003904992586489657,0.00488231991307768,-0.011080721194469014,2.2609195247332326e-05,0.06258906407790293,0.3169491554916455
scenario,111,14,0,0,certified_reset,0,1,0.0440021381554442,0.04000229088083307,0.003999847274611132,0.02799893092227793,0.0,0.0,0,0,0.005025120060334784,-0.0016362955010146459,0.004202052148838776,-0.010670773509181324,0.005025120060334784,-0.0016362955010146459,-0.002596974936318371,2.590238192527105e-05,0.06258906407790293,0.3169491554916455
scenario,111,15,0,0,certified_reset,0,1,0.04000229088083307,0.036002443606221936,0.003999847274611132,0.023999083647666796,0.0,0.0,0,0,0.004202052148838776,-0.010670773509181324,-0.004383014915438027,0.0065613021643872,0.004202052148838776,-0.010670773509181324,0.01153112745196398,4.147718808056077e-05,0.06258906407790293,0.3169491554916455
scenario,111,16,0,0,certified_reset,0,1,0.036002443606221936,0.0320025963316108,0.003999847274611132,0.019999236373055663,0.0,0.0,0,0,-0.004383014915438027,0.0065613021643872,-0.001353984931375691,-0.005369698368863104,-0.004383014915438027,0.0065613021643872,-0.005299107681976442,2.766195680121234e-05,0.06258906407790293,0.3169491554916455
scenario,111,17,0,0,certified_reset,0,1,0.0320025963316108,0.02800274905699967,0.003999847274611132,0.01599938909844453,0.0,0.0,0,0,-0.001353984931375691,-0.005369698368863104,-0.013140745718073853,-0.0024800616334572116,-0.001353984931375691,-0.005369698368863104,0.009257868132533502,9.166037156439712e-06,0.06258906407790293,0.3169491554916455
scenario,111,18,1,1,certified_reset,0,1,0.02800274905699967,0.024002901782388536,0.003999847274611132,0.011999541823833396,0.0,0.0,0,0,-0.013140745718073853,-0.0024800616334572116,-0.04237924333456307,-0.012022361939388881,-0.013140745718073853,-0.0024800616334572116,0.01674089793188984,0.0001807927666432595,0.0659683941917073,0.3371807140592316
scenario,111,19,0,0,certified_reset,0,1,0.024002901782388536,0.020003054507777403,0.003999847274611132,0.007999694549222265,0.0,0.0,0,0,-0.04237924333456307,-0.012022361939388881,-0.01731029195864743,0.040900590607052374,-0.04237924333456307,-0.012022361939388881,0.05991125002619033,0.0019117509061909253,0.06258906407790293,0.3169491554916455
scenario,111,20,0,0,certified_reset,0,1,0.020003054507777403,0.01600320723316627,0.003999847274611132,0.003999847274611132,0.0,0.0,0,0,-0.01731029195864743,0.040900590607052374,-2.080618306200474e-05,-0.004468002448465744,-0.01731029195864743,0.040900590607052374,-0.043013934568029245,0.0006470156680302076,0.06258906407790293,0.3169491554916455
scenario,111,21,0,0,certified_reset,0,1,0.01600320723316627,0.012003359958555136,0.003999847274611132,0.0,0.0,0.0,0,0,-2.080618306200474e-05,-0.004468002448465744,-0.0007167221472012513,-0.00013386642552253069,-2.080618306200474e-05,-0.004468002448465744,0.006598675664515826,4.682344168699704e-06,0.06258906407790293,0.3169491554916455
scenario,112,0,0,0,certified_reset,0,1,0.1,0.09600015272538888,0.003999847274611132,0.08399679276683375,0.0,0.0,0,0,-2.616621069551844,0.18460810271097694,-1.65576088557811,1.7382414621393634,-2.616621069551844,0.18460810271097694,1.55,6.912902748908215,0.06258906407790293,0.3169491554916455
scenario,112,1,0,0,certified_reset,0,1,0.09600015272538888,0.09200030545077775,0.003999847274611132,0.07999694549222262,0.0,0.0,0,0,-1.65576088557811,1.7382414621393634,-0.36816427899479537,0.8283447118329597,-1.65576088557811,1.7382414621393634,-0.9118466408222431,3.306197726145948,0.06258906407790293,0.3169491554916455
scenario,112,2,0,0,certified_reset,0,1,0.09200030545077775,0.08800045817616663,0.003999847274611132,0.0759970982176115,0.0,0.0,0,0,-0.36816427899479537,0.8283447118329597,0.02552418262671223,-0.020912775620444926,-0.36816427899479537,0.8283447118329597,-0.8536241733129182,0.27726968515125483,0.06258906407790293,0.3169491554916455
scenario,112,3,0,0,certified_reset,0,1,0.08800045817616663,0.0840006109015555,0.003999847274611132,0.07199725094300037,0.0,0.0,0,0,0.02552418262671223,-0.020912775620444926,0.008021786983631268,-0.021773654127586944,0.02552418262671223,-0.020912775620444926,0.005390173954386854,0.0007309322012904159,0.06258906407790293,0.3169491554916455
scenario,112,4,0,0,certified_reset,0,1,0.0840006109015555,0.08000076362694437,0.003999847274611132,0.06799740366838924,0.0,0.0,0,0,0.008021786983631268,-0.021773654127586944,-0.003978248022150326,0.01197158352863398,0.008021786983631268,-0.021773654127586944,0.024088408397871772,0.0001641919144215236,0.06258906407790293,0.3169491554916455
scenario,112,5,0,0,certified_reset,0,1,0.08000076362694437,0.07600091635233325,0.003999847274611132,0.06399755639377812,0.0,0.0,0,0,-0.003978248022150326,0.01197158352863398,0.0016939910286073792,-0.008989424053465376,-0.003978248022150326,0.01197158352863398,-0.013669564557278269,4.629526839833381e-05,0.06258906407790293,0.3169491554916455
scenario,112,6,0,0,certified_reset,0,1,0.07600091635233325,0.07200106907772212,0.003999847274611132,0.05999770911916699,0.0,0.0,0,0,0.0016939910286073792,-0.008989424053465376,-0.0037558321073091223,0.004944032217587954,0.0016939910286073792,-0.008989424053465376,0.011555375491585874,2.075352724013481e-05,0.06258906407790293,0.3169491554916455
scenario,112,7,0,0,certified_reset,0,1,0.07200106907772212,0.068001221803111,0.003999847274611132,0.05599786184455586,0.0,0.0,0,0,-0.0037558321073091223,0.004944032217587954,0.0002784625732859514,-0.01210077488496267,-0.0037558321073091223,0.004944032217587954,-0.0035428260903881447,1.8819887058301037e-05,0.06258906407790293,0.3169491554916455
scenario,112,8,0,0,certified_reset,0,1,0.068001221803111,0.06400137452849987,0.003999847274611132,0.051998014569944725,0.0,0.0,0,0,0.0002784625732859514,-0.01210077488496267,-0.007909151139121821,-0.003092543321030393,0.0002784625732859514,-0.01210077488496267,0.017544849024245898,3.413026009378839e-05,0.06258906407790293,0.3169491554916455
scenario,112,9,2,2,certified_reset,0,1,0.06400137452849987,0.060001527253888735,0.003999847274611132,0.04799816729533359,0.0,0.0,0,0,-0.007909151139121821,-0.003092543321030393,-0.0154374024356802,0.03183436186119185,-0.007909151139121821,-0.003092543321030393,0.012430957227856662,6.813937753613299e-05,0.07177064572129135,0.3726063481590821
scenario,112,10,0,0,certified_reset,0,1,0.060001527253888735,0.0560016799792776,0.003999847274611132,0.04399832002072246,0.0,0.0,0,0,-0.0154374024356802,0.03183436186119185,-0.003740283447983053,-0.0050961859644808325,-0.0154374024356802,0.03183436186119185,-0.031519009219878484,0.0004455663796358897,0.06258906407790293,0.3169491554916455
scenario,112,11,0,0,certified_reset,0,1,0.0560016799792776,0.05200183270466647,0.003999847274611132,0.039998472746111326,0.0,0.0,0,0,-0.003740283447983053,-0.0050961859644808325,-0.005511130691660508,-0.0012540132529721484,-0.003740283447983053,-0.0050961859644808325,0.011226829208071805,2.181556267215921e-05,0.06258906407790293,0.3169491554916455
scenario,112,12,0,0,certified_reset,0,1,0.05200183270466647,0.048001985430055336,0.003999847274611132,0.03599862547150019,0.0,0.0,0,0,-0.005511130691660508,-0.0012540132529721484,0.0011992017438680184,0.006443293110334154,-0.005511130691660508,-0.0012540132529721484,0.007334462753596681,3.2000478960613214e-05,0.06258906407790293,0.3169491554916455
scenario,112,13,0,0,certified_reset,0,1,0.048001985430055336,0.0440021381554442,0.003999847274611132,0.03199877819688906,0.0,0.0,0,0,0.0011992017438680184,0.006443293110334154,0.0014193657834855697,-0.016012182201707047,0.0011992017438680184,0.006443293110334154,-0.01068591837249968,1.1765690808111574e-05,0.06258906407790293,0.3169491554916455
scenario,112,14,0,0,certified_reset,0,1,0.0440021381554442,0.04000229088083307,0.003999847274611132,0.02799893092227793,0.0,0.0,0,0,0.0014193657834855697,-0.016012182201707047,-0.0034031066104551586,-0.012261190569283188,0.0014193657834855697,-0.016012182201707047,0.022173862531564566,6.045679991146719e-05,0.06258906407790293,0.3169491554916455
scenario,112,15,0,0,certified_reset,0,1,0.04000229088083307,0.036002443606221936,0.003999847274611132,0.023999083647666796,0.0,0.0,0,0,-0.0034031066104551586,-0.012261190569283188,0.004339999669650461,0.0011441804353853249,-0.0034031066104551586,-0.012261190569283188,0.021447798266271,5.014195881562025e-05,0.06258906407790293,0.3169491554916455
scenario,112,16,0,0,certified_reset,0,1,0.036002443606221936,0.0320025963316108,0.003999847274611132,0.019999236373055663,0.0,0.0,0,0,0.004339999669650461,0.0011441804353853249,0.003188988658023237,-0.018949860885004725,0.004339999669650461,0.0011441804353853249,-0.006010081271551333,1.997427085120175e-05,0.06258906407790293,0.3169491554916455
scenario,112,17,0,0,certified_reset,0,1,0.0320025963316108,0.02800274905699967,0.003999847274611132,0.01599938909844453,0.0,0.0,0,0,0.003188988658023237,-0.018949860885004725,-0.000915312925163106,0.01564484278042227,0.003188988658023237,-0.018949860885004725,0.024739213897432905,9.010786722856005e-05,0.06258906407790293,0.3169491554916455
scenario,112,18,0,0,certified_reset,0,1,0.02800274905699967,0.024002901782388536,0.003999847274611132,0.011999541823833396,0.0,0.0,0,0,-0.000915312925163106,0.01564484278042227,0.005118383702033878,-0.0014306451307337332,-0.000915312925163106,0.01564484278042227,-0.022132057701455658,5.714049621582826e-05,0.06258906407790293,0.3169491554916455
scenario,112,19,0,0,certified_reset,0,1,0.024002901782388536,0.020003054507777403,0.003999847274611132,0.007999694549222265,0.0,0.0,0,0,0.005118383702033878,-0.0014306451307337332,0.00104299327217864,-0.012775979292588346,0.005118383702033878,-0.0014306451307337332,-0.0029921588389564577,2.679009127240124e-05,0.06258906407790293,0.3169491554916455
scenario,112,20,0,0,certified_reset,0,1,0.020003054507777403,0.01600320723316627,0.003999847274611132,0.003999847274611132,0.0,0.0,0,0,0.00104299327217864,-0.012775979292588346,0.002768945389315985,0.022310009773550528,0.00104299327217864,-0.012775979292588346,0.01778250721390941,3.837389047536473e-05,0.06258906407790293,0.3169491554916455
scenario,112,21,0,0,certified_reset,0,1,0.01600320723316627,0.012003359958555136,0.003999847274611132,0.0,0.0,0.0,0,0,0.002768945389315985,0.022310009773550528,0.00453993521237223,-0.011355403332375169,0.002768945389315985,0.022310009773550528,-0.03561966334350485,0.00012897864548389544,0.06258906407790293,0.3169491554916455
scenario,113,0,0,0,certified_reset,0,1,0.1,0.09600015272538888,0.003999847274611132,0.08399679276683375,0.0,0.0,0,0,-0.7642110294247235,0.29003135715597006,-0.3126103835004732,0.6215132752780572,-0.7642110294247235,0.29003135715597006,0.3337293990826377,0.6019441541537691,0.06258906407790293,0.3169491554916455
scenario,113,1,0,0,certified_reset,0,1,0.09600015272538888,0.09200030545077775,0.003999847274611132,0.07999694549222262,0.0,0.0,0,0,-0.3126103835004732,0.6215132752780572,0.004254150941500078,0.011659731148003515,-0.3126103835004732,0.6215132752780572,-0.6042613771441582,0.17638372241245126,0.06258906407790293,0.3169491554916455
scenario,113,2,0,0,certified_reset,0,1,0.09200030545077775,0.08800045817616663,0.003999847274611132,0.0759970982176115,0.0,0.0,0,0,0.004254150941500078,0.011659731148003515,-0.0008863201390816875,-0.0022894401979017343,0.004254150941500078,0.011659731148003515,-0.021407114931478947,5.402529395517493e-05,0.06258906407790293,0.3169491554916455
scenario,113,3,0,0,certified_reset,0,1,0.08800045817616663,0.0840006109015555,0.003999847274611132,0.07199725094300037,0.0,0.0,0,0,-0.0008863201390816875,-0.0022894401979017343,0.006216648899347921,0.004682269141574283,-0.0008863201390816875,-0.0022894401979017343,0.004256508883104475,2.1819866412987644e-06,0.06258906407790293,0.3169491554916455
scenario,113,4,0,0,certified_reset,0,1,0.0840006109015555,0.08000076362694437,0.003999847274611132,0.06799740366838924,0.0,0.0,0,0,0.006216648899347921,0.004682269141574283,0.008795878733775239,-0.0070739810913731825,0.006216648899347921,0.004682269141574283,-0.013087983792726503,4.687536250827549e-05,0.06258906407790293,0.3169491554916455
scenario,113,5,0,0,certified_reset,0,1,0.08000076362694437,0.07600091635233325,0.003999847274611132,0.06399755639377812,0.0,0.0,0,0,0.008795878733775239,-0.0070739810913731825,0.0014943923828126208,0.004883509277217977,0.008795878733775239,-0.0070739810913731825,0.0016623608863155284,8.644398631878724e-05,0.06258906407790293,0.3169491554916455
scenario,113,6,0,0,certified_reset,0,1,0.07600091635233325,0.07200106907772212,0.003999847274611132,0.05999770911916699,0.0,0.0,0,0,0.0014943923828126208,0.004883509277217977,-0.0040773475885299785,-0.010806842720116068,0.0014943923828126208,0.004883509277217977,-0.008679541170551,8.409328782011956e-06,0.06258906407790293,0.3169491554916455
scenario,113,7,0,0,certified_reset,0,1,0.07200106907772212,0.068001221803111,0.003999847274611132,0.05599786184455586,0.0,0.0,0,0,-0.0040773475885299785,-0.010806842720116068,-0.002892032547279659,-1.606061650591406e-05,-0.0040773475885299785,-0.010806842720116068,0.019981099169538444,4.76276843821831e-05,0.06258906407790293,0.3169491554916455
scenario,113,8,0,0,certified_reset,0,1,0.068001221803111,0.06400137452849987,0.003999847274611132,0.051998014569944725,0.0,0.0,0,0,-0.002892032547279659,-1.606061650591406e-05,-0.004925366272319513,0.005023200447372617,-0.002892032547279659,-1.606061650591406e-05,0.0029046315645868117,8.574820797487184e-06,0.06258906407790293,0.3169491554916455
scenario,113,9,0,0,certified_reset,0,1,0.06400137452849987,0.060001527253888735,0.003999847274611132,0.04799816729533359,0.0,0.0,0,0,-0.004925366272319513,0.005023200447372617,-0.006107896293556501,0.009441852271660622,-0.004925366272319513,0.005023200447372617,-0.0024919590912573348,2.8956337111522313e-05,0.06258906407790293,0.3169491554916455
scenario,113,10,0,0,certified_reset,0,1,0.060001527253888735,0.0560016799792776,0.003999847274611132,0.04399832002072246,0.0,0.0,0,0,-0.006107896293556501,0.009441852271660622,0.004157459728622073,0.014675087748126581,-0.006107896293556501,0.009441852271660622,-0.007823426261574964,5.488329047217408e-05,0.06258906407790293,0.3169491554916455
scenario,113,11,0,0,certified_reset,0,1,0.0560016799792776,0.05200183270466647,0.003999847274611132,0.039998472746111326,0.0,0.0,0,0,0.004157459728622073,0.014675087748126581,0.006958224361844855,-0.008770674882690082,0.004157459728622073,0.014675087748126581,-0.025755712488344643,7.26328656144098e-05,0.06258906407790293,0.3169491554916455
scenario,113,12,0,0,certified_reset,0,1,0.05200183270466647,0.048001985430055336,0.003999847274611132,0.03599862547150019,0.0,0.0,0,0,0.006958224361844855,-0.008770674882690082,0.011315136611393297,-0.02556627693595986,0.006958224361844855,-0.008770674882690082,0.005991149890968337,6.316068601678561e-05,0.06258906407790293,0.3169491554916455
scenario,113,13,0,0,certified_reset,0,1,0.048001985430055336,0.0440021381554442,0.003999847274611132,0.03199877819688906,0.0,0.0,0,0,0.011315136611393297,-0.02556627693595986,0.0016156416371988845,0.019132368489612535,0.011315136611393297,-0.02556627693595986,0.026391252761667816,0.0002630989850386637,0.06258906407790293,0.3169491554916455
scenario,113,14,0,0,certified_reset,0,1,0.0440021381554442,0.04000229088083307,0.003999847274611132,0.02799893092227793,0.0,0.0,0,0,0.0016156416371988845,0.019132368489612535,0.004105956360328207,-0.010806043732731729,0.0016156416371988845,0.019132368489612535,-0.0297880833071691,9.068209990173921e-05,0.06258906407790293,0.3169491554916455
scenario,113,15,0,0,certified_reset,0,1,0.04000229088083307,0.036002443606221936,0.003999847274611132,0.023999083647666796,0.0,0.0,0,0,0.004105956360328207,-0.010806043732731729,0.003839939930215408,-0.005194510921006816,0.004105956360328207,-0.010806043732731729,0.011829796271275178,4.137618423608448e-05,0.06258906407790293,0.3169491554916455
scenario,113,16,0,0,certified_reset,0,1,0.036002443606221936,0.0320025963316108,0.003999847274611132,0.019999236373055663,0.0,0.0,0,0,0.003839939930215408,-0.005194510921006816,-0.00986833410181535,0.004402177756916844,0.003839939930215408,-0.005194510921006816,0.0038320749826787283,1.996918850200715e-05,0.06258906407790293,0.3169491554916455
scenario,113,17,0,0,certified_reset,0,1,0.0320025963316108,0.02800274905699967,0.003999847274611132,0.01599938909844453,0.0,0.0,0,0,-0.00986833410181535,0.004402177756916844,-0.00974844629518932,0.010136913126950194,-0.00986833410181535,0.004402177756916844,0.003339373585506177,0.00010115105376427002,0.06258906407790293,0.3169491554916455
scenario,113,18,0,0,certified_reset,0,1,0.02800274905699967,0.024002901782388536,0.003999847274611132,0.011999541823833396,0.0,0.0,0,0,-0.00974844629518932,0.010136913126950194,-0.003536081264015412,-0.0021283197659430573,-0.00974844629518932,0.010136913126950194,-0.0052212793315890085,0.00011421001051045266,0.06258906407790293,0.3169491554916455
scenario,113,19,0,0,certified_reset,0,1,0.024002901782388536,0.020003054507777403,0.003999847274611132,0.007999694549222265,0.0,0.0,0,0,-0.003536081264015412,-0.0021283197659430573,-0.0038340249522404134,0.011809088887382148,-0.003536081264015412,-0.0021283197659430573,0.00665508703432473,1.4426479396280465e-05,0.06258906407790293,0.3169491554916455
scenario,113,20,0,0,certified_reset,0,1,0.020003054507777403,0.01600320723316627,0.003999847274611132,0.003999847274611132,0.0,0.0,0,0,-0.0038340249522404134,0.011809088887382148,0.004132835764357601,-0.0025511448704547838,-0.0038340249522404134,0.011809088887382148,-0.01357836838882242,4.441087399998306e-05,0.06258906407790293,0.3169491554916455
scenario,113,21,0,0,certified_reset,0,1,0.01600320723316627,0.012003359958555136,0.003999847274611132,0.0,0.0,0.0,0,0,0.004132835764357601,-0.0025511448704547838,-0.003176493259853956,-0.008089348368351497,0.004132835764357601,-0.0025511448704547838,-0.0003610739196489468,1.825509204154814e-05,0.06258906407790293,0.3169491554916455
scenario,114,0,0,0,certified_reset,0,1,0.1,0.09600015272538888,0.003999847274611132,0.08399679276683375,0.0,0.0,0,0,-3.04362227345363,-0.12514247792038746,-2.3877984604009144,1.4335012517677679,-3.04362227345363,-0.12514247792038746,1.549999999999952,9.326517958623448,0.06258906407790293,0.3169491554916455
scenario,114,1,0,0,certified_reset,0,1,0.09600015272538888,0.09200030545077775,0.003999847274611132,0.07999694549222262,0.0,0.0,0,0,-2.3877984604009144,1.4335012517677679,-0.8581491265978548,1.6368595545165034,-2.3877984604009144,1.4335012517677679,0.19375668585689998,6.0724066798133896,0.06258906407790293,0.3169491554916455
scenario,114,2,0,0,certified_reset,0,1,0.09200030545077775,0.08800045817616663,0.003999847274611132,0.0759970982176115,0.0,0.0,0,0,-0.8581491265978548,1.6368595545165034,0.007950502498803011,0.0854590022095227,-0.8581491265978548,1.6368595545165034,-1.55,1.2787580796988147,0.06258906407790293,0.3169491554916455
scenario,114,3,0,0,certified_reset,0,1,0.08800045817616663,0.0840006109015555,0.003999847274611132,0.07199725094300037,0.0,0.0,0,0,0.007950502498803011,0.0854590022095227,0.01964501851553529,-0.06098362817454684,0.007950502498803011,0.0854590022095227,-0.13380334557480109,0.0018253772627152111,0.06258906407790293,0.3169491554916455
scenario,114,4,0,0,certified_reset,0,1,0.0840006109015555,0.08000076362694437,0.003999847274611132,0.06799740366838924,0.0,0.0,0,0,0.01964501851553529,-0.06098362817454684,-0.005395720416575272,0.0040560489151122425,0.01964501851553529,-0.06098362817454684,0.07027752112760365,0.0011788205248313927,0.06258906407790293,0.3169491554916455
scenario,114,5,0,0,certified_reset,0,1,0.08000076362694437,0.07600091635233325,0.003999847274611132,0.06399755639377812,0.0,0.0,0,0,-0.005395720416575272,0.0040560489151122425,-0.0015548870155837002,-0.006622148428559054,-0.005395720416575272,0.0040560489151122425,-0.0006025731387850201,3.2084152077857834e-05,0.06258906407790293,0.3169491554916455
scenario,114,6,0,0,certified_reset,0,1,0.07600091635233325,0.07200106907772212,0.003999847274611132,0.05999770911916699,0.0,0.0,0,0,-0.0015548870155837002,-0.006622148428559054,-0.006612775347886233,-0.0023332236841773994,-0.0015548870155837002,-0.006622148428559054,0.011300695446950866,1.3503829536625274e-05,0.06258906407790293,0.3169491554916455
scenario,114,7,0,0,certified_reset,0,1,0.07200106907772212,0.068001221803111,0.003999847274611132,0.05599786184455586,0.0,0.0,0,0,-0.006612775347886233,-0.0023332236841773994,-0.008682278777279999,-0.004780383301988921,-0.006612775347886233,-0.0023332236841773994,0.010019015277546676,4.721822237677788e-05,0.06258906407790293,0.3169491554916455
scenario,114,8,0,0,certified_reset,0,1,0.068001221803111,0.06400137452849987,0.003999847274611132,0.051998014569944725,0.0,0.0,0,0,-0.008682278777279999,-0.004780383301988921,-0.002654040458835692,0.014438615703735808,-0.008682278777279999,-0.004780383301988921,0.015684855019933806,8.564570330382345e-05,0.06258906407790293,0.3169491554916455
scenario,114,9,0,0,certified_reset,0,1,0.06400137452849987,0.060001527253888735,0.003999847274611132,0.04799816729533359,0.0,0.0,0,0,-0.002654040458835692,0.014438615703735808,-0.0010872825546584777,0.002091380652980173,-0.002654040458835692,0.014438615703735808,-0.01862977713877293,5.324589788237536e-05,0.06258906407790293,0.3169491554916455
scenario,114,10,0,0,certified_reset,0,1,0.060001527253888735,0.0560016799792776,0.003999847274611132,0.04399832002072246,0.0,0.0,0,0,-0.0010872825546584777,0.002091380652980173,0.0042787063325140946,-0.002883836309508612,-0.0010872825546584777,0.002091380652980173,-0.0019988461437871327,2.0693651477467425e-06,0.06258906407790293,0.3169491554916455
scenario,114,11,0,0,certified_reset,0,1,0.0560016799792776,0.05200183270466647,0.003999847274611132,0.039998472746111326,0.0,0.0,0,0,0.0042787063325140946,-0.002883836309508612,0.004581817250015251,-0.005575214419362193,0.0042787063325140946,-0.002883836309508612,-1.0110483593420747e-05,1.9804302570250422e-05,0.06258906407790293,0.3169491554916455
scenario,114,12,0,0,certified_reset,0,1,0.05200183270466647,0.048001985430055336,0.003999847274611132,0.03599862547150019,0.0,0.0,0,0,0.004581817250015251,-0.005575214419362193,0.0031928449635249072,0.0067980978818950955,0.004581817250015251,-0.005575214419362193,0.003648173963455014,2.6920721492163634e-05,0.06258906407790293,0.3169491554916455
scenario,114,13,0,0,certified_reset,0,1,0.048001985430055336,0.0440021381554442,0.003999847274611132,0.03199877819688906,0.0,0.0,0,0,0.0031928449635249072,0.0067980978818950955,0.0035452892914399348,0.0020705648764454245,0.0031928449635249072,0.0067980978818950955,-0.013192807680693624,2.286405758972937e-05,0.06258906407790293,0.3169491554916455
scenario,114,14,0,0,certified_reset,0,1,0.0440021381554442,0.04000229088083307,0.003999847274611132,0.02799893092227793,0.0,0.0,0,0,0.0035452892914399348,0.0020705648764454245,0.0008227914857931882,-0.007283201504383779,0.0035452892914399348,0.0020705648764454245,-0.006584485719128895,1.4424665467996486e-05,0.06258906407790293,0.3169491554916455
scenario,114,15,0,0,certified_reset,0,1,0.04000229088083307,0.036002443606221936,0.003999847274611132,0.023999083647666796,0.0,0.0,0,0,0.0008227914857931882,-0.007283201504383779,0.0029819656944883614,0.00043048275858091276,0.0008227914857931882,-0.007283201504383779,0.009908878623254397,1.2679737065975926e-05,0.06258906407790293,0.3169491554916455
scenario,114,16,0,0,certified_reset,0,1,0.036002443606221936,0.0320025963316108,0.003999847274611132,0.019999236373055663,0.0,0.0,0,0,0.0029819656944883614,0.00043048275858091276,-0.007438649202050424,-0.00923115525658743,0.0029819656944883614,0.00043048275858091276,-0.003601905925424738,9.249819333474079e-06,0.06258906407790293,0.3169491554916455
scenario,114,17,2,2,certified_reset,0,1,0.0320025963316108,0.02800274905699967,0.003999847274611132,0.01599938909844453,0.0,0.0,0,0,-0.007438649202050424,-0.00923115525658743,-0.014168669760804681,0.0549802908039594,-0.007438649202050424,-0.00923115525658743,0.021001543793504156,8.169868392074715e-05,0.07177064572129135,0.3726063481590821
scenario,114,18,0,0,certified_reset,0,1,0.02800274905699967,0.024002901782388536,0.003999847274611132,0.011999541823833396,0.0,0.0,0,0,-0.014168669760804681,0.0549802908039594,-0.005490421502441917,-0.025358809908756955,-0.014168669760804681,0.0549802908039594,-0.06688287962463726,0.0008566940203026636,0.06258906407790293,0.3169491554916455
scenario,114,19,1,1,certified_reset,0,1,0.024002901782388536,0.020003054507777403,0.003999847274611132,0.007999694549222265,0.0,0.0,0,0,-0.005490421502441917,-0.025358809908756955,0.0008894485037799632,0.0006213535640545581,-0.005490421502441917,-0.025358809908756955,0.04282017893843875,0.000191736384580399,0.0659683941917073,0.3371807140592316
scenario,114,20,1,1,certified_reset,0,1,0.020003054507777403,0.01600320723316627,0.003999847274611132,0.003999847274611132,0.0,0.0,0,0,0.0008894485037799632,0.0006213535640545581,0.01570396045237589,-0.0006191641873703028,0.0008894485037799632,0.0006213535640545581,-0.0018041285799874982,9.419850844860022e-07,0.0659683941917073,0.3371807140592316
scenario,114,21,0,0,certified_reset,0,1,0.01600320723316627,0.012003359958555136,0.003999847274611132,0.0,0.0,0.0,0,0,0.01570396045237589,-0.0006191641873703028,0.008424323756636303,0.0008147414564682615,0.01570396045237589,-0.0006191641873703028,-0.014730507959705982,0.0002521080760809259,0.06258906407790293,0.3169491554916455
scenario,115,0,0,0,certified_reset,0,1,0.1,0.09600015272538888,0.003999847274611132,0.08399679276683375,0.0,0.0,0,0,4.522781328408179,-0.30204681722766535,3.4429916997909746,-1.861168568642254,4.522781328408179,-0.30204681722766535,-1.55,20.53203525496118,0.06258906407790293,0.3169491554916455
scenario,115,1,0,0,certified_reset,0,1,0.09600015272538888,0.09200030545077775,0.003999847274611132,0.07999694549222262,0.0,0.0,0,0,3.4429916997909746,-1.861168568642254,1.4353579617405736,-2.15040778614982,3.4429916997909746,-1.861168568642254,-0.2778192077859521,12.47963215199725,0.06258906407790293,0.3169491554916455
scenario,115,2,1,1,certified_reset,0,1,0.09200030545077775,0.08800045817616663,0.003999847274611132,0.0759970982176115,0.0,0.0,0,0,1.4353579617405736,-2.15040778614982,0.03246510167072561,-0.613530127624934,1.4353579617405736,-2.15040778614982,1.55,2.9526806347441323,0.0659683941917073,0.3371807140592316
scenario,115,3,1,1,certified_reset,0,1,0.08800045817616663,0.0840006109015555,0.003999847274611132,0.07199725094300037,0.0,0.0,0,0,0.03246510167072561,-0.613530127624934,-0.16277922499820288,0.25012753159473733,0.03246510167072561,-0.613530127624934,0.8714591543173036,0.0877954684182005,0.0659683941917073,0.3371807140592316
scenario,115,4,1,1,certified_reset,0,1,0.0840006109015555,0.08000076362694437,0.003999847274611132,0.06799740366838924,0.0,0.0,0,0,-0.16277922499820288,0.25012753159473733,0.021613588246982493,0.0788421191673371,-0.16277922499820288,0.25012753159473733,-0.20637173573272544,0.03882328919485074,0.0659683941917073,0.3371807140592316
scenario,115,5,0,0,certified_reset,0,1,0.08000076362694437,0.07600091635233325,0.003999847274611132,0.06399755639377812,0.0,0.0,0,0,0.021613588246982493,0.0788421191673371,0.027807136266581045,-0.05278281130926307,0.021613588246982493,0.0788421191673371,-0.13765902569679475,0.002059791736668255,0.06258906407790293,0.3169491554916455
scenario,115,6,0,0,certified_reset,0,1,0.07600091635233325,0.07200106907772212,0.003999847274611132,0.05999770911916699,0.0,0.0,0,0,0.027807136266581045,-0.05278281130926307,0.0033701356482000702,-0.0019797722498328804,0.027807136266581045,-0.05278281130926307,0.05006922414760578,0.0013373945380644552,0.06258906407790293,0.3169491554916455
scenario,115,7,0,0,certified_reset,0,1,0.07200106907772212,0.068001221803111,0.003999847274611132,0.05599786184455586,0.0,0.0,0,0,0.0033701356482000702,-0.0019797722498328804,0.0038041761545638706,-0.003724595162696235,0.0033701356482000702,-0.0019797722498328804,-0.0004383342664732297,1.2068127379515527e-05,0.06258906407790293,0.3169491554916455
scenario,115,8,0,0,certified_reset,0,1,0.068001221803111,0.06400137452849987,0.003999847274611132,0.051998014569944725,0.0,0.0,0,0,0.0038041761545638706,-0.003724595162696235,-0.007677784156726624,-0.0036746430911933584,0.0038041761545638706,-0.003724595162696235,0.0016987242162979318,1.7040967456704717e-05,0.06258906407790293,0.3169491554916455
scenario,115,9,0,0,certified_reset,0,1,0.06400137452849987,0.060001527253888735,0.003999847274611132,0.04799816729533359,0.0,0.0,0,0,-0.007677784156726624,-0.0036746430911933584,-0.010510053062780626,0.011706281079303507,-0.007677784156726624,-0.0036746430911933584,0.013058273185210852,6.564187235435019e-05,0.06258906407790293,0.3169491554916455
scenario,115,10,0,0,certified_reset,0,1,0.060001527253888735,0.0560016799792776,0.003999847274611132,0.04399832002072246,0.0,0.0,0,0,-0.010510053062780626,0.011706281079303507,-0.0008041727960576169,-0.004900200665568799,-0.010510053062780626,0.011706281079303507,-0.006777505631938953,0.0001362762429546172,0.06258906407790293,0.3169491554916455
scenario,115,11,0,0,certified_reset,0,1,0.0560016799792776,0.05200183270466647,0.003999847274611132,0.039998472746111326,0.0,0.0,0,0,-0.0008041727960576169,-0.004900200665568799,-0.0047818479739376455,0.022448683645676495,-0.0008041727960576169,-0.004900200665568799,0.008015061695993803,6.574878216995164e-06,0.06258906407790293,0.3169491554916455
scenario,115,12,0,0,certified_reset,0,1,0.05200183270466647,0.048001985430055336,0.003999847274611132,0.03599862547150019,0.0,0.0,0,0,-0.0047818479739376455,0.022448683645676495,0.00617417647254059,-0.018937259332711474,-0.0047818479739376455,0.022448683645676495,-0.028308369471178395,0.00013360997613502958,0.06258906407790293,0.3169491554916455
scenario,115,13,0,0,certified_reset,0,1,0.048001985430055336,0.0440021381554442,0.003999847274611132,0.03199877819688906,0.0,0.0,0,0,0.00617417647254059,-0.018937259332711474,-0.0013830839651443648,-0.006643315657034337,0.00617417647254059,-0.018937259332711474,0.021744362033537728,0.0001144924495063989,0.06258906407790293,0.3169491554916455
scenario,115,14,0,0,certified_reset,0,1,0.0440021381554442,0.04000229088083307,0.003999847274611132,0.02799893092227793,0.0,0.0,0,0,-0.0013830839651443648,-0.006643315657034337,0.0024021802017869997,0.012168092716139056,-0.0013830839651443648,-0.006643315657034337,0.011165340699070742,1.2973597803217158e-05,0.06258906407790293,0.3169491554916455
scenario,115,15,0,0,certified_reset,0,1,0.04000229088083307,0.036002443606221936,0.003999847274611132,0.023999083647666796,0.0,0.0,0,0,0.0024021802017869997,0.012168092716139056,0.0018706030051390621,-0.010240577349531689,0.0024021802017869997,0.012168092716139056,-0.020319523633221828,4.2743792201624084e-05,0.06258906407790293,0.3169491554916455
scenario,115,16,1,1,certified_reset,0,1,0.036002443606221936,0.0320025963316108,0.003999847274611132,0.019999236373055663,0.0,0.0,0,0,0.0018706030051390621,-0.010240577349531689,-0.0071005392141527774,-0.056042876058071664,0.0018706030051390621,-0.010240577349531689,0.013221756744604915,2.6746023289486395e-05,0.0659683941917073,0.3371807140592316
scenario,115,17,0,0,certified_reset,0,1,0.0320025963316108,0.02800274905699967,0.003999847274611132,0.01599938909844453,0.0,0.0,0,0,-0.0071005392141527774,-0.056042876058071664,-0.022371257080745603,0.042673407445974275,-0.0071005392141527774,-0.056042876058071664,0.0896285500108065,0.0008165942937925811,0.06258906407790293,0.3169491554916455
scenario,115,18,0,0,certified_reset,0,1,0.02800274905699967,0.024002901782388536,0.003999847274611132,0.011999541823833396,0.0,0.0,0,0,-0.022371257080745603,0.042673407445974275,0.00630972097710274,0.004524771981163321,-0.022371257080745603,0.042673407445974275,-0.04059097992939891,0.0008694473812125557,0.06258906407790293,0.3169491554916455
scenario,115,19,0,0,certified_reset,0,1,0.024002901782388536,0.020003054507777403,0.003999847274611132,0.007999694549222265,0.0,0.0,0,0,0.00630972097710274,0.004524771981163321,0.004386177220253604,0.0009305846869204094,0.00630972097710274,0.004524771981163321,-0.012955374012757967,4.769386277082519e-05,0.06258906407790293,0.3169491554916455
scenario,115,20,0,0,certified_reset,0,1,0.020003054507777403,0.01600320723316627,0.003999847274611132,0.003999847274611132,0.0,0.0,0,0,0.004386177220253604,0.0009305846869204094,0.0039197987032312375,0.002325311737303268,0.004386177220253604,0.0009305846869204094,-0.00574270112358422,2.021889382705756e-05,0.06258906407790293,0.3169491554916455
scenario,115,21,0,0,certified_reset,0,1,0.01600320723316627,0.012003359958555136,0.003999847274611132,0.0,0.0,0.0,0,0,0.0039197987032312375,0.002325311737303268,0.0003398984871319172,-0.0015399246335627715,0.0039197987032312375,0.002325311737303268,-0.0073284848390836495,1.7680762566385525e-05,0.06258906407790293,0.3169491554916455
scenario,116,0,0,0,certified_reset,0,1,0.1,0.09600015272538888,0.003999847274611132,0.08399679276683375,0.0,0.0,0,0,0.3766361969866523,0.5915997197818667,0.3489611731795515,-0.6474320277489048,0.3766361969866523,0.5915997197818667,-1.2465216346500936,0.24369847064211386,0.06258906407790293,0.3169491554916455
scenario,116,1,0,0,certified_reset,0,1,0.09600015272538888,0.09200030545077775,0.003999847274611132,0.07999694549222262,0.0,0.0,0,0,0.3489611731795515,-0.6474320277489048,3.018954081061148e-06,-0.04419765504079622,0.3489611731795515,-0.6474320277489048,0.6062460216105675,0.20641253785472552,0.06258906407790293,0.3169491554916455
scenario,116,2,0,0,certified_reset,0,1,0.09200030545077775,0.08800045817616663,0.003999847274611132,0.0759970982176115,0.0,0.0,0,0,3.018954081061148e-06,-0.04419765504079622,-0.012644147232773602,0.015291234458945,3.018954081061148e-06,-0.04419765504079622,0.06510211214938842,0.00045757502227081203,0.06258906407790293,0.3169491554916455
scenario,116,3,0,0,certified_reset,0,1,0.08800045817616663,0.0840006109015555,0.003999847274611132,0.07199725094300037,0.0,0.0,0,0,-0.012644147232773602,0.015291234458945,-0.004699221936596588,0.01154076813096857,-0.012644147232773602,0.015291234458945,-0.009936386183915772,0.000204430686734071,0.06258906407790293,0.3169491554916455
scenario,116,4,0,0,certified_reset,0,1,0.0840006109015555,0.08000076362694437,0.003999847274611132,0.06799740366838924,0.0,0.0,0,0,-0.004699221936596588,0.01154076813096857,0.008356115394042546,0.007283516905156835,-0.004699221936596588,0.01154076813096857,-0.012319243637244879,4.98508601337359e-05,0.06258906407790293,0.3169491554916455
scenario,116,5,0,0,certified_reset,0,1,0.08000076362694437,0.07600091635233325,0.003999847274611132,0.06399755639377812,0.0,0.0,0,0,0.008356115394042546,0.007283516905156835,-0.00043266142776052577,-0.009188960913286118,0.008356115394042546,0.007283516905156835,-0.01904834819424359,8.844458503317035e-05,0.06258906407790293,0.3169491554916455
scenario,116,6,0,0,certified_reset,0,1,0.07600091635233325,0.07200106907772212,0.003999847274611132,0.05999770911916699,0.0,0.0,0,0,-0.00043266142776052577,-0.009188960913286118,0.0022876944209639406,0.013693862310475686,-0.00043266142776052577,-0.009188960913286118,0.013968921618713392,2.0264125670677743e-05,0.06258906407790293,0.3169491554916455
scenario,116,7,0,0,certified_reset,0,1,0.07200106907772212,0.068001221803111,0.003999847274611132,0.05599786184455586,0.0,0.0,0,0,0.0022876944209639406,0.013693862310475686,0.007896552309270789,0.004174360940557278,0.0022876944209639406,0.013693862310475686,-0.022450947633562528,5.1588607700921683e-05,0.06258906407790293,0.3169491554916455
scenario,116,8,0,0,certified_reset,0,1,0.068001221803111,0.06400137452849987,0.003999847274611132,0.051998014569944725,0.0,0.0,0,0,0.007896552309270789,0.004174360940557278,0.010629631501085441,-0.014550772584481099,0.007896552309270789,0.004174360940557278,-0.014014433593964579,7.040219916420995e-05,0.06258906407790293,0.3169491554916455
scenario,116,9,0,0,certified_reset,0,1,0.06400137452849987,0.060001527253888735,0.003999847274611132,0.04799816729533359,0.0,0.0,0,0,0.010629631501085441,-0.014550772584481099,0.003967012882605362,-0.01610762700018145,0.010629631501085441,-0.014550772584481099,0.010850152484223902,0.00015404270797709228,0.06258906407790293,0.3169491554916455
scenario,116,10,0,0,certified_reset,0,1,0.060001527253888735,0.0560016799792776,0.003999847274611132,0.04399832002072246,0.0,0.0,0,0,0.003967012882605362,-0.01610762700018145,-0.005383186714487826,0.0028643192949717954,0.003967012882605362,-0.01610762700018145,0.019776768786173713,7.221722236515669e-05,0.06258906407790293,0.3169491554916455
scenario,116,11,0,0,certified_reset,0,1,0.0560016799792776,0.05200183270466647,0.003999847274611132,0.039998472746111326,0.0,0.0,0,0,-0.005383186714487826,0.0028643192949717954,-0.009606603305215993,0.005793263456400019,-0.005383186714487826,0.0028643192949717954,0.0011435712351582073,3.0488171586523863e-05,0.06258906407790293,0.3169491554916455
scenario,116,12,0,0,certified_reset,0,1,0.05200183270466647,0.048001985430055336,0.003999847274611132,0.03599862547150019,0.0,0.0,0,0,-0.009606603305215993,0.005793263456400019,-0.0014348340386632404,-0.004104602060173493,-0.009606603305215993,0.005793263456400019,0.001028055509381318,9.835439178259285e-05,0.06258906407790293,0.3169491554916455
scenario,116,13,0,0,certified_reset,0,1,0.048001985430055336,0.0440021381554442,0.003999847274611132,0.03199877819688906,0.0,0.0,0,0,-0.0014348340386632404,-0.004104602060173493,0.0029063191597475642,-0.00820996443993693,-0.0014348340386632404,-0.004104602060173493,0.0074716983384622,6.487002073059622e-06,0.06258906407790293,0.3169491554916455
scenario,116,14,0,0,certified_reset,0,1,0.0440021381554442,0.04000229088083307,0.003999847274611132,0.02799893092227793,0.0,0.0,0,0,0.0029063191597475642,-0.00820996443993693,-0.002555276291982058,-0.009857849775945502,0.0029063191597475642,-0.00820996443993693,0.009202186485078916,2.269632985987522e-05,0.06258906407790293,0.3169491554916455
scenario,116,15,0,0,certified_reset,0,1,0.04000229088083307,0.036002443606221936,0.003999847274611132,0.023999083647666796,0.0,0.0,0,0,-0.002555276291982058,-0.009857849775945502,0.006404657789220697,0.013438204412373235,-0.002555276291982058,-0.009857849775945502,0.01706487668626755,3.13015837332231e-05,0.06258906407790293,0.3169491554916455
scenario,116,16,0,0,certified_reset,0,1,0.036002443606221936,0.0320025963316108,0.003999847274611132,0.019999236373055663,0.0,0.0,0,0,0.006404657789220697,0.013438204412373235,0.0010261490530751273,-0.009034481487350046,0.006404657789220697,0.013438204412373235,-0.02617577135119189,9.065427735194324e-05,0.06258906407790293,0.3169491554916455
scenario,116,17,0,0,certified_reset,0,1,0.0320025963316108,0.02800274905699967,0.003999847274611132,0.01599938909844453,0.0,0.0,0,0,0.0010261490530751273,-0.009034481487350046,0.010357239632416413,-0.004935049017590516,0.0010261490530751273,-0.009034481487350046,0.01228929149704305,1.952058305075807e-05,0.06258906407790293,0.3169491554916455
scenario,116,18,0,0,certified_reset,0,1,0.02800274905699967,0.024002901782388536,0.003999847274611132,0.011999541823833396,0.0,0.0,0,0,0.010357239632416413,-0.004935049017590516,-0.0030251433668380063,0.0006022068121012483,0.010357239632416413,-0.004935049017590516,-0.003042735243660187,0.00011188771633245637,0.06258906407790293,0.3169491554916455
scenario,116,19,0,0,certified_reset,0,1,0.024002901782388536,0.020003054507777403,0.003999847274611132,0.007999694549222265,0.0,0.0,0,0,-0.0030251433668380063,0.0006022068121012483,-0.0006629654151460255,0.023630310047660995,-0.0030251433668380063,0.0006022068121012483,0.002123858753955946,9.329539338110276e-06,0.06258906407790293,0.3169491554916455
scenario,116,20,0,0,certified_reset,0,1,0.020003054507777403,0.01600320723316627,0.003999847274611132,0.003999847274611132,0.0,0.0,0,0,-0.0006629654151460255,0.023630310047660995,-0.0020953204036156664,-0.018121945108765396,-0.0006629654151460255,0.023630310047660995,-0.03415011526542387,0.00013010576198846903,0.06258906407790293,0.3169491554916455
scenario,116,21,0,0,certified_reset,0,1,0.01600320723316627,0.012003359958555136,0.003999847274611132,0.0,0.0,0.0,0,0,-0.0020953204036156664,-0.018121945108765396,-0.0019853619041491294,0.006602604963770617,-0.0020953204036156664,-0.018121945108765396,0.02878534928720063,8.421815694798076e-05,0.06258906407790293,0.3169491554916455
scenario,117,0,0,0,certified_reset,0,1,0.1,0.09600015272538888,0.003999847274611132,0.08399679276683375,0.0,0.0,0,0,1.9868672252513253,0.5630980012386287,1.7765594769429944,-0.9857058675321556,1.9868672252513253,0.5630980012386287,-1.549999999999996,4.064778155397709,0.06258906407790293,0.3169491554916455
scenario,117,1,0,0,certified_reset,0,1,0.09600015272538888,0.09200030545077775,0.003999847274611132,0.07999694549222262,0.0,0.0,0,0,1.7765594769429944,-0.9857058675321556,0.6273121157912782,-1.3014546664927367,1.7765594769429944,-0.9857058675321556,-0.3169922595862319,3.333566567743623,0.06258906407790293,0.3169491554916455
scenario,117,2,0,0,certified_reset,0,1,0.09200030545077775,0.08800045817616663,0.003999847274611132,0.0759970982176115,0.0,0.0,0,0,0.6273121157912782,-1.3014546664927367,-0.02525002647649313,-0.025133045473129598,0.6273121157912782,-1.3014546664927367,1.2925120893382183,0.7401663429540959,0.06258906407790293,0.3169491554916455
scenario,117,3,0,0,certified_reset,0,1,0.08800045817616663,0.0840006109015555,0.003999847274611132,0.07199725094300037,0.0,0.0,0,0,-0.02525002647649313,-0.025133045473129598,-0.025260262048443657,0.04674712091843437,-0.02525002647649313,-0.025133045473129598,0.06216606949849274,0.0008478799374416818,0.06258906407790293,0.3169491554916455
scenario,117,4,0,0,certified_reset,0,1,0.0840006109015555,0.08000076362694437,0.003999847274611132,0.06799740366838924,0.0,0.0,0,0,-0.025260262048443657,0.04674712091843437,-0.002719038851028573,0.0025877002491785355,-0.025260262048443657,0.04674712091843437,-0.043711713665918944,0.0010792014830956155,0.06258906407790293,0.3169491554916455
scenario,117,5,0,0,certified_reset,0,1,0.08000076362694437,0.07600091635233325,0.003999847274611132,0.06399755639377812,0.0,0.0,0,0,-0.002719038851028573,0.0025877002491785355,-0.005152689402056681,-0.004279127808003278,-0.002719038851028573,0.0025877002491785355,-0.0011066952162636834,8.629106295273065e-06,0.06258906407790293,0.3169491554916455
scenario,117,6,0,0,certified_reset,0,1,0.07600091635233325,0.07200106907772212,0.003999847274611132,0.05999770911916699,0.0,0.0,0,0,-0.005152689402056681,-0.004279127808003278,0.00118232012054619,0.006821573845327453,-0.005152689402056681,-0.004279127808003278,0.011433326438975176,3.311420017407231e-05,0.06258906407790293,0.3169491554916455
scenario,117,7,0,0,certified_reset,0,1,0.07200106907772212,0.068001221803111,0.003999847274611132,0.05599786184455586,0.0,0.0,0,0,0.00118232012054619,0.006821573845327453,-0.009953466452141489,-0.020671271970209983,0.00118232012054619,0.006821573845327453,-0.011227023069304077,1.2925128593321508e-05,0.06258906407790293,0.3169491554916455
scenario,117,8,0,0,certified_reset,0,1,0.068001221803111,0.06400137452849987,0.003999847274611132,0.051998014569944725,0.0,0.0,0,0,-0.009953466452141489,-0.020671271970209983,-0.01301652501737469,0.01531455361884858,-0.009953466452141489,-0.020671271970209983,0.04036570431569321,0.0002167205138124054,0.06258906407790293,0.3169491554916455
scenario,117,9,0,0,certified_reset,0,1,0.06400137452849987,0.060001527253888735,0.003999847274611132,0.04799816729533359,0.0,0.0,0,0,-0.01301652501737469,0.01531455361884858,-0.008882275189988586,0.007638683929611958,-0.01301652501737469,0.01531455361884858,-0.009596775822074983,0.00021394877564044607,0.06258906407790293,0.3169491554916455
scenario,117,10,0,0,certified_reset,0,1,0.060001527253888735,0.0560016799792776,0.003999847274611132,0.04399832002072246,0.0,0.0,0,0,-0.008882275189988586,0.007638683929611958,-0.008131086219606867,0.002851128222478991,-0.008882275189988586,0.007638683929611958,-0.0024107596596252973,8.954301519587084e-05,0.06258906407790293,0.3169491554916455
scenario,117,11,0,0,certified_reset,0,1,0.0560016799792776,0.05200183270466647,0.003999847274611132,0.039998472746111326,0.0,0.0,0,0,-0.008131086219606867,0.002851128222478991,-0.0019163964269727554,0.007458389818101445,-0.008131086219606867,0.002851128222478991,0.0038932343215421343,6.795670273312444e-05,0.06258906407790293,0.3169491554916455
scenario,117,12,0,0,certified_reset,0,1,0.05200183270466647,0.048001985430055336,0.003999847274611132,0.03599862547150019,0.0,0.0,0,0,-0.0019163964269727554,0.007458389818101445,0.00704903381330328,-0.006917014728396373,-0.0019163964269727554,0.007458389818101445,-0.009074917540353849,1.5744392636596166e-05,0.06258906407790293,0.3169491554916455
scenario,117,13,0,0,certified_reset,0,1,0.048001985430055336,0.0440021381554442,0.003999847274611132,0.03199877819688906,0.0,0.0,0,0,0.00704903381330328,-0.006917014728396373,0.007556505320465579,-0.005888777644450933,0.00704903381330328,-0.006917014728396373,0.0031670311984168557,5.855174656190005e-05,0.06258906407790293,0.3169491554916455
scenario,117,14,0,0,certified_reset,0,1,0.0440021381554442,0.04000229088083307,0.003999847274611132,0.02799893092227793,0.0,0.0,0,0,0.007556505320465579,-0.005888777644450933,0.001238952487684426,0.007426911780658613,0.007556505320465579,-0.005888777644450933,0.0011515338446004217,6.337590979934743e-05,0.06258906407790293,0.3169491554916455
scenario,117,15,0,0,certified_reset,0,1,0.04000229088083307,0.036002443606221936,0.003999847274611132,0.023999083647666796,0.0,0.0,0,0,0.001238952487684426,0.007426911780658613,0.007460454833018981,0.0043757955880929155,0.001238952487684426,0.007426911780658613,-0.012171532810563709,1.5167281888288574e-05,0.06258906407790293,0.3169491554916455
scenario,117,16,0,0,certified_reset,0,1,0.036002443606221936,0.0320025963316108,0.003999847274611132,0.019999236373055663,0.0,0.0,0,0,0.007460454833018981,0.0043757955880929155,0.00242513933471128,-0.017738743919057262,0.007460454833018981,0.0043757955880929155,-0.01387305160601654,6.391649100227545e-05,0.06258906407790293,0.3169491554916455
scenario,117,17,0,0,certified_reset,0,1,0.0320025963316108,0.02800274905699967,0.003999847274611132,0.01599938909844453,0.0,0.0,0,0,0.00242513933471128,-0.017738743919057262,-0.0054813125376243915,-0.004108230211864796,0.00242513933471128,-0.017738743919057262,0.02371589783842654,7.658174249849137e-05,0.06258906407790293,0.3169491554916455
scenario,117,18,0,0,certified_reset,0,1,0.02800274905699967,0.024002901782388536,0.003999847274611132,0.011999541823833396,0.0,0.0,0,0,-0.0054813125376243915,-0.004108230211864796,-0.0027688005712607736,0.005616502197641944,-0.0054813125376243915,-0.004108230211864796,0.011511870183670787,3.639582599852271e-05,0.06258906407790293,0.3169491554916455
scenario,117,19,0,0,certified_reset,0,1,0.024002901782388536,0.020003054507777403,0.003999847274611132,0.007999694549222265,0.0,0.0,0,0,-0.0027688005712607736,0.005616502197641944,-0.007888602836897931,0.0002679454577445574,-0.0027688005712607736,0.005616502197641944,-0.005515443643322079,1.4104877016481557e-05,0.06258906407790293,0.3169491554916455
scenario,117,20,0,0,certified_reset,0,1,0.020003054507777403,0.01600320723316627,0.003999847274611132,0.003999847274611132,0.0,0.0,0,0,-0.007888602836897931,0.0002679454577445574,-0.010557597961316681,0.003510777826753138,-0.007888602836897931,0.0002679454577445574,0.007458929060483442,6.363386834484588e-05,0.06258906407790293,0.3169491554916455
scenario,117,21,0,0,certified_reset,0,1,0.01600320723316627,0.012003359958555136,0.003999847274611132,0.0,0.0,0.0,0,0,-0.010557597961316681,0.003510777826753138,-0.0036888128935306727,0.006682718227065508,-0.010557597961316681,0.003510777826753138,0.005338172923131314,0.00011439387793751731,0.06258906407790293,0.3169491554916455
scenario,118,0,0,0,certified_reset,0,1,0.1,0.09600015272538888,0.003999847274611132,0.08399679276683375,0.0,0.0,0,0,2.1639966004408695,-0.4059539690150311,1.0638311895981014,-1.7982717192829667,2.1639966004408695,-0.4059539690150311,-1.3917076232964385,4.760966291930806,0.06258906407790293,0.3169491554916455
scenario,118,1,0,0,certified_reset,0,1,0.09600015272538888,0.09200030545077775,0.003999847274611132,0.07999694549222262,0.0,0.0,0,0,1.0638311895981014,-1.7982717192829667,0.03364319855597788,-0.24313246944925482,1.0638311895981014,-1.7982717192829667,1.55,1.7738799117088366,0.06258906407790293,0.3169491554916455
scenario,118,2,0,0,certified_reset,0,1,0.09200030545077775,0.08800045817616663,0.003999847274611132,0.0759970982176115,0.0,0.0,0,0,0.03364319855597788,-0.24313246944925482,-0.05903270166813995,0.0791683464774979,0.03364319855597788,-0.24313246944925482,0.3246568400478791,0.014407327989912514,0.06258906407790293,0.3169491554916455
scenario,118,3,0,0,certified_reset,0,1,0.08800045817616663,0.0840006109015555,0.003999847274611132,0.07199725094300037,0.0,0.0,0,0,-0.05903270166813995,0.0791683464774979,-0.0012852623079202905,0.03073391145953394,-0.05903270166813995,0.0791683464774979,-0.057842270052847686,0.004696675946477886,0.06258906407790293,0.3169491554916455
scenario,118,4,0,0,certified_reset,0,1,0.0840006109015555,0.08000076362694437,0.003999847274611132,0.06799740366838924,0.0,0.0,0,0,-0.0012852623079202905,0.03073391145953394,0.012227422846191813,-0.004819691012946893,-0.0012852623079202905,0.03073391145953394,-0.04399045727809105,0.00022005410393699434,0.06258906407790293,0.3169491554916455
scenario,118,5,2,2,certified_reset,0,1,0.08000076362694437,0.07600091635233325,0.003999847274611132,0.06399755639377812,0.0,0.0,0,0,0.012227422846191813,-0.004819691012946893,0.03500508408631752,-0.012137362076699944,0.012227422846191813,-0.004819691012946893,-0.0050794912129761005,0.00015433619609699163,0.07177064572129135,0.3726063481590821
scenario,118,6,2,2,certified_reset,0,1,0.07600091635233325,0.07200106907772212,0.003999847274611132,0.05999770911916699,0.0,0.0,0,0,0.03500508408631752,-0.012137362076699944,-0.013450076797699342,0.01034676638474133,0.03500508408631752,-0.012137362076699944,-0.016979870941110607,0.0012590806127921442,0.07177064572129135,0.3726063481590821
scenario,118,7,0,0,certified_reset,0,1,0.07200106907772212,0.068001221803111,0.003999847274611132,0.05599786184455586,0.0,0.0,0,0,-0.013450076797699342,0.01034676638474133,-0.0009223922620422683,0.006799521812126782,-0.013450076797699342,0.01034676638474133,-0.0018451944240519865,0.0002002596878572484,0.06258906407790293,0.3169491554916455
scenario,118,8,0,0,certified_reset,0,1,0.068001221803111,0.06400137452849987,0.003999847274611132,0.051998014569944725,0.0,0.0,0,0,-0.0009223922620422683,0.006799521812126782,-0.00032426814363574995,-0.013419519116771217,-0.0009223922620422683,0.006799521812126782,-0.00909643772595504,1.1241466404875722e-05,0.06258906407790293,0.3169491554916455
scenario,118,9,0,0,certified_reset,0,1,0.06400137452849987,0.060001527253888735,0.003999847274611132,0.04799816729533359,0.0,0.0,0,0,-0.00032426814363574995,-0.013419519116771217,-0.008488827263669778,0.01444630464746231,-0.00032426814363574995,-0.013419519116771217,0.020090852051046375,4.261123703097269e-05,0.06258906407790293,0.3169491554916455
scenario,118,10,1,1,certified_reset,0,1,0.060001527253888735,0.0560016799792776,0.003999847274611132,0.04399832002072246,0.0,0.0,0,0,-0.008488827263669778,0.01444630464746231,0.012788279240698565,-0.004374713886775713,-0.008488827263669778,0.01444630464746231,-0.012828069370948166,0.00011373940164118219,0.0659683941917073,0.3371807140592316
scenario,118,11,1,1,certified_reset,0,1,0.0560016799792776,0.05200183270466647,0.003999847274611132,0.039998472746111326,0.0,0.0,0,0,0.012788279240698565,-0.004374713886775713,-0.010961270291103095,-0.024480856618354245,0.012788279240698565,-0.004374713886775713,-0.006287935007896227,0.00016797340099107674,0.0659683941917073,0.3371807140592316
scenario,118,12,1,1,certified_reset,0,1,0.05200183270466647,0.048001985430055336,0.003999847274611132,0.03599862547150019,0.0,0.0,0,0,-0.010961270291103095,-0.024480856618354245,-0.02932620389226412,0.006207607777328605,-0.010961270291103095,-0.024480856618354245,0.04698229632376258,0.00028320907192928054,0.0659683941917073,0.3371807140592316
scenario,118,13,1,1,certified_reset,0,1,0.048001985430055336,0.0440021381554442,0.003999847274611132,0.03199877819688906,0.0,0.0,0,0,-0.02932620389226412,0.006207607777328605,0.019080902394032775,0.021125115682177995,-0.02932620389226412,0.006207607777328605,0.020061844725513287,0.0008770243660524995,0.0659683941917073,0.3371807140592316
scenario,118,14,0,0,certified_reset,0,1,0.0440021381554442,0.04000229088083307,0.003999847274611132,0.02799893092227793,0.0,0.0,0,0,0.019080902394032775,0.021125115682177995,0.021847000676575416,-0.02475278322961879,0.019080902394032775,0.021125115682177995,-0.05012230989608079,0.0005072156771689471,0.06258906407790293,0.3169491554916455
scenario,118,15,0,0,certified_reset,0,1,0.04000229088083307,0.036002443606221936,0.003999847274611132,0.023999083647666796,0.0,0.0,0,0,0.021847000676575416,-0.02475278322961879,0.0082508873048297,-0.02636114111989544,0.021847000676575416,-0.02475278322961879,0.01470972914365454,0.0005929868918195282,0.06258906407790293,0.3169491554916455
scenario,118,16,0,0,certified_reset,0,1,0.036002443606221936,0.0320025963316108,0.003999847274611132,0.019999236373055663,0.0,0.0,0,0,0.0082508873048297,-0.02636114111989544,-0.009818247653172525,0.010323837066259299,0.0082508873048297,-0.02636114111989544,0.030616741503469956,0.00021659551983000498,0.06258906407790293,0.3169491554916455
scenario,118,17,0,0,certified_reset,0,1,0.0320025963316108,0.02800274905699967,0.003999847274611132,0.01599938909844453,0.0,0.0,0,0,-0.009818247653172525,0.010323837066259299,-0.003695066596553276,0.010017719830306571,-0.009818247653172525,0.010323837066259299,-0.005426007688556457,0.00011631871608365513,0.06258906407790293,0.3169491554916455
scenario,118,18,0,0,certified_reset,0,1,0.02800274905699967,0.024002901782388536,0.003999847274611132,0.011999541823833396,0.0,0.0,0,0,-0.003695066596553276,0.010017719830306571,-0.0057073451860316805,0.0027580439642976838,-0.003695066596553276,0.010017719830306571,-0.011076611666969872,3.4784648211218294e-05,0.06258906407790293,0.3169491554916455
scenario,118,19,0,0,certified_reset,0,1,0.024002901782388536,0.020003054507777403,0.003999847274611132,0.007999694549222265,0.0,0.0,0,0,-0.0057073451860316805,0.0027580439642976838,0.0013255097773649522,0.001399835044654739,-0.0057073451860316805,0.0027580439642976838,0.0016191347509845369,3.400855417768494e-05,0.06258906407790293,0.3169491554916455
scenario,118,20,0,0,certified_reset,0,1,0.020003054507777403,0.01600320723316627,0.003999847274611132,0.003999847274611132,0.0,0.0,0,0,0.0013255097773649522,0.001399835044654739,-0.0025550659446989823,-0.016305338616797213,0.0013255097773649522,0.001399835044654739,-0.003378890646484424,2.39511558731642e-06,0.06258906407790293,0.3169491554916455
scenario,118,21,0,0,certified_reset,0,1,0.01600320723316627,0.012003359958555136,0.003999847274611132,0.0,0.0,0.0,0,0,-0.0025550659446989823,-0.016305338616797213,-0.005639058112153219,0.01570329804786626,-0.0025550659446989823,-0.016305338616797213,0.026566232894366233,7.202801237021848e-05,0.06258906407790293,0.3169491554916455
scenario,119,0,0,0,certified_reset,0,1,0.1,0.09600015272538888,0.003999847274611132,0.08399679276683375,0.0,0.0,0,0,5.211620665535387,0.4074280588270386,4.852859675350062,-1.1431423112264902,5.211620665535387,0.4074280588270386,-1.5499999999992145,27.25093203359697,0.06258906407790293,0.3169491554916455
scenario,119,1,0,0,certified_reset,0,1,0.09600015272538888,0.09200030545077775,0.003999847274611132,0.07999694549222262,0.0,0.0,0,0,4.852859675350062,-1.1431423112264902,2.92913257018542,-2.6899758901972604,4.852859675350062,-1.1431423112264902,-1.55,23.84552891050763,0.06258906407790293,0.3169491554916455
scenario,119,2,0,0,certified_reset,0,1,0.09200030545077775,0.08800045817616663,0.003999847274611132,0.0759970982176115,0.0,0.0,0,0,2.92913257018542,-2.6899758901972604,0.7893917001680799,-1.5827740694062613,2.92913257018542,-2.6899758901972604,1.1089732021785437,9.913037804971454,0.06258906407790293,0.3169491554916455
scenario,119,3,0,0,certified_reset,0,1,0.08800045817616663,0.0840006109015555,0.003999847274611132,0.07199725094300037,0.0,0.0,0,0,0.7893917001680799,-1.5827740694062613,-0.016879543421656387,-0.02880925158745963,0.7893917001680799,-1.5827740694062613,1.5455262076787966,1.133786813621076,0.06258906407790293,0.3169491554916455
scenario,119,4,0,0,certified_reset,0,1,0.0840006109015555,0.08000076362694437,0.003999847274611132,0.06799740366838924,0.0,0.0,0,0,-0.016879543421656387,-0.02880925158745963,-0.01865030823094268,0.03529483475862927,-0.016879543421656387,-0.02880925158745963,0.05924481619103527,0.0005220628281266404,0.06258906407790293,0.3169491554916455
scenario,119,5,0,0,certified_reset,0,1,0.08000076362694437,0.07600091635233325,0.003999847274611132,0.06399755639377812,0.0,0.0,0,0,-0.01865030823094268,0.03529483475862927,0.0014772987940615998,0.0024690073762517876,-0.01865030823094268,0.03529483475862927,-0.03342394198149399,0.0005999935594637353,0.06258906407790293,0.3169491554916455
scenario,119,6,0,0,certified_reset,0,1,0.07600091635233325,0.07200106907772212,0.003999847274611132,0.05999770911916699,0.0,0.0,0,0,0.0014772987940615998,0.0024690073762517876,-0.0024592287805373404,0.005430405811570173,0.0014772987940615998,0.0024690073762517876,-0.0051148503283694234,3.933733610293809e-06,0.06258906407790293,0.3169491554916455
scenario,119,7,0,0,certified_reset,0,1,0.07200106907772212,0.068001221803111,0.003999847274611132,0.05599786184455586,0.0,0.0,0,0,-0.0024592287805373404,0.005430405811570173,0.004316529953653599,-0.0006570749369226944,-0.0024592287805373404,0.005430405811570173,-0.005554018446352154,1.2127059527683995e-05,0.06258906407790293,0.3169491554916455
scenario,119,8,0,0,certified_reset,0,1,0.068001221803111,0.06400137452849987,0.003999847274611132,0.051998014569944725,0.0,0.0,0,0,0.004316529953653599,-0.0006570749369226944,0.008446797370119451,0.013168255386672063,0.004316529953653599,-0.0006570749369226944,-0.003329506613700602,1.8987285743147395e-05,0.06258906407790293,0.3169491554916455
scenario,119,9,0,0,certified_reset,0,1,0.06400137452849987,0.060001527253888735,0.003999847274611132,0.04799816729533359,0.0,0.0,0,0,0.008446797370119451,0.013168255386672063,0.007024686563391209,-0.013023697971976963,0.008446797370119451,0.013168255386672063,-0.027810270245675308,0.00012189619507744542,0.06258906407790293,0.3169491554916455
scenario,119,10,0,0,certified_reset,0,1,0.060001527253888735,0.0560016799792776,0.003999847274611132,0.04399832002072246,0.0,0.0,0,0,0.007024686563391209,-0.013023697971976963,-0.005475594905649825,-0.002170970319195745,0.007024686563391209,-0.013023697971976963,0.012192339526311843,8.359355748776047e-05,0.06258906407790293,0.3169491554916455
scenario,119,11,0,0,certified_reset,0,1,0.0560016799792776,0.05200183270466647,0.003999847274611132,0.039998472746111326,0.0,0.0,0,0,-0.005475594905649825,-0.002170970319195745,-0.005210396596422898,0.02303748143152422,-0.005475594905649825,-0.002170970319195745,0.008648601895554307,3.2700457622302156e-05,0.06258906407790293,0.3169491554916455
scenario,119,12,0,0,certified_reset,0,1,0.05200183270466647,0.048001985430055336,0.003999847274611132,0.03599862547150019,0.0,0.0,0,0,-0.005210396596422898,0.02303748143152422,-0.0026535826155937295,-0.013432654366097162,-0.005210396596422898,0.02303748143152422,-0.028749638348223548,0.00014334237444826466,0.06258906407790293,0.3169491554916455
scenario,119,13,0,0,certified_reset,0,1,0.048001985430055336,0.0440021381554442,0.003999847274611132,0.03199877819688906,0.0,0.0,0,0,-0.0026535826155937295,-0.013432654366097162,-0.006371630868869855,0.006228932043745033,-0.0026535826155937295,-0.013432654366097162,0.02242865792912576,5.20961347077499e-05,0.06258906407790293,0.3169491554916455
scenario,119,14,0,0,certified_reset,0,1,0.0440021381554442,0.04000229088083307,0.003999847274611132,0.02799893092227793,0.0,0.0,0,0,-0.006371630868869855,0.006228932043745033,-0.008709108946056488,-0.016426362530581922,-0.006371630868869855,0.006228932043745033,-0.0028311006045092994,4.7781985187963404e-05,0.06258906407790293,0.3169491554916455
scenario,119,15,0,0,certified_reset,0,1,0.04000229088083307,0.036002443606221936,0.003999847274611132,0.023999083647666796,0.0,0.0,0,0,-0.008709108946056488,-0.016426362530581922,-0.013479007640430755,0.022826783181960256,-0.008709108946056488,-0.016426362530581922,0.03287020054843264,0.00015142840021413473,0.06258906407790293,0.3169491554916455
scenario,119,16,0,0,certified_reset,0,1,0.036002443606221936,0.0320025963316108,0.003999847274611132,0.019999236373055663,0.0,0.0,0,0,-0.013479007640430755,0.022826783181960256,-0.001053306770217616,0.002480372200900793,-0.013479007640430755,0.022826783181960256,-0.020203465437762472,0.00028567931284168246,0.06258906407790293,0.3169491554916455
scenario,119,17,0,0,certified_reset,0,1,0.0320025963316108,0.02800274905699967,0.003999847274611132,0.01599938909844453,0.0,0.0,0,0,-0.001053306770217616,0.002480372200900793,0.003237372312688757,-0.01417697541284062,-0.001053306770217616,0.002480372200900793,-0.0026067207791827403,2.3867343086021027e-06,0.06258906407790293,0.3169491554916455
scenario,119,18,0,0,certified_reset,0,1,0.02800274905699967,0.024002901782388536,0.003999847274611132,0.011999541823833396,0.0,0.0,0,0,0.003237372312688757,-0.01417697541284062,0.002233292009091941,0.010843239830289918,0.003237372312688757,-0.01417697541284062,0.01765744463304537,5.445280699932206e-05,0.06258906407790293,0.3169491554916455
scenario,119,19,0,0,certified_reset,0,1,0.024002901782388536,0.020003054507777403,0.003999847274611132,0.007999694549222265,0.0,0.0,0,0,0.002233292009091941,0.010843239830289918,0.0006320233849597349,-0.002379122267770568,0.002233292009091941,0.010843239830289918,-0.018198199493251476,3.443060782087181e-05,0.06258906407790293,0.3169491554916455
scenario,119,20,0,0,certified_reset,0,1,0.020003054507777403,0.01600320723316627,0.003999847274611132,0.003999847274611132,0.0,0.0,0,0,0.0006320233849597349,-0.002379122267770568,0.003080670456960539,0.007029657941089619,0.0006320233849597349,-0.002379122267770568,0.002873325545252052,1.62469364906123e-06,0.06258906407790293,0.3169491554916455
scenario,119,21,0,0,certified_reset,0,1,0.01600320723316627,0.012003359958555136,0.003999847274611132,0.0,0.0,0.0,0,0,0.003080670456960539,0.007029657941089619,0.014169487836623314,-0.011034995150733863,0.003080670456960539,0.007029657941089619,-0.013422283731145018,2.2889369316743844e-05,0.06258906407790293,0.3169491554916455
