method,mission,k,g,chart,mode,reset_failed,nominal_feasible,budget_before,budget_after,risk,reserve,horizon_escape,first_escape,state_violation,input_violation,x0,x1,next_x0,next_x1,nominal_x0,nominal_x1,u,stage_cost,state_tightening,input_tightening
shift_corrected,0,0,1,1,certified_reset,0,1,0.1,0.09619983762418272,0.003800162375817289,0.07980340989216307,0.0,0.0,0,0,0.3854959259800609,0.060049578189150896,0.37047116694526905,-0.32617439852972596,0.3854959259800609,0.060049578189150896,-0.7890340704177622,0.19931457804980007,0.21613169776155292,0.5157187008478828
shift_corrected,0,1,1,1,certified_reset,0,1,0.09619983762418272,0.09239967524836543,0.003800162375817289,0.07600324751634578,0.0,0.0,0,0,0.37047116694526905,-0.32617439852972596,0.26115039985864075,-0.3831784015459384,0.37047116694526905,-0.32617439852972596,0.06355550059013422,0.16416946423426756,0.21613169776155292,0.5157187008478828
shift_corrected,0,2,1,1,certified_reset,0,1,0.09239967524836543,0.08859951287254814,0.003800162375817289,0.07220308514052849,0.0,0.0,0,0,0.26115039985864075,-0.3831784015459384,0.18627876582983827,-0.28562149188122127,0.26115039985864075,-0.3831784015459384,0.37290069580896296,0.11603034751393775,0.21613169776155292,0.5157187008478828
shift_corrected,0,3,1,1,certified_reset,0,1,0.08859951287254814,0.08479935049673085,0.003800162375817289,0.0684029227647112,0.0,0.0,0,0,0.18627876582983827,-0.28562149188122127,0.10710996225965566,-0.21847990217001165,0.18627876582983827,-0.28562149188122127,0.2923319425311732,0.061931324925125285,0.21613169776155292,0.5157187008478828
shift_corrected,0,4,1,1,certified_reset,0,1,0.08479935049673085,0.08099918812091356,0.003800162375817289,0.06460276038889391,0.0,0.0,0,0,0.10710996225965566,-0.21847990217001165,0.037757607282887545,-0.14532003034963395,0.10710996225965566,-0.21847990217001165,0.2842248135785699,0.029868610500621152,0.21613169776155292,0.5157187008478828
shift_corrected,0,5,1,1,certified_reset,0,1,0.08099918812091356,0.07719902574509627,0.003800162375817289,0.06080259801307663,0.0,0.0,0,0,0.037757607282887545,-0.14532003034963395,0.004907188438961275,-0.05551394507072346,0.037757607282887545,-0.14532003034963395,0.24642428056402169,0.011563108797053051,0.21613169776155292,0.5157187008478828
shift_corrected,0,6,1,1,certified_reset,0,1,0.07719902574509627,0.07339886336927898,0.003800162375817289,0.05700243563725934,0.0,0.0,0,0,0.004907188438961275,-0.05551394507072346,-0.017157837446685715,-0.014464627963059808,0.004907188438961275,-0.05551394507072346,0.11043781287815328,0.0017702508637691002,0.21613169776155292,0.5157187008478828
shift_corrected,0,7,1,1,certified_reset,0,1,0.07339886336927898,0.06959870099346169,0.003800162375817289,0.05320227326144205,0.0,0.0,0,0,-0.017157837446685715,-0.014464627963059808,-0.0027350668178371153,0.05144823998363674,-0.017157837446685715,-0.014464627963059808,0.06036219520913587,0.0006381853202115895,0.21613169776155292,0.5157187008478828
shift_corrected,0,8,1,1,certified_reset,0,1,0.06959870099346169,0.0657985386176444,0.003800162375817289,0.04940211088562476,0.0,0.0,0,0,-0.0027350668178371153,0.05144823998363674,0.016109692004740113,-0.00012313267916258357,-0.0027350668178371153,0.05144823998363674,-0.105459003293875,0.0015589390499105064,0.21613169776155292,0.5157187008478828
shift_corrected,0,9,1,1,certified_reset,0,1,0.0657985386176444,0.06199837624182711,0.003800162375817289,0.04560194850980747,0.0,0.0,0,0,0.016109692004740113,-0.00012313267916258357,0.02245870437815366,0.001644692717373641,0.016109692004740113,-0.00012313267916258357,-0.027340912517486226,0.0003193280066848637,0.21613169776155292,0.5157187008478828
shift_corrected,0,10,1,1,certified_reset,0,1,0.06199837624182711,0.05819821386600982,0.003800162375817289,0.04180178613399018,0.0,0.0,0,0,0.02245870437815366,0.001644692717373641,0.009000028971057828,-0.017929049798551762,0.02245870437815366,0.001644692717373641,-0.041998318111260945,0.0006461783538129174,0.21613169776155292,0.5157187008478828
shift_corrected,0,11,1,1,certified_reset,0,1,0.05819821386600982,0.05439805149019253,0.003800162375817289,0.03800162375817289,0.0,0.0,0,0,0.009000028971057828,-0.017929049798551762,0.016638274957552747,0.01089804877544421,0.009000028971057828,-0.017929049798551762,0.02296497211982918,0.00020355442370678,0.21613169776155292,0.5157187008478828
shift_corrected,0,12,1,1,certified_reset,0,1,0.05439805149019253,0.05059788911437524,0.003800162375817289,0.0342014613823556,0.0,0.0,0,0,0.016638274957552747,0.01089804877544421,0.010461439967216353,0.005961162634153201,0.016638274957552747,0.01089804877544421,-0.051838909429949245,0.0005215058628120356,0.21613169776155292,0.5157187008478828
shift_corrected,0,13,0,0,certified_reset,0,1,0.05059788911437524,0.04679772673855795,0.003800162375817289,0.030401299006538315,0.0,0.0,0,0,0.010461439967216353,0.005961162634153201,0.0039018486140567736,-0.0035760111964480796,0.010461439967216353,0.005961162634153201,-0.0306854687463599,0.0001936534305500842,0.1993127158291535,0.4701806519894993
shift_corrected,0,14,0,0,certified_reset,0,1,0.04679772673855795,0.04299756436274066,0.003800162375817289,0.026601136630721025,0.0,0.0,0,0,0.0039018486140567736,-0.0035760111964480796,-0.0014945250331179442,-0.005936233202541864,0.0039018486140567736,-0.0035760111964480796,0.0009679843107013595,1.849634611635839e-05,0.1993127158291535,0.4701806519894993
shift_corrected,0,15,0,0,certified_reset,0,1,0.04299756436274066,0.03919740198692337,0.003800162375817289,0.022800974254903735,0.0,0.0,0,0,-0.0014945250331179442,-0.005936233202541864,0.0020787898646654943,-0.0005726056651904116,-0.0014945250331179442,-0.005936233202541864,0.015263739936822679,2.9681861782072748e-05,0.1993127158291535,0.4701806519894993
shift_corrected,0,16,0,0,certified_reset,0,1,0.03919740198692337,0.03539723961110608,0.003800162375817289,0.019000811879086445,0.0,0.0,0,0,0.0020787898646654943,-0.0005726056651904116,0.0068229692067587975,-0.013404967632905109,0.0020787898646654943,-0.0005726056651904116,-0.002330750065966584,4.837928282988281e-06,0.1993127158291535,0.4701806519894993
shift_corrected,0,17,0,0,certified_reset,0,1,0.03539723961110608,0.03159707723528879,0.003800162375817289,0.015200649503269156,0.0,0.0,0,0,0.0068229692067587975,-0.013404967632905109,-0.0008533527415041557,-0.005503299435153175,0.0068229692067587975,-0.013404967632905109,0.017005300643909607,0.00011461061810536736,0.1993127158291535,0.4701806519894993
shift_corrected,0,18,0,0,certified_reset,0,1,0.03159707723528879,0.0277969148594715,0.003800162375817289,0.011400487127451866,0.0,0.0,0,0,-0.0008533527415041557,-0.005503299435153175,0.004610048102916556,0.0032431041065116677,-0.0008533527415041557,-0.005503299435153175,0.013239300558802935,2.2322113412577548e-05,0.1993127158291535,0.4701806519894993
shift_corrected,0,19,0,0,certified_reset,0,1,0.0277969148594715,0.02399675248365421,0.003800162375817289,0.007600324751634578,0.0,0.0,0,0,0.004610048102916556,0.0032431041065116677,0.013917335812876873,0.0558376494481839,0.004610048102916556,0.0032431041065116677,-0.01483923740368571,4.1498211910458346e-05,0.1993127158291535,0.4701806519894993
shift_corrected,0,20,0,0,certified_reset,0,1,0.02399675248365421,0.02019659010783692,0.003800162375817289,0.003800162375817289,0.0,0.0,0,0,0.013917335812876873,0.0558376494481839,0.024441729940217583,0.005857614656450281,0.013917335812876873,0.0558376494481839,-0.14338655128803215,0.0026179292573249914,0.1993127158291535,0.4701806519894993
shift_corrected,0,21,0,0,certified_reset,0,1,0.02019659010783692,0.01639642773201963,0.003800162375817289,0.0,0.0,0.0,0,0,0.024441729940217583,0.005857614656450281,0.025127078673109208,-0.017837237595223668,0.024441729940217583,0.005857614656450281,-0.054416641822184565,0.0008428697474127081,0.1993127158291535,0.4701806519894993
shift_corrected,1,0,0,0,certified_reset,0,1,0.1,0.09619983762418272,0.003800162375817289,0.07980340989216307,0.0,0.0,0,0,0.15657329572503328,-0.4588426335343581,0.042853439418803776,-0.20471779477507207,0.15657329572503328,-0.4588426335343581,0.7140561370388221,0.11793943086880945,0.1993127158291535,0.4701806519894993
shift_corrected,1,1,0,0,certified_reset,0,1,0.09619983762418272,0.09239967524836543,0.003800162375817289,0.07600324751634578,0.0,0.0,0,0,0.042853439418803776,-0.20471779477507207,-0.010545087706659545,-0.0698360576643366,0.042853439418803776,-0.20471779477507207,0.36485036154252415,0.022963024049830062,0.1993127158291535,0.4701806519894993
shift_corrected,1,2,0,0,certified_reset,0,1,0.09239967524836543,0.08859951287254814,0.003800162375817289,0.07220308514052849,0.0,0.0,0,0,-0.010545087706659545,-0.0698360576643366,-0.024620506529672907,0.002828966141041934,-0.010545087706659545,-0.0698360576643366,0.16758420163652987,0.0035772247833175275,0.1993127158291535,0.4701806519894993
shift_corrected,1,3,0,0,certified_reset,0,1,0.08859951287254814,0.08479935049673085,0.003800162375817289,0.0684029227647112,0.0,0.0,0,0,-0.024620506529672907,0.002828966141041934,-0.02900367905294427,0.01769738867426167,-0.024620506529672907,0.002828966141041934,0.036125588830854094,0.000712574757604531,0.1993127158291535,0.4701806519894993
shift_corrected,1,4,0,0,certified_reset,0,1,0.08479935049673085,0.08099918812091356,0.003800162375817289,0.06460276038889391,0.0,0.0,0,0,-0.02900367905294427,0.01769738867426167,-0.029275986936982967,0.015599581685935157,-0.02900367905294427,0.01769738867426167,0.011808726503560055,0.0009306684718090401,0.1993127158291535,0.4701806519894993
shift_corrected,1,5,0,0,certified_reset,0,1,0.08099918812091356,0.07719902574509627,0.003800162375817289,0.06080259801307663,0.0,0.0,0,0,-0.029275986936982967,0.015599581685935157,-0.02546223168859159,0.037039588803377044,-0.029275986936982967,0.015599581685935157,0.016755973056426978,0.0009403811589738548,0.1993127158291535,0.4701806519894993
shift_corrected,1,6,0,0,certified_reset,0,1,0.07719902574509627,0.07339886336927898,0.003800162375817289,0.05700243563725934,0.0,0.0,0,0,-0.02546223168859159,0.037039588803377044,-0.0068215799526979756,0.0376461071562239,-0.02546223168859159,0.037039588803377044,-0.03567232503000226,0.0010931092090880213,0.1993127158291535,0.4701806519894993
shift_corrected,1,7,0,0,certified_reset,0,1,0.07339886336927898,0.06959870099346169,0.003800162375817289,0.05320227326144205,0.0,0.0,0,0,-0.0068215799526979756,0.0376461071562239,0.0005006222194300623,0.02017748082027957,-0.0068215799526979756,0.0376461071562239,-0.06890916015644379,0.0007807190873328376,0.1993127158291535,0.4701806519894993
shift_corrected,1,8,0,0,certified_reset,0,1,0.06959870099346169,0.0657985386176444,0.003800162375817289,0.04940211088562476,0.0,0.0,0,0,0.0005006222194300623,0.02017748082027957,-0.010547663434653557,-0.007582860083995524,0.0005006222194300623,0.02017748082027957,-0.04406021280826161,0.0002573374938865186,0.1993127158291535,0.4701806519894993
shift_corrected,1,9,0,0,certified_reset,0,1,0.0657985386176444,0.06199837624182711,0.003800162375817289,0.04560194850980747,0.0,0.0,0,0,-0.010547663434653557,-0.007582860083995524,-0.00722991767078192,0.00821985421019842,-0.010547663434653557,-0.007582860083995524,0.03430656817500385,0.00021978339528978575,0.1993127158291535,0.4701806519894993
shift_corrected,1,10,0,0,certified_reset,0,1,0.06199837624182711,0.05819821386600982,0.003800162375817289,0.04180178613399018,0.0,0.0,0,0,-0.00722991767078192,0.00821985421019842,0.0037379459068822424,0.01563549580640569,-0.00722991767078192,0.00821985421019842,-0.005209050427822751,7.133394684428187e-05,0.1993127158291535,0.4701806519894993
shift_corrected,1,11,0,0,certified_reset,0,1,0.05819821386600982,0.05439805149019253,0.003800162375817289,0.03800162375817289,0.0,0.0,0,0,0.0037379459068822424,0.01563549580640569,0.00500201295376777,0.0059042934411802405,0.0037379459068822424,0.01563549580640569,-0.039878775738868104,0.00020231476223528505,0.1993127158291535,0.4701806519894993
shift_corrected,1,12,0,0,certified_reset,0,1,0.05439805149019253,0.05059788911437524,0.003800162375817289,0.0342014613823556,0.0,0.0,0,0,0.00500201295376777,0.0059042934411802405,0.013801073372800786,-0.0021845359909321745,0.00500201295376777,0.0059042934411802405,-0.0212146759626245,6.974030194548419e-05,0.1993127158291535,0.4701806519894993
shift_corrected,1,13,0,0,certified_reset,0,1,0.05059788911437524,0.04679772673855795,0.003800162375817289,0.030401299006538315,0.0,0.0,0,0,0.013801073372800786,-0.0021845359909321745,0.0076761512199372646,-0.014928783324610282,0.013801073372800786,-0.0021845359909321745,-0.018965905244453376,0.0002204391205546771,0.1993127158291535,0.4701806519894993
shift_corrected,1,14,0,0,certified_reset,0,1,0.04679772673855795,0.04299756436274066,0.003800162375817289,0.026601136630721025,0.0,0.0,0,0,0.0076761512199372646,-0.014928783324610282,0.006106716014292751,-0.0020405619963006338,0.0076761512199372646,-0.014928783324610282,0.0188083920917737,0.0001429408894858665,0.1993127158291535,0.4701806519894993
shift_corrected,1,15,1,1,certified_reset,0,1,0.04299756436274066,0.03919740198692337,0.003800162375817289,0.022800974254903735,0.0,0.0,0,0,0.006106716014292751,-0.0020405619963006338,-0.00017458358298959916,-0.005277826683249214,0.006106716014292751,-0.0020405619963006338,-0.006093301307108875,4.130321945994333e-05,0.21613169776155292,0.5157187008478828
shift_corrected,1,16,1,1,certified_reset,0,1,0.03919740198692337,0.03539723961110608,0.003800162375817289,0.019000811879086445,0.0,0.0,0,0,-0.00017458358298959916,-0.005277826683249214,0.01915153596205963,-0.005232258117634788,-0.00017458358298959916,-0.005277826683249214,0.011596461409762554,1.7752576430302808e-05,0.21613169776155292,0.5157187008478828
shift_corrected,1,17,1,1,certified_reset,0,1,0.03539723961110608,0.03159707723528879,0.003800162375817289,0.015200649503269156,0.0,0.0,0,0,0.01915153596205963,-0.005232258117634788,0.003615063140209873,0.011094935868832936,0.01915153596205963,-0.005232258117634788,-0.021612574033546852,0.00041099372946689554,0.21613169776155292,0.5157187008478828
shift_corrected,1,18,1,1,certified_reset,0,1,0.03159707723528879,0.0277969148594715,0.003800162375817289,0.011400487127451866,0.0,0.0,0,0,0.003615063140209873,0.011094935868832936,0.01707048880102615,0.0003935640665055555,0.003615063140209873,0.011094935868832936,-0.029947176217934662,0.0001155897510653255,0.21613169776155292,0.5157187008478828
shift_corrected,1,19,0,0,certified_reset,0,1,0.0277969148594715,0.02399675248365421,0.003800162375817289,0.007600324751634578,0.0,0.0,0,0,0.01707048880102615,0.0003935640665055555,0.0146023378475571,-0.012994679845559035,0.01707048880102615,0.0003935640665055555,-0.030090622303105562,0.00036387595512162263,0.1993127158291535,0.4701806519894993
shift_corrected,1,20,0,0,certified_reset,0,1,0.02399675248365421,0.02019659010783692,0.003800162375817289,0.003800162375817289,0.0,0.0,0,0,0.0146023378475571,-0.012994679845559035,0.00885351541040575,-0.0050254274220100925,0.0146023378475571,-0.012994679845559035,0.0027956245680893295,0.0002560689380243995,0.1993127158291535,0.4701806519894993
shift_corrected,1,21,0,0,certified_reset,0,1,0.02019659010783692,0.01639642773201963,0.003800162375817289,0.0,0.0,0.0,0,0,0.00885351541040575,-0.0050254274220100925,0.01554043696753362,-0.009298368354020684,0.00885351541040575,-0.0050254274220100925,-0.0044072056860772904,8.625234227251621e-05,0.1993127158291535,0.4701806519894993
shift_corrected,2,0,1,1,certified_reset,0,1,0.1,0.09619983762418272,0.003800162375817289,0.07980340989216307,0.0,0.0,0,0,-2.160440413674572,-0.24169626365367555,-2.0035689845515297,1.638622152883995,-2.160440413674572,-0.24169626365367555,4.0,5.9621070520043915,0.21613169776155292,0.5157187008478828
shift_corrected,2,1,1,1,certified_reset,0,1,0.09619983762418272,0.09239967524836543,0.003800162375817289,0.07600324751634578,0.0,0.0,0,0,-2.0035689845515297,1.638622152883995,-1.439523596317531,1.948671965633781,-2.0035689845515297,1.638622152883995,-0.07531164322215929,4.686013063325778,0.21613169776155292,0.5157187008478828
shift_corrected,2,2,1,1,certified_reset,0,1,0.09239967524836543,0.08859951287254814,0.003800162375817289,0.07220308514052849,0.0,0.0,0,0,-1.439523596317531,1.948671965633781,-0.8433545283103766,1.572651723708795,-1.439523596317531,1.948671965633781,-1.7054888204863272,3.2542541611110214,0.21613169776155292,0.5157187008478828
shift_corrected,2,3,0,0,certified_reset,0,1,0.08859951287254814,0.08479935049673085,0.003800162375817289,0.0684029227647112,0.0,0.0,0,0,-0.8433545283103766,1.572651723708795,-0.41378978151192036,0.9919969466934353,-0.8433545283103766,1.572651723708795,-1.921898630097279,1.6250507689922624,0.1993127158291535,0.4701806519894993
shift_corrected,2,4,0,0,certified_reset,0,1,0.08479935049673085,0.08099918812091356,0.003800162375817289,0.06460276038889391,0.0,0.0,0,0,-0.41378978151192036,0.9919969466934353,-0.15420315540599544,0.5284624125197747,-0.41378978151192036,0.9919969466934353,-1.4147790971940941,0.5773644603545443,0.1993127158291535,0.4701806519894993
shift_corrected,2,5,0,0,certified_reset,0,1,0.08099918812091356,0.07719902574509627,0.003800162375817289,0.06080259801307663,0.0,0.0,0,0,-0.15420315540599544,0.5284624125197747,-0.023178522945909504,0.2320641663272795,-0.15420315540599544,0.5284624125197747,-0.8671627484911524,0.15375444208837907,0.1993127158291535,0.4701806519894993
shift_corrected,2,6,1,1,certified_reset,0,1,0.07719902574509627,0.07339886336927898,0.003800162375817289,0.05700243563725934,0.0,0.0,0,0,-0.023178522945909504,0.2320641663272795,0.026128807967840926,0.050026748939255676,-0.023178522945909504,0.2320641663272795,-0.4571062499973006,0.03071637815217544,0.21613169776155292,0.5157187008478828
shift_corrected,2,7,1,1,certified_reset,0,1,0.07339886336927898,0.06959870099346169,0.003800162375817289,0.05320227326144205,0.0,0.0,0,0,0.026128807967840926,0.050026748939255676,0.02999353697745753,-0.017169431447973647,0.026128807967840926,0.050026748939255676,-0.15186920676818805,0.0031535239853300295,0.21613169776155292,0.5157187008478828
shift_corrected,2,8,1,1,certified_reset,0,1,0.06959870099346169,0.0657985386176444,0.003800162375817289,0.04940211088562476,0.0,0.0,0,0,0.02999353697745753,-0.017169431447973647,0.03334615484531489,-0.03352911668730593,0.02999353697745753,-0.017169431447973647,-0.014630684755696108,0.0009904341593934235,0.21613169776155292,0.5157187008478828
shift_corrected,2,9,1,1,certified_reset,0,1,0.0657985386176444,0.06199837624182711,0.003800162375817289,0.04560194850980747,0.0,0.0,0,0,0.03334615484531489,-0.03352911668730593,0.031229176773922687,-0.05527756866243471,0.03334615484531489,-0.03352911668730593,0.014641641806640534,0.0014101666734089792,0.21613169776155292,0.5157187008478828
shift_corrected,2,10,1,1,certified_reset,0,1,0.06199837624182711,0.05819821386600982,0.003800162375817289,0.04180178613399018,0.0,0.0,0,0,0.031229176773922687,-0.05527756866243471,0.01175003318558504,-0.022218635099001828,0.031229176773922687,-0.05527756866243471,0.06483274531844709,0.002075426670526588,0.21613169776155292,0.5157187008478828
shift_corrected,2,11,1,1,certified_reset,0,1,0.05819821386600982,0.05439805149019253,0.003800162375817289,0.03800162375817289,0.0,0.0,0,0,0.01175003318558504,-0.022218635099001828,-0.002904402141506543,-0.01235591881426513,0.01175003318558504,-0.022218635099001828,0.027434666155210126,0.0003216930888418253,0.21613169776155292,0.5157187008478828
shift_corrected,2,12,1,1,certified_reset,0,1,0.05439805149019253,0.05059788911437524,0.003800162375817289,0.0342014613823556,0.0,0.0,0,0,-0.002904402141506543,-0.01235591881426513,-0.011907811654981896,-0.018706263105252748,-0.002904402141506543,-0.01235591881426513,0.031426939383136,0.00012561493575506991,0.21613169776155292,0.5157187008478828
shift_corrected,2,13,1,1,certified_reset,0,1,0.05059788911437524,0.04679772673855795,0.003800162375817289,0.030401299006538315,0.0,0.0,0,0,-0.011907811654981896,-0.018706263105252748,-0.0011729874361980606,0.05128020581921465,-0.011907811654981896,-0.018706263105252748,0.060445965622588374,0.0005215742290550285,0.21613169776155292,0.5157187008478828
shift_corrected,2,14,0,0,certified_reset,0,1,0.04679772673855795,0.04299756436274066,0.003800162375817289,0.026601136630721025,0.0,0.0,0,0,-0.0011729874361980606,0.05128020581921465,0.020388773884166662,0.012762368380502535,-0.0011729874361980606,0.05128020581921465,-0.10777195311682788,0.0015879742870299925,0.1993127158291535,0.4701806519894993
shift_corrected,2,15,0,0,certified_reset,0,1,0.04299756436274066,0.03919740198692337,0.003800162375817289,0.022800974254903735,0.0,0.0,0,0,0.020388773884166662,0.012762368380502535,0.018352806794533716,-0.022628862838729433,0.020388773884166662,0.012762368380502535,-0.062248875128573765,0.0007664154085514108,0.1993127158291535,0.4701806519894993
shift_corrected,2,16,0,0,certified_reset,0,1,0.03919740198692337,0.03539723961110608,0.003800162375817289,0.019000811879086445,0.0,0.0,0,0,0.018352806794533716,-0.022628862838729433,0.01050250394825477,-0.02553250949235092,0.018352806794533716,-0.022628862838729433,0.017001832900930117,0.0004879668613402824,0.1993127158291535,0.4701806519894993
shift_corrected,2,17,0,0,certified_reset,0,1,0.03539723961110608,0.03159707723528879,0.003800162375817289,0.015200649503269156,0.0,0.0,0,0,0.01050250394825477,-0.02553250949235092,-0.0016816315973279096,-0.013994155181667358,0.01050250394825477,-0.02553250949235092,0.03666547824436234,0.0003808284330183791,0.1993127158291535,0.4701806519894993
shift_corrected,2,18,0,0,certified_reset,0,1,0.03159707723528879,0.0277969148594715,0.003800162375817289,0.011400487127451866,0.0,0.0,0,0,-0.0016816315973279096,-0.013994155181667358,-0.00530467878653738,-0.007491342085826662,-0.0016816315973279096,-0.013994155181667358,0.03283815392303373,0.0001380545278871069,0.1993127158291535,0.4701806519894993
shift_corrected,2,19,0,0,certified_reset,0,1,0.0277969148594715,0.02399675248365421,0.003800162375817289,0.007600324751634578,0.0,0.0,0,0,-0.00530467878653738,-0.007491342085826662,-0.008963984385694993,0.00487173849292525,-0.00530467878653738,-0.007491342085826662,0.02512405735092308,9.26671292118569e-05,0.1993127158291535,0.4701806519894993
shift_corrected,2,20,0,0,certified_reset,0,1,0.02399675248365421,0.02019659010783692,0.003800162375817289,0.003800162375817289,0.0,0.0,0,0,-0.008963984385694993,0.00487173849292525,-0.013972763871786536,0.007621218572187738,-0.008963984385694993,0.00487173849292525,0.004931104642796897,8.823173849270308e-05,0.1993127158291535,0.4701806519894993
shift_corrected,2,21,0,0,certified_reset,0,1,0.02019659010783692,0.01639642773201963,0.003800162375817289,0.0,0.0,0.0,0,0,-0.013972763871786536,0.007621218572187738,-0.013584040523698172,0.020371964198802824,-0.013972763871786536,0.007621218572187738,0.007618351247012539,0.0002144020154057965,0.1993127158291535,0.4701806519894993
shift_corrected,3,0,0,0,certified_reset,0,1,0.1,0.09619983762418272,0.003800162375817289,0.07980340989216307,0.0,0.0,0,0,-0.2627901406184729,0.16280644785579945,-0.19827795367446108,0.2581028231006064,-0.2627901406184729,0.16280644785579945,0.10169876719884835,0.07651255401211379,0.1993127158291535,0.4701806519894993
shift_corrected,3,1,0,0,certified_reset,0,1,0.09619983762418272,0.09239967524836543,0.003800162375817289,0.07600324751634578,0.0,0.0,0,0,-0.19827795367446108,0.2581028231006064,-0.13014307145206644,0.2062491648043017,-0.19827795367446108,0.2581028231006064,-0.21285026620537756,0.059592832602353464,0.1993127158291535,0.4701806519894993
shift_corrected,3,2,0,0,certified_reset,0,1,0.09239967524836543,0.08859951287254814,0.003800162375817289,0.07220308514052849,0.0,0.0,0,0,-0.13014307145206644,0.2062491648043017,-0.07844297158700592,0.14873224352878267,-0.13014307145206644,0.2062491648043017,-0.21857687932626538,0.03139396671667637,0.1993127158291535,0.4701806519894993
shift_corrected,3,3,0,0,certified_reset,0,1,0.08859951287254814,0.08479935049673085,0.003800162375817289,0.0684029227647112,0.0,0.0,0,0,-0.07844297158700592,0.14873224352878267,-0.038639654672901355,0.104949206219042,-0.07844297158700592,0.14873224352878267,-0.18402040701746603,0.014392700673586004,0.1993127158291535,0.4701806519894993
shift_corrected,3,4,0,0,certified_reset,0,1,0.08479935049673085,0.08099918812091356,0.003800162375817289,0.06460276038889391,0.0,0.0,0,0,-0.038639654672901355,0.104949206219042,-0.0033784302892154484,0.047002033491675754,-0.038639654672901355,0.104949206219042,-0.15847166908644147,0.006255668476986227,0.1993127158291535,0.4701806519894993
shift_corrected,3,5,0,0,certified_reset,0,1,0.08099918812091356,0.07719902574509627,0.003800162375817289,0.06080259801307663,0.0,0.0,0,0,-0.0033784302892154484,0.047002033491675754,0.006484166208324218,0.01562465359127395,-0.0033784302892154484,0.047002033491675754,-0.09483917555977718,0.0012832691169758995,0.1993127158291535,0.4701806519894993
shift_corrected,3,6,0,0,certified_reset,0,1,0.07719902574509627,0.07339886336927898,0.003800162375817289,0.05700243563725934,0.0,0.0,0,0,0.006484166208324218,0.01562465359127395,0.009554981676168852,0.006254430492902627,0.006484166208324218,0.01562465359127395,-0.044563498592503664,0.00026194929392332723,0.1993127158291535,0.4701806519894993
shift_corrected,3,7,0,0,certified_reset,0,1,0.07339886336927898,0.06959870099346169,0.003800162375817289,0.05320227326144205,0.0,0.0,0,0,0.009554981676168852,0.006254430492902627,0.007155791224963216,-0.0036597256730713703,0.009554981676168852,0.006254430492902627,-0.029769530104777803,0.00017197514384230183,0.1993127158291535,0.4701806519894993
shift_corrected,3,8,0,0,certified_reset,0,1,0.06959870099346169,0.0657985386176444,0.003800162375817289,0.04940211088562476,0.0,0.0,0,0,0.007155791224963216,-0.0036597256730713703,0.006248058042302313,-0.007349740008793975,0.007155791224963216,-0.0036597256730713703,-0.0044272257512093394,5.6121772283968675e-05,0.1993127158291535,0.4701806519894993
shift_corrected,3,9,0,0,certified_reset,0,1,0.0657985386176444,0.06199837624182711,0.003800162375817289,0.04560194850980747,0.0,0.0,0,0,0.006248058042302313,-0.007349740008793975,0.005653675369439904,-0.002122240963556077,0.006248058042302313,-0.007349740008793975,0.005027151880076796,5.4564679331224094e-05,0.1993127158291535,0.4701806519894993
shift_corrected,3,10,0,0,certified_reset,0,1,0.06199837624182711,0.05819821386600982,0.003800162375817289,0.04180178613399018,0.0,0.0,0,0,0.005653675369439904,-0.002122240963556077,0.0064746109224667146,0.000508747344868824,0.005653675369439904,-0.002122240963556077,-0.005140599811859321,3.520408317391535e-05,0.1993127158291535,0.4701806519894993
shift_corrected,3,11,0,0,certified_reset,0,1,0.05819821386600982,0.05439805149019253,0.003800162375817289,0.03800162375817289,0.0,0.0,0,0,0.0064746109224667146,0.000508747344868824,0.001158293774297551,0.020252430660466413,0.0064746109224667146,0.000508747344868824,-0.012180680872087242,5.385481148316361e-05,0.1993127158291535,0.4701806519894993
shift_corrected,3,12,0,0,certified_reset,0,1,0.05439805149019253,0.05059788911437524,0.003800162375817289,0.0342014613823556,0.0,0.0,0,0,0.001158293774297551,0.020252430660466413,0.003142127133065077,0.01237638552928472,0.001158293774297551,0.020252430660466413,-0.04534012756594636,0.00026834005479752963,0.1993127158291535,0.4701806519894993
shift_corrected,3,13,0,0,certified_reset,0,1,0.05059788911437524,0.04679772673855795,0.003800162375817289,0.030401299006538315,0.0,0.0,0,0,0.003142127133065077,0.01237638552928472,0.008273656325060226,-0.01115123848625363,0.003142127133065077,0.01237638552928472,-0.03188412283665333,0.0001294944757377397,0.1993127158291535,0.4701806519894993
shift_corrected,3,14,0,0,certified_reset,0,1,0.04679772673855795,0.04299756436274066,0.003800162375817289,0.026601136630721025,0.0,0.0,0,0,0.008273656325060226,-0.01115123848625363,0.008063722390725817,-0.010732014976668149,0.008273656325060226,-0.01115123848625363,0.009693760609447292,0.00010705843850979688,0.1993127158291535,0.4701806519894993
shift_corrected,3,15,0,0,certified_reset,0,1,0.04299756436274066,0.03919740198692337,0.003800162375817289,0.022800974254903735,0.0,0.0,0,0,0.008063722390725817,-0.010732014976668149,0.006180270793644645,-0.009040177933531412,0.008063722390725817,-0.010732014976668149,0.009163199293949868,0.00010053479286360171,0.1993127158291535,0.4701806519894993
shift_corrected,3,16,0,0,certified_reset,0,1,0.03919740198692337,0.03539723961110608,0.003800162375817289,0.019000811879086445,0.0,0.0,0,0,0.006180270793644645,-0.009040177933531412,-0.005605184794055954,-0.0018993760300918903,0.006180270793644645,-0.009040177933531412,0.008762676553698815,6.476971138103351e-05,0.1993127158291535,0.4701806519894993
shift_corrected,3,17,0,0,certified_reset,0,1,0.03539723961110608,0.03159707723528879,0.003800162375817289,0.015200649503269156,0.0,0.0,0,0,-0.005605184794055954,-0.0018993760300918903,-0.008545939712354088,0.008639351053449908,-0.005605184794055954,-0.0018993760300918903,0.013663728975908227,4.725580306360392e-05,0.1993127158291535,0.4701806519894993
shift_corrected,3,18,0,0,certified_reset,0,1,0.03159707723528879,0.0277969148594715,0.003800162375817289,0.011400487127451866,0.0,0.0,0,0,-0.008545939712354088,0.008639351053449908,-0.0056065985442964785,0.019671452697247627,-0.008545939712354088,0.008639351053449908,-0.003845654028434255,9.287580661589018e-05,0.1993127158291535,0.4701806519894993
shift_corrected,3,19,0,0,certified_reset,0,1,0.0277969148594715,0.02399675248365421,0.003800162375817289,0.007600324751634578,0.0,0.0,0,0,-0.0056065985442964785,0.019671452697247627,0.0013089553786971887,0.007614027916693503,-0.0056065985442964785,0.019671452697247627,-0.03250598688311229,0.0002127065947015256,0.1993127158291535,0.4701806519894993
shift_corrected,3,20,0,0,certified_reset,0,1,0.02399675248365421,0.02019659010783692,0.003800162375817289,0.003800162375817289,0.0,0.0,0,0,0.0013089553786971887,0.007614027916693503,0.005238052191789297,-0.0021477187976073346,0.0013089553786971887,0.007614027916693503,-0.018533244825373538,4.36852125630461e-05,0.1993127158291535,0.4701806519894993
shift_corrected,3,21,0,0,certified_reset,0,1,0.02019659010783692,0.01639642773201963,0.003800162375817289,0.0,0.0,0.0,0,0,0.005238052191789297,-0.0021477187976073346,0.0020139912809002784,-0.004355385353321471,0.005238052191789297,-0.0021477187976073346,-0.004383511351326292,3.012757851368415e-05,0.1993127158291535,0.4701806519894993
shift_corrected,4,0,0,0,certified_reset,0,1,0.1,0.09619983762418272,0.003800162375817289,0.07980340989216307,0.0,0.0,0,0,1.3386695697920308,-0.14152711371601434,1.1733916643200588,-1.1297983377706053,1.3386695697920308,-0.14152711371601434,-1.9905806728203763,2.114036611266859,0.1993127158291535,0.4701806519894993
shift_corrected,4,1,0,0,certified_reset,0,1,0.09619983762418272,0.09239967524836543,0.003800162375817289,0.07600324751634578,0.0,0.0,0,0,1.1733916643200588,-1.1297983377706053,0.7986803090169436,-1.1810181707976635,1.1733916643200588,-1.1297983377706053,0.4083536653469056,1.7092992861832834,0.1993127158291535,0.4701806519894993
shift_corrected,4,2,0,0,certified_reset,0,1,0.09239967524836543,0.08859951287254814,0.003800162375817289,0.07220308514052849,0.0,0.0,0,0,0.7986803090169436,-1.1810181707976635,0.4672958986059333,-0.8877586723875374,0.7986803090169436,-1.1810181707976635,1.1600064058621293,1.0942404048812593,0.1993127158291535,0.4701806519894993
shift_corrected,4,3,0,0,certified_reset,0,1,0.08859951287254814,0.08479935049673085,0.003800162375817289,0.0684029227647112,0.0,0.0,0,0,0.4672958986059333,-0.8877586723875374,0.22214738334199605,-0.5815109674017345,0.4672958986059333,-0.8877586723875374,1.0999501726612466,0.5121855525407479,0.1993127158291535,0.4701806519894993
shift_corrected,4,4,0,0,certified_reset,0,1,0.08479935049673085,0.08099918812091356,0.003800162375817289,0.06460276038889391,0.0,0.0,0,0,0.22214738334199605,-0.5815109674017345,0.07019965184985376,-0.2931591395120919,0.22214738334199605,-0.5815109674017345,0.8643279324537894,0.19365323321340838,0.1993127158291535,0.4701806519894993
shift_corrected,4,5,0,0,certified_reset,0,1,0.08099918812091356,0.07719902574509627,0.003800162375817289,0.06080259801307663,0.0,0.0,0,0,0.07019965184985376,-0.2931591395120919,0.0008869958143763114,-0.11059491542343187,0.07019965184985376,-0.2931591395120919,0.5073373057891084,0.04700485273733632,0.1993127158291535,0.4701806519894993
shift_corrected,4,6,0,0,certified_reset,0,1,0.07719902574509627,0.07339886336927898,0.003800162375817289,0.05700243563725934,0.0,0.0,0,0,0.0008869958143763114,-0.11059491542343187,-0.025971330858476804,-0.021181128209805656,0.0008869958143763114,-0.11059491542343187,0.23524511216811173,0.00748581661487273,0.1993127158291535,0.4701806519894993
shift_corrected,4,7,0,0,certified_reset,0,1,0.07339886336927898,0.06959870099346169,0.003800162375817289,0.05320227326144205,0.0,0.0,0,0,-0.025971330858476804,-0.021181128209805656,-0.028515030892119934,0.017383770533193656,-0.025971330858476804,-0.021181128209805656,0.08984144882998896,0.0014323889488502477,0.1993127158291535,0.4701806519894993
shift_corrected,4,8,0,0,certified_reset,0,1,0.06959870099346169,0.0657985386176444,0.003800162375817289,0.04940211088562476,0.0,0.0,0,0,-0.028515030892119934,0.017383770533193656,-0.025192302505564767,0.03035411501634142,-0.028515030892119934,0.017383770533193656,0.011638559177834615,0.0008994923410451137,0.1993127158291535,0.4701806519894993
shift_corrected,4,9,0,0,certified_reset,0,1,0.0657985386176444,0.06199837624182711,0.003800162375817289,0.04560194850980747,0.0,0.0,0,0,-0.025192302505564767,0.03035411501634142,-0.008259968034885462,0.03389524874976798,-0.025192302505564767,0.03035411501634142,-0.021819130696229202,0.0009030811372853363,0.1993127158291535,0.4701806519894993
shift_corrected,4,10,0,0,certified_reset,0,1,0.06199837624182711,0.05819821386600982,0.003800162375817289,0.04180178613399018,0.0,0.0,0,0,-0.008259968034885462,0.03389524874976798,-0.0022909310509062627,0.012669416414927746,-0.008259968034885462,0.03389524874976798,-0.05841447852757958,0.0006284291480214161,0.1993127158291535,0.4701806519894993
shift_corrected,4,11,0,0,certified_reset,0,1,0.05819821386600982,0.05439805149019253,0.003800162375817289,0.03800162375817289,0.0,0.0,0,0,-0.0022909310509062627,0.012669416414927746,-0.0037297226027749823,0.006230591933663575,-0.0022909310509062627,0.012669416414927746,-0.023201263366004865,8.844078289601419e-05,0.1993127158291535,0.4701806519894993
shift_corrected,4,12,0,0,certified_reset,0,1,0.05439805149019253,0.05059788911437524,0.003800162375817289,0.0342014613823556,0.0,0.0,0,0,-0.0037297226027749823,0.006230591933663575,-0.0014141885949651013,-0.0073325990236608515,-0.0037297226027749823,0.006230591933663575,-0.006950183712952693,2.748030394611242e-05,0.1993127158291535,0.4701806519894993
shift_corrected,4,13,0,0,certified_reset,0,1,0.05059788911437524,0.04679772673855795,0.003800162375817289,0.030401299006538315,0.0,0.0,0,0,-0.0014141885949651013,-0.0073325990236608515,-0.0007210678340638437,0.005761071687951624,-0.0014141885949651013,-0.0073325990236608515,0.018115945164797764,4.169667902969414e-05,0.1993127158291535,0.4701806519894993
shift_corrected,4,14,0,0,certified_reset,0,1,0.04679772673855795,0.04299756436274066,0.003800162375817289,0.026601136630721025,0.0,0.0,0,0,-0.0007210678340638437,0.005761071687951624,0.0012082749361556576,0.0057815426993335466,-0.0007210678340638437,0.005761071687951624,-0.01109544363644613,1.86661351289152e-05,0.1993127158291535,0.4701806519894993
shift_corrected,4,15,1,1,certified_reset,0,1,0.04299756436274066,0.03919740198692337,0.003800162375817289,0.022800974254903735,0.0,0.0,0,0,0.0012082749361556576,0.0057815426993335466,0.003086016345696527,-0.0005482217699819323,0.0012082749361556576,0.0057815426993335466,-0.014448908348091177,2.651816351351933e-05,0.21613169776155292,0.5157187008478828
shift_corrected,4,16,1,1,certified_reset,0,1,0.03919740198692337,0.03539723961110608,0.003800162375817289,0.019000811879086445,0.0,0.0,0,0,0.003086016345696527,-0.0005482217699819323,0.022495457410433007,0.011799808346122551,0.003086016345696527,-0.0005482217699819323,-0.004119162117018392,1.0956033386879031e-05,0.21613169776155292,0.5157187008478828
shift_corrected,4,17,1,1,certified_reset,0,1,0.03539723961110608,0.03159707723528879,0.003800162375817289,0.015200649503269156,0.0,0.0,0,0,0.022495457410433007,0.011799808346122551,0.02672739822213433,-0.022899804656654834,0.022495457410433007,0.011799808346122551,-0.06380529937539312,0.0008665437716265944,0.21613169776155292,0.5157187008478828
shift_corrected,4,18,1,1,certified_reset,0,1,0.03159707723528879,0.0277969148594715,0.003800162375817289,0.011400487127451866,0.0,0.0,0,0,0.02672739822213433,-0.022899804656654834,-0.0008361055734117766,-0.0357276131421711,0.02672739822213433,-0.022899804656654834,0.0032321871422217653,0.0008462898417505745,0.21613169776155292,0.5157187008478828
shift_corrected,4,19,1,1,certified_reset,0,1,0.0277969148594715,0.02399675248365421,0.003800162375817289,0.007600324751634578,0.0,0.0,0,0,-0.0008361055734117766,-0.0357276131421711,-0.014968384896227819,-0.005421307534875058,-0.0008361055734117766,-0.0357276131421711,0.07792156558339879,0.000805556288376483,0.21613169776155292,0.5157187008478828
shift_corrected,4,20,1,1,certified_reset,0,1,0.02399675248365421,0.02019659010783692,0.003800162375817289,0.003800162375817289,0.0,0.0,0,0,-0.014968384896227819,-0.005421307534875058,-0.005220956737314398,0.02926430476590092,-0.014968384896227819,-0.005421307534875058,0.03725546609103127,0.0003424377705413428,0.21613169776155292,0.5157187008478828
shift_corrected,4,21,1,1,certified_reset,0,1,0.02019659010783692,0.01639642773201963,0.003800162375817289,0.0,0.0,0.0,0,0,-0.005220956737314398,0.02926430476590092,-0.003662783237335072,0.026891559256599747,-0.005220956737314398,0.02926430476590092,-0.05370699256625415,0.0004721135566517257,0.21613169776155292,0.5157187008478828
shift_corrected,5,0,1,1,certified_reset,0,1,0.1,0.09619983762418272,0.003800162375817289,0.07980340989216307,0.0,0.0,0,0,-0.12844067238150814,0.39538921212876066,-0.03085227399386448,0.15096206841123502,-0.12844067238150814,0.39538921212876066,-0.6264154687003332,0.08697187074292907,0.21613169776155292,0.5157187008478828
shift_corrected,5,1,1,1,certified_reset,0,1,0.09619983762418272,0.09239967524836543,0.003800162375817289,0.07600324751634578,0.0,0.0,0,0,-0.03085227399386448,0.15096206841123502,0.016899086841994607,0.029451497617919726,-0.03085227399386448,0.15096206841123502,-0.2703307864292869,0.012495548062660225,0.21613169776155292,0.5157187008478828
shift_corrected,5,2,1,1,certified_reset,0,1,0.09239967524836543,0.08859951287254814,0.003800162375817289,0.07220308514052849,0.0,0.0,0,0,0.016899086841994607,0.029451497617919726,0.026585122267070084,-0.0029569814707352477,0.016899086841994607,0.029451497617919726,-0.0920056829283137,0.0011796304693662896,0.21613169776155292,0.5157187008478828
shift_corrected,5,3,1,1,certified_reset,0,1,0.08859951287254814,0.08479935049673085,0.003800162375817289,0.0684029227647112,0.0,0.0,0,0,0.026585122267070084,-0.0029569814707352477,0.0069873986750063,-0.03288855827871801,0.026585122267070084,-0.0029569814707352477,-0.03922239483483051,0.0008320263613359807,0.21613169776155292,0.5157187008478828
shift_corrected,5,4,1,1,certified_reset,0,1,0.08479935049673085,0.08099918812091356,0.003800162375817289,0.06460276038889391,0.0,0.0,0,0,0.0069873986750063,-0.03288855827871801,-0.01667225803781782,-0.05288998133736919,0.0069873986750063,-0.03288855827871801,0.05843929934138698,0.0005924501932576162,0.21613169776155292,0.5157187008478828
shift_corrected,5,5,1,1,certified_reset,0,1,0.08099918812091356,0.07719902574509627,0.003800162375817289,0.06080259801307663,0.0,0.0,0,0,-0.01667225803781782,-0.05288998133736919,-0.039565893681585196,0.006351130054632319,-0.01667225803781782,-0.05288998133736919,0.14179057442706458,0.0025856670792549514,0.21613169776155292,0.5157187008478828
shift_corrected,5,6,1,1,certified_reset,0,1,0.07719902574509627,0.07339886336927898,0.003800162375817289,0.05700243563725934,0.0,0.0,0,0,-0.039565893681585196,0.006351130054632319,-0.03053053400026667,0.05745957327660872,-0.039565893681585196,0.006351130054632319,0.05419659138063913,0.0018105257974476143,0.21613169776155292,0.5157187008478828
shift_corrected,5,7,1,1,certified_reset,0,1,0.07339886336927898,0.06959870099346169,0.003800162375817289,0.05320227326144205,0.0,0.0,0,0,-0.03053053400026667,0.05745957327660872,-0.00875904172595562,0.05025324584797273,-0.03053053400026667,0.05745957327660872,-0.07070541394134812,0.0021574545914733218,0.21613169776155292,0.5157187008478828
shift_corrected,5,8,1,1,certified_reset,0,1,0.06959870099346169,0.0657985386176444,0.003800162375817289,0.04940211088562476,0.0,0.0,0,0,-0.00875904172595562,0.05025324584797273,-0.032401986151869615,0.013762026771215448,-0.00875904172595562,0.05025324584797273,-0.09258017283442495,0.0013937550636853881,0.21613169776155292,0.5157187008478828
shift_corrected,5,9,1,1,certified_reset,0,1,0.0657985386176444,0.06199837624182711,0.003800162375817289,0.04560194850980747,0.0,0.0,0,0,-0.032401986151869615,0.013762026771215448,-0.03870003339351029,0.005188205085131958,-0.032401986151869615,0.013762026771215448,0.02605353937650839,0.0011515400049223249,0.21613169776155292,0.5157187008478828
shift_corrected,5,10,1,1,certified_reset,0,1,0.06199837624182711,0.05819821386600982,0.003800162375817289,0.04180178613399018,0.0,0.0,0,0,-0.03870003339351029,0.005188205085131958,-0.034566067677020244,0.03250620351638837,-0.03870003339351029,0.005188205085131958,0.055195828243178376,0.0017481483090961945,0.21613169776155292,0.5157187008478828
shift_corrected,5,11,0,0,certified_reset,0,1,0.05819821386600982,0.05439805149019253,0.003800162375817289,0.03800162375817289,0.0,0.0,0,0,-0.034566067677020244,0.03250620351638837,-0.022473443418158025,0.027113791681916743,-0.034566067677020244,0.03250620351638837,-0.010366407214308445,0.0014675733432971878,0.1993127158291535,0.4701806519894993
shift_corrected,5,12,0,0,certified_reset,0,1,0.05439805149019253,0.05059788911437524,0.003800162375817289,0.0342014613823556,0.0,0.0,0,0,-0.022473443418158025,0.027113791681916743,-0.004861250966823001,0.02716139485891783,-0.022473443418158025,0.027113791681916743,-0.019540893337243678,0.0007193928049051474,0.1993127158291535,0.4701806519894993
shift_corrected,5,13,0,0,certified_reset,0,1,0.05059788911437524,0.04679772673855795,0.003800162375817289,0.030401299006538315,0.0,0.0,0,0,-0.004861250966823001,0.02716139485891783,0.0008548245584633447,-0.0025358794460907663,-0.004861250966823001,0.02716139485891783,-0.04982132318384978,0.00040664024313611817,0.1993127158291535,0.4701806519894993
shift_corrected,5,14,1,1,certified_reset,0,1,0.04679772673855795,0.04299756436274066,0.003800162375817289,0.026601136630721025,0.0,0.0,0,0,0.0008548245584633447,-0.0025358794460907663,0.01997068638999143,0.023458790303705863,0.0008548245584633447,-0.0025358794460907663,0.003962940655288961,3.594788058015823e-06,0.21613169776155292,0.5157187008478828
shift_corrected,5,15,1,1,certified_reset,0,1,0.04299756436274066,0.03919740198692337,0.003800162375817289,0.022800974254903735,0.0,0.0,0,0,0.01997068638999143,0.023458790303705863,0.022617440133094642,-0.03426680277769166,0.01997068638999143,0.023458790303705863,-0.08443917616621183,0.0011068049832459845,0.21613169776155292,0.5157187008478828
shift_corrected,5,16,1,1,certified_reset,0,1,0.03919740198692337,0.03539723961110608,0.003800162375817289,0.019000811879086445,0.0,0.0,0,0,0.022617440133094642,-0.03426680277769166,0.034041256471616516,-0.04122824650238538,0.022617440133094642,-0.03426680277769166,0.03461054093092343,0.0009009332048079145,0.21613169776155292,0.5157187008478828
shift_corrected,5,17,1,1,certified_reset,0,1,0.03539723961110608,0.03159707723528879,0.003800162375817289,0.015200649503269156,0.0,0.0,0,0,0.034041256471616516,-0.04122824650238538,0.022577957523428782,-0.04421028552409879,0.034041256471616516,-0.04122824650238538,0.029943283189342855,0.001655477236234311,0.21613169776155292,0.5157187008478828
shift_corrected,5,18,1,1,certified_reset,0,1,0.03159707723528879,0.0277969148594715,0.003800162375817289,0.011400487127451866,0.0,0.0,0,0,0.022577957523428782,-0.04421028552409879,-0.0037462505875269538,-0.036694747637815335,0.022577957523428782,-0.04421028552409879,0.05596466719984715,0.001248965020443511,0.21613169776155292,0.5157187008478828
shift_corrected,5,19,1,1,certified_reset,0,1,0.0277969148594715,0.02399675248365421,0.003800162375817289,0.007600324751634578,0.0,0.0,0,0,-0.0037462505875269538,-0.036694747637815335,-0.017404479674859814,-0.012751130558497987,-0.0037462505875269538,-0.036694747637815335,0.08497921010473834,0.0009283778115173056,0.21613169776155292,0.5157187008478828
shift_corrected,5,20,1,1,certified_reset,0,1,0.02399675248365421,0.02019659010783692,0.003800162375817289,0.003800162375817289,0.0,0.0,0,0,-0.017404479674859814,-0.012751130558497987,-0.003695722283404118,0.016622189929490078,-0.017404479674859814,-0.012751130558497987,0.057116282690393656,0.0006045453252520906,0.21613169776155292,0.5157187008478828
shift_corrected,5,21,1,1,certified_reset,0,1,0.02019659010783692,0.01639642773201963,0.003800162375817289,0.0,0.0,0.0,0,0,-0.003695722283404118,0.016622189929490078,0.019802899972479977,-0.014598727144121058,-0.003695722283404118,0.016622189929490078,-0.029255318025533602,0.00015120255333106897,0.21613169776155292,0.5157187008478828
shift_corrected,6,0,0,0,certified_reset,0,1,0.1,0.09619983762418272,0.003800162375817289,0.07980340989216307,0.0,0.0,0,0,-0.8278912756305478,0.12659363802976295,-0.7102172203194613,0.7074512342100808,-0.8278912756305478,0.12659363802976295,1.1474240485833471,0.7947370073439702,0.1993127158291535,0.4701806519894993
shift_corrected,6,1,0,0,certified_reset,0,1,0.09619983762418272,0.09239967524836543,0.003800162375817289,0.07600324751634578,0.0,0.0,0,0,-0.7102172203194613,0.7074512342100808,-0.46968561360468786,0.719014045913885,-0.7102172203194613,0.7074512342100808,-0.29773474166679614,0.6366219903462754,0.1993127158291535,0.4701806519894993
shift_corrected,6,2,0,0,certified_reset,0,1,0.09239967524836543,0.08859951287254814,0.003800162375817289,0.07220308514052849,0.0,0.0,0,0,-0.46968561360468786,0.719014045913885,-0.2631528143738215,0.5264649207543911,-0.46968561360468786,0.719014045913885,-0.734590985494629,0.3930197884601733,0.1993127158291535,0.4701806519894993
shift_corrected,6,3,0,0,certified_reset,0,1,0.08859951287254814,0.08479935049673085,0.003800162375817289,0.0684029227647112,0.0,0.0,0,0,-0.2631528143738215,0.5264649207543911,-0.11930331968098273,0.3308497640513306,-0.2631528143738215,0.5264649207543911,-0.6762289659294587,0.17512358105805678,0.1993127158291535,0.4701806519894993
shift_corrected,6,4,0,0,certified_reset,0,1,0.08479935049673085,0.08099918812091356,0.003800162375817289,0.06460276038889391,0.0,0.0,0,0,-0.11930331968098273,0.3308497640513306,-0.03876970230588984,0.16406137156307304,-0.11930331968098273,0.3308497640513306,-0.5039018122702019,0.06191203659284355,0.1993127158291535,0.4701806519894993
shift_corrected,6,5,0,0,certified_reset,0,1,0.08099918812091356,0.07719902574509627,0.003800162375817289,0.06080259801307663,0.0,0.0,0,0,-0.03876970230588984,0.16406137156307304,0.0024868675320038856,0.061977169981885835,-0.03876970230588984,0.16406137156307304,-0.2848137001948471,0.014721630732170917,0.1993127158291535,0.4701806519894993
shift_corrected,6,6,0,0,certified_reset,0,1,0.07719902574509627,0.07339886336927898,0.003800162375817289,0.05700243563725934,0.0,0.0,0,0,0.0024868675320038856,0.061977169981885835,0.02165808085367471,0.005989230423123004,0.0024868675320038856,0.061977169981885835,-0.13694505995435313,0.002466792865534738,0.1993127158291535,0.4701806519894993
shift_corrected,6,7,0,0,certified_reset,0,1,0.07339886336927898,0.06959870099346169,0.003800162375817289,0.05320227326144205,0.0,0.0,0,0,0.02165808085367471,0.005989230423123004,0.0246713760668474,-0.014737675493933533,0.02165808085367471,0.005989230423123004,-0.04993237729837074,0.0006774995707429746,0.1993127158291535,0.4701806519894993
shift_corrected,6,8,0,0,certified_reset,0,1,0.06959870099346169,0.0657985386176444,0.003800162375817289,0.04940211088562476,0.0,0.0,0,0,0.0246713760668474,-0.014737675493933533,0.02134748085948968,-0.031932873985066536,0.0246713760668474,-0.014737675493933533,-0.01072096875452701,0.0006721717004557766,0.1993127158291535,0.4701806519894993
shift_corrected,6,9,0,0,certified_reset,0,1,0.0657985386176444,0.06199837624182711,0.003800162375817289,0.04560194850980747,0.0,0.0,0,0,0.02134748085948968,-0.031932873985066536,0.003968157342688411,-0.030713532169121288,0.02134748085948968,-0.031932873985066536,0.031787249855729144,0.0007914763895540572,0.1993127158291535,0.4701806519894993
shift_corrected,6,10,0,0,certified_reset,0,1,0.06199837624182711,0.05819821386600982,0.003800162375817289,0.04180178613399018,0.0,0.0,0,0,0.003968157342688411,-0.030713532169121288,-0.010570528411514481,-0.017462906638737646,0.003968157342688411,-0.030713532169121288,0.0589561060769208,0.000529642332772495,0.1993127158291535,0.4701806519894993
shift_corrected,6,11,0,0,certified_reset,0,1,0.05819821386600982,0.05439805149019253,0.003800162375817289,0.03800162375817289,0.0,0.0,0,0,-0.010570528411514481,-0.017462906638737646,-0.010248999608338083,-0.0033855864317884517,-0.010570528411514481,-0.017462906638737646,0.05549093025253945,0.00043431381519032754,0.1993127158291535,0.4701806519894993
shift_corrected,6,12,0,0,certified_reset,0,1,0.05439805149019253,0.05059788911437524,0.003800162375817289,0.0342014613823556,0.0,0.0,0,0,-0.010248999608338083,-0.0033855864317884517,-0.0035510344427536963,0.021369413627677854,-0.010248999608338083,-0.0033855864317884517,0.024810789861680737,0.0001571535653283301,0.1993127158291535,0.4701806519894993
shift_corrected,6,13,0,0,certified_reset,0,1,0.05059788911437524,0.04679772673855795,0.003800162375817289,0.030401299006538315,0.0,0.0,0,0,-0.0035510344427536963,0.021369413627677854,0.011285586959362506,0.018904119139861668,-0.0035510344427536963,0.021369413627677854,-0.039665856786276675,0.00025264322087847197,0.1993127158291535,0.4701806519894993
shift_corrected,6,14,0,0,certified_reset,0,1,0.04679772673855795,0.04299756436274066,0.003800162375817289,0.026601136630721025,0.0,0.0,0,0,0.011285586959362506,0.018904119139861668,0.011402861923607203,-0.0012603691901216943,0.011285586959362506,0.018904119139861668,-0.05980462030214722,0.0005028333118895741,0.1993127158291535,0.4701806519894993
shift_corrected,6,15,0,0,certified_reset,0,1,0.04299756436274066,0.03919740198692337,0.003800162375817289,0.022800974254903735,0.0,0.0,0,0,0.011402861923607203,-0.0012603691901216943,0.009735502108447256,-0.012351967462064274,0.011402861923607203,-0.0012603691901216943,-0.016842345903336123,0.00015311556191491282,0.1993127158291535,0.4701806519894993
shift_corrected,6,16,0,0,certified_reset,0,1,0.03919740198692337,0.03539723961110608,0.003800162375817289,0.019000811879086445,0.0,0.0,0,0,0.009735502108447256,-0.012351967462064274,0.003917952477148797,-0.0025403461950001555,0.009735502108447256,-0.012351967462064274,0.009762323983769278,0.00014054701391468075,0.1993127158291535,0.4701806519894993
shift_corrected,6,17,0,0,certified_reset,0,1,0.03539723961110608,0.03159707723528879,0.003800162375817289,0.015200649503269156,0.0,0.0,0,0,0.003917952477148797,-0.0025403461950001555,0.0007814842674923211,0.0020782601617170505,0.003917952477148797,-0.0025403461950001555,-0.0012869489789162458,1.709619032475602e-05,0.1993127158291535,0.4701806519894993
shift_corrected,6,18,1,1,certified_reset,0,1,0.03159707723528879,0.0277969148594715,0.003800162375817289,0.011400487127451866,0.0,0.0,0,0,0.0007814842674923211,0.0020782601617170505,-0.01622430340536235,-0.048681295274834946,0.0007814842674923211,0.0020782601617170505,-0.005792074424874846,4.374359076746197e-06,0.21613169776155292,0.5157187008478828
shift_corrected,6,19,0,0,certified_reset,0,1,0.0277969148594715,0.02399675248365421,0.003800162375817289,0.007600324751634578,0.0,0.0,0,0,-0.01622430340536235,-0.048681295274834946,-0.01702898205862497,0.01134537232250131,-0.01622430340536235,-0.048681295274834946,0.13201874821790385,0.0022500111388799524,0.1993127158291535,0.4701806519894993
shift_corrected,6,20,0,0,certified_reset,0,1,0.02399675248365421,0.02019659010783692,0.003800162375817289,0.003800162375817289,0.0,0.0,0,0,-0.01702898205862497,0.01134537232250131,-0.007086279901715871,0.019254240323656878,-0.01702898205862497,0.01134537232250131,0.004886212310593316,0.00032407560389655137,0.1993127158291535,0.4701806519894993
shift_corrected,6,21,0,0,certified_reset,0,1,0.02019659010783692,0.01639642773201963,0.003800162375817289,0.0,0.0,0.0,0,0,-0.007086279901715871,0.019254240323656878,0.003104300849153345,0.0058153484800999005,-0.007086279901715871,0.019254240323656878,-0.029078865105388377,0.00021054323712113582,0.1993127158291535,0.4701806519894993
shift_corrected,7,0,0,0,certified_reset,0,1,0.1,0.09619983762418272,0.003800162375817289,0.07980340989216307,0.0,0.0,0,0,-1.300127432213366,-0.43911688015317596,-1.2575488542184343,0.9964376827093024,-1.300127432213366,-0.43911688015317596,3.1676267214997362,2.5412459723433187,0.1993127158291535,0.4701806519894993
shift_corrected,7,1,0,0,certified_reset,0,1,0.09619983762418272,0.09239967524836543,0.003800162375817289,0.07600324751634578,0.0,0.0,0,0,-1.2575488542184343,0.9964376827093024,-0.914568993547079,1.228338981256672,-1.2575488542184343,0.9964376827093024,0.021347758341661176,1.8296875927697651,0.1993127158291535,0.4701806519894993
shift_corrected,7,2,0,0,certified_reset,0,1,0.09239967524836543,0.08859951287254814,0.003800162375817289,0.07220308514052849,0.0,0.0,0,0,-0.914568993547079,1.228338981256672,-0.5527960487191583,0.9895599741651337,-0.914568993547079,1.228338981256672,-1.0627617632813726,1.3039976124158215,0.1993127158291535,0.4701806519894993
shift_corrected,7,3,0,0,certified_reset,0,1,0.08859951287254814,0.08479935049673085,0.003800162375817289,0.0684029227647112,0.0,0.0,0,0,-0.5527960487191583,0.9895599741651337,-0.2765046061478406,0.6499242789946224,-0.5527960487191583,0.9895599741651337,-1.1714034764170278,0.660165595461891,0.1993127158291535,0.4701806519894993
shift_corrected,7,4,0,0,certified_reset,0,1,0.08479935049673085,0.08099918812091356,0.003800162375817289,0.06460276038889391,0.0,0.0,0,0,-0.2765046061478406,0.6499242789946224,-0.1079766020906252,0.35283842505883284,-0.2765046061478406,0.6499242789946224,-0.917659499806898,0.2494231059345101,0.1993127158291535,0.4701806519894993
shift_corrected,7,5,0,0,certified_reset,0,1,0.08099918812091356,0.07719902574509627,0.003800162375817289,0.06080259801307663,0.0,0.0,0,0,-0.1079766020906252,0.35283842505883284,-0.02174890859633657,0.18489590995486038,-0.1079766020906252,0.35283842505883284,-0.5703787395219841,0.0688092376684316,0.1993127158291535,0.4701806519894993
shift_corrected,7,6,0,0,certified_reset,0,1,0.07719902574509627,0.07339886336927898,0.003800162375817289,0.05700243563725934,0.0,0.0,0,0,-0.02174890859633657,0.18489590995486038,0.03233944094023112,0.05306635185705485,-0.02174890859633657,0.18489590995486038,-0.3585742818161379,0.019305680651037486,0.1993127158291535,0.4701806519894993
shift_corrected,7,7,0,0,certified_reset,0,1,0.07339886336927898,0.06959870099346169,0.003800162375817289,0.05320227326144205,0.0,0.0,0,0,0.03233944094023112,0.05306635185705485,0.029405755643879886,-0.03578358458834709,0.03233944094023112,0.05306635185705485,-0.16901918863080323,0.004035247755214087,0.1993127158291535,0.4701806519894993
shift_corrected,7,8,0,0,certified_reset,0,1,0.06959870099346169,0.0657985386176444,0.003800162375817289,0.04940211088562476,0.0,0.0,0,0,0.029405755643879886,-0.03578358458834709,0.010866417410741135,-0.025064292226803973,0.029405755643879886,-0.03578358458834709,0.02622752528524508,0.0012398453430924753,0.1993127158291535,0.4701806519894993
shift_corrected,7,9,0,0,certified_reset,0,1,0.0657985386176444,0.06199837624182711,0.003800162375817289,0.04560194850980747,0.0,0.0,0,0,0.010866417410741135,-0.025064292226803973,0.004585400705686937,-0.013818614882271601,0.010866417410741135,-0.025064292226803973,0.035042237988013654,0.00037337038900880156,0.1993127158291535,0.4701806519894993
shift_corrected,7,10,0,0,certified_reset,0,1,0.06199837624182711,0.05819821386600982,0.003800162375817289,0.04180178613399018,0.0,0.0,0,0,0.004585400705686937,-0.013818614882271601,0.0032549974178186928,-0.004710280782404191,0.004585400705686937,-0.013818614882271601,0.021722765463764275,0.0001065147120993456,0.1993127158291535,0.4701806519894993
shift_corrected,7,11,0,0,certified_reset,0,1,0.05819821386600982,0.05439805149019253,0.003800162375817289,0.03800162375817289,0.0,0.0,0,0,0.0032549974178186928,-0.004710280782404191,0.0001844998400744285,-0.011468185921028178,0.0032549974178186928,-0.004710280782404191,0.004511022443123663,1.7769640330867145e-05,0.1993127158291535,0.4701806519894993
shift_corrected,7,12,0,0,certified_reset,0,1,0.05439805149019253,0.05059788911437524,0.003800162375817289,0.0342014613823556,0.0,0.0,0,0,0.0001844998400744285,-0.011468185921028178,0.012298620553911753,0.0035948535685503304,0.0001844998400744285,-0.011468185921028178,0.024230834267940322,7.988452861643601e-05,0.1993127158291535,0.4701806519894993
shift_corrected,7,13,0,0,certified_reset,0,1,0.05059788911437524,0.04679772673855795,0.003800162375817289,0.030401299006538315,0.0,0.0,0,0,0.012298620553911753,0.0035948535685503304,0.013970621606358358,0.004008768545247543,0.012298620553911753,0.0035948535685503304,-0.028768602484310343,0.00022069740968595178,0.1993127158291535,0.4701806519894993
shift_corrected,7,14,0,0,certified_reset,0,1,0.04679772673855795,0.04299756436274066,0.003800162375817289,0.026601136630721025,0.0,0.0,0,0,0.013970621606358358,0.004008768545247543,0.012523353764619142,-0.01701019907445106,0.013970621606358358,0.004008768545247543,-0.03251647893414191,0.0002837815365623481,0.1993127158291535,0.4701806519894993
shift_corrected,7,15,0,0,certified_reset,0,1,0.04299756436274066,0.03919740198692337,0.003800162375817289,0.022800974254903735,0.0,0.0,0,0,0.012523353764619142,-0.01701019907445106,0.015383283067777621,-0.005563389198287333,0.012523353764619142,-0.01701019907445106,0.014956114629624144,0.00024706593683707095,0.1993127158291535,0.4701806519894993
shift_corrected,7,16,0,0,certified_reset,0,1,0.03919740198692337,0.03539723961110608,0.003800162375817289,0.019000811879086445,0.0,0.0,0,0,0.015383283067777621,-0.005563389198287333,0.010040189340077828,-0.01732858615130732,0.015383283067777621,-0.005563389198287333,-0.014443661043529054,0.00026107277033350743,0.1993127158291535,0.4701806519894993
shift_corrected,7,17,0,0,certified_reset,0,1,0.03539723961110608,0.03159707723528879,0.003800162375817289,0.015200649503269156,0.0,0.0,0,0,0.010040189340077828,-0.01732858615130732,0.008012494100493393,-0.007533408003821513,0.010040189340077828,-0.01732858615130732,0.01989348668308269,0.0002075354414782315,0.1993127158291535,0.4701806519894993
shift_corrected,7,18,0,0,certified_reset,0,1,0.03159707723528879,0.0277969148594715,0.003800162375817289,0.011400487127451866,0.0,0.0,0,0,0.008012494100493393,-0.007533408003821513,-0.001592266043754698,0.0041255503922620635,0.008012494100493393,-0.007533408003821513,0.002403774566548433,7.885037132179474e-05,0.1993127158291535,0.4701806519894993
shift_corrected,7,19,0,0,certified_reset,0,1,0.0277969148594715,0.02399675248365421,0.003800162375817289,0.007600324751634578,0.0,0.0,0,0,-0.001592266043754698,0.0041255503922620635,-0.00713843805306124,-0.006260105832232412,-0.001592266043754698,0.0041255503922620635,-0.00610372457582755,9.770788959672551e-06,0.1993127158291535,0.4701806519894993
shift_corrected,7,20,0,0,certified_reset,0,1,0.02399675248365421,0.02019659010783692,0.003800162375817289,0.003800162375817289,0.0,0.0,0,0,-0.00713843805306124,-0.006260105832232412,-0.013176510381059464,0.005197968948588046,-0.00713843805306124,-0.006260105832232412,0.025630012543324202,0.00011330633253275679,0.1993127158291535,0.4701806519894993
shift_corrected,7,21,0,0,certified_reset,0,1,0.02019659010783692,0.01639642773201963,0.003800162375817289,0.0,0.0,0.0,0,0,-0.013176510381059464,0.005197968948588046,-0.005022869557745509,0.011156777401343413,-0.013176510381059464,0.005197968948588046,0.011450651498231875,0.000190864539698506,0.1993127158291535,0.4701806519894993
shift_corrected,8,0,0,0,certified_reset,0,1,0.1,0.09619983762418272,0.003800162375817289,0.07980340989216307,0.0,0.0,0,0,1.9778446819407738,-0.13633462910510374,1.744870651640841,-1.6718800104563496,1.9778446819407738,-0.13633462910510374,-3.0968085028652483,4.683734200928187,0.1993127158291535,0.4701806519894993
shift_corrected,8,1,0,0,certified_reset,0,1,0.09619983762418272,0.09239967524836543,0.003800162375817289,0.07600324751634578,0.0,0.0,0,0,1.744870651640841,-1.6718800104563496,1.1957115864919359,-1.7594292851991444,1.744870651640841,-1.6718800104563496,0.5897475111873284,3.7711934534545457,0.1993127158291535,0.4701806519894993
shift_corrected,8,2,0,0,certified_reset,0,1,0.09239967524836543,0.08859951287254814,0.003800162375817289,0.07220308514052849,0.0,0.0,0,0,1.1957115864919359,-1.7594292851991444,0.6902219996568248,-1.3101638750049716,1.1957115864919359,-1.7594292851991444,1.7180701105603107,2.4397652428592127,0.1993127158291535,0.4701806519894993
shift_corrected,8,3,0,0,certified_reset,0,1,0.08859951287254814,0.08479935049673085,0.003800162375817289,0.0684029227647112,0.0,0.0,0,0,0.6902219996568248,-1.3101638750049716,0.3308736722926668,-0.8147227644539872,0.6902219996568248,-1.3101638750049716,1.6223209267105814,1.116092768791723,0.1993127158291535,0.4701806519894993
shift_corrected,8,4,0,0,certified_reset,0,1,0.08479935049673085,0.08099918812091356,0.003800162375817289,0.06460276038889391,0.0,0.0,0,0,0.3308736722926668,-0.8147227644539872,0.11359592456508735,-0.44139917793584094,0.3308736722926668,-0.8147227644539872,1.1773189161556499,0.38630706917335494,0.1993127158291535,0.4701806519894993
shift_corrected,8,5,0,0,certified_reset,0,1,0.08099918812091356,0.07719902574509627,0.003800162375817289,0.06080259801307663,0.0,0.0,0,0,0.11359592456508735,-0.44139917793584094,0.009173383210590993,-0.18766209188541674,0.11359592456508735,-0.44139917793584094,0.7503458299011174,0.10665385180440579,0.1993127158291535,0.4701806519894993
shift_corrected,8,6,0,0,certified_reset,0,1,0.07719902574509627,0.07339886336927898,0.003800162375817289,0.05700243563725934,0.0,0.0,0,0,0.009173383210590993,-0.18766209188541674,-0.03718602793216749,-0.04000810013511337,0.009173383210590993,-0.18766209188541674,0.38604074910433595,0.02081061293975395,0.1993127158291535,0.4701806519894993
shift_corrected,8,7,0,0,certified_reset,0,1,0.07339886336927898,0.06959870099346169,0.003800162375817289,0.05320227326144205,0.0,0.0,0,0,-0.03718602793216749,-0.04000810013511337,-0.04348326388557314,0.022799111358595255,-0.03718602793216749,-0.04000810013511337,0.14936167781581433,0.003567675556473665,0.1993127158291535,0.4701806519894993
shift_corrected,8,8,0,0,certified_reset,0,1,0.06959870099346169,0.0657985386176444,0.003800162375817289,0.04940211088562476,0.0,0.0,0,0,-0.04348326388557314,0.022799111358595255,-0.0337562035160227,0.035754058890431956,-0.04348326388557314,0.022799111358595255,0.02569013139372816,0.0020735427359099574,0.1993127158291535,0.4701806519894993
shift_corrected,8,9,0,0,certified_reset,0,1,0.0657985386176444,0.06199837624182711,0.003800162375817289,0.04560194850980747,0.0,0.0,0,0,-0.0337562035160227,0.035754058890431956,-0.016093301896660445,0.04189683379467935,-0.0337562035160227,0.035754058890431956,-0.018710360900785955,0.0014870756660032753,0.1993127158291535,0.4701806519894993
shift_corrected,8,10,0,0,certified_reset,0,1,0.06199837624182711,0.05819821386600982,0.003800162375817289,0.04180178613399018,0.0,0.0,0,0,-0.016093301896660445,0.04189683379467935,-0.012750283581816527,0.013909929336667898,-0.016093301896660445,0.04189683379467935,-0.0621238796571978,0.0010065806503347608,0.1993127158291535,0.4701806519894993
shift_corrected,8,11,0,0,certified_reset,0,1,0.05819821386600982,0.05439805149019253,0.003800162375817289,0.03800162375817289,0.0,0.0,0,0,-0.012750283581816527,0.013909929336667898,-0.010563586126924176,0.011427927809875888,-0.012750283581816527,0.013909929336667898,-0.007934521496408197,0.00021597779546467073,0.1993127158291535,0.4701806519894993
shift_corrected,8,12,0,0,certified_reset,0,1,0.05439805149019253,0.05059788911437524,0.003800162375817289,0.0342014613823556,0.0,0.0,0,0,-0.010563586126924176,0.011427927809875888,-0.007238997346292945,0.009386558836877255,-0.010563586126924176,0.011427927809875888,-0.006362232958548931,0.00014747697602538628,0.1993127158291535,0.4701806519894993
shift_corrected,8,13,0,0,certified_reset,0,1,0.05059788911437524,0.04679772673855795,0.003800162375817289,0.030401299006538315,0.0,0.0,0,0,-0.007238997346292945,0.009386558836877255,0.004110709898921803,0.003819349590749769,-0.007238997346292945,0.009386558836877255,-0.007685638879570713,7.915547787814944e-05,0.1993127158291535,0.4701806519894993
shift_corrected,8,14,0,0,certified_reset,0,1,0.04679772673855795,0.04299756436274066,0.003800162375817289,0.026601136630721025,0.0,0.0,0,0,0.004110709898921803,0.003819349590749769,-0.0026608165173687996,-0.002599787537892691,0.004110709898921803,0.003819349590749769,-0.015214799580464995,3.9064003799081225e-05,0.1993127158291535,0.4701806519894993
shift_corrected,8,15,0,0,certified_reset,0,1,0.04299756436274066,0.03919740198692337,0.003800162375817289,0.022800974254903735,0.0,0.0,0,0,-0.0026608165173687996,-0.002599787537892691,-0.008229047479398094,-0.006161949504315733,-0.0026608165173687996,-0.002599787537892691,0.010121171490538828,1.696471733691984e-05,0.1993127158291535,0.4701806519894993
shift_corrected,8,16,0,0,certified_reset,0,1,0.03919740198692337,0.03539723961110608,0.003800162375817289,0.019000811879086445,0.0,0.0,0,0,-0.008229047479398094,-0.006161949504315733,-0.008165930787314328,0.0012779775124181388,-0.008229047479398094,-0.006161949504315733,0.027289077065737636,0.00013678512600960376,0.1993127158291535,0.4701806519894993
shift_corrected,8,17,0,0,certified_reset,0,1,0.03539723961110608,0.03159707723528879,0.003800162375817289,0.015200649503269156,0.0,0.0,0,0,-0.008165930787314328,0.0012779775124181388,-0.014215756480909395,0.0025704821289569135,-0.008165930787314328,0.0012779775124181388,0.011262245931956625,7.723778692831951e-05,0.1993127158291535,0.4701806519894993
shift_corrected,8,18,0,0,certified_reset,0,1,0.03159707723528879,0.0277969148594715,0.003800162375817289,0.011400487127451866,0.0,0.0,0,0,-0.014215756480909395,0.0025704821289569135,-0.012879655743335076,0.00645124825476162,-0.014215756480909395,0.0025704821289569135,0.01885052327531233,0.00023216695513858656,0.1993127158291535,0.4701806519894993
shift_corrected,8,19,0,0,certified_reset,0,1,0.0277969148594715,0.02399675248365421,0.003800162375817289,0.007600324751634578,0.0,0.0,0,0,-0.012879655743335076,0.00645124825476162,-0.010614025794281461,0.008605760771928334,-0.012879655743335076,0.00645124825476162,0.008258170716243775,0.00018174597376425554,0.1993127158291535,0.4701806519894993
shift_corrected,8,20,0,0,certified_reset,0,1,0.02399675248365421,0.02019659010783692,0.003800162375817289,0.003800162375817289,0.0,0.0,0,0,-0.010614025794281461,0.008605760771928334,0.0016881735385760946,0.005206080497519916,-0.010614025794281461,0.008605760771928334,-0.00023315886099462574,0.00013117667222194417,0.1993127158291535,0.4701806519894993
shift_corrected,8,21,0,0,certified_reset,0,1,0.02019659010783692,0.01639642773201963,0.003800162375817289,0.0,0.0,0.0,0,0,0.0016881735385760946,0.005206080497519916,0.0026975570299513146,-0.0020575733544076326,0.0016881735385760946,0.005206080497519916,-0.014033030124721638,2.5379823191520438e-05,0.1993127158291535,0.4701806519894993
shift_corrected,9,0,0,0,certified_reset,0,1,0.1,0.09619983762418272,0.003800162375817289,0.07980340989216307,0.0,0.0,0,0,-2.331367564994095,0.011701499304664909,-2.0957088594706206,1.9310658723026024,-2.331367564994095,0.011701499304664909,3.96932722408964,6.695753643329923,0.1993127158291535,0.4701806519894993
shift_corrected,9,1,1,1,certified_reset,0,1,0.09619983762418272,0.09239967524836543,0.003800162375817289,0.07600324751634578,0.0,0.0,0,0,-2.0957088594706206,1.9310658723026024,-1.4398886675322318,2.083672578394316,-2.0957088594706206,1.9310658723026024,-0.5435391398908315,5.347884258184063,0.21613169776155292,0.5157187008478828
shift_corrected,9,2,1,1,certified_reset,0,1,0.09239967524836543,0.08859951287254814,0.003800162375817289,0.07220308514052849,0.0,0.0,0,0,-1.4398886675322318,2.083672578394316,-0.8390512407563089,1.5724762090324753,-1.4398886675322318,2.083672578394316,-1.9938774566403412,3.4767460133437345,0.21613169776155292,0.5157187008478828
shift_corrected,9,3,1,1,certified_reset,0,1,0.08859951287254814,0.08479935049673085,0.003800162375817289,0.0684029227647112,0.0,0.0,0,0,-0.8390512407563089,1.5724762090324753,-0.4051268906633972,1.0225672381944357,-0.8390512407563089,1.5724762090324753,-1.92890273860546,1.619830603607959,0.21613169776155292,0.5157187008478828
shift_corrected,9,4,1,1,certified_reset,0,1,0.08479935049673085,0.08099918812091356,0.003800162375817289,0.06460276038889391,0.0,0.0,0,0,-0.4051268906633972,1.0225672381944357,-0.13189789224433263,0.5489585644604463,-0.4051268906633972,1.0225672381944357,-1.4950691028930991,0.6043572664897873,0.21613169776155292,0.5157187008478828
shift_corrected,9,5,1,1,certified_reset,0,1,0.08099918812091356,0.07719902574509627,0.003800162375817289,0.06080259801307663,0.0,0.0,0,0,-0.13189789224433263,0.5489585644604463,0.005524790444111284,0.2203810188072629,-0.13189789224433263,0.5489585644604463,-0.9492580855589112,0.1648232033920336,0.21613169776155292,0.5157187008478828
shift_corrected,9,6,1,1,certified_reset,0,1,0.07719902574509627,0.07339886336927898,0.003800162375817289,0.05700243563725934,0.0,0.0,0,0,0.005524790444111284,0.2203810188072629,0.06926330818920026,0.045895314756643275,0.005524790444111284,0.2203810188072629,-0.4812691023901476,0.030702067585316607,0.21613169776155292,0.5157187008478828
shift_corrected,9,7,1,1,certified_reset,0,1,0.07339886336927898,0.06959870099346169,0.003800162375817289,0.05320227326144205,0.0,0.0,0,0,0.06926330818920026,0.045895314756643275,0.07907027865383448,-0.06059454724723568,0.06926330818920026,0.045895314756643275,-0.21692567060268822,0.009088540565779055,0.21613169776155292,0.5157187008478828
shift_corrected,9,8,1,1,certified_reset,0,1,0.06959870099346169,0.0657985386176444,0.003800162375817289,0.04940211088562476,0.0,0.0,0,0,0.07907027865383448,-0.06059454724723568,0.06082712378275397,-0.07198458719100986,0.07907027865383448,-0.06059454724723568,-0.00574701851122219,0.0071726760131608685,0.21613169776155292,0.5157187008478828
shift_corrected,9,9,1,1,certified_reset,0,1,0.0657985386176444,0.06199837624182711,0.003800162375817289,0.04560194850980747,0.0,0.0,0,0,0.06082712378275397,-0.07198458719100986,0.016053531098859947,-0.059951117922519226,0.06082712378275397,-0.07198458719100986,0.04989456050427848,0.005194541559380707,0.21613169776155292,0.5157187008478828
shift_corrected,9,10,0,0,certified_reset,0,1,0.06199837624182711,0.05819821386600982,0.003800162375817289,0.04180178613399018,0.0,0.0,0,0,0.016053531098859947,-0.059951117922519226,-0.004942701058970323,-0.030298735311067505,0.016053531098859947,-0.059951117922519226,0.1008421530741901,0.0019697811827130863,0.1993127158291535,0.4701806519894993
shift_corrected,9,11,0,0,certified_reset,0,1,0.05819821386600982,0.05439805149019253,0.003800162375817289,0.03800162375817289,0.0,0.0,0,0,-0.004942701058970323,-0.030298735311067505,-0.011185375228977997,-0.0008973872558027486,-0.004942701058970323,-0.030298735311067505,0.07333495874161357,0.0006841749280116117,0.1993127158291535,0.4701806519894993
shift_corrected,9,12,0,0,certified_reset,0,1,0.05439805149019253,0.05059788911437524,0.003800162375817289,0.0342014613823556,0.0,0.0,0,0,-0.011185375228977997,-0.0008973872558027486,-0.008358449416142569,0.002653312243931248,-0.011185375228977997,-0.0008973872558027486,0.021087820800099355,0.00016088963987252213,0.1993127158291535,0.4701806519894993
shift_corrected,9,13,0,0,certified_reset,0,1,0.05059788911437524,0.04679772673855795,0.003800162375817289,0.030401299006538315,0.0,0.0,0,0,-0.008358449416142569,0.002653312243931248,-0.0023051093729120255,0.01252056762670591,-0.008358449416142569,0.002653312243931248,0.008644544096910322,7.76019445196371e-05,0.1993127158291535,0.4701806519894993
shift_corrected,9,14,0,0,certified_reset,0,1,0.04679772673855795,0.04299756436274066,0.003800162375817289,0.026601136630721025,0.0,0.0,0,0,-0.0023051093729120255,0.01252056762670591,0.003520557751092844,-0.01474011573064146,-0.0023051093729120255,0.01252056762670591,-0.022852974165201486,8.628535690044521e-05,0.1993127158291535,0.4701806519894993
shift_corrected,9,15,0,0,certified_reset,0,1,0.04299756436274066,0.03919740198692337,0.003800162375817289,0.022800974254903735,0.0,0.0,0,0,0.003520557751092844,-0.01474011573064146,-0.0009076439728245701,-0.015151538528669567,0.003520557751092844,-0.01474011573064146,0.025519997436044134,0.00011881370134781179,0.1993127158291535,0.4701806519894993
shift_corrected,9,16,0,0,certified_reset,0,1,0.03919740198692337,0.03539723961110608,0.003800162375817289,0.019000811879086445,0.0,0.0,0,0,-0.0009076439728245701,-0.015151538528669567,-0.002682208496808056,0.0003281886609354063,-0.0009076439728245701,-0.015151538528669567,0.03398749093258879,0.0001506280607192688,0.1993127158291535,0.4701806519894993
shift_corrected,9,17,0,0,certified_reset,0,1,0.03539723961110608,0.03159707723528879,0.003800162375817289,0.015200649503269156,0.0,0.0,0,0,-0.002682208496808056,0.0003281886609354063,-0.002924548954452004,0.004980065882618609,-0.002682208496808056,0.0003281886609354063,0.003900264672770513,8.438134531053909e-06,0.1993127158291535,0.4701806519894993
shift_corrected,9,18,0,0,certified_reset,0,1,0.03159707723528879,0.0277969148594715,0.003800162375817289,0.011400487127451866,0.0,0.0,0,0,-0.002924548954452004,0.004980065882618609,-0.008558909214115736,0.001675183069657094,-0.002924548954452004,0.004980065882618609,-0.005647713996787318,1.7304984506952364e-05,0.1993127158291535,0.4701806519894993
shift_corrected,9,19,0,0,certified_reset,0,1,0.0277969148594715,0.02399675248365421,0.003800162375817289,0.007600324751634578,0.0,0.0,0,0,-0.008558909214115736,0.001675183069657094,-0.008963183770681758,0.00878331306862362,-0.008558909214115736,0.001675183069657094,0.011076108711879324,8.377090125048119e-05,0.1993127158291535,0.4701806519894993
shift_corrected,9,20,0,0,certified_reset,0,1,0.02399675248365421,0.02019659010783692,0.003800162375817289,0.003800162375817289,0.0,0.0,0,0,-0.008963183770681758,0.00878331306862362,-0.0019503769092364233,0.021343938969701815,-0.008963183770681758,0.00878331306862362,-0.0034422164126075043,0.00010057321872887442,0.1993127158291535,0.4701806519894993
shift_corrected,9,21,0,0,certified_reset,0,1,0.02019659010783692,0.01639642773201963,0.003800162375817289,0.0,0.0,0.0,0,0,-0.0019503769092364233,0.021343938969701815,0.007560165400102008,-0.006431395201601799,-0.0019503769092364233,0.021343938969701815,-0.042352482901914346,0.0002611935274102273,0.1993127158291535,0.4701806519894993
shift_corrected,10,0,1,1,certified_reset,0,1,0.1,0.09619983762418272,0.003800162375817289,0.07980340989216307,0.0,0.0,0,0,1.6165191923626574,-0.10928981412682028,1.4328217429075656,-1.3531569704820703,1.6165191923626574,-0.10928981412682028,-2.5356408339735848,3.1304783202579274,0.21613169776155292,0.5157187008478828
shift_corrected,10,1,1,1,certified_reset,0,1,0.09619983762418272,0.09239967524836543,0.003800162375817289,0.07600324751634578,0.0,0.0,0,0,1.4328217429075656,-1.3531569704820703,0.9853952864810328,-1.4608219412243324,1.4328217429075656,-1.3531569704820703,0.4420457753150655,2.5263689510376395,0.21613169776155292,0.5157187008478828
shift_corrected,10,2,1,1,certified_reset,0,1,0.09239967524836543,0.08859951287254814,0.003800162375817289,0.07220308514052849,0.0,0.0,0,0,0.9853952864810328,-1.4608219412243324,0.5418052493724757,-1.0635826785018518,0.9853952864810328,-1.4608219412243324,1.4391274837825965,1.6701910897759178,0.21613169776155292,0.5157187008478828
shift_corrected,10,3,1,1,certified_reset,0,1,0.08859951287254814,0.08479935049673085,0.003800162375817289,0.0684029227647112,0.0,0.0,0,0,0.5418052493724757,-1.0635826785018518,0.2239381349344419,-0.662509354234023,0.5418052493724757,-1.0635826785018518,1.3487088109354284,0.7218761932854525,0.21613169776155292,0.5157187008478828
shift_corrected,10,4,1,1,certified_reset,0,1,0.08479935049673085,0.08099918812091356,0.003800162375817289,0.06460276038889391,0.0,0.0,0,0,0.2239381349344419,-0.662509354234023,0.03631766912217566,-0.29082175070279864,0.2239381349344419,-0.662509354234023,1.0346618825630147,0.2455199662881192,0.21613169776155292,0.5157187008478828
shift_corrected,10,5,0,0,certified_reset,0,1,0.08099918812091356,0.07719902574509627,0.003800162375817289,0.06080259801307663,0.0,0.0,0,0,0.03631766912217566,-0.29082175070279864,-0.03348296592301579,-0.07904136202287133,0.03631766912217566,-0.29082175070279864,0.560382470100702,0.04758557678462116,0.1993127158291535,0.4701806519894993
shift_corrected,10,6,0,0,certified_reset,0,1,0.07719902574509627,0.07339886336927898,0.003800162375817289,0.05700243563725934,0.0,0.0,0,0,-0.03348296592301579,-0.07904136202287133,-0.042998476073938065,-0.0007007866175180663,-0.03348296592301579,-0.07904136202287133,0.22658576321682045,0.006790281882013411,0.1993127158291535,0.4701806519894993
shift_corrected,10,7,0,0,certified_reset,0,1,0.07339886336927898,0.06959870099346169,0.003800162375817289,0.05320227326144205,0.0,0.0,0,0,-0.042998476073938065,-0.0007007866175180663,-0.04434895617262517,0.029029353704165123,-0.042998476073938065,-0.0007007866175180663,0.07517014517163993,0.002301035778161881,0.1993127158291535,0.4701806519894993
shift_corrected,10,8,0,0,certified_reset,0,1,0.06959870099346169,0.0657985386176444,0.003800162375817289,0.04940211088562476,0.0,0.0,0,0,-0.04434895617262517,0.029029353704165123,-0.0358295920651188,0.036032413647945384,-0.04434895617262517,0.029029353704165123,0.01383659724381086,0.002192821871584804,0.1993127158291535,0.4701806519894993
shift_corrected,10,9,1,1,certified_reset,0,1,0.0657985386176444,0.06199837624182711,0.003800162375817289,0.04560194850980747,0.0,0.0,0,0,-0.0358295920651188,0.036032413647945384,-0.02395845834670847,-0.004391463411092672,-0.0358295920651188,0.036032413647945384,-0.01574861650014257,0.0016281848896104692,0.21613169776155292,0.5157187008478828
shift_corrected,10,10,1,1,certified_reset,0,1,0.06199837624182711,0.05819821386600982,0.003800162375817289,0.04180178613399018,0.0,0.0,0,0,-0.02395845834670847,-0.004391463411092672,-0.04078553578439435,0.0020096604831134138,-0.02395845834670847,-0.004391463411092672,0.050447128486804896,0.0007824219858788424,0.21613169776155292,0.5157187008478828
shift_corrected,10,11,0,0,certified_reset,0,1,0.05819821386600982,0.05439805149019253,0.003800162375817289,0.03800162375817289,0.0,0.0,0,0,-0.04078553578439435,0.0020096604831134138,-0.030962309749888343,0.03272502435361384,-0.04078553578439435,0.0020096604831134138,0.06557576597616535,0.0020084840997033233,0.1993127158291535,0.4701806519894993
shift_corrected,10,12,0,0,certified_reset,0,1,0.05439805149019253,0.05059788911437524,0.003800162375817289,0.0342014613823556,0.0,0.0,0,0,-0.030962309749888343,0.03272502435361384,-0.01960124534273312,0.0396306772769391,-0.030962309749888343,0.03272502435361384,-0.0170127017991569,0.0012495509915847484,0.1993127158291535,0.4701806519894993
shift_corrected,10,13,0,0,certified_reset,0,1,0.05059788911437524,0.04679772673855795,0.003800162375817289,0.030401299006538315,0.0,0.0,0,0,-0.01960124534273312,0.0396306772769391,-0.0013952843117575097,0.026235829116315133,-0.01960124534273312,0.0396306772769391,-0.05126168879239589,0.0009870773233711168,0.1993127158291535,0.4701806519894993
shift_corrected,10,14,0,0,certified_reset,0,1,0.04679772673855795,0.04299756436274066,0.003800162375817289,0.026601136630721025,0.0,0.0,0,0,-0.0013952843117575097,0.026235829116315133,0.03275031046478798,0.012461289317484116,-0.0013952843117575097,0.026235829116315133,-0.05377519177174369,0.00040536820067278365,0.1993127158291535,0.4701806519894993
shift_corrected,10,15,0,0,certified_reset,0,1,0.04299756436274066,0.03919740198692337,0.003800162375817289,0.022800974254903735,0.0,0.0,0,0,0.03275031046478798,0.012461289317484116,0.021127475591230457,-0.008386056285253664,0.03275031046478798,0.012461289317484116,-0.08279250514485519,0.0016597716810563816,0.1993127158291535,0.4701806519894993
shift_corrected,10,16,0,0,certified_reset,0,1,0.03919740198692337,0.03539723961110608,0.003800162375817289,0.019000811879086445,0.0,0.0,0,0,0.021127475591230457,-0.008386056285253664,0.01769016934993116,-0.01598210816331527,0.021127475591230457,-0.008386056285253664,-0.018243622672974424,0.0004905780913216087,0.1993127158291535,0.4701806519894993
shift_corrected,10,17,0,0,certified_reset,0,1,0.03539723961110608,0.03159707723528879,0.003800162375817289,0.015200649503269156,0.0,0.0,0,0,0.01769016934993116,-0.01598210816331527,0.011453752770071726,-0.007134004525165808,0.01769016934993116,-0.01598210816331527,0.003901175610937465,0.0003780165706570108,0.1993127158291535,0.4701806519894993
shift_corrected,10,18,0,0,certified_reset,0,1,0.03159707723528879,0.0277969148594715,0.003800162375817289,0.011400487127451866,0.0,0.0,0,0,0.011453752770071726,-0.007134004525165808,0.008566888853699751,-0.010562800670708692,0.011453752770071726,-0.007134004525165808,-0.0043481186432164955,0.00014542444851803622,0.1993127158291535,0.4701806519894993
shift_corrected,10,19,0,0,certified_reset,0,1,0.0277969148594715,0.02399675248365421,0.003800162375817289,0.007600324751634578,0.0,0.0,0,0,0.008566888853699751,-0.010562800670708692,-0.0031303774771740227,-0.015381801149599663,0.008566888853699751,-0.010562800670708692,0.00793038828594382,0.00010631605880319284,0.1993127158291535,0.4701806519894993
shift_corrected,10,20,0,0,certified_reset,0,1,0.02399675248365421,0.02019659010783692,0.003800162375817289,0.003800162375817289,0.0,0.0,0,0,-0.0031303774771740227,-0.015381801149599663,9.463603560869172e-06,0.012397423417986742,-0.0031303774771740227,-0.015381801149599663,0.03829340456179459,0.00018626000143571645,0.1993127158291535,0.4701806519894993
shift_corrected,10,21,0,0,certified_reset,0,1,0.02019659010783692,0.01639642773201963,0.003800162375817289,0.0,0.0,0.0,0,0,9.463603560869172e-06,0.012397423417986742,0.005926580512171323,-0.0018309718967779009,9.463603560869172e-06,0.012397423417986742,-0.02655808037278052,9.485064705796946e-05,0.1993127158291535,0.4701806519894993
shift_corrected,11,0,1,1,certified_reset,0,1,0.1,0.09619983762418272,0.003800162375817289,0.07980340989216307,0.0,0.0,0,0,-1.9699510154641586,0.044954138485308236,-1.7943191498737454,1.6828042873270919,-1.9699510154641586,0.044954138485308236,3.2789171201237726,4.74131602042127,0.21613169776155292,0.5157187008478828
shift_corrected,11,1,0,0,certified_reset,0,1,0.09619983762418272,0.09239967524836543,0.003800162375817289,0.07600324751634578,0.0,0.0,0,0,-1.7943191498737454,1.6828042873270919,-1.2290555068631843,1.801411974646952,-1.7943191498737454,1.6828042873270919,-0.5284209295112939,3.9498770732648976,0.1993127158291535,0.4701806519894993
shift_corrected,11,2,0,0,certified_reset,0,1,0.09239967524836543,0.08859951287254814,0.003800162375817289,0.07220308514052849,0.0,0.0,0,0,-1.2290555068631843,1.801411974646952,-0.7092574847746944,1.344576578382686,-1.2290555068631843,1.801411974646952,-1.7508214608389954,2.567078777569828,0.1993127158291535,0.4701806519894993
shift_corrected,11,3,0,0,certified_reset,0,1,0.08859951287254814,0.08479935049673085,0.003800162375817289,0.0684029227647112,0.0,0.0,0,0,-0.7092574847746944,1.344576578382686,-0.3477476392418234,0.8386951371206522,-0.7092574847746944,1.344576578382686,-1.6633801226999816,1.176364398100221,0.1993127158291535,0.4701806519894993
shift_corrected,11,4,0,0,certified_reset,0,1,0.08479935049673085,0.08099918812091356,0.003800162375817289,0.06460276038889391,0.0,0.0,0,0,-0.3477476392418234,0.8386951371206522,-0.12865684551605194,0.43503199647547286,-0.3477476392418234,0.8386951371206522,-1.1997297194215464,0.41192891582878294,0.1993127158291535,0.4701806519894993
shift_corrected,11,5,0,0,certified_reset,0,1,0.08099918812091356,0.07719902574509627,0.003800162375817289,0.06080259801307663,0.0,0.0,0,0,-0.12865684551605194,0.43503199647547286,-0.02709007855549316,0.18759125780802505,-0.12865684551605194,0.43503199647547286,-0.7109093252595231,0.10429715888677625,0.1993127158291535,0.4701806519894993
shift_corrected,11,6,0,0,certified_reset,0,1,0.07719902574509627,0.07339886336927898,0.003800162375817289,0.05700243563725934,0.0,0.0,0,0,-0.02709007855549316,0.18759125780802505,0.019885904962827827,0.06345467729492217,-0.02709007855549316,0.18759125780802505,-0.355191817641892,0.019624390543222105,0.1993127158291535,0.4701806519894993
shift_corrected,11,7,0,0,certified_reset,0,1,0.07339886336927898,0.06959870099346169,0.003800162375817289,0.05320227326144205,0.0,0.0,0,0,0.019885904962827827,0.06345467729492217,0.0323886403348235,-0.009424153412097703,0.019885904962827827,0.06345467729492217,-0.16992244851399801,0.003711964314560683,0.1993127158291535,0.4701806519894993
shift_corrected,11,8,0,0,certified_reset,0,1,0.06959870099346169,0.0657985386176444,0.003800162375817289,0.04940211088562476,0.0,0.0,0,0,0.0323886403348235,-0.009424153412097703,0.02830451364972042,-0.023352698693936268,0.0323886403348235,-0.009424153412097703,-0.03531537853526006,0.0011710017665093402,0.1993127158291535,0.4701806519894993
shift_corrected,11,9,0,0,certified_reset,0,1,0.0657985386176444,0.06199837624182711,0.003800162375817289,0.04560194850980747,0.0,0.0,0,0,0.02830451364972042,-0.023352698693936268,0.020428926039507737,-0.020328892379434887,0.02830451364972042,-0.023352698693936268,0.0014977371439740517,0.0009376620843438479,0.1993127158291535,0.4701806519894993
shift_corrected,11,10,0,0,certified_reset,0,1,0.06199837624182711,0.05819821386600982,0.003800162375817289,0.04180178613399018,0.0,0.0,0,0,0.020428926039507737,-0.020328892379434887,0.01627362843422693,-0.030798098916472436,0.020428926039507737,-0.020328892379434887,0.008516970853493724,0.0005264600888728796,0.1993127158291535,0.4701806519894993
shift_corrected,11,11,0,0,certified_reset,0,1,0.05819821386600982,0.05439805149019253,0.003800162375817289,0.03800162375817289,0.0,0.0,0,0,0.01627362843422693,-0.030798098916472436,0.009453023243618498,-0.02342007373433843,0.01627362843422693,-0.030798098916472436,0.038050545987740325,0.0006177892306296957,0.1993127158291535,0.4701806519894993
shift_corrected,11,12,0,0,certified_reset,0,1,0.05439805149019253,0.05059788911437524,0.003800162375817289,0.0342014613823556,0.0,0.0,0,0,0.009453023243618498,-0.02342007373433843,0.005260790823915345,-0.014205670460719329,0.009453023243618498,-0.02342007373433843,0.033940964600560376,0.0003186437381161732,0.1993127158291535,0.4701806519894993
shift_corrected,11,13,0,0,certified_reset,0,1,0.05059788911437524,0.04679772673855795,0.003800162375817289,0.030401299006538315,0.0,0.0,0,0,0.005260790823915345,-0.014205670460719329,-0.004505912574500903,-0.01057056054256987,0.005260790823915345,-0.014205670460719329,0.02140758563187725,0.00011478896620952291,0.1993127158291535,0.4701806519894993
shift_corrected,11,14,0,0,certified_reset,0,1,0.04679772673855795,0.04299756436274066,0.003800162375817289,0.026601136630721025,0.0,0.0,0,0,-0.004505912574500903,-0.01057056054256987,-0.0005029335879538624,0.0018867833771432619,-0.004505912574500903,-0.01057056054256987,0.030346003468687443,0.00012190782979680634,0.1993127158291535,0.4701806519894993
shift_corrected,11,15,0,0,certified_reset,0,1,0.04299756436274066,0.03919740198692337,0.003800162375817289,0.022800974254903735,0.0,0.0,0,0,-0.0005029335879538624,0.0018867833771432619,0.001819507416122236,0.0008265676923217754,-0.0005029335879538624,0.0018867833771432619,-0.0031752202152896614,1.9494919452049083e-06,0.1993127158291535,0.4701806519894993
shift_corrected,11,16,0,0,certified_reset,0,1,0.03919740198692337,0.03539723961110608,0.003800162375817289,0.019000811879086445,0.0,0.0,0,0,0.001819507416122236,0.0008265676923217754,-0.006343176722691352,-0.0005398232251655377,0.001819507416122236,0.0008265676923217754,-0.004882707565515006,5.38867742844835e-06,0.1993127158291535,0.4701806519894993
shift_corrected,11,17,0,0,certified_reset,0,1,0.03539723961110608,0.03159707723528879,0.003800162375817289,0.015200649503269156,0.0,0.0,0,0,-0.006343176722691352,-0.0005398232251655377,-0.003371977895428474,0.0022857621196809455,-0.006343176722691352,-0.0005398232251655377,0.012018244114962962,5.1863798542447785e-05,0.1993127158291535,0.4701806519894993
shift_corrected,11,18,0,0,certified_reset,0,1,0.03159707723528879,0.0277969148594715,0.003800162375817289,0.011400487127451866,0.0,0.0,0,0,-0.003371977895428474,0.0022857621196809455,-0.007408655092792768,-0.0005922932451304132,-0.003371977895428474,0.0022857621196809455,0.0008909087366875914,1.2739909514368825e-05,0.1993127158291535,0.4701806519894993
shift_corrected,11,19,0,0,certified_reset,0,1,0.0277969148594715,0.02399675248365421,0.003800162375817289,0.007600324751634578,0.0,0.0,0,0,-0.007408655092792768,-0.0005922932451304132,-0.0041804818698155015,0.005787666429728077,-0.007408655092792768,-0.0005922932451304132,0.013959771363885825,7.056589042857834e-05,0.1993127158291535,0.4701806519894993
shift_corrected,11,20,0,0,certified_reset,0,1,0.02399675248365421,0.02019659010783692,0.003800162375817289,0.003800162375817289,0.0,0.0,0,0,-0.0041804818698155015,0.005787666429728077,0.008253479974571331,-0.0007327263387041658,-0.0041804818698155015,0.005787666429728077,-0.005223166016127034,2.8033216397868396e-05,0.1993127158291535,0.4701806519894993
shift_corrected,11,21,0,0,certified_reset,0,1,0.02019659010783692,0.01639642773201963,0.003800162375817289,0.0,0.0,0.0,0,0,0.008253479974571331,-0.0007327263387041658,0.009298212710685146,0.0022948758457630204,0.008253479974571331,-0.0007327263387041658,-0.012568123858438989,8.089077264819276e-05,0.1993127158291535,0.4701806519894993
shift_corrected,12,0,1,1,certified_reset,0,1,0.1,0.09619983762418272,0.003800162375817289,0.07980340989216307,0.0,0.0,0,0,1.7024254091573112,-0.13958974039589925,1.4860811782469403,-1.4516262020880633,1.7024254091573112,-0.13958974039589925,-2.6179557444776353,3.4514189800538633,0.21613169776155292,0.5157187008478828
shift_corrected,12,1,0,0,certified_reset,0,1,0.09619983762418272,0.09239967524836543,0.003800162375817289,0.07600324751634578,0.0,0.0,0,0,1.4860811782469403,-1.4516262020880633,1.01630781806929,-1.508120185310551,1.4860811782469403,-1.4516262020880633,0.5616063641062131,2.7604740626433357,0.1993127158291535,0.4701806519894993
shift_corrected,12,2,0,0,certified_reset,0,1,0.09239967524836543,0.08859951287254814,0.003800162375817289,0.07220308514052849,0.0,0.0,0,0,1.01630781806929,-1.508120185310551,0.5837159944598432,-1.1254643837729792,1.01630781806929,-1.508120185310551,1.4874243541055114,1.7784827011389392,0.1993127158291535,0.4701806519894993
shift_corrected,12,3,0,0,certified_reset,0,1,0.08859951287254814,0.08479935049673085,0.003800162375817289,0.0684029227647112,0.0,0.0,0,0,0.5837159944598432,-1.1254643837729792,0.27713513651950883,-0.6991801839151027,0.5837159944598432,-1.1254643837729792,1.4093814735480379,0.8163003730120518,0.1993127158291535,0.4701806519894993
shift_corrected,12,4,0,0,certified_reset,0,1,0.08479935049673085,0.08099918812091356,0.003800162375817289,0.06460276038889391,0.0,0.0,0,0,0.27713513651950883,-0.6991801839151027,0.09220378707645163,-0.35998222989218537,0.27713513651950883,-0.6991801839151027,1.0220286189669432,0.2825805161275742,0.1993127158291535,0.4701806519894993
shift_corrected,12,5,1,1,certified_reset,0,1,0.08099918812091356,0.07719902574509627,0.003800162375817289,0.06080259801307663,0.0,0.0,0,0,0.09220378707645163,-0.35998222989218537,0.01774589861315557,-0.15419309128464914,0.09220378707645163,-0.35998222989218537,0.6127017238820072,0.07093061200661585,0.21613169776155292,0.5157187008478828
shift_corrected,12,6,1,1,certified_reset,0,1,0.07719902574509627,0.07339886336927898,0.003800162375817289,0.05700243563725934,0.0,0.0,0,0,0.01774589861315557,-0.15419309128464914,0.00428932460258015,-0.03159483121848896,0.01774589861315557,-0.15419309128464914,0.2997036979379887,0.013444578792183845,0.21613169776155292,0.5157187008478828
shift_corrected,12,7,1,1,certified_reset,0,1,0.07339886336927898,0.06959870099346169,0.003800162375817289,0.05320227326144205,0.0,0.0,0,0,0.00428932460258015,-0.03159483121848896,-0.01116259357208177,-0.006237659246909452,0.00428932460258015,-0.03159483121848896,0.06029066604840842,0.0005587537984823572,0.21613169776155292,0.5157187008478828
shift_corrected,12,8,1,1,certified_reset,0,1,0.06959870099346169,0.0657985386176444,0.003800162375817289,0.04940211088562476,0.0,0.0,0,0,-0.01116259357208177,-0.006237659246909452,-0.03706323236103111,-0.013445848910429438,-0.01116259357208177,-0.006237659246909452,0.03247989182955453,0.00021872606333638503,0.21613169776155292,0.5157187008478828
shift_corrected,12,9,1,1,certified_reset,0,1,0.0657985386176444,0.06199837624182711,0.003800162375817289,0.04560194850980747,0.0,0.0,0,0,-0.03706323236103111,-0.013445848910429438,-0.04031185830003478,0.0009630425108006317,-0.03706323236103111,-0.013445848910429438,0.09228786875565799,0.0021002449638352324,0.21613169776155292,0.5157187008478828
shift_corrected,12,10,1,1,certified_reset,0,1,0.06199837624182711,0.05819821386600982,0.003800162375817289,0.04180178613399018,0.0,0.0,0,0,-0.04031185830003478,0.0009630425108006317,-0.016519983326554154,0.05247557249046708,-0.04031185830003478,0.0009630425108006317,0.06701033408141718,0.0019845085722177366,0.21613169776155292,0.5157187008478828
shift_corrected,12,11,1,1,certified_reset,0,1,0.05819821386600982,0.05439805149019253,0.003800162375817289,0.03800162375817289,0.0,0.0,0,0,-0.016519983326554154,0.05247557249046708,0.004074908584258218,0.04249753148179703,-0.016519983326554154,0.05247557249046708,-0.0840406670368716,0.001526357973440379,0.21613169776155292,0.5157187008478828
shift_corrected,12,12,1,1,certified_reset,0,1,0.05439805149019253,0.05059788911437524,0.003800162375817289,0.0342014613823556,0.0,0.0,0,0,0.004074908584258218,0.04249753148179703,0.014560114719799002,-0.0011940456318106276,0.004074908584258218,0.04249753148179703,-0.09796478818894332,0.0012358829034740059,0.21613169776155292,0.5157187008478828
shift_corrected,12,13,1,1,certified_reset,0,1,0.05059788911437524,0.04679772673855795,0.003800162375817289,0.030401299006538315,0.0,0.0,0,0,0.014560114719799002,-0.0011940456318106276,0.01210629636308968,-0.009715650130027512,0.014560114719799002,-0.0011940456318106276,-0.022390580422397575,0.0002524604242285674,0.21613169776155292,0.5157187008478828
shift_corrected,12,14,1,1,certified_reset,0,1,0.04679772673855795,0.04299756436274066,0.003800162375817289,0.026601136630721025,0.0,0.0,0,0,0.01210629636308968,-0.009715650130027512,0.020389311230064527,-0.016860858659395687,0.01210629636308968,-0.009715650130027512,5.293540469576829e-05,0.00017016110016579994,0.21613169776155292,0.5157187008478828
shift_corrected,12,15,1,1,certified_reset,0,1,0.04299756436274066,0.03919740198692337,0.003800162375817289,0.022800974254903735,0.0,0.0,0,0,0.020389311230064527,-0.016860858659395687,0.014156276794988059,-0.01137423515732037,0.020389311230064527,-0.016860858659395687,0.0011673714276322928,0.0004869051716034692,0.21613169776155292,0.5157187008478828
shift_corrected,12,16,0,0,certified_reset,0,1,0.03919740198692337,0.03539723961110608,0.003800162375817289,0.019000811879086445,0.0,0.0,0,0,0.014156276794988059,-0.01137423515732037,0.007076613145369242,-0.025079957314311053,0.014156276794988059,-0.01137423515732037,9.802369103113068e-05,0.00023274424774134334,0.1993127158291535,0.4701806519894993
shift_corrected,12,17,0,0,certified_reset,0,1,0.03539723961110608,0.03159707723528879,0.003800162375817289,0.015200649503269156,0.0,0.0,0,0,0.007076613145369242,-0.025079957314311053,-0.018920187375903102,-0.017318330635823203,0.007076613145369242,-0.025079957314311053,0.041569031472092496,0.00034556826853335417,0.1993127158291535,0.4701806519894993
shift_corrected,12,18,0,0,certified_reset,0,1,0.03159707723528879,0.0277969148594715,0.003800162375817289,0.011400487127451866,0.0,0.0,0,0,-0.018920187375903102,-0.017318330635823203,-0.016778136083781973,-0.04451299847663141,-0.018920187375903102,-0.017318330635823203,0.06949464231642644,0.0008193150591972501,0.1993127158291535,0.4701806519894993
shift_corrected,12,19,0,0,certified_reset,0,1,0.0277969148594715,0.02399675248365421,0.003800162375817289,0.007600324751634578,0.0,0.0,0,0,-0.016778136083781973,-0.04451299847663141,-0.022265635416901176,0.02529478940525507,-0.016778136083781973,-0.04451299847663141,0.12404221682848743,0.0020077753332490935,0.1993127158291535,0.4701806519894993
shift_corrected,12,20,0,0,certified_reset,0,1,0.02399675248365421,0.02019659010783692,0.003800162375817289,0.003800162375817289,0.0,0.0,0,0,-0.022265635416901176,0.02529478940525507,-0.011502387568273762,0.034919674022938246,-0.022265635416901176,0.02529478940525507,-0.016004973601938192,0.0006762078476823141,0.1993127158291535,0.4701806519894993
shift_corrected,12,21,0,0,certified_reset,0,1,0.02019659010783692,0.01639642773201963,0.003800162375817289,0.0,0.0,0.0,0,0,-0.011502387568273762,0.034919674022938246,-0.002652988373750309,0.012474043144118646,-0.011502387568273762,0.034919674022938246,-0.05504900199112178,0.0006795822378553283,0.1993127158291535,0.4701806519894993
shift_corrected,13,0,0,0,certified_reset,0,1,0.1,0.09619983762418272,0.003800162375817289,0.07980340989216307,0.0,0.0,0,0,2.6536808595735493,-0.40321113318841173,2.287234793494257,-2.2785514372580478,2.6536808595735493,-0.40321113318841173,-3.6833824346242174,8.16805140172464,0.1993127158291535,0.4701806519894993
shift_corrected,13,1,1,1,certified_reset,0,1,0.09619983762418272,0.09239967524836543,0.003800162375817289,0.07600324751634578,0.0,0.0,0,0,2.287234793494257,-2.2785514372580478,1.5669653685105802,-2.332324108324911,2.287234793494257,-2.2785514372580478,0.9593137443362371,6.603014792434188,0.21613169776155292,0.5157187008478828
shift_corrected,13,2,1,1,certified_reset,0,1,0.09239967524836543,0.08859951287254814,0.003800162375817289,0.07220308514052849,0.0,0.0,0,0,1.5669653685105802,-2.332324108324911,0.8923575878429991,-1.7274573988264659,1.5669653685105802,-2.332324108324911,2.3084851920594867,4.24164271323653,0.21613169776155292,0.5157187008478828
shift_corrected,13,3,0,0,certified_reset,0,1,0.08859951287254814,0.08479935049673085,0.003800162375817289,0.0684029227647112,0.0,0.0,0,0,0.8923575878429991,-1.7274573988264659,0.44258075321451085,-1.0565589555427293,0.8923575878429991,-1.7274573988264659,2.16937165009548,1.9188231992700897,0.1993127158291535,0.4701806519894993
shift_corrected,13,4,0,0,certified_reset,0,1,0.08479935049673085,0.08099918812091356,0.003800162375817289,0.06460276038889391,0.0,0.0,0,0,0.44258075321451085,-1.0565589555427293,0.16915106116209477,-0.5589804451919239,0.44258075321451085,-1.0565589555427293,1.5036695183759368,0.6558386913897433,0.1993127158291535,0.4701806519894993
shift_corrected,13,5,0,0,certified_reset,0,1,0.08099918812091356,0.07719902574509627,0.003800162375817289,0.06080259801307663,0.0,0.0,0,0,0.16915106116209477,-0.5589804451919239,0.03213667619533397,-0.22800231965609136,0.16915106116209477,-0.5589804451919239,0.9068861525042174,0.1725222655073153,0.1993127158291535,0.4701806519894993
shift_corrected,13,6,0,0,certified_reset,0,1,0.07719902574509627,0.07339886336927898,0.003800162375817289,0.05700243563725934,0.0,0.0,0,0,0.03213667619533397,-0.22800231965609136,-0.018933953274262234,-0.07908277392714266,0.03213667619533397,-0.22800231965609136,0.4330591504831068,0.029032248624395372,0.1993127158291535,0.4701806519894993
shift_corrected,13,7,0,0,certified_reset,0,1,0.07339886336927898,0.06959870099346169,0.003800162375817289,0.05320227326144205,0.0,0.0,0,0,-0.018933953274262234,-0.07908277392714266,-0.018920644638584075,-0.006268748176128972,-0.018933953274262234,-0.07908277392714266,0.2017496612208377,0.005178249933812657,0.1993127158291535,0.4701806519894993
shift_corrected,13,8,0,0,certified_reset,0,1,0.06959870099346169,0.0657985386176444,0.003800162375817289,0.04940211088562476,0.0,0.0,0,0,-0.018920644638584075,-0.006268748176128972,-0.014200991438802806,0.001153586156945231,-0.018920644638584075,-0.006268748176128972,0.04583710506600502,0.0005358983105300689,0.1993127158291535,0.4701806519894993
shift_corrected,13,9,0,0,certified_reset,0,1,0.0657985386176444,0.06199837624182711,0.003800162375817289,0.04560194850980747,0.0,0.0,0,0,-0.014200991438802806,0.001153586156945231,-0.018297857299668655,0.012169680263787546,-0.014200991438802806,0.001153586156945231,0.02186312107603634,0.00024024053315515847,0.1993127158291535,0.4701806519894993
shift_corrected,13,10,0,0,certified_reset,0,1,0.06199837624182711,0.05819821386600982,0.003800162375817289,0.04180178613399018,0.0,0.0,0,0,-0.018297857299668655,0.012169680263787546,-0.014307957871790677,0.015082864856874227,-0.018297857299668655,0.012169680263787546,0.0053058659510120025,0.0003740890382689512,0.1993127158291535,0.4701806519894993
shift_corrected,13,11,0,0,certified_reset,0,1,0.05819821386600982,0.05439805149019253,0.003800162375817289,0.03800162375817289,0.0,0.0,0,0,-0.014307957871790677,0.015082864856874227,0.002071029591231236,0.019337662114225357,-0.014307957871790677,0.015082864856874227,-0.007774735436021104,0.0002664265824216295,0.1993127158291535,0.4701806519894993
shift_corrected,13,12,0,0,certified_reset,0,1,0.05439805149019253,0.05059788911437524,0.003800162375817289,0.0342014613823556,0.0,0.0,0,0,0.002071029591231236,0.019337662114225357,0.003285032414293993,0.011364688171048621,0.002071029591231236,0.019337662114225357,-0.044948881962012036,0.0002594076167495334,0.1993127158291535,0.4701806519894993
shift_corrected,13,13,0,0,certified_reset,0,1,0.05059788911437524,0.04679772673855795,0.003800162375817289,0.030401299006538315,0.0,0.0,0,0,0.003285032414293993,0.011364688171048621,0.009878144326466859,0.004977119340930648,0.003285032414293993,0.011364688171048621,-0.029961836503897072,0.00011489740400415607,0.1993127158291535,0.4701806519894993
shift_corrected,13,14,0,0,certified_reset,0,1,0.04679772673855795,0.04299756436274066,0.003800162375817289,0.026601136630721025,0.0,0.0,0,0,0.009878144326466859,0.004977119340930648,0.010749038283709043,0.006080867602352446,0.009878144326466859,0.004977119340930648,-0.027576818951777667,0.00016460914004790578,0.1993127158291535,0.4701806519894993
shift_corrected,13,15,0,0,certified_reset,0,1,0.04299756436274066,0.03919740198692337,0.003800162375817289,0.022800974254903735,0.0,0.0,0,0,0.010749038283709043,0.006080867602352446,0.011869028298837524,-0.009603625004751417,0.010749038283709043,0.006080867602352446,-0.031428582706294526,0.00020380652659808917,0.1993127158291535,0.4701806519894993
shift_corrected,13,16,0,0,certified_reset,0,1,0.03919740198692337,0.03539723961110608,0.003800162375817289,0.019000811879086445,0.0,0.0,0,0,0.011869028298837524,-0.009603625004751417,0.00715648266163122,-0.014613451447318886,0.011869028298837524,-0.009603625004751417,0.00022267221330182188,0.0001639352026997438,0.1993127158291535,0.4701806519894993
shift_corrected,13,17,0,0,certified_reset,0,1,0.03539723961110608,0.03159707723528879,0.003800162375817289,0.015200649503269156,0.0,0.0,0,0,0.00715648266163122,-0.014613451447318886,-0.0021856204642279617,-0.009802121686694983,0.00715648266163122,-0.014613451447318886,0.019021920323883605,0.00013355016111166898,0.1993127158291535,0.4701806519894993
shift_corrected,13,18,0,0,certified_reset,0,1,0.03159707723528879,0.0277969148594715,0.003800162375817289,0.011400487127451866,0.0,0.0,0,0,-0.0021856204642279617,-0.009802121686694983,-0.007185062616212169,-0.0009303744535881545,-0.0021856204642279617,-0.009802121686694983,0.024726539935263518,7.77094763774606e-05,0.1993127158291535,0.4701806519894993
shift_corrected,13,19,0,0,certified_reset,0,1,0.0277969148594715,0.02399675248365421,0.003800162375817289,0.007600324751634578,0.0,0.0,0,0,-0.007185062616212169,-0.0009303744535881545,-0.004515357716987644,0.009821076724191694,-0.007185062616212169,-0.0009303744535881545,0.014297404494041018,6.819478597615996e-05,0.1993127158291535,0.4701806519894993
shift_corrected,13,20,0,0,certified_reset,0,1,0.02399675248365421,0.02019659010783692,0.003800162375817289,0.003800162375817289,0.0,0.0,0,0,-0.004515357716987644,0.009821076724191694,0.0003368913547837724,-0.0007243857970682483,-0.004515357716987644,0.009821076724191694,-0.013287179909783281,5.8625774314370714e-05,0.1993127158291535,0.4701806519894993
shift_corrected,13,21,0,0,certified_reset,0,1,0.02019659010783692,0.01639642773201963,0.003800162375817289,0.0,0.0,0.0,0,0,0.0003368913547837724,-0.0007243857970682483,0.0018834035891870883,0.000703130688919575,0.0003368913547837724,-0.0007243857970682483,0.000964329317827598,3.1907396333434327e-07,0.1993127158291535,0.4701806519894993
shift_corrected,14,0,0,0,certified_reset,0,1,0.1,0.09619983762418272,0.003800162375817289,0.07980340989216307,0.0,0.0,0,0,2.4259765863785208,-0.04253360978563039,2.1892099690522553,-1.99675748665717,2.4259765863785208,-0.04253360978563039,-4.0,7.165814674647129,0.1993127158291535,0.4701806519894993
shift_corrected,14,1,0,0,certified_reset,0,1,0.09619983762418272,0.09239967524836543,0.003800162375817289,0.07600324751634578,0.0,0.0,0,0,2.1892099690522553,-1.99675748665717,1.5285280984509386,-2.1859471102096033,2.1892099690522553,-1.99675748665717,0.5239768919113239,5.811364546388705,0.1993127158291535,0.4701806519894993
shift_corrected,14,2,0,0,certified_reset,0,1,0.09239967524836543,0.08859951287254814,0.003800162375817289,0.07220308514052849,0.0,0.0,0,0,1.5285280984509386,-2.1859471102096033,0.8946917999644151,-1.6529803946629673,1.5285280984509386,-2.1859471102096033,2.060964802007241,3.8707954131214906,0.1993127158291535,0.4701806519894993
shift_corrected,14,3,0,0,certified_reset,0,1,0.08859951287254814,0.08479935049673085,0.003800162375817289,0.0684029227647112,0.0,0.0,0,0,0.8946917999644151,-1.6529803946629673,0.4405452053476334,-1.0546493838645499,0.8946917999644151,-1.6529803946629673,2.005919109913865,1.8054563812500104,0.1993127158291535,0.4701806519894993
shift_corrected,14,4,0,0,certified_reset,0,1,0.08479935049673085,0.08099918812091356,0.003800162375817289,0.06460276038889391,0.0,0.0,0,0,0.4405452053476334,-1.0546493838645499,0.16095473058838625,-0.5674528702390437,0.4405452053476334,-1.0546493838645499,1.5030695673548693,0.6528888586209255,0.1993127158291535,0.4701806519894993
shift_corrected,14,5,0,0,certified_reset,0,1,0.08099918812091356,0.07719902574509627,0.003800162375817289,0.06080259801307663,0.0,0.0,0,0,0.16095473058838625,-0.5674528702390437,0.021817300811921264,-0.2499406014621234,0.16095473058838625,-0.5674528702390437,0.9390678427028295,0.17695498834029594,0.1993127158291535,0.4701806519894993
shift_corrected,14,6,0,0,certified_reset,0,1,0.07719902574509627,0.07339886336927898,0.003800162375817289,0.05700243563725934,0.0,0.0,0,0,0.021817300811921264,-0.2499406014621234,-0.036862128383213524,-0.06742466738259453,0.021817300811921264,-0.2499406014621234,0.4977065078905739,0.03591051211926025,0.1993127158291535,0.4701806519894993
shift_corrected,14,7,0,0,certified_reset,0,1,0.07339886336927898,0.06959870099346169,0.003800162375817289,0.05320227326144205,0.0,0.0,0,0,-0.036862128383213524,-0.06742466738259453,-0.04628790140089211,0.012408269062742491,-0.036862128383213524,-0.06742466738259453,0.20750458235414965,0.005939990087691499,0.1993127158291535,0.4701806519894993
shift_corrected,14,8,0,0,certified_reset,0,1,0.06959870099346169,0.0657985386176444,0.003800162375817289,0.04940211088562476,0.0,0.0,0,0,-0.04628790140089211,0.012408269062742491,-0.0377567980624654,0.037990033231100076,-0.04628790140089211,0.012408269062742491,0.05274121596900823,0.0024035919703332288,0.1993127158291535,0.4701806519894993
shift_corrected,14,9,0,0,certified_reset,0,1,0.0657985386176444,0.06199837624182711,0.003800162375817289,0.04560194850980747,0.0,0.0,0,0,-0.0377567980624654,0.037990033231100076,-0.03099846956982705,0.028732091398197948,-0.0377567980624654,0.037990033231100076,-0.016643097820150873,0.001808545872558902,0.1993127158291535,0.4701806519894993
shift_corrected,14,10,0,0,certified_reset,0,1,0.06199837624182711,0.05819821386600982,0.003800162375817289,0.04180178613399018,0.0,0.0,0,0,-0.03099846956982705,0.028732091398197948,-0.02185849538005305,0.02888381463097552,-0.03099846956982705,0.028732091398197948,-0.00840310419691321,0.0011729373575116281,0.1993127158291535,0.4701806519894993
shift_corrected,14,11,0,0,certified_reset,0,1,0.05819821386600982,0.05439805149019253,0.003800162375817289,0.03800162375817289,0.0,0.0,0,0,-0.02185849538005305,0.02888381463097552,-0.011255143030295758,0.014200360774807757,-0.02185849538005305,0.02888381463097552,-0.02438402020851796,0.0007339289425112924,0.1993127158291535,0.4701806519894993
shift_corrected,14,12,0,0,certified_reset,0,1,0.05439805149019253,0.05059788911437524,0.003800162375817289,0.0342014613823556,0.0,0.0,0,0,-0.011255143030295758,0.014200360774807757,-0.00441007481232628,0.007317588103358442,-0.011255143030295758,0.014200360774807757,-0.011118705637019832,0.0001869808553695056,0.1993127158291535,0.4701806519894993
shift_corrected,14,13,0,0,certified_reset,0,1,0.05059788911437524,0.04679772673855795,0.003800162375817289,0.030401299006538315,0.0,0.0,0,0,-0.00441007481232628,0.007317588103358442,0.0025338366926129135,0.016340789699306957,-0.00441007481232628,0.007317588103358442,-0.008105083504795916,3.8090924052495115e-05,0.1993127158291535,0.4701806519894993
shift_corrected,14,14,0,0,certified_reset,0,1,0.04679772673855795,0.04299756436274066,0.003800162375817289,0.026601136630721025,0.0,0.0,0,0,0.0025338366926129135,0.016340789699306957,0.007121918728830605,-0.007629137319780271,0.0025338366926129135,0.016340789699306957,-0.039322041457770435,0.000196873515936605,0.1993127158291535,0.4701806519894993
shift_corrected,14,15,0,0,certified_reset,0,1,0.04299756436274066,0.03919740198692337,0.003800162375817289,0.022800974254903735,0.0,0.0,0,0,0.007121918728830605,-0.007629137319780271,0.0026827294314601033,-0.0021386369612349434,0.007121918728830605,-0.007629137319780271,0.004126158158329022,6.663467493288778e-05,0.1993127158291535,0.4701806519894993
shift_corrected,14,16,0,0,certified_reset,0,1,0.03919740198692337,0.03539723961110608,0.003800162375817289,0.019000811879086445,0.0,0.0,0,0,0.0026827294314601033,-0.0021386369612349434,-0.0007773980768884311,0.0005034066050863249,0.0026827294314601033,-0.0021386369612349434,-1.3862448204645971e-05,8.340494588809926e-06,0.1993127158291535,0.4701806519894993
shift_corrected,14,17,0,0,certified_reset,0,1,0.03539723961110608,0.03159707723528879,0.003800162375817289,0.015200649503269156,0.0,0.0,0,0,-0.0007773980768884311,0.0005034066050863249,0.005773787328324636,-0.008872121928347907,-0.0007773980768884311,0.0005034066050863249,0.00024952954982991463,6.726835221600312e-07,0.1993127158291535,0.4701806519894993
shift_corrected,14,18,0,0,certified_reset,0,1,0.03159707723528879,0.0277969148594715,0.003800162375817289,0.011400487127451866,0.0,0.0,0,0,0.005773787328324636,-0.008872121928347907,0.005545505561020835,-0.015366520632290688,0.005773787328324636,-0.008872121928347907,0.009099233271878702,5.963894068147524e-05,0.1993127158291535,0.4701806519894993
shift_corrected,14,19,0,0,certified_reset,0,1,0.0277969148594715,0.02399675248365421,0.003800162375817289,0.007600324751634578,0.0,0.0,0,0,0.005545505561020835,-0.015366520632290688,0.003683301116271415,-0.0031526590884534706,0.005545505561020835,-0.015366520632290688,0.023389442795381323,0.0001335504037552401,0.1993127158291535,0.4701806519894993
shift_corrected,14,20,0,0,certified_reset,0,1,0.02399675248365421,0.02019659010783692,0.003800162375817289,0.003800162375817289,0.0,0.0,0,0,0.003683301116271415,-0.0031526590884534706,0.009781035285843943,-0.011375048971772437,0.003683301116271415,-0.0031526590884534706,0.0004436957619934361,1.60672712194652e-05,0.1993127158291535,0.4701806519894993
shift_corrected,14,21,0,0,certified_reset,0,1,0.02019659010783692,0.01639642773201963,0.003800162375817289,0.0,0.0,0.0,0,0,0.009781035285843943,-0.011375048971772437,0.0060681841930730245,-0.014029008691569795,0.009781035285843943,-0.011375048971772437,0.007593161189272241,0.00013262907378818123,0.1993127158291535,0.4701806519894993
shift_corrected,15,0,0,0,certified_reset,0,1,0.1,0.09619983762418272,0.003800162375817289,0.07980340989216307,0.0,0.0,0,0,2.1307036351076154,-0.333880958005513,1.8257125028840246,-1.8234757945201547,2.1307036351076154,-0.333880958005513,-2.935780527336201,5.257271688565391,0.1993127158291535,0.4701806519894993
shift_corrected,15,1,0,0,certified_reset,0,1,0.09619983762418272,0.09239967524836543,0.003800162375817289,0.07600324751634578,0.0,0.0,0,0,1.8257125028840246,-1.8234757945201547,1.2316554852050843,-1.8408160885338856,1.8257125028840246,-1.8234757945201547,0.7757885188693779,4.21263996256804,0.1993127158291535,0.4701806519894993
shift_corrected,15,2,0,0,certified_reset,0,1,0.09239967524836543,0.08859951287254814,0.003800162375817289,0.07220308514052849,0.0,0.0,0,0,1.2316554852050843,-1.8408160885338856,0.6990906620569365,-1.3629793432459807,1.2316554852050843,-1.8408160885338856,1.8307243720403341,2.632250340297668,0.1993127158291535,0.4701806519894993
shift_corrected,15,3,0,0,certified_reset,0,1,0.08859951287254814,0.08479935049673085,0.003800162375817289,0.0684029227647112,0.0,0.0,0,0,0.6990906620569365,-1.3629793432459807,0.3227629638374348,-0.8413741950647574,0.6990906620569365,-1.3629793432459807,1.7201970224426468,1.1898821499856609,0.1993127158291535,0.4701806519894993
shift_corrected,15,4,0,0,certified_reset,0,1,0.08479935049673085,0.08099918812091356,0.003800162375817289,0.06460276038889391,0.0,0.0,0,0,0.3227629638374348,-0.8413741950647574,0.10167656886252903,-0.4143800416771123,0.3227629638374348,-0.8413741950647574,1.24826859286737,0.4058075232504691,0.1993127158291535,0.4701806519894993
shift_corrected,15,5,0,0,certified_reset,0,1,0.08099918812091356,0.07719902574509627,0.003800162375817289,0.06080259801307663,0.0,0.0,0,0,0.10167656886252903,-0.4143800416771123,-0.000748652482098412,-0.1625003664399533,0.10167656886252903,-0.4143800416771123,0.7129207239233424,0.09392630607868854,0.1993127158291535,0.4701806519894993
shift_corrected,15,6,0,0,certified_reset,0,1,0.07719902574509627,0.07339886336927898,0.003800162375817289,0.05700243563725934,0.0,0.0,0,0,-0.000748652482098412,-0.1625003664399533,-0.040328127645755954,-0.03601348313084991,-0.000748652482098412,-0.1625003664399533,0.34917231682439726,0.016355857300740108,0.1993127158291535,0.4701806519894993
shift_corrected,15,7,0,0,certified_reset,0,1,0.07339886336927898,0.06959870099346169,0.003800162375817289,0.05320227326144205,0.0,0.0,0,0,-0.040328127645755954,-0.03601348313084991,-0.054507597330293624,0.02036902397957336,-0.040328127645755954,-0.03601348313084991,0.14619248339617116,0.0036603799973395712,0.1993127158291535,0.4701806519894993
shift_corrected,15,8,0,0,certified_reset,0,1,0.06959870099346169,0.0657985386176444,0.003800162375817289,0.04940211088562476,0.0,0.0,0,0,-0.054507597330293624,0.02036902397957336,-0.03329068732547365,0.04485175193761098,-0.054507597330293624,0.02036902397957336,0.04978141688140664,0.003273057608529173,0.1993127158291535,0.4701806519894993
shift_corrected,15,9,0,0,certified_reset,0,1,0.0657985386176444,0.06199837624182711,0.003800162375817289,0.04560194850980747,0.0,0.0,0,0,-0.03329068732547365,0.04485175193761098,-0.01370858917896415,0.03792402032791294,-0.03329068732547365,0.04485175193761098,-0.03898495224642377,0.0017327758957031746,0.1993127158291535,0.4701806519894993
shift_corrected,15,10,0,0,certified_reset,0,1,0.06199837624182711,0.05819821386600982,0.003800162375817289,0.04180178613399018,0.0,0.0,0,0,-0.01370858917896415,0.03792402032791294,-0.0022748394045324447,0.026758601007817413,-0.01370858917896415,0.03792402032791294,-0.057704587664117,0.0008138688017344626,0.1993127158291535,0.4701806519894993
shift_corrected,15,11,0,0,certified_reset,0,1,0.05819821386600982,0.05439805149019253,0.003800162375817289,0.03800162375817289,0.0,0.0,0,0,-0.0022748394045324447,0.026758601007817413,0.008904966023820382,0.011904615660811208,-0.0022748394045324447,0.026758601007817413,-0.05338674413385756,0.0004121921322274232,0.1993127158291535,0.4701806519894993
shift_corrected,15,12,0,0,certified_reset,0,1,0.05439805149019253,0.05059788911437524,0.003800162375817289,0.0342014613823556,0.0,0.0,0,0,0.008904966023820382,0.011904615660811208,0.015532834440304188,-0.0040000074573024345,0.008904966023820382,0.011904615660811208,-0.040744173304516136,0.00024753540105477886,0.1993127158291535,0.4701806519894993
shift_corrected,15,13,0,0,certified_reset,0,1,0.05059788911437524,0.04679772673855795,0.003800162375817289,0.030401299006538315,0.0,0.0,0,0,0.015532834440304188,-0.0040000074573024345,0.008349847578810434,-0.023527111838694957,0.015532834440304188,-0.0040000074573024345,-0.01805164274653953,0.00027133790513241414,0.1993127158291535,0.4701806519894993
shift_corrected,15,14,0,0,certified_reset,0,1,0.04679772673855795,0.04299756436274066,0.003800162375817289,0.026601136630721025,0.0,0.0,0,0,0.008349847578810434,-0.023527111838694957,0.0015057434873576628,-0.011263039737880934,0.008349847578810434,-0.023527111838694957,0.03606323623768665,0.0003121457630917972,0.1993127158291535,0.4701806519894993
shift_corrected,15,15,0,0,certified_reset,0,1,0.04299756436274066,0.03919740198692337,0.003800162375817289,0.022800974254903735,0.0,0.0,0,0,0.0015057434873576628,-0.011263039737880934,-0.007877714163305388,-0.00936418489824184,0.0015057434873576628,-0.011263039737880934,0.021527993519174254,7.105763988091997e-05,0.1993127158291535,0.4701806519894993
shift_corrected,15,16,0,0,certified_reset,0,1,0.03919740198692337,0.03539723961110608,0.003800162375817289,0.019000811879086445,0.0,0.0,0,0,-0.007877714163305388,-0.00936418489824184,-0.013200466026795163,-0.0012112327177646685,-0.007877714163305388,-0.00936418489824184,0.033540405540641256,0.00017397707444731172,0.1993127158291535,0.4701806519894993
shift_corrected,15,17,1,1,certified_reset,0,1,0.03539723961110608,0.03159707723528879,0.003800162375817289,0.015200649503269156,0.0,0.0,0,0,-0.013200466026795163,-0.0012112327177646685,0.02024248578213098,0.027497078342905955,-0.013200466026795163,-0.0012112327177646685,0.025218136757294594,0.00022549542821948817,0.21613169776155292,0.5157187008478828
shift_corrected,15,18,1,1,certified_reset,0,1,0.03159707723528879,0.0277969148594715,0.003800162375817289,0.011400487127451866,0.0,0.0,0,0,0.02024248578213098,0.027497078342905955,0.044100000814490864,-0.0278708626097528,0.02024248578213098,0.027497078342905955,-0.09354291244311619,0.0012988026774559919,0.21613169776155292,0.5157187008478828
shift_corrected,15,19,1,1,certified_reset,0,1,0.0277969148594715,0.02399675248365421,0.003800162375817289,0.007600324751634578,0.0,0.0,0,0,0.044100000814490864,-0.0278708626097528,0.0419254981155931,-0.04912254824092872,0.044100000814490864,-0.0278708626097528,-0.01589057372239157,0.002159207144149165,0.21613169776155292,0.5157187008478828
shift_corrected,15,20,0,0,certified_reset,0,1,0.02399675248365421,0.02019659010783692,0.003800162375817289,0.003800162375817289,0.0,0.0,0,0,0.0419254981155931,-0.04912254824092872,0.028455070421871207,-0.044819852812027994,0.0419254981155931,-0.04912254824092872,0.03332976325848743,0.0024498734281705385,0.1993127158291535,0.4701806519894993
shift_corrected,15,21,0,0,certified_reset,0,1,0.02019659010783692,0.01639642773201963,0.003800162375817289,0.0,0.0,0.0,0,0,0.028455070421871207,-0.044819852812027994,0.016832523655343396,-0.03225429134308429,0.028455070421871207,-0.044819852812027994,0.047197888610021714,0.0014901070893761346,0.1993127158291535,0.4701806519894993
shift_corrected,16,0,0,0,certified_reset,0,1,0.1,0.09619983762418272,0.003800162375817289,0.07980340989216307,0.0,0.0,0,0,1.4880433536944242,-0.056335665766768614,1.3226496078916432,-1.2450852942855168,1.4880433536944242,-0.056335665766768614,-2.428892960168723,2.68702813024007,0.1993127158291535,0.4701806519894993
shift_corrected,16,1,0,0,certified_reset,0,1,0.09619983762418272,0.09239967524836543,0.003800162375817289,0.07600324751634578,0.0,0.0,0,0,1.3226496078916432,-1.2450852942855168,0.9136912018474473,-1.3169499545075725,1.3226496078916432,-1.2450852942855168,0.399439946003335,2.1497255144044822,0.1993127158291535,0.4701806519894993
shift_corrected,16,2,0,0,certified_reset,0,1,0.09239967524836543,0.08859951287254814,0.003800162375817289,0.07220308514052849,0.0,0.0,0,0,0.9136912018474473,-1.3169499545075725,0.5381282173139635,-1.0059087252248518,0.9136912018474473,-1.3169499545075725,1.2539681119866746,1.394215790073161,0.1993127158291535,0.4701806519894993
shift_corrected,16,3,0,0,certified_reset,0,1,0.08859951287254814,0.08479935049673085,0.003800162375817289,0.0684029227647112,0.0,0.0,0,0,0.5381282173139635,-1.0059087252248518,0.25791048585710763,-0.6381162805814946,0.5381282173139635,-1.0059087252248518,1.2315353865700673,0.6638794218103188,0.1993127158291535,0.4701806519894993
shift_corrected,16,4,0,0,certified_reset,0,1,0.08479935049673085,0.08099918812091356,0.003800162375817289,0.06460276038889391,0.0,0.0,0,0,0.25791048585710763,-0.6381162805814946,0.09604320268046407,-0.3419473693808951,0.25791048585710763,-0.6381162805814946,0.9242349421935214,0.23665273387055646,0.1993127158291535,0.4701806519894993
shift_corrected,16,5,0,0,certified_reset,0,1,0.08099918812091356,0.07719902574509627,0.003800162375817289,0.06080259801307663,0.0,0.0,0,0,0.09604320268046407,-0.3419473693808951,0.008510597427798732,-0.11770134329273851,0.09604320268046407,-0.3419473693808951,0.5675080993819422,0.06422153306687764,0.1993127158291535,0.4701806519894993
shift_corrected,16,6,0,0,certified_reset,0,1,0.07719902574509627,0.07339886336927898,0.003800162375817289,0.05700243563725934,0.0,0.0,0,0,0.008510597427798732,-0.11770134329273851,-0.0234478353112108,-0.027463604212272008,0.008510597427798732,-0.11770134329273851,0.23740136882667567,0.00804458461546917,0.1993127158291535,0.4701806519894993
shift_corrected,16,7,0,0,certified_reset,0,1,0.07339886336927898,0.06959870099346169,0.003800162375817289,0.05320227326144205,0.0,0.0,0,0,-0.0234478353112108,-0.027463604212272008,-0.025545839898515294,0.016660446128828457,-0.0234478353112108,-0.027463604212272008,0.09896691398816043,0.0015219193750109412,0.1993127158291535,0.4701806519894993
shift_corrected,16,8,0,0,certified_reset,0,1,0.06959870099346169,0.0657985386176444,0.003800162375817289,0.04940211088562476,0.0,0.0,0,0,-0.025545839898515294,0.016660446128828457,-0.028196208658420943,0.01967498803876788,-0.025545839898515294,0.016660446128828457,0.00809982737831729,0.0007272311287081577,0.1993127158291535,0.4701806519894993
shift_corrected,16,9,0,0,certified_reset,0,1,0.0657985386176444,0.06199837624182711,0.003800162375817289,0.04560194850980747,0.0,0.0,0,0,-0.028196208658420943,0.01967498803876788,-0.02293287550721526,0.035250406128814964,-0.028196208658420943,0.01967498803876788,0.00618227715804622,0.0008948601153593389,0.1993127158291535,0.4701806519894993
shift_corrected,16,10,0,0,certified_reset,0,1,0.06199837624182711,0.05819821386600982,0.003800162375817289,0.04180178613399018,0.0,0.0,0,0,-0.02293287550721526,0.035250406128814964,-0.00961932464148169,0.026734421884216174,-0.02293287550721526,0.035250406128814964,-0.03617459621890426,0.0009412526750190935,0.1993127158291535,0.4701806519894993
shift_corrected,16,11,0,0,certified_reset,0,1,0.05819821386600982,0.05439805149019253,0.003800162375817289,0.03800162375817289,0.0,0.0,0,0,-0.00961932464148169,0.026734421884216174,-0.0016513430671070708,0.018613260847405874,-0.00961932464148169,0.026734421884216174,-0.040750681538148745,0.0004040631785949204,0.1993127158291535,0.4701806519894993
shift_corrected,16,12,0,0,certified_reset,0,1,0.05439805149019253,0.05059788911437524,0.003800162375817289,0.0342014613823556,0.0,0.0,0,0,-0.0016513430671070708,0.018613260847405874,0.005670405493519926,-0.0025208255423336172,-0.0016513430671070708,0.018613260847405874,-0.03701420642630134,0.0001989444219581835,0.1993127158291535,0.4701806519894993
shift_corrected,16,13,0,0,certified_reset,0,1,0.05059788911437524,0.04679772673855795,0.003800162375817289,0.030401299006538315,0.0,0.0,0,0,0.005670405493519926,-0.0025208255423336172,0.007240655282788621,-0.0016065252382924063,0.005670405493519926,-0.0025208255423336172,-0.00432308238463218,3.523726211900671e-05,0.1993127158291535,0.4701806519894993
shift_corrected,16,14,0,0,certified_reset,0,1,0.04679772673855795,0.04299756436274066,0.003800162375817289,0.026601136630721025,0.0,0.0,0,0,0.007240655282788621,-0.0016065252382924063,0.006005692025042826,-0.0022818317171466066,0.007240655282788621,-0.0016065252382924063,-0.008964409519964418,5.950117080282268e-05,0.1993127158291535,0.4701806519894993
shift_corrected,16,15,0,0,certified_reset,0,1,0.04299756436274066,0.03919740198692337,0.003800162375817289,0.022800974254903735,0.0,0.0,0,0,0.006005692025042826,-0.0022818317171466066,0.008494176387934333,-0.007577043060146197,0.006005692025042826,-0.0022818317171466066,-0.005411213540380471,3.971252425437482e-05,0.1993127158291535,0.4701806519894993
shift_corrected,16,16,0,0,certified_reset,0,1,0.03919740198692337,0.03539723961110608,0.003800162375817289,0.019000811879086445,0.0,0.0,0,0,0.008494176387934333,-0.007577043060146197,0.0026138947478868673,-0.01009264975551387,0.008494176387934333,-0.007577043060146197,0.0016635379944544657,8.672531658588806e-05,0.1993127158291535,0.4701806519894993
shift_corrected,16,17,0,0,certified_reset,0,1,0.03539723961110608,0.03159707723528879,0.003800162375817289,0.015200649503269156,0.0,0.0,0,0,0.0026138947478868673,-0.01009264975551387,0.0027416921400500085,0.0011495220511282284,0.0026138947478868673,-0.01009264975551387,0.01712696099228143,5.5764463951389476e-05,0.1993127158291535,0.4701806519894993
shift_corrected,16,18,0,0,certified_reset,0,1,0.03159707723528879,0.0277969148594715,0.003800162375817289,0.011400487127451866,0.0,0.0,0,0,0.0027416921400500085,0.0011495220511282284,0.0032472493599331603,-0.006821173755976836,0.0027416921400500085,0.0011495220511282284,-0.007156153395320188,1.194406854070772e-05,0.1993127158291535,0.4701806519894993
shift_corrected,16,19,0,0,certified_reset,0,1,0.0277969148594715,0.02399675248365421,0.003800162375817289,0.007600324751634578,0.0,0.0,0,0,0.0032472493599331603,-0.006821173755976836,0.001960433785647576,-0.0006611728179199785,0.0032472493599331603,-0.006821173755976836,0.009034413819655503,2.8706381903075688e-05,0.1993127158291535,0.4701806519894993
shift_corrected,16,20,0,0,certified_reset,0,1,0.02399675248365421,0.02019659010783692,0.003800162375817289,0.003800162375817289,0.0,0.0,0,0,0.001960433785647576,-0.0006611728179199785,-0.0072590702420527575,-0.01614411038354227,0.001960433785647576,-0.0006611728179199785,-0.001941029134798387,4.253995529868442e-06,0.1993127158291535,0.4701806519894993
shift_corrected,16,21,0,0,certified_reset,0,1,0.02019659010783692,0.01639642773201963,0.003800162375817289,0.0,0.0,0.0,0,0,-0.0072590702420527575,-0.01614411038354227,-0.01171357135333043,0.0015552155535385277,-0.0072590702420527575,-0.01614411038354227,0.04700035051248663,0.00029457481166178344,0.1993127158291535,0.4701806519894993
shift_corrected,17,0,1,1,certified_reset,0,1,0.1,0.09619983762418272,0.003800162375817289,0.07980340989216307,0.0,0.0,0,0,0.27302398133526823,-0.09416615414569221,0.22122654014597995,-0.2658387773980499,0.27302398133526823,-0.09416615414569221,-0.2661820048686068,0.08242713930807814,0.21613169776155292,0.5157187008478828
shift_corrected,17,1,1,1,certified_reset,0,1,0.09619983762418272,0.09239967524836543,0.003800162375817289,0.07600324751634578,0.0,0.0,0,0,0.22122654014597995,-0.2658387773980499,0.15214043476496233,-0.24963376835922546,0.22122654014597995,-0.2658387773980499,0.1900928988886687,0.06949957077371516,0.21613169776155292,0.5157187008478828
shift_corrected,17,2,1,1,certified_reset,0,1,0.09239967524836543,0.08859951287254814,0.003800162375817289,0.07220308514052849,0.0,0.0,0,0,0.15214043476496233,-0.24963376835922546,0.0833375764454588,-0.19666890675674586,0.15214043476496233,-0.24963376835922546,0.2737703334993672,0.044721982107126995,0.21613169776155292,0.5157187008478828
shift_corrected,17,3,1,1,certified_reset,0,1,0.08859951287254814,0.08479935049673085,0.003800162375817289,0.0684029227647112,0.0,0.0,0,0,0.0833375764454588,-0.19666890675674586,0.025839766122467613,-0.1122335092722868,0.0833375764454588,-0.19666890675674586,0.2782596172537419,0.022809089536562,0.21613169776155292,0.5157187008478828
shift_corrected,17,4,1,1,certified_reset,0,1,0.08479935049673085,0.08099918812091356,0.003800162375817289,0.06460276038889391,0.0,0.0,0,0,0.025839766122467613,-0.1122335092722868,0.0038240256216756207,-0.0389889743438414,0.025839766122467613,-0.1122335092722868,0.1960031918724265,0.006890163762091286,0.21613169776155292,0.5157187008478828
shift_corrected,17,5,1,1,certified_reset,0,1,0.08099918812091356,0.07719902574509627,0.003800162375817289,0.06080259801307663,0.0,0.0,0,0,0.0038240256216756207,-0.0389889743438414,-0.008305193415033262,-0.005774917436406907,0.0038240256216756207,-0.0389889743438414,0.07691792066677018,0.0008679675236273766,0.21613169776155292,0.5157187008478828
shift_corrected,17,6,1,1,certified_reset,0,1,0.07719902574509627,0.07339886336927898,0.003800162375817289,0.05700243563725934,0.0,0.0,0,0,-0.008305193415033262,-0.005774917436406907,-0.01589612777422137,-0.004621394236317574,-0.008305193415033262,-0.005774917436406907,0.026595953450820848,0.00013390123470709934,0.21613169776155292,0.5157187008478828
shift_corrected,17,7,1,1,certified_reset,0,1,0.07339886336927898,0.06959870099346169,0.003800162375817289,0.05320227326144205,0.0,0.0,0,0,-0.01589612777422137,-0.004621394236317574,-0.024120334029961485,0.011628728216867586,-0.01589612777422137,-0.004621394236317574,0.03712600298003407,0.00036829340716811927,0.21613169776155292,0.5157187008478828
shift_corrected,17,8,1,1,certified_reset,0,1,0.06959870099346169,0.0657985386176444,0.003800162375817289,0.04940211088562476,0.0,0.0,0,0,-0.024120334029961485,0.011628728216867586,-0.004951472911833758,0.01848007154340297,-0.024120334029961485,0.011628728216867586,0.01643452733402835,0.0006372048387977952,0.21613169776155292,0.5157187008478828
shift_corrected,17,9,0,0,certified_reset,0,1,0.0657985386176444,0.06199837624182711,0.003800162375817289,0.04560194850980747,0.0,0.0,0,0,-0.004951472911833758,0.01848007154340297,-0.003771713128932859,0.02614446003612133,-0.004951472911833758,0.01848007154340297,-0.031080601345142685,0.00018717564745700135,0.1993127158291535,0.4701806519894993
shift_corrected,17,10,0,0,certified_reset,0,1,0.06199837624182711,0.05819821386600982,0.003800162375817289,0.04180178613399018,0.0,0.0,0,0,-0.003771713128932859,0.02614446003612133,-0.012028206476805671,-0.003389812809406558,-0.003771713128932859,0.02614446003612133,-0.04950444785054197,0.00038116424613101317,0.1993127158291535,0.4701806519894993
shift_corrected,17,11,0,0,certified_reset,0,1,0.05819821386600982,0.05439805149019253,0.003800162375817289,0.03800162375817289,0.0,0.0,0,0,-0.012028206476805671,-0.003389812809406558,-0.015600822005721767,0.0091528797248586,-0.012028206476805671,-0.003389812809406558,0.027866290815858348,0.0002096728718760934,0.1993127158291535,0.4701806519894993
shift_corrected,17,12,0,0,certified_reset,0,1,0.05439805149019253,0.05059788911437524,0.003800162375817289,0.0342014613823556,0.0,0.0,0,0,-0.015600822005721767,0.0091528797248586,-0.015751704731884912,0.016248704900024002,-0.015600822005721767,0.0091528797248586,0.007136482381474371,0.000268403799531132,0.1993127158291535,0.4701806519894993
shift_corrected,17,13,0,0,certified_reset,0,1,0.05059788911437524,0.04679772673855795,0.003800162375817289,0.030401299006538315,0.0,0.0,0,0,-0.015751704731884912,0.016248704900024002,-0.009552838413285938,0.015274896045431753,-0.015751704731884912,0.016248704900024002,-0.0077925622252395105,0.0003189792267752399,0.1993127158291535,0.4701806519894993
shift_corrected,17,14,0,0,certified_reset,0,1,0.04679772673855795,0.04299756436274066,0.003800162375817289,0.026601136630721025,0.0,0.0,0,0,-0.009552838413285938,0.015274896045431753,-0.010656726384627925,0.01463321746211174,-0.009552838413285938,0.015274896045431753,-0.016331981764147532,0.00017092602431759385,0.1993127158291535,0.4701806519894993
shift_corrected,17,15,0,0,certified_reset,0,1,0.04299756436274066,0.03919740198692337,0.003800162375817289,0.022800974254903735,0.0,0.0,0,0,-0.010656726384627925,0.01463321746211174,-0.013811837715392239,0.012821339313987806,-0.010656726384627925,0.01463321746211174,-0.01307542420626837,0.00018077591801409745,0.1993127158291535,0.4701806519894993
shift_corrected,17,16,0,0,certified_reset,0,1,0.03919740198692337,0.03539723961110608,0.003800162375817289,0.019000811879086445,0.0,0.0,0,0,-0.013811837715392239,0.012821339313987806,-0.0025839434175210074,0.007083426607747939,-0.013811837715392239,0.012821339313987806,-0.0037881538246027488,0.00023301155527934202,0.1993127158291535,0.4701806519894993
shift_corrected,17,17,0,0,certified_reset,0,1,0.03539723961110608,0.03159707723528879,0.003800162375817289,0.015200649503269156,0.0,0.0,0,0,-0.0025839434175210074,0.007083426607747939,-0.007557229736124805,0.001181914558083925,-0.0025839434175210074,0.007083426607747939,-0.010735934749253152,2.844132030700572e-05,0.1993127158291535,0.4701806519894993
shift_corrected,17,18,0,0,certified_reset,0,1,0.03159707723528879,0.0277969148594715,0.003800162375817289,0.011400487127451866,0.0,0.0,0,0,-0.007557229736124805,0.001181914558083925,-0.01779152031762837,-0.008688018048285106,-0.007557229736124805,0.001181914558083925,0.010415373917963745,6.613935289830162e-05,0.1993127158291535,0.4701806519894993
shift_corrected,17,19,0,0,certified_reset,0,1,0.0277969148594715,0.02399675248365421,0.003800162375817289,0.007600324751634578,0.0,0.0,0,0,-0.01779152031762837,-0.008688018048285106,-0.015665778392106547,0.019388769405301515,-0.01779152031762837,-0.008688018048285106,0.049083605959011616,0.0005281446395295767,0.1993127158291535,0.4701806519894993
shift_corrected,17,20,0,0,certified_reset,0,1,0.02399675248365421,0.02019659010783692,0.003800162375817289,0.003800162375817289,0.0,0.0,0,0,-0.015665778392106547,0.019388769405301515,-0.010563128559695233,0.024256121240519995,-0.015665778392106547,0.019388769405301515,-0.0146688661969976,0.0003566117582340149,0.1993127158291535,0.4701806519894993
shift_corrected,17,21,0,0,certified_reset,0,1,0.02019659010783692,0.01639642773201963,0.003800162375817289,0.0,0.0,0.0,0,0,-0.010563128559695233,0.024256121240519995,-0.008813568525685479,0.024598144642561087,-0.010563128559695233,0.024256121240519995,-0.033828692028893895,0.00035021997172821035,0.1993127158291535,0.4701806519894993
shift_corrected,18,0,1,1,certified_reset,0,1,0.1,0.09619983762418272,0.003800162375817289,0.07980340989216307,0.0,0.0,0,0,1.156199241313046,-0.4462439843384827,0.9351775989856301,-1.0479332135640136,1.156199241313046,-0.4462439843384827,-1.025584538813787,1.4707260007027452,0.21613169776155292,0.5157187008478828
shift_corrected,18,1,1,1,certified_reset,0,1,0.09619983762418272,0.09239967524836543,0.003800162375817289,0.07600324751634578,0.0,0.0,0,0,0.9351775989856301,-1.0479332135640136,0.6185810275342694,-0.9793331149770756,0.9351775989856301,-1.0479332135640136,0.641234190202342,1.1819926496019344,0.21613169776155292,0.5157187008478828
shift_corrected,18,2,1,1,certified_reset,0,1,0.09239967524836543,0.08859951287254814,0.003800162375817289,0.07220308514052849,0.0,0.0,0,0,0.6185810275342694,-0.9793331149770756,0.3433942186568486,-0.6867145372399125,0.6185810275342694,-0.9793331149770756,1.036798322776305,0.7084118861169688,0.21613169776155292,0.5157187008478828
shift_corrected,18,3,1,1,certified_reset,0,1,0.08859951287254814,0.08479935049673085,0.003800162375817289,0.0684029227647112,0.0,0.0,0,0,0.3433942186568486,-0.6867145372399125,0.17138639505460743,-0.39198281356568737,0.3433942186568486,-0.6867145372399125,0.8818281212985437,0.29802347016213787,0.21613169776155292,0.5157187008478828
shift_corrected,18,4,1,1,certified_reset,0,1,0.08479935049673085,0.08099918812091356,0.003800162375817289,0.06460276038889391,0.0,0.0,0,0,0.17138639505460743,-0.39198281356568737,0.05991831908015731,-0.22560996751221749,0.17138639505460743,-0.39198281356568737,0.5455405295313192,0.09159508549143705,0.21613169776155292,0.5157187008478828
shift_corrected,18,5,1,1,certified_reset,0,1,0.08099918812091356,0.07719902574509627,0.003800162375817289,0.06080259801307663,0.0,0.0,0,0,0.05991831908015731,-0.22560996751221749,0.00021187116640263796,-0.0809721537965524,0.05991831908015731,-0.22560996751221749,0.38034132164055734,0.027887930997390373,0.21613169776155292,0.5157187008478828
shift_corrected,18,6,1,1,certified_reset,0,1,0.07719902574509627,0.07339886336927898,0.003800162375817289,0.05700243563725934,0.0,0.0,0,0,0.00021187116640263796,-0.0809721537965524,-0.005527738382664078,-0.00488097488202199,0.00021187116640263796,-0.0809721537965524,0.17298517721711443,0.004033077034951205,0.21613169776155292,0.5157187008478828
shift_corrected,18,7,1,1,certified_reset,0,1,0.07339886336927898,0.06959870099346169,0.003800162375817289,0.05320227326144205,0.0,0.0,0,0,-0.005527738382664078,-0.00488097488202199,0.0018075071127239255,0.029696328224834277,-0.005527738382664078,-0.00488097488202199,0.019919912487182136,6.825610365666967e-05,0.21613169776155292,0.5157187008478828
shift_corrected,18,8,1,1,certified_reset,0,1,0.06959870099346169,0.0657985386176444,0.003800162375817289,0.04940211088562476,0.0,0.0,0,0,0.0018075071127239255,0.029696328224834277,0.017609026128672142,-0.021044052205593296,0.0018075071127239255,0.029696328224834277,-0.06667373821289461,0.0005793660488543481,0.21613169776155292,0.5157187008478828
shift_corrected,18,9,1,1,certified_reset,0,1,0.0657985386176444,0.06199837624182711,0.003800162375817289,0.04560194850980747,0.0,0.0,0,0,0.017609026128672142,-0.021044052205593296,0.006457158457691771,-0.015360281099798413,0.017609026128672142,-0.021044052205593296,0.014881217142488173,0.00043850688439954293,0.21613169776155292,0.5157187008478828
shift_corrected,18,10,1,1,certified_reset,0,1,0.06199837624182711,0.05819821386600982,0.003800162375817289,0.04180178613399018,0.0,0.0,0,0,0.006457158457691771,-0.015360281099798413,0.01833906027649876,-0.010122980712289328,0.006457158457691771,-0.015360281099798413,0.021813618614658015,0.00013874617077920683,0.21613169776155292,0.5157187008478828
shift_corrected,18,11,1,1,certified_reset,0,1,0.05819821386600982,0.05439805149019253,0.003800162375817289,0.03800162375817289,0.0,0.0,0,0,0.01833906027649876,-0.010122980712289328,0.006388140363404667,-0.015323657649897373,0.01833906027649876,-0.010122980712289328,-0.009749587993712963,0.0003695441737341723,0.21613169776155292,0.5157187008478828
shift_corrected,18,12,1,1,certified_reset,0,1,0.05439805149019253,0.05059788911437524,0.003800162375817289,0.0342014613823556,0.0,0.0,0,0,0.006388140363404667,-0.015323657649897373,0.009005832652981001,0.010848845047639203,0.006388140363404667,-0.015323657649897373,0.021861867311068154,0.0001377472576315145,0.21613169776155292,0.5157187008478828
shift_corrected,18,13,1,1,certified_reset,0,1,0.05059788911437524,0.04679772673855795,0.003800162375817289,0.030401299006538315,0.0,0.0,0,0,0.009005832652981001,0.010848845047639203,-0.0004965607295530482,0.008601921096174562,0.009005832652981001,0.010848845047639203,-0.0386563882899422,0.00023007468994024267,0.21613169776155292,0.5157187008478828
shift_corrected,18,14,0,0,certified_reset,0,1,0.04679772673855795,0.04299756436274066,0.003800162375817289,0.026601136630721025,0.0,0.0,0,0,-0.0004965607295530482,0.008601921096174562,-0.0012245835376107645,0.005928547382773788,-0.0004965607295530482,0.008601921096174562,-0.01755991599612183,4.341288617760592e-05,0.1993127158291535,0.4701806519894993
shift_corrected,18,15,0,0,certified_reset,0,1,0.04299756436274066,0.03919740198692337,0.003800162375817289,0.022800974254903735,0.0,0.0,0,0,-0.0012245835376107645,0.005928547382773788,-0.0051301446329397185,0.005299762869934922,-0.0012245835376107645,0.005928547382773788,-0.01059582913013778,1.9268250954441885e-05,0.1993127158291535,0.4701806519894993
shift_corrected,18,16,0,0,certified_reset,0,1,0.03919740198692337,0.03539723961110608,0.003800162375817289,0.019000811879086445,0.0,0.0,0,0,-0.0051301446329397185,0.005299762869934922,0.008877675412509237,0.0006606938889309102,-0.0051301446329397185,0.005299762869934922,-0.002559248496233535,3.3864235803503296e-05,0.1993127158291535,0.4701806519894993
shift_corrected,18,17,0,0,certified_reset,0,1,0.03539723961110608,0.03159707723528879,0.003800162375817289,0.015200649503269156,0.0,0.0,0,0,0.008877675412509237,0.0006606938889309102,0.010373291724154642,-0.016414404922661278,0.008877675412509237,0.0006606938889309102,-0.016623047220158612,0.00010102830574427854,0.1993127158291535,0.4701806519894993
shift_corrected,18,18,0,0,certified_reset,0,1,0.03159707723528879,0.0277969148594715,0.003800162375817289,0.011400487127451866,0.0,0.0,0,0,0.010373291724154642,-0.016414404922661278,0.00655169507621469,-0.006758586665111486,0.010373291724154642,-0.016414404922661278,0.01736596256800692,0.0001990894859087603,0.1993127158291535,0.4701806519894993
shift_corrected,18,19,1,1,certified_reset,0,1,0.0277969148594715,0.02399675248365421,0.003800162375817289,0.007600324751634578,0.0,0.0,0,0,0.00655169507621469,-0.006758586665111486,0.012911481757780913,-0.0029243723074496982,0.00655169507621469,-0.006758586665111486,0.0032413054769680266,5.518481669475334e-05,0.21613169776155292,0.5157187008478828
shift_corrected,18,20,1,1,certified_reset,0,1,0.02399675248365421,0.02019659010783692,0.003800162375817289,0.003800162375817289,0.0,0.0,0,0,0.012911481757780913,-0.0029243723074496982,-0.007185585055976988,-0.012236421231437823,0.012911481757780913,-0.0029243723074496982,-0.01585880913526965,0.00018896449570476694,0.21613169776155292,0.5157187008478828
shift_corrected,18,21,1,1,certified_reset,0,1,0.02019659010783692,0.01639642773201963,0.003800162375817289,0.0,0.0,0.0,0,0,-0.007185585055976988,-0.012236421231437823,-0.01779436411332301,-0.0031506525072891277,-0.007185585055976988,-0.012236421231437823,0.038509242598372025,0.00020770207497499706,0.21613169776155292,0.5157187008478828
shift_corrected,19,0,0,0,certified_reset,0,1,0.1,0.09619983762418272,0.003800162375817289,0.07980340989216307,0.0,0.0,0,0,-2.130111770178736,0.19886680599379297,-1.8619274452408412,1.7995416672110058,-2.130111770178736,0.19886680599379297,3.2238178437416725,5.378703274255709,0.1993127158291535,0.4701806519894993
shift_corrected,19,1,0,0,certified_reset,0,1,0.09619983762418272,0.09239967524836543,0.003800162375817289,0.07600324751634578,0.0,0.0,0,0,-1.8619274452408412,1.7995416672110058,-1.2775951964436303,1.87214494203096,-1.8619274452408412,1.7995416672110058,-0.6624988354594895,4.311473740907042,0.1993127158291535,0.4701806519894993
shift_corrected,19,2,0,0,certified_reset,0,1,0.09239967524836543,0.08859951287254814,0.003800162375817289,0.07220308514052849,0.0,0.0,0,0,-1.2775951964436303,1.87214494203096,-0.7291934008638282,1.4143114876430656,-1.2775951964436303,1.87214494203096,-1.8190859931690528,2.7732070650123717,0.1993127158291535,0.4701806519894993
shift_corrected,19,3,0,0,certified_reset,0,1,0.08859951287254814,0.08479935049673085,0.003800162375817289,0.0684029227647112,0.0,0.0,0,0,-0.7291934008638282,1.4143114876430656,-0.34115544180456703,0.8535027061397561,-0.7291934008638282,1.4143114876430656,-1.7785143260408813,1.284841318517753,0.1993127158291535,0.4701806519894993
shift_corrected,19,4,1,1,certified_reset,0,1,0.08479935049673085,0.08099918812091356,0.003800162375817289,0.06460276038889391,0.0,0.0,0,0,-0.34115544180456703,0.8535027061397561,-0.1048243170887878,0.45412517969132127,-0.34115544180456703,0.8535027061397561,-1.2427226187118943,0.4220525133844929,0.21613169776155292,0.5157187008478828
shift_corrected,19,5,0,0,certified_reset,0,1,0.08099918812091356,0.07719902574509627,0.003800162375817289,0.06080259801307663,0.0,0.0,0,0,-0.1048243170887878,0.45412517969132127,0.003205000107258991,0.17270859284232484,-0.1048243170887878,0.45412517969132127,-0.7926244753200926,0.11280584187066561,0.1993127158291535,0.4701806519894993
shift_corrected,19,6,0,0,certified_reset,0,1,0.07719902574509627,0.07339886336927898,0.003800162375817289,0.05700243563725934,0.0,0.0,0,0,0.003205000107258991,0.17270859284232484,0.04108134778608981,0.03447707108296402,0.003205000107258991,0.17270859284232484,-0.3752363659277327,0.01873152296125362,0.1993127158291535,0.4701806519894993
shift_corrected,19,7,0,0,certified_reset,0,1,0.07339886336927898,0.06959870099346169,0.003800162375817289,0.05320227326144205,0.0,0.0,0,0,0.04108134778608981,0.03447707108296402,0.04465345945111208,-0.023358494421851506,0.04108134778608981,0.03447707108296402,-0.14419375369657714,0.003648191331945337,0.1993127158291535,0.4701806519894993
shift_corrected,19,8,0,0,certified_reset,0,1,0.06959870099346169,0.0657985386176444,0.003800162375817289,0.04940211088562476,0.0,0.0,0,0,0.04465345945111208,-0.023358494421851506,0.03383296420361493,-0.02865305406723547,0.04465345945111208,-0.023358494421851506,-0.02649749863283507,0.002186505651069795,0.1993127158291535,0.4701806519894993
shift_corrected,19,9,0,0,certified_reset,0,1,0.0657985386176444,0.06199837624182711,0.003800162375817289,0.04560194850980747,0.0,0.0,0,0,0.03383296420361493,-0.02865305406723547,0.03393564471849924,-0.02975836199952716,0.03383296420361493,-0.02865305406723547,0.0033753514864510834,0.001350830283460636,0.1993127158291535,0.4701806519894993
shift_corrected,19,10,0,0,certified_reset,0,1,0.06199837624182711,0.05819821386600982,0.003800162375817289,0.04180178613399018,0.0,0.0,0,0,0.03393564471849924,-0.02975836199952716,0.02092395781171003,-0.025862888222588747,0.03393564471849924,-0.02975836199952716,0.005561078572570967,0.0013754920572751556,0.1993127158291535,0.4701806519894993
shift_corrected,19,11,1,1,certified_reset,0,1,0.05819821386600982,0.05439805149019253,0.003800162375817289,0.03800162375817289,0.0,0.0,0,0,0.02092395781171003,-0.025862888222588747,0.011147188225686831,-0.02525409071868953,0.02092395781171003,-0.025862888222588747,0.01951458291014954,0.000635499773002319,0.21613169776155292,0.5157187008478828
shift_corrected,19,12,1,1,certified_reset,0,1,0.05439805149019253,0.05059788911437524,0.003800162375817289,0.0342014613823556,0.0,0.0,0,0,0.011147188225686831,-0.02525409071868953,-0.008399934276008613,0.005729272207990079,0.011147188225686831,-0.02525409071868953,0.03495991390917731,0.00038147772628880847,0.21613169776155292,0.5157187008478828
shift_corrected,19,13,1,1,certified_reset,0,1,0.05059788911437524,0.04679772673855795,0.003800162375817289,0.030401299006538315,0.0,0.0,0,0,-0.008399934276008613,0.005729272207990079,-0.029765974604887425,-0.006416277308047478,-0.008399934276008613,0.005729272207990079,0.0021255470001510443,7.91264718535643e-05,0.21613169776155292,0.5157187008478828
shift_corrected,19,14,1,1,certified_reset,0,1,0.04679772673855795,0.04299756436274066,0.003800162375817289,0.026601136630721025,0.0,0.0,0,0,-0.029765974604887425,-0.006416277308047478,-0.015914348718134803,0.031503436038319066,-0.029765974604887425,-0.006416277308047478,0.06473666265099746,0.0012315722370973684,0.21613169776155292,0.5157187008478828
shift_corrected,19,15,1,1,certified_reset,0,1,0.04299756436274066,0.03919740198692337,0.003800162375817289,0.022800974254903735,0.0,0.0,0,0,-0.015914348718134803,0.031503436038319066,-0.008825084477070214,0.026652691993630025,-0.015914348718134803,0.031503436038319066,-0.04017900657218932,0.0006305313212077566,0.21613169776155292,0.5157187008478828
shift_corrected,19,16,1,1,certified_reset,0,1,0.03919740198692337,0.03539723961110608,0.003800162375817289,0.019000811879086445,0.0,0.0,0,0,-0.008825084477070214,0.026652691993630025,-0.0013238874378684064,-0.0011668768223537327,-0.008825084477070214,0.026652691993630025,-0.041937289677282524,0.0003961725148923578,0.21613169776155292,0.5157187008478828
shift_corrected,19,17,1,1,certified_reset,0,1,0.03539723961110608,0.03159707723528879,0.003800162375817289,0.015200649503269156,0.0,0.0,0,0,-0.0013238874378684064,-0.0011668768223537327,-0.016307425261582378,-0.002434424888435136,-0.0013238874378684064,-0.0011668768223537327,0.004762453137225929,3.907555118524207e-06,0.21613169776155292,0.5157187008478828
shift_corrected,19,18,1,1,certified_reset,0,1,0.03159707723528879,0.0277969148594715,0.003800162375817289,0.011400487127451866,0.0,0.0,0,0,-0.016307425261582378,-0.002434424888435136,-0.0022406494733556385,0.04706536664865505,-0.016307425261582378,-0.002434424888435136,0.03315202091837052,0.00035533824407421935,0.21613169776155292,0.5157187008478828
shift_corrected,19,19,1,1,certified_reset,0,1,0.0277969148594715,0.02399675248365421,0.003800162375817289,0.007600324751634578,0.0,0.0,0,0,-0.0022406494733556385,0.04706536664865505,-0.008099500216568054,-0.039868699910328695,-0.0022406494733556385,0.04706536664865505,-0.09692262532861945,0.0013103273185528872,0.21613169776155292,0.5157187008478828
shift_corrected,19,20,1,1,certified_reset,0,1,0.02399675248365421,0.02019659010783692,0.003800162375817289,0.003800162375817289,0.0,0.0,0,0,-0.008099500216568054,-0.039868699910328695,-0.017336628868182036,-0.019896174525839853,-0.008099500216568054,-0.039868699910328695,0.09923184763116003,0.0012507369786366475,0.21613169776155292,0.5157187008478828
shift_corrected,19,21,1,1,certified_reset,0,1,0.02019659010783692,0.01639642773201963,0.003800162375817289,0.0,0.0,0.0,0,0,-0.017336628868182036,-0.019896174525839853,-0.032148150107453206,0.006124136193572388,-0.017336628868182036,-0.019896174525839853,0.07230170556776627,0.0008177260709443896,0.21613169776155292,0.5157187008478828
shift_corrected,20,0,0,0,certified_reset,0,1,0.1,0.09619983762418272,0.003800162375817289,0.07980340989216307,0.0,0.0,0,0,2.4953941851503125,0.36405400151728934,2.38201402486145,-1.6250246672312367,2.4953941851503125,0.36405400151728934,-4.0,7.54012596828718,0.1993127158291535,0.4701806519894993
shift_corrected,20,1,0,0,certified_reset,0,1,0.09619983762418272,0.09239967524836543,0.003800162375817289,0.07600324751634578,0.0,0.0,0,0,2.38201402486145,-1.6250246672312367,1.7854003054950738,-2.265750124723887,2.38201402486145,-1.6250246672312367,-0.6021887845366901,6.363177613491885,0.1993127158291535,0.4701806519894993
shift_corrected,20,2,0,0,certified_reset,0,1,0.09239967524836543,0.08859951287254814,0.003800162375817289,0.07220308514052849,0.0,0.0,0,0,1.7854003054950738,-2.265750124723887,1.1073863742316952,-1.9077257971802841,1.7854003054950738,-2.265750124723887,1.7917118847669844,4.727878676024701,0.1993127158291535,0.4701806519894993
shift_corrected,20,3,0,0,certified_reset,0,1,0.08859951287254814,0.08479935049673085,0.003800162375817289,0.0684029227647112,0.0,0.0,0,0,1.1073863742316952,-1.9077257971802841,0.5728468548869383,-1.2877232326895511,1.1073863742316952,-1.9077257971802841,2.1868770233781283,2.518753500371142,0.1993127158291535,0.4701806519894993
shift_corrected,20,4,0,0,certified_reset,0,1,0.08479935049673085,0.08099918812091356,0.003800162375817289,0.06460276038889391,0.0,0.0,0,0,0.5728468548869383,-1.2877232326895511,0.236117097431633,-0.713601208373605,0.5728468548869383,-1.2877232326895511,1.775375477576618,0.9948679470663964,0.1993127158291535,0.4701806519894993
shift_corrected,20,5,0,0,certified_reset,0,1,0.08099918812091356,0.07719902574509627,0.003800162375817289,0.06080259801307663,0.0,0.0,0,0,0.236117097431633,-0.713601208373605,0.0641683114141911,-0.33825120360914784,0.236117097431633,-0.713601208373605,1.1231748478366175,0.2839796939526313,0.1993127158291535,0.4701806519894993
shift_corrected,20,6,0,0,certified_reset,0,1,0.07719902574509627,0.07339886336927898,0.003800162375817289,0.05700243563725934,0.0,0.0,0,0,0.0641683114141911,-0.33825120360914784,-0.022385738041301586,-0.10889008013952349,0.0641683114141911,-0.33825120360914784,0.614205432064841,0.06290090639774455,0.1993127158291535,0.4701806519894993
shift_corrected,20,7,0,0,certified_reset,0,1,0.07339886336927898,0.06959870099346169,0.003800162375817289,0.05320227326144205,0.0,0.0,0,0,-0.022385738041301586,-0.10889008013952349,-0.03729838984241201,-0.009392970123963413,-0.022385738041301586,-0.10889008013952349,0.2714732278741535,0.009361200732044706,0.1993127158291535,0.4701806519894993
shift_corrected,20,8,0,0,certified_reset,0,1,0.06959870099346169,0.0657985386176444,0.003800162375817289,0.04940211088562476,0.0,0.0,0,0,-0.03729838984241201,-0.009392970123963413,-0.033286064087588454,0.034438616652373494,-0.03729838984241201,-0.009392970123963413,0.08401274368716091,0.0019778781449215285,0.1993127158291535,0.4701806519894993
shift_corrected,20,9,0,0,certified_reset,0,1,0.0657985386176444,0.06199837624182711,0.003800162375817289,0.04560194850980747,0.0,0.0,0,0,-0.033286064087588454,0.034438616652373494,-0.01812397986041244,0.03229437041275565,-0.033286064087588454,0.034438616652373494,-0.01669973674211261,0.0014267771382557993,0.1993127158291535,0.4701806519894993
shift_corrected,20,10,0,0,certified_reset,0,1,0.06199837624182711,0.05819821386600982,0.003800162375817289,0.04180178613399018,0.0,0.0,0,0,-0.01812397986041244,0.03229437041275565,-0.010027698165740189,0.02396275655125976,-0.01812397986041244,0.03229437041275565,-0.03808313867172009,0.0007052362721568597,0.1993127158291535,0.4701806519894993
shift_corrected,20,11,0,0,certified_reset,0,1,0.05819821386600982,0.05439805149019253,0.003800162375817289,0.03800162375817289,0.0,0.0,0,0,-0.010027698165740189,0.02396275655125976,-0.005230509727991371,0.007614066995559864,-0.010027698165740189,0.02396275655125976,-0.03411588399145389,0.00033721963912839196,0.1993127158291535,0.4701806519894993
shift_corrected,20,12,0,0,certified_reset,0,1,0.05439805149019253,0.05059788911437524,0.003800162375817289,0.0342014613823556,0.0,0.0,0,0,-0.005230509727991371,0.007614066995559864,-0.005411597701076713,0.011247972658033453,-0.005230509727991371,0.007614066995559864,-0.00734457461809002,4.616715817348624e-05,0.1993127158291535,0.4701806519894993
shift_corrected,20,13,0,0,certified_reset,0,1,0.05059788911437524,0.04679772673855795,0.003800162375817289,0.030401299006538315,0.0,0.0,0,0,-0.005411597701076713,0.011247972658033453,0.0006199760237729801,0.012403574148645631,-0.005411597701076713,0.011247972658033453,-0.014799122873009898,7.843573493210137e-05,0.1993127158291535,0.4701806519894993
shift_corrected,20,14,0,0,certified_reset,0,1,0.04679772673855795,0.04299756436274066,0.003800162375817289,0.026601136630721025,0.0,0.0,0,0,0.0006199760237729801,0.012403574148645631,-0.002322986257781493,-0.006786531087291948,0.0006199760237729801,0.012403574148645631,-0.027613808367555028,9.984832619009507e-05,0.1993127158291535,0.4701806519894993
shift_corrected,20,15,0,0,certified_reset,0,1,0.04299756436274066,0.03919740198692337,0.003800162375817289,0.022800974254903735,0.0,0.0,0,0,-0.002322986257781493,-0.006786531087291948,-0.01039613101994866,-0.0030246476275642806,-0.002322986257781493,-0.006786531087291948,0.01850633596774255,4.430927387961361e-05,0.1993127158291535,0.4701806519894993
shift_corrected,20,16,0,0,certified_reset,0,1,0.03919740198692337,0.03539723961110608,0.003800162375817289,0.019000811879086445,0.0,0.0,0,0,-0.01039613101994866,-0.0030246476275642806,-0.010554340489971201,0.0010014739455924118,-0.01039613101994866,-0.0030246476275642806,0.024282610767813736,0.00015753827835776282,0.1993127158291535,0.4701806519894993
shift_corrected,20,17,0,0,certified_reset,0,1,0.03539723961110608,0.03159707723528879,0.003800162375817289,0.015200649503269156,0.0,0.0,0,0,-0.010554340489971201,0.0010014739455924118,-0.008227808400181062,0.005773341355460587,-0.010554340489971201,0.0010014739455924118,0.015942046554424844,0.00013197674856164657,0.1993127158291535,0.4701806519894993
shift_corrected,20,18,0,0,certified_reset,0,1,0.03159707723528879,0.0277969148594715,0.003800162375817289,0.011400487127451866,0.0,0.0,0,0,-0.008227808400181062,0.005773341355460587,-0.011526813982656814,0.011580259308407698,-0.008227808400181062,0.005773341355460587,0.0017404945628172806,7.627204437761364e-05,0.1993127158291535,0.4701806519894993
shift_corrected,20,19,0,0,certified_reset,0,1,0.0277969148594715,0.02399675248365421,0.003800162375817289,0.007600324751634578,0.0,0.0,0,0,-0.011526813982656814,0.011580259308407698,-0.019316644555476513,0.006562765001199821,-0.011526813982656814,0.011580259308407698,-0.005045801937704646,0.00016842985137882695,0.1993127158291535,0.4701806519894993
shift_corrected,20,20,0,0,certified_reset,0,1,0.02399675248365421,0.02019659010783692,0.003800162375817289,0.003800162375817289,0.0,0.0,0,0,-0.019316644555476513,0.006562765001199821,-0.012740229912976917,0.02254539121922533,-0.019316644555476513,0.006562765001199821,0.01904291394291746,0.00041291083371285255,0.1993127158291535,0.4701806519894993
shift_corrected,20,21,0,0,certified_reset,0,1,0.02019659010783692,0.01639642773201963,0.003800162375817289,0.0,0.0,0.0,0,0,-0.012740229912976917,0.02254539121922533,0.012851346454274843,0.06587225705125396,-0.012740229912976917,0.02254539121922533,-0.026439268711452673,0.00034530991894220447,0.1993127158291535,0.4701806519894993
shift_corrected,21,0,1,1,certified_reset,0,1,0.1,0.09619983762418272,0.003800162375817289,0.07980340989216307,0.0,0.0,0,0,-0.5022334165442951,-0.23013029291167753,-0.5033987870416299,0.37366516316392656,-0.5022334165442951,-0.23013029291167753,1.3531672459610515,0.4119633202660044,0.21613169776155292,0.5157187008478828
shift_corrected,21,1,1,1,certified_reset,0,1,0.09619983762418272,0.09239967524836543,0.003800162375817289,0.07600324751634578,0.0,0.0,0,0,-0.5033987870416299,0.37366516316392656,-0.368646712882178,0.47673642466137567,-0.5033987870416299,0.37366516316392656,0.06251246818553746,0.288629377029857,0.21613169776155292,0.5157187008478828
shift_corrected,21,2,1,1,certified_reset,0,1,0.09239967524836543,0.08859951287254814,0.003800162375817289,0.07220308514052849,0.0,0.0,0,0,-0.368646712882178,0.47673642466137567,-0.21010843743561633,0.4072272214023847,-0.368646712882178,0.47673642466137567,-0.38901859298687946,0.20482664082372215,0.21613169776155292,0.5157187008478828
shift_corrected,21,3,1,1,certified_reset,0,1,0.08859951287254814,0.08479935049673085,0.003800162375817289,0.0684029227647112,0.0,0.0,0,0,-0.21010843743561633,0.4072272214023847,-0.10098607424429222,0.25953783451803725,-0.21010843743561633,0.4072272214023847,-0.511837362264683,0.10656225677721849,0.21613169776155292,0.5157187008478828
shift_corrected,21,4,1,1,certified_reset,0,1,0.08479935049673085,0.08099918812091356,0.003800162375817289,0.06460276038889391,0.0,0.0,0,0,-0.10098607424429222,0.25953783451803725,-0.0269574727140591,0.125813823170064,-0.10098607424429222,0.25953783451803725,-0.3826156299001749,0.03874973669736433,0.21613169776155292,0.5157187008478828
shift_corrected,21,5,1,1,certified_reset,0,1,0.08099918812091356,0.07719902574509627,0.003800162375817289,0.06080259801307663,0.0,0.0,0,0,-0.0269574727140591,0.125813823170064,-0.01951594376501623,0.059482151504382894,-0.0269574727140591,0.125813823170064,-0.22316058716144047,0.008668036673275384,0.21613169776155292,0.5157187008478828
shift_corrected,21,6,1,1,certified_reset,0,1,0.07719902574509627,0.07339886336927898,0.003800162375817289,0.05700243563725934,0.0,0.0,0,0,-0.01951594376501623,0.059482151504382894,-0.0024078072223676764,0.021374757341390115,-0.01951594376501623,0.059482151504382894,-0.09390553090864423,0.001970863546755613,0.21613169776155292,0.5157187008478828
shift_corrected,21,7,1,1,certified_reset,0,1,0.07339886336927898,0.06959870099346169,0.003800162375817289,0.05320227326144205,0.0,0.0,0,0,-0.0024078072223676764,0.021374757341390115,-0.011858092528237035,0.0021980572761950215,-0.0024078072223676764,0.021374757341390115,-0.041637921103156436,0.00025871491637432804,0.21613169776155292,0.5157187008478828
shift_corrected,21,8,1,1,certified_reset,0,1,0.06959870099346169,0.0657985386176444,0.003800162375817289,0.04940211088562476,0.0,0.0,0,0,-0.011858092528237035,0.0021980572761950215,-0.007452619785847735,0.035924604525441446,-0.011858092528237035,0.0021980572761950215,0.01561187023026292,0.00016132066172251506,0.21613169776155292,0.5157187008478828
shift_corrected,21,9,1,1,certified_reset,0,1,0.0657985386176444,0.06199837624182711,0.003800162375817289,0.04560194850980747,0.0,0.0,0,0,-0.007452619785847735,0.035924604525441446,0.01611121393352374,0.024033330310705016,-0.007452619785847735,0.035924604525441446,-0.06414188665003961,0.0007073203740918736,0.21613169776155292,0.5157187008478828
shift_corrected,21,10,1,1,certified_reset,0,1,0.06199837624182711,0.05819821386600982,0.003800162375817289,0.04180178613399018,0.0,0.0,0,0,0.01611121393352374,0.024033330310705016,0.030345205226281972,0.004425981446987458,0.01611121393352374,0.024033330310705016,-0.07905767734765683,0.0009039807636761296,0.21613169776155292,0.5157187008478828
shift_corrected,21,11,1,1,certified_reset,0,1,0.05819821386600982,0.05439805149019253,0.003800162375817289,0.03800162375817289,0.0,0.0,0,0,0.030345205226281972,0.004425981446987458,0.023234250760922427,-0.02397564984670093,0.030345205226281972,0.004425981446987458,-0.06146698784909816,0.0012279840557867345,0.21613169776155292,0.5157187008478828
shift_corrected,21,12,1,1,certified_reset,0,1,0.05439805149019253,0.05059788911437524,0.003800162375817289,0.0342014613823556,0.0,0.0,0,0,0.023234250760922427,-0.02397564984670093,0.0010573938014280405,-0.03114824992583088,0.023234250760922427,-0.02397564984670093,0.011521886589181659,0.0006941586644602442,0.21613169776155292,0.5157187008478828
shift_corrected,21,13,1,1,certified_reset,0,1,0.05059788911437524,0.04679772673855795,0.003800162375817289,0.030401299006538315,0.0,0.0,0,0,0.0010573938014280405,-0.03114824992583088,0.01620201228481341,0.021511997888911817,0.0010573938014280405,-0.03114824992583088,0.06487430025379129,0.0005803654366853294,0.21613169776155292,0.5157187008478828
shift_corrected,21,14,1,1,certified_reset,0,1,0.04679772673855795,0.04299756436274066,0.003800162375817289,0.026601136630721025,0.0,0.0,0,0,0.01620201228481341,0.021511997888911817,0.030651902343397156,-0.003792226157930072,0.01620201228481341,0.021511997888911817,-0.0738145316720609,0.0008140835222476358,0.21613169776155292,0.5157187008478828
shift_corrected,21,15,1,1,certified_reset,0,1,0.04299756436274066,0.03919740198692337,0.003800162375817289,0.022800974254903735,0.0,0.0,0,0,0.030651902343397156,-0.003792226157930072,0.04583631895094394,-0.049674871260840164,0.030651902343397156,-0.003792226157930072,-0.04439618313629825,0.001100816048243117,0.21613169776155292,0.5157187008478828
shift_corrected,21,16,1,1,certified_reset,0,1,0.03919740198692337,0.03539723961110608,0.003800162375817289,0.019000811879086445,0.0,0.0,0,0,0.04583631895094394,-0.049674871260840164,0.0410488132515929,-0.04325926913852365,0.04583631895094394,-0.049674871260840164,0.027811806129031464,0.0027797460684806305,0.21613169776155292,0.5157187008478828
shift_corrected,21,17,1,1,certified_reset,0,1,0.03539723961110608,0.03159707723528879,0.003800162375817289,0.015200649503269156,0.0,0.0,0,0,0.0410488132515929,-0.04325926913852365,0.0354578897059622,-0.02953240081596321,0.0410488132515929,-0.04325926913852365,0.022284236267579662,0.0021925731358463,0.21613169776155292,0.5157187008478828
shift_corrected,21,18,1,1,certified_reset,0,1,0.03159707723528879,0.0277969148594715,0.003800162375817289,0.011400487127451866,0.0,0.0,0,0,0.0354578897059622,-0.02953240081596321,0.01473582553349038,-0.041762315120344305,0.0354578897059622,-0.02953240081596321,0.0024808154443233155,0.0014757949725103597,0.21613169776155292,0.5157187008478828
shift_corrected,21,19,1,1,certified_reset,0,1,0.0277969148594715,0.02399675248365421,0.003800162375817289,0.007600324751634578,0.0,0.0,0,0,0.01473582553349038,-0.041762315120344305,-0.001608649547339156,-0.019320769477601606,0.01473582553349038,-0.041762315120344305,0.06416194233743519,0.0009825076827671903,0.21613169776155292,0.5157187008478828
shift_corrected,21,20,1,1,certified_reset,0,1,0.02399675248365421,0.02019659010783692,0.003800162375817289,0.003800162375817289,0.0,0.0,0,0,-0.001608649547339156,-0.019320769477601606,-0.03018760024286067,-0.012775349350532069,-0.001608649547339156,-0.019320769477601606,0.04412120392655834,0.0002516452375421257,0.21613169776155292,0.5157187008478828
shift_corrected,21,21,1,1,certified_reset,0,1,0.02019659010783692,0.01639642773201963,0.003800162375817289,0.0,0.0,0.0,0,0,-0.03018760024286067,-0.012775349350532069,-0.03411376983827453,0.01760277523347887,-0.03018760024286067,-0.012775349350532069,0.07907366110747764,0.0014523051066550143,0.21613169776155292,0.5157187008478828
shift_corrected,22,0,0,0,certified_reset,0,1,0.1,0.09619983762418272,0.003800162375817289,0.07980340989216307,0.0,0.0,0,0,-2.2918786039338714,0.028115246108823544,-2.0513062915231397,1.9072379062997673,-2.2918786039338714,0.028115246108823544,3.866530599658968,6.448909862183743,0.1993127158291535,0.4701806519894993
shift_corrected,22,1,0,0,certified_reset,0,1,0.09619983762418272,0.09239967524836543,0.003800162375817289,0.07600324751634578,0.0,0.0,0,0,-2.0513062915231397,1.9072379062997673,-1.4158368271109236,2.059281818863782,-2.0513062915231397,1.9072379062997673,-0.5686007705489142,5.143111156350602,0.1993127158291535,0.4701806519894993
shift_corrected,22,2,0,0,certified_reset,0,1,0.09239967524836543,0.08859951287254814,0.003800162375817289,0.07220308514052849,0.0,0.0,0,0,-1.4158368271109236,2.059281818863782,-0.8195871739620599,1.5593141572633433,-1.4158368271109236,2.059281818863782,-1.9828682417081305,3.3792956404972347,0.1993127158291535,0.4701806519894993
shift_corrected,22,3,0,0,certified_reset,0,1,0.08859951287254814,0.08479935049673085,0.003800162375817289,0.0684029227647112,0.0,0.0,0,0,-0.8195871739620599,1.5593141572633433,-0.3935987854603975,0.9648880781283403,-0.8195871739620599,1.5593141572633433,-1.9340709001977978,1.578838715742942,0.1993127158291535,0.4701806519894993
shift_corrected,22,4,0,0,certified_reset,0,1,0.08479935049673085,0.08099918812091356,0.003800162375817289,0.06460276038889391,0.0,0.0,0,0,-0.3935987854603975,0.9648880781283403,-0.1437981699834086,0.5077754886905815,-0.3935987854603975,0.9648880781283403,-1.391335985242245,0.5425375206508513,0.1993127158291535,0.4701806519894993
shift_corrected,22,5,0,0,certified_reset,0,1,0.08099918812091356,0.07719902574509627,0.003800162375817289,0.06080259801307663,0.0,0.0,0,0,-0.1437981699834086,0.5077754886905815,-0.013478369538987116,0.22353054741322012,-0.1437981699834086,0.5077754886905815,-0.8407020831506784,0.14167929982842822,0.1993127158291535,0.4701806519894993
shift_corrected,22,6,0,0,certified_reset,0,1,0.07719902574509627,0.07339886336927898,0.003800162375817289,0.05700243563725934,0.0,0.0,0,0,-0.013478369538987116,0.22353054741322012,0.037705007711621906,0.04997380310436962,-0.013478369538987116,0.22353054741322012,-0.4554554118297072,0.029268313425340416,0.1993127158291535,0.4701806519894993
shift_corrected,22,7,1,1,certified_reset,0,1,0.07339886336927898,0.06959870099346169,0.003800162375817289,0.05320227326144205,0.0,0.0,0,0,0.037705007711621906,0.04997380310436962,0.05265432743524297,-0.02415721443286749,0.037705007711621906,0.04997380310436962,-0.17158941491239468,0.0044014470405102785,0.21613169776155292,0.5157187008478828
shift_corrected,22,8,1,1,certified_reset,0,1,0.06959870099346169,0.0657985386176444,0.003800162375817289,0.04940211088562476,0.0,0.0,0,0,0.05265432743524297,-0.02415721443286749,0.046296797398226314,-0.0302455231167123,0.05265432743524297,-0.02415721443286749,-0.038495517633885486,0.0030369233401787285,0.21613169776155292,0.5157187008478828
shift_corrected,22,9,1,1,certified_reset,0,1,0.0657985386176444,0.06199837624182711,0.003800162375817289,0.04560194850980747,0.0,0.0,0,0,0.046296797398226314,-0.0302455231167123,0.03400853760286011,-0.0649883540320226,0.046296797398226314,-0.0302455231167123,-0.01457250767270717,0.0023890800048729983,0.21613169776155292,0.5157187008478828
shift_corrected,22,10,1,1,certified_reset,0,1,0.06199837624182711,0.05819821386600982,0.003800162375817289,0.04180178613399018,0.0,0.0,0,0,0.03400853760286011,-0.0649883540320226,0.02323642166223025,-0.04467503041469778,0.03400853760286011,-0.0649883540320226,0.0808653095264909,0.0027355880326182416,0.21613169776155292,0.5157187008478828
shift_corrected,22,11,0,0,certified_reset,0,1,0.05819821386600982,0.05439805149019253,0.003800162375817289,0.03800162375817289,0.0,0.0,0,0,0.02323642166223025,-0.04467503041469778,0.011270480568827509,-0.02323192574529912,0.02323642166223025,-0.04467503041469778,0.055819783435667666,0.0012881637351278932,0.1993127158291535,0.4701806519894993
shift_corrected,22,12,0,0,certified_reset,0,1,0.05439805149019253,0.05059788911437524,0.003800162375817289,0.0342014613823556,0.0,0.0,0,0,0.011270480568827509,-0.02323192574529912,0.011777837060596595,-0.009968252200555592,0.011270480568827509,-0.02323192574529912,0.030422540266272096,0.00033599680221132723,0.1993127158291535,0.4701806519894993
shift_corrected,22,13,0,0,certified_reset,0,1,0.05059788911437524,0.04679772673855795,0.003800162375817289,0.030401299006538315,0.0,0.0,0,0,0.011777837060596595,-0.009968252200555592,0.006222942020148313,-0.031131431874793523,0.011777837060596595,-0.009968252200555592,0.0011643434352371599,0.00016366741446024736,0.1993127158291535,0.4701806519894993
shift_corrected,22,14,0,0,certified_reset,0,1,0.04679772673855795,0.04299756436274066,0.003800162375817289,0.026601136630721025,0.0,0.0,0,0,0.006222942020148313,-0.031131431874793523,-0.007298129125439993,-0.002530932529367789,0.006222942020148313,-0.031131431874793523,0.055987075028301504,0.000531780725647828,0.1993127158291535,0.4701806519894993
shift_corrected,22,15,0,0,certified_reset,0,1,0.04299756436274066,0.03919740198692337,0.003800162375817289,0.022800974254903735,0.0,0.0,0,0,-0.007298129125439993,-0.002530932529367789,-0.00905336399209228,0.011894032698357862,-0.007298129125439993,-0.002530932529367789,0.017930637966226872,8.058471582872025e-05,0.1993127158291535,0.4701806519894993
shift_corrected,22,16,0,0,certified_reset,0,1,0.03919740198692337,0.03539723961110608,0.003800162375817289,0.019000811879086445,0.0,0.0,0,0,-0.00905336399209228,0.011894032698357862,-0.002877609798776484,0.016884332854344986,-0.00905336399209228,0.011894032698357862,-0.009945617106067669,0.00012524362700035502,0.1993127158291535,0.4701806519894993
shift_corrected,22,17,0,0,certified_reset,0,1,0.03539723961110608,0.03159707723528879,0.003800162375817289,0.015200649503269156,0.0,0.0,0,0,-0.002877609798776484,0.016884332854344986,0.0027953689155040206,0.007994779374045104,-0.002877609798776484,0.016884332854344986,-0.031213489188554964,0.00015749336472401583,0.1993127158291535,0.4701806519894993
shift_corrected,22,18,0,0,certified_reset,0,1,0.03159707723528879,0.0277969148594715,0.003800162375817289,0.011400487127451866,0.0,0.0,0,0,0.0027953689155040206,0.007994779374045104,0.009151877328084458,-0.004502924337215995,0.0027953689155040206,0.007994779374045104,-0.02189616451181781,6.214857330996756e-05,0.1993127158291535,0.4701806519894993
shift_corrected,22,19,0,0,certified_reset,0,1,0.0277969148594715,0.02399675248365421,0.003800162375817289,0.007600324751634578,0.0,0.0,0,0,0.009151877328084458,-0.004502924337215995,0.009328630468184045,-0.010924219573126224,0.009151877328084458,-0.004502924337215995,-0.006045925788987558,9.175019801665493e-05,0.1993127158291535,0.4701806519894993
shift_corrected,22,20,0,0,certified_reset,0,1,0.02399675248365421,0.02019659010783692,0.003800162375817289,0.003800162375817289,0.0,0.0,0,0,0.009328630468184045,-0.010924219573126224,0.017439713787967527,-0.006046913405948497,0.009328630468184045,-0.010924219573126224,0.007399064945339654,0.00012123768269762851,0.1993127158291535,0.4701806519894993
shift_corrected,22,21,0,0,certified_reset,0,1,0.02019659010783692,0.01639642773201963,0.003800162375817289,0.0,0.0,0.0,0,0,0.017439713787967527,-0.006046913405948497,0.013623002279316794,-0.01731056715229326,0.017439713787967527,-0.006046913405948497,-0.016931675852534776,0.0003362194392150093,0.1993127158291535,0.4701806519894993
shift_corrected,23,0,0,0,certified_reset,0,1,0.1,0.09619983762418272,0.003800162375817289,0.07980340989216307,0.0,0.0,0,0,0.43008479954443146,-0.2414548276639953,0.3360698686434676,-0.40369797682976866,0.43008479954443146,-0.2414548276639953,-0.21995343091623776,0.20341840419148213,0.1993127158291535,0.4701806519894993
shift_corrected,23,1,0,0,certified_reset,0,1,0.09619983762418272,0.09239967524836543,0.003800162375817289,0.07600324751634578,0.0,0.0,0,0,0.3360698686434676,-0.40369797682976866,0.20345401020548334,-0.35833953205991825,0.3360698686434676,-0.40369797682976866,0.288466462201305,0.16034300271934465,0.1993127158291535,0.4701806519894993
shift_corrected,23,2,0,0,certified_reset,0,1,0.09239967524836543,0.08859951287254814,0.003800162375817289,0.07220308514052849,0.0,0.0,0,0,0.20345401020548334,-0.35833953205991825,0.1088273198033092,-0.23868007660622,0.20345401020548334,-0.35833953205991825,0.41857616769451034,0.08751181998086904,0.1993127158291535,0.4701806519894993
shift_corrected,23,3,0,0,certified_reset,0,1,0.08859951287254814,0.08479935049673085,0.003800162375817289,0.0684029227647112,0.0,0.0,0,0,0.1088273198033092,-0.23868007660622,0.05013167840479901,-0.1489091598161017,0.1088273198033092,-0.23868007660622,0.32453556571494485,0.034511296950873044,0.1993127158291535,0.4701806519894993
shift_corrected,23,4,0,0,certified_reset,0,1,0.08479935049673085,0.08099918812091356,0.003800162375817289,0.06460276038889391,0.0,0.0,0,0,0.05013167840479901,-0.1489091598161017,0.015852422051990486,-0.07287854948146207,0.05013167840479901,-0.1489091598161017,0.2329000436790148,0.01239606407662148,0.1993127158291535,0.4701806519894993
shift_corrected,23,5,0,0,certified_reset,0,1,0.08099918812091356,0.07719902574509627,0.003800162375817289,0.06080259801307663,0.0,0.0,0,0,0.015852422051990486,-0.07287854948146207,-0.0066893558834928615,-0.026126129342266356,0.015852422051990486,-0.07287854948146207,0.12886068499317044,0.002907526119497641,0.1993127158291535,0.4701806519894993
shift_corrected,23,6,0,0,certified_reset,0,1,0.07719902574509627,0.07339886336927898,0.003800162375817289,0.05700243563725934,0.0,0.0,0,0,-0.0066893558834928615,-0.026126129342266356,-0.00784411818826083,0.00741496402195762,-0.0066893558834928615,-0.026126129342266356,0.0673923080336299,0.0005787289953062009,0.1993127158291535,0.4701806519894993
shift_corrected,23,7,0,0,certified_reset,0,1,0.07339886336927898,0.06959870099346169,0.003800162375817289,0.05320227326144205,0.0,0.0,0,0,-0.00784411818826083,0.00741496402195762,-0.0033837136364026354,0.014232901584003015,-0.00784411818826083,0.00741496402195762,-0.0024354385846876384,7.575012190111867e-05,0.1993127158291535,0.4701806519894993
shift_corrected,23,8,0,0,certified_reset,0,1,0.06959870099346169,0.0657985386176444,0.003800162375817289,0.04940211088562476,0.0,0.0,0,0,-0.0033837136364026354,0.014232901584003015,-0.002614818958339398,0.007449726859346917,-0.0033837136364026354,0.014232901584003015,-0.02467155823137064,0.00011078825269326902,0.1993127158291535,0.4701806519894993
shift_corrected,23,9,0,0,certified_reset,0,1,0.0657985386176444,0.06199837624182711,0.003800162375817289,0.04560194850980747,0.0,0.0,0,0,-0.002614818958339398,0.007449726859346917,-0.0025551670621500127,0.0025964637927070595,-0.002614818958339398,0.007449726859346917,-0.011472145285670525,3.124069515105245e-05,0.1993127158291535,0.4701806519894993
shift_corrected,23,10,1,1,certified_reset,0,1,0.06199837624182711,0.05819821386600982,0.003800162375817289,0.04180178613399018,0.0,0.0,0,0,-0.0025551670621500127,0.0025964637927070595,-0.002489423502760559,0.019011083878734902,-0.0025551670621500127,0.0025964637927070595,-0.0011787726528586712,8.325445169576206e-06,0.21613169776155292,0.5157187008478828
shift_corrected,23,11,1,1,certified_reset,0,1,0.05819821386600982,0.05439805149019253,0.003800162375817289,0.03800162375817289,0.0,0.0,0,0,-0.002489423502760559,0.019011083878734902,-0.009033606621804548,-0.016617511454056644,-0.002489423502760559,0.019011083878734902,-0.03643192479534167,0.0002027353684806447,0.21613169776155292,0.5157187008478828
shift_corrected,23,12,1,1,certified_reset,0,1,0.05439805149019253,0.05059788911437524,0.003800162375817289,0.0342014613823556,0.0,0.0,0,0,-0.009033606621804548,-0.016617511454056644,0.0055794213353661005,0.02818031749477303,-0.009033606621804548,-0.016617511454056644,0.051054300047455335,0.00035916479459578476,0.21613169776155292,0.5157187008478828
shift_corrected,23,13,1,1,certified_reset,0,1,0.05059788911437524,0.04679772673855795,0.003800162375817289,0.030401299006538315,0.0,0.0,0,0,0.0055794213353661005,0.02818031749477303,0.03399046442764328,0.02277100281680798,0.0055794213353661005,0.02818031749477303,-0.06989047969019781,0.0006204368480701674,0.21613169776155292,0.5157187008478828
shift_corrected,23,14,0,0,certified_reset,0,1,0.04679772673855795,0.04299756436274066,0.003800162375817289,0.026601136630721025,0.0,0.0,0,0,0.03399046442764328,0.02277100281680798,0.041134340963270975,-0.03104524331427555,0.03399046442764328,0.02277100281680798,-0.10698769723682552,0.002200690703130744,0.1993127158291535,0.4701806519894993
shift_corrected,23,15,0,0,certified_reset,0,1,0.04299756436274066,0.03919740198692337,0.003800162375817289,0.022800974254903735,0.0,0.0,0,0,0.041134340963270975,-0.03104524331427555,0.01790397342542622,-0.06174711020724834,0.041134340963270975,-0.03104524331427555,-0.0040120960385719925,0.0019342735427630932,0.1993127158291535,0.4701806519894993
shift_corrected,23,16,0,0,certified_reset,0,1,0.03919740198692337,0.03539723961110608,0.003800162375817289,0.019000811879086445,0.0,0.0,0,0,0.01790397342542622,-0.06174711020724834,-0.001899251852464594,-0.02711820362971723,0.01790397342542622,-0.06174711020724834,0.10151828612580732,0.0020982056625885887,0.1993127158291535,0.4701806519894993
shift_corrected,23,17,0,0,certified_reset,0,1,0.03539723961110608,0.03159707723528879,0.003800162375817289,0.015200649503269156,0.0,0.0,0,0,-0.001899251852464594,-0.02711820362971723,-0.018423830673288108,-0.004265126658582726,-0.001899251852464594,-0.02711820362971723,0.06130476697583792,0.00048811835594173545,0.1993127158291535,0.4701806519894993
shift_corrected,23,18,0,0,certified_reset,0,1,0.03159707723528879,0.0277969148594715,0.003800162375817289,0.011400487127451866,0.0,0.0,0,0,-0.018423830673288108,-0.004265126658582726,-0.016840696362686,0.02281237804584927,-0.018423830673288108,-0.004265126658582726,0.04069897015007979,0.00047649785673359687,0.1993127158291535,0.4701806519894993
shift_corrected,23,19,0,0,certified_reset,0,1,0.0277969148594715,0.02399675248365421,0.003800162375817289,0.007600324751634578,0.0,0.0,0,0,-0.016840696362686,0.02281237804584927,-0.016894152730026785,0.01486611067530618,-0.016840696362686,0.02281237804584927,-0.0199853005808221,0.0004456631811513366,0.1993127158291535,0.4701806519894993
shift_corrected,23,20,0,0,certified_reset,0,1,0.02399675248365421,0.02019659010783692,0.003800162375817289,0.003800162375817289,0.0,0.0,0,0,-0.016894152730026785,0.01486611067530618,-0.017863868888576415,0.016701690842023303,-0.016894152730026785,0.01486611067530618,-0.0028890788444276426,0.0003413304502436301,0.1993127158291535,0.4701806519894993
shift_corrected,23,21,0,0,certified_reset,0,1,0.02019659010783692,0.01639642773201963,0.003800162375817289,0.0,0.0,0.0,0,0,-0.017863868888576415,0.016701690842023303,-0.014123485217451617,0.014515784389504646,-0.017863868888576415,0.016701690842023303,-0.005149688748264893,0.0003909759744502001,0.1993127158291535,0.4701806519894993
shift_corrected,24,0,0,0,certified_reset,0,1,0.1,0.09619983762418272,0.003800162375817289,0.07980340989216307,0.0,0.0,0,0,2.1332705275788566,-0.2496576649868734,1.8550348250193642,-1.8133409229253918,2.1332705275788566,-0.2496576649868734,-3.1204902153110003,5.345422115966383,0.1993127158291535,0.4701806519894993
shift_corrected,24,1,0,0,certified_reset,0,1,0.09619983762418272,0.09239967524836543,0.003800162375817289,0.07600324751634578,0.0,0.0,0,0,1.8550348250193642,-1.8133409229253918,1.2587842969184562,-1.8659745400152097,1.8550348250193642,-1.8133409229253918,0.7038509264666066,4.302838017858633,0.1993127158291535,0.4701806519894993
shift_corrected,24,2,0,0,certified_reset,0,1,0.09239967524836543,0.08859951287254814,0.003800162375817289,0.07220308514052849,0.0,0.0,0,0,1.2587842969184562,-1.8659745400152097,0.7141387782148995,-1.397995996572601,1.2587842969184562,-1.8659745400152097,1.838104690429362,2.7252934604030092,0.1993127158291535,0.4701806519894993
shift_corrected,24,3,0,0,certified_reset,0,1,0.08859951287254814,0.08479935049673085,0.003800162375817289,0.0684029227647112,0.0,0.0,0,0,0.7141387782148995,-1.397995996572601,0.3242721796920067,-0.8540747090745306,0.7141387782148995,-1.397995996572601,1.7693786527570448,1.2490484615051112,0.1993127158291535,0.4701806519894993
shift_corrected,24,4,0,0,certified_reset,0,1,0.08479935049673085,0.08099918812091356,0.003800162375817289,0.06460276038889391,0.0,0.0,0,0,0.3242721796920067,-0.8540747090745306,0.0959909681189494,-0.43689608477133274,0.3242721796920067,-0.8540747090745306,1.2728742444511831,0.41713005606736475,0.1993127158291535,0.4701806519894993
shift_corrected,24,5,0,0,certified_reset,0,1,0.08099918812091356,0.07719902574509627,0.003800162375817289,0.06080259801307663,0.0,0.0,0,0,0.0959909681189494,-0.43689608477133274,-0.016274809296668472,-0.15686490581798762,0.0959909681189494,-0.43689608477133274,0.7708658293867289,0.1044725433358302,0.1993127158291535,0.4701806519894993
shift_corrected,24,6,0,0,certified_reset,0,1,0.07719902574509627,0.07339886336927898,0.003800162375817289,0.05700243563725934,0.0,0.0,0,0,-0.016274809296668472,-0.15686490581798762,-0.04150347703020189,-0.017310424085059013,-0.016274809296668472,-0.15686490581798762,0.3637098861404854,0.016999309589070446,0.1993127158291535,0.4701806519894993
shift_corrected,24,7,0,0,certified_reset,0,1,0.07339886336927898,0.06959870099346169,0.003800162375817289,0.05320227326144205,0.0,0.0,0,0,-0.04150347703020189,-0.017310424085059013,-0.03882081733293297,0.04005937005478276,-0.04150347703020189,-0.017310424085059013,0.10816803875044216,0.002733477269667016,0.1993127158291535,0.4701806519894993
shift_corrected,24,8,0,0,certified_reset,0,1,0.06959870099346169,0.0657985386176444,0.003800162375817289,0.04940211088562476,0.0,0.0,0,0,-0.03882081733293297,0.04005937005478276,-0.029688610816791677,0.03859754124228272,-0.03882081733293297,0.04005937005478276,-0.019249805307564132,0.0019378885410437858,0.1993127158291535,0.4701806519894993
shift_corrected,24,9,0,0,certified_reset,0,1,0.0657985386176444,0.06199837624182711,0.003800162375817289,0.04560194850980747,0.0,0.0,0,0,-0.029688610816791677,0.03859754124228272,-0.018116910397786557,0.03387741212917958,-0.029688610816791677,0.03859754124228272,-0.031762357909376635,0.0013345639501154158,0.1993127158291535,0.4701806519894993
shift_corrected,24,10,0,0,certified_reset,0,1,0.06199837624182711,0.05819821386600982,0.003800162375817289,0.04180178613399018,0.0,0.0,0,0,-0.018116910397786557,0.03387741212917958,-0.01223642712220828,0.02359802317467156,-0.018116910397786557,0.03387741212917958,-0.0414822307999779,0.0007528042432754083,0.1993127158291535,0.4701806519894993
shift_corrected,24,11,0,0,certified_reset,0,1,0.05819821386600982,0.05439805149019253,0.003800162375817289,0.03800162375817289,0.0,0.0,0,0,-0.01223642712220828,0.02359802317467156,-0.012598634849425593,0.02101778053317471,-0.01223642712220828,0.02359802317467156,-0.029547397680346282,0.000358790719929641,0.1993127158291535,0.4701806519894993
shift_corrected,24,12,0,0,certified_reset,0,1,0.05439805149019253,0.05059788911437524,0.003800162375817289,0.0342014613823556,0.0,0.0,0,0,-0.012598634849425593,0.02101778053317471,-0.006489779476034499,0.013891236426495677,-0.012598634849425593,0.02101778053317471,-0.023418374697633373,0.0003130359965826359,0.1993127158291535,0.4701806519894993
shift_corrected,24,13,0,0,certified_reset,0,1,0.05059788911437524,0.04679772673855795,0.003800162375817289,0.030401299006538315,0.0,0.0,0,0,-0.006489779476034499,0.013891236426495677,-0.011558183832775393,0.008581588625002329,-0.006489779476034499,0.013891236426495677,-0.018619671710869364,0.00011809422398140262,0.1993127158291535,0.4701806519894993
shift_corrected,24,14,0,0,certified_reset,0,1,0.04679772673855795,0.04299756436274066,0.003800162375817289,0.026601136630721025,0.0,0.0,0,0,-0.011558183832775393,0.008581588625002329,-0.006298880538431069,0.017127306058696525,-0.011558183832775393,0.008581588625002329,0.0014284595156227272,0.0001521657690714447,0.1993127158291535,0.4701806519894993
shift_corrected,24,15,0,0,certified_reset,0,1,0.04299756436274066,0.03919740198692337,0.003800162375817289,0.022800974254903735,0.0,0.0,0,0,-0.006298880538431069,0.017127306058696525,-0.00884488930182493,0.00034041850652568977,-0.006298880538431069,0.017127306058696525,-0.025873045302909202,0.00016656520710420269,0.1993127158291535,0.4701806519894993
shift_corrected,24,16,0,0,certified_reset,0,1,0.03919740198692337,0.03539723961110608,0.003800162375817289,0.019000811879086445,0.0,0.0,0,0,-0.00884488930182493,0.00034041850652568977,-0.017474339351341635,0.015365154306003216,-0.00884488930182493,0.00034041850652568977,0.01442288694752801,9.490261138352728e-05,0.1993127158291535,0.4701806519894993
shift_corrected,24,17,0,0,certified_reset,0,1,0.03539723961110608,0.03159707723528879,0.003800162375817289,0.015200649503269156,0.0,0.0,0,0,-0.017474339351341635,0.015365154306003216,-0.013003235515951287,0.02042112611733894,-0.017474339351341635,0.015365154306003216,-0.0029695337088351263,0.00036507997791350173,0.1993127158291535,0.4701806519894993
shift_corrected,24,18,0,0,certified_reset,0,1,0.03159707723528879,0.0277969148594715,0.003800162375817289,0.011400487127451866,0.0,0.0,0,0,-0.013003235515951287,0.02042112611733894,-0.007747234954367124,0.02237749186747042,-0.013003235515951287,0.02042112611733894,-0.021438012042038306,0.0003101068006835289,0.1993127158291535,0.4701806519894993
shift_corrected,24,19,0,0,certified_reset,0,1,0.0277969148594715,0.02399675248365421,0.003800162375817289,0.007600324751634578,0.0,0.0,0,0,-0.007747234954367124,0.02237749186747042,-0.002932477405002838,0.005287516783877307,-0.007747234954367124,0.02237749186747042,-0.03462844068421838,0.00028113799734547844,0.1993127158291535,0.4701806519894993
shift_corrected,24,20,0,0,certified_reset,0,1,0.02399675248365421,0.02019659010783692,0.003800162375817289,0.003800162375817289,0.0,0.0,0,0,-0.002932477405002838,0.005287516783877307,-0.004485505630104359,0.00021115335954918378,-0.002932477405002838,0.005287516783877307,-0.006303110431406619,1.8767218254638787e-05,0.1993127158291535,0.4701806519894993
shift_corrected,24,21,0,0,certified_reset,0,1,0.02019659010783692,0.01639642773201963,0.003800162375817289,0.0,0.0,0.0,0,0,-0.004485505630104359,0.00021115335954918378,-0.002657823841311326,0.0007928179935673004,-0.004485505630104359,0.00021115335954918378,0.007230068868380209,2.4312818860331786e-05,0.1993127158291535,0.4701806519894993
shift_corrected,25,0,0,0,certified_reset,0,1,0.1,0.09619983762418272,0.003800162375817289,0.07980340989216307,0.0,0.0,0,0,2.6287327097114748,0.48259199023630434,2.526325029573907,-1.5591726059303548,2.6287327097114748,0.48259199023630434,-3.9999999999999987,8.24845941636709,0.1993127158291535,0.4701806519894993
shift_corrected,25,1,0,0,certified_reset,0,1,0.09619983762418272,0.09239967524836543,0.003800162375817289,0.07600324751634578,0.0,0.0,0,0,2.526325029573907,-1.5591726059303548,1.9253496754555979,-2.376445147327008,2.526325029573907,-1.5591726059303548,-0.9904233133578574,7.068548025993936,0.1993127158291535,0.4701806519894993
shift_corrected,25,2,0,0,certified_reset,0,1,0.09239967524836543,0.08859951287254814,0.003800162375817289,0.07220308514052849,0.0,0.0,0,0,1.9253496754555979,-2.376445147327008,1.2076005080484165,-2.033151540095484,1.9253496754555979,-2.376445147327008,1.7889183024954427,5.374862552780751,0.1993127158291535,0.4701806519894993
shift_corrected,25,3,0,0,certified_reset,0,1,0.08859951287254814,0.08479935049673085,0.003800162375817289,0.0684029227647112,0.0,0.0,0,0,1.2076005080484165,-2.033151540095484,0.6285844923718684,-1.3820539887434657,1.2076005080484165,-2.033151540095484,2.283701750322131,2.9089487780409025,0.1993127158291535,0.4701806519894993
shift_corrected,25,4,0,0,certified_reset,0,1,0.08479935049673085,0.08099918812091356,0.003800162375817289,0.06460276038889391,0.0,0.0,0,0,0.6285844923718684,-1.3820539887434657,0.25931312857422373,-0.7808977176897347,0.6285844923718684,-1.3820539887434657,1.8818274980494143,1.155938749594024,0.1993127158291535,0.4701806519894993
shift_corrected,25,5,0,0,certified_reset,0,1,0.08099918812091356,0.07719902574509627,0.003800162375817289,0.06080259801307663,0.0,0.0,0,0,0.25931312857422373,-0.7808977176897347,0.055430888604022906,-0.3642019535253952,0.25931312857422373,-0.7808977176897347,1.2275068835832605,0.3402354619637541,0.1993127158291535,0.4701806519894993
shift_corrected,25,6,0,0,certified_reset,0,1,0.07719902574509627,0.07339886336927898,0.003800162375817289,0.05700243563725934,0.0,0.0,0,0,0.055430888604022906,-0.3642019535253952,-0.02382588306979309,-0.11798776666394453,0.055430888604022906,-0.3642019535253952,0.6847313329646323,0.0737419090168419,0.1993127158291535,0.4701806519894993
shift_corrected,25,7,0,0,certified_reset,0,1,0.07339886336927898,0.06959870099346169,0.003800162375817289,0.05320227326144205,0.0,0.0,0,0,-0.02382588306979309,-0.11798776666394453,-0.04264301170361028,0.0025817036116806127,-0.02382588306979309,-0.11798776666394453,0.29342187608514336,0.010935662763867825,0.1993127158291535,0.4701806519894993
shift_corrected,25,8,0,0,certified_reset,0,1,0.06959870099346169,0.0657985386176444,0.003800162375817289,0.04940211088562476,0.0,0.0,0,0,-0.04264301170361028,0.0025817036116806127,-0.03913330594418045,0.029211529251110098,-0.04264301170361028,0.0025817036116806127,0.06753354998749773,0.002184955175451993,0.1993127158291535,0.4701806519894993
shift_corrected,25,9,0,0,certified_reset,0,1,0.0657985386176444,0.06199837624182711,0.003800162375817289,0.04560194850980747,0.0,0.0,0,0,-0.03913330594418045,0.029211529251110098,-0.01708486150264502,0.03114752008941026,-0.03913330594418045,0.029211529251110098,0.0045092167642931695,0.0017463706372841349,0.1993127158291535,0.4701806519894993
shift_corrected,25,10,0,0,certified_reset,0,1,0.06199837624182711,0.05819821386600982,0.003800162375817289,0.04180178613399018,0.0,0.0,0,0,-0.01708486150264502,0.03114752008941026,-0.0150118906013121,0.016746134223393758,-0.01708486150264502,0.03114752008941026,-0.03741257166453652,0.0006464105359789422,0.1993127158291535,0.4701806519894993
shift_corrected,25,11,0,0,certified_reset,0,1,0.05819821386600982,0.05439805149019253,0.003800162375817289,0.03800162375817289,0.0,0.0,0,0,-0.0150118906013121,0.016746134223393758,-0.0027385128125070185,0.015217755439886455,-0.0150118906013121,0.016746134223393758,-0.010137098218437609,0.00030368597310596255,0.1993127158291535,0.4701806519894993
shift_corrected,25,12,0,0,certified_reset,0,1,0.05439805149019253,0.05059788911437524,0.003800162375817289,0.0342014613823556,0.0,0.0,0,0,-0.0027385128125070185,0.015217755439886455,-0.0007001357062461347,0.0016189340740041733,-0.0027385128125070185,0.015217755439886455,-0.0278840242808966,0.00012759597738912405,0.1993127158291535,0.4701806519894993
shift_corrected,25,13,0,0,certified_reset,0,1,0.05059788911437524,0.04679772673855795,0.003800162375817289,0.030401299006538315,0.0,0.0,0,0,-0.0007001357062461347,0.0016189340740041733,-0.006703022142154602,-0.003752379602921928,-0.0007001357062461347,0.0016189340740041733,-0.0022719464064349785,1.558366129050736e-06,0.1993127158291535,0.4701806519894993
shift_corrected,25,14,0,0,certified_reset,0,1,0.04679772673855795,0.04299756436274066,0.003800162375817289,0.026601136630721025,0.0,0.0,0,0,-0.006703022142154602,-0.003752379602921928,-0.002771619386776231,0.02603685016318092,-0.006703022142154602,-0.003752379602921928,0.019513511989165747,7.891276602142623e-05,0.1993127158291535,0.4701806519894993
shift_corrected,25,15,0,0,certified_reset,0,1,0.04299756436274066,0.03919740198692337,0.003800162375817289,0.022800974254903735,0.0,0.0,0,0,-0.002771619386776231,0.02603685016318092,2.9258658159150765e-05,-0.0009641803364109757,-0.002771619386776231,0.02603685016318092,-0.050993482049567836,0.0003851880825533052,0.1993127158291535,0.4701806519894993
shift_corrected,25,16,0,0,certified_reset,0,1,0.03919740198692337,0.03539723961110608,0.003800162375817289,0.019000811879086445,0.0,0.0,0,0,2.9258658159150765e-05,-0.0009641803364109757,-0.0032314554430665277,-0.004248440179140963,2.9258658159150765e-05,-0.0009641803364109757,0.0020135323498882136,5.576120012813778e-07,0.1993127158291535,0.4701806519894993
shift_corrected,25,17,0,0,certified_reset,0,1,0.03539723961110608,0.03159707723528879,0.003800162375817289,0.015200649503269156,0.0,0.0,0,0,-0.0032314554430665277,-0.004248440179140963,0.0008010030098989144,0.007937668200562815,-0.0032314554430665277,-0.004248440179140963,0.0146257630350535,3.2067650818062104e-05,0.1993127158291535,0.4701806519894993
shift_corrected,25,18,0,0,certified_reset,0,1,0.03159707723528879,0.0277969148594715,0.003800162375817289,0.011400487127451866,0.0,0.0,0,0,0.0008010030098989144,0.007937668200562815,0.003989127162541054,0.004574916080091199,0.0008010030098989144,0.007937668200562815,-0.018363454679722068,4.3370567359360156e-05,0.1993127158291535,0.4701806519894993
shift_corrected,25,19,0,0,certified_reset,0,1,0.0277969148594715,0.02399675248365421,0.003800162375817289,0.007600324751634578,0.0,0.0,0,0,0.003989127162541054,0.004574916080091199,-0.00018264245342932903,0.0005650902375454545,0.003989127162541054,0.004574916080091199,-0.01662753997280866,4.3263606647680084e-05,0.1993127158291535,0.4701806519894993
shift_corrected,25,20,0,0,certified_reset,0,1,0.02399675248365421,0.02019659010783692,0.003800162375817289,0.003800162375817289,0.0,0.0,0,0,-0.00018264245342932903,0.0005650902375454545,0.006759054262258455,0.0007492502026475072,-0.00018264245342932903,0.0005650902375454545,-0.0008987674981209157,1.7781265119126158e-07,0.1993127158291535,0.4701806519894993
shift_corrected,25,21,0,0,certified_reset,0,1,0.02019659010783692,0.01639642773201963,0.003800162375817289,0.0,0.0,0.0,0,0,0.006759054262258455,0.0007492502026475072,0.010295844914482499,-0.009215351460298699,0.006759054262258455,0.0007492502026475072,-0.013177062209510258,5.97159559645603e-05,0.1993127158291535,0.4701806519894993
shift_corrected,26,0,0,0,certified_reset,0,1,0.1,0.09619983762418272,0.003800162375817289,0.07980340989216307,0.0,0.0,0,0,0.5549520890756682,-0.23319591747313995,0.4392623976916865,-0.49678563189140523,0.5549520890756682,-0.23319591747313995,-0.4515699564808828,0.3378801391986749,0.1993127158291535,0.4701806519894993
shift_corrected,26,1,0,0,certified_reset,0,1,0.09619983762418272,0.09239967524836543,0.003800162375817289,0.07600324751634578,0.0,0.0,0,0,0.4392623976916865,-0.49678563189140523,0.27184952462526435,-0.44969005777813253,0.4392623976916865,-0.49678563189140523,0.31095647746694893,0.2623859595095773,0.1993127158291535,0.4701806519894993
shift_corrected,26,2,0,0,certified_reset,0,1,0.09239967524836543,0.08859951287254814,0.003800162375817289,0.07220308514052849,0.0,0.0,0,0,0.27184952462526435,-0.44969005777813253,0.1375925999549234,-0.31378711380803015,0.27184952462526435,-0.44969005777813253,0.49696256052053384,0.1442151939798373,0.1993127158291535,0.4701806519894993
shift_corrected,26,3,0,0,certified_reset,0,1,0.08859951287254814,0.08479935049673085,0.003800162375817289,0.0684029227647112,0.0,0.0,0,0,0.1375925999549234,-0.31378711380803015,0.05224932029574089,-0.1577741476931184,0.1375925999549234,-0.31378711380803015,0.43604138095727013,0.058757878632918856,0.1993127158291535,0.4701806519894993
shift_corrected,26,4,0,0,certified_reset,0,1,0.08479935049673085,0.08099918812091356,0.003800162375817289,0.06460276038889391,0.0,0.0,0,0,0.05224932029574089,-0.1577741476931184,0.015908350710113223,-0.07422830005636269,0.05224932029574089,-0.1577741476931184,0.24825312625246354,0.013883531066969134,0.1993127158291535,0.4701806519894993
shift_corrected,26,5,0,0,certified_reset,0,1,0.08099918812091356,0.07719902574509627,0.003800162375817289,0.06080259801307663,0.0,0.0,0,0,0.015908350710113223,-0.07422830005636269,-0.00397592928019883,-0.03870042600626471,0.015908350710113223,-0.07422830005636269,0.1316529941865588,0.0030171366248932,0.1993127158291535,0.4701806519894993
shift_corrected,26,6,0,0,certified_reset,0,1,0.07719902574509627,0.07339886336927898,0.003800162375817289,0.05700243563725934,0.0,0.0,0,0,-0.00397592928019883,-0.03870042600626471,-0.0011916689184122038,0.0009795841835516916,-0.00397592928019883,-0.03870042600626471,0.08966378635925142,0.0010334063236499332,0.1993127158291535,0.4701806519894993
shift_corrected,26,7,0,0,certified_reset,0,1,0.07339886336927898,0.06959870099346169,0.003800162375817289,0.05320227326144205,0.0,0.0,0,0,-0.0011916689184122038,0.0009795841835516916,-0.002781952565547684,0.009089283200009544,-0.0011916689184122038,0.0009795841835516916,-5.622010378864041e-05,1.6602239602814706e-06,0.1993127158291535,0.4701806519894993
shift_corrected,26,8,0,0,certified_reset,0,1,0.06959870099346169,0.0657985386176444,0.003800162375817289,0.04940211088562476,0.0,0.0,0,0,-0.002781952565547684,0.009089283200009544,-0.011499195229888652,0.0040730175726706305,-0.002781952565547684,0.009089283200009544,-0.014689607738213317,4.56557933896574e-05,0.1993127158291535,0.4701806519894993
shift_corrected,26,9,0,0,certified_reset,0,1,0.0657985386176444,0.06199837624182711,0.003800162375817289,0.04560194850980747,0.0,0.0,0,0,-0.011499195229888652,0.0040730175726706305,-0.010877423396884326,0.014156996836261291,-0.011499195229888652,0.0040730175726706305,0.010979417101628437,0.00014602266696323734,0.1993127158291535,0.4701806519894993
shift_corrected,26,10,0,0,certified_reset,0,1,0.06199837624182711,0.05819821386600982,0.003800162375817289,0.04180178613399018,0.0,0.0,0,0,-0.010877423396884326,0.014156996836261291,-0.0031314380282827527,0.025764453862022522,-0.010877423396884326,0.014156996836261291,-0.011669535048750611,0.0001793177234708861,0.1993127158291535,0.4701806519894993
shift_corrected,26,11,0,0,certified_reset,0,1,0.05819821386600982,0.05439805149019253,0.003800162375817289,0.03800162375817289,0.0,0.0,0,0,-0.0031314380282827527,0.025764453862022522,0.005906380504977672,0.020004014828657365,-0.0031314380282827527,0.025764453862022522,-0.049792689911978785,0.0003741026323206851,0.1993127158291535,0.4701806519894993
shift_corrected,26,12,0,0,certified_reset,0,1,0.05439805149019253,0.05059788911437524,0.003800162375817289,0.0342014613823556,0.0,0.0,0,0,0.005906380504977672,0.020004014828657365,0.008346465103246724,0.0010797181952527145,0.005906380504977672,0.020004014828657365,-0.052947434473344754,0.00035919994837059716,0.1993127158291535,0.4701806519894993
shift_corrected,26,13,0,0,certified_reset,0,1,0.05059788911437524,0.04679772673855795,0.003800162375817289,0.030401299006538315,0.0,0.0,0,0,0.008346465103246724,0.0010797181952527145,0.011539523769323127,0.0024690608529212444,0.008346465103246724,0.0010797181952527145,-0.01661491634592902,9.203936317958285e-05,0.1993127158291535,0.4701806519894993
shift_corrected,26,14,0,0,certified_reset,0,1,0.04679772673855795,0.04299756436274066,0.003800162375817289,0.026601136630721025,0.0,0.0,0,0,0.011539523769323127,0.0024690608529212444,0.013052309519900343,-0.006061919117642383,0.011539523769323127,0.0024690608529212444,-0.02505345923146438,0.00018489873975364228,0.1993127158291535,0.4701806519894993
shift_corrected,26,15,0,0,certified_reset,0,1,0.04299756436274066,0.03919740198692337,0.003800162375817289,0.022800974254903735,0.0,0.0,0,0,0.013052309519900343,-0.006061919117642383,0.012910002684894884,-0.013728096370818794,0.013052309519900343,-0.006061919117642383,-0.009388235535874876,0.00018660061696865578,0.1993127158291535,0.4701806519894993
shift_corrected,26,16,0,0,certified_reset,0,1,0.03919740198692337,0.03539723961110608,0.003800162375817289,0.019000811879086445,0.0,0.0,0,0,0.012910002684894884,-0.013728096370818794,0.005074643623262757,-0.01578514058893188,0.012910002684894884,-0.013728096370818794,0.007263212641334686,0.00021800366744547466,0.1993127158291535,0.4701806519894993
shift_corrected,26,17,0,0,certified_reset,0,1,0.03539723961110608,0.03159707723528879,0.003800162375817289,0.015200649503269156,0.0,0.0,0,0,0.005074643623262757,-0.01578514058893188,-0.003309161826159643,0.0010335593171350976,0.005074643623262757,-0.01578514058893188,0.025097352193407533,0.00013843484072580256,0.1993127158291535,0.4701806519894993
shift_corrected,26,18,0,0,certified_reset,0,1,0.03159707723528879,0.0277969148594715,0.003800162375817289,0.011400487127451866,0.0,0.0,0,0,-0.003309161826159643,0.0010335593171350976,-0.007840298007559757,0.005574407198972554,-0.003309161826159643,0.0010335593171350976,0.003463295008127686,1.2177166192287188e-05,0.1993127158291535,0.4701806519894993
shift_corrected,26,19,0,0,certified_reset,0,1,0.0277969148594715,0.02399675248365421,0.003800162375817289,0.007600324751634578,0.0,0.0,0,0,-0.007840298007559757,0.005574407198972554,-0.005806596124797017,0.01803870898546067,-0.007840298007559757,0.005574407198972554,0.001495449934299563,6.941768639281448e-05,0.1993127158291535,0.4701806519894993
shift_corrected,26,20,0,0,certified_reset,0,1,0.02399675248365421,0.02019659010783692,0.003800162375817289,0.003800162375817289,0.0,0.0,0,0,-0.005806596124797017,0.01803870898546067,0.0035353750235048477,0.005298662945051522,-0.005806596124797017,0.01803870898546067,-0.028668279421029164,0.00018081493361901896,0.1993127158291535,0.4701806519894993
shift_corrected,26,21,0,0,certified_reset,0,1,0.02019659010783692,0.01639642773201963,0.003800162375817289,0.0,0.0,0.0,0,0,0.0035353750235048477,0.005298662945051522,0.007485236574383639,-0.012555218265653359,0.0035353750235048477,0.005298662945051522,-0.01740444184452369,4.3751001481689996e-05,0.1993127158291535,0.4701806519894993
shift_corrected,27,0,0,0,certified_reset,0,1,0.1,0.09619983762418272,0.003800162375817289,0.07980340989216307,0.0,0.0,0,0,-1.7912735617573745,0.49902042938526897,-1.4849535301501053,1.5474863806521555,-1.7912735617573745,0.49902042938526897,2.0006819431516223,3.591134579299151,0.1993127158291535,0.4701806519894993
shift_corrected,27,1,0,0,certified_reset,0,1,0.09619983762418272,0.09239967524836543,0.003800162375817289,0.07600324751634578,0.0,0.0,0,0,-1.4849535301501053,1.5474863806521555,-0.999253405015741,1.5207951947397875,-1.4849535301501053,1.5474863806521555,-0.7687649079350259,2.8510454699750247,0.1993127158291535,0.4701806519894993
shift_corrected,27,2,0,0,certified_reset,0,1,0.09239967524836543,0.08859951287254814,0.003800162375817289,0.07220308514052849,0.0,0.0,0,0,-0.999253405015741,1.5207951947397875,-0.5646903790333924,1.105272129670238,-0.999253405015741,1.5207951947397875,-1.543780759197073,1.767372596118827,0.1993127158291535,0.4701806519894993
shift_corrected,27,3,0,0,certified_reset,0,1,0.08859951287254814,0.08479935049673085,0.003800162375817289,0.0684029227647112,0.0,0.0,0,0,-0.5646903790333924,1.105272129670238,-0.26364957846771364,0.6709733703949957,-0.5646903790333924,1.105272129670238,-1.3987502425192482,0.7808020236051345,0.1993127158291535,0.4701806519894993
shift_corrected,27,4,1,1,certified_reset,0,1,0.08479935049673085,0.08099918812091356,0.003800162375817289,0.06460276038889391,0.0,0.0,0,0,-0.26364957846771364,0.6709733703949957,-0.07489346027778589,0.3321800116840715,-0.26364957846771364,0.6709733703949957,-0.9847497350330813,0.25964097942282605,0.21613169776155292,0.5157187008478828
shift_corrected,27,5,1,1,certified_reset,0,1,0.08099918812091356,0.07719902574509627,0.003800162375817289,0.06080259801307663,0.0,0.0,0,0,-0.07489346027778589,0.3321800116840715,0.0177807396323789,0.1337249025461118,-0.07489346027778589,0.3321800116840715,-0.5828321444267232,0.06037038511915198,0.21613169776155292,0.5157187008478828
shift_corrected,27,6,0,0,certified_reset,0,1,0.07719902574509627,0.07339886336927898,0.003800162375817289,0.05700243563725934,0.0,0.0,0,0,0.0177807396323789,0.1337249025461118,0.04804705815298481,0.00781630144680561,0.0177807396323789,0.1337249025461118,-0.31674584766519365,0.01281297665316759,0.1993127158291535,0.4701806519894993
shift_corrected,27,7,0,0,certified_reset,0,1,0.07339886336927898,0.06959870099346169,0.003800162375817289,0.05320227326144205,0.0,0.0,0,0,0.04804705815298481,0.00781630144680561,0.0474545572332709,-0.029958606766618028,0.04804705815298481,0.00781630144680561,-0.09905346624409024,0.0031087205732306675,0.1993127158291535,0.4701806519894993
shift_corrected,27,8,0,0,certified_reset,0,1,0.06959870099346169,0.0657985386176444,0.003800162375817289,0.04940211088562476,0.0,0.0,0,0,0.0474545572332709,-0.029958606766618028,0.02850727635607393,-0.03938211397748306,0.0474545572332709,-0.029958606766618028,-0.017166817072722638,0.002499890500727662,0.1993127158291535,0.4701806519894993
shift_corrected,27,9,0,0,certified_reset,0,1,0.0657985386176444,0.06199837624182711,0.003800162375817289,0.04560194850980747,0.0,0.0,0,0,0.02850727635607393,-0.03938211397748306,0.020496966489537125,-0.0322939182167834,0.02850727635607393,-0.03938211397748306,0.0354712115407269,0.0013010590784287982,0.1993127158291535,0.4701806519894993
shift_corrected,27,10,0,0,certified_reset,0,1,0.06199837624182711,0.05819821386600982,0.003800162375817289,0.04180178613399018,0.0,0.0,0,0,0.020496966489537125,-0.0322939182167834,0.0017858533857246697,-0.025055379142639396,0.020496966489537125,-0.0322939182167834,0.03401568727176314,0.0007734152821669126,0.1993127158291535,0.4701806519894993
shift_corrected,27,11,0,0,certified_reset,0,1,0.05819821386600982,0.05439805149019253,0.003800162375817289,0.03800162375817289,0.0,0.0,0,0,0.0017858533857246697,-0.025055379142639396,-0.007988311234674651,-0.007272467964213817,0.0017858533857246697,-0.025055379142639396,0.05058057703125119,0.0003648038601358034,0.1993127158291535,0.4701806519894993
shift_corrected,27,12,0,0,certified_reset,0,1,0.05439805149019253,0.05059788911437524,0.003800162375817289,0.0342014613823556,0.0,0.0,0,0,-0.007988311234674651,-0.007272467964213817,-0.013681866244826145,0.005205699397464668,-0.007988311234674651,-0.007272467964213817,0.029255555412745937,0.00014550631575531816,0.1993127158291535,0.4701806519894993
shift_corrected,27,13,0,0,certified_reset,0,1,0.05059788911437524,0.04679772673855795,0.003800162375817289,0.030401299006538315,0.0,0.0,0,0,-0.013681866244826145,0.005205699397464668,-0.02083061448161739,0.011634307471163063,-0.013681866244826145,0.005205699397464668,0.012303732264654773,0.00020607883670672862,0.1993127158291535,0.4701806519894993
shift_corrected,27,14,0,0,certified_reset,0,1,0.04679772673855795,0.04299756436274066,0.003800162375817289,0.026601136630721025,0.0,0.0,0,0,-0.02083061448161739,0.011634307471163063,-0.009463497614085001,0.023593251228118155,-0.02083061448161739,0.011634307471163063,0.01077925401195744,0.0004770491626295023,0.1993127158291535,0.4701806519894993
shift_corrected,27,15,0,0,certified_reset,0,1,0.04299756436274066,0.03919740198692337,0.003800162375817289,0.022800974254903735,0.0,0.0,0,0,-0.009463497614085001,0.023593251228118155,-0.00205467884632357,0.0029359547855228162,-0.009463497614085001,0.023593251228118155,-0.03429697839422146,0.0003228207811279627,0.1993127158291535,0.4701806519894993
shift_corrected,27,16,0,0,certified_reset,0,1,0.03919740198692337,0.03539723961110608,0.003800162375817289,0.019000811879086445,0.0,0.0,0,0,-0.00205467884632357,0.0029359547855228162,0.0004629125458450896,-0.0012823315756416466,-0.00205467884632357,0.0029359547855228162,-0.0027671767989302263,6.989244182111157e-06,0.1993127158291535,0.4701806519894993
shift_corrected,27,17,0,0,certified_reset,0,1,0.03539723961110608,0.03159707723528879,0.003800162375817289,0.015200649503269156,0.0,0.0,0,0,0.0004629125458450896,-0.0012823315756416466,0.0019511440395224172,-0.00224982131895565,0.0004629125458450896,-0.0012823315756416466,0.0019576655500841856,9.319779450515925e-07,0.1993127158291535,0.4701806519894993
shift_corrected,27,18,0,0,certified_reset,0,1,0.03159707723528879,0.0277969148594715,0.003800162375817289,0.011400487127451866,0.0,0.0,0,0,0.0019511440395224172,-0.00224982131895565,-0.0036251548727743474,-0.006111543485998717,0.0019511440395224172,-0.00224982131895565,0.0014794577707911217,5.2474906784150305e-06,0.1993127158291535,0.4701806519894993
shift_corrected,27,19,0,0,certified_reset,0,1,0.0277969148594715,0.02399675248365421,0.003800162375817289,0.007600324751634578,0.0,0.0,0,0,-0.0036251548727743474,-0.006111543485998717,-0.0074890170107558655,-0.011033453282878192,-0.0036251548727743474,-0.006111543485998717,0.019292841670413497,5.2256587974484404e-05,0.1993127158291535,0.4701806519894993
shift_corrected,27,20,0,0,certified_reset,0,1,0.02399675248365421,0.02019659010783692,0.003800162375817289,0.003800162375817289,0.0,0.0,0,0,-0.0074890170107558655,-0.011033453282878192,-0.011869698636080875,-0.0001493696713997612,-0.0074890170107558655,-0.011033453282878192,0.0364466585725618,0.00019278836231214605,0.1993127158291535,0.4701806519894993
shift_corrected,27,21,0,0,certified_reset,0,1,0.02019659010783692,0.01639642773201963,0.003800162375817289,0.0,0.0,0.0,0,0,-0.011869698636080875,-0.0001493696713997612,-0.016398668905451573,0.010063344112326265,-0.011869698636080875,-0.0001493696713997612,0.020664230518527178,0.0001750561573698901,0.1993127158291535,0.4701806519894993
shift_corrected,28,0,0,0,certified_reset,0,1,0.1,0.09619983762418272,0.003800162375817289,0.07980340989216307,0.0,0.0,0,0,-0.6100945136805033,-0.315569981073742,-0.6148195812290882,0.4439767094264926,-0.6100945136805033,-0.315569981073742,1.720884961343268,0.6340270228759639,0.1993127158291535,0.4701806519894993
shift_corrected,28,1,0,0,certified_reset,0,1,0.09619983762418272,0.09239967524836543,0.003800162375817289,0.07600324751634578,0.0,0.0,0,0,-0.6148195812290882,0.4439767094264926,-0.46130982027068096,0.5909465622475238,-0.6148195812290882,0.4439767094264926,0.1028818940668204,0.42812872182114753,0.1993127158291535,0.4701806519894993
shift_corrected,28,2,0,0,certified_reset,0,1,0.09239967524836543,0.08859951287254814,0.003800162375817289,0.07220308514052849,0.0,0.0,0,0,-0.46130982027068096,0.5909465622475238,-0.27949378628414434,0.4894001708911587,-0.46130982027068096,0.5909465622475238,-0.4747644286524698,0.31814331115330613,0.1993127158291535,0.4701806519894993
shift_corrected,28,3,0,0,certified_reset,0,1,0.08859951287254814,0.08479935049673085,0.003800162375817289,0.0684029227647112,0.0,0.0,0,0,-0.27949378628414434,0.4894001708911587,-0.13439988162864475,0.3557270684974462,-0.27949378628414434,0.4894001708911587,-0.5688798543977424,0.16388485148768853,0.1993127158291535,0.4701806519894993
shift_corrected,28,4,0,0,certified_reset,0,1,0.08479935049673085,0.08099918812091356,0.003800162375817289,0.06460276038889391,0.0,0.0,0,0,-0.13439988162864475,0.3557270684974462,-0.04535091066606039,0.1752810498503537,-0.13439988162864475,0.3557270684974462,-0.5313005765680936,0.0722811892101675,0.1993127158291535,0.4701806519894993
shift_corrected,28,5,0,0,certified_reset,0,1,0.08099918812091356,0.07719902574509627,0.003800162375817289,0.06080259801307663,0.0,0.0,0,0,-0.04535091066606039,0.1752810498503537,-0.006159885674587741,0.07501432060915378,-0.04535091066606039,0.1752810498503537,-0.29755230273306216,0.016820556536341364,0.1993127158291535,0.4701806519894993
shift_corrected,28,6,0,0,certified_reset,0,1,0.07719902574509627,0.07339886336927898,0.003800162375817289,0.05700243563725934,0.0,0.0,0,0,-0.006159885674587741,0.07501432060915378,0.012035410684185044,0.015171407158537497,-0.006159885674587741,0.07501432060915378,-0.15003592269941404,0.0032455935136583834,0.1993127158291535,0.4701806519894993
shift_corrected,28,7,0,0,certified_reset,0,1,0.07339886336927898,0.06959870099346169,0.003800162375817289,0.05320227326144205,0.0,0.0,0,0,0.012035410684185044,0.015171407158537497,0.01841509617139986,-0.0031843902971529113,0.012035410684185044,0.015171407158537497,-0.053101521825968175,0.0004279757387482281,0.1993127158291535,0.4701806519894993
shift_corrected,28,8,0,0,certified_reset,0,1,0.06959870099346169,0.0657985386176444,0.003800162375817289,0.04940211088562476,0.0,0.0,0,0,0.01841509617139986,-0.0031843902971529113,0.019041234626601525,-0.0025064434151382767,0.01841509617139986,-0.0031843902971529113,-0.02474275067545643,0.0003906271492720801,0.1993127158291535,0.4701806519894993
shift_corrected,28,9,0,0,certified_reset,0,1,0.0657985386176444,0.06199837624182711,0.003800162375817289,0.04560194850980747,0.0,0.0,0,0,0.019041234626601525,-0.0025064434151382767,0.023014846459618044,-0.00664919242759591,0.019041234626601525,-0.0025064434151382767,-0.02725228974810811,0.0004235541644747985,0.1993127158291535,0.4701806519894993
shift_corrected,28,10,0,0,certified_reset,0,1,0.06199837624182711,0.05819821386600982,0.003800162375817289,0.04180178613399018,0.0,0.0,0,0,0.023014846459618044,-0.00664919242759591,0.020735257278527156,-0.00850492812006185,0.023014846459618044,-0.00664919242759591,-0.025194634796286353,0.0005915176673460524,0.1993127158291535,0.4701806519894993
shift_corrected,28,11,0,0,certified_reset,0,1,0.05819821386600982,0.05439805149019253,0.003800162375817289,0.03800162375817289,0.0,0.0,0,0,0.020735257278527156,-0.00850492812006185,0.014581751195070223,-0.022963403400143016,0.020735257278527156,-0.00850492812006185,-0.01732526283864926,0.0004720475235828306,0.1993127158291535,0.4701806519894993
shift_corrected,28,12,0,0,certified_reset,0,1,0.05439805149019253,0.05059788911437524,0.003800162375817289,0.0342014613823556,0.0,0.0,0,0,0.014581751195070223,-0.022963403400143016,0.012808101163036562,-0.0062404410926937635,0.014581751195070223,-0.022963403400143016,0.02417793194557686,0.0003912227332975525,0.1993127158291535,0.4701806519894993
shift_corrected,28,13,0,0,certified_reset,0,1,0.05059788911437524,0.04679772673855795,0.003800162375817289,0.030401299006538315,0.0,0.0,0,0,0.012808101163036562,-0.0062404410926937635,0.012243060315976283,-0.00956066336760337,0.012808101163036562,-0.0062404410926937635,-0.008582360685819586,0.0001796757848557439,0.1993127158291535,0.4701806519894993
shift_corrected,28,14,0,0,certified_reset,0,1,0.04679772673855795,0.04299756436274066,0.003800162375817289,0.026601136630721025,0.0,0.0,0,0,0.012243060315976283,-0.00956066336760337,0.00754169407959306,-0.030619215096053927,0.012243060315976283,-0.00956066336760337,-0.000515853569216918,0.00017276538530018145,0.1993127158291535,0.4701806519894993
shift_corrected,28,15,0,0,certified_reset,0,1,0.04299756436274066,0.03919740198692337,0.003800162375817289,0.022800974254903735,0.0,0.0,0,0,0.00754169407959306,-0.030619215096053927,-0.0006135289288077744,-0.017729774857648897,0.00754169407959306,-0.030619215096053927,0.052630939519973656,0.0005128624964451831,0.1993127158291535,0.4701806519894993
shift_corrected,28,16,0,0,certified_reset,0,1,0.03919740198692337,0.03539723961110608,0.003800162375817289,0.019000811879086445,0.0,0.0,0,0,-0.0006135289288077744,-0.017729774857648897,2.211655750107913e-05,-0.009194032026798752,-0.0006135289288077744,-0.017729774857648897,0.039003145690577036,0.000200662276773044,0.1993127158291535,0.4701806519894993
shift_corrected,28,17,0,0,certified_reset,0,1,0.03539723961110608,0.03159707723528879,0.003800162375817289,0.015200649503269156,0.0,0.0,0,0,2.211655750107913e-05,-0.009194032026798752,-0.005371343625308158,-0.0026882594228277135,2.211655750107913e-05,-0.009194032026798752,0.0196471449030624,5.2013869596920464e-05,0.1993127158291535,0.4701806519894993
shift_corrected,28,18,0,0,certified_reset,0,1,0.03159707723528879,0.0277969148594715,0.003800162375817289,0.011400487127451866,0.0,0.0,0,0,-0.005371343625308158,-0.0026882594228277135,0.002205886321484266,-0.004956751917353284,-0.005371343625308158,-0.0026882594228277135,0.01496185266682082,4.856657984013635e-05,0.1993127158291535,0.4701806519894993
shift_corrected,28,19,0,0,certified_reset,0,1,0.0277969148594715,0.02399675248365421,0.003800162375817289,0.007600324751634578,0.0,0.0,0,0,0.002205886321484266,-0.004956751917353284,0.00828242940550974,0.003669677146143695,0.002205886321484266,-0.004956751917353284,0.006840394408393521,1.475156150884826e-05,0.1993127158291535,0.4701806519894993
shift_corrected,28,20,0,0,certified_reset,0,1,0.02399675248365421,0.02019659010783692,0.003800162375817289,0.003800162375817289,0.0,0.0,0,0,0.00828242940550974,0.003669677146143695,0.002275490945291953,-0.004087229109679139,0.00828242940550974,0.003669677146143695,-0.022044374213567874,0.00011084162420391005,0.1993127158291535,0.4701806519894993
shift_corrected,28,21,0,0,certified_reset,0,1,0.02019659010783692,0.01639642773201963,0.003800162375817289,0.0,0.0,0.0,0,0,0.002275490945291953,-0.004087229109679139,-0.0014886193352785608,-0.00042884727896096674,0.002275490945291953,-0.004087229109679139,0.004849151329233281,1.123536097996219e-05,0.1993127158291535,0.4701806519894993
shift_corrected,29,0,0,0,certified_reset,0,1,0.1,0.09619983762418272,0.003800162375817289,0.07980340989216307,0.0,0.0,0,0,0.7181588731796751,0.05094699283937095,0.6548770743251573,-0.574823426688567,0.7181588731796751,0.05094699283937095,-1.3395082324356693,0.659943650527579,0.1993127158291535,0.4701806519894993
shift_corrected,29,1,0,0,certified_reset,0,1,0.09619983762418272,0.09239967524836543,0.003800162375817289,0.07600324751634578,0.0,0.0,0,0,0.6548770743251573,-0.574823426688567,0.46258588143989215,-0.6438989192106044,0.6548770743251573,-0.574823426688567,0.10861003051135397,0.5124131665423883,0.1993127158291535,0.4701806519894993
shift_corrected,29,2,0,0,certified_reset,0,1,0.09239967524836543,0.08859951287254814,0.003800162375817289,0.07220308514052849,0.0,0.0,0,0,0.46258588143989215,-0.6438989192106044,0.27181750465863924,-0.5073922629034049,0.46258588143989215,-0.6438989192106044,0.5859437378602782,0.34510355736268206,0.1993127158291535,0.4701806519894993
shift_corrected,29,3,1,1,certified_reset,0,1,0.08859951287254814,0.08479935049673085,0.003800162375817289,0.0684029227647112,0.0,0.0,0,0,0.27181750465863924,-0.5073922629034049,0.11968308172339132,-0.34234590095336803,0.27181750465863924,-0.5073922629034049,0.6205438228846344,0.16905245384203096,0.21613169776155292,0.5157187008478828
shift_corrected,29,4,0,0,certified_reset,0,1,0.08479935049673085,0.08099918812091356,0.003800162375817289,0.06460276038889391,0.0,0.0,0,0,0.11968308172339132,-0.34234590095336803,0.030254808460899577,-0.17093814325424367,0.11968308172339132,-0.34234590095336803,0.527865725139907,0.06591559692789968,0.1993127158291535,0.4701806519894993
shift_corrected,29,5,1,1,certified_reset,0,1,0.08099918812091356,0.07719902574509627,0.003800162375817289,0.06080259801307663,0.0,0.0,0,0,0.030254808460899577,-0.17093814325424367,0.0063082809119660126,-0.03878579432800989,0.030254808460899577,-0.17093814325424367,0.31411586791472257,0.016113817917873356,0.21613169776155292,0.5157187008478828
shift_corrected,29,6,1,1,certified_reset,0,1,0.07719902574509627,0.07339886336927898,0.003800162375817289,0.05700243563725934,0.0,0.0,0,0,0.0063082809119660126,-0.03878579432800989,0.009427426281431051,0.0022297731872708594,0.0063082809119660126,-0.03878579432800989,0.07222694477807859,0.0008332173926359949,0.21613169776155292,0.5157187008478828
shift_corrected,29,7,1,1,certified_reset,0,1,0.07339886336927898,0.06959870099346169,0.003800162375817289,0.05320227326144205,0.0,0.0,0,0,0.009427426281431051,0.0022297731872708594,0.021751619870426342,-0.030247648987546952,0.009427426281431051,0.0022297731872708594,-0.020926661021934637,0.00012515334973064158,0.21613169776155292,0.5157187008478828
shift_corrected,29,8,1,1,certified_reset,0,1,0.06959870099346169,0.0657985386176444,0.003800162375817289,0.04940211088562476,0.0,0.0,0,0,0.021751619870426342,-0.030247648987546952,0.0019583820708070597,-0.011976645767415025,0.021751619870426342,-0.030247648987546952,0.02748580390948673,0.000762300587630049,0.21613169776155292,0.5157187008478828
shift_corrected,29,9,1,1,certified_reset,0,1,0.0657985386176444,0.06199837624182711,0.003800162375817289,0.04560194850980747,0.0,0.0,0,0,0.0019583820708070597,-0.011976645767415025,-0.0048148977839730335,0.004448138796029475,0.0019583820708070597,-0.011976645767415025,0.022282402950047183,7.941570979305533e-05,0.21613169776155292,0.5157187008478828
shift_corrected,29,10,1,1,certified_reset,0,1,0.06199837624182711,0.05819821386600982,0.003800162375817289,0.04180178613399018,0.0,0.0,0,0,-0.0048148977839730335,0.004448138796029475,-0.011306540068680338,-0.018343443286938675,-0.0048148977839730335,0.004448138796029475,-0.0012703431373475727,2.8258827092222554e-05,0.21613169776155292,0.5157187008478828
shift_corrected,29,11,1,1,certified_reset,0,1,0.05819821386600982,0.05439805149019253,0.003800162375817289,0.03800162375817289,0.0,0.0,0,0,-0.011306540068680338,-0.018343443286938675,-0.027931064198528532,0.00353537687742268,-0.011306540068680338,-0.018343443286938675,0.058643374617167975,0.000487081957149118,0.21613169776155292,0.5157187008478828
shift_corrected,29,12,1,1,certified_reset,0,1,0.05439805149019253,0.05059788911437524,0.003800162375817289,0.0342014613823556,0.0,0.0,0,0,-0.027931064198528532,0.00353537687742268,-0.05238428414345399,0.026476680285636572,-0.027931064198528532,0.00353537687742268,0.0402875361155471,0.0009131159149795969,0.21613169776155292,0.5157187008478828
shift_corrected,29,13,1,1,certified_reset,0,1,0.05059788911437524,0.04679772673855795,0.003800162375817289,0.030401299006538315,0.0,0.0,0,0,-0.05238428414345399,0.026476680285636572,-0.04108383890203711,0.056805698872196254,-0.05238428414345399,0.026476680285636572,0.03306925337375729,0.0030068529164548998,0.21613169776155292,0.5157187008478828
shift_corrected,29,14,1,1,certified_reset,0,1,0.04679772673855795,0.04299756436274066,0.003800162375817289,0.026601136630721025,0.0,0.0,0,0,-0.04108383890203711,0.056805698872196254,-0.04366039113219384,0.04901035952174819,-0.04108383890203711,0.056805698872196254,-0.051224904119548706,0.002704522939182754,0.21613169776155292,0.5157187008478828
shift_corrected,29,15,0,0,certified_reset,0,1,0.04299756436274066,0.03919740198692337,0.003800162375817289,0.022800974254903735,0.0,0.0,0,0,-0.04366039113219384,0.04901035952174819,-0.03067913247874509,0.05062711377488519,-0.04366039113219384,0.04901035952174819,-0.03012615302541968,0.0025793403966177845,0.1993127158291535,0.4701806519894993
shift_corrected,29,16,0,0,certified_reset,0,1,0.03919740198692337,0.03539723961110608,0.003800162375817289,0.019000811879086445,0.0,0.0,0,0,-0.03067913247874509,0.05062711377488519,-0.008343414003645864,0.032850088494486444,-0.03067913247874509,0.05062711377488519,-0.05582023391681518,0.0018312572131044215,0.1993127158291535,0.4701806519894993
shift_corrected,29,17,0,0,certified_reset,0,1,0.03539723961110608,0.03159707723528879,0.003800162375817289,0.015200649503269156,0.0,0.0,0,0,-0.008343414003645864,0.032850088494486444,-0.004442793060844828,0.011374543349170456,-0.008343414003645864,0.032850088494486444,-0.056034628506174494,0.0005905850031061302,0.1993127158291535,0.4701806519894993
shift_corrected,29,18,0,0,certified_reset,0,1,0.03159707723528879,0.0277969148594715,0.003800162375817289,0.011400487127451866,0.0,0.0,0,0,-0.004442793060844828,0.011374543349170456,-0.006909999980827571,-0.012848797250916593,-0.004442793060844828,0.011374543349170456,-0.016745563760246225,7.451658173390816e-05,0.1993127158291535,0.4701806519894993
shift_corrected,29,19,0,0,certified_reset,0,1,0.0277969148594715,0.02399675248365421,0.003800162375817289,0.007600324751634578,0.0,0.0,0,0,-0.006909999980827571,-0.012848797250916593,-0.004425005239493795,0.006046558398666746,-0.006909999980827571,-0.012848797250916593,0.03934705169722212,0.0002128762356149371,0.1993127158291535,0.4701806519894993
shift_corrected,29,20,0,0,certified_reset,0,1,0.02399675248365421,0.02019659010783692,0.003800162375817289,0.003800162375817289,0.0,0.0,0,0,-0.004425005239493795,0.006046558398666746,-0.012234043454885402,-0.005430003027836969,-0.004425005239493795,0.006046558398666746,-0.005360261930967187,3.1019481124155465e-05,0.1993127158291535,0.4701806519894993
shift_corrected,29,21,0,0,certified_reset,0,1,0.02019659010783692,0.01639642773201963,0.003800162375817289,0.0,0.0,0.0,0,0,-0.012234043454885402,-0.005430003027836969,-0.01692132778547233,-0.0029482885868133673,-0.012234043454885402,-0.005430003027836969,0.03258526394988361,0.00024198700661129076,0.1993127158291535,0.4701806519894993
shift_corrected,30,0,1,1,certified_reset,0,1,0.1,0.09619983762418272,0.003800162375817289,0.07980340989216307,0.0,0.0,0,0,2.1813091797878115,-0.2844186575463904,1.8778189177414792,-1.867459137885289,2.1813091797878115,-0.2844186575463904,-3.128376744905016,5.561272515661699,0.21613169776155292,0.5157187008478828
shift_corrected,30,1,1,1,certified_reset,0,1,0.09619983762418272,0.09239967524836543,0.003800162375817289,0.07600324751634578,0.0,0.0,0,0,1.8778189177414792,-1.867459137885289,1.265490190921571,-1.8986961742089992,1.8778189177414792,-1.867459137885289,0.7806757659446978,4.446811167868264,0.21613169776155292,0.5157187008478828
shift_corrected,30,2,0,0,certified_reset,0,1,0.09239967524836543,0.08859951287254814,0.003800162375817289,0.07220308514052849,0.0,0.0,0,0,1.265490190921571,-1.8986961742089992,0.7167339854267056,-1.4190837854564013,1.265490190921571,-1.8986961742089992,1.8966691518576055,2.790515523536347,0.1993127158291535,0.4701806519894993
shift_corrected,30,3,0,0,certified_reset,0,1,0.08859951287254814,0.08479935049673085,0.003800162375817289,0.0684029227647112,0.0,0.0,0,0,0.7167339854267056,-1.4190837854564013,0.3262295261849701,-0.8533624833171259,0.7167339854267056,-1.4190837854564013,1.8100781295641961,1.2792679302120962,0.1993127158291535,0.4701806519894993
shift_corrected,30,4,0,0,certified_reset,0,1,0.08479935049673085,0.08099918812091356,0.003800162375817289,0.06460276038889391,0.0,0.0,0,0,0.3262295261849701,-0.8533624833171259,0.10849873343823652,-0.4308957921396042,0.3262295261849701,-0.8533624833171259,1.2679980595073141,0.41710811205130827,0.1993127158291535,0.4701806519894993
shift_corrected,30,5,0,0,certified_reset,0,1,0.08099918812091356,0.07719902574509627,0.003800162375817289,0.06080259801307663,0.0,0.0,0,0,0.10849873343823652,-0.4308957921396042,0.0029339632455231642,-0.17238006772476,0.10849873343823652,-0.4308957921396042,0.7365906820958555,0.10159503771464078,0.1993127158291535,0.4701806519894993
shift_corrected,30,6,0,0,certified_reset,0,1,0.07719902574509627,0.07339886336927898,0.003800162375817289,0.05700243563725934,0.0,0.0,0,0,0.0029339632455231642,-0.17238006772476,-0.04377385272041494,-0.030396309848468663,0.0029339632455231642,-0.17238006772476,0.3640142578312386,0.01803784046987849,0.1993127158291535,0.4701806519894993
shift_corrected,30,7,0,0,certified_reset,0,1,0.07339886336927898,0.06959870099346169,0.003800162375817289,0.05320227326144205,0.0,0.0,0,0,-0.04377385272041494,-0.030396309848468663,-0.039984558821134726,0.03692726854492167,-0.04377385272041494,-0.030396309848468663,0.14007131093652295,0.003716731866887694,0.1993127158291535,0.4701806519894993
shift_corrected,30,8,0,0,certified_reset,0,1,0.06959870099346169,0.0657985386176444,0.003800162375817289,0.04940211088562476,0.0,0.0,0,0,-0.039984558821134726,0.03692726854492167,-0.026769820966612776,0.044825312064416784,-0.039984558821134726,0.03692726854492167,-0.0105507015065997,0.0019485761188504822,0.1993127158291535,0.4701806519894993
shift_corrected,30,9,0,0,certified_reset,0,1,0.0657985386176444,0.06199837624182711,0.003800162375817289,0.04560194850980747,0.0,0.0,0,0,-0.026769820966612776,0.044825312064416784,-0.019518887661817114,0.03104353418123218,-0.026769820966612776,0.044825312064416784,-0.050100774717826195,0.001419757475188698,0.1993127158291535,0.4701806519894993
shift_corrected,30,10,0,0,certified_reset,0,1,0.06199837624182711,0.05819821386600982,0.003800162375817289,0.04180178613399018,0.0,0.0,0,0,-0.019518887661817114,0.03104353418123218,-0.015546619141153448,0.01878270817334668,-0.019518887661817114,0.03104353418123218,-0.03302154095947336,0.0007091460025570231,0.1993127158291535,0.4701806519894993
shift_corrected,30,11,0,0,certified_reset,0,1,0.05819821386600982,0.05439805149019253,0.003800162375817289,0.03800162375817289,0.0,0.0,0,0,-0.015546619141153448,0.01878270817334668,-0.008959220222029907,0.03271428286371339,-0.015546619141153448,0.01878270817334668,-0.013578155032322858,0.0003446442018278984,0.1993127158291535,0.4701806519894993
shift_corrected,30,12,0,0,certified_reset,0,1,0.05439805149019253,0.05059788911437524,0.003800162375817289,0.0342014613823556,0.0,0.0,0,0,-0.008959220222029907,0.03271428286371339,-0.00490710906267575,0.008630703464383306,-0.008959220222029907,0.03271428286371339,-0.05468644901382332,0.0005870723192679124,0.1993127158291535,0.4701806519894993
shift_corrected,30,13,0,0,certified_reset,0,1,0.05059788911437524,0.04679772673855795,0.003800162375817289,0.030401299006538315,0.0,0.0,0,0,-0.00490710906267575,0.008630703464383306,0.001049782525548599,0.005835702492851834,-0.00490710906267575,0.008630703464383306,-0.010074910986273415,5.08222864360306e-05,0.1993127158291535,0.4701806519894993
shift_corrected,30,14,0,0,certified_reset,0,1,0.04679772673855795,0.04299756436274066,0.003800162375817289,0.026601136630721025,0.0,0.0,0,0,0.001049782525548599,0.005835702492851834,-0.0007813675372717443,-0.0009190679961984603,0.001049782525548599,0.005835702492851834,-0.014288471139595738,2.59487318477813e-05,0.1993127158291535,0.4701806519894993
shift_corrected,30,15,0,0,certified_reset,0,1,0.04299756436274066,0.03919740198692337,0.003800162375817289,0.022800974254903735,0.0,0.0,0,0,-0.0007813675372717443,-0.0009190679961984603,0.00011203347681244303,0.005807948117323413,-0.0007813675372717443,-0.0009190679961984603,0.003302132448092047,1.694033020090564e-06,0.1993127158291535,0.4701806519894993
shift_corrected,30,16,0,0,certified_reset,0,1,0.03919740198692337,0.03539723961110608,0.003800162375817289,0.019000811879086445,0.0,0.0,0,0,0.00011203347681244303,0.005807948117323413,0.0011990919619719364,0.00544751890080888,0.00011203347681244303,0.005807948117323413,-0.012620197099950194,2.1187166820634132e-05,0.1993127158291535,0.4701806519894993
shift_corrected,30,17,0,0,certified_reset,0,1,0.03539723961110608,0.03159707723528879,0.003800162375817289,0.015200649503269156,0.0,0.0,0,0,0.0011990919619719364,0.00544751890080888,0.010228461774258412,-0.008363278337451697,0.0011990919619719364,0.00544751890080888,-0.013711134322388,2.3896303429458503e-05,0.1993127158291535,0.4701806519894993
shift_corrected,30,18,0,0,certified_reset,0,1,0.03159707723528879,0.0277969148594715,0.003800162375817289,0.011400487127451866,0.0,0.0,0,0,0.010228461774258412,-0.008363278337451697,-0.001803950027482671,0.0032225592993892892,0.010228461774258412,-0.008363278337451697,0.0003809089851272235,0.0001221191437372838,0.1993127158291535,0.4701806519894993
shift_corrected,30,19,0,0,certified_reset,0,1,0.0277969148594715,0.02399675248365421,0.003800162375817289,0.007600324751634578,0.0,0.0,0,0,-0.001803950027482671,0.0032225592993892892,-0.004087885406641266,0.007600644007380259,-0.001803950027482671,0.0032225592993892892,-0.00381103895632778,7.012379245306661e-06,0.1993127158291535,0.4701806519894993
shift_corrected,30,20,0,0,certified_reset,0,1,0.02399675248365421,0.02019659010783692,0.003800162375817289,0.003800162375817289,0.0,0.0,0,0,-0.004087885406641266,0.007600644007380259,-0.0031416868834245894,-0.0035417414414231256,-0.004087885406641266,0.007600644007380259,-0.009267285245140408,3.802386049474576e-05,0.1993127158291535,0.4701806519894993
shift_corrected,30,21,0,0,certified_reset,0,1,0.02019659010783692,0.01639642773201963,0.003800162375817289,0.0,0.0,0.0,0,0,-0.0031416868834245894,-0.0035417414414231256,0.001967719531701829,-0.002506168129825015,-0.0031416868834245894,-0.0035417414414231256,0.012958802068403462,2.6440623666800228e-05,0.1993127158291535,0.4701806519894993
shift_corrected,31,0,0,0,certified_reset,0,1,0.1,0.09619983762418272,0.003800162375817289,0.07980340989216307,0.0,0.0,0,0,0.6724318170575131,-0.4915825321235117,0.49738863349142837,-0.653408388867421,0.6724318170575131,-0.4915825321235117,-0.09967619708281786,0.513372722604701,0.1993127158291535,0.4701806519894993
shift_corrected,31,1,0,0,certified_reset,0,1,0.09619983762418272,0.09239967524836543,0.003800162375817289,0.07600324751634578,0.0,0.0,0,0,0.49738863349142837,-0.653408388867421,0.30727116959701983,-0.5322022733886372,0.49738863349142837,-0.653408388867421,0.5466719727331286,0.3780391030488046,0.1993127158291535,0.4701806519894993
shift_corrected,31,2,0,0,certified_reset,0,1,0.09239967524836543,0.08859951287254814,0.003800162375817289,0.07220308514052849,0.0,0.0,0,0,0.30727116959701983,-0.5322022733886372,0.15829265511017743,-0.3620705047083919,0.30727116959701983,-0.5322022733886372,0.6129221534546188,0.19527927191116473,0.1993127158291535,0.4701806519894993
shift_corrected,31,3,0,0,certified_reset,0,1,0.08859951287254814,0.08479935049673085,0.003800162375817289,0.0684029227647112,0.0,0.0,0,0,0.15829265511017743,-0.3620705047083919,0.06359199824925335,-0.20701705790749164,0.15829265511017743,-0.3620705047083919,0.5039428278163077,0.07814699715337674,0.1993127158291535,0.4701806519894993
shift_corrected,31,4,0,0,certified_reset,0,1,0.08479935049673085,0.08099918812091356,0.003800162375817289,0.06460276038889391,0.0,0.0,0,0,0.06359199824925335,-0.20701705790749164,0.007404850020360865,-0.10411435681374821,0.06359199824925335,-0.20701705790749164,0.3342426727573558,0.023695410950859946,0.1993127158291535,0.4701806519894993
shift_corrected,31,5,0,0,certified_reset,0,1,0.08099918812091356,0.07719902574509627,0.003800162375817289,0.06080259801307663,0.0,0.0,0,0,0.007404850020360865,-0.10411435681374821,-0.019117143513579307,-0.018785869075673076,0.007404850020360865,-0.10411435681374821,0.21021630794675258,0.0063000533176502714,0.1993127158291535,0.4701806519894993
shift_corrected,31,6,0,0,certified_reset,0,1,0.07719902574509627,0.07339886336927898,0.003800162375817289,0.05700243563725934,0.0,0.0,0,0,-0.019117143513579307,-0.018785869075673076,-0.02131092463802578,0.019285250048413104,-0.019117143513579307,-0.018785869075673076,0.0729703697398588,0.000879666384148606,0.1993127158291535,0.4701806519894993
shift_corrected,31,7,0,0,certified_reset,0,1,0.07339886336927898,0.06959870099346169,0.003800162375817289,0.05320227326144205,0.0,0.0,0,0,-0.02131092463802578,0.019285250048413104,-0.013673036794054844,0.013058062972156271,-0.02131092463802578,0.019285250048413104,-0.004775207617187209,0.0005489599349080481,0.1993127158291535,0.4701806519894993
shift_corrected,31,8,0,0,certified_reset,0,1,0.06959870099346169,0.0657985386176444,0.003800162375817289,0.04940211088562476,0.0,0.0,0,0,-0.013673036794054844,0.013058062972156271,-0.0033885584791360137,0.03187359058012224,-0.013673036794054844,0.013058062972156271,-0.004525113308686761,0.00023121831935429355,0.1993127158291535,0.4701806519894993
shift_corrected,31,9,0,0,certified_reset,0,1,0.0657985386176444,0.06199837624182711,0.003800162375817289,0.04560194850980747,0.0,0.0,0,0,-0.0033885584791360137,0.03187359058012224,0.006282892167034226,0.0228976664449302,-0.0033885584791360137,0.03187359058012224,-0.06243241117565439,0.0005772882499003169,0.1993127158291535,0.4701806519894993
shift_corrected,31,10,0,0,certified_reset,0,1,0.06199837624182711,0.05819821386600982,0.003800162375817289,0.04180178613399018,0.0,0.0,0,0,0.006282892167034226,0.0228976664449302,0.011171176296233737,0.000800444021958408,0.006282892167034226,0.0228976664449302,-0.059782300212315,0.00045646438963242936,0.1993127158291535,0.4701806519894993
shift_corrected,31,11,0,0,certified_reset,0,1,0.05819821386600982,0.05439805149019253,0.003800162375817289,0.03800162375817289,0.0,0.0,0,0,0.011171176296233737,0.000800444021958408,0.008204204500220101,-0.00908892531647329,0.011171176296233737,0.000800444021958408,-0.020855999372535135,0.0001597531742857816,0.1993127158291535,0.4701806519894993
shift_corrected,31,12,0,0,certified_reset,0,1,0.05439805149019253,0.05059788911437524,0.003800162375817289,0.0342014613823556,0.0,0.0,0,0,0.008204204500220101,-0.00908892531647329,0.003942157055585225,-0.01249656828618157,0.008204204500220101,-0.00908892531647329,0.005399921757450366,9.02938447324659e-05,0.1993127158291535,0.4701806519894993
shift_corrected,31,13,0,0,certified_reset,0,1,0.05059788911437524,0.04679772673855795,0.003800162375817289,0.030401299006538315,0.0,0.0,0,0,0.003942157055585225,-0.01249656828618157,0.007326392158874426,0.004665776860844874,0.003942157055585225,-0.01249656828618157,0.01999731375488675,8.657306157661073e-05,0.1993127158291535,0.4701806519894993
shift_corrected,31,14,0,0,certified_reset,0,1,0.04679772673855795,0.04299756436274066,0.003800162375817289,0.026601136630721025,0.0,0.0,0,0,0.007326392158874426,0.004665776860844874,-0.000904253623858365,-0.02056609417583806,0.007326392158874426,0.004665776860844874,-0.022539539946101972,9.976085937296966e-05,0.1993127158291535,0.4701806519894993
shift_corrected,31,15,0,0,certified_reset,0,1,0.04299756436274066,0.03919740198692337,0.003800162375817289,0.022800974254903735,0.0,0.0,0,0,-0.000904253623858365,-0.02056609417583806,-0.016827668040828574,-0.0010356608666031329,-0.000904253623858365,-0.02056609417583806,0.045579476263122275,0.0002727578245422632,0.1993127158291535,0.4701806519894993
shift_corrected,31,16,0,0,certified_reset,0,1,0.03919740198692337,0.03539723961110608,0.003800162375817289,0.019000811879086445,0.0,0.0,0,0,-0.016827668040828574,-0.0010356608666031329,-0.015689532228893865,0.026795888028833904,-0.016827668040828574,-0.0010356608666031329,0.031048087324714167,0.0003605572581718228,0.1993127158291535,0.4701806519894993
shift_corrected,31,17,0,0,certified_reset,0,1,0.03539723961110608,0.03159707723528879,0.003800162375817289,0.015200649503269156,0.0,0.0,0,0,-0.015689532228893865,0.026795888028833904,-0.007769585437085785,-0.002810826543791483,-0.015689532228893865,0.026795888028833904,-0.030485766982731182,0.000500016884456981,0.1993127158291535,0.4701806519894993
shift_corrected,31,18,0,0,certified_reset,0,1,0.03159707723528879,0.0277969148594715,0.003800162375817289,0.011400487127451866,0.0,0.0,0,0,-0.007769585437085785,-0.002810826543791483,-0.006346085024664286,-0.0003238806188206843,-0.007769585437085785,-0.002810826543791483,0.019325194190386318,9.221869476868749e-05,0.1993127158291535,0.4701806519894993
shift_corrected,31,19,0,0,certified_reset,0,1,0.0277969148594715,0.02399675248365421,0.003800162375817289,0.007600324751634578,0.0,0.0,0,0,-0.006346085024664286,-0.0003238806188206843,-0.011277565959474913,0.004533418607605316,-0.006346085024664286,-0.0003238806188206843,0.0115684049894914,5.100525932415138e-05,0.1993127158291535,0.4701806519894993
shift_corrected,31,20,0,0,certified_reset,0,1,0.02399675248365421,0.02019659010783692,0.003800162375817289,0.003800162375817289,0.0,0.0,0,0,-0.011277565959474913,0.004533418607605316,-0.01320573499062464,0.010958766912382182,-0.011277565959474913,0.004533418607605316,0.009613388368820676,0.000139714843912635,0.1993127158291535,0.4701806519894993
shift_corrected,31,21,0,0,certified_reset,0,1,0.02019659010783692,0.01639642773201963,0.003800162375817289,0.0,0.0,0.0,0,0,-0.01320573499062464,0.010958766912382182,-0.012526868200122214,0.008897362476720364,-0.01320573499062464,0.010958766912382182,-0.0008299045546699888,0.00020447017902817754,0.1993127158291535,0.4701806519894993
shift_corrected,32,0,0,0,certified_reset,0,1,0.1,0.09619983762418272,0.003800162375817289,0.07980340989216307,0.0,0.0,0,0,-2.4557232079067477,-0.09738444282006645,-2.265080419737447,1.841288856920273,-2.4557232079067477,-0.09738444282006645,4.0,7.312947406277652,0.1993127158291535,0.4701806519894993
shift_corrected,32,1,0,0,certified_reset,0,1,0.09619983762418272,0.09239967524836543,0.003800162375817289,0.07600324751634578,0.0,0.0,0,0,-2.265080419737447,1.841288856920273,-1.6164169853010397,2.2224437553580607,-2.265080419737447,1.841288856920273,-0.061145893374853766,5.978474577154788,0.1993127158291535,0.4701806519894993
shift_corrected,32,2,0,0,certified_reset,0,1,0.09239967524836543,0.08859951287254814,0.003800162375817289,0.07220308514052849,0.0,0.0,0,0,-1.6164169853010397,2.2224437553580607,-0.9653123508727737,1.7592963028435127,-1.6164169853010397,2.2224437553580607,-1.988521076328679,4.1639552174824805,0.1993127158291535,0.4701806519894993
shift_corrected,32,3,0,0,certified_reset,0,1,0.08859951287254814,0.08479935049673085,0.003800162375817289,0.0684029227647112,0.0,0.0,0,0,-0.9653123508727737,1.7592963028435127,-0.478540345481935,1.1179231460816705,-0.9653123508727737,1.7592963028435127,-2.1125295825945045,2.062631304034187,0.1993127158291535,0.4701806519894993
shift_corrected,32,4,0,0,certified_reset,0,1,0.08479935049673085,0.08099918812091356,0.003800162375817289,0.06460276038889391,0.0,0.0,0,0,-0.478540345481935,1.1179231460816705,-0.17633724554850522,0.6037971217527488,-0.478540345481935,1.1179231460816705,-1.5734329489032093,0.7394942019657946,0.1993127158291535,0.4701806519894993
shift_corrected,32,5,0,0,certified_reset,0,1,0.08099918812091356,0.07719902574509627,0.003800162375817289,0.06080259801307663,0.0,0.0,0,0,-0.17633724554850522,0.6037971217527488,-0.03032307284464729,0.27401389741775833,-0.17633724554850522,0.6037971217527488,-0.990520444321706,0.20072802527640138,0.1993127158291535,0.4701806519894993
shift_corrected,32,6,0,0,certified_reset,0,1,0.07719902574509627,0.07339886336927898,0.003800162375817289,0.05700243563725934,0.0,0.0,0,0,-0.03032307284464729,0.27401389741775833,0.024998784157460915,0.06062686432199739,-0.03032307284464729,0.27401389741775833,-0.5346725956702059,0.042560375506116466,0.1993127158291535,0.4701806519894993
shift_corrected,32,7,0,0,certified_reset,0,1,0.07339886336927898,0.06959870099346169,0.003800162375817289,0.05320227326144205,0.0,0.0,0,0,0.024998784157460915,0.06062686432199739,0.03332125319099767,-0.002723772374758562,0.024998784157460915,0.06062686432199739,-0.17262733324516635,0.003927859073397806,0.1993127158291535,0.4701806519894993
shift_corrected,32,8,0,0,certified_reset,0,1,0.06959870099346169,0.0657985386176444,0.003800162375817289,0.04940211088562476,0.0,0.0,0,0,0.03332125319099767,-0.002723772374758562,0.024406746395059874,-0.0401943442952828,0.03332125319099767,-0.002723772374758562,-0.05125808735024268,0.0013223519697103557,0.1993127158291535,0.4701806519894993
shift_corrected,32,9,0,0,certified_reset,0,1,0.0657985386176444,0.06199837624182711,0.003800162375817289,0.04560194850980747,0.0,0.0,0,0,0.024406746395059874,-0.0401943442952828,0.013343143771044402,-0.019193017736709013,0.024406746395059874,-0.0401943442952828,0.044235342247926676,0.001156126838227998,0.1993127158291535,0.4701806519894993
shift_corrected,32,10,0,0,certified_reset,0,1,0.06199837624182711,0.05819821386600982,0.003800162375817289,0.04180178613399018,0.0,0.0,0,0,0.013343143771044402,-0.019193017736709013,0.003136880247698419,-0.018319846299471462,0.013343143771044402,-0.019193017736709013,0.018229520236826547,0.0002967177008003572,0.1993127158291535,0.4701806519894993
shift_corrected,32,11,0,0,certified_reset,0,1,0.05819821386600982,0.05439805149019253,0.003800162375817289,0.03800162375817289,0.0,0.0,0,0,0.003136880247698419,-0.018319846299471462,0.005967682573194636,-0.002976217146074974,0.003136880247698419,-0.018319846299471462,0.03384424243519287,0.00018537882947843384,0.1993127158291535,0.4701806519894993
shift_corrected,32,12,0,0,certified_reset,0,1,0.05439805149019253,0.05059788911437524,0.003800162375817289,0.0342014613823556,0.0,0.0,0,0,0.005967682573194636,-0.002976217146074974,0.007938066696356787,-0.006530528053246503,0.005967682573194636,-0.002976217146074974,-0.003851139475176615,3.901420444013971e-05,0.1993127158291535,0.4701806519894993
shift_corrected,32,13,0,0,certified_reset,0,1,0.05059788911437524,0.04679772673855795,0.003800162375817289,0.030401299006538315,0.0,0.0,0,0,0.007938066696356787,-0.006530528053246503,-0.0007394188841168244,-0.0008317989222106689,0.007938066696356787,-0.006530528053246503,0.00038223372209182595,7.368654024883299e-05,0.1993127158291535,0.4701806519894993
shift_corrected,32,14,0,0,certified_reset,0,1,0.04679772673855795,0.04299756436274066,0.003800162375817289,0.026601136630721025,0.0,0.0,0,0,-0.0007394188841168244,-0.0008317989222106689,0.0016736638920717393,0.006074256963720418,-0.0007394188841168244,-0.0008317989222106689,0.003044930104166162,1.4614405950768658e-06,0.1993127158291535,0.4701806519894993
shift_corrected,32,15,0,0,certified_reset,0,1,0.04299756436274066,0.03919740198692337,0.003800162375817289,0.022800974254903735,0.0,0.0,0,0,0.0016736638920717393,0.006074256963720418,-0.007199716985249532,0.003702582110666084,0.0016736638920717393,0.006074256963720418,-0.015867299251761335,3.216699508254688e-05,0.1993127158291535,0.4701806519894993
shift_corrected,32,16,0,0,certified_reset,0,1,0.03919740198692337,0.03539723961110608,0.003800162375817289,0.019000811879086445,0.0,0.0,0,0,-0.007199716985249532,0.003702582110666084,-0.001359160085200214,0.01787133195785327,-0.007199716985249532,0.003702582110666084,0.004406304298653437,5.681644464503328e-05,0.1993127158291535,0.4701806519894993
shift_corrected,32,17,0,0,certified_reset,0,1,0.03539723961110608,0.03159707723528879,0.003800162375817289,0.015200649503269156,0.0,0.0,0,0,-0.001359160085200214,0.01787133195785327,-0.005049701596254234,0.0033111999877707913,-0.001359160085200214,0.01787133195785327,-0.03593098172092339,0.0001849762784184948,0.1993127158291535,0.4701806519894993
shift_corrected,32,18,0,0,certified_reset,0,1,0.03159707723528879,0.0277969148594715,0.003800162375817289,0.011400487127451866,0.0,0.0,0,0,-0.005049701596254234,0.0033111999877707913,-0.001456225447147283,-0.004772548950477213,-0.005049701596254234,0.0033111999877707913,0.001559999569889731,2.8435185443610366e-05,0.1993127158291535,0.4701806519894993
shift_corrected,32,19,0,0,certified_reset,0,1,0.0277969148594715,0.02399675248365421,0.003800162375817289,0.007600324751634578,0.0,0.0,0,0,-0.001456225447147283,-0.004772548950477213,-0.006946078345593307,0.0036943197490570834,-0.001456225447147283,-0.004772548950477213,0.0127039184818332,2.0726062007539644e-05,0.1993127158291535,0.4701806519894993
shift_corrected,32,20,0,0,certified_reset,0,1,0.02399675248365421,0.02019659010783692,0.003800162375817289,0.003800162375817289,0.0,0.0,0,0,-0.006946078345593307,0.0036943197490570834,-0.008420083554991336,0.012503343482870313,-0.006946078345593307,0.0036943197490570834,0.00398319185646796,5.2929269374423166e-05,0.1993127158291535,0.4701806519894993
shift_corrected,32,21,0,0,certified_reset,0,1,0.02019659010783692,0.01639642773201963,0.003800162375817289,0.0,0.0,0.0,0,0,-0.008420083554991336,0.012503343482870313,-0.004010862613876142,0.010903543570951637,-0.008420083554991336,0.012503343482870313,-0.012338304158307105,0.00012215990659592628,0.1993127158291535,0.4701806519894993
shift_corrected,33,0,0,0,certified_reset,0,1,0.1,0.09619983762418272,0.003800162375817289,0.07980340989216307,0.0,0.0,0,0,-2.7257428990215846,-0.11675511668301775,-2.5310337646816943,1.9084607685014585,-2.7257428990215846,-0.11675511668301775,4.0,8.713082290884508,0.1993127158291535,0.4701806519894993
shift_corrected,33,1,0,0,certified_reset,0,1,0.09619983762418272,0.09239967524836543,0.003800162375817289,0.07600324751634578,0.0,0.0,0,0,-2.5310337646816943,1.9084607685014585,-1.8596055272193364,2.4447682161847357,-2.5310337646816943,1.9084607685014585,0.25070876184858937,7.3217159348474965,0.1993127158291535,0.4701806519894993
shift_corrected,33,2,0,0,certified_reset,0,1,0.09239967524836543,0.08859951287254814,0.003800162375817289,0.07220308514052849,0.0,0.0,0,0,-1.8596055272193364,2.4447682161847357,-1.1277498493050682,2.0022984464265186,-1.8596055272193364,2.4447682161847357,-2.0478288590730487,5.287843867465674,0.1993127158291535,0.4701806519894993
shift_corrected,33,3,0,0,certified_reset,0,1,0.08859951287254814,0.08479935049673085,0.003800162375817289,0.0684029227647112,0.0,0.0,0,0,-1.1277498493050682,2.0022984464265186,-0.5686436186787338,1.3195813023281355,-1.1277498493050682,2.0022984464265186,-2.354456434788043,2.717596698013302,0.1993127158291535,0.4701806519894993
shift_corrected,33,4,0,0,certified_reset,0,1,0.08479935049673085,0.08099918812091356,0.003800162375817289,0.06460276038889391,0.0,0.0,0,0,-0.5686436186787338,1.3195813023281355,-0.22115500390859594,0.7055354996456107,-0.5686436186787338,1.3195813023281355,-1.8507810759168606,1.0327105157053076,0.1993127158291535,0.4701806519894993
shift_corrected,33,5,0,0,certified_reset,0,1,0.08099918812091356,0.07719902574509627,0.003800162375817289,0.06080259801307663,0.0,0.0,0,0,-0.22115500390859594,0.7055354996456107,-0.04485496971694264,0.32774294324696873,-0.22115500390859594,0.7055354996456107,-1.1315424419951707,0.275785684911768,0.1993127158291535,0.4701806519894993
shift_corrected,33,6,0,0,certified_reset,0,1,0.07719902574509627,0.07339886336927898,0.003800162375817289,0.05700243563725934,0.0,0.0,0,0,-0.04485496971694264,0.32774294324696873,0.02971722012654911,0.09532385798912672,-0.04485496971694264,0.32774294324696873,-0.6247984821317568,0.060095678982286065,0.1993127158291535,0.4701806519894993
shift_corrected,33,7,0,0,certified_reset,0,1,0.07339886336927898,0.06959870099346169,0.003800162375817289,0.05320227326144205,0.0,0.0,0,0,0.02971722012654911,0.09532385798912672,0.05633401032299755,-0.0383088831511596,0.02971722012654911,0.09532385798912672,-0.25499480468236235,0.008356560680732265,0.1993127158291535,0.4701806519894993
shift_corrected,33,8,1,1,certified_reset,0,1,0.06959870099346169,0.0657985386176444,0.003800162375817289,0.04940211088562476,0.0,0.0,0,0,0.05633401032299755,-0.0383088831511596,0.059904008666910064,-0.04017842633999941,0.05633401032299755,-0.0383088831511596,-0.014504025616336569,0.003557242691870242,0.21613169776155292,0.5157187008478828
shift_corrected,33,9,1,1,certified_reset,0,1,0.0657985386176444,0.06199837624182711,0.003800162375817289,0.04560194850980747,0.0,0.0,0,0,0.059904008666910064,-0.04017842633999941,0.05300746292268039,-0.029441160855823878,0.059904008666910064,-0.04017842633999941,-0.01661240764338509,0.0040141445071717255,0.21613169776155292,0.5157187008478828
shift_corrected,33,10,1,1,certified_reset,0,1,0.06199837624182711,0.05819821386600982,0.003800162375817289,0.04180178613399018,0.0,0.0,0,0,0.05300746292268039,-0.029441160855823878,0.03319007781908277,-0.05074402184335197,0.05300746292268039,-0.029441160855823878,-0.02779912420314585,0.0030883099181509147,0.21613169776155292,0.5157187008478828
shift_corrected,33,11,1,1,certified_reset,0,1,0.05819821386600982,0.05439805149019253,0.003800162375817289,0.03800162375817289,0.0,0.0,0,0,0.03319007781908277,-0.05074402184335197,0.025055337174722993,-0.036128514672803626,0.03319007781908277,-0.05074402184335197,0.05177211263088636,0.0019597483355476304,0.21613169776155292,0.5157187008478828
shift_corrected,33,12,1,1,certified_reset,0,1,0.05439805149019253,0.05059788911437524,0.003800162375817289,0.0342014613823556,0.0,0.0,0,0,0.025055337174722993,-0.036128514672803626,0.02153874845581795,-0.048055333835061775,0.025055337174722993,-0.036128514672803626,0.03441442907901104,0.001048835548361545,0.21613169776155292,0.5157187008478828
shift_corrected,33,13,1,1,certified_reset,0,1,0.05059788911437524,0.04679772673855795,0.003800162375817289,0.030401299006538315,0.0,0.0,0,0,0.02153874845581795,-0.048055333835061775,0.03373957335751894,-0.025264829271758465,0.02153874845581795,-0.048055333835061775,0.0659751183403549,0.001389463761744715,0.21613169776155292,0.5157187008478828
shift_corrected,33,14,1,1,certified_reset,0,1,0.04679772673855795,0.04299756436274066,0.003800162375817289,0.026601136630721025,0.0,0.0,0,0,0.03373957335751894,-0.025264829271758465,0.05896092506160573,-0.028086433895991466,0.03373957335751894,-0.025264829271758465,-0.0037191725636879754,0.001299043289444857,0.21613169776155292,0.5157187008478828
shift_corrected,33,15,1,1,certified_reset,0,1,0.04299756436274066,0.03919740198692337,0.003800162375817289,0.022800974254903735,0.0,0.0,0,0,0.05896092506160573,-0.028086433895991466,0.014814106062627237,-0.08879609370075009,0.05896092506160573,-0.028086433895991466,-0.0408916119976204,0.0038073725409098758,0.21613169776155292,0.5157187008478828
shift_corrected,33,16,1,1,certified_reset,0,1,0.03919740198692337,0.03539723961110608,0.003800162375817289,0.019000811879086445,0.0,0.0,0,0,0.014814106062627237,-0.08879609370075009,0.0010850769523492983,-0.022583563750452756,0.014814106062627237,-0.08879609370075009,0.16472002987620238,0.004361259361956226,0.21613169776155292,0.5157187008478828
shift_corrected,33,17,0,0,certified_reset,0,1,0.03539723961110608,0.03159707723528879,0.003800162375817289,0.015200649503269156,0.0,0.0,0,0,0.0010850769523492983,-0.022583563750452756,0.0002917077745085428,-0.007369877429025487,0.0010850769523492983,-0.022583563750452756,0.04648876956686862,0.00030157818557752334,0.1993127158291535,0.4701806519894993
shift_corrected,33,18,0,0,certified_reset,0,1,0.03159707723528879,0.0277969148594715,0.003800162375817289,0.011400487127451866,0.0,0.0,0,0,0.0002917077745085428,-0.007369877429025487,-0.018544761589955792,0.02368625312061316,0.0002917077745085428,-0.007369877429025487,0.015280268344398022,3.234279480956854e-05,0.1993127158291535,0.4701806519894993
shift_corrected,33,19,0,0,certified_reset,0,1,0.0277969148594715,0.02399675248365421,0.003800162375817289,0.007600324751634578,0.0,0.0,0,0,-0.018544761589955792,0.02368625312061316,-0.010214050999483335,0.005094184546576079,-0.018544761589955792,0.02368625312061316,-0.018935278562367444,0.000512851411090495,0.1993127158291535,0.4701806519894993
shift_corrected,33,20,0,0,certified_reset,0,1,0.02399675248365421,0.02019659010783692,0.003800162375817289,0.003800162375817289,0.0,0.0,0,0,-0.010214050999483335,0.005094184546576079,-0.011720561654829882,0.0014535233911505113,-0.010214050999483335,0.005094184546576079,0.006587784059961828,0.00011428642877434513,0.1993127158291535,0.4701806519894993
shift_corrected,33,21,0,0,certified_reset,0,1,0.02019659010783692,0.01639642773201963,0.003800162375817289,0.0,0.0,0.0,0,0,-0.011720561654829882,0.0014535233911505113,-0.01779285871721863,0.0038506316710409504,-0.011720561654829882,0.0014535233911505113,0.016966777962293792,0.00016092947242056624,0.1993127158291535,0.4701806519894993
shift_corrected,34,0,1,1,certified_reset,0,1,0.1,0.09619983762418272,0.003800162375817289,0.07980340989216307,0.0,0.0,0,0,0.7723277045225151,0.005110401042069576,0.6881354088432469,-0.6222139059084595,0.7723277045225151,0.005110401042069576,-1.3341884591749227,0.7389013197903643,0.21613169776155292,0.5157187008478828
shift_corrected,34,1,1,1,certified_reset,0,1,0.09619983762418272,0.09239967524836543,0.003800162375817289,0.07600324751634578,0.0,0.0,0,0,0.6881354088432469,-0.6222139059084595,0.49116098500691624,-0.6767536521254106,0.6881354088432469,-0.6222139059084595,0.15308537750968396,0.5721926877049105,0.21613169776155292,0.5157187008478828
shift_corrected,34,2,1,1,certified_reset,0,1,0.09239967524836543,0.08859951287254814,0.003800162375817289,0.07220308514052849,0.0,0.0,0,0,0.49116098500691624,-0.6767536521254106,0.29754052207924225,-0.5156910958626565,0.49116098500691624,-0.6767536521254106,0.6073280771435234,0.3852457810721825,0.21613169776155292,0.5157187008478828
shift_corrected,34,3,1,1,certified_reset,0,1,0.08859951287254814,0.08479935049673085,0.003800162375817289,0.0684029227647112,0.0,0.0,0,0,0.29754052207924225,-0.5156910958626565,0.1657099132003687,-0.33902794307096157,0.29754052207924225,-0.5156910958626565,0.594246024150211,0.1832649558446616,0.21613169776155292,0.5157187008478828
shift_corrected,34,4,1,1,certified_reset,0,1,0.08479935049673085,0.08099918812091356,0.003800162375817289,0.06460276038889391,0.0,0.0,0,0,0.1657099132003687,-0.33902794307096157,0.05899602058149531,-0.17861516440953779,0.1657099132003687,-0.33902794307096157,0.44190110517929637,0.0718168888193002,0.21613169776155292,0.5157187008478828
shift_corrected,34,5,1,1,certified_reset,0,1,0.08099918812091356,0.07719902574509627,0.003800162375817289,0.06080259801307663,0.0,0.0,0,0,0.05899602058149531,-0.17861516440953779,0.01264598849739962,-0.10713261159287935,0.05899602058149531,-0.17861516440953779,0.28131175312457185,0.017787278879395376,0.21613169776155292,0.5157187008478828
shift_corrected,34,6,1,1,certified_reset,0,1,0.07719902574509627,0.07339886336927898,0.003800162375817289,0.05700243563725934,0.0,0.0,0,0,0.01264598849739962,-0.10713261159287935,0.0038054129180105523,-0.015865136769197145,0.01264598849739962,-0.10713261159287935,0.20769553245130176,0.00648026487777243,0.21613169776155292,0.5157187008478828
shift_corrected,34,7,1,1,certified_reset,0,1,0.07339886336927898,0.06959870099346169,0.003800162375817289,0.05320227326144205,0.0,0.0,0,0,0.0038054129180105523,-0.015865136769197145,0.0070617481393273965,-0.02243708463210272,0.0038054129180105523,-0.015865136769197145,0.02744474401480048,0.00013766392657592856,0.21613169776155292,0.5157187008478828
shift_corrected,34,8,0,0,certified_reset,0,1,0.06959870099346169,0.0657985386176444,0.003800162375817289,0.04940211088562476,0.0,0.0,0,0,0.0070617481393273965,-0.02243708463210272,0.03215500093121051,-0.03743114061692213,0.0070617481393273965,-0.02243708463210272,0.035933850332212296,0.0002790233064561557,0.1993127158291535,0.4701806519894993
shift_corrected,34,9,0,0,certified_reset,0,1,0.0657985386176444,0.06199837624182711,0.003800162375817289,0.04560194850980747,0.0,0.0,0,0,0.03215500093121051,-0.03743114061692213,0.025986165864148918,-0.02676527520142886,0.03215500093121051,-0.03743114061692213,0.025041339677220328,0.0014343821522834926,0.1993127158291535,0.4701806519894993
shift_corrected,34,10,0,0,certified_reset,0,1,0.06199837624182711,0.05819821386600982,0.003800162375817289,0.04180178613399018,0.0,0.0,0,0,0.025986165864148918,-0.02676527520142886,0.013940864213996786,-0.036069084968043896,0.025986165864148918,-0.02676527520142886,0.012769092499966444,0.0008674197833329301,0.1993127158291535,0.4701806519894993
shift_corrected,34,11,0,0,certified_reset,0,1,0.05819821386600982,0.05439805149019253,0.003800162375817289,0.03800162375817289,0.0,0.0,0,0,0.013940864213996786,-0.036069084968043896,0.006348898043881226,-0.01165425543498995,0.013940864213996786,-0.036069084968043896,0.05333509914229964,0.0007471630416826033,0.1993127158291535,0.4701806519894993
shift_corrected,34,12,0,0,certified_reset,0,1,0.05439805149019253,0.05059788911437524,0.003800162375817289,0.0342014613823556,0.0,0.0,0,0,0.006348898043881226,-0.01165425543498995,0.003904541289771431,-0.02143451701522077,0.006348898043881226,-0.01165425543498995,0.014075405255500252,9.011328645612219e-05,0.1993127158291535,0.4701806519894993
shift_corrected,34,13,0,0,certified_reset,0,1,0.05059788911437524,0.04679772673855795,0.003800162375817289,0.030401299006538315,0.0,0.0,0,0,0.003904541289771431,-0.02143451701522077,0.0002394140365753214,-0.006632136687765471,0.003904541289771431,-0.02143451701522077,0.03919673526947019,0.0002530157970652714,0.1993127158291535,0.4701806519894993
shift_corrected,34,14,0,0,certified_reset,0,1,0.04679772673855795,0.04299756436274066,0.003800162375817289,0.026601136630721025,0.0,0.0,0,0,0.0002394140365753214,-0.006632136687765471,0.002270258176144231,-0.0038343303042992047,0.0002394140365753214,-0.006632136687765471,0.013792945552629712,2.6273256103635095e-05,0.1993127158291535,0.4701806519894993
shift_corrected,34,15,0,0,certified_reset,0,1,0.04299756436274066,0.03919740198692337,0.003800162375817289,0.022800974254903735,0.0,0.0,0,0,0.002270258176144231,-0.0038343303042992047,0.0016733884898976082,-0.0037710363922269442,0.002270258176144231,-0.0038343303042992047,0.004321829375547646,1.0323851139074262e-05,0.1993127158291535,0.4701806519894993
shift_corrected,34,16,0,0,certified_reset,0,1,0.03919740198692337,0.03539723961110608,0.003800162375817289,0.019000811879086445,0.0,0.0,0,0,0.0016733884898976082,-0.0037710363922269442,-0.004883645708951848,-0.018309979948643314,0.0016733884898976082,-0.0037710363922269442,0.00520252430740173,8.520708639525267e-06,0.1993127158291535,0.4701806519894993
shift_corrected,34,17,0,0,certified_reset,0,1,0.03539723961110608,0.03159707723528879,0.003800162375817289,0.015200649503269156,0.0,0.0,0,0,-0.004883645708951848,-0.018309979948643314,-0.006228249395646946,-0.006811355983693659,-0.004883645708951848,-0.018309979948643314,0.04756714242545359,0.0002886744799223648,0.1993127158291535,0.4701806519894993
shift_corrected,34,18,0,0,certified_reset,0,1,0.03159707723528879,0.0277969148594715,0.003800162375817289,0.011400487127451866,0.0,0.0,0,0,-0.006228249395646946,-0.006811355983693659,-0.00012330772119229384,0.01109021636813047,-0.006228249395646946,-0.006811355983693659,0.025258615985382808,0.00010142954763828928,0.1993127158291535,0.4701806519894993
shift_corrected,34,19,0,0,certified_reset,0,1,0.0277969148594715,0.02399675248365421,0.003800162375817289,0.007600324751634578,0.0,0.0,0,0,-0.00012330772119229384,0.01109021636813047,0.0026275457026765283,0.017038703141761993,-0.00012330772119229384,0.01109021636813047,-0.023532094426315774,7.506418701421625e-05,0.1993127158291535,0.4701806519894993
shift_corrected,34,20,0,0,certified_reset,0,1,0.02399675248365421,0.02019659010783692,0.003800162375817289,0.003800162375817289,0.0,0.0,0,0,0.0026275457026765283,0.017038703141761993,0.010776244766534993,-0.004356224371723839,0.0026275457026765283,0.017038703141761993,-0.04097508894301783,0.00021379998071898416,0.1993127158291535,0.4701806519894993
shift_corrected,34,21,0,0,certified_reset,0,1,0.02019659010783692,0.01639642773201963,0.003800162375817289,0.0,0.0,0.0,0,0,0.010776244766534993,-0.004356224371723839,0.00994169039695768,-0.015559085905904213,0.010776244766534993,-0.004356224371723839,-0.009139045463784625,0.00012755339612160278,0.1993127158291535,0.4701806519894993
shift_corrected,35,0,0,0,certified_reset,0,1,0.1,0.09619983762418272,0.003800162375817289,0.07980340989216307,0.0,0.0,0,0,-0.9758294495558696,-0.2614907050960056,-0.937405083567705,0.7688232980302117,-0.9758294495558696,-0.2614907050960056,2.2317249096751537,1.367785147630579,0.1993127158291535,0.4701806519894993
shift_corrected,35,1,0,0,certified_reset,0,1,0.09619983762418272,0.09239967524836543,0.003800162375817289,0.07600324751634578,0.0,0.0,0,0,-0.937405083567705,0.7688232980302117,-0.6635672702199195,0.91144798539405,-0.937405083567705,0.7688232980302117,-0.03987602173410206,1.026627814365836,0.1993127158291535,0.4701806519894993
shift_corrected,35,2,0,0,certified_reset,0,1,0.09239967524836543,0.08859951287254814,0.003800162375817289,0.07220308514052849,0.0,0.0,0,0,-0.6635672702199195,0.91144798539405,-0.3968012360528291,0.7196773145032006,-0.6635672702199195,0.91144798539405,-0.814383120992716,0.7010634690474606,0.1993127158291535,0.4701806519894993
shift_corrected,35,3,0,0,certified_reset,0,1,0.08859951287254814,0.08479935049673085,0.003800162375817289,0.0684029227647112,0.0,0.0,0,0,-0.3968012360528291,0.7196773145032006,-0.20182158574719036,0.46687859139690513,-0.3968012360528291,0.7196773145032006,-0.8608888159103524,0.3462254444544499,0.1993127158291535,0.4701806519894993
shift_corrected,35,4,0,0,certified_reset,0,1,0.08479935049673085,0.08099918812091356,0.003800162375817289,0.06460276038889391,0.0,0.0,0,0,-0.20182158574719036,0.46687859139690513,-0.09059116743320887,0.25632755308050603,-0.20182158574719036,0.46687859139690513,-0.6537397659143419,0.12941591177271916,0.1993127158291535,0.4701806519894993
shift_corrected,35,5,0,0,certified_reset,0,1,0.08099918812091356,0.07719902574509627,0.003800162375817289,0.06080259801307663,0.0,0.0,0,0,-0.09059116743320887,0.25632755308050603,-0.02184408241678907,0.11845580155296545,-0.09059116743320887,0.25632755308050603,-0.3935495487799553,0.037023213021564104,0.1993127158291535,0.4701806519894993
shift_corrected,35,6,0,0,certified_reset,0,1,0.07719902574509627,0.07339886336927898,0.003800162375817289,0.05700243563725934,0.0,0.0,0,0,-0.02184408241678907,0.11845580155296545,0.0007572175536302971,0.030792838237725467,-0.02184408241678907,0.11845580155296545,-0.21616996054977689,0.007723464314547724,0.1993127158291535,0.4701806519894993
shift_corrected,35,7,1,1,certified_reset,0,1,0.07339886336927898,0.06959870099346169,0.003800162375817289,0.05320227326144205,0.0,0.0,0,0,0.0007572175536302971,0.030792838237725467,-0.013600320571538763,-0.011164330076258978,0.0007572175536302971,0.030792838237725467,-0.06722129189284887,0.0005991192668066949,0.21613169776155292,0.5157187008478828
shift_corrected,35,8,1,1,certified_reset,0,1,0.06959870099346169,0.0657985386176444,0.003800162375817289,0.04940211088562476,0.0,0.0,0,0,-0.013600320571538763,-0.011164330076258978,-0.015104240754442385,0.018091692777410587,-0.013600320571538763,-0.011164330076258978,0.047203823510528424,0.000394385362482585,0.21613169776155292,0.5157187008478828
shift_corrected,35,9,1,1,certified_reset,0,1,0.0657985386176444,0.06199837624182711,0.003800162375817289,0.04560194850980747,0.0,0.0,0,0,-0.015104240754442385,0.018091692777410587,-0.028860302426583592,-0.006641932875480032,-0.015104240754442385,0.018091692777410587,-0.012852892976511958,0.0003231811742854645,0.21613169776155292,0.5157187008478828
shift_corrected,35,10,1,1,certified_reset,0,1,0.06199837624182711,0.05819821386600982,0.003800162375817289,0.04180178613399018,0.0,0.0,0,0,-0.028860302426583592,-0.006641932875480032,-0.03733860843071282,0.018321453269889328,-0.028860302426583592,-0.006641932875480032,0.06366772193288499,0.0011682321795243155,0.21613169776155292,0.5157187008478828
shift_corrected,35,11,0,0,certified_reset,0,1,0.05819821386600982,0.05439805149019253,0.003800162375817289,0.03800162375817289,0.0,0.0,0,0,-0.03733860843071282,0.018321453269889328,-0.033311547314308895,0.03258898330796845,-0.03733860843071282,0.018321453269889328,0.02475144221567166,0.001527101303362742,0.1993127158291535,0.4701806519894993
shift_corrected,35,12,0,0,certified_reset,0,1,0.05439805149019253,0.05059788911437524,0.003800162375817289,0.0342014613823556,0.0,0.0,0,0,-0.033311547314308895,0.03258898330796845,-0.028515276356655635,0.03230064746221046,-0.033311547314308895,0.03258898330796845,-0.012692655037555269,0.001388057922087392,0.1993127158291535,0.4701806519894993
shift_corrected,35,13,0,0,certified_reset,0,1,0.05059788911437524,0.04679772673855795,0.003800162375817289,0.030401299006538315,0.0,0.0,0,0,-0.028515276356655635,0.03230064746221046,-0.015648836124445266,0.0209616801299492,-0.028515276356655635,0.03230064746221046,-0.020292218346333442,0.0011068958723491663,0.1993127158291535,0.4701806519894993
shift_corrected,35,14,0,0,certified_reset,0,1,0.04679772673855795,0.04299756436274066,0.003800162375817289,0.026601136630721025,0.0,0.0,0,0,-0.015648836124445266,0.0209616801299492,-0.005008456863483771,0.012657568556497587,-0.015648836124445266,0.0209616801299492,-0.018058625320583967,0.00038082319639485884,0.1993127158291535,0.4701806519894993
shift_corrected,35,15,0,0,certified_reset,0,1,0.04299756436274066,0.03919740198692337,0.003800162375817289,0.022800974254903735,0.0,0.0,0,0,-0.005008456863483771,0.012657568556497587,-0.01164344545020189,0.0010191363730318106,-0.005008456863483771,0.012657568556497587,-0.018509974787654343,9.254768392515476e-05,0.1993127158291535,0.4701806519894993
shift_corrected,35,16,0,0,certified_reset,0,1,0.03919740198692337,0.03539723961110608,0.003800162375817289,0.019000811879086445,0.0,0.0,0,0,-0.01164344545020189,0.0010191363730318106,-0.023344055055737008,0.003233208965287772,-0.01164344545020189,0.0010191363730318106,0.01776666718681515,0.00016108183872270052,0.1993127158291535,0.4701806519894993
shift_corrected,35,17,0,0,certified_reset,0,1,0.03539723961110608,0.03159707723528879,0.003800162375817289,0.015200649503269156,0.0,0.0,0,0,-0.023344055055737008,0.003233208965287772,-0.015451766387473975,0.018961819206553515,-0.023344055055737008,0.003233208965287772,0.03306868987676721,0.0006350413765118494,0.1993127158291535,0.4701806519894993
shift_corrected,35,18,0,0,certified_reset,0,1,0.03159707723528879,0.0277969148594715,0.003800162375817289,0.011400487127451866,0.0,0.0,0,0,-0.015451766387473975,0.018961819206553515,-0.006623375094922418,0.018930505473758102,-0.015451766387473975,0.018961819206553515,-0.014121668513072538,0.00034459845312602433,0.1993127158291535,0.4701806519894993
shift_corrected,35,19,0,0,certified_reset,0,1,0.0277969148594715,0.02399675248365421,0.003800162375817289,0.007600324751634578,0.0,0.0,0,0,-0.006623375094922418,0.018930505473758102,-0.0050924571314717604,0.010860101050157016,-0.006623375094922418,0.018930505473758102,-0.029178167262328785,0.00020156934260410976,0.1993127158291535,0.4701806519894993
shift_corrected,35,20,0,0,certified_reset,0,1,0.02399675248365421,0.02019659010783692,0.003800162375817289,0.003800162375817289,0.0,0.0,0,0,-0.0050924571314717604,0.010860101050157016,-0.0019031815239773208,0.005538848824545933,-0.0050924571314717604,0.010860101050157016,-0.01452802316563361,7.230364490887792e-05,0.1993127158291535,0.4701806519894993
shift_corrected,35,21,1,1,certified_reset,0,1,0.02019659010783692,0.01639642773201963,0.003800162375817289,0.0,0.0,0.0,0,0,-0.0019031815239773208,0.005538848824545933,0.009770378192717028,0.019313877860534484,-0.0019031815239773208,0.005538848824545933,-0.008598114485391169,1.720601730481358e-05,0.21613169776155292,0.5157187008478828
shift_corrected,36,0,1,1,certified_reset,0,1,0.1,0.09619983762418272,0.003800162375817289,0.07980340989216307,0.0,0.0,0,0,2.6961319642138,0.45321029201230795,2.6171235830114963,-1.5934855216794463,2.6961319642138,0.45321029201230795,-4.0,8.600477460651835,0.21613169776155292,0.5157187008478828
shift_corrected,36,1,1,1,certified_reset,0,1,0.09619983762418272,0.09239967524836543,0.003800162375817289,0.07600324751634578,0.0,0.0,0,0,2.6171235830114963,-1.5934855216794463,1.9852037705111192,-2.4671043211920938,2.6171235830114963,-1.5934855216794463,-1.072529472319099,7.576160433224883,0.21613169776155292,0.5157187008478828
shift_corrected,36,2,1,1,certified_reset,0,1,0.09239967524836543,0.08859951287254814,0.003800162375817289,0.07220308514052849,0.0,0.0,0,0,1.9852037705111192,-2.4671043211920938,1.2256514686327546,-2.127748494262005,1.9852037705111192,-2.4671043211920938,1.8804580700352067,5.745574747615582,0.21613169776155292,0.5157187008478828
shift_corrected,36,3,1,1,certified_reset,0,1,0.08859951287254814,0.08479935049673085,0.003800162375817289,0.0684029227647112,0.0,0.0,0,0,1.2256514686327546,-2.127748494262005,0.641027161541595,-1.3771947570657024,1.2256514686327546,-2.127748494262005,2.455289713519045,3.1163257424551807,0.21613169776155292,0.5157187008478828
shift_corrected,36,4,1,1,certified_reset,0,1,0.08479935049673085,0.08099918812091356,0.003800162375817289,0.06460276038889391,0.0,0.0,0,0,0.641027161541595,-1.3771947570657024,0.27253026347100856,-0.7657327577635351,0.641027161541595,-1.3771947570657024,1.8501074589734472,1.1589139803363238,0.21613169776155292,0.5157187008478828
shift_corrected,36,5,1,1,certified_reset,0,1,0.08099918812091356,0.07719902574509627,0.003800162375817289,0.06080259801307663,0.0,0.0,0,0,0.27253026347100856,-0.7657327577635351,0.05695749163179695,-0.380548340783316,0.27253026347100856,-0.7657327577635351,1.1723955765814944,0.3308203196246429,0.21613169776155292,0.5157187008478828
shift_corrected,36,6,0,0,certified_reset,0,1,0.07719902574509627,0.07339886336927898,0.003800162375817289,0.05700243563725934,0.0,0.0,0,0,0.05695749163179695,-0.380548340783316,-0.039311038652035266,-0.12212966789978603,0.05695749163179695,-0.380548340783316,0.7171073377969422,0.08058785048499735,0.1993127158291535,0.4701806519894993
shift_corrected,36,7,0,0,certified_reset,0,1,0.07339886336927898,0.06959870099346169,0.003800162375817289,0.05320227326144205,0.0,0.0,0,0,-0.039311038652035266,-0.12212966789978603,-0.06115894092441074,0.016086975567143724,-0.039311038652035266,-0.12212966789978603,0.32881382850447416,0.013923754410491398,0.1993127158291535,0.4701806519894993
shift_corrected,36,8,0,0,certified_reset,0,1,0.06959870099346169,0.0657985386176444,0.003800162375817289,0.04940211088562476,0.0,0.0,0,0,-0.06115894092441074,0.016086975567143724,-0.04823594848503964,0.05445379809367299,-0.06115894092441074,0.016086975567143724,0.07034460286117106,0.004200982802855703,0.1993127158291535,0.4701806519894993
shift_corrected,36,9,1,1,certified_reset,0,1,0.0657985386176444,0.06199837624182711,0.003800162375817289,0.04560194850980747,0.0,0.0,0,0,-0.04823594848503964,0.05445379809367299,-0.03713877218159202,0.044540881636044236,-0.04823594848503964,0.05445379809367299,-0.03392881947048728,0.0031601039412108975,0.21613169776155292,0.5157187008478828
shift_corrected,36,10,1,1,certified_reset,0,1,0.06199837624182711,0.05819821386600982,0.003800162375817289,0.04180178613399018,0.0,0.0,0,0,-0.03713877218159202,0.044540881636044236,-0.02112859088060738,0.05684273218369107,-0.03713877218159202,0.044540881636044236,-0.03172096415884815,0.0019557584987585732,0.21613169776155292,0.5157187008478828
shift_corrected,36,11,1,1,certified_reset,0,1,0.05819821386600982,0.05439805149019253,0.003800162375817289,0.03800162375817289,0.0,0.0,0,0,-0.02112859088060738,0.05684273218369107,-0.004261439673864597,0.018552022295989543,-0.02112859088060738,0.05684273218369107,-0.08549419398124085,0.0018389319794869558,0.21613169776155292,0.5157187008478828
shift_corrected,36,12,1,1,certified_reset,0,1,0.05439805149019253,0.05059788911437524,0.003800162375817289,0.0342014613823556,0.0,0.0,0,0,-0.004261439673864597,0.018552022295989543,0.006610674237700004,0.02323975415505581,-0.004261439673864597,0.018552022295989543,-0.032419083495782486,0.00018828400888823177,0.21613169776155292,0.5157187008478828
shift_corrected,36,13,1,1,certified_reset,0,1,0.05059788911437524,0.04679772673855795,0.003800162375817289,0.030401299006538315,0.0,0.0,0,0,0.006610674237700004,0.02323975415505581,0.011813815995491337,-0.019558281724751273,0.006610674237700004,0.02323975415505581,-0.061079082808075835,0.00047717490570791174,0.21613169776155292,0.5157187008478828
shift_corrected,36,14,1,1,certified_reset,0,1,0.04679772673855795,0.04299756436274066,0.003800162375817289,0.026601136630721025,0.0,0.0,0,0,0.011813815995491337,-0.019558281724751273,-0.0040977496247723896,-0.01774222704753295,0.011813815995491337,-0.019558281724751273,0.021631228945745765,0.0002726306496377734,0.21613169776155292,0.5157187008478828
shift_corrected,36,15,1,1,certified_reset,0,1,0.04299756436274066,0.03919740198692337,0.003800162375817289,0.022800974254903735,0.0,0.0,0,0,-0.0040977496247723896,-0.01774222704753295,-0.01947509271484308,-0.00013241876172664707,-0.0040977496247723896,-0.01774222704753295,0.04500199248326712,0.0002575025533359971,0.21613169776155292,0.5157187008478828
shift_corrected,36,16,1,1,certified_reset,0,1,0.03919740198692337,0.03539723961110608,0.003800162375817289,0.019000811879086445,0.0,0.0,0,0,-0.01947509271484308,-0.00013241876172664707,-0.01524915528776828,-0.005867577028009854,-0.01947509271484308,-0.00013241876172664707,0.03365030744429029,0.000469871075221469,0.21613169776155292,0.5157187008478828
shift_corrected,36,17,1,1,certified_reset,0,1,0.03539723961110608,0.03159707723528879,0.003800162375817289,0.015200649503269156,0.0,0.0,0,0,-0.01524915528776828,-0.005867577028009854,-0.0619269203565963,0.0010600345771717996,-0.01524915528776828,-0.005867577028009854,0.03868769949669025,0.0003608828994230751,0.21613169776155292,0.5157187008478828
shift_corrected,36,18,1,1,certified_reset,0,1,0.03159707723528879,0.0277969148594715,0.003800162375817289,0.011400487127451866,0.0,0.0,0,0,-0.0619269203565963,0.0010600345771717996,-0.062448222476568886,0.054352856240040125,-0.0619269203565963,0.0010600345771717996,0.10383313169181276,0.004697729922132767,0.21613169776155292,0.5157187008478828
shift_corrected,36,19,1,1,certified_reset,0,1,0.0277969148594715,0.02399675248365421,0.003800162375817289,0.007600324751634578,0.0,0.0,0,0,-0.062448222476568886,0.054352856240040125,-0.03962949413790307,0.06367120724591302,-0.062448222476568886,0.054352856240040125,-0.009369237878661592,0.004645361345319816,0.21613169776155292,0.5157187008478828
shift_corrected,36,20,1,1,certified_reset,0,1,0.02399675248365421,0.02019659010783692,0.003800162375817289,0.003800162375817289,0.0,0.0,0,0,-0.03962949413790307,0.06367120724591302,-0.02626183209860504,0.04848397317002171,-0.03962949413790307,0.06367120724591302,-0.06841533681657691,0.0029584551286021485,0.21613169776155292,0.5157187008478828
shift_corrected,36,21,1,1,certified_reset,0,1,0.02019659010783692,0.01639642773201963,0.003800162375817289,0.0,0.0,0.0,0,0,-0.02626183209860504,0.04848397317002171,-0.0368274430878798,0.02068050880680956,-0.02626183209860504,0.04848397317002171,-0.05880090279564721,0.0015539614323298204,0.21613169776155292,0.5157187008478828
shift_corrected,37,0,0,0,certified_reset,0,1,0.1,0.09619983762418272,0.003800162375817289,0.07980340989216307,0.0,0.0,0,0,0.4514563652336695,0.1910895059313168,0.4482991417492952,-0.3361882660179858,0.4514563652336695,0.1910895059313168,-1.1825887901057015,0.32482294924795846,0.1993127158291535,0.4701806519894993
shift_corrected,37,1,0,0,certified_reset,0,1,0.09619983762418272,0.09239967524836543,0.003800162375817289,0.07600324751634578,0.0,0.0,0,0,0.4482991417492952,-0.3361882660179858,0.3354065304190655,-0.42535279410914567,0.4482991417492952,-0.3361882660179858,-0.0483443528841577,0.2294147321616627,0.1993127158291535,0.4701806519894993
shift_corrected,37,2,0,0,certified_reset,0,1,0.09239967524836543,0.08859951287254814,0.003800162375817289,0.07220308514052849,0.0,0.0,0,0,0.3354065304190655,-0.42535279410914567,0.21642306759489044,-0.3500451414424091,0.3354065304190655,-0.42535279410914567,0.3359648606621874,0.16675858151985085,0.1993127158291535,0.4701806519894993
shift_corrected,37,3,0,0,certified_reset,0,1,0.08859951287254814,0.08479935049673085,0.003800162375817289,0.0684029227647112,0.0,0.0,0,0,0.21642306759489044,-0.3500451414424091,0.11956045167246611,-0.24875043809498124,0.21642306759489044,-0.3500451414424091,0.37860263998714017,0.08893904116946014,0.1993127158291535,0.4701806519894993
shift_corrected,37,4,1,1,certified_reset,0,1,0.08479935049673085,0.08099918812091356,0.003800162375817289,0.06460276038889391,0.0,0.0,0,0,0.11956045167246611,-0.24875043809498124,0.05435005478631638,-0.14594195104892188,0.11956045167246611,-0.24875043809498124,0.32769956710570597,0.03835485721973674,0.21613169776155292,0.5157187008478828
shift_corrected,37,5,1,1,certified_reset,0,1,0.08099918812091356,0.07719902574509627,0.003800162375817289,0.06080259801307663,0.0,0.0,0,0,0.05435005478631638,-0.14594195104892188,0.007626369793873095,-0.10733605260830159,0.05435005478631638,-0.14594195104892188,0.21931961298959865,0.012126779135619655,0.21613169776155292,0.5157187008478828
shift_corrected,37,6,1,1,certified_reset,0,1,0.07719902574509627,0.07339886336927898,0.003800162375817289,0.05700243563725934,0.0,0.0,0,0,0.007626369793873095,-0.10733605260830159,-0.005287693104472276,-0.019198098633926457,0.007626369793873095,-0.10733605260830159,0.21672856843693625,0.006696120353753823,0.21613169776155292,0.5157187008478828
shift_corrected,37,7,1,1,certified_reset,0,1,0.07339886336927898,0.06959870099346169,0.003800162375817289,0.05320227326144205,0.0,0.0,0,0,-0.005287693104472276,-0.019198098633926457,-0.014451274184429909,0.01561608036945479,-0.005287693104472276,-0.019198098633926457,0.050159771040903106,0.00032138165662664166,0.21613169776155292,0.5157187008478828
shift_corrected,37,8,1,1,certified_reset,0,1,0.06959870099346169,0.0657985386176444,0.003800162375817289,0.04940211088562476,0.0,0.0,0,0,-0.014451274184429909,0.01561608036945479,-0.043709617413660806,0.021513566097309568,-0.014451274184429909,0.01561608036945479,-0.008667208236110486,0.00027581445696853624,0.21613169776155292,0.5157187008478828
shift_corrected,37,9,1,1,certified_reset,0,1,0.0657985386176444,0.06199837624182711,0.003800162375817289,0.04560194850980747,0.0,0.0,0,0,-0.043709617413660806,0.021513566097309568,-0.03278251180713334,0.04092960676669014,-0.043709617413660806,0.021513566097309568,0.028833237319032493,0.0020927474819480785,0.21613169776155292,0.5157187008478828
shift_corrected,37,10,1,1,certified_reset,0,1,0.06199837624182711,0.05819821386600982,0.003800162375817289,0.04180178613399018,0.0,0.0,0,0,-0.03278251180713334,0.04092960676669014,-0.025382103796217678,0.0330434552387185,-0.03278251180713334,0.04092960676669014,-0.03145893322344153,0.001572674416268365,0.21613169776155292,0.5157187008478828
shift_corrected,37,11,1,1,certified_reset,0,1,0.05819821386600982,0.05439805149019253,0.003800162375817289,0.03800162375817289,0.0,0.0,0,0,-0.025382103796217678,0.0330434552387185,-0.020868555686424144,0.05702095341640574,-0.025382103796217678,0.0330434552387185,-0.02725097191039628,0.0009766279142551628,0.21613169776155292,0.5157187008478828
shift_corrected,37,12,1,1,certified_reset,0,1,0.05439805149019253,0.05059788911437524,0.003800162375817289,0.0342014613823556,0.0,0.0,0,0,-0.020868555686424144,0.05702095341640574,-0.002949529549206944,0.028171818568496966,-0.020868555686424144,0.05702095341640574,-0.086320370893732,0.0018444404130648802,0.21613169776155292,0.5157187008478828
shift_corrected,37,13,1,1,certified_reset,0,1,0.05059788911437524,0.04679772673855795,0.003800162375817289,0.030401299006538315,0.0,0.0,0,0,-0.002949529549206944,0.028171818568496966,0.010851108208743781,-0.012784294038417694,-0.002949529549206944,0.028171818568496966,-0.05526025440028619,0.0004514082222364705,0.21613169776155292,0.5157187008478828
shift_corrected,37,14,1,1,certified_reset,0,1,0.04679772673855795,0.04299756436274066,0.003800162375817289,0.026601136630721025,0.0,0.0,0,0,0.010851108208743781,-0.012784294038417694,0.019252954324629666,0.000267208569818652,0.010851108208743781,-0.012784294038417694,0.00877329074528502,0.00016476374331315152,0.21613169776155292,0.5157187008478828
shift_corrected,37,15,1,1,certified_reset,0,1,0.04299756436274066,0.03919740198692337,0.003800162375817289,0.022800974254903735,0.0,0.0,0,0,0.019252954324629666,0.000267208569818652,0.01777609495227682,-0.014994793207706558,0.019252954324629666,0.000267208569818652,-0.0335592744232439,0.0004607920923163897,0.21613169776155292,0.5157187008478828
shift_corrected,37,16,1,1,certified_reset,0,1,0.03919740198692337,0.03539723961110608,0.003800162375817289,0.019000811879086445,0.0,0.0,0,0,0.01777609495227682,-0.014994793207706558,0.00513357659623364,0.018478866790156295,0.01777609495227682,-0.014994793207706558,0.0016426500841934205,0.0003724163715317601,0.21613169776155292,0.5157187008478828
shift_corrected,37,17,1,1,certified_reset,0,1,0.03539723961110608,0.03159707723528879,0.003800162375817289,0.015200649503269156,0.0,0.0,0,0,0.00513357659623364,0.018478866790156295,-0.011679209025644764,-0.0026981471375849197,0.00513357659623364,0.018478866790156295,-0.048353186317245674,0.000298763188293905,0.21613169776155292,0.5157187008478828
shift_corrected,37,18,1,1,certified_reset,0,1,0.03159707723528879,0.0277969148594715,0.003800162375817289,0.011400487127451866,0.0,0.0,0,0,-0.011679209025644764,-0.0026981471375849197,-0.023695006002250857,-0.01615878687588656,-0.011679209025644764,-0.0026981471375849197,0.02578807694665919,0.00019142591596726176,0.21613169776155292,0.5157187008478828
shift_corrected,37,19,1,1,certified_reset,0,1,0.0277969148594715,0.02399675248365421,0.003800162375817289,0.007600324751634578,0.0,0.0,0,0,-0.023695006002250857,-0.01615878687588656,-0.031957386430555505,0.008709008267771807,-0.023695006002250857,-0.01615878687588656,0.07519193824528404,0.0010790361139383937,0.21613169776155292,0.5157187008478828
shift_corrected,37,20,0,0,certified_reset,0,1,0.02399675248365421,0.02019659010783692,0.003800162375817289,0.003800162375817289,0.0,0.0,0,0,-0.031957386430555505,0.008709008267771807,-0.01025061569158426,0.015084011231716533,-0.031957386430555505,0.008709008267771807,0.03610390957616551,0.0011445156366585974,0.1993127158291535,0.4701806519894993
shift_corrected,37,21,1,1,certified_reset,0,1,0.02019659010783692,0.01639642773201963,0.003800162375817289,0.0,0.0,0.0,0,0,-0.01025061569158426,0.015084011231716533,0.018219375192231824,0.0084128827621582,-0.01025061569158426,0.015084011231716533,-0.014731658671212362,0.0001793187121425996,0.21613169776155292,0.5157187008478828
shift_corrected,38,0,0,0,certified_reset,0,1,0.1,0.09619983762418272,0.003800162375817289,0.07980340989216307,0.0,0.0,0,0,-0.09161391484691042,0.413696631814052,0.006837913122944534,0.16471218956620215,-0.09161391484691042,0.413696631814052,-0.7286978456850431,0.09365937921163162,0.1993127158291535,0.4701806519894993
shift_corrected,38,1,0,0,certified_reset,0,1,0.09619983762418272,0.09239967524836543,0.003800162375817289,0.07600324751634578,0.0,0.0,0,0,0.006837913122944534,0.16471218956620215,0.04030264009942394,0.026433845130518864,0.006837913122944534,0.16471218956620215,-0.36434025072897847,0.017448788867900456,0.1993127158291535,0.4701806519894993
shift_corrected,38,2,0,0,certified_reset,0,1,0.09239967524836543,0.08859951287254814,0.003800162375817289,0.07220308514052849,0.0,0.0,0,0,0.04030264009942394,0.026433845130518864,0.04429018367939207,-0.023149028528391992,0.04030264009942394,0.026433845130518864,-0.12564279407829337,0.0030618787773837933,0.1993127158291535,0.4701806519894993
shift_corrected,38,3,0,0,certified_reset,0,1,0.08859951287254814,0.08479935049673085,0.003800162375817289,0.0684029227647112,0.0,0.0,0,0,0.04429018367939207,-0.023149028528391992,0.034778868774849835,-0.039364802338915046,0.04429018367939207,-0.023149028528391992,-0.026323721148534786,0.002151024814414829,0.1993127158291535,0.4701806519894993
shift_corrected,38,4,0,0,certified_reset,0,1,0.08479935049673085,0.08099918812091356,0.003800162375817289,0.06460276038889391,0.0,0.0,0,0,0.034778868774849835,-0.039364802338915046,0.0237918249431682,-0.03935039970188191,0.034778868774849835,-0.039364802338915046,0.024688364469583595,0.0016457278562683273,0.1993127158291535,0.4701806519894993
shift_corrected,38,5,0,0,certified_reset,0,1,0.08099918812091356,0.07719902574509627,0.003800162375817289,0.06080259801307663,0.0,0.0,0,0,0.0237918249431682,-0.03935039970188191,0.019747568026601776,-0.030514309366027958,0.0237918249431682,-0.03935039970188191,0.04347899673493195,0.0011043982758669251,0.1993127158291535,0.4701806519894993
shift_corrected,38,6,0,0,certified_reset,0,1,0.07719902574509627,0.07339886336927898,0.003800162375817289,0.05700243563725934,0.0,0.0,0,0,0.019747568026601776,-0.030514309366027958,0.015441927392218651,-0.018178095724557378,0.019747568026601776,-0.030514309366027958,0.03150108024949682,0.0007021326565374992,0.1993127158291535,0.4701806519894993
shift_corrected,38,7,0,0,certified_reset,0,1,0.07339886336927898,0.06959870099346169,0.003800162375817289,0.05320227326144205,0.0,0.0,0,0,0.015441927392218651,-0.018178095724557378,0.012469613417995806,-0.02679485570048542,0.015441927392218651,-0.018178095724557378,0.012463190768133224,0.000333490402559176,0.1993127158291535,0.4701806519894993
shift_corrected,38,8,0,0,certified_reset,0,1,0.06959870099346169,0.0657985386176444,0.003800162375817289,0.04940211088562476,0.0,0.0,0,0,0.012469613417995806,-0.02679485570048542,0.0018441312829592612,-0.022869822672622664,0.012469613417995806,-0.02679485570048542,0.03599436676209355,0.0004386298868850484,0.1993127158291535,0.4701806519894993
shift_corrected,38,9,0,0,certified_reset,0,1,0.0657985386176444,0.06199837624182711,0.003800162375817289,0.04560194850980747,0.0,0.0,0,0,0.0018441312829592612,-0.022869822672622664,-0.0005778309721699978,-0.008713973651094102,0.0018441312829592612,-0.022869822672622664,0.04579707101459843,0.0003019477545393841,0.1993127158291535,0.4701806519894993
shift_corrected,38,10,0,0,certified_reset,0,1,0.06199837624182711,0.05819821386600982,0.003800162375817289,0.04180178613399018,0.0,0.0,0,0,-0.0005778309721699978,-0.008713973651094102,-0.0017076122632281848,-0.018943825903726154,-0.0005778309721699978,-0.008713973651094102,0.019650890816256306,5.020982362018361e-05,0.1993127158291535,0.4701806519894993
shift_corrected,38,11,0,0,certified_reset,0,1,0.05819821386600982,0.05439805149019253,0.003800162375817289,0.03800162375817289,0.0,0.0,0,0,-0.0017076122632281848,-0.018943825903726154,0.002680123690191747,0.0006247106949977266,-0.0017076122632281848,-0.018943825903726154,0.04347995009600451,0.00024387355943728223,0.1993127158291535,0.4701806519894993
shift_corrected,38,12,0,0,certified_reset,0,1,0.05439805149019253,0.05059788911437524,0.003800162375817289,0.0342014613823556,0.0,0.0,0,0,0.002680123690191747,0.0006247106949977266,-0.017729359692501296,0.00350355000850661,0.002680123690191747,0.0006247106949977266,-0.005929873172056777,1.009370052477246e-05,0.1993127158291535,0.4701806519894993
shift_corrected,38,13,0,0,certified_reset,0,1,0.05059788911437524,0.04679772673855795,0.003800162375817289,0.030401299006538315,0.0,0.0,0,0,-0.017729359692501296,0.00350355000850661,-0.01046964332771207,0.013673778924575192,-0.017729359692501296,0.00350355000850661,0.02287697305648344,0.00035926738246978184,0.1993127158291535,0.4701806519894993
shift_corrected,38,14,0,0,certified_reset,0,1,0.04679772673855795,0.04299756436274066,0.003800162375817289,0.026601136630721025,0.0,0.0,0,0,-0.01046964332771207,0.013673778924575192,-0.008213078230937532,0.007080541535911912,-0.01046964332771207,0.013673778924575192,-0.011335475129516163,0.00016663592864199538,0.1993127158291535,0.4701806519894993
shift_corrected,38,15,0,0,certified_reset,0,1,0.04299756436274066,0.03919740198692337,0.003800162375817289,0.022800974254903735,0.0,0.0,0,0,-0.008213078230937532,0.007080541535911912,-0.008721710646478389,0.00888308129345201,-0.008213078230937532,0.007080541535911912,-0.0010929871242565479,8.008374080624667e-05,0.1993127158291535,0.4701806519894993
shift_corrected,38,16,0,0,certified_reset,0,1,0.03919740198692337,0.03539723961110608,0.003800162375817289,0.019000811879086445,0.0,0.0,0,0,-0.008721710646478389,0.00888308129345201,-0.00990704314691471,0.0030560838325795724,-0.008721710646478389,0.00888308129345201,-0.0040705794097976086,9.71210892559312e-05,0.1993127158291535,0.4701806519894993
shift_corrected,38,17,0,0,certified_reset,0,1,0.03539723961110608,0.03159707723528879,0.003800162375817289,0.015200649503269156,0.0,0.0,0,0,-0.00990704314691471,0.0030560838325795724,-0.013157882028159863,0.007756514850479011,-0.00990704314691471,0.0030560838325795724,0.010429444823268923,0.00010918628155849717,0.1993127158291535,0.4701806519894993
shift_corrected,38,18,0,0,certified_reset,0,1,0.03159707723528879,0.0277969148594715,0.003800162375817289,0.011400487127451866,0.0,0.0,0,0,-0.013157882028159863,0.007756514850479011,-0.013887733687279306,0.006922666241391937,-0.013157882028159863,0.007756514850479011,0.005935258515133601,0.0001909889236147149,0.1993127158291535,0.4701806519894993
shift_corrected,38,19,0,0,certified_reset,0,1,0.0277969148594715,0.02399675248365421,0.003800162375817289,0.007600324751634578,0.0,0.0,0,0,-0.013887733687279306,0.006922666241391937,-0.009208583390441116,0.011623952266063855,-0.013887733687279306,0.006922666241391937,0.00896739113081011,0.00021128310223665392,0.1993127158291535,0.4701806519894993
shift_corrected,38,20,0,0,certified_reset,0,1,0.02399675248365421,0.02019659010783692,0.003800162375817289,0.003800162375817289,0.0,0.0,0,0,-0.009208583390441116,0.011623952266063855,-0.010916113752310549,1.825850382825185e-05,-0.009208583390441116,0.011623952266063855,-0.00910607465844862,0.00012521072228445997,0.1993127158291535,0.4701806519894993
shift_corrected,38,21,0,0,certified_reset,0,1,0.02019659010783692,0.01639642773201963,0.003800162375817289,0.0,0.0,0.0,0,0,-0.010916113752310549,1.825850382825185e-05,-0.01373812844642045,0.009205803060718061,-0.010916113752310549,1.825850382825185e-05,0.01866195381914288,0.00014702310442444972,0.1993127158291535,0.4701806519894993
shift_corrected,39,0,0,0,certified_reset,0,1,0.1,0.09619983762418272,0.003800162375817289,0.07980340989216307,0.0,0.0,0,0,2.474640626516152,-0.42567408619626124,2.1285709164283335,-2.126251116683781,2.474640626516152,-0.42567408619626124,-3.328538310312706,7.055479219976558,0.1993127158291535,0.4701806519894993
shift_corrected,39,1,0,0,certified_reset,0,1,0.09619983762418272,0.09239967524836543,0.003800162375817289,0.07600324751634578,0.0,0.0,0,0,2.1285709164283335,-2.126251116683781,1.4467018764522408,-2.174694375094726,2.1285709164283335,-2.126251116683781,0.9051015743792904,5.726586807859821,0.1993127158291535,0.4701806519894993
shift_corrected,39,2,0,0,certified_reset,0,1,0.09239967524836543,0.08859951287254814,0.003800162375817289,0.07220308514052849,0.0,0.0,0,0,1.4467018764522408,-2.174694375094726,0.812364283466165,-1.611448871860217,1.4467018764522408,-2.174694375094726,2.1770704213360976,3.6544410751541174,0.1993127158291535,0.4701806519894993
shift_corrected,39,3,0,0,certified_reset,0,1,0.08859951287254814,0.08479935049673085,0.003800162375817289,0.0684029227647112,0.0,0.0,0,0,0.812364283466165,-1.611448871860217,0.37046588896567867,-0.9677817568855843,0.812364283466165,-1.611448871860217,2.058059118827165,1.6479761826333987,0.1993127158291535,0.4701806519894993
shift_corrected,39,4,0,0,certified_reset,0,1,0.08479935049673085,0.08099918812091356,0.003800162375817289,0.06460276038889391,0.0,0.0,0,0,0.37046588896567867,-0.9677817568855843,0.11522969699434267,-0.4879595888204866,0.37046588896567867,-0.9677817568855843,1.4371650370223592,0.5366308246184259,0.1993127158291535,0.4701806519894993
shift_corrected,39,5,0,0,certified_reset,0,1,0.08099918812091356,0.07719902574509627,0.003800162375817289,0.06080259801307663,0.0,0.0,0,0,0.11522969699434267,-0.4879595888204866,-0.0006108263558777765,-0.18745093337225888,0.11522969699434267,-0.4879595888204866,0.8472250821546605,0.13022725033643034,0.1993127158291535,0.4701806519894993
shift_corrected,39,6,0,0,certified_reset,0,1,0.07719902574509627,0.07339886336927898,0.003800162375817289,0.05700243563725934,0.0,0.0,0,0,-0.0006108263558777765,-0.18745093337225888,-0.038087578626056696,-0.028767520186648184,-0.0006108263558777765,-0.18745093337225888,0.40235380999214704,0.021735923287585536,0.1993127158291535,0.4701806519894993
shift_corrected,39,7,0,0,certified_reset,0,1,0.07339886336927898,0.06959870099346169,0.003800162375817289,0.05320227326144205,0.0,0.0,0,0,-0.038087578626056696,-0.028767520186648184,-0.03698867732640539,0.017699876642421324,-0.038087578626056696,-0.028767520186648184,0.12684248886582875,0.002944677558552585,0.1993127158291535,0.4701806519894993
shift_corrected,39,8,1,1,certified_reset,0,1,0.06959870099346169,0.0657985386176444,0.003800162375817289,0.04940211088562476,0.0,0.0,0,0,-0.03698867732640539,0.017699876642421324,-0.017912189359285506,0.05719108312465205,-0.03698867732640539,0.017699876642421324,0.025482499692811838,0.0014984322818937018,0.21613169776155292,0.5157187008478828
shift_corrected,39,9,1,1,certified_reset,0,1,0.0657985386176444,0.06199837624182711,0.003800162375817289,0.04560194850980747,0.0,0.0,0,0,-0.017912189359285506,0.05719108312465205,0.0278006466086989,0.0485584746287159,-0.017912189359285506,0.05719108312465205,-0.0917501890026392,0.0018119992994472174,0.21613169776155292,0.5157187008478828
shift_corrected,39,10,1,1,certified_reset,0,1,0.06199837624182711,0.05819821386600982,0.003800162375817289,0.04180178613399018,0.0,0.0,0,0,0.0278006466086989,0.0485584746287159,0.022308623244586094,-0.035817658392525445,0.0278006466086989,0.0485584746287159,-0.15159042977780318,0.0032007299884461993,0.21613169776155292,0.5157187008478828
shift_corrected,39,11,0,0,certified_reset,0,1,0.05819821386600982,0.05439805149019253,0.003800162375817289,0.03800162375817289,0.0,0.0,0,0,0.022308623244586094,-0.035817658392525445,0.019172505658774004,0.004081610833406253,0.022308623244586094,-0.035817658392525445,0.03845623015856438,0.0009367113652904773,0.1993127158291535,0.4701806519894993
shift_corrected,39,12,0,0,certified_reset,0,1,0.05439805149019253,0.05059788911437524,0.003800162375817289,0.0342014613823556,0.0,0.0,0,0,0.019172505658774004,0.004081610833406253,0.02332510423595129,-0.01927376238526483,0.019172505658774004,0.004081610833406253,-0.04158728195371471,0.0005101100216083872,0.1993127158291535,0.4701806519894993
shift_corrected,39,13,0,0,certified_reset,0,1,0.05059788911437524,0.04679772673855795,0.003800162375817289,0.030401299006538315,0.0,0.0,0,0,0.02332510423595129,-0.01927376238526483,0.021735320063191146,-0.013630452259580754,0.02332510423595129,-0.01927376238526483,0.0012969080715745681,0.0006370645243825943,0.1993127158291535,0.4701806519894993
shift_corrected,39,14,0,0,certified_reset,0,1,0.04679772673855795,0.04299756436274066,0.003800162375817289,0.026601136630721025,0.0,0.0,0,0,0.021735320063191146,-0.013630452259580754,0.013694706148312927,-0.019415745418576335,0.021735320063191146,-0.013630452259580754,-0.008054125211229425,0.0005240609600829899,0.1993127158291535,0.4701806519894993
shift_corrected,39,15,0,0,certified_reset,0,1,0.04299756436274066,0.03919740198692337,0.003800162375817289,0.022800974254903735,0.0,0.0,0,0,0.013694706148312927,-0.019415745418576335,0.012649744625105538,0.009332322950262817,0.013694706148312927,-0.019415745418576335,0.018099908241094056,0.00030799630329526385,0.1993127158291535,0.4701806519894993
shift_corrected,39,16,0,0,certified_reset,0,1,0.03919740198692337,0.03539723961110608,0.003800162375817289,0.019000811879086445,0.0,0.0,0,0,0.012649744625105538,0.009332322950262817,0.018920172150350797,-0.001865347304424057,0.012649744625105538,0.009332322950262817,-0.04165167147026407,0.0003205780408937318,0.1993127158291535,0.4701806519894993
shift_corrected,39,17,0,0,certified_reset,0,1,0.03539723961110608,0.03159707723528879,0.003800162375817289,0.015200649503269156,0.0,0.0,0,0,0.018920172150350797,-0.001865347304424057,0.022553164570174627,-0.014688127348734327,0.018920172150350797,-0.001865347304424057,-0.028417552075601427,0.00042344737561800195,0.1993127158291535,0.4701806519894993
shift_corrected,39,18,0,0,certified_reset,0,1,0.03159707723528879,0.0277969148594715,0.003800162375817289,0.011400487127451866,0.0,0.0,0,0,0.022553164570174627,-0.014688127348734327,0.0061237174070421715,-0.026162629628132796,0.022553164570174627,-0.014688127348734327,-0.007197860391381198,0.0005667252389196445,0.1993127158291535,0.4701806519894993
shift_corrected,39,19,1,1,certified_reset,0,1,0.0277969148594715,0.02399675248365421,0.003800162375817289,0.007600324751634578,0.0,0.0,0,0,0.0061237174070421715,-0.026162629628132796,-0.010446437209540561,-0.04055259559104117,0.0061237174070421715,-0.026162629628132796,0.04552081773542349,0.000374392299930156,0.21613169776155292,0.5157187008478828
shift_corrected,39,20,0,0,certified_reset,0,1,0.02399675248365421,0.02019659010783692,0.003800162375817289,0.003800162375817289,0.0,0.0,0,0,-0.010446437209540561,-0.04055259559104117,-0.022501443855940724,0.0060316865773750086,-0.010446437209540561,-0.04055259559104117,0.10471777785404209,0.0013975213425605872,0.1993127158291535,0.4701806519894993
shift_corrected,39,21,0,0,certified_reset,0,1,0.02019659010783692,0.01639642773201963,0.003800162375817289,0.0,0.0,0.0,0,0,-0.022501443855940724,0.0060316865773750086,-0.01890278986064957,0.023428531988431384,-0.022501443855940724,0.0060316865773750086,0.02564001518043831,0.0005680031166202226,0.1993127158291535,0.4701806519894993
