method,mission,k,g,chart,mode,reset_failed,nominal_feasible,budget_before,budget_after,risk,reserve,horizon_escape,first_escape,state_violation,input_violation,x0,x1,next_x0,next_x1,nominal_x0,nominal_x1,u,stage_cost,state_tightening,input_tightening
global_compatible,0,0,0,0,certified_reset,0,1,0.1,0.09600612548161347,0.003993874518386541,0.08387136488611735,0.0,0.0,0,0,4.592296022029293,0.3965920866945336,4.214336766133115,-1.1521293656154203,4.592296022029293,0.3965920866945336,-1.55,21.17755660492724,0.05718813824976203,0.29612046627603417
global_compatible,0,1,0,0,certified_reset,0,1,0.09600612548161347,0.09201225096322693,0.003993874518386541,0.07987749036773081,0.0,0.0,0,0,4.214336766133115,-1.1521293656154203,2.3398778527313135,-2.589102905129034,4.214336766133115,-1.1521293656154203,-1.4256816009251871,18.05038095258214,0.05718813824976203,0.29612046627603417
global_compatible,0,2,1,1,certified_reset,0,1,0.09201225096322693,0.0880183764448404,0.003993874518386541,0.07588361584934428,0.0,0.0,0,0,2.3398778527313135,-2.589102905129034,0.4963725623886994,-1.1177067111647767,2.3398778527313135,-2.589102905129034,1.484026203307617,6.736708403607662,0.05718813824976203,0.29612046627603417
global_compatible,0,3,1,1,certified_reset,0,1,0.0880183764448404,0.08402450192645386,0.003993874518386541,0.07188974133095774,0.0,0.0,0,0,0.4963725623886994,-1.1177067111647767,-0.045892036724773475,0.03757561204592541,0.4963725623886994,-1.1177067111647767,1.152216522888744,0.5044440861756697,0.05718813824976203,0.29612046627603417
global_compatible,0,4,1,1,certified_reset,0,1,0.08402450192645386,0.08003062740806732,0.003993874518386541,0.0678958668125712,0.0,0.0,0,0,-0.045892036724773475,0.03757561204592541,-0.01666527154512789,0.017690992288464436,-0.045892036724773475,0.03757561204592541,-0.009656588511077868,0.0023625570690024252,0.05718813824976203,0.29612046627603417
global_compatible,0,5,1,1,certified_reset,0,1,0.08003062740806732,0.07603675288968079,0.003993874518386541,0.06390199229418467,0.0,0.0,0,0,-0.01666527154512789,0.017690992288464436,0.010603171481675628,0.0247110441499081,-0.01666527154512789,0.017690992288464436,-0.0094668812308375,0.0003363066391459104,0.05718813824976203,0.29612046627603417
global_compatible,0,6,1,1,certified_reset,0,1,0.07603675288968079,0.07204287837129425,0.003993874518386541,0.05990811777579813,0.0,0.0,0,0,0.010603171481675628,0.0247110441499081,0.016862893588030333,-0.04320431517715145,0.010603171481675628,0.0247110441499081,-0.046961620377188436,0.0002774765167172657,0.05718813824976203,0.29612046627603417
global_compatible,0,7,1,1,certified_reset,0,1,0.07204287837129425,0.06804900385290771,0.003993874518386541,0.05591424325741159,0.0,0.0,0,0,0.016862893588030333,-0.04320431517715145,-0.023090659699040915,0.00306768747684446,0.016862893588030333,-0.04320431517715145,0.0468535181076704,0.0006752287971246746,0.05718813824976203,0.29612046627603417
global_compatible,0,8,0,0,certified_reset,0,1,0.06804900385290771,0.06405512933452118,0.003993874518386541,0.051920368739025044,0.0,0.0,0,0,-0.023090659699040915,0.00306768747684446,-0.004075092431542752,0.012392782435400903,-0.023090659699040915,0.00306768747684446,0.018475999351374596,0.0005434065562997181,0.05718813824976203,0.29612046627603417
global_compatible,0,9,0,0,certified_reset,0,1,0.06405512933452118,0.060061254816134634,0.003993874518386541,0.0479264942206385,0.0,0.0,0,0,-0.004075092431542752,0.012392782435400903,0.0024244277403898066,-0.003629302633976047,-0.004075092431542752,0.012392782435400903,-0.014200045626776748,4.9292000889093156e-05,0.05718813824976203,0.29612046627603417
global_compatible,0,10,0,0,certified_reset,0,1,0.060061254816134634,0.05606738029774809,0.003993874518386541,0.04393261970225196,0.0,0.0,0,0,0.0024244277403898066,-0.003629302633976047,-0.0057196753435245044,0.007486424970524769,0.0024244277403898066,-0.003629302633976047,0.0029319225912831925,8.463684890020928e-06,0.05718813824976203,0.29612046627603417
global_compatible,0,11,0,0,certified_reset,0,1,0.05606738029774809,0.05207350577936155,0.003993874518386541,0.039938745183865414,0.0,0.0,0,0,-0.0057196753435245044,0.007486424970524769,0.002497934010449524,-0.013150803420185323,-0.0057196753435245044,0.007486424970524769,-0.005333650532262052,4.351426232640306e-05,0.05718813824976203,0.29612046627603417
global_compatible,0,12,0,0,certified_reset,0,1,0.05207350577936155,0.048079631260975,0.003993874518386541,0.03594487066547887,0.0,0.0,0,0,0.002497934010449524,-0.013150803420185323,-0.01387839781386374,0.013776346615411151,0.002497934010449524,-0.013150803420185323,0.016881915529203952,4.449450462628432e-05,0.05718813824976203,0.29612046627603417
global_compatible,0,13,0,0,certified_reset,0,1,0.048079631260975,0.04408575674258846,0.003993874518386541,0.03195099614709233,0.0,0.0,0,0,-0.01387839781386374,0.013776346615411151,-0.005776621287626459,0.004155932133908977,-0.01387839781386374,0.013776346615411151,-0.006469463992054326,0.00022781806568070102,0.05718813824976203,0.29612046627603417
global_compatible,0,14,0,0,certified_reset,0,1,0.04408575674258846,0.040091882224201916,0.003993874518386541,0.027957121628705783,0.0,0.0,0,0,-0.005776621287626459,0.004155932133908977,-0.0070808349292278885,0.007209312254810122,-0.005776621287626459,0.004155932133908977,-0.00037215202990121556,3.6481734871291456e-05,0.05718813824976203,0.29612046627603417
global_compatible,0,15,0,0,certified_reset,0,1,0.040091882224201916,0.03609800770581537,0.003993874518386541,0.023963247110319243,0.0,0.0,0,0,-0.0070808349292278885,0.007209312254810122,-0.0005218523535514444,0.007697811130585707,-0.0070808349292278885,0.007209312254810122,-0.0035702505494608653,5.981224349334583e-05,0.05718813824976203,0.29612046627603417
global_compatible,0,16,0,0,certified_reset,0,1,0.03609800770581537,0.03210413318742883,0.003993874518386541,0.019969372591932703,0.0,0.0,0,0,-0.0005218523535514444,0.007697811130585707,0.002736649041635181,0.0010631381499092499,-0.0005218523535514444,0.007697811130585707,-0.010818674910266918,1.3864556365648611e-05,0.05718813824976203,0.29612046627603417
global_compatible,0,17,0,0,certified_reset,0,1,0.03210413318742883,0.02811025866904229,0.003993874518386541,0.015975498073546163,0.0,0.0,0,0,0.002736649041635181,0.0010631381499092499,0.0051096699290997735,0.0021806965211984674,0.002736649041635181,0.0010631381499092499,-0.004294184616122227,8.153695805658916e-06,0.05718813824976203,0.29612046627603417
global_compatible,0,18,0,0,certified_reset,0,1,0.02811025866904229,0.02411638415065575,0.003993874518386541,0.011981623555159623,0.0,0.0,0,0,0.0051096699290997735,0.0021806965211984674,0.0026472732253093306,0.00472505732962674,0.0051096699290997735,0.0021806965211984674,-0.008299810988944676,2.8686877062813732e-05,0.05718813824976203,0.29612046627603417
global_compatible,0,19,0,0,certified_reset,0,1,0.02411638415065575,0.02012250963226921,0.003993874518386541,0.007987749036773082,0.0,0.0,0,0,0.0026472732253093306,0.00472505732962674,0.0033967605795575243,-0.013196589309131306,0.0026472732253093306,0.00472505732962674,-0.009596696285986455,1.332918003786301e-05,0.05718813824976203,0.29612046627603417
global_compatible,0,20,0,0,certified_reset,0,1,0.02012250963226921,0.01612863511388267,0.003993874518386541,0.003993874518386541,0.0,0.0,0,0,0.0033967605795575243,-0.013196589309131306,-0.0013969357841910964,-0.005975553381940616,0.0033967605795575243,-0.013196589309131306,0.01605729934461482,4.933089848179832e-05,0.05718813824976203,0.29612046627603417
global_compatible,0,21,0,0,certified_reset,0,1,0.01612863511388267,0.01213476059549613,0.003993874518386541,0.0,0.0,0.0,0,0,-0.0013969357841910964,-0.005975553381940616,0.001294444770043703,0.0029145446198597953,-0.0013969357841910964,-0.005975553381940616,0.010191485395431047,1.097539182896165e-05,0.05718813824976203,0.29612046627603417
global_compatible,1,0,0,0,certified_reset,0,1,0.1,0.09600612548161347,0.003993874518386541,0.08387136488611735,0.0,0.0,0,0,1.177862944690398,0.24283373633303884,0.6527983659614234,-1.2834215625394874,1.177862944690398,0.24283373633303884,-1.5305874288663228,1.4565428436400898,0.05718813824976203,0.29612046627603417
global_compatible,1,1,0,0,certified_reset,0,1,0.09600612548161347,0.09201225096322693,0.003993874518386541,0.07987749036773081,0.0,0.0,0,0,0.6527983659614234,-1.2834215625394874,-0.01166538767233612,-0.042209363328231754,0.6527983659614234,-1.2834215625394874,1.2405664060497743,0.7611115950918196,0.05718813824976203,0.29612046627603417
global_compatible,1,2,0,0,certified_reset,0,1,0.09201225096322693,0.0880183764448404,0.003993874518386541,0.07588361584934428,0.0,0.0,0,0,-0.01166538767233612,-0.042209363328231754,-0.01369576414333098,0.02960528093408063,-0.01166538767233612,-0.042209363328231754,0.07379393873111462,0.0005929133678456205,0.05718813824976203,0.29612046627603417
global_compatible,1,3,0,0,certified_reset,0,1,0.0880183764448404,0.08402450192645386,0.003993874518386541,0.07188974133095774,0.0,0.0,0,0,-0.01369576414333098,0.02960528093408063,-0.00019094520061006142,0.0021322041563153252,-0.01369576414333098,0.02960528093408063,-0.02997578625052447,0.0003678027281566297,0.05718813824976203,0.29612046627603417
global_compatible,1,4,0,0,certified_reset,0,1,0.08402450192645386,0.08003062740806732,0.003993874518386541,0.0678958668125712,0.0,0.0,0,0,-0.00019094520061006142,0.0021322041563153252,0.002592792240046847,-0.007523026044132092,-0.00019094520061006142,0.0021322041563153252,-0.0029509273657416786,1.0724923991405973e-06,0.05718813824976203,0.29612046627603417
global_compatible,1,5,0,0,certified_reset,0,1,0.08003062740806732,0.07603675288968079,0.003993874518386541,0.06390199229418467,0.0,0.0,0,0,0.002592792240046847,-0.007523026044132092,-0.008246282153832728,0.0012138861051424574,0.002592792240046847,-0.007523026044132092,0.008496420741913082,1.8714566490561573e-05,0.05718813824976203,0.29612046627603417
global_compatible,1,6,0,0,certified_reset,0,1,0.07603675288968079,0.07204287837129425,0.003993874518386541,0.05990811777579813,0.0,0.0,0,0,-0.008246282153832728,0.0012138861051424574,-0.012063374972225269,0.0017657232023113104,-0.008246282153832728,0.0012138861051424574,0.0064219035768604636,6.929742400510891e-05,0.05718813824976203,0.29612046627603417
global_compatible,1,7,0,0,certified_reset,0,1,0.07204287837129425,0.06804900385290771,0.003993874518386541,0.05591424325741159,0.0,0.0,0,0,-0.012063374972225269,0.0017657232023113104,-0.0030121062911343827,0.004438922735534606,-0.012063374972225269,0.0017657232023113104,0.009410645609841367,0.00014830022210725416,0.05718813824976203,0.29612046627603417
global_compatible,1,8,0,0,certified_reset,0,1,0.06804900385290771,0.06405512933452118,0.003993874518386541,0.051920368739025044,0.0,0.0,0,0,-0.0030121062911343827,0.004438922735534606,0.0043496067538806105,-0.009048781801927867,-0.0030121062911343827,0.004438922735534606,-0.003536662450476586,1.2932210150674888e-05,0.05718813824976203,0.29612046627603417
global_compatible,1,9,0,0,certified_reset,0,1,0.06405512933452118,0.060061254816134634,0.003993874518386541,0.0479264942206385,0.0,0.0,0,0,0.0043496067538806105,-0.009048781801927867,-4.460491928276407e-05,-0.005017606512490675,0.0043496067538806105,-0.009048781801927867,0.008995972168831102,3.568074817276558e-05,0.05718813824976203,0.29612046627603417
global_compatible,1,10,0,0,certified_reset,0,1,0.060061254816134634,0.05606738029774809,0.003993874518386541,0.04393261970225196,0.0,0.0,0,0,-4.460491928276407e-05,-0.005017606512490675,-0.006623104759339193,0.012385050840843181,-4.460491928276407e-05,-0.005017606512490675,0.007434512376502718,5.915536476287514e-06,0.05718813824976203,0.29612046627603417
global_compatible,1,11,0,0,certified_reset,0,1,0.05606738029774809,0.05207350577936155,0.003993874518386541,0.039938745183865414,0.0,0.0,0,0,-0.006623104759339193,0.012385050840843181,-0.002293751462568001,-0.00027211822235033954,-0.006623104759339193,0.012385050840843181,-0.01164784271849304,7.486742983249893e-05,0.05718813824976203,0.29612046627603417
global_compatible,1,12,0,0,certified_reset,0,1,0.05207350577936155,0.048079631260975,0.003993874518386541,0.03594487066547887,0.0,0.0,0,0,-0.002293751462568001,-0.00027211822235033954,0.0017149331384694077,0.009934968373724614,-0.002293751462568001,-0.00027211822235033954,0.0026809909609108048,5.454317284193299e-06,0.05718813824976203,0.29612046627603417
global_compatible,1,13,0,0,certified_reset,0,1,0.048079631260975,0.04408575674258846,0.003993874518386541,0.03195099614709233,0.0,0.0,0,0,0.0017149331384694077,0.009934968373724614,0.005114600205550837,0.0007953450573289214,0.0017149331384694077,0.009934968373724614,-0.016343101024515024,2.738506683250163e-05,0.05718813824976203,0.29612046627603417
global_compatible,1,14,0,0,certified_reset,0,1,0.04408575674258846,0.040091882224201916,0.003993874518386541,0.027957121628705783,0.0,0.0,0,0,0.005114600205550837,0.0007953450573289214,-0.0011800157863966075,0.0077110354983355115,0.005114600205550837,0.0007953450573289214,-0.00626771666092731,2.725510534300147e-05,0.05718813824976203,0.29612046627603417
global_compatible,1,15,0,0,certified_reset,0,1,0.040091882224201916,0.03609800770581537,0.003993874518386541,0.023963247110319243,0.0,0.0,0,0,-0.0011800157863966075,0.0077110354983355115,0.000527294661462673,0.003706274186099972,-0.0011800157863966075,0.0077110354983355115,-0.010186245089946406,1.4689239304142907e-05,0.05718813824976203,0.29612046627603417
global_compatible,1,16,0,0,certified_reset,0,1,0.03609800770581537,0.03210413318742883,0.003993874518386541,0.019969372591932703,0.0,0.0,0,0,0.000527294661462673,0.003706274186099972,-0.00019783544411633718,-0.009888998441632381,0.000527294661462673,0.003706274186099972,-0.005984116614141982,3.6458452529574692e-06,0.05718813824976203,0.29612046627603417
global_compatible,1,17,0,0,certified_reset,0,1,0.03210413318742883,0.02811025866904229,0.003993874518386541,0.015975498073546163,0.0,0.0,0,0,-0.00019783544411633718,-0.009888998441632381,8.591675588391634e-05,-0.0051804068666738545,-0.00019783544411633718,-0.009888998441632381,0.0147635163456076,2.3090786467273658e-05,0.05718813824976203,0.29612046627603417
global_compatible,1,18,0,0,certified_reset,0,1,0.02811025866904229,0.02411638415065575,0.003993874518386541,0.011981623555159623,0.0,0.0,0,0,8.591675588391634e-05,-0.0051804068666738545,-0.0014960597525225407,0.009830019729609986,8.591675588391634e-05,-0.0051804068666738545,0.007549086286296641,6.262690037661109e-06,0.05718813824976203,0.29612046627603417
global_compatible,1,19,0,0,certified_reset,0,1,0.02411638415065575,0.02012250963226921,0.003993874518386541,0.007987749036773082,0.0,0.0,0,0,-0.0014960597525225407,0.009830019729609986,-8.966480211974165e-05,-0.015188169160610611,-0.0014960597525225407,0.009830019729609986,-0.012990026140342737,2.384998608050138e-05,0.05718813824976203,0.29612046627603417
global_compatible,1,20,0,0,certified_reset,0,1,0.02012250963226921,0.01612863511388267,0.003993874518386541,0.003993874518386541,0.0,0.0,0,0,-8.966480211974165e-05,-0.015188169160610611,-0.00916642196781824,0.02348576171923577,-8.966480211974165e-05,-0.015188169160610611,0.0224650809914026,5.414752321673431e-05,0.05718813824976203,0.29612046627603417
global_compatible,1,21,0,0,certified_reset,0,1,0.01612863511388267,0.01213476059549613,0.003993874518386541,0.0,0.0,0.0,0,0,-0.00916642196781824,0.02348576171923577,0.007408355290743155,0.006075825881211876,-0.00916642196781824,0.02348576171923577,-0.02546675805087168,0.0001995217664685314,0.05718813824976203,0.29612046627603417
global_compatible,2,0,0,0,certified_reset,0,1,0.1,0.09600612548161347,0.003993874518386541,0.08387136488611735,0.0,0.0,0,0,1.9823294839141603,0.22090703028808,1.4287543820276891,-1.3256181507442253,1.9823294839141603,0.22090703028808,-1.55,3.9984766676809067,0.05718813824976203,0.29612046627603417
global_compatible,2,1,0,0,certified_reset,0,1,0.09600612548161347,0.09201225096322693,0.003993874518386541,0.07987749036773081,0.0,0.0,0,0,1.4287543820276891,-1.3256181507442253,0.37164484096839695,-0.7923993469821218,1.4287543820276891,-1.3256181507442253,0.5300587720620857,2.36467056839418,0.05718813824976203,0.29612046627603417
global_compatible,2,2,0,0,certified_reset,0,1,0.09201225096322693,0.0880183764448404,0.003993874518386541,0.07588361584934428,0.0,0.0,0,0,0.37164484096839695,-0.7923993469821218,-0.026992099655349405,0.004803984917670029,0.37164484096839695,-0.7923993469821218,0.7972072846230847,0.26702978470241256,0.05718813824976203,0.29612046627603417
global_compatible,2,3,0,0,certified_reset,0,1,0.0880183764448404,0.08402450192645386,0.003993874518386541,0.07188974133095774,0.0,0.0,0,0,-0.026992099655349405,0.004803984917670029,-0.011538303950805214,0.026821235850502896,-0.026992099655349405,0.004803984917670029,0.01980056724505838,0.0007425290941810215,0.05718813824976203,0.29612046627603417
global_compatible,2,4,0,0,certified_reset,0,1,0.08402450192645386,0.08003062740806732,0.003993874518386541,0.0678958668125712,0.0,0.0,0,0,-0.011538303950805214,0.026821235850502896,0.004868976506041728,-0.0009144977518005898,-0.011538303950805214,0.026821235850502896,-0.02802373825667541,0.00028225387036682787,0.05718813824976203,0.29612046627603417
global_compatible,2,5,0,0,certified_reset,0,1,0.08003062740806732,0.07603675288968079,0.003993874518386541,0.06390199229418467,0.0,0.0,0,0,0.004868976506041728,-0.0009144977518005898,-0.0010694747672939076,-0.011038573118763207,0.004868976506041728,-0.0009144977518005898,-0.003505244812508142,2.4164635851125395e-05,0.05718813824976203,0.29612046627603417
global_compatible,2,6,0,0,certified_reset,0,1,0.07603675288968079,0.07204287837129425,0.003993874518386541,0.05990811777579813,0.0,0.0,0,0,-0.0010694747672939076,-0.011038573118763207,0.00033071524310695826,0.0055553580256318975,-0.0010694747672939076,-0.011038573118763207,0.01732583838171406,3.058141053830096e-05,0.05718813824976203,0.29612046627603417
global_compatible,2,7,0,0,certified_reset,0,1,0.07204287837129425,0.06804900385290771,0.003993874518386541,0.05591424325741159,0.0,0.0,0,0,0.00033071524310695826,0.0055553580256318975,-0.0032480603383274465,0.0007798600279062527,0.00033071524310695826,0.0055553580256318975,-0.008514012783709215,7.476743416783886e-06,0.05718813824976203,0.29612046627603417
global_compatible,2,8,0,0,certified_reset,0,1,0.06804900385290771,0.06405512933452118,0.003993874518386541,0.051920368739025044,0.0,0.0,0,0,-0.0032480603383274465,0.0007798600279062527,-0.0074682180630790285,0.004605374341384573,-0.0032480603383274465,0.0007798600279062527,0.0020841125540359993,1.0767956789225736e-05,0.05718813824976203,0.29612046627603417
global_compatible,2,9,0,0,certified_reset,0,1,0.06405512933452118,0.060061254816134634,0.003993874518386541,0.0479264942206385,0.0,0.0,0,0,-0.0074682180630790285,0.004605374341384573,-0.000295713531141602,0.00975496852885495,-0.0074682180630790285,0.004605374341384573,0.0006512023004110882,5.960258775697241e-05,0.05718813824976203,0.29612046627603417
global_compatible,2,10,0,0,certified_reset,0,1,0.060061254816134634,0.05606738029774809,0.003993874518386541,0.04393261970225196,0.0,0.0,0,0,-0.000295713531141602,0.00975496852885495,0.009748152034336294,-0.028023216319921093,-0.000295713531141602,0.00975496852885495,-0.014074240843305337,2.2168246855195433e-05,0.05718813824976203,0.29612046627603417
global_compatible,2,11,0,0,certified_reset,0,1,0.05606738029774809,0.05207350577936155,0.003993874518386541,0.039938745183865414,0.0,0.0,0,0,0.009748152034336294,-0.028023216319921093,0.0033065279506464523,0.013781699660869907,0.009748152034336294,-0.028023216319921093,0.031571348102975766,0.00026129933613487313,0.05718813824976203,0.29612046627603417
global_compatible,2,12,0,0,certified_reset,0,1,0.05207350577936155,0.048079631260975,0.003993874518386541,0.03594487066547887,0.0,0.0,0,0,0.0033065279506464523,0.013781699660869907,0.00502098492585378,-0.004825412937652486,0.0033065279506464523,0.013781699660869907,-0.023590065969530734,5.903375159721244e-05,0.05718813824976203,0.29612046627603417
global_compatible,2,13,0,0,certified_reset,0,1,0.048079631260975,0.04408575674258846,0.003993874518386541,0.03195099614709233,0.0,0.0,0,0,0.00502098492585378,-0.004825412937652486,-0.004037386666224553,0.007531767255646844,0.00502098492585378,-0.004825412937652486,0.0021086531869797275,2.9512679885620403e-05,0.05718813824976203,0.29612046627603417
global_compatible,2,14,0,0,certified_reset,0,1,0.04408575674258846,0.040091882224201916,0.003993874518386541,0.027957121628705783,0.0,0.0,0,0,-0.004037386666224553,0.007531767255646844,0.001627077689802583,0.012412256417913603,-0.004037386666224553,0.007531767255646844,-0.007074834898910747,2.7762776552561068e-05,0.05718813824976203,0.29612046627603417
global_compatible,2,15,0,0,certified_reset,0,1,0.040091882224201916,0.03609800770581537,0.003993874518386541,0.023963247110319243,0.0,0.0,0,0,0.001627077689802583,0.012412256417913603,0.0024573780188073607,-0.0030672086584973062,0.001627077689802583,0.012412256417913603,-0.019902935804836822,4.0282092839066436e-05,0.05718813824976203,0.29612046627603417
global_compatible,2,16,0,0,certified_reset,0,1,0.03609800770581537,0.03210413318742883,0.003993874518386541,0.019969372591932703,0.0,0.0,0,0,0.0024573780188073607,-0.0030672086584973062,-0.004750169757290697,0.011425911063410435,0.0024573780188073607,-0.0030672086584973062,0.0020698652272826802,7.83921369065239e-06,0.05718813824976203,0.29612046627603417
global_compatible,2,17,0,0,certified_reset,0,1,0.03210413318742883,0.02811025866904229,0.003993874518386541,0.015975498073546163,0.0,0.0,0,0,-0.004750169757290697,0.011425911063410435,0.005174966286527831,0.0020866689945835833,-0.004750169757290697,0.011425911063410435,-0.012098012736427785,4.972242038056208e-05,0.05718813824976203,0.29612046627603417
global_compatible,2,18,0,0,certified_reset,0,1,0.02811025866904229,0.02411638415065575,0.003993874518386541,0.011981623555159623,0.0,0.0,0,0,0.005174966286527831,0.0020866689945835833,0.0033815390807232426,0.002033610139617373,0.005174966286527831,0.0020866689945835833,-0.008225520493340164,2.9255509500090786e-05,0.05718813824976203,0.29612046627603417
global_compatible,2,19,0,0,certified_reset,0,1,0.02411638415065575,0.02012250963226921,0.003993874518386541,0.007987749036773082,0.0,0.0,0,0,0.0033815390807232426,0.002033610139617373,0.0006170780530004223,0.00791193242073921,0.0033815390807232426,0.002033610139617373,-0.006364364287269461,1.3191837509977193e-05,0.05718813824976203,0.29612046627603417
global_compatible,2,20,0,0,certified_reset,0,1,0.02012250963226921,0.01612863511388267,0.003993874518386541,0.003993874518386541,0.0,0.0,0,0,0.0006170780530004223,0.00791193242073921,-0.004438545667721285,0.012386971490111134,0.0006170780530004223,0.00791193242073921,-0.012266528529380998,1.54102398110097e-05,0.05718813824976203,0.29612046627603417
global_compatible,2,21,0,0,certified_reset,0,1,0.01612863511388267,0.01213476059549613,0.003993874518386541,0.0,0.0,0.0,0,0,-0.004438545667721285,0.012386971490111134,-0.0006007991552248442,0.002680051993946766,-0.004438545667721285,0.012386971490111134,-0.013829580860271756,5.2100791599145946e-05,0.05718813824976203,0.29612046627603417
global_compatible,3,0,0,0,certified_reset,0,1,0.1,0.09600612548161347,0.003993874518386541,0.08387136488611735,0.0,0.0,0,0,1.9789409980735426,0.021382882146568805,1.2325140346548595,-1.5248222434199237,1.9789409980735426,0.021382882146568805,-1.549999999999943,3.976352274833105,0.05718813824976203,0.29612046627603417
global_compatible,3,1,0,0,certified_reset,0,1,0.09600612548161347,0.09201225096322693,0.003993874518386541,0.07987749036773081,0.0,0.0,0,0,1.2325140346548595,-1.5248222434199237,0.21597001038291735,-0.5042604892413681,1.2325140346548595,-1.5248222434199237,1.0189129616993107,1.963560353534242,0.05718813824976203,0.29612046627603417
global_compatible,3,2,0,0,certified_reset,0,1,0.09201225096322693,0.0880183764448404,0.003993874518386541,0.07588361584934428,0.0,0.0,0,0,0.21597001038291735,-0.5042604892413681,-0.022388030293144397,0.019847546411133128,0.21597001038291735,-0.5042604892413681,0.5277738433242042,0.09937683150901738,0.05718813824976203,0.29612046627603417
global_compatible,3,3,1,1,certified_reset,0,1,0.0880183764448404,0.08402450192645386,0.003993874518386541,0.07188974133095774,0.0,0.0,0,0,-0.022388030293144397,0.019847546411133128,-0.0009741606346576441,-0.017169890790358532,-0.022388030293144397,0.019847546411133128,-0.006942604803795852,0.0005733354121808684,0.05718813824976203,0.29612046627603417
global_compatible,3,4,1,1,certified_reset,0,1,0.08402450192645386,0.08003062740806732,0.003993874518386541,0.0678958668125712,0.0,0.0,0,0,-0.0009741606346576441,-0.017169890790358532,-0.014088175107411435,-0.029797550817220086,-0.0009741606346576441,-0.017169890790358532,0.026257441725775196,7.125024704718956e-05,0.05718813824976203,0.29612046627603417
global_compatible,3,5,1,1,certified_reset,0,1,0.08003062740806732,0.07603675288968079,0.003993874518386541,0.06390199229418467,0.0,0.0,0,0,-0.014088175107411435,-0.029797550817220086,-0.022763485641003,-0.016548307168044663,-0.014088175107411435,-0.029797550817220086,0.057925402235610914,0.00044218140970788653,0.05718813824976203,0.29612046627603417
global_compatible,3,6,1,1,certified_reset,0,1,0.07603675288968079,0.07204287837129425,0.003993874518386541,0.05990811777579813,0.0,0.0,0,0,-0.022763485641003,-0.016548307168044663,-0.019245058980713135,0.01587143995498689,-0.022763485641003,-0.016548307168044663,0.047041941025054664,0.0006227922485363004,0.05718813824976203,0.29612046627603417
global_compatible,3,7,1,1,certified_reset,0,1,0.07204287837129425,0.06804900385290771,0.003993874518386541,0.05591424325741159,0.0,0.0,0,0,-0.019245058980713135,0.01587143995498689,0.012124615353541696,0.04263265373120204,-0.019245058980713135,0.01587143995498689,-0.004219631406329843,0.0004161598965253152,0.05718813824976203,0.29612046627603417
global_compatible,3,8,1,1,certified_reset,0,1,0.06804900385290771,0.06405512933452118,0.003993874518386541,0.051920368739025044,0.0,0.0,0,0,0.012124615353541696,0.04263265373120204,0.018224027545768583,-0.02097403985251308,0.012124615353541696,0.04263265373120204,-0.07487768798712273,0.0006143307709783851,0.05718813824976203,0.29612046627603417
global_compatible,3,9,0,0,certified_reset,0,1,0.06405512933452118,0.060061254816134634,0.003993874518386541,0.0479264942206385,0.0,0.0,0,0,0.018224027545768583,-0.02097403985251308,-0.0038194958957982732,-0.009425944711079185,0.018224027545768583,-0.02097403985251308,0.012749374606989923,0.0004153627064029313,0.05718813824976203,0.29612046627603417
global_compatible,3,10,0,0,certified_reset,0,1,0.060061254816134634,0.05606738029774809,0.003993874518386541,0.04393261970225196,0.0,0.0,0,0,-0.0038194958957982732,-0.009425944711079185,-0.007100608339567928,0.002104687053865904,-0.0038194958957982732,-0.009425944711079185,0.017690107060036524,3.840476415824661e-05,0.05718813824976203,0.29612046627603417
global_compatible,3,11,0,0,certified_reset,0,1,0.05606738029774809,0.05207350577936155,0.003993874518386541,0.039938745183865414,0.0,0.0,0,0,-0.007100608339567928,0.002104687053865904,-0.004937362735409645,0.006988733503192054,-0.007100608339567928,0.002104687053865904,0.003971605590434085,5.1610327433138724e-05,0.05718813824976203,0.29612046627603417
global_compatible,3,12,0,0,certified_reset,0,1,0.05207350577936155,0.048079631260975,0.003993874518386541,0.03594487066547887,0.0,0.0,0,0,-0.004937362735409645,0.006988733503192054,-0.004206545807174163,0.01683699722435756,-0.004937362735409645,0.006988733503192054,-0.005377558015543608,3.389213531243028e-05,0.05718813824976203,0.29612046627603417
global_compatible,3,13,0,0,certified_reset,0,1,0.048079631260975,0.04408575674258846,0.003993874518386541,0.03195099614709233,0.0,0.0,0,0,-0.004206545807174163,0.01683699722435756,0.0018388095945217856,0.013171320235587813,-0.004206545807174163,0.01683699722435756,-0.020612447921022282,7.934405845622027e-05,0.05718813824976203,0.29612046627603417
global_compatible,3,14,0,0,certified_reset,0,1,0.04408575674258846,0.040091882224201916,0.003993874518386541,0.027957121628705783,0.0,0.0,0,0,0.0018388095945217856,0.013171320235587813,-5.417490471916302e-06,-0.008666493124599769,0.0018388095945217856,0.013171320235587813,-0.02123167778571835,4.587788607953243e-05,0.05718813824976203,0.29612046627603417
global_compatible,3,15,0,0,certified_reset,0,1,0.040091882224201916,0.03609800770581537,0.003993874518386541,0.023963247110319243,0.0,0.0,0,0,-5.417490471916302e-06,-0.008666493124599769,0.005448263263352308,-0.005367857797633562,-5.417490471916302e-06,-0.008666493124599769,0.012774910129045256,1.7599446123504904e-05,0.05718813824976203,0.29612046627603417
global_compatible,3,16,0,0,certified_reset,0,1,0.03609800770581537,0.03210413318742883,0.003993874518386541,0.019969372591932703,0.0,0.0,0,0,0.005448263263352308,-0.005367857797633562,-0.003590437761064861,-0.008346189967517058,0.005448263263352308,-0.005367857797633562,0.002482829263900358,3.502418513604712e-05,0.05718813824976203,0.29612046627603417
global_compatible,3,17,0,0,certified_reset,0,1,0.03210413318742883,0.02811025866904229,0.003993874518386541,0.015975498073546163,0.0,0.0,0,0,-0.003590437761064861,-0.008346189967517058,0.0005908583255031692,0.005659106083982381,-0.003590437761064861,-0.008346189967517058,0.015869271291995266,3.1725687254852906e-05,0.05718813824976203,0.29612046627603417
global_compatible,3,18,0,0,certified_reset,0,1,0.02811025866904229,0.02411638415065575,0.003993874518386541,0.011981623555159623,0.0,0.0,0,0,0.0005908583255031692,0.005659106083982381,-0.004150499750343482,0.003066567966380002,0.0005908583255031692,0.005659106083982381,-0.00892585495073631,8.105472426413957e-06,0.05718813824976203,0.29612046627603417
global_compatible,3,19,0,0,certified_reset,0,1,0.02411638415065575,0.02012250963226921,0.003993874518386541,0.007987749036773082,0.0,0.0,0,0,-0.004150499750343482,0.003066567966380002,0.003289289694807033,0.0015189086579223852,-0.004150499750343482,0.003066567966380002,-0.00038580195724507847,1.89230602929937e-05,0.05718813824976203,0.29612046627603417
global_compatible,3,20,0,0,certified_reset,0,1,0.02012250963226921,0.01612863511388267,0.003993874518386541,0.003993874518386541,0.0,0.0,0,0,0.003289289694807033,0.0015189086579223852,0.0007225513323905676,-0.008355074084159735,0.003289289694807033,0.0015189086579223852,-0.005511853456087027,1.199421494139829e-05,0.05718813824976203,0.29612046627603417
global_compatible,3,21,1,1,certified_reset,0,1,0.01612863511388267,0.01213476059549613,0.003993874518386541,0.0,0.0,0.0,0,0,0.0007225513323905676,-0.008355074084159735,0.014888715991580882,0.027669187478872627,0.0007225513323905676,-0.008355074084159735,0.011591011781330858,1.6446176612136728e-05,0.05718813824976203,0.29612046627603417
global_compatible,4,0,0,0,certified_reset,0,1,0.1,0.09600612548161347,0.003993874518386541,0.08387136488611735,0.0,0.0,0,0,2.3438130259995518,-0.2802984018170623,1.2835033129383986,-1.8417630275653412,2.3438130259995518,-0.2802984018170623,-1.5499999999999998,5.567664095776191,0.05718813824976203,0.29612046627603417
global_compatible,4,1,0,0,certified_reset,0,1,0.09600612548161347,0.09201225096322693,0.003993874518386541,0.07987749036773081,0.0,0.0,0,0,1.2835033129383986,-1.8417630275653412,0.16602961716979345,-0.41509477746466095,1.2835033129383986,-1.8417630275653412,1.4350227833536218,2.3094394029896415,0.05718813824976203,0.29612046627603417
global_compatible,4,2,0,0,certified_reset,0,1,0.09201225096322693,0.0880183764448404,0.003993874518386541,0.07588361584934428,0.0,0.0,0,0,0.16602961716979345,-0.41509477746466095,-0.01850231258845356,0.029563498178200816,0.16602961716979345,-0.41509477746466095,0.4461471891369073,0.0635566780070358,0.05718813824976203,0.29612046627603417
global_compatible,4,3,0,0,certified_reset,0,1,0.0880183764448404,0.08402450192645386,0.003993874518386541,0.07188974133095774,0.0,0.0,0,0,-0.01850231258845356,0.029563498178200816,-0.0044292167768975,0.0014336921653376328,-0.01850231258845356,0.029563498178200816,-0.025125407539350636,0.0005154378001371554,0.05718813824976203,0.29612046627603417
global_compatible,4,4,0,0,certified_reset,0,1,0.08402450192645386,0.08003062740806732,0.003993874518386541,0.0678958668125712,0.0,0.0,0,0,-0.0044292167768975,0.0014336921653376328,-0.0013782593874796275,0.004713741664694508,-0.0044292167768975,0.0014336921653376328,0.0022970782559313804,2.011986065008819e-05,0.05718813824976203,0.29612046627603417
global_compatible,4,5,0,0,certified_reset,0,1,0.08003062740806732,0.07603675288968079,0.003993874518386541,0.06390199229418467,0.0,0.0,0,0,-0.0013782593874796275,0.004713741664694508,-0.003451124568400555,-0.004390414867893473,-0.0013782593874796275,0.004713741664694508,-0.005567238016251174,6.673937304081377e-06,0.05718813824976203,0.29612046627603417
global_compatible,4,6,0,0,certified_reset,0,1,0.07603675288968079,0.07204287837129425,0.003993874518386541,0.05990811777579813,0.0,0.0,0,0,-0.003451124568400555,-0.004390414867893473,-0.006731097289526503,0.01539778813650595,-0.003451124568400555,-0.004390414867893473,0.009902620025364281,1.783144155898617e-05,0.05718813824976203,0.29612046627603417
global_compatible,4,7,0,0,certified_reset,0,1,0.07204287837129425,0.06804900385290771,0.003993874518386541,0.05591424325741159,0.0,0.0,0,0,-0.006731097289526503,0.01539778813650595,-0.008870637906146039,-0.013615830708837588,-0.006731097289526503,0.01539778813650595,-0.01597705225797758,9.43658640018349e-05,0.05718813824976203,0.29612046627603417
global_compatible,4,8,0,0,certified_reset,0,1,0.06804900385290771,0.06405512933452118,0.003993874518386541,0.051920368739025044,0.0,0.0,0,0,-0.008870637906146039,-0.013615830708837588,-0.008878445866409354,0.02429866514917509,-0.008870637906146039,-0.013615830708837588,0.02889311959963244,0.00013292887812743203,0.05718813824976203,0.29612046627603417
global_compatible,4,9,0,0,certified_reset,0,1,0.06405512933452118,0.060061254816134634,0.003993874518386541,0.0479264942206385,0.0,0.0,0,0,-0.008878445866409354,0.02429866514917509,-5.666406716891854e-05,-0.0019055633611886193,-0.008878445866409354,0.02429866514917509,-0.026954056792580453,0.00020326635348791514,0.05718813824976203,0.29612046627603417
global_compatible,4,10,0,0,certified_reset,0,1,0.060061254816134634,0.05606738029774809,0.003993874518386541,0.04393261970225196,0.0,0.0,0,0,-5.666406716891854e-05,-0.0019055633611886193,-0.0016341167815856804,0.007558974760215567,-5.666406716891854e-05,-0.0019055633611886193,0.002861143436155642,8.614752707953409e-07,0.05718813824976203,0.29612046627603417
global_compatible,4,11,0,0,certified_reset,0,1,0.05606738029774809,0.05207350577936155,0.003993874518386541,0.039938745183865414,0.0,0.0,0,0,-0.0016341167815856804,0.007558974760215567,0.0023045799087476823,-0.0006569174932256872,-0.0016341167815856804,0.007558974760215567,-0.009507547072383127,1.5215031835803144e-05,0.05718813824976203,0.29612046627603417
global_compatible,4,12,0,0,certified_reset,0,1,0.05207350577936155,0.048079631260975,0.003993874518386541,0.03594487066547887,0.0,0.0,0,0,0.0023045799087476823,-0.0006569174932256872,0.009853405358762224,0.01996222598489266,0.0023045799087476823,-0.0006569174932256872,-0.001329158099031146,5.432932393832044e-06,0.05718813824976203,0.29612046627603417
global_compatible,4,13,0,0,certified_reset,0,1,0.048079631260975,0.04408575674258846,0.003993874518386541,0.03195099614709233,0.0,0.0,0,0,0.009853405358762224,0.01996222598489266,0.015925728854590412,-0.022760281214601517,0.009853405358762224,0.01996222598489266,-0.03921988269169845,0.0002072728610517951,0.05718813824976203,0.29612046627603417
global_compatible,4,14,0,0,certified_reset,0,1,0.04408575674258846,0.040091882224201916,0.003993874518386541,0.027957121628705783,0.0,0.0,0,0,0.015925728854590412,-0.022760281214601517,0.007334694797967662,-0.0008792929815278575,0.015925728854590412,-0.022760281214601517,0.017666397750502386,0.0003546768519611012,0.05718813824976203,0.29612046627603417
global_compatible,4,15,0,0,certified_reset,0,1,0.040091882224201916,0.03609800770581537,0.003993874518386541,0.023963247110319243,0.0,0.0,0,0,0.007334694797967662,-0.0008792929815278575,0.004010937038539325,-0.002816351732297085,0.007334694797967662,-0.0008792929815278575,-0.0060085782280714425,5.483949119393078e-05,0.05718813824976203,0.29612046627603417
global_compatible,4,16,0,0,certified_reset,0,1,0.03609800770581537,0.03210413318742883,0.003993874518386541,0.019969372591932703,0.0,0.0,0,0,0.004010937038539325,-0.002816351732297085,0.00732484080243606,-0.0006146467215161506,0.004010937038539325,-0.002816351732297085,0.00015318246934540146,1.7515933223251782e-05,0.05718813824976203,0.29612046627603417
global_compatible,4,17,0,0,certified_reset,0,1,0.03210413318742883,0.02811025866904229,0.003993874518386541,0.015975498073546163,0.0,0.0,0,0,0.00732484080243606,-0.0006146467215161506,0.004320079305264975,-0.007406729788008423,0.00732484080243606,-0.0006146467215161506,-0.006384902250521916,5.474046950635885e-05,0.05718813824976203,0.29612046627603417
global_compatible,4,18,0,0,certified_reset,0,1,0.02811025866904229,0.02411638415065575,0.003993874518386541,0.011981623555159623,0.0,0.0,0,0,0.004320079305264975,-0.007406729788008423,0.004694048576446017,0.0022259084230215388,0.004320079305264975,-0.007406729788008423,0.006607703361647458,2.962936510412972e-05,0.05718813824976203,0.29612046627603417
global_compatible,4,19,0,0,certified_reset,0,1,0.02411638415065575,0.02012250963226921,0.003993874518386541,0.007987749036773082,0.0,0.0,0,0,0.004694048576446017,0.0022259084230215388,0.0020331519515707935,-0.00991065426892105,0.004694048576446017,0.0022259084230215388,-0.007952140609713412,2.450684584033329e-05,0.05718813824976203,0.29612046627603417
global_compatible,4,20,0,0,certified_reset,0,1,0.02012250963226921,0.01612863511388267,0.003993874518386541,0.003993874518386541,0.0,0.0,0,0,0.0020331519515707935,-0.00991065426892105,0.0007585440596985706,-0.0038972489879110445,0.0020331519515707935,-0.00991065426892105,0.012573300185817166,2.576569604409782e-05,0.05718813824976203,0.29612046627603417
global_compatible,4,21,0,0,certified_reset,0,1,0.01612863511388267,0.01213476059549613,0.003993874518386541,0.0,0.0,0.0,0,0,0.0007585440596985706,-0.0038972489879110445,-0.0024260901118819626,-0.003116171652804133,0.0007585440596985706,-0.0038972489879110445,0.0049891222793103495,3.93161155973102e-06,0.05718813824976203,0.29612046627603417
global_compatible,5,0,0,0,certified_reset,0,1,0.1,0.09600612548161347,0.003993874518386541,0.08387136488611735,0.0,0.0,0,0,-1.0667275400484577,-0.2425627136601224,-0.598535486426176,1.16111063463559,-1.0667275400484577,-0.2425627136601224,1.4195242817485858,1.1988744749701492,0.05718813824976203,0.29612046627603417
global_compatible,5,1,0,0,certified_reset,0,1,0.09600612548161347,0.09201225096322693,0.003993874518386541,0.07987749036773081,0.0,0.0,0,0,-0.598535486426176,1.16111063463559,0.0021874563666823203,0.03593922262138899,-0.598535486426176,1.16111063463559,-1.114424217220622,0.6319652849651093,0.05718813824976203,0.29612046627603417
global_compatible,5,2,0,0,certified_reset,0,1,0.09201225096322693,0.0880183764448404,0.003993874518386541,0.07588361584934428,0.0,0.0,0,0,0.0021874563666823203,0.03593922262138899,0.0028509377643920215,-0.018123244184779442,0.0021874563666823203,0.03593922262138899,-0.05511901192094802,0.0003132305923080357,0.05718813824976203,0.29612046627603417
global_compatible,5,3,0,0,certified_reset,0,1,0.0880183764448404,0.08402450192645386,0.003993874518386541,0.07188974133095774,0.0,0.0,0,0,0.0028509377643920215,-0.018123244184779442,-0.0011064698850548,0.0037358742380908584,0.0028509377643920215,-0.018123244184779442,0.023861996695279074,8.148407465417983e-05,0.05718813824976203,0.29612046627603417
global_compatible,5,4,0,0,certified_reset,0,1,0.08402450192645386,0.08003062740806732,0.003993874518386541,0.0678958668125712,0.0,0.0,0,0,-0.0011064698850548,0.0037358742380908584,-0.011331669438069559,0.001679666886432449,-0.0011064698850548,0.0037358742380908584,-0.004401821410294129,4.220892537845848e-06,0.05718813824976203,0.29612046627603417
global_compatible,5,5,0,0,certified_reset,0,1,0.08003062740806732,0.07603675288968079,0.003993874518386541,0.06390199229418467,0.0,0.0,0,0,-0.011331669438069559,0.001679666886432449,-0.016840903755257472,0.011245480463560789,-0.011331669438069559,0.001679666886432449,0.008807405098145663,0.0001308538224206387,0.05718813824976203,0.29612046627603417
global_compatible,5,6,0,0,certified_reset,0,1,0.07603675288968079,0.07204287837129425,0.003993874518386541,0.05990811777579813,0.0,0.0,0,0,-0.016840903755257472,0.011245480463560789,-0.00477856995266511,0.02118637968306214,-0.016840903755257472,0.011245480463560789,0.00020690066139629848,0.0003063800590450763,0.05718813824976203,0.29612046627603417
global_compatible,5,7,0,0,certified_reset,0,1,0.07204287837129425,0.06804900385290771,0.003993874518386541,0.05591424325741159,0.0,0.0,0,0,-0.00477856995266511,0.02118637968306214,-0.0005175809067052462,0.002245315048324402,-0.00477856995266511,0.02118637968306214,-0.02645468502889104,0.0001211262729254359,0.05718813824976203,0.29612046627603417
global_compatible,5,8,0,0,certified_reset,0,1,0.06804900385290771,0.06405512933452118,0.003993874518386541,0.051920368739025044,0.0,0.0,0,0,-0.0005175809067052462,0.002245315048324402,0.006079608098419092,-0.009740785671324763,-0.0005175809067052462,0.002245315048324402,-0.0027941587746718086,1.3705322163594734e-06,0.05718813824976203,0.29612046627603417
global_compatible,5,9,0,0,certified_reset,0,1,0.06405512933452118,0.060061254816134634,0.003993874518386541,0.0479264942206385,0.0,0.0,0,0,0.006079608098419092,-0.009740785671324763,0.00851202325162529,0.008965447886630076,0.006079608098419092,-0.009740785671324763,0.008292605160952121,5.57597401282927e-05,0.05718813824976203,0.29612046627603417
global_compatible,5,10,0,0,certified_reset,0,1,0.060061254816134634,0.05606738029774809,0.003993874518386541,0.04393261970225196,0.0,0.0,0,0,0.00851202325162529,0.008965447886630076,0.004943431959317533,-0.003466626466452842,0.00851202325162529,0.008965447886630076,-0.021685402781740144,9.867922322678551e-05,0.05718813824976203,0.29612046627603417
global_compatible,5,11,0,0,certified_reset,0,1,0.05606738029774809,0.05207350577936155,0.003993874518386541,0.039938745183865414,0.0,0.0,0,0,0.004943431959317533,-0.003466626466452842,-0.0004934075578708755,-0.011328929599654947,0.004943431959317533,-0.003466626466452842,0.00018197691223206051,2.660149725674066e-05,0.05718813824976203,0.29612046627603417
global_compatible,5,12,0,0,certified_reset,0,1,0.05207350577936155,0.048079631260975,0.003993874518386541,0.03594487066547887,0.0,0.0,0,0,-0.0004934075578708755,-0.011328929599654947,-0.0035918755525364303,0.01383874683134915,-0.0004934075578708755,-0.011328929599654947,0.01717820083770685,3.072275187598775e-05,0.05718813824976203,0.29612046627603417
global_compatible,5,13,0,0,certified_reset,0,1,0.048079631260975,0.04408575674258846,0.003993874518386541,0.03195099614709233,0.0,0.0,0,0,-0.0035918755525364303,0.01383874683134915,0.0015683854127735981,-0.006762380806205806,-0.0035918755525364303,0.01383874683134915,-0.016808855903451592,5.443697539967557e-05,0.05718813824976203,0.29612046627603417
global_compatible,5,14,0,0,certified_reset,0,1,0.04408575674258846,0.040091882224201916,0.003993874518386541,0.027957121628705783,0.0,0.0,0,0,0.0015683854127735981,-0.006762380806205806,0.001312726852314454,0.01800027183392432,0.0015683854127735981,-0.006762380806205806,0.008400370059445692,1.2455351181657124e-05,0.05718813824976203,0.29612046627603417
global_compatible,5,15,0,0,certified_reset,0,1,0.040091882224201916,0.03609800770581537,0.003993874518386541,0.023963247110319243,0.0,0.0,0,0,0.001312726852314454,0.01800027183392432,0.0029087729755624646,-0.01289188456214657,0.001312726852314454,0.01800027183392432,-0.027825584035341595,7.94015914586143e-05,0.05718813824976203,0.29612046627603417
global_compatible,5,16,0,0,certified_reset,0,1,0.03609800770581537,0.03210413318742883,0.003993874518386541,0.019969372591932703,0.0,0.0,0,0,0.0029087729755624646,-0.01289188456214657,-0.013593662837657696,0.0031782271656450286,0.0029087729755624646,-0.01289188456214657,0.016096136978966787,4.485422462597242e-05,0.05718813824976203,0.29612046627603417
global_compatible,5,17,0,0,certified_reset,0,1,0.03210413318742883,0.02811025866904229,0.003993874518386541,0.015975498073546163,0.0,0.0,0,0,-0.013593662837657696,0.0031782271656450286,-0.006861104782779788,0.013482873534226052,-0.013593662837657696,0.0031782271656450286,0.0088519889300401,0.00018856481506931462,0.05718813824976203,0.29612046627603417
global_compatible,5,18,0,0,certified_reset,0,1,0.02811025866904229,0.02411638415065575,0.003993874518386541,0.011981623555159623,0.0,0.0,0,0,-0.006861104782779788,0.013482873534226052,0.007357274160216284,0.005850580577661728,-0.006861104782779788,0.013482873534226052,-0.013029129036967919,8.404053210002069e-05,0.05718813824976203,0.29612046627603417
global_compatible,5,19,0,0,certified_reset,0,1,0.02411638415065575,0.02012250963226921,0.003993874518386541,0.007987749036773082,0.0,0.0,0,0,0.007357274160216284,0.005850580577661728,0.006528281196461193,-0.020151627919595655,0.007357274160216284,0.005850580577661728,-0.01594318931595062,6.664538796492056e-05,0.05718813824976203,0.29612046627603417
global_compatible,5,20,0,0,certified_reset,0,1,0.02012250963226921,0.01612863511388267,0.003993874518386541,0.003993874518386541,0.0,0.0,0,0,0.006528281196461193,-0.020151627919595655,-0.006426561675806742,0.0035560317800419515,0.006528281196461193,-0.020151627919595655,0.02318225641312754,0.0001291497400959375,0.05718813824976203,0.29612046627603417
global_compatible,5,21,0,0,certified_reset,0,1,0.01612863511388267,0.01213476059549613,0.003993874518386541,0.0,0.0,0.0,0,0,-0.006426561675806742,0.0035560317800419515,-0.005465814324641894,-0.0038823026458205383,-0.006426561675806742,0.0035560317800419515,0.00116350023741778,4.361070345673003e-05,0.05718813824976203,0.29612046627603417
global_compatible,6,0,0,0,certified_reset,0,1,0.1,0.09600612548161347,0.003993874518386541,0.08387136488611735,0.0,0.0,0,0,-4.057687684491437,0.18311617416036507,-3.1021749889027506,1.7538938106209545,-4.057687684491437,0.18311617416036507,1.55,16.530927520856526,0.05718813824976203,0.29612046627603417
global_compatible,6,1,0,0,certified_reset,0,1,0.09600612548161347,0.09201225096322693,0.003993874518386541,0.07987749036773081,0.0,0.0,0,0,-3.1021749889027506,1.7538938106209545,-1.2891057700412833,1.8956215997153383,-3.1021749889027506,1.7538938106209545,0.13819549907708042,10.177672941481118,0.05718813824976203,0.29612046627603417
global_compatible,6,2,0,0,certified_reset,0,1,0.09201225096322693,0.0880183764448404,0.003993874518386541,0.07588361584934428,0.0,0.0,0,0,-1.2891057700412833,1.8956215997153383,-0.15061713928241624,0.4042045024853992,-1.2891057700412833,1.8956215997153383,-1.5087825172143683,2.365512928335344,0.05718813824976203,0.29612046627603417
global_compatible,6,3,0,0,certified_reset,0,1,0.0880183764448404,0.08402450192645386,0.003993874518386541,0.07188974133095774,0.0,0.0,0,0,-0.15061713928241624,0.4042045024853992,0.03367730368866158,-0.04277808524078877,-0.15061713928241624,0.4042045024853992,-0.4454519208384422,0.057054838359389654,0.05718813824976203,0.29612046627603417
global_compatible,6,4,0,0,certified_reset,0,1,0.08402450192645386,0.08003062740806732,0.003993874518386541,0.0678958668125712,0.0,0.0,0,0,0.03367730368866158,-0.04277808524078877,0.010483971798970025,-0.013583455085148141,0.03367730368866158,-0.04277808524078877,0.029481093308529483,0.0014852827791412685,0.05718813824976203,0.29612046627603417
global_compatible,6,5,0,0,certified_reset,0,1,0.08003062740806732,0.07603675288968079,0.003993874518386541,0.06390199229418467,0.0,0.0,0,0,0.010483971798970025,-0.013583455085148141,0.0010599675024845602,-0.010444941070569154,0.010483971798970025,-0.013583455085148141,0.009573531108188978,0.00014541682249762797,0.05718813824976203,0.29612046627603417
global_compatible,6,6,0,0,certified_reset,0,1,0.07603675288968079,0.07204287837129425,0.003993874518386541,0.05990811777579813,0.0,0.0,0,0,0.0010599675024845602,-0.010444941070569154,0.0029822882882637926,-0.0011260412516326535,0.0010599675024845602,-0.010444941070569154,0.014330150100789567,2.589478406828155e-05,0.05718813824976203,0.29612046627603417
global_compatible,6,7,0,0,certified_reset,0,1,0.07204287837129425,0.06804900385290771,0.003993874518386541,0.05591424325741159,0.0,0.0,0,0,0.0029822882882637926,-0.0011260412516326535,0.0009827255569038738,-0.009893058799730499,0.0029822882882637926,-0.0011260412516326535,-0.001309441389833692,9.165143755218739e-06,0.05718813824976203,0.29612046627603417
global_compatible,6,8,0,0,certified_reset,0,1,0.06804900385290771,0.06405512933452118,0.003993874518386541,0.051920368739025044,0.0,0.0,0,0,0.0009827255569038738,-0.009893058799730499,-0.004841830078103449,-0.006510759889067292,0.0009827255569038738,-0.009893058799730499,0.013593666328125602,2.320251386088893e-05,0.05718813824976203,0.29612046627603417
global_compatible,6,9,0,0,certified_reset,0,1,0.06405512933452118,0.060061254816134634,0.003993874518386541,0.0479264942206385,0.0,0.0,0,0,-0.004841830078103449,-0.006510759889067292,-0.008076887466265701,0.015016593231039913,-0.004841830078103449,-0.006510759889067292,0.014409067831134771,3.626404837923908e-05,0.05718813824976203,0.29612046627603417
global_compatible,6,10,0,0,certified_reset,0,1,0.060061254816134634,0.05606738029774809,0.003993874518386541,0.04393261970225196,0.0,0.0,0,0,-0.008076887466265701,0.015016593231039913,-0.004546492935754432,0.0036834127970457593,-0.008076887466265701,0.015016593231039913,-0.014078625506557188,0.00011078095655453951,0.05718813824976203,0.29612046627603417
global_compatible,6,11,0,0,certified_reset,0,1,0.05606738029774809,0.05207350577936155,0.003993874518386541,0.039938745183865414,0.0,0.0,0,0,-0.004546492935754432,0.0036834127970457593,-0.011155010186365262,-0.004691897812357001,-0.004546492935754432,0.0036834127970457593,-0.0008997181388983356,2.313299070312081e-05,0.05718813824976203,0.29612046627603417
global_compatible,6,12,0,0,certified_reset,0,1,0.05207350577936155,0.048079631260975,0.003993874518386541,0.03594487066547887,0.0,0.0,0,0,-0.011155010186365262,-0.004691897812357001,-0.01147927932647047,0.012315378535158948,-0.011155010186365262,-0.004691897812357001,0.018019735688898326,0.00013651452703004473,0.05718813824976203,0.29612046627603417
global_compatible,6,13,0,0,certified_reset,0,1,0.048079631260975,0.04408575674258846,0.003993874518386541,0.03195099614709233,0.0,0.0,0,0,-0.01147927932647047,0.012315378535158948,-0.0022671460504428646,-0.0007627287836997907,-0.01147927932647047,0.012315378535158948,-0.006711358052179965,0.00016020025075131204,0.05718813824976203,0.29612046627603417
global_compatible,6,14,0,0,certified_reset,0,1,0.04408575674258846,0.040091882224201916,0.003993874518386541,0.027957121628705783,0.0,0.0,0,0,-0.0022671460504428646,-0.0007627287836997907,0.0005846706827934264,0.00010881317030848967,-0.0022671460504428646,-0.0007627287836997907,0.0033867336211315857,5.531416265098406e-06,0.05718813824976203,0.29612046627603417
global_compatible,6,15,0,0,certified_reset,0,1,0.040091882224201916,0.03609800770581537,0.003993874518386541,0.023963247110319243,0.0,0.0,0,0,0.0005846706827934264,0.00010881317030848967,-0.003105623384903014,-0.0036708509357158414,0.0005846706827934264,0.00010881317030848967,-0.0007418431632767622,3.577293443765085e-07,0.05718813824976203,0.29612046627603417
global_compatible,6,16,0,0,certified_reset,0,1,0.03609800770581537,0.03210413318742883,0.003993874518386541,0.019969372591932703,0.0,0.0,0,0,-0.003105623384903014,-0.0036708509357158414,-0.002395477597132069,0.0016961281735914545,-0.003105623384903014,-0.0036708509357158414,0.008495007374204748,1.3874551752655537e-05,0.05718813824976203,0.29612046627603417
global_compatible,6,17,0,0,certified_reset,0,1,0.03210413318742883,0.02811025866904229,0.003993874518386541,0.015975498073546163,0.0,0.0,0,0,-0.002395477597132069,0.0016961281735914545,-0.002636971704354087,-0.0022996241547426697,-0.002395477597132069,0.0016961281735914545,-0.00010996777759479973,6.256448381789483e-06,0.05718813824976203,0.29612046627603417
global_compatible,6,18,0,0,certified_reset,0,1,0.02811025866904229,0.02411638415065575,0.003993874518386541,0.011981623555159623,0.0,0.0,0,0,-0.002636971704354087,-0.0022996241547426697,0.006328072243132774,0.012769692394107985,-0.002636971704354087,-0.0022996241547426697,0.006011216204554991,8.80887660156538e-06,0.05718813824976203,0.29612046627603417
global_compatible,6,19,0,0,certified_reset,0,1,0.02411638415065575,0.02012250963226921,0.003993874518386541,0.007987749036773082,0.0,0.0,0,0,0.006328072243132774,0.012769692394107985,0.0005013081431390603,-0.02319413730719268,0.006328072243132774,0.012769692394107985,-0.025115204546188107,8.516554369045423e-05,0.05718813824976203,0.29612046627603417
global_compatible,6,20,0,0,certified_reset,0,1,0.02012250963226921,0.01612863511388267,0.003993874518386541,0.003993874518386541,0.0,0.0,0,0,0.0005013081431390603,-0.02319413730719268,-0.0008849858695928296,0.004068632327269817,0.0005013081431390603,-0.02319413730719268,0.03367087479808858,0.00012542874607257478,0.05718813824976203,0.29612046627603417
global_compatible,6,21,0,0,certified_reset,0,1,0.01612863511388267,0.01213476059549613,0.003993874518386541,0.0,0.0,0.0,0,0,-0.0008849858695928296,0.004068632327269817,-0.0014903070259458273,-0.00570165962979882,-0.0008849858695928296,0.004068632327269817,-0.005111611759161284,4.416092781399776e-06,0.05718813824976203,0.29612046627603417
global_compatible,7,0,0,0,certified_reset,0,1,0.1,0.09600612548161347,0.003993874518386541,0.08387136488611735,0.0,0.0,0,0,4.7313483279365,0.4538787611713305,4.411689098966652,-1.089555235920573,4.7313483279365,0.4538787611713305,-1.55,22.48280056763915,0.05718813824976203,0.29612046627603417
global_compatible,7,1,0,0,certified_reset,0,1,0.09600612548161347,0.09201225096322693,0.003993874518386541,0.07987749036773081,0.0,0.0,0,0,4.411689098966652,-1.089555235920573,2.5511776945656273,-2.6304345596389176,4.411689098966652,-1.089555235920573,-1.55,19.736746716123136,0.05718813824976203,0.29612046627603417
global_compatible,7,2,0,0,certified_reset,0,1,0.09201225096322693,0.0880183764448404,0.003993874518386541,0.07588361584934428,0.0,0.0,0,0,2.5511776945656273,-2.6304345596389176,0.5909338935217296,-1.2958422150874869,2.5511776945656273,-2.6304345596389176,1.3345080581310866,7.79848389823731,0.05718813824976203,0.29612046627603417
global_compatible,7,3,0,0,certified_reset,0,1,0.0880183764448404,0.08402450192645386,0.003993874518386541,0.07188974133095774,0.0,0.0,0,0,0.5909338935217296,-1.2958422150874869,-0.038968520010348826,0.027976968554252656,0.5909338935217296,-1.2958422150874869,1.3204684805760118,0.695051060070131,0.05718813824976203,0.29612046627603417
global_compatible,7,4,0,0,certified_reset,0,1,0.08402450192645386,0.08003062740806732,0.003993874518386541,0.0678958668125712,0.0,0.0,0,0,-0.038968520010348826,0.027976968554252656,-0.011047146700178836,0.025538304489903102,-0.038968520010348826,0.027976968554252656,-0.0024101758242082417,0.0016595787139919624,0.05718813824976203,0.29612046627603417
global_compatible,7,5,0,0,certified_reset,0,1,0.08003062740806732,0.07603675288968079,0.003993874518386541,0.06390199229418467,0.0,0.0,0,0,-0.011047146700178836,0.025538304489903102,-0.0012050435690731877,0.0015549006187213312,-0.011047146700178836,0.025538304489903102,-0.026621985988540618,0.00025715460298404437,0.05718813824976203,0.29612046627603417
global_compatible,7,6,0,0,certified_reset,0,1,0.07603675288968079,0.07204287837129425,0.003993874518386541,0.05990811777579813,0.0,0.0,0,0,-0.0012050435690731877,0.0015549006187213312,0.001468254295219957,0.009477815546749707,-0.0012050435690731877,0.0015549006187213312,-0.0010904723805042625,1.9170471218187088e-06,0.05718813824976203,0.29612046627603417
global_compatible,7,7,0,0,certified_reset,0,1,0.07204287837129425,0.06804900385290771,0.003993874518386541,0.05591424325741159,0.0,0.0,0,0,0.001468254295219957,0.009477815546749707,0.0192517322153464,-0.00596556651319952,0.001468254295219957,0.009477815546749707,-0.015422449364679354,2.4271287042462196e-05,0.05718813824976203,0.29612046627603417
global_compatible,7,8,0,0,certified_reset,0,1,0.06804900385290771,0.06405512933452118,0.003993874518386541,0.051920368739025044,0.0,0.0,0,0,0.0192517322153464,-0.00596556651319952,-0.00018026323639901316,-0.0057425267865843736,0.0192517322153464,-0.00596556651319952,-0.010377370516879165,0.0003797272758507346,0.05718813824976203,0.29612046627603417
global_compatible,7,9,0,0,certified_reset,0,1,0.06405512933452118,0.060061254816134634,0.003993874518386541,0.0479264942206385,0.0,0.0,0,0,-0.00018026323639901316,-0.0057425267865843736,-0.005381722502524497,0.004902788803681676,-0.00018026323639901316,-0.0057425267865843736,0.008640205589235152,7.834614151038334e-06,0.05718813824976203,0.29612046627603417
global_compatible,7,10,0,0,certified_reset,0,1,0.060061254816134634,0.05606738029774809,0.003993874518386541,0.04393261970225196,0.0,0.0,0,0,-0.005381722502524497,0.004902788803681676,0.005274462176405359,-0.012125831643354058,-0.005381722502524497,0.004902788803681676,-0.0018600162222230153,3.3376149452483e-05,0.05718813824976203,0.29612046627603417
global_compatible,7,11,0,0,certified_reset,0,1,0.05606738029774809,0.05207350577936155,0.003993874518386541,0.039938745183865414,0.0,0.0,0,0,0.005274462176405359,-0.012125831643354058,0.006613658818313609,0.0010475865636636757,0.005274462176405359,-0.012125831643354058,0.012606655178984889,5.82595878681104e-05,0.05718813824976203,0.29612046627603417
global_compatible,7,12,0,0,certified_reset,0,1,0.05207350577936155,0.048079631260975,0.003993874518386541,0.03594487066547887,0.0,0.0,0,0,0.006613658818313609,0.0010475865636636757,-0.007178170792405547,0.0017387478225559944,0.006613658818313609,0.0010475865636636757,-0.008127432176596668,4.55894005791932e-05,0.05718813824976203,0.29612046627603417
global_compatible,7,13,0,0,certified_reset,0,1,0.048079631260975,0.04408575674258846,0.003993874518386541,0.03195099614709233,0.0,0.0,0,0,-0.007178170792405547,0.0017387478225559944,0.0018182460393421232,-0.003319027348855476,-0.007178170792405547,0.0017387478225559944,0.004586465358283826,5.259621145529229e-05,0.05718813824976203,0.29612046627603417
global_compatible,7,14,0,0,certified_reset,0,1,0.04408575674258846,0.040091882224201916,0.003993874518386541,0.027957121628705783,0.0,0.0,0,0,0.0018182460393421232,-0.003319027348855476,0.0031238404804271513,0.005122996804689017,0.0018182460393421232,-0.003319027348855476,0.0030809485229381884,5.526194412249302e-06,0.05718813824976203,0.29612046627603417
global_compatible,7,15,0,0,certified_reset,0,1,0.040091882224201916,0.03609800770581537,0.003993874518386541,0.023963247110319243,0.0,0.0,0,0,0.0031238404804271513,0.005122996804689017,0.007987954825913749,-0.01732476081328057,0.0031238404804271513,0.005122996804689017,-0.010656196235287749,1.7321359629233056e-05,0.05718813824976203,0.29612046627603417
global_compatible,7,16,0,0,certified_reset,0,1,0.03609800770581537,0.03210413318742883,0.003993874518386541,0.019969372591932703,0.0,0.0,0,0,0.007987954825913749,-0.01732476081328057,0.000993384505405355,-0.0061713414122924045,0.007987954825913749,-0.01732476081328057,0.017567021623309156,0.0001255489492214128,0.05718813824976203,0.29612046627603417
global_compatible,7,17,0,0,certified_reset,0,1,0.03210413318742883,0.02811025866904229,0.003993874518386541,0.015975498073546163,0.0,0.0,0,0,0.000993384505405355,-0.0061713414122924045,-0.0020600161259158555,-0.001731631547159265,0.000993384505405355,-0.0061713414122924045,0.00810212903069338,9.48330701520309e-06,0.05718813824976203,0.29612046627603417
global_compatible,7,18,0,0,certified_reset,0,1,0.02811025866904229,0.02411638415065575,0.003993874518386541,0.011981623555159623,0.0,0.0,0,0,-0.0020600161259158555,-0.001731631547159265,-0.0004764139404582837,-0.000640895846340975,-0.0020600161259158555,-0.001731631547159265,0.004605651747839997,5.313705746314004e-06,0.05718813824976203,0.29612046627603417
global_compatible,7,19,0,0,certified_reset,0,1,0.02411638415065575,0.02012250963226921,0.003993874518386541,0.007987749036773082,0.0,0.0,0,0,-0.0004764139404582837,-0.000640895846340975,-0.004620249675039688,-0.0024711828349458934,-0.0004764139404582837,-0.000640895846340975,0.001420288960675186,3.513353084126647e-07,0.05718813824976203,0.29612046627603417
global_compatible,7,20,0,0,certified_reset,0,1,0.02012250963226921,0.01612863511388267,0.003993874518386541,0.003993874518386541,0.0,0.0,0,0,-0.004620249675039688,-0.0024711828349458934,0.0038664203544710616,0.005877054567988616,-0.004620249675039688,-0.0024711828349458934,0.008238870876036563,2.414289592117605e-05,0.05718813824976203,0.29612046627603417
global_compatible,7,21,0,0,certified_reset,0,1,0.01612863511388267,0.01213476059549613,0.003993874518386541,0.0,0.0,0.0,0,0,0.0038664203544710616,0.005877054567988616,0.004523381912968306,-0.0014918713936065836,0.0038664203544710616,0.005877054567988616,-0.012507759896594656,2.5077466469360525e-05,0.05718813824976203,0.29612046627603417
global_compatible,8,0,0,0,certified_reset,0,1,0.1,0.09600612548161347,0.003993874518386541,0.08387136488611735,0.0,0.0,0,0,-3.415504655073355,0.17288526909464919,-2.472063500645465,1.716493307157762,-3.415504655073355,0.17288526909464919,1.55,11.731114625756344,0.05718813824976203,0.29612046627603417
global_compatible,8,1,0,0,certified_reset,0,1,0.09600612548161347,0.09201225096322693,0.003993874518386541,0.07987749036773081,0.0,0.0,0,0,-2.472063500645465,1.716493307157762,-0.8482116479067326,1.514900690487277,-2.472063500645465,1.716493307157762,-0.19488764314513918,6.642390350292907,0.05718813824976203,0.29612046627603417
global_compatible,8,2,0,0,certified_reset,0,1,0.09201225096322693,0.0880183764448404,0.003993874518386541,0.07588361584934428,0.0,0.0,0,0,-0.8482116479067326,1.514900690487277,-0.02042134153096608,0.12080511823240433,-0.8482116479067326,1.514900690487277,-1.3869716887933319,1.1806415996494999,0.05718813824976203,0.29612046627603417
global_compatible,8,3,0,0,certified_reset,0,1,0.0880183764448404,0.08402450192645386,0.003993874518386541,0.07188974133095774,0.0,0.0,0,0,-0.02042134153096608,0.12080511823240433,0.025960504724586306,-0.03719216415779515,-0.02042134153096608,0.12080511823240433,-0.15762046045820408,0.003665034215206901,0.05718813824976203,0.29612046627603417
global_compatible,8,4,0,0,certified_reset,0,1,0.08402450192645386,0.08003062740806732,0.003993874518386541,0.0678958668125712,0.0,0.0,0,0,0.025960504724586306,-0.03719216415779515,-0.00023469737746224057,-0.010505873646024205,0.025960504724586306,-0.03719216415779515,0.028938641945896324,0.0009438702039503565,0.05718813824976203,0.29612046627603417
global_compatible,8,5,0,0,certified_reset,0,1,0.08003062740806732,0.07603675288968079,0.003993874518386541,0.06390199229418467,0.0,0.0,0,0,-0.00023469737746224057,-0.010505873646024205,-0.013987003902262134,0.015038371090395563,-0.00023469737746224057,-0.010505873646024205,0.0157052338068824,2.6088650674129365e-05,0.05718813824976203,0.29612046627603417
global_compatible,8,6,0,0,certified_reset,0,1,0.07603675288968079,0.07204287837129425,0.003993874518386541,0.05990811777579813,0.0,0.0,0,0,-0.013987003902262134,0.015038371090395563,-0.0024620877143998175,-0.002350107115152298,-0.013987003902262134,0.015038371090395563,-0.008222058690217504,0.0002380338032989708,0.05718813824976203,0.29612046627603417
global_compatible,8,7,0,0,certified_reset,0,1,0.07204287837129425,0.06804900385290771,0.003993874518386541,0.05591424325741159,0.0,0.0,0,0,-0.0024620877143998175,-0.002350107115152298,-0.008624410153194121,0.0070385918216835505,-0.0024620877143998175,-0.002350107115152298,0.005911277378428238,7.929596541000555e-06,0.05718813824976203,0.29612046627603417
global_compatible,8,8,0,0,certified_reset,0,1,0.06804900385290771,0.06405512933452118,0.003993874518386541,0.051920368739025044,0.0,0.0,0,0,-0.008624410153194121,0.0070385918216835505,-0.0076623972944364965,0.01342335141786157,-0.008624410153194121,0.0070385918216835505,-0.0017836630202276963,8.337750630456975e-05,0.05718813824976203,0.29612046627603417
global_compatible,8,9,0,0,certified_reset,0,1,0.06405512933452118,0.060061254816134634,0.003993874518386541,0.0479264942206385,0.0,0.0,0,0,-0.0076623972944364965,0.01342335141786157,-0.009145930585020685,-0.008478870415784693,-0.0076623972944364965,0.01342335141786157,-0.012142993197538851,9.483218478440772e-05,0.05718813824976203,0.29612046627603417
global_compatible,8,10,0,0,certified_reset,0,1,0.060061254816134634,0.05606738029774809,0.003993874518386541,0.04393261970225196,0.0,0.0,0,0,-0.009145930585020685,-0.008478870415784693,-0.003962922482288735,0.015217100294075862,-0.009145930585020685,-0.008478870415784693,0.021600199292122448,0.00010825268533748238,0.05718813824976203,0.29612046627603417
global_compatible,8,11,0,0,certified_reset,0,1,0.05606738029774809,0.05207350577936155,0.003993874518386541,0.039938745183865414,0.0,0.0,0,0,-0.003962922482288735,0.015217100294075862,-0.0032300971596701273,-0.008417036707690336,-0.003962922482288735,0.015217100294075862,-0.018473746275531427,6.591756258174075e-05,0.05718813824976203,0.29612046627603417
global_compatible,8,12,1,1,certified_reset,0,1,0.05207350577936155,0.048079631260975,0.003993874518386541,0.03594487066547887,0.0,0.0,0,0,-0.0032300971596701273,-0.008417036707690336,0.005874606949803945,0.023198109042832437,-0.0032300971596701273,-0.008417036707690336,0.01561483137304957,2.9281472880077536e-05,0.05718813824976203,0.29612046627603417
global_compatible,8,13,1,1,certified_reset,0,1,0.048079631260975,0.04408575674258846,0.003993874518386541,0.03195099614709233,0.0,0.0,0,0,0.005874606949803945,0.023198109042832437,0.0017358063581101087,-0.0325477902206377,0.005874606949803945,0.023198109042832437,-0.040025061825508905,0.000171428553537446,0.05718813824976203,0.29612046627603417
global_compatible,8,14,1,1,certified_reset,0,1,0.04408575674258846,0.040091882224201916,0.003993874518386541,0.027957121628705783,0.0,0.0,0,0,0.0017358063581101087,-0.0325477902206377,-0.0198809411368527,0.01662792447962511,0.0017358063581101087,-0.0325477902206377,0.04622114112531225,0.00024710742757040133,0.05718813824976203,0.29612046627603417
global_compatible,8,15,1,1,certified_reset,0,1,0.040091882224201916,0.03609800770581537,0.003993874518386541,0.023963247110319243,0.0,0.0,0,0,-0.0198809411368527,0.01662792447962511,0.005956795348001655,0.0013148838802021171,-0.0198809411368527,0.01662792447962511,-0.004692500293902098,0.0004455701265122295,0.05718813824976203,0.29612046627603417
global_compatible,8,16,1,1,certified_reset,0,1,0.03609800770581537,0.03210413318742883,0.003993874518386541,0.019969372591932703,0.0,0.0,0,0,0.005956795348001655,0.0013148838802021171,-0.015143012228168808,-0.011530475055122471,0.005956795348001655,0.0013148838802021171,-0.0078682474521311,3.734234929848812e-05,0.05718813824976203,0.29612046627603417
global_compatible,8,17,1,1,certified_reset,0,1,0.03210413318742883,0.02811025866904229,0.003993874518386541,0.015975498073546163,0.0,0.0,0,0,-0.015143012228168808,-0.011530475055122471,-0.02317550831666128,0.03720610896703587,-0.015143012228168808,-0.011530475055122471,0.03206578627041247,0.0002789475194703886,0.05718813824976203,0.29612046627603417
global_compatible,8,18,1,1,certified_reset,0,1,0.02811025866904229,0.02411638415065575,0.003993874518386541,0.011981623555159623,0.0,0.0,0,0,-0.02317550831666128,0.03720610896703587,0.013866314980119178,0.0401505393856523,-0.02317550831666128,0.03720610896703587,-0.03172921820120476,0.0008114457859311783,0.05718813824976203,0.29612046627603417
global_compatible,8,19,1,1,certified_reset,0,1,0.02411638415065575,0.02012250963226921,0.003993874518386541,0.007987749036773082,0.0,0.0,0,0,0.013866314980119178,0.0401505393856523,-0.00400217512557707,-0.03491666935291103,0.013866314980119178,0.0401505393856523,-0.07295448934583554,0.0006155054753532553,0.05718813824976203,0.29612046627603417
global_compatible,8,20,1,1,certified_reset,0,1,0.02012250963226921,0.01612863511388267,0.003993874518386541,0.003993874518386541,0.0,0.0,0,0,-0.00400217512557707,-0.03491666935291103,-0.001281691731275873,0.032915004398330866,-0.00400217512557707,-0.03491666935291103,0.0554231207550555,0.0003122617473576174,0.05718813824976203,0.29612046627603417
global_compatible,8,21,1,1,certified_reset,0,1,0.01612863511388267,0.01213476059549613,0.003993874518386541,0.0,0.0,0.0,0,0,-0.001281691731275873,0.032915004398330866,0.019881857112070626,-0.013045624439381303,-0.001281691731275873,0.032915004398330866,-0.04721086141265398,0.00025237592219472666,0.05718813824976203,0.29612046627603417
global_compatible,9,0,0,0,certified_reset,0,1,0.1,0.09600612548161347,0.003993874518386541,0.08387136488611735,0.0,0.0,0,0,-3.703062910195092,-0.4351526795507282,-3.36699293467417,1.1247446134181278,-3.703062910195092,-0.4351526795507282,1.55,13.806821830676176,0.05718813824976203,0.29612046627603417
global_compatible,9,1,0,0,certified_reset,0,1,0.09600612548161347,0.09201225096322693,0.003993874518386541,0.07987749036773081,0.0,0.0,0,0,-3.36699293467417,1.1247446134181278,-1.6986376796171918,2.234327130051417,-3.36699293467417,1.1247446134181278,1.0928736873264722,11.594209824731399,0.05718813824976203,0.29612046627603417
global_compatible,9,2,0,0,certified_reset,0,1,0.09201225096322693,0.0880183764448404,0.003993874518386541,0.07588361584934428,0.0,0.0,0,0,-1.6986376796171918,2.234327130051417,-0.2401939999802286,0.6869786953392525,-1.6986376796171918,2.234327130051417,-1.55,3.844031656950362,0.05718813824976203,0.29612046627603417
global_compatible,9,3,0,0,certified_reset,0,1,0.0880183764448404,0.08402450192645386,0.003993874518386541,0.07188974133095774,0.0,0.0,0,0,-0.2401939999802286,0.6869786953392525,0.05356888258846565,-0.07527173850909738,-0.2401939999802286,0.6869786953392525,-0.7728080959922179,0.15757311747028385,0.05718813824976203,0.29612046627603417
global_compatible,9,4,0,0,certified_reset,0,1,0.08402450192645386,0.08003062740806732,0.003993874518386541,0.0678958668125712,0.0,0.0,0,0,0.05356888258846565,-0.07527173850909738,0.001029067752505988,-0.032948566429941734,0.05356888258846565,-0.07527173850909738,0.05754248679522273,0.003972253857714026,0.05718813824976203,0.29612046627603417
global_compatible,9,5,0,0,certified_reset,0,1,0.08003062740806732,0.07603675288968079,0.003993874518386541,0.06390199229418467,0.0,0.0,0,0,0.001029067752505988,-0.032948566429941734,-0.00851131891980304,0.025896852994667624,0.001029067752505988,-0.032948566429941734,0.04750761240657403,0.0002528927567154704,0.05718813824976203,0.29612046627603417
global_compatible,9,6,0,0,certified_reset,0,1,0.07603675288968079,0.07204287837129425,0.003993874518386541,0.05990811777579813,0.0,0.0,0,0,-0.00851131891980304,0.025896852994667624,0.010396183888802266,0.004870324714994764,-0.00851131891980304,0.025896852994667624,-0.029676572704514424,0.00021517648304669206,0.05718813824976203,0.29612046627603417
global_compatible,9,7,0,0,certified_reset,0,1,0.07204287837129425,0.06804900385290771,0.003993874518386541,0.05591424325741159,0.0,0.0,0,0,0.010396183888802266,0.004870324714994764,0.006392103936318538,-0.022051694887580284,0.010396183888802266,0.004870324714994764,-0.017523847875110708,0.00012002738186785035,0.05718813824976203,0.29612046627603417
global_compatible,9,8,0,0,certified_reset,0,1,0.06804900385290771,0.06405512933452118,0.003993874518386541,0.051920368739025044,0.0,0.0,0,0,0.006392103936318538,-0.022051694887580284,-0.005469378101292787,0.006010444659948735,0.006392103936318538,-0.022051694887580284,0.026121529486868106,0.00014544725483572017,0.05718813824976203,0.29612046627603417
global_compatible,9,9,0,0,certified_reset,0,1,0.06405512933452118,0.060061254816134634,0.003993874518386541,0.0479264942206385,0.0,0.0,0,0,-0.005469378101292787,0.006010444659948735,0.005302081571794777,0.006422249894325948,-0.005469378101292787,0.006010444659948735,-0.003405125604560526,3.6706548926327065e-05,0.05718813824976203,0.29612046627603417
global_compatible,9,10,0,0,certified_reset,0,1,0.060061254816134634,0.05606738029774809,0.003993874518386541,0.04393261970225196,0.0,0.0,0,0,0.005302081571794777,0.006422249894325948,0.0047128422107597205,-0.012342732828836335,0.005302081571794777,0.006422249894325948,-0.014740088822782927,4.096797732348456e-05,0.05718813824976203,0.29612046627603417
global_compatible,9,11,0,0,certified_reset,0,1,0.05606738029774809,0.05207350577936155,0.003993874518386541,0.039938745183865414,0.0,0.0,0,0,0.0047128422107597205,-0.012342732828836335,-0.012244957037170753,-0.00463812173256468,0.0047128422107597205,-0.012342732828836335,0.013490745727822166,5.418263687396352e-05,0.05718813824976203,0.29612046627603417
global_compatible,9,12,0,0,certified_reset,0,1,0.05207350577936155,0.048079631260975,0.003993874518386541,0.03594487066547887,0.0,0.0,0,0,-0.012244957037170753,-0.00463812173256468,-0.006302439217564346,0.013775007637556584,-0.012244957037170753,-0.00463812173256468,0.019025761587928368,0.00016286065411927082,0.05718813824976203,0.29612046627603417
global_compatible,9,13,0,0,certified_reset,0,1,0.048079631260975,0.04408575674258846,0.003993874518386541,0.03195099614709233,0.0,0.0,0,0,-0.006302439217564346,0.013775007637556584,-0.0005262648422953518,-0.008845894763881056,-0.006302439217564346,0.013775007637556584,-0.014018869910143845,7.878910830468509e-05,0.05718813824976203,0.29612046627603417
global_compatible,9,14,0,0,certified_reset,0,1,0.04408575674258846,0.040091882224201916,0.003993874518386541,0.027957121628705783,0.0,0.0,0,0,-0.0005262648422953518,-0.008845894763881056,-0.013570172607448718,-0.002215184604706171,-0.0005262648422953518,-0.008845894763881056,0.013554969409406604,1.8955358327743363e-05,0.05718813824976203,0.29612046627603417
global_compatible,9,15,0,0,certified_reset,0,1,0.040091882224201916,0.03609800770581537,0.003993874518386541,0.023963247110319243,0.0,0.0,0,0,-0.013570172607448718,-0.002215184604706171,-0.010923523089811035,0.023071241775691177,-0.013570172607448718,-0.002215184604706171,0.016774637413331846,0.00019206756381459725,0.05718813824976203,0.29612046627603417
global_compatible,9,16,0,0,certified_reset,0,1,0.03609800770581537,0.03210413318742883,0.003993874518386541,0.019969372591932703,0.0,0.0,0,0,-0.010923523089811035,0.023071241775691177,-0.0016977722573658632,-0.007794439096612458,-0.010923523089811035,0.023071241775691177,-0.02310740347941479,0.0002284829545556782,0.05718813824976203,0.29612046627603417
global_compatible,9,17,0,0,certified_reset,0,1,0.03210413318742883,0.02811025866904229,0.003993874518386541,0.015975498073546163,0.0,0.0,0,0,-0.0016977722573658632,-0.007794439096612458,-0.0066049891360443445,0.0006561597692399815,-0.0016977722573658632,-0.007794439096612458,0.01317294128373676,1.8156180739044736e-05,0.05718813824976203,0.29612046627603417
global_compatible,9,18,0,0,certified_reset,0,1,0.02811025866904229,0.02411638415065575,0.003993874518386541,0.011981623555159623,0.0,0.0,0,0,-0.0066049891360443445,0.0006561597692399815,-0.010459808204931325,0.004729488671247851,-0.0066049891360443445,0.0006561597692399815,0.005610857790071732,4.449042283147246e-05,0.05718813824976203,0.29612046627603417
global_compatible,9,19,0,0,certified_reset,0,1,0.02411638415065575,0.02012250963226921,0.003993874518386541,0.007987749036773082,0.0,0.0,0,0,-0.010459808204931325,0.004729488671247851,-0.006934555935549022,-0.0032184207746329685,-0.010459808204931325,0.004729488671247851,0.0034475833216263603,0.00011373098480940068,0.05718813824976203,0.29612046627603417
global_compatible,9,20,0,0,certified_reset,0,1,0.02012250963226921,0.01612863511388267,0.003993874518386541,0.003993874518386541,0.0,0.0,0,0,-0.006934555935549022,-0.0032184207746329685,-0.008259401996861034,0.0019742357317244583,-0.006934555935549022,-0.0032184207746329685,0.011643914720325369,5.334206658447945e-05,0.05718813824976203,0.29612046627603417
global_compatible,9,21,0,0,certified_reset,0,1,0.01612863511388267,0.01213476059549613,0.003993874518386541,0.0,0.0,0.0,0,0,-0.008259401996861034,0.0019742357317244583,-0.005045775548711561,0.01015233483291602,-0.008259401996861034,0.0019742357317244583,0.005317975648383941,6.962631218106733e-05,0.05718813824976203,0.29612046627603417
global_compatible,10,0,0,0,certified_reset,0,1,0.1,0.09600612548161347,0.003993874518386541,0.08387136488611735,0.0,0.0,0,0,-5.375125161887089,0.11171443682144055,-4.489867916011388,1.654690168249499,-5.375125161887089,0.11171443682144055,1.55,28.95427942672269,0.05718813824976203,0.29612046627603417
global_compatible,10,1,0,0,certified_reset,0,1,0.09600612548161347,0.09201225096322693,0.003993874518386541,0.07987749036773081,0.0,0.0,0,0,-4.489867916011388,1.654690168249499,-2.3645997955402676,2.5814605103785158,-4.489867916011388,1.654690168249499,0.934507036470372,20.67358640778104,0.05718813824976203,0.29612046627603417
global_compatible,10,2,0,0,certified_reset,0,1,0.09201225096322693,0.0880183764448404,0.003993874518386541,0.07588361584934428,0.0,0.0,0,0,-2.3645997955402676,2.5814605103785158,-0.5043988941490817,1.1354387762709293,-2.3645997955402676,2.5814605103785158,-1.4481493661986609,6.843269513735482,0.05718813824976203,0.29612046627603417
global_compatible,10,3,0,0,certified_reset,0,1,0.0880183764448404,0.08402450192645386,0.003993874518386541,0.07188974133095774,0.0,0.0,0,0,-0.5043988941490817,1.1354387762709293,0.04801977367572915,-0.03156342507397217,-0.5043988941490817,1.1354387762709293,-1.1703452174115063,0.5207207612554987,0.05718813824976203,0.29612046627603417
global_compatible,10,4,0,0,certified_reset,0,1,0.08402450192645386,0.08003062740806732,0.003993874518386541,0.0678958668125712,0.0,0.0,0,0,0.04801977367572915,-0.03156342507397217,0.020980633119295152,-0.025167422203054405,0.04801977367572915,-0.03156342507397217,-0.0013205420128900667,0.002485267224080491,0.05718813824976203,0.29612046627603417
global_compatible,10,5,0,0,certified_reset,0,1,0.08003062740806732,0.07603675288968079,0.003993874518386541,0.06390199229418467,0.0,0.0,0,0,0.020980633119295152,-0.025167422203054405,0.007508315904987186,0.00918245034293837,0.020980633119295152,-0.025167422203054405,0.016185247865854343,0.0005607478675608665,0.05718813824976203,0.29612046627603417
global_compatible,10,6,0,0,certified_reset,0,1,0.07603675288968079,0.07204287837129425,0.003993874518386541,0.05990811777579813,0.0,0.0,0,0,0.007508315904987186,0.00918245034293837,0.004239945700041606,-0.01793244879241651,0.007508315904987186,0.00918245034293837,-0.021001751322624444,8.25787776686127e-05,0.05718813824976203,0.29612046627603417
global_compatible,10,7,0,0,certified_reset,0,1,0.07204287837129425,0.06804900385290771,0.003993874518386541,0.05591424325741159,0.0,0.0,0,0,0.004239945700041606,-0.01793244879241651,-0.003725605420898068,0.01068490132298889,0.004239945700041606,-0.01793244879241651,0.022193963368993437,8.817452933458213e-05,0.05718813824976203,0.29612046627603417
global_compatible,10,8,0,0,certified_reset,0,1,0.06804900385290771,0.06405512933452118,0.003993874518386541,0.051920368739025044,0.0,0.0,0,0,-0.003725605420898068,0.01068490132298889,0.0035987387233501252,0.006802447637524547,-0.003725605420898068,0.01068490132298889,-0.01202736087183671,3.8046651921521535e-05,0.05718813824976203,0.29612046627603417
global_compatible,10,9,0,0,certified_reset,0,1,0.06405512933452118,0.060061254816134634,0.003993874518386541,0.0479264942206385,0.0,0.0,0,0,0.0035987387233501252,0.006802447637524547,-0.0012309911807810194,-0.011494010567297791,0.0035987387233501252,0.006802447637524547,-0.013602019548833243,2.590548668913812e-05,0.05718813824976203,0.29612046627603417
global_compatible,10,10,0,0,certified_reset,0,1,0.060061254816134634,0.05606738029774809,0.003993874518386541,0.04393261970225196,0.0,0.0,0,0,-0.0012309911807810194,-0.011494010567297791,-0.003933815198715032,0.0034154173905720365,-0.0012309911807810194,-0.011494010567297791,0.018160118206580343,3.354029682489251e-05,0.05718813824976203,0.29612046627603417
global_compatible,10,11,0,0,certified_reset,0,1,0.05606738029774809,0.05207350577936155,0.003993874518386541,0.039938745183865414,0.0,0.0,0,0,-0.003933815198715032,0.0034154173905720365,0.006791521200106996,-0.0014569307164827463,-0.003933815198715032,0.0034154173905720365,-0.0011133129497876491,1.7605602332073448e-05,0.05718813824976203,0.29612046627603417
global_compatible,10,12,0,0,certified_reset,0,1,0.05207350577936155,0.048079631260975,0.003993874518386541,0.03594487066547887,0.0,0.0,0,0,0.006791521200106996,-0.0014569307164827463,0.0032062085896027996,-0.0028109697262201586,0.006791521200106996,-0.0014569307164827463,-0.004614157732905848,4.703909798137971e-05,0.05718813824976203,0.29612046627603417
global_compatible,10,13,0,0,certified_reset,0,1,0.048079631260975,0.04408575674258846,0.003993874518386541,0.03195099614709233,0.0,0.0,0,0,0.0032062085896027996,-0.0028109697262201586,-0.0020950868315243788,0.008081498374402168,0.0032062085896027996,-0.0028109697262201586,0.0009473295126217247,1.1724488494490597e-05,0.05718813824976203,0.29612046627603417
global_compatible,10,14,0,0,certified_reset,0,1,0.04408575674258846,0.040091882224201916,0.003993874518386541,0.027957121628705783,0.0,0.0,0,0,-0.0020950868315243788,0.008081498374402168,0.0036018749885558137,-0.0053797288993838194,-0.0020950868315243788,0.008081498374402168,-0.00981510567353979,1.8553707191779366e-05,0.05718813824976203,0.29612046627603417
global_compatible,10,15,0,0,certified_reset,0,1,0.040091882224201916,0.03609800770581537,0.003993874518386541,0.023963247110319243,0.0,0.0,0,0,0.0036018749885558137,-0.0053797288993838194,0.006641316729215583,0.004965487523169495,0.0036018749885558137,-0.0053797288993838194,0.004336335810211495,1.8653065585212787e-05,0.05718813824976203,0.29612046627603417
global_compatible,10,16,0,0,certified_reset,0,1,0.03609800770581537,0.03210413318742883,0.003993874518386541,0.019969372591932703,0.0,0.0,0,0,0.006641316729215583,0.004965487523169495,0.006105230030504571,-0.010854289206880622,0.006641316729215583,0.004965487523169495,-0.01392814556578444,5.3395010811996134e-05,0.05718813824976203,0.29612046627603417
global_compatible,10,17,0,0,certified_reset,0,1,0.03210413318742883,0.02811025866904229,0.003993874518386541,0.015975498073546163,0.0,0.0,0,0,0.006105230030504571,-0.010854289206880622,-0.003969897404208858,-0.02438410658453989,0.006105230030504571,-0.010854289206880622,0.009907994125541962,6.0934849368758123e-05,0.05718813824976203,0.29612046627603417
global_compatible,10,18,0,0,certified_reset,0,1,0.02811025866904229,0.02411638415065575,0.003993874518386541,0.011981623555159623,0.0,0.0,0,0,-0.003969897404208858,-0.02438410658453989,-0.009821751357210518,0.004422294347292974,-0.003969897404208858,-0.02438410658453989,0.03987526839497555,0.00016253624884594392,0.05718813824976203,0.29612046627603417
global_compatible,10,19,0,0,certified_reset,0,1,0.02411638415065575,0.02012250963226921,0.003993874518386541,0.007987749036773082,0.0,0.0,0,0,-0.009821751357210518,0.004422294347292974,0.0023784632104800222,0.006951562517292922,-0.009821751357210518,0.004422294347292974,0.0032660077233048405,0.00010025367359702172,0.05718813824976203,0.29612046627603417
global_compatible,10,20,0,0,certified_reset,0,1,0.02012250963226921,0.01612863511388267,0.003993874518386541,0.003993874518386541,0.0,0.0,0,0,0.0023784632104800222,0.006951562517292922,0.00584390139194607,-0.00806961011674191,0.0023784632104800222,0.006951562517292922,-0.012605892809224644,1.8328160439278214e-05,0.05718813824976203,0.29612046627603417
global_compatible,10,21,2,2,certified_reset,0,1,0.01612863511388267,0.01213476059549613,0.003993874518386541,0.0,0.0,0.0,0,0,0.00584390139194607,-0.00806961011674191,0.06591784766024816,0.019945951522978518,0.00584390139194607,-0.00806961011674191,0.006071618818762713,4.679414669431825e-05,0.05718813824976203,0.29612046627603417
global_compatible,11,0,0,0,certified_reset,0,1,0.1,0.09600612548161347,0.003993874518386541,0.08387136488611735,0.0,0.0,0,0,1.3863233479734802,0.505541140046878,1.116104394661187,-1.0563902665806635,1.3863233479734802,0.505541140046878,-1.5499999999999998,2.0279578571067804,0.05718813824976203,0.29612046627603417
global_compatible,11,1,0,0,certified_reset,0,1,0.09600612548161347,0.09201225096322693,0.003993874518386541,0.07987749036773081,0.0,0.0,0,0,1.116104394661187,-1.0563902665806635,0.2817772068851294,-0.6232362989585364,1.116104394661187,-1.0563902665806635,0.44478591260052686,1.4515077536419576,0.05718813824976203,0.29612046627603417
global_compatible,11,2,0,0,certified_reset,0,1,0.09201225096322693,0.0880183764448404,0.003993874518386541,0.07588361584934428,0.0,0.0,0,0,0.2817772068851294,-0.6232362989585364,-0.01287238772641977,0.013851107815097272,0.2817772068851294,-0.6232362989585364,0.6375032137824833,0.15947488019067604,0.05718813824976203,0.29612046627603417
global_compatible,11,3,0,0,certified_reset,0,1,0.0880183764448404,0.08402450192645386,0.003993874518386541,0.07188974133095774,0.0,0.0,0,0,-0.01287238772641977,0.013851107815097272,0.008285256128549868,0.0004267390911675568,-0.01287238772641977,0.013851107815097272,-0.007588378243011487,0.0002016715266752384,0.05718813824976203,0.29612046627603417
global_compatible,11,4,0,0,certified_reset,0,1,0.08402450192645386,0.08003062740806732,0.003993874518386541,0.0678958668125712,0.0,0.0,0,0,0.008285256128549868,0.0004267390911675568,0.0031179004090799785,-0.01567423637864647,0.008285256128549868,0.0004267390911675568,-0.008878505375351101,7.06489446835241e-05,0.05718813824976203,0.29612046627603417
global_compatible,11,5,0,0,certified_reset,0,1,0.08003062740806732,0.07603675288968079,0.003993874518386541,0.06390199229418467,0.0,0.0,0,0,0.0031179004090799785,-0.01567423637864647,0.0018420743717061303,0.009159124857128567,0.0031179004090799785,-0.01567423637864647,0.019984638102958457,6.392865045325976e-05,0.05718813824976203,0.29612046627603417
global_compatible,11,6,0,0,certified_reset,0,1,0.07603675288968079,0.07204287837129425,0.003993874518386541,0.05990811777579813,0.0,0.0,0,0,0.0018420743717061303,0.009159124857128567,0.006391036034723208,0.0006911984842167315,0.0018420743717061303,0.009159124857128567,-0.01532871882877782,2.43676007809144e-05,0.05718813824976203,0.29612046627603417
global_compatible,11,7,0,0,certified_reset,0,1,0.07204287837129425,0.06804900385290771,0.003993874518386541,0.05591424325741159,0.0,0.0,0,0,0.006391036034723208,0.0006911984842167315,0.0065765087955918745,-0.004878559856493371,0.006391036034723208,0.0006911984842167315,-0.0073855516007481905,4.229499687033843e-05,0.05718813824976203,0.29612046627603417
global_compatible,11,8,0,0,certified_reset,0,1,0.06804900385290771,0.06405512933452118,0.003993874518386541,0.051920368739025044,0.0,0.0,0,0,0.0065765087955918745,-0.004878559856493371,-0.0031921026915086984,9.751785566009842e-05,0.0065765087955918745,-0.004878559856493371,0.0006362109569168783,4.7544649377249765e-05,0.05718813824976203,0.29612046627603417
global_compatible,11,9,0,0,certified_reset,0,1,0.06405512933452118,0.060061254816134634,0.003993874518386541,0.0479264942206385,0.0,0.0,0,0,-0.0031921026915086984,9.751785566009842e-05,0.002342367441068062,0.011784652733067936,-0.0031921026915086984,9.751785566009842e-05,0.003034160502685774,1.0421384593829593e-05,0.05718813824976203,0.29612046627603417
global_compatible,11,10,0,0,certified_reset,0,1,0.060061254816134634,0.05606738029774809,0.003993874518386541,0.04393261970225196,0.0,0.0,0,0,0.002342367441068062,0.011784652733067936,-0.005042977071973653,-0.010007799864832375,0.002342367441068062,0.011784652733067936,-0.019693585365312457,4.0180665049517963e-05,0.05718813824976203,0.29612046627603417
global_compatible,11,11,0,0,certified_reset,0,1,0.05606738029774809,0.05207350577936155,0.003993874518386541,0.039938745183865414,0.0,0.0,0,0,-0.005042977071973653,-0.010007799864832375,-0.015604217690501751,0.014750843203133687,-0.005042977071973653,-0.010007799864832375,0.019766134240919764,5.3227209783420484e-05,0.05718813824976203,0.29612046627603417
global_compatible,11,12,0,0,certified_reset,0,1,0.05207350577936155,0.048079631260975,0.003993874518386541,0.03594487066547887,0.0,0.0,0,0,-0.015604217690501751,0.014750843203133687,-0.002415111967045018,0.014033031522727238,-0.015604217690501751,0.014750843203133687,-0.006191364509351588,0.00028361566213137764,0.05718813824976203,0.29612046627603417
global_compatible,11,13,0,0,certified_reset,0,1,0.048079631260975,0.04408575674258846,0.003993874518386541,0.03195099614709233,0.0,0.0,0,0,-0.002415111967045018,0.014033031522727238,0.0007303891683095656,0.0013825725753682048,-0.002415111967045018,0.014033031522727238,-0.018267164480841924,4.9621673536831524e-05,0.05718813824976203,0.29612046627603417
global_compatible,11,14,0,0,certified_reset,0,1,0.04408575674258846,0.040091882224201916,0.003993874518386541,0.027957121628705783,0.0,0.0,0,0,0.0007303891683095656,0.0013825725753682048,0.0020483291929657426,-0.006035897412773371,0.0007303891683095656,0.0013825725753682048,-0.0027642331465438335,1.0685642061040781e-06,0.05718813824976203,0.29612046627603417
global_compatible,11,15,0,0,certified_reset,0,1,0.040091882224201916,0.03609800770581537,0.003993874518386541,0.023963247110319243,0.0,0.0,0,0,0.0020483291929657426,-0.006035897412773371,-0.004709031507612442,0.002644427049632906,0.0020483291929657426,-0.006035897412773371,0.006847749340708467,1.192571462253939e-05,0.05718813824976203,0.29612046627603417
global_compatible,11,16,0,0,certified_reset,0,1,0.03609800770581537,0.03210413318742883,0.003993874518386541,0.019969372591932703,0.0,0.0,0,0,-0.004709031507612442,0.002644427049632906,-0.002571960915274449,0.0170264227180811,-0.004709031507612442,0.002644427049632906,0.000792628267723843,2.344942322470602e-05,0.05718813824976203,0.29612046627603417
global_compatible,11,17,0,0,certified_reset,0,1,0.03210413318742883,0.02811025866904229,0.003993874518386541,0.015975498073546163,0.0,0.0,0,0,-0.002571960915274449,0.0170264227180811,-0.006904448033922509,-0.010564232415334884,-0.002571960915274449,0.0170264227180811,-0.02251977177842099,7.147531867696542e-05,0.05718813824976203,0.29612046627603417
global_compatible,11,18,0,0,certified_reset,0,1,0.02811025866904229,0.02411638415065575,0.003993874518386541,0.011981623555159623,0.0,0.0,0,0,-0.006904448033922509,-0.010564232415334884,-0.007204564707004117,0.004408545174925052,-0.006904448033922509,-0.010564232415334884,0.022440273771413305,8.034909100107412e-05,0.05718813824976203,0.29612046627603417
global_compatible,11,19,0,0,certified_reset,0,1,0.02411638415065575,0.02012250963226921,0.003993874518386541,0.007987749036773082,0.0,0.0,0,0,-0.007204564707004117,0.004408545174925052,-0.004973076285654588,0.010072084770472313,-0.007204564707004117,0.004408545174925052,0.0006789412176297606,5.541562534751812e-05,0.05718813824976203,0.29612046627603417
global_compatible,11,20,0,0,certified_reset,0,1,0.02012250963226921,0.01612863511388267,0.003993874518386541,0.003993874518386541,0.0,0.0,0,0,-0.004973076285654588,0.010072084770472313,0.0016818740330059006,-0.006929426626491775,-0.004973076285654588,0.010072084770472313,-0.009882602964210462,4.543357426889003e-05,0.05718813824976203,0.29612046627603417
global_compatible,11,21,0,0,certified_reset,0,1,0.01612863511388267,0.01213476059549613,0.003993874518386541,0.0,0.0,0.0,0,0,0.0016818740330059006,-0.006929426626491775,-0.007905205161713353,0.0014808016807849973,0.0016818740330059006,-0.006929426626491775,0.008532607297832562,1.3291886552323143e-05,0.05718813824976203,0.29612046627603417
global_compatible,12,0,2,2,certified_reset,0,1,0.1,0.09600612548161347,0.003993874518386541,0.08387136488611735,0.0,0.0,0,0,4.04741894332121,0.12056711607768555,3.3589174875475867,-1.4931560532397306,4.04741894332121,0.12056711607768555,-1.55,16.444279160061654,0.05718813824976203,0.29612046627603417
global_compatible,12,1,0,0,certified_reset,0,1,0.09600612548161347,0.09201225096322693,0.003993874518386541,0.07987749036773081,0.0,0.0,0,0,3.3589174875475867,-1.4931560532397306,1.554420008610117,-2.129139511603787,3.3589174875475867,-1.4931560532397306,-0.632059076810292,11.693626854946208,0.05718813824976203,0.29612046627603417
global_compatible,12,2,0,0,certified_reset,0,1,0.09201225096322693,0.0880183764448404,0.003993874518386541,0.07588361584934428,0.0,0.0,0,0,1.554420008610117,-2.129139511603787,0.20692380620514939,-0.5803893627069593,1.554420008610117,-2.129139511603787,1.55,3.29226637394451,0.05718813824976203,0.29612046627603417
global_compatible,12,3,0,0,certified_reset,0,1,0.0880183764448404,0.08402450192645386,0.003993874518386541,0.07188974133095774,0.0,0.0,0,0,0.20692380620514939,-0.5803893627069593,-0.04879305516861525,0.06314743918717577,0.20692380620514939,-0.5803893627069593,0.6489217429063743,0.11397827350665264,0.05718813824976203,0.29612046627603417
global_compatible,12,4,0,0,certified_reset,0,1,0.08402450192645386,0.08003062740806732,0.003993874518386541,0.0678958668125712,0.0,0.0,0,0,-0.04879305516861525,0.06314743918717577,-0.017393787499380108,0.016997981876847642,-0.04879305516861525,0.06314743918717577,-0.04443605530848814,0.003147894141633658,0.05718813824976203,0.29612046627603417
global_compatible,12,5,0,0,certified_reset,0,1,0.08003062740806732,0.07603675288968079,0.003993874518386541,0.06390199229418467,0.0,0.0,0,0,-0.017393787499380108,0.016997981876847642,-0.005101658997363765,0.011593145598460397,-0.017393787499380108,0.016997981876847642,-0.00772494836117523,0.00035604336407257765,0.05718813824976203,0.29612046627603417
global_compatible,12,6,0,0,certified_reset,0,1,0.07603675288968079,0.07204287837129425,0.003993874518386541,0.05990811777579813,0.0,0.0,0,0,-0.005101658997363765,0.011593145598460397,0.005501420021066968,-0.013623045240121024,-0.005101658997363765,0.011593145598460397,-0.011996599422031053,5.381706894377785e-05,0.05718813824976203,0.29612046627603417
global_compatible,12,7,0,0,certified_reset,0,1,0.07204287837129425,0.06804900385290771,0.003993874518386541,0.05591424325741159,0.0,0.0,0,0,0.005501420021066968,-0.013623045240121024,0.0013674480629953098,-0.007527689591397851,0.005501420021066968,-0.013623045240121024,0.014589974149449103,6.899303098082544e-05,0.05718813824976203,0.29612046627603417
global_compatible,12,8,0,0,certified_reset,0,1,0.06804900385290771,0.06405512933452118,0.003993874518386541,0.051920368739025044,0.0,0.0,0,0,0.0013674480629953098,-0.007527689591397851,-0.002924605721950337,-0.0040921231831608194,0.0013674480629953098,-0.007527689591397851,0.00972604930968175,1.4434714989547764e-05,0.05718813824976203,0.29612046627603417
global_compatible,12,9,0,0,certified_reset,0,1,0.06405512933452118,0.060061254816134634,0.003993874518386541,0.0479264942206385,0.0,0.0,0,0,-0.002924605721950337,-0.0040921231831608194,-0.0023662530408456385,0.003350311989515968,-0.002924605721950337,-0.0040921231831608194,0.008937010561710366,1.356425755967692e-05,0.05718813824976203,0.29612046627603417
global_compatible,12,10,0,0,certified_reset,0,1,0.060061254816134634,0.05606738029774809,0.003993874518386541,0.04393261970225196,0.0,0.0,0,0,-0.0023662530408456385,0.003350311989515968,0.0036529882265073418,0.014170911457921967,-0.0023662530408456385,0.003350311989515968,-0.0025781694335071737,7.785753670885e-06,0.05718813824976203,0.29612046627603417
global_compatible,12,11,0,0,certified_reset,0,1,0.05606738029774809,0.05207350577936155,0.003993874518386541,0.039938745183865414,0.0,0.0,0,0,0.0036529882265073418,0.014170911457921967,-0.0007802828598350324,-0.005879804127859618,0.0036529882265073418,0.014170911457921967,-0.024511796169634247,6.45116784482312e-05,0.05718813824976203,0.29612046627603417
global_compatible,12,12,0,0,certified_reset,0,1,0.05207350577936155,0.048079631260975,0.003993874518386541,0.03594487066547887,0.0,0.0,0,0,-0.0007802828598350324,-0.005879804127859618,0.0011351147037420273,0.003864861940561381,-0.0007802828598350324,-0.005879804127859618,0.00944013788467138,9.059723808151633e-06,0.05718813824976203,0.29612046627603417
global_compatible,12,13,0,0,certified_reset,0,1,0.048079631260975,0.04408575674258846,0.003993874518386541,0.03195099614709233,0.0,0.0,0,0,0.0011351147037420273,0.003864861940561381,0.0033386077922023883,0.0008976030083243645,0.0011351147037420273,0.003864861940561381,-0.006821788076175216,5.140593612085489e-06,0.05718813824976203,0.29612046627603417
global_compatible,12,14,0,0,certified_reset,0,1,0.04408575674258846,0.040091882224201916,0.003993874518386541,0.027957121628705783,0.0,0.0,0,0,0.0033386077922023883,0.0008976030083243645,-0.00837977835200764,-0.003381485307169827,0.0033386077922023883,0.0008976030083243645,-0.004641125838013625,1.1829827625160978e-05,0.05718813824976203,0.29612046627603417
global_compatible,12,15,0,0,certified_reset,0,1,0.040091882224201916,0.03609800770581537,0.003993874518386541,0.023963247110319243,0.0,0.0,0,0,-0.00837977835200764,-0.003381485307169827,-0.008859973437423625,0.008938991025627795,-0.00837977835200764,-0.003381485307169827,0.013324631584900756,7.671753011947821e-05,0.05718813824976203,0.29612046627603417
global_compatible,12,16,0,0,certified_reset,0,1,0.03609800770581537,0.03210413318742883,0.003993874518386541,0.019969372591932703,0.0,0.0,0,0,-0.008859973437423625,0.008938991025627795,-0.0031911105717356836,0.0018982973804062284,-0.008859973437423625,0.008938991025627795,-0.004344936583326476,9.33540920598062e-05,0.05718813824976203,0.29612046627603417
global_compatible,12,17,0,0,certified_reset,0,1,0.03210413318742883,0.02811025866904229,0.003993874518386541,0.015975498073546163,0.0,0.0,0,0,-0.0031911105717356836,0.0018982973804062284,-0.009807799124309952,0.012515599360331134,-0.0031911105717356836,0.0018982973804062284,0.0003787293094739486,1.0835408508291893e-05,0.05718813824976203,0.29612046627603417
global_compatible,12,18,0,0,certified_reset,0,1,0.02811025866904229,0.02411638415065575,0.003993874518386541,0.011981623555159623,0.0,0.0,0,0,-0.009807799124309952,0.012515599360331134,-0.003448877595857911,-0.0020709171017967666,-0.009807799124309952,0.012515599360331134,-0.008670183409591069,0.00012626746659441155,0.05718813824976203,0.29612046627603417
global_compatible,12,19,0,0,certified_reset,0,1,0.02411638415065575,0.02012250963226921,0.003993874518386541,0.007987749036773082,0.0,0.0,0,0,-0.003448877595857911,-0.0020709171017967666,0.0008776217634128307,0.005533331531789697,-0.003448877595857911,-0.0020709171017967666,0.00648058028913515,1.3716670268961399e-05,0.05718813824976203,0.29612046627603417
global_compatible,12,20,0,0,certified_reset,0,1,0.02012250963226921,0.01612863511388267,0.003993874518386541,0.003993874518386541,0.0,0.0,0,0,0.0008776217634128307,0.005533331531789697,0.01072647030505288,0.0056032183208439236,0.0008776217634128307,0.005533331531789697,-0.009023469424308296,8.316991382227174e-06,0.05718813824976203,0.29612046627603417
global_compatible,12,21,0,0,certified_reset,0,1,0.01612863511388267,0.01213476059549613,0.003993874518386541,0.0,0.0,0.0,0,0,0.01072647030505288,0.0056032183208439236,0.003347297364916856,-0.020111873137705308,0.01072647030505288,0.0056032183208439236,-0.01893329226922127,0.00012967019410816246,0.05718813824976203,0.29612046627603417
global_compatible,13,0,0,0,certified_reset,0,1,0.1,0.09600612548161347,0.003993874518386541,0.08387136488611735,0.0,0.0,0,0,-5.666022007667973,-0.3653566294161272,-5.25235653979056,1.2042286888674458,-5.666022007667973,-0.3653566294161272,1.55,32.1878952753763,0.05718813824976203,0.29612046627603417
global_compatible,13,1,0,0,certified_reset,0,1,0.09600612548161347,0.09201225096322693,0.003993874518386541,0.07987749036773081,0.0,0.0,0,0,-5.25235653979056,1.2042286888674458,-3.272169790721504,2.7555560001025117,-5.25235653979056,1.2042286888674458,1.5499999999999996,27.908341733397116,0.05718813824976203,0.29612046627603417
global_compatible,13,2,0,0,certified_reset,0,1,0.09201225096322693,0.0880183764448404,0.003993874518386541,0.07588361584934428,0.0,0.0,0,0,-3.272169790721504,2.7555560001025117,-1.0496243430414878,1.6985020816823504,-3.272169790721504,2.7555560001025117,-1.0587510005452008,12.10187497788547,0.05718813824976203,0.29612046627603417
global_compatible,13,3,1,1,certified_reset,0,1,0.0880183764448404,0.08402450192645386,0.003993874518386541,0.07188974133095774,0.0,0.0,0,0,-1.0496243430414878,1.6985020816823504,-0.07747269027250359,0.29432365618486267,-1.0496243430414878,1.6985020816823504,-1.4568743536891051,1.674057011432471,0.05718813824976203,0.29612046627603417
global_compatible,13,4,1,1,certified_reset,0,1,0.08402450192645386,0.08003062740806732,0.003993874518386541,0.0678958668125712,0.0,0.0,0,0,-0.07747269027250359,0.29432365618486267,0.028426441649994656,-0.07632384903496062,-0.07747269027250359,0.29432365618486267,-0.3564210445291304,0.024770671388844725,0.05718813824976203,0.29612046627603417
global_compatible,13,5,1,1,certified_reset,0,1,0.08003062740806732,0.07603675288968079,0.003993874518386541,0.06390199229418467,0.0,0.0,0,0,0.028426441649994656,-0.07632384903496062,-0.012369506182080494,0.03627278464402808,0.028426441649994656,-0.07632384903496062,0.08412689514812101,0.0020335553347341872,0.05718813824976203,0.29612046627603417
global_compatible,13,6,1,1,certified_reset,0,1,0.07603675288968079,0.07204287837129425,0.003993874518386541,0.05990811777579813,0.0,0.0,0,0,-0.012369506182080494,0.03627278464402808,0.0037536100758934136,-0.006346536237491467,-0.012369506182080494,0.03627278464402808,-0.04111958974298781,0.00043210388275408536,0.05718813824976203,0.29612046627603417
global_compatible,13,7,1,1,certified_reset,0,1,0.07204287837129425,0.06804900385290771,0.003993874518386541,0.05591424325741159,0.0,0.0,0,0,0.0037536100758934136,-0.006346536237491467,0.017186704515866617,0.01324119719516256,0.0037536100758934136,-0.006346536237491467,0.005606734550310544,2.2125609408272332e-05,0.05718813824976203,0.29612046627603417
global_compatible,13,8,0,0,certified_reset,0,1,0.06804900385290771,0.06405512933452118,0.003993874518386541,0.051920368739025044,0.0,0.0,0,0,0.017186704515866617,0.01324119719516256,0.012940093579018205,-0.013158037217560349,0.017186704515866617,0.01324119719516256,-0.03662078139687024,0.0003604691274376565,0.05718813824976203,0.29612046627603417
global_compatible,13,9,0,0,certified_reset,0,1,0.06405512933452118,0.060061254816134634,0.003993874518386541,0.0479264942206385,0.0,0.0,0,0,0.012940093579018205,-0.013158037217560349,0.003124338319345676,-0.003948868769894148,0.012940093579018205,-0.013158037217560349,0.006499701058953953,0.00019966628449550895,0.05718813824976203,0.29612046627603417
global_compatible,13,10,0,0,certified_reset,0,1,0.060061254816134634,0.05606738029774809,0.003993874518386541,0.04393261970225196,0.0,0.0,0,0,0.003124338319345676,-0.003948868769894148,-0.004195764216135882,0.009502711100281648,0.003124338319345676,-0.003948868769894148,0.002704735187420331,1.2751221365715665e-05,0.05718813824976203,0.29612046627603417
global_compatible,13,11,0,0,certified_reset,0,1,0.05606738029774809,0.05207350577936155,0.003993874518386541,0.039938745183865414,0.0,0.0,0,0,-0.004195764216135882,0.009502711100281648,-0.004395964588458271,0.010927480963347374,-0.004195764216135882,0.009502711100281648,-0.009818044672445535,3.626856067313465e-05,0.05718813824976203,0.29612046627603417
global_compatible,13,12,0,0,certified_reset,0,1,0.05207350577936155,0.048079631260975,0.003993874518386541,0.03594487066547887,0.0,0.0,0,0,-0.004395964588458271,0.010927480963347374,-0.0008295040414425918,0.012907122582521338,-0.004395964588458271,0.010927480963347374,-0.01171986736035433,4.425215817336403e-05,0.05718813824976203,0.29612046627603417
global_compatible,13,13,0,0,certified_reset,0,1,0.048079631260975,0.04408575674258846,0.003993874518386541,0.03195099614709233,0.0,0.0,0,0,-0.0008295040414425918,0.012907122582521338,-0.004436459169023697,-0.004126505516661825,-0.0008295040414425918,0.012907122582521338,-0.018185171610941384,3.894247502259612e-05,0.05718813824976203,0.29612046627603417
global_compatible,13,14,0,0,certified_reset,0,1,0.04408575674258846,0.040091882224201916,0.003993874518386541,0.027957121628705783,0.0,0.0,0,0,-0.004436459169023697,-0.004126505516661825,-0.0017783272607084777,-0.004554535233241095,-0.004436459169023697,-0.004126505516661825,0.010497525939746037,2.550216983003274e-05,0.05718813824976203,0.29612046627603417
global_compatible,13,15,0,0,certified_reset,0,1,0.040091882224201916,0.03609800770581537,0.003993874518386541,0.023963247110319243,0.0,0.0,0,0,-0.0017783272607084777,-0.004554535233241095,-0.0022915915419661217,0.008457922803990594,-0.0017783272607084777,-0.004554535233241095,0.008481833102284045,8.694867579904165e-06,0.05718813824976203,0.29612046627603417
global_compatible,13,16,0,0,certified_reset,0,1,0.03609800770581537,0.03210413318742883,0.003993874518386541,0.019969372591932703,0.0,0.0,0,0,-0.0022915915419661217,0.008457922803990594,-0.006869301088423545,-0.0003557331942706276,-0.0022915915419661217,0.008457922803990594,-0.010176740365525945,2.0717105375381335e-05,0.05718813824976203,0.29612046627603417
global_compatible,13,17,0,0,certified_reset,0,1,0.03210413318742883,0.02811025866904229,0.003993874518386541,0.015975498073546163,0.0,0.0,0,0,-0.006869301088423545,-0.0003557331942706276,-0.004862256712321281,0.005793624478410126,-0.006869301088423545,-0.0003557331942706276,0.007361568231628387,4.8564892913130985e-05,0.05718813824976203,0.29612046627603417
global_compatible,13,18,0,0,certified_reset,0,1,0.02811025866904229,0.02411638415065575,0.003993874518386541,0.011981623555159623,0.0,0.0,0,0,-0.004862256712321281,0.005793624478410126,0.0022201427634243247,-0.004177595268169592,-0.004862256712321281,0.005793624478410126,-0.003691762151490901,3.0024163258522806e-05,0.05718813824976203,0.29612046627603417
global_compatible,13,19,0,0,certified_reset,0,1,0.02411638415065575,0.02012250963226921,0.003993874518386541,0.007987749036773082,0.0,0.0,0,0,0.0022201427634243247,-0.004177595268169592,0.0008754652071762068,0.007209057613731437,0.0022201427634243247,-0.004177595268169592,0.003948062476843393,8.4601282234458e-06,0.05718813824976203,0.29612046627603417
global_compatible,13,20,0,0,certified_reset,0,1,0.02012250963226921,0.01612863511388267,0.003993874518386541,0.003993874518386541,0.0,0.0,0,0,0.0008754652071762068,0.007209057613731437,0.0008534438158293823,-0.014849978633342295,0.0008754652071762068,0.007209057613731437,-0.011488307112705912,1.3420661438930164e-05,0.05718813824976203,0.29612046627603417
global_compatible,13,21,0,0,certified_reset,0,1,0.01612863511388267,0.01213476059549613,0.003993874518386541,0.0,0.0,0.0,0,0,0.0008534438158293823,-0.014849978633342295,-0.0017221291859890822,0.023464949260532945,0.0008534438158293823,-0.014849978633342295,0.02102616409717053,5.1474791536736074e-05,0.05718813824976203,0.29612046627603417
global_compatible,14,0,0,0,certified_reset,0,1,0.1,0.09600612548161347,0.003993874518386541,0.08387136488611735,0.0,0.0,0,0,4.882909516709493,-0.4350380743770135,3.6729812442665426,-1.9631006755627787,4.882909516709493,-0.4350380743770135,-1.5499999999998046,23.936934311080496,0.05718813824976203,0.29612046627603417
global_compatible,14,1,0,0,certified_reset,0,1,0.09600612548161347,0.09201225096322693,0.003993874518386541,0.07987749036773081,0.0,0.0,0,0,3.6729812442665426,-1.9631006755627787,1.6056186055977504,-2.1811293506501856,3.6729812442665426,-1.9631006755627787,-0.20713777239419687,14.185541439383718,0.05718813824976203,0.29612046627603417
global_compatible,14,2,0,0,certified_reset,0,1,0.09201225096322693,0.0880183764448404,0.003993874518386541,0.07588361584934428,0.0,0.0,0,0,1.6056186055977504,-2.1811293506501856,0.1980581185364569,-0.6291137654760749,1.6056186055977504,-2.1811293506501856,1.55,3.4943921506098503,0.05718813824976203,0.29612046627603417
global_compatible,14,3,0,0,certified_reset,0,1,0.0880183764448404,0.08402450192645386,0.003993874518386541,0.07188974133095774,0.0,0.0,0,0,0.1980581185364569,-0.6291137654760749,-0.06201374023818319,0.09923666095203072,0.1980581185364569,-0.6291137654760749,0.7295267740665671,0.12377339455426796,0.05718813824976203,0.29612046627603417
global_compatible,14,4,0,0,certified_reset,0,1,0.08402450192645386,0.08003062740806732,0.003993874518386541,0.0678958668125712,0.0,0.0,0,0,-0.06201374023818319,0.09923666095203072,0.0018718677229587954,0.022939340128450225,-0.06201374023818319,0.09923666095203072,-0.08443333480193538,0.0057965533568167475,0.05718813824976203,0.29612046627603417
global_compatible,14,5,0,0,certified_reset,0,1,0.08003062740806732,0.07603675288968079,0.003993874518386541,0.06390199229418467,0.0,0.0,0,0,0.0018718677229587954,0.022939340128450225,0.015590338346354392,-0.00627502893393441,0.0018718677229587954,0.022939340128450225,-0.03565543531961777,0.0001300050390632119,0.05718813824976203,0.29612046627603417
global_compatible,14,6,0,0,certified_reset,0,1,0.07603675288968079,0.07204287837129425,0.003993874518386541,0.05990811777579813,0.0,0.0,0,0,0.015590338346354392,-0.00627502893393441,0.013231905139275888,-0.0024970148448884948,0.015590338346354392,-0.00627502893393441,-0.006281391429993636,0.0002511327245731366,0.05718813824976203,0.29612046627603417
global_compatible,14,7,0,0,certified_reset,0,1,0.07204287837129425,0.06804900385290771,0.003993874518386541,0.05591424325741159,0.0,0.0,0,0,0.013231905139275888,-0.0024970148448884948,0.008500909461633073,-0.014963671420269359,0.013231905139275888,-0.0024970148448884948,-0.009497490927170537,0.00017846068692699467,0.05718813824976203,0.29612046627603417
global_compatible,14,8,0,0,certified_reset,0,1,0.06804900385290771,0.06405512933452118,0.003993874518386541,0.051920368739025044,0.0,0.0,0,0,0.008500909461633073,-0.014963671420269359,-0.003464467914311344,0.008776780503771633,0.008500909461633073,-0.014963671420269359,0.013579004727996852,0.00011717925913723821,0.05718813824976203,0.29612046627603417
global_compatible,14,9,0,0,certified_reset,0,1,0.06405512933452118,0.060061254816134634,0.003993874518386541,0.0479264942206385,0.0,0.0,0,0,-0.003464467914311344,0.008776780503771633,-0.0029624963160760154,0.003935975022431754,-0.003464467914311344,0.008776780503771633,-0.00947601382265248,2.8113146560519766e-05,0.05718813824976203,0.29612046627603417
global_compatible,14,10,0,0,certified_reset,0,1,0.060061254816134634,0.05606738029774809,0.003993874518386541,0.04393261970225196,0.0,0.0,0,0,-0.0029624963160760154,0.003935975022431754,-0.0020695848127356745,-0.009443721410790055,-0.0029624963160760154,0.003935975022431754,-0.002850981712971143,1.1768128728853553e-05,0.05718813824976203,0.29612046627603417
global_compatible,14,11,0,0,certified_reset,0,1,0.05606738029774809,0.05207350577936155,0.003993874518386541,0.039938745183865414,0.0,0.0,0,0,-0.0020695848127356745,-0.009443721410790055,-0.005680086013312675,0.0010250319576817334,-0.0020695848127356745,-0.009443721410790055,0.015971836746854255,2.6713767859040864e-05,0.05718813824976203,0.29612046627603417
global_compatible,14,12,0,0,certified_reset,0,1,0.05207350577936155,0.048079631260975,0.003993874518386541,0.03594487066547887,0.0,0.0,0,0,-0.005680086013312675,0.0010250319576817334,-0.007353320989993993,0.005741544152035444,-0.005680086013312675,0.0010250319576817334,0.004146429243159666,3.288232329791191e-05,0.05718813824976203,0.29612046627603417
global_compatible,14,13,0,0,certified_reset,0,1,0.048079631260975,0.04408575674258846,0.003993874518386541,0.03195099614709233,0.0,0.0,0,0,-0.007353320989993993,0.005741544152035444,-0.0012755616812051341,-0.0001995781371857911,-0.007353320989993993,0.005741544152035444,-0.0011326725885093297,6.0037162526664274e-05,0.05718813824976203,0.29612046627603417
global_compatible,14,14,0,0,certified_reset,0,1,0.04408575674258846,0.040091882224201916,0.003993874518386541,0.027957121628705783,0.0,0.0,0,0,-0.0012755616812051341,-0.0001995781371857911,-0.002917624267953502,-0.003675633018048754,-0.0012755616812051341,-0.0001995781371857911,0.001566642992906988,1.6955865171511412e-06,0.05718813824976203,0.29612046627603417
global_compatible,14,15,0,0,certified_reset,0,1,0.040091882224201916,0.03609800770581537,0.003993874518386541,0.023963247110319243,0.0,0.0,0,0,-0.002917624267953502,-0.003675633018048754,-0.0049883721355730975,-0.0025625086063707243,-0.002917624267953502,-0.003675633018048754,0.008317033930212629,1.2673707758865546e-05,0.05718813824976203,0.29612046627603417
global_compatible,14,16,0,0,certified_reset,0,1,0.03609800770581537,0.03210413318742883,0.003993874518386541,0.019969372591932703,0.0,0.0,0,0,-0.0049883721355730975,-0.0025625086063707243,-0.002841543976234447,-0.0016639244004826286,-0.0049883721355730975,-0.0025625086063707243,0.008740498048913277,2.797572528092885e-05,0.05718813824976203,0.29612046627603417
global_compatible,14,17,0,0,certified_reset,0,1,0.03210413318742883,0.02811025866904229,0.003993874518386541,0.015975498073546163,0.0,0.0,0,0,-0.002841543976234447,-0.0016639244004826286,0.0001768197260504571,-0.008450643410260424,-0.002841543976234447,-0.0016639244004826286,0.005282749727187422,9.270414279770609e-06,0.05718813824976203,0.29612046627603417
global_compatible,14,18,0,0,certified_reset,0,1,0.02811025866904229,0.02411638415065575,0.003993874518386541,0.011981623555159623,0.0,0.0,0,0,0.0001768197260504571,-0.008450643410260424,0.0012895120802581131,0.010519307540926968,0.0001768197260504571,-0.008450643410260424,0.012268767130320553,1.6648738716499433e-05,0.05718813824976203,0.29612046627603417
global_compatible,14,19,0,0,certified_reset,0,1,0.02411638415065575,0.02012250963226921,0.003993874518386541,0.007987749036773082,0.0,0.0,0,0,0.0012895120802581131,0.010519307540926968,0.002221548456253151,-0.006769241074093756,0.0012895120802581131,0.010519307540926968,-0.01678231878380239,2.8622046604469305e-05,0.05718813824976203,0.29612046627603417
global_compatible,14,20,0,0,certified_reset,0,1,0.02012250963226921,0.01612863511388267,0.003993874518386541,0.003993874518386541,0.0,0.0,0,0,0.002221548456253151,-0.006769241074093756,9.537448808015199e-05,-0.011165479368781706,0.002221548456253151,-0.006769241074093756,0.00775769450705504,1.4687895594556194e-05,0.05718813824976203,0.29612046627603417
global_compatible,14,21,0,0,certified_reset,0,1,0.01612863511388267,0.01213476059549613,0.003993874518386541,0.0,0.0,0.0,0,0,9.537448808015199e-05,-0.011165479368781706,0.0005983942222172536,0.0012643014642127722,9.537448808015199e-05,-0.011165479368781706,0.016347856112436977,2.913063359604431e-05,0.05718813824976203,0.29612046627603417
global_compatible,15,0,0,0,certified_reset,0,1,0.1,0.09600612548161347,0.003993874518386541,0.08387136488611735,0.0,0.0,0,0,-5.587147697763061,0.531771072916935,-4.284536772164481,2.1003236058920174,-5.587147697763061,0.531771072916935,1.549999999999782,31.327182381937483,0.05718813824976203,0.29612046627603417
global_compatible,15,1,0,0,certified_reset,0,1,0.09600612548161347,0.09201225096322693,0.003993874518386541,0.07987749036773081,0.0,0.0,0,0,-4.284536772164481,2.1003236058920174,-2.039705211159242,2.4057897041145324,-4.284536772164481,2.1003236058920174,0.30471837274330643,19.153621349100916,0.05718813824976203,0.29612046627603417
global_compatible,15,2,0,0,certified_reset,0,1,0.09201225096322693,0.0880183764448404,0.003993874518386541,0.07588361584934428,0.0,0.0,0,0,-2.039705211159242,2.4057897041145324,-0.38662528431499155,0.8785346528802728,-2.039705211159242,2.4057897041145324,-1.512895051900097,5.259426972457992,0.05718813824976203,0.29612046627603417
global_compatible,15,3,1,1,certified_reset,0,1,0.0880183764448404,0.08402450192645386,0.003993874518386541,0.07188974133095774,0.0,0.0,0,0,-0.38662528431499155,0.8785346528802728,0.046227131946272274,-0.054594464619485555,-0.38662528431499155,0.8785346528802728,-0.9091802375949928,0.3090724926185433,0.05718813824976203,0.29612046627603417
global_compatible,15,4,0,0,certified_reset,0,1,0.08402450192645386,0.08003062740806732,0.003993874518386541,0.0678958668125712,0.0,0.0,0,0,0.046227131946272274,-0.054594464619485555,0.01211655469710069,-0.01354940705934925,0.046227131946272274,-0.054594464619485555,0.03439427551655048,0.0027030218847616627,0.05718813824976203,0.29612046627603417
global_compatible,15,5,0,0,certified_reset,0,1,0.08003062740806732,0.07603675288968079,0.003993874518386541,0.06390199229418467,0.0,0.0,0,0,0.01211655469710069,-0.01354940705934925,-0.0032641127365114937,-0.012169028166670709,0.01211655469710069,-0.01354940705934925,0.007898728829939111,0.00018141620335484536,0.05718813824976203,0.29612046627603417
global_compatible,15,6,0,0,certified_reset,0,1,0.07603675288968079,0.07204287837129425,0.003993874518386541,0.05990811777579813,0.0,0.0,0,0,-0.0032641127365114937,-0.012169028166670709,0.005782512200701738,0.013751460923693073,-0.0032641127365114937,-0.012169028166670709,0.021176496606694673,4.8520876543810845e-05,0.05718813824976203,0.29612046627603417
global_compatible,15,7,0,0,certified_reset,0,1,0.07204287837129425,0.06804900385290771,0.003993874518386541,0.05591424325741159,0.0,0.0,0,0,0.005782512200701738,0.013751460923693073,0.006727238336139718,-0.00773240463002084,0.005782512200701738,0.013751460923693073,-0.026018826317930403,8.440041238178451e-05,0.05718813824976203,0.29612046627603417
global_compatible,15,8,1,1,certified_reset,0,1,0.06804900385290771,0.06405512933452118,0.003993874518386541,0.051920368739025044,0.0,0.0,0,0,0.006727238336139718,-0.00773240463002084,0.001258667946046939,-0.011884523879947644,0.006727238336139718,-0.00773240463002084,0.004691152482647684,5.6568123066840353e-05,0.05718813824976203,0.29612046627603417
global_compatible,15,9,1,1,certified_reset,0,1,0.06405512933452118,0.060061254816134634,0.003993874518386541,0.0479264942206385,0.0,0.0,0,0,0.001258667946046939,-0.011884523879947644,0.01548742323822522,0.02485133040860692,0.001258667946046939,-0.011884523879947644,0.016252092924694976,3.361105152277727e-05,0.05718813824976203,0.29612046627603417
global_compatible,15,10,0,0,certified_reset,0,1,0.060061254816134634,0.05606738029774809,0.003993874518386541,0.04393261970225196,0.0,0.0,0,0,0.01548742323822522,0.02485133040860692,0.016962654559065714,-0.04170650483504275,0.01548742323822522,0.02485133040860692,-0.052033331687265226,0.00041871292087583773,0.05718813824976203,0.29612046627603417
global_compatible,15,11,0,0,certified_reset,0,1,0.05606738029774809,0.05207350577936155,0.003993874518386541,0.039938745183865414,0.0,0.0,0,0,0.016962654559065714,-0.04170650483504275,-0.006601867394396905,-0.023455426851733296,0.016962654559065714,-0.04170650483504275,0.044548107817067216,0.000650442855642199,0.05718813824976203,0.29612046627603417
global_compatible,15,12,0,0,certified_reset,0,1,0.05207350577936155,0.048079631260975,0.003993874518386541,0.03594487066547887,0.0,0.0,0,0,-0.006601867394396905,-0.023455426851733296,-0.00022491601049988257,0.020112417889536462,-0.006601867394396905,-0.023455426851733296,0.041126055616134256,0.0001848967331401972,0.05718813824976203,0.29612046627603417
global_compatible,15,13,0,0,certified_reset,0,1,0.048079631260975,0.04408575674258846,0.003993874518386541,0.03195099614709233,0.0,0.0,0,0,-0.00022491601049988257,0.020112417889536462,0.003466033687913283,-0.007511464002700144,-0.00022491601049988257,0.020112417889536462,-0.02940424677397793,9.44775140258063e-05,0.05718813824976203,0.29612046627603417
global_compatible,15,14,0,0,certified_reset,0,1,0.04408575674258846,0.040091882224201916,0.003993874518386541,0.027957121628705783,0.0,0.0,0,0,0.003466033687913283,-0.007511464002700144,-0.0037859560850125418,-0.0036503282311353175,0.003466033687913283,-0.007511464002700144,0.0076133499868728405,2.361844343980998e-05,0.05718813824976203,0.29612046627603417
global_compatible,15,15,0,0,certified_reset,0,1,0.040091882224201916,0.03609800770581537,0.003993874518386541,0.023963247110319243,0.0,0.0,0,0,-0.0037859560850125418,-0.0036503282311353175,0.0007893972636115005,0.005643883892461051,-0.0037859560850125418,-0.0036503282311353175,0.009145095281469276,1.8822763985426514e-05,0.05718813824976203,0.29612046627603417
global_compatible,15,16,0,0,certified_reset,0,1,0.03609800770581537,0.03210413318742883,0.003993874518386541,0.019969372591932703,0.0,0.0,0,0,0.0007893972636115005,0.005643883892461051,-0.0006517263193978628,-0.00781550780293382,0.0007893972636115005,0.005643883892461051,-0.009100573671224623,8.42727563891663e-06,0.05718813824976203,0.29612046627603417
global_compatible,15,17,0,0,certified_reset,0,1,0.03210413318742883,0.02811025866904229,0.003993874518386541,0.015975498073546163,0.0,0.0,0,0,-0.0006517263193978628,-0.00781550780293382,-0.0028137473704339306,0.006804929553384175,-0.0006517263193978628,-0.00781550780293382,0.01216058480252201,1.511653196306861e-05,0.05718813824976203,0.29612046627603417
global_compatible,15,18,0,0,certified_reset,0,1,0.02811025866904229,0.02411638415065575,0.003993874518386541,0.011981623555159623,0.0,0.0,0,0,-0.0028137473704339306,0.006804929553384175,0.001783486169472327,0.008240287605997144,-0.0028137473704339306,0.006804929553384175,-0.007222759740800952,1.7556652642231076e-05,0.05718813824976203,0.29612046627603417
global_compatible,15,19,0,0,certified_reset,0,1,0.02411638415065575,0.02012250963226921,0.003993874518386541,0.007987749036773082,0.0,0.0,0,0,0.001783486169472327,0.008240287605997144,-0.007555767193451461,-0.011399981808432626,0.001783486169472327,0.008240287605997144,-0.013913469766673119,2.0242860109721273e-05,0.05718813824976203,0.29612046627603417
global_compatible,15,20,0,0,certified_reset,0,1,0.02012250963226921,0.01612863511388267,0.003993874518386541,0.003993874518386541,0.0,0.0,0,0,-0.007555767193451461,-0.011399981808432626,-0.0036815523087555396,0.023240805164785352,-0.007555767193451461,-0.011399981808432626,0.02431879150819796,9.526743373398446e-05,0.05718813824976203,0.29612046627603417
global_compatible,15,21,0,0,certified_reset,0,1,0.01612863511388267,0.01213476059549613,0.003993874518386541,0.0,0.0,0.0,0,0,-0.0036815523087555396,0.023240805164785352,0.0048952687815364895,-0.006675841098293514,-0.0036815523087555396,0.023240805164785352,-0.030572671053045647,0.00013414533723239903,0.05718813824976203,0.29612046627603417
global_compatible,16,0,0,0,certified_reset,0,1,0.1,0.09600612548161347,0.003993874518386541,0.08387136488611735,0.0,0.0,0,0,3.956267585933208,0.5586522251892599,3.741708213131497,-0.9901027308394921,3.956267585933208,0.5586522251892599,-1.55,15.76829232707338,0.05718813824976203,0.29612046627603417
global_compatible,16,1,0,0,certified_reset,0,1,0.09600612548161347,0.09201225096322693,0.003993874518386541,0.07987749036773081,0.0,0.0,0,0,3.741708213131497,-0.9901027308394921,2.0344185533466037,-2.402505903188169,3.741708213131497,-0.9901027308394921,-1.418234334542758,14.227119683078445,0.05718813824976203,0.29612046627603417
global_compatible,16,2,0,0,certified_reset,0,1,0.09201225096322693,0.0880183764448404,0.003993874518386541,0.07588361584934428,0.0,0.0,0,0,2.0344185533466037,-2.402505903188169,0.3937533648313287,-0.8834710402059297,2.0344185533466037,-2.402505903188169,1.5133191444157044,5.235078451695984,0.05718813824976203,0.29612046627603417
global_compatible,16,3,0,0,certified_reset,0,1,0.0880183764448404,0.08402450192645386,0.003993874518386541,0.07188974133095774,0.0,0.0,0,0,0.3937533648313287,-0.8834710402059297,-0.04041120563697504,0.022114361722766398,0.3937533648313287,-0.8834710402059297,0.9093500667253454,0.31620844511118673,0.05718813824976203,0.29612046627603417
global_compatible,16,4,0,0,certified_reset,0,1,0.08402450192645386,0.08003062740806732,0.003993874518386541,0.0678958668125712,0.0,0.0,0,0,-0.04041120563697504,0.022114361722766398,-0.012445386330234124,0.02516502692741098,-0.04041120563697504,0.022114361722766398,0.007664119918599875,0.0017225621083800141,0.05718813824976203,0.29612046627603417
global_compatible,16,5,0,0,certified_reset,0,1,0.08003062740806732,0.07603675288968079,0.003993874518386541,0.06390199229418467,0.0,0.0,0,0,-0.012445386330234124,0.02516502692741098,0.00811659546947667,0.003205740399461608,-0.012445386330234124,0.02516502692741098,-0.024678980951279163,0.00028410408787493593,0.05718813824976203,0.29612046627603417
global_compatible,16,6,0,0,certified_reset,0,1,0.07603675288968079,0.07204287837129425,0.003993874518386541,0.05990811777579813,0.0,0.0,0,0,0.00811659546947667,0.003205740399461608,-4.1869438867056345e-05,-0.011842628146835416,0.00811659546947667,0.003205740399461608,-0.012800803803904465,7.182545533735384e-05,0.05718813824976203,0.29612046627603417
global_compatible,16,7,1,1,certified_reset,0,1,0.07204287837129425,0.06804900385290771,0.003993874518386541,0.05591424325741159,0.0,0.0,0,0,-4.1869438867056345e-05,-0.011842628146835416,0.00735694615616078,0.010574248192159767,-4.1869438867056345e-05,-0.011842628146835416,0.01748548533280304,3.288991943936212e-05,0.05718813824976203,0.29612046627603417
global_compatible,16,8,0,0,certified_reset,0,1,0.06804900385290771,0.06405512933452118,0.003993874518386541,0.051920368739025044,0.0,0.0,0,0,0.00735694615616078,0.010574248192159767,0.0020529212864438947,-0.017345243213282964,0.00735694615616078,0.010574248192159767,-0.022898072136633828,8.735934990330197e-05,0.05718813824976203,0.29612046627603417
global_compatible,16,9,0,0,certified_reset,0,1,0.06405512933452118,0.060061254816134634,0.003993874518386541,0.0479264942206385,0.0,0.0,0,0,0.0020529212864438947,-0.017345243213282964,-0.0026666393023983804,0.007809129491929282,0.0020529212864438947,-0.017345243213282964,0.023509616383849675,7.218638055425775e-05,0.05718813824976203,0.29612046627603417
global_compatible,16,10,0,0,certified_reset,0,1,0.060061254816134634,0.05606738029774809,0.003993874518386541,0.04393261970225196,0.0,0.0,0,0,-0.0026666393023983804,0.007809129491929282,-0.000872081223108052,-0.0027250939445090695,-0.0026666393023983804,0.007809129491929282,-0.008848059436508722,2.004501967980504e-05,0.05718813824976203,0.29612046627603417
global_compatible,16,11,0,0,certified_reset,0,1,0.05606738029774809,0.05207350577936155,0.003993874518386541,0.039938745183865414,0.0,0.0,0,0,-0.000872081223108052,-0.0027250939445090695,-0.0009251847948309694,0.0030623660527211586,-0.000872081223108052,-0.0027250939445090695,0.0048818163137314555,2.6930335838750005e-06,0.05718813824976203,0.29612046627603417
global_compatible,16,12,0,0,certified_reset,0,1,0.05207350577936155,0.048079631260975,0.003993874518386541,0.03594487066547887,0.0,0.0,0,0,-0.0009251847948309694,0.0030623660527211586,0.0031996045554715307,-0.014925613377121807,-0.0009251847948309694,0.0030623660527211586,-0.003588757324827667,2.8660018343536433e-06,0.05718813824976203,0.29612046627603417
global_compatible,16,13,0,0,certified_reset,0,1,0.048079631260975,0.04408575674258846,0.003993874518386541,0.03195099614709233,0.0,0.0,0,0,0.0031996045554715307,-0.014925613377121807,-0.0004753389045944543,0.015006322673078089,0.0031996045554715307,-0.014925613377121807,0.018801031100626513,5.9173746815559444e-05,0.05718813824976203,0.29612046627603417
global_compatible,16,14,0,0,certified_reset,0,1,0.04408575674258846,0.040091882224201916,0.003993874518386541,0.027957121628705783,0.0,0.0,0,0,-0.0004753389045944543,0.015006322673078089,0.002171422474106441,-0.001565293922928976,-0.0004753389045944543,0.015006322673078089,-0.021633166118988238,5.2459943612851316e-05,0.05718813824976203,0.29612046627603417
global_compatible,16,15,0,0,certified_reset,0,1,0.040091882224201916,0.03609800770581537,0.003993874518386541,0.023963247110319243,0.0,0.0,0,0,0.002171422474106441,-0.001565293922928976,0.006588499439337435,0.006726186349845266,0.002171422474106441,-0.001565293922928976,0.00014330240821571914,5.156615062288056e-06,0.05718813824976203,0.29612046627603417
global_compatible,16,16,0,0,certified_reset,0,1,0.03609800770581537,0.03210413318742883,0.003993874518386541,0.019969372591932703,0.0,0.0,0,0,0.006588499439337435,0.006726186349845266,-0.002030057841065854,-0.0053041949856316856,0.006588499439337435,0.006726186349845266,-0.01646645614214543,5.833041421549173e-05,0.05718813824976203,0.29612046627603417
global_compatible,16,17,0,0,certified_reset,0,1,0.03210413318742883,0.02811025866904229,0.003993874518386541,0.015975498073546163,0.0,0.0,0,0,-0.002030057841065854,-0.0053041949856316856,-0.001473491075105378,0.006336451724721316,-0.002030057841065854,-0.0053041949856316856,0.009837743791539913,1.1604872110980565e-05,0.05718813824976203,0.29612046627603417
global_compatible,16,18,1,1,certified_reset,0,1,0.02811025866904229,0.02411638415065575,0.003993874518386541,0.011981623555159623,0.0,0.0,0,0,-0.001473491075105378,0.006336451724721316,-0.019722442544263363,-0.032541674629351584,-0.001473491075105378,0.006336451724721316,-0.00786695285836435,1.0945511313058651e-05,0.05718813824976203,0.29612046627603417
global_compatible,16,19,1,1,certified_reset,0,1,0.02411638415065575,0.02012250963226921,0.003993874518386541,0.007987749036773082,0.0,0.0,0,0,-0.019722442544263363,-0.032541674629351584,-0.014877946577072693,0.06752830166687651,-0.019722442544263363,-0.032541674629351584,0.06757880636549406,0.0006937600224392583,0.05718813824976203,0.29612046627603417
global_compatible,16,20,1,1,certified_reset,0,1,0.02012250963226921,0.01612863511388267,0.003993874518386541,0.003993874518386541,0.0,0.0,0,0,-0.014877946577072693,0.06752830166687651,0.019351341361095516,0.01183976123722608,-0.014877946577072693,0.06752830166687651,-0.08466107231770093,0.0012213535981820858,0.05718813824976203,0.29612046627603417
global_compatible,16,21,1,1,certified_reset,0,1,0.01612863511388267,0.01213476059549613,0.003993874518386541,0.0,0.0,0.0,0,0,0.019351341361095516,0.01183976123722608,0.024077057885017173,0.013067755736526718,0.019351341361095516,0.01183976123722608,-0.03671512629437986,0.00043340681525176644,0.05718813824976203,0.29612046627603417
global_compatible,17,0,0,0,certified_reset,0,1,0.1,0.09600612548161347,0.003993874518386541,0.08387136488611735,0.0,0.0,0,0,4.550198009981461,0.39707920035170685,4.168449068570558,-1.1495324102456619,4.550198009981461,0.39707920035170685,-1.55,20.7927453704826,0.05718813824976203,0.29612046627603417
global_compatible,17,1,0,0,certified_reset,0,1,0.09600612548161347,0.09201225096322693,0.003993874518386541,0.07987749036773081,0.0,0.0,0,0,4.168449068570558,-1.1495324102456619,2.31207097450368,-2.5608903291148297,4.168449068570558,-1.1495324102456619,-1.4090106353228893,17.663456868725014,0.05718813824976203,0.29612046627603417
global_compatible,17,2,0,0,certified_reset,0,1,0.09201225096322693,0.0880183764448404,0.003993874518386541,0.07588361584934428,0.0,0.0,0,0,2.31207097450368,-2.5608903291148297,0.48406840832480397,-1.0966773460033905,2.31207097450368,-2.5608903291148297,1.4701559554333927,6.580174824470498,0.05718813824976203,0.29612046627603417
global_compatible,17,3,1,1,certified_reset,0,1,0.0880183764448404,0.08402450192645386,0.003993874518386541,0.07188974133095774,0.0,0.0,0,0,0.48406840832480397,-1.0966773460033905,-0.0304997301315758,0.07391582883248868,0.48406840832480397,-1.0966773460033905,1.133489806212704,0.48292841868047925,0.05718813824976203,0.29612046627603417
global_compatible,17,4,1,1,certified_reset,0,1,0.08402450192645386,0.08003062740806732,0.003993874518386541,0.0678958668125712,0.0,0.0,0,0,-0.0304997301315758,0.07391582883248868,0.019215294438932728,-0.02395526819920672,-0.0304997301315758,0.07391582883248868,-0.0785142526057225,0.0020677846900137107,0.05718813824976203,0.29612046627603417
global_compatible,17,5,1,1,certified_reset,0,1,0.08003062740806732,0.07603675288968079,0.003993874518386541,0.06390199229418467,0.0,0.0,0,0,0.019215294438932728,-0.02395526819920672,-0.008616951895915641,-0.062059985677873714,0.019215294438932728,-0.02395526819920672,0.016152619416263905,0.00047904409563431213,0.05718813824976203,0.29612046627603417
global_compatible,17,6,1,1,certified_reset,0,1,0.07603675288968079,0.07204287837129425,0.003993874518386541,0.05990811777579813,0.0,0.0,0,0,-0.008616951895915641,-0.062059985677873714,-0.0005405298699436324,0.05397163049746723,-0.008616951895915641,-0.062059985677873714,0.10000151800626524,0.0010175189780862793,0.05718813824976203,0.29612046627603417
global_compatible,17,7,1,1,certified_reset,0,1,0.07204287837129425,0.06804900385290771,0.003993874518386541,0.05591424325741159,0.0,0.0,0,0,-0.0005405298699436324,0.05397163049746723,-0.005271728749029734,-0.0425446563747096,-0.0005405298699436324,0.05397163049746723,-0.07896921101220816,0.0006805242214774919,0.05718813824976203,0.29612046627603417
global_compatible,17,8,1,1,certified_reset,0,1,0.06804900385290771,0.06405512933452118,0.003993874518386541,0.051920368739025044,0.0,0.0,0,0,-0.005271728749029734,-0.0425446563747096,0.002246947126169907,-0.016773353132064357,-0.005271728749029734,-0.0425446563747096,0.06792219373615065,0.0004689353355392074,0.05718813824976203,0.29612046627603417
global_compatible,17,9,1,1,certified_reset,0,1,0.06405512933452118,0.060061254816134634,0.003993874518386541,0.0479264942206385,0.0,0.0,0,0,0.002246947126169907,-0.016773353132064357,0.007412744756910415,0.009735131922475024,0.002246947126169907,-0.016773353132064357,0.02246909052244118,6.831243966317259e-05,0.05718813824976203,0.29612046627603417
global_compatible,17,10,1,1,certified_reset,0,1,0.060061254816134634,0.05606738029774809,0.003993874518386541,0.04393261970225196,0.0,0.0,0,0,0.007412744756910415,0.009735131922475024,0.009788825595584565,-0.00564657013062695,0.007412744756910415,0.009735131922475024,-0.02172432160923044,8.380654140427337e-05,0.05718813824976203,0.29612046627603417
global_compatible,17,11,1,1,certified_reset,0,1,0.05606738029774809,0.05207350577936155,0.003993874518386541,0.039938745183865414,0.0,0.0,0,0,0.009788825595584565,-0.00564657013062695,0.038828763360193495,0.012786133387898295,0.009788825595584565,-0.00564657013062695,-0.0014310205085221938,0.00010161137779638272,0.05718813824976203,0.29612046627603417
global_compatible,17,12,1,1,certified_reset,0,1,0.05207350577936155,0.048079631260975,0.003993874518386541,0.03594487066547887,0.0,0.0,0,0,0.038828763360193495,0.012786133387898295,0.04039214320354451,-0.06493360210651887,0.038828763360193495,0.012786133387898295,-0.057503664416255276,0.0016197669868767005,0.05718813824976203,0.29612046627603417
global_compatible,17,13,1,1,certified_reset,0,1,0.048079631260975,0.04408575674258846,0.003993874518386541,0.03195099614709233,0.0,0.0,0,0,0.04039214320354451,-0.06493360210651887,0.0003370087668141874,-0.04067748247527765,0.04039214320354451,-0.06493360210651887,0.05543378434379023,0.0024672949265974816,0.05718813824976203,0.29612046627603417
global_compatible,17,14,0,0,certified_reset,0,1,0.04408575674258846,0.040091882224201916,0.003993874518386541,0.027957121628705783,0.0,0.0,0,0,0.0003370087668141874,-0.04067748247527765,-0.013943269362462494,0.024135092492225077,0.0003370087668141874,-0.04067748247527765,0.05958495916063759,0.00038671112335805454,0.05718813824976203,0.29612046627603417
global_compatible,17,15,0,0,certified_reset,0,1,0.040091882224201916,0.03609800770581537,0.003993874518386541,0.023963247110319243,0.0,0.0,0,0,-0.013943269362462494,0.024135092492225077,0.006429342460631008,-0.00399285609517233,-0.013943269362462494,0.024135092492225077,-0.02167090379043682,0.00031100594642103106,0.05718813824976203,0.29612046627603417
global_compatible,17,16,0,0,certified_reset,0,1,0.03609800770581537,0.03210413318742883,0.003993874518386541,0.019969372591932703,0.0,0.0,0,0,0.006429342460631008,-0.00399285609517233,-0.0014870156011952069,-0.017444655155620416,0.006429342460631008,-0.00399285609517233,-0.0005168132960045272,4.421284383906183e-05,0.05718813824976203,0.29612046627603417
global_compatible,17,17,0,0,certified_reset,0,1,0.03210413318742883,0.02811025866904229,0.003993874518386541,0.015975498073546163,0.0,0.0,0,0,-0.0014870156011952069,-0.017444655155620416,-0.007533874166126038,0.0037111260681625203,-0.0014870156011952069,-0.017444655155620416,0.02718082656236722,7.545802754326764e-05,0.05718813824976203,0.29612046627603417
global_compatible,17,18,0,0,certified_reset,0,1,0.02811025866904229,0.02411638415065575,0.003993874518386541,0.011981623555159623,0.0,0.0,0,0,-0.007533874166126038,0.0037111260681625203,-0.0028340792983401644,0.007780299487999132,-0.007533874166126038,0.0037111260681625203,0.0020347607611962996,5.934180843978707e-05,0.05718813824976203,0.29612046627603417
global_compatible,17,19,0,0,certified_reset,0,1,0.02411638415065575,0.02012250963226921,0.003993874518386541,0.007987749036773082,0.0,0.0,0,0,-0.0028340792983401644,0.007780299487999132,0.0016536614919915964,0.0012993504071390815,-0.0028340792983401644,0.007780299487999132,-0.008637604802661854,2.0793161709587174e-05,0.05718813824976203,0.29612046627603417
global_compatible,17,20,0,0,certified_reset,0,1,0.02012250963226921,0.01612863511388267,0.003993874518386541,0.003993874518386541,0.0,0.0,0,0,0.0016536614919915964,0.0012993504071390815,-0.009151037215128303,-0.003148698898088133,0.0016536614919915964,0.0012993504071390815,-0.0035578755271518663,3.3549543532593763e-06,0.05718813824976203,0.29612046627603417
global_compatible,17,21,0,0,certified_reset,0,1,0.01612863511388267,0.01213476059549613,0.003993874518386541,0.0,0.0,0.0,0,0,-0.009151037215128303,-0.003148698898088133,-0.002108843043306553,0.016232037055773262,-0.009151037215128303,-0.003148698898088133,0.013749383975928802,9.025219596074922e-05,0.05718813824976203,0.29612046627603417
global_compatible,18,0,0,0,certified_reset,0,1,0.1,0.09600612548161347,0.003993874518386541,0.08387136488611735,0.0,0.0,0,0,2.599374231955263,0.4698739242486124,2.301998196374726,-1.0712200542158883,2.599374231955263,0.4698739242486124,-1.55,6.856549568596996,0.05718813824976203,0.29612046627603417
global_compatible,18,1,0,0,certified_reset,0,1,0.09600612548161347,0.09201225096322693,0.003993874518386541,0.07987749036773081,0.0,0.0,0,0,2.301998196374726,-1.0712200542158883,0.9659660709454426,-1.6016339263037314,2.301998196374726,-1.0712200542158883,-0.539514057832994,5.51302481439725,0.05718813824976203,0.29612046627603417
global_compatible,18,2,0,0,certified_reset,0,1,0.09201225096322693,0.0880183764448404,0.003993874518386541,0.07588361584934428,0.0,0.0,0,0,0.9659660709454426,-1.6016339263037314,0.0583712049318369,-0.21658002452949296,0.9659660709454426,-1.6016339263037314,1.397481368148021,1.4436559266754767,0.05718813824976203,0.29612046627603417
global_compatible,18,3,0,0,certified_reset,0,1,0.0880183764448404,0.08402450192645386,0.003993874518386541,0.07188974133095774,0.0,0.0,0,0,0.0583712049318369,-0.21658002452949296,-0.03513259591113715,0.04278695761802766,0.0583712049318369,-0.21658002452949296,0.26091880178620763,0.013552406357868498,0.05718813824976203,0.29612046627603417
global_compatible,18,4,0,0,certified_reset,0,1,0.08402450192645386,0.08003062740806732,0.003993874518386541,0.0678958668125712,0.0,0.0,0,0,-0.03513259591113715,0.04278695761802766,-0.006803124640109881,0.010303819161243911,-0.03513259591113715,0.04278695761802766,-0.028047019387879353,0.0015834954514660938,0.05718813824976203,0.29612046627603417
global_compatible,18,5,0,0,certified_reset,0,1,0.08003062740806732,0.07603675288968079,0.003993874518386541,0.06390199229418467,0.0,0.0,0,0,-0.006803124640109881,0.010303819161243911,-0.002333264799313775,-0.007620622038768465,-0.006803124640109881,0.010303819161243911,-0.008404965516071795,6.715895507740018e-05,0.05718813824976203,0.29612046627603417
global_compatible,18,6,0,0,certified_reset,0,1,0.07603675288968079,0.07204287837129425,0.003993874518386541,0.05990811777579813,0.0,0.0,0,0,-0.002333264799313775,-0.007620622038768465,0.002209705767889025,0.018738987106832222,-0.002333264799313775,-0.007620622038768465,0.013549551223788397,2.0487181529265848e-05,0.05718813824976203,0.29612046627603417
global_compatible,18,7,0,0,certified_reset,0,1,0.07204287837129425,0.06804900385290771,0.003993874518386541,0.05591424325741159,0.0,0.0,0,0,0.002209705767889025,0.018738987106832222,0.011113621815220966,-0.021633780350344675,0.002209705767889025,0.018738987106832222,-0.029806571137931715,9.0300526457861e-05,0.05718813824976203,0.29612046627603417
global_compatible,18,8,0,0,certified_reset,0,1,0.06804900385290771,0.06405512933452118,0.003993874518386541,0.051920368739025044,0.0,0.0,0,0,0.011113621815220966,-0.021633780350344675,0.004680196953769816,-0.0006506368008317593,0.011113621815220966,-0.021633780350344675,0.020797851013673666,0.00021857003642588218,0.05718813824976203,0.29612046627603417
global_compatible,18,9,0,0,certified_reset,0,1,0.06405512933452118,0.060061254816134634,0.003993874518386541,0.0479264942206385,0.0,0.0,0,0,0.004680196953769816,-0.0006506368008317593,0.001686958177250886,-0.007456577625719877,0.004680196953769816,-0.0006506368008317593,-0.0037022990114044018,2.23231180597098e-05,0.05718813824976203,0.29612046627603417
global_compatible,18,10,0,0,certified_reset,0,1,0.060061254816134634,0.05606738029774809,0.003993874518386541,0.04393261970225196,0.0,0.0,0,0,0.001686958177250886,-0.007456577625719877,-0.001113357817267084,0.005410639239318928,0.001686958177250886,-0.007456577625719877,0.00930309383348476,1.5017615743568716e-05,0.05718813824976203,0.29612046627603417
global_compatible,18,11,0,0,certified_reset,0,1,0.05606738029774809,0.05207350577936155,0.003993874518386541,0.039938745183865414,0.0,0.0,0,0,-0.001113357817267084,0.005410639239318928,0.010147224463003675,-0.0051701292848421185,-0.001113357817267084,0.005410639239318928,-0.006861458379044668,7.68605896250417e-06,0.05718813824976203,0.29612046627603417
global_compatible,18,12,0,0,certified_reset,0,1,0.05207350577936155,0.048079631260975,0.003993874518386541,0.03594487066547887,0.0,0.0,0,0,0.010147224463003675,-0.0051701292848421185,-0.0025364414332888314,-0.0027384430885606624,0.010147224463003675,-0.0051701292848421185,-0.0024864651370486586,0.00010793216965248096,0.05718813824976203,0.29612046627603417
global_compatible,18,13,0,0,certified_reset,0,1,0.048079631260975,0.04408575674258846,0.003993874518386541,0.03195099614709233,0.0,0.0,0,0,-0.0025364414332888314,-0.0027384430885606624,-0.0014429262809495104,-0.008196841517886681,-0.0025364414332888314,-0.0027384430885606624,0.006558591701157321,8.858745970937962e-06,0.05718813824976203,0.29612046627603417
global_compatible,18,14,0,0,certified_reset,0,1,0.04408575674258846,0.040091882224201916,0.003993874518386541,0.027957121628705783,0.0,0.0,0,0,-0.0014429262809495104,-0.008196841517886681,-0.005278129238893345,-0.002204794380208712,-0.0014429262809495104,-0.008196841517886681,0.013510119800783168,1.873899763452577e-05,0.05718813824976203,0.29612046627603417
global_compatible,18,15,0,0,certified_reset,0,1,0.040091882224201916,0.03609800770581537,0.003993874518386541,0.023963247110319243,0.0,0.0,0,0,-0.005278129238893345,-0.002204794380208712,-0.005780747068093839,0.018729237518254987,-0.005278129238893345,-0.002204794380208712,0.008503587886520912,3.054142472267545e-05,0.05718813824976203,0.29612046627603417
global_compatible,18,16,0,0,certified_reset,0,1,0.03609800770581537,0.03210413318742883,0.003993874518386541,0.019969372591932703,0.0,0.0,0,0,-0.005780747068093839,0.018729237518254987,-0.0013053690544164612,-0.0028947447418863,-0.005780747068093839,0.018729237518254987,-0.021834650868834928,0.0001084770169721112,0.05718813824976203,0.29612046627603417
global_compatible,18,17,0,0,certified_reset,0,1,0.03210413318742883,0.02811025866904229,0.003993874518386541,0.015975498073546163,0.0,0.0,0,0,-0.0013053690544164612,-0.0028947447418863,0.007460552628313568,0.0009426902466776249,-0.0013053690544164612,-0.0028947447418863,0.005564391301512257,3.986368113858866e-06,0.05718813824976203,0.29612046627603417
global_compatible,18,18,0,0,certified_reset,0,1,0.02811025866904229,0.02411638415065575,0.003993874518386541,0.011981623555159623,0.0,0.0,0,0,0.007460552628313568,0.0009426902466776249,0.009687707393907272,0.004638974490788705,0.007460552628313568,0.0009426902466776249,-0.008816323128378194,5.77629940396485e-05,0.05718813824976203,0.29612046627603417
global_compatible,18,19,0,0,certified_reset,0,1,0.02411638415065575,0.02012250963226921,0.003993874518386541,0.007987749036773082,0.0,0.0,0,0,0.009687707393907272,0.004638974490788705,0.009099339691127868,-0.01254248994214671,0.009687707393907272,0.004638974490788705,-0.016477143332127974,0.00010451269603836675,0.05718813824976203,0.29612046627603417
global_compatible,18,20,0,0,certified_reset,0,1,0.02012250963226921,0.01612863511388267,0.003993874518386541,0.003993874518386541,0.0,0.0,0,0,0.009099339691127868,-0.01254248994214671,0.0049130331372936285,-0.009521179864610423,0.009099339691127868,-0.01254248994214671,0.009415745948706462,0.00011333091931959281,0.05718813824976203,0.29612046627603417
global_compatible,18,21,0,0,certified_reset,0,1,0.01612863511388267,0.01213476059549613,0.003993874518386541,0.0,0.0,0.0,0,0,0.0049130331372936285,-0.009521179864610423,0.0018324858485370076,-0.00858109308757307,0.0049130331372936285,-0.009521179864610423,0.009131782101317988,4.2540146599361396e-05,0.05718813824976203,0.29612046627603417
global_compatible,19,0,0,0,certified_reset,0,1,0.1,0.09600612548161347,0.003993874518386541,0.08387136488611735,0.0,0.0,0,0,4.8123147006696705,0.4819310134968565,4.516282604764019,-1.058929834924904,4.8123147006696705,0.4819310134968565,-1.5499999999993996,23.260241628599996,0.05718813824976203,0.29612046627603417
global_compatible,19,1,0,0,certified_reset,0,1,0.09600612548161347,0.09201225096322693,0.003993874518386541,0.07987749036773081,0.0,0.0,0,0,4.516282604764019,-1.058929834924904,2.684606449758825,-2.599910974144221,4.516282604764019,-1.058929834924904,-1.55,20.658710897247005,0.05718813824976203,0.29612046627603417
global_compatible,19,2,0,0,certified_reset,0,1,0.09201225096322693,0.0880183764448404,0.003993874518386541,0.07588361584934428,0.0,0.0,0,0,2.684606449758825,-2.599910974144221,0.6965884129716513,-1.3804284390268855,2.684606449758825,-2.599910974144221,1.2126140408601764,8.460589283614562,0.05718813824976203,0.29612046627603417
global_compatible,19,3,0,0,certified_reset,0,1,0.0880183764448404,0.08402450192645386,0.003993874518386541,0.07188974133095774,0.0,0.0,0,0,0.6965884129716513,-1.3804284390268855,-0.016807058574330964,-0.02026670312993117,0.6965884129716513,-1.3804284390268855,1.339862427789118,0.8731210817707442,0.05718813824976203,0.29612046627603417
global_compatible,19,4,0,0,certified_reset,0,1,0.08402450192645386,0.08003062740806732,0.003993874518386541,0.0678958668125712,0.0,0.0,0,0,-0.016807058574330964,-0.02026670312993117,-0.010399320749607508,0.019721020303553306,-0.016807058574330964,-0.02026670312993117,0.046588841237906506,0.0004106732871544806,0.05718813824976203,0.29612046627603417
global_compatible,19,5,0,0,certified_reset,0,1,0.08003062740806732,0.07603675288968079,0.003993874518386541,0.06390199229418467,0.0,0.0,0,0,-0.010399320749607508,0.019721020303553306,-0.0018564598293942332,0.0068218781853181315,-0.010399320749607508,0.019721020303553306,-0.018697391937814497,0.00018689103921149262,0.05718813824976203,0.29612046627603417
global_compatible,19,6,0,0,certified_reset,0,1,0.07603675288968079,0.07204287837129425,0.003993874518386541,0.05990811777579813,0.0,0.0,0,0,-0.0018564598293942332,0.0068218781853181315,-0.0023761513681088892,0.0066224871293852185,-0.0018564598293942332,0.0068218781853181315,-0.008198023724084215,1.3503476878228147e-05,0.05718813824976203,0.29612046627603417
global_compatible,19,7,0,0,certified_reset,0,1,0.07204287837129425,0.06804900385290771,0.003993874518386541,0.05591424325741159,0.0,0.0,0,0,-0.0023761513681088892,0.0066224871293852185,0.0005296978300949656,-0.00862236227244343,-0.0023761513681088892,0.0066224871293852185,-0.007387441162695352,1.4904772937670004e-05,0.05718813824976203,0.29612046627603417
global_compatible,19,8,0,0,certified_reset,0,1,0.06804900385290771,0.06405512933452118,0.003993874518386541,0.051920368739025044,0.0,0.0,0,0,0.0005296978300949656,-0.00862236227244343,0.00994050156984077,0.00033846841220709764,0.0005296978300949656,-0.00862236227244343,0.012172775060078559,1.7367114716095128e-05,0.05718813824976203,0.29612046627603417
global_compatible,19,9,0,0,certified_reset,0,1,0.06405512933452118,0.060061254816134634,0.003993874518386541,0.0479264942206385,0.0,0.0,0,0,0.00994050156984077,0.00033846841220709764,0.005930404185935539,-0.012812351284091621,0.00994050156984077,0.00033846841220709764,-0.010397307200967983,0.00010153679234168048,0.05718813824976203,0.29612046627603417
global_compatible,19,10,0,0,certified_reset,0,1,0.060061254816134634,0.05606738029774809,0.003993874518386541,0.04393261970225196,0.0,0.0,0,0,0.005930404185935539,-0.012812351284091621,0.009139722698013799,0.0006710633677438022,0.005930404185935539,-0.012812351284091621,0.012969475405612704,6.892301829283515e-05,0.05718813824976203,0.29612046627603417
global_compatible,19,11,0,0,certified_reset,0,1,0.05606738029774809,0.05207350577936155,0.003993874518386541,0.039938745183865414,0.0,0.0,0,0,0.009139722698013799,0.0006710633677438022,0.0018325446391398892,-0.004866066663021432,0.009139722698013799,0.0006710633677438022,-0.010090564510487449,8.616107698793133e-05,0.05718813824976203,0.29612046627603417
global_compatible,19,12,0,0,certified_reset,0,1,0.05207350577936155,0.048079631260975,0.003993874518386541,0.03594487066547887,0.0,0.0,0,0,0.0018325446391398892,-0.004866066663021432,-0.008803077671199016,0.003108938465439823,0.0018325446391398892,-0.004866066663021432,0.005343311441516464,8.3341431418807e-06,0.05718813824976203,0.29612046627603417
global_compatible,19,13,0,0,certified_reset,0,1,0.048079631260975,0.04408575674258846,0.003993874518386541,0.03195099614709233,0.0,0.0,0,0,-0.008803077671199016,0.003108938465439823,0.0019259559249236637,-0.0036439119581190005,-0.008803077671199016,0.003108938465439823,0.004184836985579032,7.967178770879988e-05,0.05718813824976203,0.29612046627603417
global_compatible,19,14,0,0,certified_reset,0,1,0.04408575674258846,0.040091882224201916,0.003993874518386541,0.027957121628705783,0.0,0.0,0,0,0.0019259559249236637,-0.0036439119581190005,-0.0009127707564724627,-0.00021946714722208288,0.0019259559249236637,-0.0036439119581190005,0.003451043358188165,6.397105715785008e-06,0.05718813824976203,0.29612046627603417
global_compatible,19,15,0,0,certified_reset,0,1,0.040091882224201916,0.03609800770581537,0.003993874518386541,0.023963247110319243,0.0,0.0,0,0,-0.0009127707564724627,-0.00021946714722208288,-0.008597424604066211,-0.00276180615246615,-0.0009127707564724627,-0.00021946714722208288,0.0012312738782076966,8.797211871179913e-07,0.05718813824976203,0.29612046627603417
global_compatible,19,16,0,0,certified_reset,0,1,0.03609800770581537,0.03210413318742883,0.003993874518386541,0.019969372591932703,0.0,0.0,0,0,-0.008597424604066211,-0.00276180615246615,-0.00905790040768804,0.015340786150580911,-0.008597424604066211,-0.00276180615246615,0.012627308157870972,7.92748957857329e-05,0.05718813824976203,0.29612046627603417
global_compatible,19,17,0,0,certified_reset,0,1,0.03210413318742883,0.02811025866904229,0.003993874518386541,0.015975498073546163,0.0,0.0,0,0,-0.00905790040768804,0.015340786150580911,-0.009380609433521328,-0.000606887654367956,-0.00905790040768804,0.015340786150580911,-0.013578886729082968,0.00012901636346484072,0.05718813824976203,0.29612046627603417
global_compatible,19,18,0,0,certified_reset,0,1,0.02811025866904229,0.02411638415065575,0.003993874518386541,0.011981623555159623,0.0,0.0,0,0,-0.009380609433521328,-0.000606887654367956,0.0027487275588680103,0.01780882059656116,-0.009380609433521328,-0.000606887654367956,0.010232345557288572,9.067965200686778e-05,0.05718813824976203,0.29612046627603417
global_compatible,19,19,0,0,certified_reset,0,1,0.02411638415065575,0.02012250963226921,0.003993874518386541,0.007987749036773082,0.0,0.0,0,0,0.0027487275588680103,0.01780882059656116,0.0076440780735287945,-0.010949945380972527,0.0027487275588680103,0.01780882059656116,-0.02897420705964274,8.563085644854696e-05,0.05718813824976203,0.29612046627603417
global_compatible,19,20,0,0,certified_reset,0,1,0.02012250963226921,0.01612863511388267,0.003993874518386541,0.003993874518386541,0.0,0.0,0,0,0.0076440780735287945,-0.010949945380972527,0.00292385863796125,-0.008639187150210736,0.0076440780735287945,-0.010949945380972527,0.008518353552804841,8.182822296779893e-05,0.05718813824976203,0.29612046627603417
global_compatible,19,21,0,0,certified_reset,0,1,0.01612863511388267,0.01213476059549613,0.003993874518386541,0.0,0.0,0.0,0,0,0.00292385863796125,-0.008639187150210736,0.00840044843576053,0.01026816595385832,0.00292385863796125,-0.008639187150210736,0.009812439800822746,2.4390448536845807e-05,0.05718813824976203,0.29612046627603417
global_compatible,20,0,0,0,certified_reset,0,1,0.1,0.09600612548161347,0.003993874518386541,0.08387136488611735,0.0,0.0,0,0,-4.949005956201924,0.3650670357875523,-3.8155603166736616,1.9183417015857689,-4.949005956201924,0.3650670357875523,1.55,24.576711763833494,0.05718813824976203,0.29612046627603417
global_compatible,20,1,0,0,certified_reset,0,1,0.09600612548161347,0.09201225096322693,0.003993874518386541,0.07987749036773081,0.0,0.0,0,0,-3.8155603166736616,1.9183417015857689,-1.7392586052988201,2.228855323701705,-3.8155603166736616,1.9183417015857689,0.3230785758474131,15.22351630345684,0.05718813824976203,0.29612046627603417
global_compatible,20,2,0,0,certified_reset,0,1,0.09201225096322693,0.0880183764448404,0.003993874518386541,0.07588361584934428,0.0,0.0,0,0,-1.7392586052988201,2.228855323701705,-0.2878436383329561,0.6745392734643766,-1.7392586052988201,2.228855323701705,-1.55,3.9792862858248146,0.05718813824976203,0.29612046627603417
global_compatible,20,3,0,0,certified_reset,0,1,0.0880183764448404,0.08402450192645386,0.003993874518386541,0.07188974133095774,0.0,0.0,0,0,-0.2878436383329561,0.6745392734643766,0.03418493127988766,-0.02775827790796464,-0.2878436383329561,0.6745392734643766,-0.7070349816334344,0.17725200342034125,0.05718813824976203,0.29612046627603417
global_compatible,20,4,0,0,certified_reset,0,1,0.08402450192645386,0.08003062740806732,0.003993874518386541,0.0678958668125712,0.0,0.0,0,0,0.03418493127988766,-0.02775827790796464,0.019153299558321103,-0.018850437846593265,0.03418493127988766,-0.02775827790796464,0.006850034140219879,0.00130847655943854,0.05718813824976203,0.29612046627603417
global_compatible,20,5,0,0,certified_reset,0,1,0.08003062740806732,0.07603675288968079,0.003993874518386541,0.06390199229418467,0.0,0.0,0,0,0.019153299558321103,-0.018850437846593265,0.000918469966964406,-0.010778315202630636,0.019153299558321103,-0.018850437846593265,0.008694740563987375,0.00043269986806914915,0.05718813824976203,0.29612046627603417
global_compatible,20,6,0,0,certified_reset,0,1,0.07603675288968079,0.07204287837129425,0.003993874518386541,0.05990811777579813,0.0,0.0,0,0,0.000918469966964406,-0.010778315202630636,0.006469175501441625,-0.005401737676465136,0.000918469966964406,-0.010778315202630636,0.014963213209804451,2.7352004968573823e-05,0.05718813824976203,0.29612046627603417
global_compatible,20,7,0,0,certified_reset,0,1,0.07204287837129425,0.06804900385290771,0.003993874518386541,0.05591424325741159,0.0,0.0,0,0,0.006469175501441625,-0.005401737676465136,-0.004927320759688504,0.003680075241936144,0.006469175501441625,-0.005401737676465136,0.0015161837072695202,4.715988058086897e-05,0.05718813824976203,0.29612046627603417
global_compatible,20,8,0,0,certified_reset,0,1,0.06804900385290771,0.06405512933452118,0.003993874518386541,0.051920368739025044,0.0,0.0,0,0,-0.004927320759688504,0.003680075241936144,0.0010603114882448258,0.01339370003433743,-0.004927320759688504,0.003680075241936144,-0.0005160197224075174,2.6722878459241177e-05,0.05718813824976203,0.29612046627603417
global_compatible,20,9,0,0,certified_reset,0,1,0.06405512933452118,0.060061254816134634,0.003993874518386541,0.0479264942206385,0.0,0.0,0,0,0.0010603114882448258,0.01339370003433743,-0.003659230672392772,-0.01485660780821441,0.0010603114882448258,0.01339370003433743,-0.02078633063790689,4.4216465096579507e-05,0.05718813824976203,0.29612046627603417
global_compatible,20,10,0,0,certified_reset,0,1,0.060061254816134634,0.05606738029774809,0.003993874518386541,0.04393261970225196,0.0,0.0,0,0,-0.003659230672392772,-0.01485660780821441,-0.009265482736788191,0.017231830452070794,-0.003659230672392772,-0.01485660780821441,0.025531531854543727,6.94158302868471e-05,0.05718813824976203,0.29612046627603417
global_compatible,20,11,0,0,certified_reset,0,1,0.05606738029774809,0.05207350577936155,0.003993874518386541,0.039938745183865414,0.0,0.0,0,0,-0.009265482736788191,0.017231830452070794,0.0012315402416015738,0.0025066984612557523,-0.009265482736788191,0.017231830452070794,-0.016159010140078055,0.00014582548709460318,0.05718813824976203,0.29612046627603417
global_compatible,20,12,0,0,certified_reset,0,1,0.05207350577936155,0.048079631260975,0.003993874518386541,0.03594487066547887,0.0,0.0,0,0,0.0012315402416015738,0.0025066984612557523,-0.0033196654678565554,0.0043327752678772305,0.0012315402416015738,0.0025066984612557523,-0.004917781419683072,3.2523424105977157e-06,0.05718813824976203,0.29612046627603417
global_compatible,20,13,0,0,certified_reset,0,1,0.048079631260975,0.04408575674258846,0.003993874518386541,0.03195099614709233,0.0,0.0,0,0,-0.0033196654678565554,0.0043327752678772305,-0.008991198603852743,0.00821511876810823,-0.0033196654678565554,0.0043327752678772305,-0.0030784007029919353,1.4636222064630963e-05,0.05718813824976203,0.29612046627603417
global_compatible,20,14,0,0,certified_reset,0,1,0.04408575674258846,0.040091882224201916,0.003993874518386541,0.027957121628705783,0.0,0.0,0,0,-0.008991198603852743,0.00821511876810823,0.008240578600218887,0.003922854825516091,-0.008991198603852743,0.00821511876810823,-0.003150575071938041,9.323767716336378e-05,0.05718813824976203,0.29612046627603417
global_compatible,20,15,0,0,certified_reset,0,1,0.040091882224201916,0.03609800770581537,0.003993874518386541,0.023963247110319243,0.0,0.0,0,0,0.008240578600218887,0.003922854825516091,0.00114222519971014,-0.022600497175845297,0.008240578600218887,0.003922854825516091,-0.013985950383612021,7.55672880664804e-05,0.05718813824976203,0.29612046627603417
global_compatible,20,16,0,0,certified_reset,0,1,0.03609800770581537,0.03210413318742883,0.003993874518386541,0.019969372591932703,0.0,0.0,0,0,0.00114222519971014,-0.022600497175845297,-0.0023908570573605574,0.0011902425070446764,0.00114222519971014,-0.022600497175845297,0.03215785839447319,0.00011909871988699804,0.05718813824976203,0.29612046627603417
global_compatible,20,17,0,0,certified_reset,0,1,0.03210413318742883,0.02811025866904229,0.003993874518386541,0.015975498073546163,0.0,0.0,0,0,-0.0023908570573605574,0.0011902425070446764,-0.0007944584425656501,-0.002305472932340817,-0.0023908570573605574,0.0011902425070446764,0.0006274934915398412,5.9810430713825845e-06,0.05718813824976203,0.29612046627603417
global_compatible,20,18,0,0,certified_reset,0,1,0.02811025866904229,0.02411638415065575,0.003993874518386541,0.011981623555159623,0.0,0.0,0,0,-0.0007944584425656501,-0.002305472932340817,0.00440772989809169,0.0020195988596541574,-0.0007944584425656501,-0.002305472932340817,0.0041880453934164934,2.026394301912876e-06,0.05718813824976203,0.29612046627603417
global_compatible,20,19,0,0,certified_reset,0,1,0.02411638415065575,0.02012250963226921,0.003993874518386541,0.007987749036773082,0.0,0.0,0,0,0.00440772989809169,0.0020195988596541574,0.010487175884478703,-0.0003839498225785857,0.00440772989809169,0.0020195988596541574,-0.007362538096954681,2.1517437354964057e-05,0.05718813824976203,0.29612046627603417
global_compatible,20,20,0,0,certified_reset,0,1,0.02012250963226921,0.01612863511388267,0.003993874518386541,0.003993874518386541,0.0,0.0,0,0,0.010487175884478703,-0.0003839498225785857,0.009260718384308055,0.002028338403787756,0.010487175884478703,-0.0003839498225785857,-0.009875386123824754,0.0001124454744532839,0.05718813824976203,0.29612046627603417
global_compatible,20,21,0,0,certified_reset,0,1,0.01612863511388267,0.01213476059549613,0.003993874518386541,0.0,0.0,0.0,0,0,0.009260718384308055,0.002028338403787756,0.007246160324394716,-0.012254505024016524,0.009260718384308055,0.002028338403787756,-0.0122091489717407,9.022803616126557e-05,0.05718813824976203,0.29612046627603417
global_compatible,21,0,0,0,certified_reset,0,1,0.1,0.09600612548161347,0.003993874518386541,0.08387136488611735,0.0,0.0,0,0,1.8057037325361929,-0.2997032567288281,0.882911612485889,-1.5552380912005246,1.8057037325361929,-0.2997032567288281,-1.2401714078852752,3.315184565295438,0.05718813824976203,0.29612046627603417
global_compatible,21,1,0,0,certified_reset,0,1,0.09600612548161347,0.09201225096322693,0.003993874518386541,0.07987749036773081,0.0,0.0,0,0,0.882911612485889,-1.5552380912005246,0.03512445684110075,-0.1391518831665839,0.882911612485889,-1.5552380912005246,1.4118394600931339,1.2647429756471236,0.05718813824976203,0.29612046627603417
global_compatible,21,2,0,0,certified_reset,0,1,0.09201225096322693,0.0880183764448404,0.003993874518386541,0.07588361584934428,0.0,0.0,0,0,0.03512445684110075,-0.1391518831665839,-0.021529890752156427,0.021677502623348843,0.03512445684110075,-0.1391518831665839,0.17000698796377015,0.005441671253280376,0.05718813824976203,0.29612046627603417
global_compatible,21,3,0,0,certified_reset,0,1,0.0880183764448404,0.08402450192645386,0.003993874518386541,0.07188974133095774,0.0,0.0,0,0,-0.021529890752156427,0.021677502623348843,0.004415624777516844,0.0054676604150746865,-0.021529890752156427,0.021677502623348843,-0.010496392470324668,0.0005508750937694213,0.05718813824976203,0.29612046627603417
global_compatible,21,4,0,0,certified_reset,0,1,0.08402450192645386,0.08003062740806732,0.003993874518386541,0.0678958668125712,0.0,0.0,0,0,0.004415624777516844,0.0054676604150746865,0.0027768318320857332,-0.01849576002314034,0.004415624777516844,0.0054676604150746865,-0.012450382582534362,2.8754198711731002e-05,0.05718813824976203,0.29612046627603417
global_compatible,21,5,0,0,certified_reset,0,1,0.08003062740806732,0.07603675288968079,0.003993874518386541,0.06390199229418467,0.0,0.0,0,0,0.0027768318320857332,-0.01849576002314034,0.0026496632155163452,0.004985563194904355,0.0027768318320857332,-0.01849576002314034,0.024483516096122288,8.427362402445893e-05,0.05718813824976203,0.29612046627603417
global_compatible,21,6,0,0,certified_reset,0,1,0.07603675288968079,0.07204287837129425,0.003993874518386541,0.05990811777579813,0.0,0.0,0,0,0.0026496632155163452,0.004985563194904355,0.00901447903259952,-0.005332728380013821,0.0026496632155163452,0.004985563194904355,-0.009984984296057911,1.398726420714278e-05,0.05718813824976203,0.29612046627603417
global_compatible,21,7,0,0,certified_reset,0,1,0.07204287837129425,0.06804900385290771,0.003993874518386541,0.05591424325741159,0.0,0.0,0,0,0.00901447903259952,-0.005332728380013821,-0.00026628931900849395,-0.0021432201903027748,0.00901447903259952,-0.005332728380013821,-0.0011213230270231613,8.641110491795054e-05,0.05718813824976203,0.29612046627603417
global_compatible,21,8,0,0,certified_reset,0,1,0.06804900385290771,0.06405512933452118,0.003993874518386541,0.051920368739025044,0.0,0.0,0,0,-0.00026628931900849395,-0.0021432201903027748,-0.004016470951501514,-0.0076178313450079764,-0.00026628931900849395,-0.0021432201903027748,0.0034203792933818747,1.1901955653247579e-06,0.05718813824976203,0.29612046627603417
global_compatible,21,9,0,0,certified_reset,0,1,0.06405512933452118,0.060061254816134634,0.003993874518386541,0.0479264942206385,0.0,0.0,0,0,-0.004016470951501514,-0.0076178313450079764,-0.009888801280160883,0.0071479434168787,-0.004016470951501514,-0.0076178313450079764,0.015216496062662187,3.236622650705831e-05,0.05718813824976203,0.29612046627603417
global_compatible,21,10,0,0,certified_reset,0,1,0.060061254816134634,0.05606738029774809,0.003993874518386541,0.04393261970225196,0.0,0.0,0,0,-0.009888801280160883,0.0071479434168787,-0.012363259377648953,-0.0045020026076256865,-0.009888801280160883,0.0071479434168787,-0.0006821727905587805,0.0001069967818677779,0.05718813824976203,0.29612046627603417
global_compatible,21,11,0,0,certified_reset,0,1,0.05606738029774809,0.05207350577936155,0.003993874518386541,0.039938745183865414,0.0,0.0,0,0,-0.012363259377648953,-0.0045020026076256865,-0.0026896327148351086,0.015173181677193134,-0.012363259377648953,-0.0045020026076256865,0.018941904468628003,0.00016546832100772287,0.05718813824976203,0.29612046627603417
global_compatible,21,12,0,0,certified_reset,0,1,0.05207350577936155,0.048079631260975,0.003993874518386541,0.03594487066547887,0.0,0.0,0,0,-0.0026896327148351086,0.015173181677193134,0.0022099540211925994,-0.0009940176613673813,-0.0026896327148351086,0.015173181677193134,-0.019675060148864207,5.8352403534886583e-05,0.05718813824976203,0.29612046627603417
global_compatible,21,13,0,0,certified_reset,0,1,0.048079631260975,0.04408575674258846,0.003993874518386541,0.03195099614709233,0.0,0.0,0,0,0.0022099540211925994,-0.0009940176613673813,-0.007321039690740055,-0.0046149008180254615,0.0022099540211925994,-0.0009940176613673813,-0.0007365446591462962,5.075312026658114e-06,0.05718813824976203,0.29612046627603417
global_compatible,21,14,0,0,certified_reset,0,1,0.04408575674258846,0.040091882224201916,0.003993874518386541,0.027957121628705783,0.0,0.0,0,0,-0.007321039690740055,-0.0046149008180254615,-0.014307499710137382,0.005938924156210706,-0.007321039690740055,-0.0046149008180254615,0.01408719032036716,6.239236115228558e-05,0.05718813824976203,0.29612046627603417
global_compatible,21,15,0,0,certified_reset,0,1,0.040091882224201916,0.03609800770581537,0.003993874518386541,0.023963247110319243,0.0,0.0,0,0,-0.014307499710137382,0.005938924156210706,-0.0037866065444912356,0.020658849168111712,-0.014307499710137382,0.005938924156210706,0.0054963167302881115,0.00021180853301955258,0.05718813824976203,0.29612046627603417
global_compatible,21,16,0,0,certified_reset,0,1,0.03609800770581537,0.03210413318742883,0.003993874518386541,0.019969372591932703,0.0,0.0,0,0,-0.0037866065444912356,0.020658849168111712,0.007058671679236208,0.006581880271417338,-0.0037866065444912356,0.020658849168111712,-0.026664884232222186,0.00010893563921187134,0.05718813824976203,0.29612046627603417
global_compatible,21,17,0,0,certified_reset,0,1,0.03210413318742883,0.02811025866904229,0.003993874518386541,0.015975498073546163,0.0,0.0,0,0,0.007058671679236208,0.006581880271417338,-0.00523124437246477,-0.006485146796059285,0.007058671679236208,0.006581880271417338,-0.016721407042175486,6.461278883531331e-05,0.05718813824976203,0.29612046627603417
global_compatible,21,18,0,0,certified_reset,0,1,0.02811025866904229,0.02411638415065575,0.003993874518386541,0.011981623555159623,0.0,0.0,0,0,-0.00523124437246477,-0.006485146796059285,-0.011821534071783045,0.011577147714641606,-0.00523124437246477,-0.006485146796059285,0.014764660692787155,4.0386081032731526e-05,0.05718813824976203,0.29612046627603417
global_compatible,21,19,0,0,certified_reset,0,1,0.02411638415065575,0.02012250963226921,0.003993874518386541,0.007987749036773082,0.0,0.0,0,0,-0.011821534071783045,0.011577147714641606,-0.006423263228349558,0.006562516145687486,-0.011821534071783045,0.011577147714641606,-0.005281192490897293,0.0001645714055206688,0.05718813824976203,0.29612046627603417
global_compatible,21,20,1,1,certified_reset,0,1,0.02012250963226921,0.01612863511388267,0.003993874518386541,0.003993874518386541,0.0,0.0,0,0,-0.006423263228349558,0.006562516145687486,0.023248257746344838,0.009737220401908164,-0.006423263228349558,0.006562516145687486,-0.003264813925103225,4.927677701903989e-05,0.05718813824976203,0.29612046627603417
global_compatible,21,21,1,1,certified_reset,0,1,0.01612863511388267,0.01213476059549613,0.003993874518386541,0.0,0.0,0.0,0,0,0.023248257746344838,0.009737220401908164,0.002539952610417751,-0.052678970830542925,0.023248257746344838,0.009737220401908164,-0.037494818023118236,0.0005926944457131122,0.05718813824976203,0.29612046627603417
global_compatible,22,0,0,0,certified_reset,0,1,0.1,0.09600612548161347,0.003993874518386541,0.08387136488611735,0.0,0.0,0,0,5.418482772047934,-0.32105891043713386,4.324348019135751,-1.8681328534629962,5.418482772047934,-0.32105891043713386,-1.549999999999751,29.438572239295038,0.05718813824976203,0.29612046627603417
global_compatible,22,1,0,0,certified_reset,0,1,0.09600612548161347,0.09201225096322693,0.003993874518386541,0.07987749036773081,0.0,0.0,0,0,4.324348019135751,-1.8681328534629962,2.146899311517168,-2.4682780746037243,4.324348019135751,-1.8681328534629962,-0.6038410849534568,19.337287056474043,0.05718813824976203,0.29612046627603417
global_compatible,22,2,0,0,certified_reset,0,1,0.09201225096322693,0.0880183764448404,0.003993874518386541,0.07588361584934428,0.0,0.0,0,0,2.146899311517168,-2.4682780746037243,0.4257918808542659,-0.972562809152096,2.146899311517168,-2.4682780746037243,1.498201392683394,5.761923236761356,0.05718813824976203,0.29612046627603417
global_compatible,22,3,0,0,certified_reset,0,1,0.0880183764448404,0.08402450192645386,0.003993874518386541,0.07188974133095774,0.0,0.0,0,0,0.4257918808542659,-0.972562809152096,-0.04137683958170919,0.04188627473332087,0.4257918808542659,-0.972562809152096,1.0086878102871404,0.376993118461207,0.05718813824976203,0.29612046627603417
global_compatible,22,4,0,0,certified_reset,0,1,0.08402450192645386,0.08003062740806732,0.003993874518386541,0.0678958668125712,0.0,0.0,0,0,-0.04137683958170919,0.04188627473332087,-0.010150958773599452,0.013305582436908771,-0.04137683958170919,0.04188627473332087,-0.020500210199457115,0.002038352121212387,0.05718813824976203,0.29612046627603417
global_compatible,22,5,0,0,certified_reset,0,1,0.08003062740806732,0.07603675288968079,0.003993874518386541,0.06390199229418467,0.0,0.0,0,0,-0.010150958773599452,0.013305582436908771,-0.0056400125052912965,-0.0026537816608012063,-0.010150958773599452,0.013305582436908771,-0.009496177325329511,0.00013716333293553576,0.05718813824976203,0.29612046627603417
global_compatible,22,6,0,0,certified_reset,0,1,0.07603675288968079,0.07204287837129425,0.003993874518386541,0.05990811777579813,0.0,0.0,0,0,-0.0056400125052912965,-0.0026537816608012063,-0.003368395135555471,0.01429949150511449,-0.0056400125052912965,-0.0026537816608012063,0.009525338467618584,3.534570316148643e-05,0.05718813824976203,0.29612046627603417
global_compatible,22,7,0,0,certified_reset,0,1,0.07204287837129425,0.06804900385290771,0.003993874518386541,0.05591424325741159,0.0,0.0,0,0,-0.003368395135555471,0.01429949150511449,0.004920492832992875,-0.010345536048639897,-0.003368395135555471,0.01429949150511449,-0.01771162070537532,5.599420580438221e-05,0.05718813824976203,0.29612046627603417
global_compatible,22,8,0,0,certified_reset,0,1,0.06804900385290771,0.06405512933452118,0.003993874518386541,0.051920368739025044,0.0,0.0,0,0,0.004920492832992875,-0.010345536048639897,-0.00810551690495646,0.007708296048090027,0.004920492832992875,-0.010345536048639897,0.010340282155740671,4.614970650010984e-05,0.05718813824976203,0.29612046627603417
global_compatible,22,9,0,0,certified_reset,0,1,0.06405512933452118,0.060061254816134634,0.003993874518386541,0.0479264942206385,0.0,0.0,0,0,-0.00810551690495646,0.007708296048090027,-0.0013294574125091697,-0.002199878393180057,-0.00810551690495646,0.007708296048090027,-0.003284574916513951,7.666432413978983e-05,0.05718813824976203,0.29612046627603417
global_compatible,22,10,0,0,certified_reset,0,1,0.060061254816134634,0.05606738029774809,0.003993874518386541,0.04393261970225196,0.0,0.0,0,0,-0.0013294574125091697,-0.002199878393180057,0.0006885100714971054,0.005908660926171131,-0.0013294574125091697,-0.002199878393180057,0.004568505359725446,3.160341732282064e-06,0.05718813824976203,0.29612046627603417
global_compatible,22,11,0,0,certified_reset,0,1,0.05606738029774809,0.05207350577936155,0.003993874518386541,0.039938745183865414,0.0,0.0,0,0,0.0006885100714971054,0.005908660926171131,0.016269589142188144,-0.004949099717521923,0.0006885100714971054,0.005908660926171131,-0.009388415119999669,8.961813889471976e-06,0.05718813824976203,0.29612046627603417
global_compatible,22,12,0,0,certified_reset,0,1,0.05207350577936155,0.048079631260975,0.003993874518386541,0.03594487066547887,0.0,0.0,0,0,0.016269589142188144,-0.004949099717521923,-0.0005519235297949685,-0.0105275870258265,0.016269589142188144,-0.004949099717521923,-0.00890843139097788,0.000271092380444316,0.05718813824976203,0.29612046627603417
global_compatible,22,13,0,0,certified_reset,0,1,0.048079631260975,0.04408575674258846,0.003993874518386541,0.03195099614709233,0.0,0.0,0,0,-0.0005519235297949685,-0.0105275870258265,-0.003019523037171926,0.004358364905917265,-0.0005519235297949685,-0.0105275870258265,0.016061297725747305,2.670316764416181e-05,0.05718813824976203,0.29612046627603417
global_compatible,22,14,0,0,certified_reset,0,1,0.04408575674258846,0.040091882224201916,0.003993874518386541,0.027957121628705783,0.0,0.0,0,0,-0.003019523037171926,0.004358364905917265,0.005043608557494309,0.005395215487975419,-0.003019523037171926,0.004358364905917265,-0.0034127987664974366,1.2827861295090752e-05,0.05718813824976203,0.29612046627603417
global_compatible,22,15,0,0,certified_reset,0,1,0.040091882224201916,0.03609800770581537,0.003993874518386541,0.023963247110319243,0.0,0.0,0,0,0.005043608557494309,0.005395215487975419,0.001810248500488032,-0.011371318342369681,0.005043608557494309,0.005395215487975419,-0.012967900864256419,3.488165163096356e-05,0.05718813824976203,0.29612046627603417
global_compatible,22,16,0,0,certified_reset,0,1,0.03609800770581537,0.03210413318742883,0.003993874518386541,0.019969372591932703,0.0,0.0,0,0,0.001810248500488032,-0.011371318342369681,-0.008421134750532296,-0.0015267611224666564,0.001810248500488032,-0.011371318342369681,0.01494958331436784,3.213948921718217e-05,0.05718813824976203,0.29612046627603417
global_compatible,22,17,0,0,certified_reset,0,1,0.03210413318742883,0.02811025866904229,0.003993874518386541,0.015975498073546163,0.0,0.0,0,0,-0.008421134750532296,-0.0015267611224666564,-0.008888218905316377,0.0005404215102860471,-0.008421134750532296,-0.0015267611224666564,0.010632778335169318,7.41614897792574e-05,0.05718813824976203,0.29612046627603417
global_compatible,22,18,0,0,certified_reset,0,1,0.02811025866904229,0.02411638415065575,0.003993874518386541,0.011981623555159623,0.0,0.0,0,0,-0.008888218905316377,0.0005404215102860471,-0.012340951767077894,-0.0017022862071259248,-0.008888218905316377,0.0005404215102860471,0.008054877303842738,8.067503149190286e-05,0.05718813824976203,0.29612046627603417
global_compatible,22,19,0,0,certified_reset,0,1,0.02411638415065575,0.02012250963226921,0.003993874518386541,0.007987749036773082,0.0,0.0,0,0,-0.012340951767077894,-0.0017022862071259248,-0.0060077785496870815,0.018183156713497108,-0.012340951767077894,-0.0017022862071259248,0.014793599344174518,0.00015829195515581682,0.05718813824976203,0.29612046627603417
global_compatible,22,20,0,0,certified_reset,0,1,0.02012250963226921,0.01612863511388267,0.003993874518386541,0.003993874518386541,0.0,0.0,0,0,-0.0060077785496870815,0.018183156713497108,0.00769895066636736,-0.004970895887337798,-0.0060077785496870815,0.018183156713497108,-0.02080500372997054,0.00010642750145934951,0.05718813824976203,0.29612046627603417
global_compatible,22,21,0,0,certified_reset,0,1,0.01612863511388267,0.01213476059549613,0.003993874518386541,0.0,0.0,0.0,0,0,0.00769895066636736,-0.004970895887337798,-0.0012789816209638287,-0.007531034208926029,0.00769895066636736,-0.004970895887337798,-0.00034566074885028595,6.372459346308614e-05,0.05718813824976203,0.29612046627603417
global_compatible,23,0,0,0,certified_reset,0,1,0.1,0.09600612548161347,0.003993874518386541,0.08387136488611735,0.0,0.0,0,0,-2.6320270016427836,-0.5222112722345575,-2.38450053633613,1.0086776400170077,-2.6320270016427836,-0.5222112722345575,1.549999999999993,7.036715467689491,0.05718813824976203,0.29612046627603417
global_compatible,23,1,0,0,certified_reset,0,1,0.09600612548161347,0.09201225096322693,0.003993874518386541,0.07987749036773081,0.0,0.0,0,0,-2.38450053633613,1.0086776400170077,-1.0421751533335593,1.6908868500292284,-2.38450053633613,1.0086776400170077,0.6706444987347456,5.8802244135440205,0.05718813824976203,0.29612046627603417
global_compatible,23,2,0,0,certified_reset,0,1,0.09201225096322693,0.0880183764448404,0.003993874518386541,0.07588361584934428,0.0,0.0,0,0,-1.0421751533335593,1.6908868500292284,-0.07982273438121586,0.23822237623683915,-1.0421751533335593,1.6908868500292284,-1.453073919729792,1.6535523467591182,0.05718813824976203,0.29612046627603417
global_compatible,23,3,0,0,certified_reset,0,1,0.0880183764448404,0.08402450192645386,0.003993874518386541,0.07188974133095774,0.0,0.0,0,0,-0.07982273438121586,0.23822237623683915,0.023805465067683787,-0.038679968435508444,-0.07982273438121586,0.23822237623683915,-0.27143610861273976,0.018428590047751523,0.05718813824976203,0.29612046627603417
global_compatible,23,4,0,0,certified_reset,0,1,0.08402450192645386,0.08003062740806732,0.003993874518386541,0.0678958668125712,0.0,0.0,0,0,0.023805465067683787,-0.038679968435508444,0.00860963553682205,-0.0007273373859887624,0.023805465067683787,-0.038679968435508444,0.03327569236677817,0.0008636871521218719,0.05718813824976203,0.29612046627603417
global_compatible,23,5,0,0,certified_reset,0,1,0.08003062740806732,0.07603675288968079,0.003993874518386541,0.06390199229418467,0.0,0.0,0,0,0.00860963553682205,-0.0007273373859887624,0.002708694809683867,-0.0050373820443748675,0.00860963553682205,-0.0007273373859887624,-0.0074981603997842875,7.562660785258169e-05,0.05718813824976203,0.29612046627603417
global_compatible,23,6,0,0,certified_reset,0,1,0.07603675288968079,0.07204287837129425,0.003993874518386541,0.05990811777579813,0.0,0.0,0,0,0.002708694809683867,-0.0050373820443748675,-0.0009767728908430487,0.004133013945589625,0.002708694809683867,-0.0050373820443748675,0.004721694870613363,1.2461926848265991e-05,0.05718813824976203,0.29612046627603417
global_compatible,23,7,0,0,certified_reset,0,1,0.07204287837129425,0.06804900385290771,0.003993874518386541,0.05591424325741159,0.0,0.0,0,0,-0.0009767728908430487,0.004133013945589625,0.0032693073610312613,-0.00013453360353852032,-0.0009767728908430487,0.004133013945589625,-0.0051127632982381765,4.682318763280068e-06,0.05718813824976203,0.29612046627603417
global_compatible,23,8,0,0,certified_reset,0,1,0.06804900385290771,0.06405512933452118,0.003993874518386541,0.051920368739025044,0.0,0.0,0,0,0.0032693073610312613,-0.00013453360353852032,0.0022257930492262704,-0.006862792204954985,0.0032693073610312613,-0.00013453360353852032,-0.003056550262507271,1.0925190980860612e-05,0.05718813824976203,0.29612046627603417
global_compatible,23,9,0,0,certified_reset,0,1,0.06405512933452118,0.060061254816134634,0.003993874518386541,0.0479264942206385,0.0,0.0,0,0,0.0022257930492262704,-0.006862792204954985,0.003334750985409307,-0.01155337266825298,0.0022257930492262704,-0.006862792204954985,0.007892197221380815,1.4988949155223618e-05,0.05718813824976203,0.29612046627603417
global_compatible,23,10,0,0,certified_reset,0,1,0.060061254816134634,0.05606738029774809,0.003993874518386541,0.04393261970225196,0.0,0.0,0,0,0.003334750985409307,-0.01155337266825298,-0.00211479108841009,0.0110206335615933,0.003334750985409307,-0.01155337266825298,0.01369644811539733,3.9836857011208916e-05,0.05718813824976203,0.29612046627603417
global_compatible,23,11,0,0,certified_reset,0,1,0.05606738029774809,0.05207350577936155,0.003993874518386541,0.039938745183865414,0.0,0.0,0,0,-0.00211479108841009,0.0110206335615933,-0.0027288213515441542,-0.004345421516891816,-0.00211479108841009,0.0110206335615933,-0.014128712815043172,3.132464003067285e-05,0.05718813824976203,0.29612046627603417
global_compatible,23,12,0,0,certified_reset,0,1,0.05207350577936155,0.048079631260975,0.003993874518386541,0.03594487066547887,0.0,0.0,0,0,-0.0027288213515441542,-0.004345421516891816,-0.008758411747966394,-0.00875081160260629,-0.0027288213515441542,-0.004345421516891816,0.009117918092829594,1.2923760596035943e-05,0.05718813824976203,0.29612046627603417
global_compatible,23,13,0,0,certified_reset,0,1,0.048079631260975,0.04408575674258846,0.003993874518386541,0.03195099614709233,0.0,0.0,0,0,-0.008758411747966394,-0.00875081160260629,-0.006676266998224394,0.020418546426112252,-0.008758411747966394,-0.00875081160260629,0.021610417029067363,0.00010216883611794647,0.05718813824976203,0.29612046627603417
global_compatible,23,14,0,0,certified_reset,0,1,0.04408575674258846,0.040091882224201916,0.003993874518386541,0.027957121628705783,0.0,0.0,0,0,-0.006676266998224394,0.020418546426112252,0.00017088317001583944,-0.01801443212693239,-0.006676266998224394,0.020418546426112252,-0.02343317825812839,0.00013334545398146493,0.05718813824976203,0.29612046627603417
global_compatible,23,15,0,0,certified_reset,0,1,0.040091882224201916,0.03609800770581537,0.003993874518386541,0.023963247110319243,0.0,0.0,0,0,0.00017088317001583944,-0.01801443212693239,0.0018533072436060808,0.0045093621529263455,0.00017088317001583944,-0.01801443212693239,0.02636500280123769,7.582059304958012e-05,0.05718813824976203,0.29612046627603417
global_compatible,23,16,0,0,certified_reset,0,1,0.03609800770581537,0.03210413318742883,0.003993874518386541,0.019969372591932703,0.0,0.0,0,0,0.0018533072436060808,0.0045093621529263455,0.009318983552817881,-0.001765980036300184,0.0018533072436060808,0.0045093621529263455,-0.008490973115549461,8.897345815151376e-06,0.05718813824976203,0.29612046627603417
global_compatible,23,17,0,0,certified_reset,0,1,0.03210413318742883,0.02811025866904229,0.003993874518386541,0.015975498073546163,0.0,0.0,0,0,0.009318983552817881,-0.001765980036300184,-0.0007391734586224465,-0.0135430176529477,0.009318983552817881,-0.001765980036300184,-0.006677337827820575,8.851948885731122e-05,0.05718813824976203,0.29612046627603417
global_compatible,23,18,0,0,certified_reset,0,1,0.02811025866904229,0.02411638415065575,0.003993874518386541,0.011981623555159623,0.0,0.0,0,0,-0.0007391734586224465,-0.0135430176529477,-0.014607333491587958,0.020269934251315572,-0.0007391734586224465,-0.0135430176529477,0.020689103799971208,4.4261751689731e-05,0.05718813824976203,0.29612046627603417
global_compatible,23,19,0,0,certified_reset,0,1,0.02411638415065575,0.02012250963226921,0.003993874518386541,0.007987749036773082,0.0,0.0,0,0,-0.014607333491587958,0.020269934251315572,-0.0003214306132427996,0.0027125259000909565,-0.014607333491587958,0.020269934251315572,-0.015312899303781498,0.0002931929560811391,0.05718813824976203,0.29612046627603417
global_compatible,23,20,0,0,certified_reset,0,1,0.02012250963226921,0.01612863511388267,0.003993874518386541,0.003993874518386541,0.0,0.0,0,0,-0.0003214306132427996,0.0027125259000909565,-0.0040576009250587325,0.01676641489050751,-0.0003214306132427996,0.0027125259000909565,-0.003675730513383216,1.7654959258646188e-06,0.05718813824976203,0.29612046627603417
global_compatible,23,21,0,0,certified_reset,0,1,0.01612863511388267,0.01213476059549613,0.003993874518386541,0.0,0.0,0.0,0,0,-0.0040576009250587325,0.01676641489050751,-0.0008012221350827665,-0.012121284376753812,-0.0040576009250587325,0.01676641489050751,-0.020658695908932014,7.773394847399434e-05,0.05718813824976203,0.29612046627603417
global_compatible,24,0,2,2,certified_reset,0,1,0.1,0.09600612548161347,0.003993874518386541,0.08387136488611735,0.0,0.0,0,0,0.3381001848952172,0.42918469441000473,0.23918844793479713,-0.623343189977703,0.3381001848952172,0.42918469441000473,-0.9688958636673521,0.1709366252368183,0.05718813824976203,0.29612046627603417
global_compatible,24,1,2,2,certified_reset,0,1,0.09600612548161347,0.09201225096322693,0.003993874518386541,0.07987749036773081,0.0,0.0,0,0,0.23918844793479713,-0.623343189977703,-0.05503967083764562,0.03168207766883524,0.23918844793479713,-0.623343189977703,0.6800679445724782,0.13871363570481723,0.05718813824976203,0.29612046627603417
global_compatible,24,2,2,2,certified_reset,0,1,0.09201225096322693,0.0880183764448404,0.003993874518386541,0.07588361584934428,0.0,0.0,0,0,-0.05503967083764562,0.03168207766883524,0.03142596306099288,0.11972507043817185,-0.05503967083764562,0.03168207766883524,0.008133795421352582,0.0032116950597898277,0.05718813824976203,0.29612046627603417
global_compatible,24,3,0,0,certified_reset,0,1,0.0880183764448404,0.08402450192645386,0.003993874518386541,0.07188974133095774,0.0,0.0,0,0,0.03142596306099288,0.11972507043817185,0.03737544733764277,-0.0918860678734287,0.03142596306099288,0.11972507043817185,-0.20765935888468973,0.004645788036077436,0.05718813824976203,0.29612046627603417
global_compatible,24,4,0,0,certified_reset,0,1,0.08402450192645386,0.08003062740806732,0.003993874518386541,0.0678958668125712,0.0,0.0,0,0,0.03737544733764277,-0.0918860678734287,-0.007473479614730789,-0.003307602783971731,0.03737544733764277,-0.0918860678734287,0.09814313009721848,0.0031574748177841594,0.05718813824976203,0.29612046627603417
global_compatible,24,5,0,0,certified_reset,0,1,0.08003062740806732,0.07603675288968079,0.003993874518386541,0.06390199229418467,0.0,0.0,0,0,-0.007473479614730789,-0.003307602783971731,-0.001237853741369374,0.015548176501540004,-0.007473479614730789,-0.003307602783971731,0.012315165486517489,6.161372258758121e-05,0.05718813824976203,0.29612046627603417
global_compatible,24,6,0,0,certified_reset,0,1,0.07603675288968079,0.07204287837129425,0.003993874518386541,0.05990811777579813,0.0,0.0,0,0,-0.001237853741369374,0.015548176501540004,0.009083087361119409,0.004196778042278842,-0.001237853741369374,0.015548176501540004,-0.02167367639432702,5.67902307503197e-05,0.05718813824976203,0.29612046627603417
global_compatible,24,7,0,0,certified_reset,0,1,0.07204287837129425,0.06804900385290771,0.003993874518386541,0.05591424325741159,0.0,0.0,0,0,0.009083087361119409,0.004196778042278842,0.009295200463644961,-0.014749142911665129,0.009083087361119409,0.004196778042278842,-0.015224912540037154,9.146775532452936e-05,0.05718813824976203,0.29612046627603417
global_compatible,24,8,0,0,certified_reset,0,1,0.06804900385290771,0.06405512933452118,0.003993874518386541,0.051920368739025044,0.0,0.0,0,0,0.009295200463644961,-0.014749142911665129,0.0004208475569191567,0.0052231390141507655,0.009295200463644961,-0.014749142911665129,0.012472661007455999,0.00012944663246768824,0.05718813824976203,0.29612046627603417
global_compatible,24,9,0,0,certified_reset,0,1,0.06405512933452118,0.060061254816134634,0.003993874518386541,0.0479264942206385,0.0,0.0,0,0,0.0004208475569191567,0.0052231390141507655,-0.000675470607592034,-0.005671989238393635,0.0004208475569191567,0.0052231390141507655,-0.00811094546264423,6.7324111826204375e-06,0.05718813824976203,0.29612046627603417
global_compatible,24,10,0,0,certified_reset,0,1,0.060061254816134634,0.05606738029774809,0.003993874518386541,0.04393261970225196,0.0,0.0,0,0,-0.000675470607592034,-0.005671989238393635,-0.002012357888279994,0.005536843192232353,-0.000675470607592034,-0.005671989238393635,0.00902820783478812,8.28483710510557e-06,0.05718813824976203,0.29612046627603417
global_compatible,24,11,0,0,certified_reset,0,1,0.05606738029774809,0.05207350577936155,0.003993874518386541,0.039938745183865414,0.0,0.0,0,0,-0.002012357888279994,0.005536843192232353,-0.004929356832633834,0.002580680955950259,-0.002012357888279994,0.005536843192232353,-0.0061500869995877,1.0513367379451712e-05,0.05718813824976203,0.29612046627603417
global_compatible,24,12,0,0,certified_reset,0,1,0.05207350577936155,0.048079631260975,0.003993874518386541,0.03594487066547887,0.0,0.0,0,0,-0.004929356832633834,0.002580680955950259,-0.011512250075609394,0.011449614459625449,-0.004929356832633834,0.002580680955950259,0.0011059146697796124,2.5527919520207485e-05,0.05718813824976203,0.29612046627603417
global_compatible,24,13,0,0,certified_reset,0,1,0.048079631260975,0.04408575674258846,0.003993874518386541,0.03195099614709233,0.0,0.0,0,0,-0.011512250075609394,0.011449614459625449,-0.0035288294317343816,-0.0037517870648874335,-0.011512250075609394,0.011449614459625449,-0.005404823411655744,0.0001568590655354796,0.05718813824976203,0.29612046627603417
global_compatible,24,14,0,0,certified_reset,0,1,0.04408575674258846,0.040091882224201916,0.003993874518386541,0.027957121628705783,0.0,0.0,0,0,-0.0035288294317343816,-0.0037517870648874335,-0.0005486665239953525,0.0010523087148859899,-0.0035288294317343816,-0.0037517870648874335,0.009038584376205791,1.7028700458865783e-05,0.05718813824976203,0.29612046627603417
global_compatible,24,15,0,0,certified_reset,0,1,0.040091882224201916,0.03609800770581537,0.003993874518386541,0.023963247110319243,0.0,0.0,0,0,-0.0005486665239953525,0.0010523087148859899,-0.0018526713367428287,0.0021482202697818637,-0.0005486665239953525,0.0010523087148859899,-0.0010025696527151719,5.254872559232789e-07,0.05718813824976203,0.29612046627603417
global_compatible,24,16,0,0,certified_reset,0,1,0.03609800770581537,0.03210413318742883,0.003993874518386541,0.019969372591932703,0.0,0.0,0,0,-0.0018526713367428287,0.0021482202697818637,-0.004842824988104233,0.010062035347234948,-0.0018526713367428287,0.0021482202697818637,-0.0013194239103483851,4.306586127318734e-06,0.05718813824976203,0.29612046627603417
global_compatible,24,17,0,0,certified_reset,0,1,0.03210413318742883,0.02811025866904229,0.003993874518386541,0.015975498073546163,0.0,0.0,0,0,-0.004842824988104233,0.010062035347234948,-0.006514942601088362,-0.009907973127072993,-0.004842824988104233,0.010062035347234948,-0.009997218283768424,4.41755831599606e-05,0.05718813824976203,0.29612046627603417
global_compatible,24,18,0,0,certified_reset,0,1,0.02811025866904229,0.02411638415065575,0.003993874518386541,0.011981623555159623,0.0,0.0,0,0,-0.006514942601088362,-0.009907973127072993,0.0007034058168226432,0.018052798309479992,-0.006514942601088362,-0.009907973127072993,0.021085299260492556,7.122945088571329e-05,0.05718813824976203,0.29612046627603417
global_compatible,24,19,0,0,certified_reset,0,1,0.02411638415065575,0.02012250963226921,0.003993874518386541,0.007987749036773082,0.0,0.0,0,0,0.0007034058168226432,0.018052798309479992,0.011037053037365165,0.007390349922638435,0.0007034058168226432,0.018052798309479992,-0.027296718834736996,7.778518604620453e-05,0.05718813824976203,0.29612046627603417
global_compatible,24,20,0,0,certified_reset,0,1,0.02012250963226921,0.01612863511388267,0.003993874518386541,0.003993874518386541,0.0,0.0,0,0,0.011037053037365165,0.007390349922638435,0.012947999279896736,-0.00858306025210007,0.011037053037365165,0.007390349922638435,-0.021874083966435545,0.00014360953744010598,0.05718813824976203,0.29612046627603417
global_compatible,24,21,0,0,certified_reset,0,1,0.01612863511388267,0.01213476059549613,0.003993874518386541,0.0,0.0,0.0,0,0,0.012947999279896736,-0.00858306025210007,0.011703813782650506,-0.003675339064678232,0.012947999279896736,-0.00858306025210007,-0.0002522387523696702,0.00018091268215432376,0.05718813824976203,0.29612046627603417
global_compatible,25,0,0,0,certified_reset,0,1,0.1,0.09600612548161347,0.003993874518386541,0.08387136488611735,0.0,0.0,0,0,-1.7510924723172998,0.27634942861042366,-0.852343574326668,1.505211393397939,-1.7510924723172998,0.27634942861042366,1.2374035380853021,3.118350455712759,0.05718813824976203,0.29612046627603417
global_compatible,25,1,0,0,certified_reset,0,1,0.09600612548161347,0.09201225096322693,0.003993874518386541,0.07987749036773081,0.0,0.0,0,0,-0.852343574326668,1.505211393397939,-0.029743166385578734,0.12713001540823365,-0.852343574326668,1.505211393397939,-1.3685849984111988,1.1811342321295584,0.05718813824976203,0.29612046627603417
global_compatible,25,2,0,0,certified_reset,0,1,0.09201225096322693,0.0880183764448404,0.003993874518386541,0.07588361584934428,0.0,0.0,0,0,-0.029743166385578734,0.12713001540823365,0.014755737620973694,-0.029497328109895363,-0.029743166385578734,0.12713001540823365,-0.1576551324025473,0.004415201813147429,0.05718813824976203,0.29612046627603417
global_compatible,25,3,0,0,certified_reset,0,1,0.0880183764448404,0.08402450192645386,0.003993874518386541,0.07188974133095774,0.0,0.0,0,0,0.014755737620973694,-0.029497328109895363,-0.004701246110893389,-0.0034153158692811674,0.014755737620973694,-0.029497328109895363,0.028760710933864002,0.0003950278808866587,0.05718813824976203,0.29612046627603417
global_compatible,25,4,0,0,certified_reset,0,1,0.08402450192645386,0.08003062740806732,0.003993874518386541,0.0678958668125712,0.0,0.0,0,0,-0.004701246110893389,-0.0034153158692811674,-0.0030821470808740704,0.004618545792567718,-0.004701246110893389,-0.0034153158692811674,0.009709569470909571,2.655819732560418e-05,0.05718813824976203,0.29612046627603417
global_compatible,25,5,0,0,certified_reset,0,1,0.08003062740806732,0.07603675288968079,0.003993874518386541,0.06390199229418467,0.0,0.0,0,0,-0.0030821470808740704,0.004618545792567718,0.003167494970753069,-0.0006636129138287768,-0.0030821470808740704,0.004618545792567718,-0.003733355159048183,1.368765288957844e-05,0.05718813824976203,0.29612046627603417
global_compatible,25,6,0,0,certified_reset,0,1,0.07603675288968079,0.07204287837129425,0.003993874518386541,0.05990811777579813,0.0,0.0,0,0,0.003167494970753069,-0.0006636129138287768,0.007022562125780619,-0.0009396176258911831,0.003167494970753069,-0.0006636129138287768,-0.0021754208953378294,1.0230604569434852e-05,0.05718813824976203,0.29612046627603417
global_compatible,25,7,0,0,certified_reset,0,1,0.07204287837129425,0.06804900385290771,0.003993874518386541,0.05591424325741159,0.0,0.0,0,0,0.007022562125780619,-0.0009396176258911831,0.012117583279112915,-0.01216889311340873,0.007022562125780619,-0.0009396176258911831,-0.005607934536053029,5.0261520685384185e-05,0.05718813824976203,0.29612046627603417
global_compatible,25,8,0,0,certified_reset,0,1,0.06804900385290771,0.06405512933452118,0.003993874518386541,0.051920368739025044,0.0,0.0,0,0,0.012117583279112915,-0.01216889311340873,-6.11954883301311e-05,-0.016099670618246638,0.012117583279112915,-0.01216889311340873,0.0058558326208842165,0.00017434784664733415,0.05718813824976203,0.29612046627603417
global_compatible,25,9,0,0,certified_reset,0,1,0.06405512933452118,0.060061254816134634,0.003993874518386541,0.0479264942206385,0.0,0.0,0,0,-6.11954883301311e-05,-0.016099670618246638,-0.006336149865476757,0.002575465767173604,-6.11954883301311e-05,-0.016099670618246638,0.02377826232958878,6.079477979604662e-05,0.05718813824976203,0.29612046627603417
global_compatible,25,10,0,0,certified_reset,0,1,0.060061254816134634,0.05606738029774809,0.003993874518386541,0.04393261970225196,0.0,0.0,0,0,-0.006336149865476757,0.002575465767173604,-0.011305647193858516,0.008487694865289502,-0.006336149865476757,0.002575465767173604,0.002517308590014548,4.1499160486434116e-05,0.05718813824976203,0.29612046627603417
global_compatible,25,11,0,0,certified_reset,0,1,0.05606738029774809,0.05207350577936155,0.003993874518386541,0.039938745183865414,0.0,0.0,0,0,-0.011305647193858516,0.008487694865289502,-0.01247151507799767,0.008909515966261073,-0.011305647193858516,0.008487694865289502,-0.0012451816284961125,0.00014082379394692667,0.05718813824976203,0.29612046627603417
global_compatible,25,12,0,0,certified_reset,0,1,0.05207350577936155,0.048079631260975,0.003993874518386541,0.03594487066547887,0.0,0.0,0,0,-0.01247151507799767,0.008909515966261073,0.0016147833168308097,0.014731957525560564,-0.01247151507799767,0.008909515966261073,-0.0007047765122661925,0.00016983941154458026,0.05718813824976203,0.29612046627603417
global_compatible,25,13,0,0,certified_reset,0,1,0.048079631260975,0.04408575674258846,0.003993874518386541,0.03195099614709233,0.0,0.0,0,0,0.0016147833168308097,0.014731957525560564,0.00020099415025611606,-0.02194847293111425,0.0016147833168308097,0.014731957525560564,-0.0233126537932747,5.526002388872794e-05,0.05718813824976203,0.29612046627603417
global_compatible,25,14,0,0,certified_reset,0,1,0.04408575674258846,0.040091882224201916,0.003993874518386541,0.027957121628705783,0.0,0.0,0,0,0.00020099415025611606,-0.02194847293111425,0.0006199560630867585,-0.0009958823853651478,0.00020099415025611606,-0.02194847293111425,0.03213365153256028,0.00011256707119025139,0.05718813824976203,0.29612046627603417
global_compatible,25,15,0,0,certified_reset,0,1,0.040091882224201916,0.03609800770581537,0.003993874518386541,0.023963247110319243,0.0,0.0,0,0,0.0006199560630867585,-0.0009958823853651478,0.0014328498619576506,-0.0010153976264363146,0.0006199560630867585,-0.0009958823853651478,0.000848559158705081,5.808675468900936e-07,0.05718813824976203,0.29612046627603417
global_compatible,25,16,0,0,certified_reset,0,1,0.03609800770581537,0.03210413318742883,0.003993874518386541,0.019969372591932703,0.0,0.0,0,0,0.0014328498619576506,-0.0010153976264363146,0.006658060005478864,-0.0067467745464109,0.0014328498619576506,-0.0010153976264363146,6.846995122397408e-05,2.238761751426624e-06,0.05718813824976203,0.29612046627603417
global_compatible,25,17,0,0,certified_reset,0,1,0.03210413318742883,0.02811025866904229,0.003993874518386541,0.015975498073546163,0.0,0.0,0,0,0.006658060005478864,-0.0067467745464109,-0.005530609147420099,-0.008272557318850342,0.006658060005478864,-0.0067467745464109,0.0033105132982129064,5.279716451441597e-05,0.05718813824976203,0.29612046627603417
global_compatible,25,18,0,0,certified_reset,0,1,0.02811025866904229,0.02411638415065575,0.003993874518386541,0.011981623555159623,0.0,0.0,0,0,-0.005530609147420099,-0.008272557318850342,-0.002152466201811045,0.004760907382526787,-0.005530609147420099,-0.008272557318850342,0.017691171519636947,5.07304131118168e-05,0.05718813824976203,0.29612046627603417
global_compatible,25,19,0,0,certified_reset,0,1,0.02411638415065575,0.02012250963226921,0.003993874518386541,0.007987749036773082,0.0,0.0,0,0,-0.002152466201811045,0.004760907382526787,0.003937697867738628,0.003977951268166591,-0.002152466201811045,0.004760907382526787,-0.004870896450650041,9.306174594662396e-06,0.05718813824976203,0.29612046627603417
global_compatible,25,20,0,0,certified_reset,0,1,0.02012250963226921,0.01612863511388267,0.003993874518386541,0.003993874518386541,0.0,0.0,0,0,0.003937697867738628,0.003977951268166591,0.004668216348179089,-0.0074057145508190005,0.003937697867738628,0.003977951268166591,-0.009778401676157442,2.0744230313643777e-05,0.05718813824976203,0.29612046627603417
global_compatible,25,21,0,0,certified_reset,0,1,0.01612863511388267,0.01213476059549613,0.003993874518386541,0.0,0.0,0.0,0,0,0.004668216348179089,-0.0074057145508190005,0.004373536847024845,-0.00019586737287716563,0.004668216348179089,-0.0074057145508190005,0.006256991844635678,3.264302198848065e-05,0.05718813824976203,0.29612046627603417
global_compatible,26,0,0,0,certified_reset,0,1,0.1,0.09600612548161347,0.003993874518386541,0.08387136488611735,0.0,0.0,0,0,2.1431039847780884,0.3047121390857793,1.6816022597483216,-1.2444701156373976,2.1431039847780884,0.3047121390857793,-1.55,4.669670097358843,0.05718813824976203,0.29612046627603417
global_compatible,26,1,0,0,certified_reset,0,1,0.09600612548161347,0.09201225096322693,0.003993874518386541,0.07987749036773081,0.0,0.0,0,0,1.6816022597483216,-1.2444701156373976,0.510118026502015,-1.0841248522044533,1.6816022597483216,-1.2444701156373976,0.15874588075387927,3.10718322272569,0.05718813824976203,0.29612046627603417
global_compatible,26,2,0,0,certified_reset,0,1,0.09201225096322693,0.0880183764448404,0.003993874518386541,0.07588361584934428,0.0,0.0,0,0,0.510118026502015,-1.0841248522044533,-0.030278959566156644,0.01078348911596256,0.510118026502015,-1.0841248522044533,1.0890600288377246,0.5014304997527301,0.05718813824976203,0.29612046627603417
global_compatible,26,3,0,0,certified_reset,0,1,0.0880183764448404,0.08402450192645386,0.003993874518386541,0.07188974133095774,0.0,0.0,0,0,-0.030278959566156644,0.01078348911596256,-0.009857227067327985,0.026710637097818502,-0.030278959566156644,0.01078348911596256,0.014264355377097016,0.0009428332430195868,0.05718813824976203,0.29612046627603417
global_compatible,26,4,0,0,certified_reset,0,1,0.08402450192645386,0.08003062740806732,0.003993874518386541,0.0678958668125712,0.0,0.0,0,0,-0.009857227067327985,0.026710637097818502,0.002597994560706545,0.0006422789481445295,-0.009857227067327985,0.026710637097818502,-0.029535110497727654,0.0002473954584105325,0.05718813824976203,0.29612046627603417
global_compatible,26,5,0,0,certified_reset,0,1,0.08003062740806732,0.07603675288968079,0.003993874518386541,0.06390199229418467,0.0,0.0,0,0,0.002597994560706545,0.0006422789481445295,0.0033679066687326816,0.0019098882511266397,0.002597994560706545,0.0006422789481445295,-0.0035330215844316046,7.13588577986362e-06,0.05718813824976203,0.29612046627603417
global_compatible,26,6,0,0,certified_reset,0,1,0.07603675288968079,0.07204287837129425,0.003993874518386541,0.05990811777579813,0.0,0.0,0,0,0.0033679066687326816,0.0019098882511266397,0.0018597913537802377,-0.01541299934536644,0.0033679066687326816,0.0019098882511266397,-0.006165856492599434,1.2949821150199818e-05,0.05718813824976203,0.29612046627603417
global_compatible,26,7,0,0,certified_reset,0,1,0.07204287837129425,0.06804900385290771,0.003993874518386541,0.05591424325741159,0.0,0.0,0,0,0.0018597913537802377,-0.01541299934536644,-0.000736668112278805,0.004072480995900492,0.0018597913537802377,-0.01541299934536644,0.02085305328639851,5.7090968451378056e-05,0.05718813824976203,0.29612046627603417
global_compatible,26,8,0,0,certified_reset,0,1,0.06804900385290771,0.06405512933452118,0.003993874518386541,0.051920368739025044,0.0,0.0,0,0,-0.000736668112278805,0.004072480995900492,-0.0035269034495274748,-0.002078363224674689,-0.000736668112278805,0.004072480995900492,-0.005263369448344823,4.220574619547379e-06,0.05718813824976203,0.29612046627603417
global_compatible,26,9,0,0,certified_reset,0,1,0.06405512933452118,0.060061254816134634,0.003993874518386541,0.0479264942206385,0.0,0.0,0,0,-0.0035269034495274748,-0.002078363224674689,-0.0008225660399250327,0.012679063927812484,-0.0035269034495274748,-0.002078363224674689,0.0065722953973700905,1.4296451476908535e-05,0.05718813824976203,0.29612046627603417
global_compatible,26,10,0,0,certified_reset,0,1,0.060061254816134634,0.05606738029774809,0.003993874518386541,0.04393261970225196,0.0,0.0,0,0,-0.0008225660399250327,0.012679063927812484,-0.0049972629393544524,0.0028381995707742573,-0.0008225660399250327,0.012679063927812484,-0.0178579940094824,3.7585872816505716e-05,0.05718813824976203,0.29612046627603417
global_compatible,26,11,0,0,certified_reset,0,1,0.05606738029774809,0.05207350577936155,0.003993874518386541,0.039938745183865414,0.0,0.0,0,0,-0.0049972629393544524,0.0028381995707742573,-0.004940441108050508,0.00314087265592549,-0.0049972629393544524,0.0028381995707742573,0.0007956178051919712,2.643842990198174e-05,0.05718813824976203,0.29612046627603417
global_compatible,26,12,0,0,certified_reset,0,1,0.05207350577936155,0.048079631260975,0.003993874518386541,0.03594487066547887,0.0,0.0,0,0,-0.004940441108050508,0.00314087265592549,-0.003558479329431149,0.002327799042061602,-0.004940441108050508,0.00314087265592549,0.0002916955989403429,2.618580008750964e-05,0.05718813824976203,0.29612046627603417
global_compatible,26,13,0,0,certified_reset,0,1,0.048079631260975,0.04408575674258846,0.003993874518386541,0.03195099614709233,0.0,0.0,0,0,-0.003558479329431149,0.002327799042061602,-0.005643380192471283,0.007199307847926184,-0.003558479329431149,0.002327799042061602,0.00011315087330054696,1.36384519244321e-05,0.05718813824976203,0.29612046627603417
global_compatible,26,14,0,0,certified_reset,0,1,0.04408575674258846,0.040091882224201916,0.003993874518386541,0.027957121628705783,0.0,0.0,0,0,-0.005643380192471283,0.007199307847926184,0.0011905365530898875,0.0083093568848966,-0.005643380192471283,0.007199307847926184,-0.004984262879449988,4.179821793612187e-05,0.05718813824976203,0.29612046627603417
global_compatible,26,15,0,0,certified_reset,0,1,0.040091882224201916,0.03609800770581537,0.003993874518386541,0.023963247110319243,0.0,0.0,0,0,0.0011905365530898875,0.0083093568848966,-0.0012448113718435917,-0.005020519579274529,0.0011905365530898875,0.0083093568848966,-0.013424288293579802,1.835083932027588e-05,0.05718813824976203,0.29612046627603417
global_compatible,26,16,0,0,certified_reset,0,1,0.03609800770581537,0.03210413318742883,0.003993874518386541,0.019969372591932703,0.0,0.0,0,0,-0.0012448113718435917,-0.005020519579274529,-0.004204950835852678,0.0025119240179109063,-0.0012448113718435917,-0.005020519579274529,0.008633314614078083,7.94991941437068e-06,0.05718813824976203,0.29612046627603417
global_compatible,26,17,0,0,certified_reset,0,1,0.03210413318742883,0.02811025866904229,0.003993874518386541,0.015975498073546163,0.0,0.0,0,0,-0.004204950835852678,0.0025119240179109063,-0.0018954120346008042,-0.0061430582729201,-0.004204950835852678,0.0025119240179109063,0.0004893742550611765,1.882335591989243e-05,0.05718813824976203,0.29612046627603417
global_compatible,26,18,0,0,certified_reset,0,1,0.02811025866904229,0.02411638415065575,0.003993874518386541,0.011981623555159623,0.0,0.0,0,0,-0.0018954120346008042,-0.0061430582729201,-0.013017517313524518,0.0015819604908622787,-0.0018954120346008042,-0.0061430582729201,0.010932753072347088,1.3373403714441003e-05,0.05718813824976203,0.29612046627603417
global_compatible,26,19,0,0,certified_reset,0,1,0.02411638415065575,0.02012250963226921,0.003993874518386541,0.007987749036773082,0.0,0.0,0,0,-0.013017517313524518,0.0015819604908622787,-0.009931089414564795,-0.00030781748151044973,-0.013017517313524518,0.0015819604908622787,0.010630807657987256,0.00017273157661347547,0.05718813824976203,0.29612046627603417
global_compatible,26,20,0,0,certified_reset,0,1,0.02012250963226921,0.01612863511388267,0.003993874518386541,0.003993874518386541,0.0,0.0,0,0,-0.009931089414564795,-0.00030781748151044973,-0.009876193363952823,0.01315662667074896,-0.009931089414564795,-0.00030781748151044973,0.010344848181808447,0.00010131898934604378,0.05718813824976203,0.29612046627603417
global_compatible,26,21,0,0,certified_reset,0,1,0.01612863511388267,0.01213476059549613,0.003993874518386541,0.0,0.0,0.0,0,0,-0.009876193363952823,0.01315662667074896,-0.0057856946694900884,0.004947251389871746,-0.009876193363952823,0.01315662667074896,-0.009545884457816596,0.00013097472167785868,0.05718813824976203,0.29612046627603417
global_compatible,27,0,0,0,certified_reset,0,1,0.1,0.09600612548161347,0.003993874518386541,0.08387136488611735,0.0,0.0,0,0,-1.4792826915588044,0.08053973464966568,-0.7340243881424509,1.405049340056898,-1.4792826915588044,0.08053973464966568,1.3268958617890692,2.2334611940406237,0.05718813824976203,0.29612046627603417
global_compatible,27,1,0,0,certified_reset,0,1,0.09600612548161347,0.09201225096322693,0.003993874518386541,0.07987749036773081,0.0,0.0,0,0,-0.7340243881424509,1.405049340056898,-0.0002528596458309684,0.05875950080190749,-0.7340243881424509,1.405049340056898,-1.3388538670760646,0.9389545009614911,0.05718813824976203,0.29612046627603417
global_compatible,27,2,0,0,certified_reset,0,1,0.09201225096322693,0.0880183764448404,0.003993874518386541,0.07588361584934428,0.0,0.0,0,0,-0.0002528596458309684,0.05875950080190749,0.009506907758747705,-0.03744812229104526,-0.0002528596458309684,0.05875950080190749,-0.08630424861270623,0.000807756729423671,0.05718813824976203,0.29612046627603417
global_compatible,27,3,0,0,certified_reset,0,1,0.0880183764448404,0.08402450192645386,0.003993874518386541,0.07188974133095774,0.0,0.0,0,0,0.009506907758747705,-0.03744812229104526,-0.00903087954862533,0.017484647001891455,0.009506907758747705,-0.03744812229104526,0.04570164862175512,0.0003950224476645111,0.05718813824976203,0.29612046627603417
global_compatible,27,4,0,0,certified_reset,0,1,0.08402450192645386,0.08003062740806732,0.003993874518386541,0.0678958668125712,0.0,0.0,0,0,-0.00903087954862533,0.017484647001891455,0.0071523160086858035,0.0032936865199793414,-0.00903087954862533,0.017484647001891455,-0.016761145928519683,0.0001436085042832429,0.05718813824976203,0.29612046627603417
global_compatible,27,5,0,0,certified_reset,0,1,0.08003062740806732,0.07603675288968079,0.003993874518386541,0.06390199229418467,0.0,0.0,0,0,0.0071523160086858035,0.0032936865199793414,0.012938842467213399,-0.025540846037680774,0.0071523160086858035,0.0032936865199793414,-0.011970013285413994,5.669036149996876e-05,0.05718813824976203,0.29612046627603417
global_compatible,27,6,0,0,certified_reset,0,1,0.07603675288968079,0.07204287837129425,0.003993874518386541,0.05990811777579813,0.0,0.0,0,0,0.012938842467213399,-0.025540846037680774,-0.00863571897547605,0.007469547256688818,0.012938842467213399,-0.025540846037680774,0.02473971441709693,0.0003001352480650452,0.05718813824976203,0.29612046627603417
global_compatible,27,7,0,0,certified_reset,0,1,0.07204287837129425,0.06804900385290771,0.003993874518386541,0.05591424325741159,0.0,0.0,0,0,-0.00863571897547605,0.007469547256688818,-0.002810959661795098,0.005410634845559346,-0.00863571897547605,0.007469547256688818,-0.0024002014631370723,8.476261091957159e-05,0.05718813824976203,0.29612046627603417
global_compatible,27,8,0,0,certified_reset,0,1,0.06804900385290771,0.06405512933452118,0.003993874518386541,0.051920368739025044,0.0,0.0,0,0,-0.002810959661795098,0.005410634845559346,-0.007775867868167955,-0.0025991623302055056,-0.002810959661795098,0.005410634845559346,-0.005170469422484012,1.3839332569216846e-05,0.05718813824976203,0.29612046627603417
global_compatible,27,9,0,0,certified_reset,0,1,0.06405512933452118,0.060061254816134634,0.003993874518386541,0.0479264942206385,0.0,0.0,0,0,-0.007775867868167955,-0.0025991623302055056,-0.0017138330964985493,0.019672064059628715,-0.007775867868167955,-0.0025991623302055056,0.011570087630064937,6.502681036476807e-05,0.05718813824976203,0.29612046627603417
global_compatible,27,10,0,0,certified_reset,0,1,0.060061254816134634,0.05606738029774809,0.003993874518386541,0.04393261970225196,0.0,0.0,0,0,-0.0017138330964985493,0.019672064059628715,0.009867093876760484,-0.014913763244534674,-0.0017138330964985493,0.019672064059628715,-0.027275370242136776,9.119408821469925e-05,0.05718813824976203,0.29612046627603417
global_compatible,27,11,0,0,certified_reset,0,1,0.05606738029774809,0.05207350577936155,0.003993874518386541,0.039938745183865414,0.0,0.0,0,0,0.009867093876760484,-0.014913763244534674,0.003551793476073749,0.0010757415436385902,0.009867093876760484,-0.014913763244534674,0.012143095020171045,0.0001410815706300528,0.05718813824976203,0.29612046627603417
global_compatible,27,12,0,0,certified_reset,0,1,0.05207350577936155,0.048079631260975,0.003993874518386541,0.03594487066547887,0.0,0.0,0,0,0.003551793476073749,0.0010757415436385902,-0.004471070725582164,0.001251262411609365,0.003551793476073749,0.0010757415436385902,-0.0051212006807116045,1.347920388335086e-05,0.05718813824976203,0.29612046627603417
global_compatible,27,13,0,0,certified_reset,0,1,0.048079631260975,0.04408575674258846,0.003993874518386541,0.03195099614709233,0.0,0.0,0,0,-0.004471070725582164,0.001251262411609365,-0.00020055405583055278,-0.0044483201070105935,-0.004471070725582164,0.001251262411609365,0.002607541499243586,2.044227362200193e-05,0.05718813824976203,0.29612046627603417
global_compatible,27,14,0,0,certified_reset,0,1,0.04408575674258846,0.040091882224201916,0.003993874518386541,0.027957121628705783,0.0,0.0,0,0,-0.00020055405583055278,-0.0044483201070105935,-0.0002381148410544147,0.0006045284682292325,-0.00020055405583055278,-0.0044483201070105935,0.006758092208740443,4.743776506254294e-06,0.05718813824976203,0.29612046627603417
global_compatible,27,15,0,0,certified_reset,0,1,0.040091882224201916,0.03609800770581537,0.003993874518386541,0.023963247110319243,0.0,0.0,0,0,-0.0002381148410544147,0.0006045284682292325,0.003055490612803757,0.002441746658088788,-0.0002381148410544147,0.0006045284682292325,-0.0006500314748982391,1.3304404089125346e-07,0.05718813824976203,0.29612046627603417
global_compatible,27,16,0,0,certified_reset,0,1,0.03609800770581537,0.03210413318742883,0.003993874518386541,0.019969372591932703,0.0,0.0,0,0,0.003055490612803757,0.002441746658088788,-0.007684853011989543,-0.003433153841568122,0.003055490612803757,0.002441746658088788,-0.006638238640515152,1.1510861004754388e-05,0.05718813824976203,0.29612046627603417
global_compatible,27,17,0,0,certified_reset,0,1,0.03210413318742883,0.02811025866904229,0.003993874518386541,0.015975498073546163,0.0,0.0,0,0,-0.007684853011989543,-0.003433153841568122,0.010289987951316974,-0.0009291584892251129,-0.007684853011989543,-0.003433153841568122,0.012707496813160399,6.521555585127411e-05,0.05718813824976203,0.29612046627603417
global_compatible,27,18,0,0,certified_reset,0,1,0.02811025866904229,0.02411638415065575,0.003993874518386541,0.011981623555159623,0.0,0.0,0,0,0.010289987951316974,-0.0009291584892251129,0.005253341386728454,-0.004865330046631937,0.010289987951316974,-0.0009291584892251129,-0.008879036839877483,0.00010801018480800385,0.05718813824976203,0.29612046627603417
global_compatible,27,19,0,0,certified_reset,0,1,0.02411638415065575,0.02012250963226921,0.003993874518386541,0.007987749036773082,0.0,0.0,0,0,0.005253341386728454,-0.004865330046631937,0.0029673809501207567,-0.008550197301969742,0.005253341386728454,-0.004865330046631937,0.001934592807525158,3.195202052206595e-05,0.05718813824976203,0.29612046627603417
global_compatible,27,20,0,0,certified_reset,0,1,0.02012250963226921,0.01612863511388267,0.003993874518386541,0.003993874518386541,0.0,0.0,0,0,0.0029673809501207567,-0.008550197301969742,-0.00084022499515756,0.011750815685161523,0.0029673809501207567,-0.008550197301969742,0.00963725541827715,2.4286324305537287e-05,0.05718813824976203,0.29612046627603417
global_compatible,27,21,0,0,certified_reset,0,1,0.01612863511388267,0.01213476059549613,0.003993874518386541,0.0,0.0,0.0,0,0,-0.00084022499515756,0.011750815685161523,0.003319142271452668,-0.0029786882777173337,-0.00084022499515756,0.011750815685161523,-0.016474073733065094,3.2345556144544e-05,0.05718813824976203,0.29612046627603417
global_compatible,28,0,1,1,certified_reset,0,1,0.1,0.09600612548161347,0.003993874518386541,0.08387136488611735,0.0,0.0,0,0,-0.148551643333656,0.1208153273183572,-0.03888629860699079,0.08819943797262439,-0.148551643333656,0.1208153273183572,-0.030048863044500964,0.024717505888093946,0.05718813824976203,0.29612046627603417
global_compatible,28,1,0,0,certified_reset,0,1,0.09600612548161347,0.09201225096322693,0.003993874518386541,0.07987749036773081,0.0,0.0,0,0,-0.03888629860699079,0.08819943797262439,0.01049932317401742,0.005327464291144108,-0.03888629860699079,0.08819943797262439,-0.09120702965741265,0.0031203576303888846,0.05718813824976203,0.29612046627603417
global_compatible,28,2,0,0,certified_reset,0,1,0.09201225096322693,0.0880183764448404,0.003993874518386541,0.07588361584934428,0.0,0.0,0,0,0.01049932317401742,0.005327464291144108,0.01453533195936851,-0.015494866643577035,0.01049932317401742,0.005327464291144108,-0.018301809110071024,0.000123718430169211,0.05718813824976203,0.29612046627603417
global_compatible,28,3,0,0,certified_reset,0,1,0.0880183764448404,0.08402450192645386,0.003993874518386541,0.07188974133095774,0.0,0.0,0,0,0.01453533195936851,-0.015494866643577035,-0.0003742815912407692,-0.001710347662607338,0.01453533195936851,-0.015494866643577035,0.008352221609178019,0.0002562362259286626,0.05718813824976203,0.29612046627603417
global_compatible,28,4,0,0,certified_reset,0,1,0.08402450192645386,0.08003062740806732,0.003993874518386541,0.0678958668125712,0.0,0.0,0,0,-0.0003742815912407692,-0.001710347662607338,-0.006750669234898901,0.0033547804054700958,-0.0003742815912407692,-0.001710347662607338,0.002890034483128605,8.754462352410819e-07,0.05718813824976203,0.29612046627603417
global_compatible,28,5,0,0,certified_reset,0,1,0.08003062740806732,0.07603675288968079,0.003993874518386541,0.06390199229418467,0.0,0.0,0,0,-0.006750669234898901,0.0033547804054700958,0.0022421283549166286,0.007683156161053755,-0.006750669234898901,0.0033547804054700958,0.0017784400835366546,4.767642562968545e-05,0.05718813824976203,0.29612046627603417
global_compatible,28,6,0,0,certified_reset,0,1,0.07603675288968079,0.07204287837129425,0.003993874518386541,0.05990811777579813,0.0,0.0,0,0,0.0022421283549166286,0.007683156161053755,-7.401615742299878e-05,0.007094520655811235,0.0022421283549166286,0.007683156161053755,-0.01354918175471123,2.0242207662601027e-05,0.05718813824976203,0.29612046627603417
global_compatible,28,7,0,0,certified_reset,0,1,0.07204287837129425,0.06804900385290771,0.003993874518386541,0.05591424325741159,0.0,0.0,0,0,-7.401615742299878e-05,0.007094520655811235,0.0017595479378789615,-0.011694557669821118,-7.401615742299878e-05,0.007094520655811235,-0.010379276614465268,1.1758513167981116e-05,0.05718813824976203,0.29612046627603417
global_compatible,28,8,0,0,certified_reset,0,1,0.06804900385290771,0.06405512933452118,0.003993874518386541,0.051920368739025044,0.0,0.0,0,0,0.0017595479378789615,-0.011694557669821118,-9.892953516969956e-05,0.007947864052624144,0.0017595479378789615,-0.011694557669821118,0.015475159631191868,3.3700305322664814e-05,0.05718813824976203,0.29612046627603417
global_compatible,28,9,0,0,certified_reset,0,1,0.06405512933452118,0.060061254816134634,0.003993874518386541,0.0479264942206385,0.0,0.0,0,0,-9.892953516969956e-05,0.007947864052624144,-0.00018678712169560487,0.014665587362108295,-9.892953516969956e-05,0.007947864052624144,-0.011610512681957254,1.4750224911195263e-05,0.05718813824976203,0.29612046627603417
global_compatible,28,10,0,0,certified_reset,0,1,0.060061254816134634,0.05606738029774809,0.003993874518386541,0.04393261970225196,0.0,0.0,0,0,-0.00018678712169560487,0.014665587362108295,0.0002005611282226115,0.005904123319122516,-0.00018678712169560487,0.014665587362108295,-0.02141306856624908,5.021217854601693e-05,0.05718813824976203,0.29612046627603417
global_compatible,28,11,0,0,certified_reset,0,1,0.05606738029774809,0.05207350577936155,0.003993874518386541,0.039938745183865414,0.0,0.0,0,0,0.0002005611282226115,0.005904123319122516,-0.0010967650662209532,0.0021073140228963644,0.0002005611282226115,0.005904123319122516,-0.008897858258315437,8.29408279591386e-06,0.05718813824976203,0.29612046627603417
global_compatible,28,12,0,0,certified_reset,0,1,0.05207350577936155,0.048079631260975,0.003993874518386541,0.03594487066547887,0.0,0.0,0,0,-0.0010967650662209532,0.0021073140228963644,0.006946885527618014,0.016919792277195547,-0.0010967650662209532,0.0021073140228963644,-0.0020147944492084863,2.1037175576939033e-06,0.05718813824976203,0.29612046627603417
global_compatible,28,13,0,0,certified_reset,0,1,0.048079631260975,0.04408575674258846,0.003993874518386541,0.03195099614709233,0.0,0.0,0,0,0.006946885527618014,0.016919792277195547,0.010258007114070496,-0.018203187793279257,0.006946885527618014,0.016919792277195547,-0.03184533924019209,0.00012514264604352186,0.05718813824976203,0.29612046627603417
global_compatible,28,14,0,0,certified_reset,0,1,0.04408575674258846,0.040091882224201916,0.003993874518386541,0.027957121628705783,0.0,0.0,0,0,0.010258007114070496,-0.018203187793279257,-0.0012923369368665262,0.0010903373294827473,0.010258007114070496,-0.018203187793279257,0.016601375398127984,0.0001717609398307905,0.05718813824976203,0.29612046627603417
global_compatible,28,15,0,0,certified_reset,0,1,0.040091882224201916,0.03609800770581537,0.003993874518386541,0.023963247110319243,0.0,0.0,0,0,-0.0012923369368665262,0.0010903373294827473,-0.0006964235755561261,-0.005460431286038897,-0.0012923369368665262,0.0010903373294827473,-0.00031512597003429245,1.8866077563857496e-06,0.05718813824976203,0.29612046627603417
global_compatible,28,16,0,0,certified_reset,0,1,0.03609800770581537,0.03210413318742883,0.003993874518386541,0.019969372591932703,0.0,0.0,0,0,-0.0006964235755561261,-0.005460431286038897,0.0015597324131313103,-0.0051580380941685,-0.0006964235755561261,-0.005460431286038897,0.008733107420605244,7.758620696405571e-06,0.05718813824976203,0.29612046627603417
global_compatible,28,17,0,0,certified_reset,0,1,0.03210413318742883,0.02811025866904229,0.003993874518386541,0.015975498073546163,0.0,0.0,0,0,0.0015597324131313103,-0.0051580380941685,-0.00014489070703151732,-0.020073038781367368,0.0015597324131313103,-0.0051580380941685,0.006047062785497021,8.13590366542681e-06,0.05718813824976203,0.29612046627603417
global_compatible,28,18,0,0,certified_reset,0,1,0.02811025866904229,0.02411638415065575,0.003993874518386541,0.011981623555159623,0.0,0.0,0,0,-0.00014489070703151732,-0.020073038781367368,-0.001106728004006647,0.0072437735437064455,-0.00014489070703151732,-0.020073038781367368,0.02971437743872465,9.462143844654891e-05,0.05718813824976203,0.29612046627603417
global_compatible,28,19,0,0,certified_reset,0,1,0.02411638415065575,0.02012250963226921,0.003993874518386541,0.007987749036773082,0.0,0.0,0,0,-0.001106728004006647,0.0072437735437064455,0.005229426476728744,-4.697801089931621e-05,-0.001106728004006647,0.0072437735437064455,-0.009568227260426703,1.2958627124982112e-05,0.05718813824976203,0.29612046627603417
global_compatible,28,20,0,0,certified_reset,0,1,0.02012250963226921,0.01612863511388267,0.003993874518386541,0.003993874518386541,0.0,0.0,0,0,0.005229426476728744,-4.697801089931621e-05,-0.0026876394248521807,0.00987818295799807,0.005229426476728744,-4.697801089931621e-05,-0.005138963924003407,2.8007522278848267e-05,0.05718813824976203,0.29612046627603417
global_compatible,28,21,0,0,certified_reset,0,1,0.01612863511388267,0.01213476059549613,0.003993874518386541,0.0,0.0,0.0,0,0,-0.0026876394248521807,0.00987818295799807,1.7042044338844544e-05,-0.0010815625752345487,-0.0026876394248521807,0.00987818295799807,-0.011873481245078145,2.8312024339253356e-05,0.05718813824976203,0.29612046627603417
global_compatible,29,0,0,0,certified_reset,0,1,0.1,0.09600612548161347,0.003993874518386541,0.08387136488611735,0.0,0.0,0,0,4.167762194889971,0.11554233465018227,3.5090081563879187,-1.4394183188053158,4.167762194889971,0.11554233465018227,-1.5499999999996072,17.43270721875139,0.05718813824976203,0.29612046627603417
global_compatible,29,1,0,0,certified_reset,0,1,0.09600612548161347,0.09201225096322693,0.003993874518386541,0.07987749036773081,0.0,0.0,0,0,3.5090081563879187,-1.4394183188053158,1.6836389125274325,-2.1997888826460845,3.5090081563879187,-1.4394183188053158,-0.7721510632735187,12.700990190582019,0.05718813824976203,0.29612046627603417
global_compatible,29,2,0,0,certified_reset,0,1,0.09201225096322693,0.0880183764448404,0.003993874518386541,0.07588361584934428,0.0,0.0,0,0,1.6836389125274325,-2.1997888826460845,0.26049386272742014,-0.6488139160280534,1.6836389125274325,-2.1997888826460845,1.55,3.7657352908549506,0.05718813824976203,0.29612046627603417
global_compatible,29,3,0,0,certified_reset,0,1,0.0880183764448404,0.08402450192645386,0.003993874518386541,0.07188974133095774,0.0,0.0,0,0,0.26049386272742014,-0.6488139160280534,-0.04041511435702672,0.04034537715909723,0.26049386272742014,-0.6488139160280534,0.6963731196225917,0.15575315013567295,0.05718813824976203,0.29612046627603417
global_compatible,29,4,0,0,certified_reset,0,1,0.08402450192645386,0.08003062740806732,0.003993874518386541,0.0678958668125712,0.0,0.0,0,0,-0.04041511435702672,0.04034537715909723,-0.010345742106570967,0.01872267801871377,-0.04041511435702672,0.04034537715909723,-0.01918841185273267,0.0019355812496870647,0.05718813824976203,0.29612046627603417
global_compatible,29,5,0,0,certified_reset,0,1,0.08003062740806732,0.07603675288968079,0.003993874518386541,0.06390199229418467,0.0,0.0,0,0,-0.010345742106570967,0.01872267801871377,0.0013137746902632118,-0.0047516941825195575,-0.010345742106570967,0.01872267801871377,-0.017279548935588328,0.00017759591101574725,0.05718813824976203,0.29612046627603417
global_compatible,29,6,0,0,certified_reset,0,1,0.07603675288968079,0.07204287837129425,0.003993874518386541,0.05990811777579813,0.0,0.0,0,0,0.0013137746902632118,-0.0047516941825195575,0.005528505547326168,-0.008546086933693775,0.0013137746902632118,-0.0047516941825195575,0.0056882273185348085,6.599049756213578e-06,0.05718813824976203,0.29612046627603417
global_compatible,29,7,0,0,certified_reset,0,1,0.07204287837129425,0.06804900385290771,0.003993874518386541,0.05591424325741159,0.0,0.0,0,0,0.005528505547326168,-0.008546086933693775,-0.0014134774225559817,-0.00022315484378548738,0.005528505547326168,-0.008546086933693775,0.007085334088498758,4.496583090354254e-05,0.05718813824976203,0.29612046627603417
global_compatible,29,8,0,0,certified_reset,0,1,0.06804900385290771,0.06405512933452118,0.003993874518386541,0.051920368739025044,0.0,0.0,0,0,-0.0014134774225559817,-0.00022315484378548738,0.0010883131356784412,0.0021309734841079148,-0.0014134774225559817,-0.00022315484378548738,0.0017379931089707148,2.0823975804211302e-06,0.05718813824976203,0.29612046627603417
global_compatible,29,9,0,0,certified_reset,0,1,0.06405512933452118,0.060061254816134634,0.003993874518386541,0.0479264942206385,0.0,0.0,0,0,0.0010883131356784412,0.0021309734841079148,0.003146451779167118,-0.0008833945964050209,0.0010883131356784412,0.0021309734841079148,-0.004220274671815557,2.4470820771242232e-06,0.05718813824976203,0.29612046627603417
global_compatible,29,10,0,0,certified_reset,0,1,0.060061254816134634,0.05606738029774809,0.003993874518386541,0.04393261970225196,0.0,0.0,0,0,0.003146451779167118,-0.0008833945964050209,0.0008593829312936103,-0.00399377707200467,0.003146451779167118,-0.0008833945964050209,-0.0018339661164652604,1.0124714073864857e-05,0.05718813824976203,0.29612046627603417
global_compatible,29,11,0,0,certified_reset,0,1,0.05606738029774809,0.05207350577936155,0.003993874518386541,0.039938745183865414,0.0,0.0,0,0,0.0008593829312936103,-0.00399377707200467,0.0031600100668023063,0.012565008743999791,0.0008593829312936103,-0.00399377707200467,0.005024362768183694,4.2406905074131965e-06,0.05718813824976203,0.29612046627603417
global_compatible,29,12,0,0,certified_reset,0,1,0.05207350577936155,0.048079631260975,0.003993874518386541,0.03594487066547887,0.0,0.0,0,0,0.0031600100668023063,0.012565008743999791,0.006247925987829052,-0.008186468246789739,0.0031600100668023063,0.012565008743999791,-0.021657193372299943,5.012981429404415e-05,0.05718813824976203,0.29612046627603417
global_compatible,29,13,0,0,certified_reset,0,1,0.048079631260975,0.04408575674258846,0.003993874518386541,0.03195099614709233,0.0,0.0,0,0,0.006247925987829052,-0.008186468246789739,0.0017401983031568224,-0.010152379864451201,0.006247925987829052,-0.008186468246789739,0.005838644397717716,5.195211058349004e-05,0.05718813824976203,0.29612046627603417
global_compatible,29,14,0,0,certified_reset,0,1,0.04408575674258846,0.040091882224201916,0.003993874518386541,0.027957121628705783,0.0,0.0,0,0,0.0017401983031568224,-0.010152379864451201,-0.008709268054479309,-0.006648976205666721,0.0017401983031568224,-0.010152379864451201,0.013221932942468727,2.5951524946868932e-05,0.05718813824976203,0.29612046627603417
global_compatible,29,15,0,0,certified_reset,0,1,0.040091882224201916,0.03609800770581537,0.003993874518386541,0.023963247110319243,0.0,0.0,0,0,-0.008709268054479309,-0.006648976205666721,-0.008816564791876532,0.006202538145087878,-0.008709268054479309,-0.006648976205666721,0.01846440847203174,9.233230877535875e-05,0.05718813824976203,0.29612046627603417
global_compatible,29,16,0,0,certified_reset,0,1,0.03609800770581537,0.03210413318742883,0.003993874518386541,0.019969372591932703,0.0,0.0,0,0,-0.008816564791876532,0.006202538145087878,-0.002942430858050963,0.014587946556796518,-0.008816564791876532,0.006202538145087878,-0.00035687811796640935,8.465986507856258e-05,0.05718813824976203,0.29612046627603417
global_compatible,29,17,0,0,certified_reset,0,1,0.03210413318742883,0.02811025866904229,0.003993874518386541,0.015975498073546163,0.0,0.0,0,0,-0.002942430858050963,0.014587946556796518,0.01077867843441152,-0.018773231021500067,-0.002942430858050963,0.014587946556796518,-0.018559895066981434,5.5575115230755814e-05,0.05718813824976203,0.29612046627603417
global_compatible,29,18,0,0,certified_reset,0,1,0.02811025866904229,0.02411638415065575,0.003993874518386541,0.011981623555159623,0.0,0.0,0,0,0.01077867843441152,-0.018773231021500067,0.0030086200155706863,0.006398928675989396,0.01077867843441152,-0.018773231021500067,0.016920805102703166,0.00018677590646312987,0.05718813824976203,0.29612046627603417
global_compatible,29,19,0,0,certified_reset,0,1,0.02411638415065575,0.02012250963226921,0.003993874518386541,0.007987749036773082,0.0,0.0,0,0,0.0030086200155706863,0.006398928675989396,0.0049000813148116305,-0.005728123921480843,0.0030086200155706863,0.006398928675989396,-0.012422049925064203,2.027980938268414e-05,0.05718813824976203,0.29612046627603417
global_compatible,29,20,0,0,certified_reset,0,1,0.02012250963226921,0.01612863511388267,0.003993874518386541,0.003993874518386541,0.0,0.0,0,0,0.0049000813148116305,-0.005728123921480843,0.004619385794102211,0.0010220049624040774,0.0049000813148116305,-0.005728123921480843,0.003558412756139076,3.02334070841138e-05,0.05718813824976203,0.29612046627603417
global_compatible,29,21,0,0,certified_reset,0,1,0.01612863511388267,0.01213476059549613,0.003993874518386541,0.0,0.0,0.0,0,0,0.004619385794102211,0.0010220049624040774,-0.001725227690305905,-0.019949346118997513,0.004619385794102211,0.0010220049624040774,-0.006100774889708415,2.2457220416897877e-05,0.05718813824976203,0.29612046627603417
global_compatible,30,0,0,0,certified_reset,0,1,0.1,0.09600612548161347,0.003993874518386541,0.08387136488611735,0.0,0.0,0,0,-3.720944235526299,0.2044578891227128,-2.751644688785668,1.7518701005049089,-3.720944235526299,0.2044578891227128,1.5499999999999863,13.913013049012806,0.05718813824976203,0.29612046627603417
global_compatible,30,1,0,0,certified_reset,0,1,0.09600612548161347,0.09201225096322693,0.003993874518386541,0.07987749036773081,0.0,0.0,0,0,-2.751644688785668,1.7518701005049089,-1.0407773613079248,1.6779087501208565,-2.751644688785668,1.7518701005049089,-0.07147290951904668,8.124104995570008,0.05718813824976203,0.29612046627603417
global_compatible,30,2,0,0,certified_reset,0,1,0.09201225096322693,0.0880183764448404,0.003993874518386541,0.07588361584934428,0.0,0.0,0,0,-1.0407773613079248,1.6779087501208565,-0.080866098502821,0.2517856575990237,-1.0407773613079248,1.6779087501208565,-1.435348089988056,1.6414911185686798,0.05718813824976203,0.29612046627603417
global_compatible,30,3,0,0,certified_reset,0,1,0.0880183764448404,0.08402450192645386,0.003993874518386541,0.07188974133095774,0.0,0.0,0,0,-0.080866098502821,0.2517856575990237,0.0315766464095557,-0.05041146964003147,-0.080866098502821,0.2517856575990237,-0.29037428624434614,0.02005853966692889,0.05718813824976203,0.29612046627603417
global_compatible,30,4,0,0,certified_reset,0,1,0.08402450192645386,0.08003062740806732,0.003993874518386541,0.0678958668125712,0.0,0.0,0,0,0.0315766464095557,-0.05041146964003147,0.007617421345939478,-0.009248658798367546,0.0315766464095557,-0.05041146964003147,0.04281903408080141,0.0015003582692926344,0.05718813824976203,0.29612046627603417
global_compatible,30,5,0,0,certified_reset,0,1,0.08003062740806732,0.07603675288968079,0.003993874518386541,0.06390199229418467,0.0,0.0,0,0,0.007617421345939478,-0.009248658798367546,0.007243682020584619,-0.0038245880741240865,0.007617421345939478,-0.009248658798367546,0.006040565025439428,7.433410272959031e-05,0.05718813824976203,0.29612046627603417
global_compatible,30,6,0,0,certified_reset,0,1,0.07603675288968079,0.07204287837129425,0.003993874518386541,0.05990811777579813,0.0,0.0,0,0,0.007243682020584619,-0.0038245880741240865,0.015091758499282983,-0.012182149933486973,0.007243682020584619,-0.0038245880741240865,-0.0015769098801249942,5.516604064320356e-05,0.05718813824976203,0.29612046627603417
global_compatible,30,7,0,0,certified_reset,0,1,0.07204287837129425,0.06804900385290771,0.003993874518386541,0.05591424325741159,0.0,0.0,0,0,0.015091758499282983,-0.012182149933486973,0.004852448641374498,-0.013540039630651696,0.015091758499282983,-0.012182149933486973,0.0029207381465868915,0.00025468730224405554,0.05718813824976203,0.29612046627603417
global_compatible,30,8,0,0,certified_reset,0,1,0.06804900385290771,0.06405512933452118,0.003993874518386541,0.051920368739025044,0.0,0.0,0,0,0.004852448641374498,-0.013540039630651696,-0.00769209622366877,0.009454781774130642,0.004852448641374498,-0.013540039630651696,0.015113333847848947,6.225646049302196e-05,0.05718813824976203,0.29612046627603417
global_compatible,30,9,0,0,certified_reset,0,1,0.06405512933452118,0.060061254816134634,0.003993874518386541,0.0479264942206385,0.0,0.0,0,0,-0.00769209622366877,0.009454781774130642,-0.0012624711282744603,0.016006682959165654,-0.00769209622366877,0.009454781774130642,-0.006265905511972948,7.624060532266161e-05,0.05718813824976203,0.29612046627603417
global_compatible,30,10,0,0,certified_reset,0,1,0.060061254816134634,0.05606738029774809,0.003993874518386541,0.04393261970225196,0.0,0.0,0,0,-0.0012624711282744603,0.016006682959165654,0.002732796954383808,-0.0042190713931045225,-0.0012624711282744603,0.016006682959165654,-0.022320328717958672,6.01672620856138e-05,0.05718813824976203,0.29612046627603417
global_compatible,30,11,0,0,certified_reset,0,1,0.05606738029774809,0.05207350577936155,0.003993874518386541,0.039938745183865414,0.0,0.0,0,0,0.002732796954383808,-0.0042190713931045225,-0.00561916807964762,-0.00991288459039361,0.002732796954383808,-0.0042190713931045225,0.0034945512345574627,1.0977577817783423e-05,0.05718813824976203,0.29612046627603417
global_compatible,30,12,0,0,certified_reset,0,1,0.05207350577936155,0.048079631260975,0.003993874518386541,0.03594487066547887,0.0,0.0,0,0,-0.00561916807964762,-0.00991288459039361,-0.004770833052564823,0.014337085896769696,-0.00561916807964762,-0.00991288459039361,0.020198043826291444,5.946182482999383e-05,0.05718813824976203,0.29612046627603417
global_compatible,30,13,0,0,certified_reset,0,1,0.048079631260975,0.04408575674258846,0.003993874518386541,0.03195099614709233,0.0,0.0,0,0,-0.004770833052564823,0.014337085896769696,-0.001817648188089983,0.010531506765741253,-0.004770833052564823,0.014337085896769696,-0.016371731987104794,6.64610539839282e-05,0.05718813824976203,0.29612046627603417
global_compatible,30,14,1,1,certified_reset,0,1,0.04408575674258846,0.040091882224201916,0.003993874518386541,0.027957121628705783,0.0,0.0,0,0,-0.001817648188089983,0.010531506765741253,0.013722651016499035,-0.001559594059059775,-0.001817648188089983,0.010531506765741253,-0.013706060489036255,2.7964521545128498e-05,0.05718813824976203,0.29612046627603417
global_compatible,30,15,0,0,certified_reset,0,1,0.040091882224201916,0.03609800770581537,0.003993874518386541,0.023963247110319243,0.0,0.0,0,0,0.013722651016499035,-0.001559594059059775,0.007990159202406678,-0.008923397384414493,0.013722651016499035,-0.001559594059059775,-0.011362434285795416,0.00019197659379632733,0.05718813824976203,0.29612046627603417
global_compatible,30,16,0,0,certified_reset,0,1,0.03609800770581537,0.03210413318742883,0.003993874518386541,0.019969372591932703,0.0,0.0,0,0,0.007990159202406678,-0.008923397384414493,0.01336370635284722,-0.00016125196942799085,0.007990159202406678,-0.008923397384414493,0.005186920152439268,7.884811135493022e-05,0.05718813824976203,0.29612046627603417
global_compatible,30,17,0,0,certified_reset,0,1,0.03210413318742883,0.02811025866904229,0.003993874518386541,0.015975498073546163,0.0,0.0,0,0,0.01336370635284722,-0.00016125196942799085,0.010716747772999559,-0.017219869173459423,0.01336370635284722,-0.00016125196942799085,-0.013070036409320064,0.00018286397417422893,0.05718813824976203,0.29612046627603417
global_compatible,30,18,0,0,certified_reset,0,1,0.02811025866904229,0.02411638415065575,0.003993874518386541,0.011981623555159623,0.0,0.0,0,0,0.010716747772999559,-0.017219869173459423,0.012931936188866445,-0.004954750049427883,0.010716747772999559,-0.017219869173459423,0.014696411938570124,0.00017362259690998513,0.05718813824976203,0.29612046627603417
global_compatible,30,19,0,0,certified_reset,0,1,0.02411638415065575,0.02012250963226921,0.003993874518386541,0.007987749036773082,0.0,0.0,0,0,0.012931936188866445,-0.004954750049427883,0.008402629431417015,-0.001772171922221271,0.012931936188866445,-0.004954750049427883,-0.005576896159895816,0.00017243143651178512,0.05718813824976203,0.29612046627603417
global_compatible,30,20,0,0,certified_reset,0,1,0.02012250963226921,0.01612863511388267,0.003993874518386541,0.003993874518386541,0.0,0.0,0,0,0.008402629431417015,-0.001772171922221271,0.00825392604634316,-0.0151837411153604,0.008402629431417015,-0.001772171922221271,-0.00575872646310711,7.199856142158138e-05,0.05718813824976203,0.29612046627603417
global_compatible,30,21,0,0,certified_reset,0,1,0.01612863511388267,0.01213476059549613,0.003993874518386541,0.0,0.0,0.0,0,0,0.00825392604634316,-0.0151837411153604,0.0009549380608137655,-0.00010694421511129042,0.00825392604634316,-0.0151837411153604,0.01414733742960599,0.00011462925305367177,0.05718813824976203,0.29612046627603417
global_compatible,31,0,0,0,certified_reset,0,1,0.1,0.09600612548161347,0.003993874518386541,0.08387136488611735,0.0,0.0,0,0,2.8589783607048815,-0.40304546864429247,1.6856427296765935,-1.9451169480539865,2.8589783607048815,-0.40304546864429247,-1.55,8.263059983941819,0.05718813824976203,0.29612046627603417
global_compatible,31,1,0,0,certified_reset,0,1,0.09600612548161347,0.09201225096322693,0.003993874518386541,0.07987749036773081,0.0,0.0,0,0,1.6856427296765935,-1.9451169480539865,0.3324081067808083,-0.7585003883804415,1.6856427296765935,-1.9451169480539865,1.1868361633118552,3.5576323035644113,0.05718813824976203,0.29612046627603417
global_compatible,31,2,0,0,certified_reset,0,1,0.09201225096322693,0.0880183764448404,0.003993874518386541,0.07588361584934428,0.0,0.0,0,0,0.3324081067808083,-0.7585003883804415,-0.024312862217776975,0.03019542403486419,0.3324081067808083,-0.7585003883804415,0.7863416269440573,0.22951158936141744,0.05718813824976203,0.29612046627603417
global_compatible,31,3,0,0,certified_reset,0,1,0.0880183764448404,0.08402450192645386,0.003993874518386541,0.07188974133095774,0.0,0.0,0,0,-0.024312862217776975,0.03019542403486419,-0.010024783123926177,0.000723456499351743,-0.024312862217776975,0.03019542403486419,-0.02027115542965513,0.0007655057166580838,0.05718813824976203,0.29612046627603417
global_compatible,31,4,0,0,certified_reset,0,1,0.08402450192645386,0.08003062740806732,0.003993874518386541,0.0678958668125712,0.0,0.0,0,0,-0.010024783123926177,0.000723456499351743,0.0006478539116319031,0.00862179094681342,-0.010024783123926177,0.000723456499351743,0.008916602681958746,0.0001025781318416147,0.05718813824976203,0.29612046627603417
global_compatible,31,5,0,0,certified_reset,0,1,0.08003062740806732,0.07603675288968079,0.003993874518386541,0.06390199229418467,0.0,0.0,0,0,0.0006478539116319031,0.00862179094681342,0.009300557282820844,-0.0016454104832717502,0.0006478539116319031,0.00862179094681342,-0.013347736556955607,1.825411671416368e-05,0.05718813824976203,0.29612046627603417
global_compatible,31,6,0,0,certified_reset,0,1,0.07603675288968079,0.07204287837129425,0.003993874518386541,0.05990811777579813,0.0,0.0,0,0,0.009300557282820844,-0.0016454104832717502,0.0008560522861345734,-0.020721299873417965,0.009300557282820844,-0.0016454104832717502,-0.006838984739725733,8.815698619630978e-05,0.05718813824976203,0.29612046627603417
global_compatible,31,7,0,0,certified_reset,0,1,0.07204287837129425,0.06804900385290771,0.003993874518386541,0.05591424325741159,0.0,0.0,0,0,0.0008560522861345734,-0.020721299873417965,-0.007219606830491927,0.014307116180945727,0.0008560522861345734,-0.020721299873417965,0.029675245898824285,0.00010003533931542846,0.05718813824976203,0.29612046627603417
global_compatible,31,8,0,0,certified_reset,0,1,0.06804900385290771,0.06405512933452118,0.003993874518386541,0.051920368739025044,0.0,0.0,0,0,-0.007219606830491927,0.014307116180945727,-0.006701796642348833,-0.007300551338610361,-0.007219606830491927,0.014307116180945727,-0.01388642907179752,9.37883888107515e-05,0.05718813824976203,0.29612046627603417
global_compatible,31,9,0,0,certified_reset,0,1,0.06405512933452118,0.060061254816134634,0.003993874518386541,0.0479264942206385,0.0,0.0,0,0,-0.006701796642348833,-0.007300551338610361,0.0017021737254575113,0.010032951324775026,-0.006701796642348833,-0.007300551338610361,0.017428518405509484,6.210155855326106e-05,0.05718813824976203,0.29612046627603417
global_compatible,31,10,0,0,certified_reset,0,1,0.060061254816134634,0.05606738029774809,0.003993874518386541,0.04393261970225196,0.0,0.0,0,0,0.0017021737254575113,0.010032951324775026,0.007927144155754472,-0.006904862421439227,0.0017021737254575113,0.010032951324775026,-0.016476500050244248,2.7803091950635265e-05,0.05718813824976203,0.29612046627603417
global_compatible,31,11,0,0,certified_reset,0,1,0.05606738029774809,0.05207350577936155,0.003993874518386541,0.039938745183865414,0.0,0.0,0,0,0.007927144155754472,-0.006904862421439227,0.002261530240218158,-0.020883775053326954,0.007927144155754472,-0.006904862421439227,0.0022776211186443466,7.155118592573529e-05,0.05718813824976203,0.29612046627603417
global_compatible,31,12,0,0,certified_reset,0,1,0.05207350577936155,0.048079631260975,0.003993874518386541,0.03594487066547887,0.0,0.0,0,0,0.002261530240218158,-0.020883775053326954,0.0036803372190298417,0.0030218214957813266,0.002261530240218158,-0.020883775053326954,0.028512877167398386,0.00010394289402253291,0.05718813824976203,0.29612046627603417
global_compatible,31,13,0,0,certified_reset,0,1,0.048079631260975,0.04408575674258846,0.003993874518386541,0.03195099614709233,0.0,0.0,0,0,0.0036803372190298417,0.0030218214957813266,0.014259995254355493,-0.005112742798891023,0.0036803372190298417,0.0030218214957813266,-0.008118750049503442,1.683638753236001e-05,0.05718813824976203,0.29612046627603417
global_compatible,31,14,0,0,certified_reset,0,1,0.04408575674258846,0.040091882224201916,0.003993874518386541,0.027957121628705783,0.0,0.0,0,0,0.014259995254355493,-0.005112742798891023,0.02076022745304678,-0.007345872291965008,0.014259995254355493,-0.005112742798891023,-0.006666824570631142,0.00020916385340760064,0.05718813824976203,0.29612046627603417
global_compatible,31,15,0,0,certified_reset,0,1,0.040091882224201916,0.03609800770581537,0.003993874518386541,0.023963247110319243,0.0,0.0,0,0,0.02076022745304678,-0.007345872291965008,0.0072784020132086145,-0.022998083263069978,0.02076022745304678,-0.007345872291965008,-0.00985013749641457,0.00044312580527106863,0.05718813824976203,0.29612046627603417
global_compatible,31,16,0,0,certified_reset,0,1,0.03609800770581537,0.03210413318742883,0.003993874518386541,0.019969372591932703,0.0,0.0,0,0,0.0072784020132086145,-0.022998083263069978,-0.0010854810081510533,0.0050112585750464265,0.0072784020132086145,-0.022998083263069978,0.026634534108596633,0.00016591422612494705,0.05718813824976203,0.29612046627603417
global_compatible,31,17,0,0,certified_reset,0,1,0.03210413318742883,0.02811025866904229,0.003993874518386541,0.015975498073546163,0.0,0.0,0,0,-0.0010854810081510533,0.0050112585750464265,-0.0010581442133747946,-0.008547822498808526,-0.0010854810081510533,0.0050112585750464265,-0.006297565358102769,6.690040506121769e-06,0.05718813824976203,0.29612046627603417
global_compatible,31,18,0,0,certified_reset,0,1,0.02811025866904229,0.02411638415065575,0.003993874518386541,0.011981623555159623,0.0,0.0,0,0,-0.0010581442133747946,-0.008547822498808526,-0.001054380989911862,0.00023883489644712687,-0.0010581442133747946,-0.008547822498808526,0.013644756415173634,1.8925902121838815e-05,0.05718813824976203,0.29612046627603417
global_compatible,31,19,0,0,certified_reset,0,1,0.02411638415065575,0.02012250963226921,0.003993874518386541,0.007987749036773082,0.0,0.0,0,0,-0.001054380989911862,0.00023883489644712687,0.01098462349814748,-0.0030179813567051757,-0.001054380989911862,0.00023883489644712687,0.0006989780038870328,1.1342011075324296e-06,0.05718813824976203,0.29612046627603417
global_compatible,31,20,0,0,certified_reset,0,1,0.02012250963226921,0.01612863511388267,0.003993874518386541,0.003993874518386541,0.0,0.0,0,0,0.01098462349814748,-0.0030179813567051757,0.010682717672726313,-0.008985480663688978,0.01098462349814748,-0.0030179813567051757,-0.00649094784585157,0.00012335474155898853,0.05718813824976203,0.29612046627603417
global_compatible,31,21,0,0,certified_reset,0,1,0.01612863511388267,0.01213476059549613,0.003993874518386541,0.0,0.0,0.0,0,0,0.010682717672726313,-0.008985480663688978,0.006950872498272908,-0.003873464785076569,0.010682717672726313,-0.008985480663688978,0.002598102974916642,0.000128822205648241,0.05718813824976203,0.29612046627603417
global_compatible,32,0,0,0,certified_reset,0,1,0.1,0.09600612548161347,0.003993874518386541,0.08387136488611735,0.0,0.0,0,0,2.029029723232526,-0.21167146772069279,1.0751173416442232,-1.7101847295457457,2.029029723232526,-0.21167146772069279,-1.4896681757232195,4.18050426544959,0.05718813824976203,0.29612046627603417
global_compatible,32,1,0,0,certified_reset,0,1,0.09600612548161347,0.09201225096322693,0.003993874518386541,0.07987749036773081,0.0,0.0,0,0,1.0751173416442232,-1.7101847295457457,0.0889494609357724,-0.25561135997282974,1.0751173416442232,-1.7101847295457457,1.4486986224938607,1.7347972164253938,0.05718813824976203,0.29612046627603417
global_compatible,32,2,0,0,certified_reset,0,1,0.09201225096322693,0.0880183764448404,0.003993874518386541,0.07588361584934428,0.0,0.0,0,0,0.0889494609357724,-0.25561135997282974,-0.02647898714990092,0.04076697977457354,0.0889494609357724,-0.25561135997282974,0.2879610945949028,0.021745736523260582,0.05718813824976203,0.29612046627603417
global_compatible,32,3,0,0,certified_reset,0,1,0.0880183764448404,0.08402450192645386,0.003993874518386541,0.07188974133095774,0.0,0.0,0,0,-0.02647898714990092,0.04076697977457354,-0.006260630430809887,0.004483044185354555,-0.02647898714990092,0.04076697977457354,-0.03368764392350499,0.0010286585895018276,0.05718813824976203,0.29612046627603417
global_compatible,32,4,0,0,certified_reset,0,1,0.08402450192645386,0.08003062740806732,0.003993874518386541,0.0678958668125712,0.0,0.0,0,0,-0.006260630430809887,0.004483044185354555,-0.007220287587673963,0.01990581550638607,-0.006260630430809887,0.004483044185354555,-0.0003751637328296682,4.2816595417054994e-05,0.05718813824976203,0.29612046627603417
global_compatible,32,5,0,0,certified_reset,0,1,0.08003062740806732,0.07603675288968079,0.003993874518386541,0.06390199229418467,0.0,0.0,0,0,-0.007220287587673963,0.01990581550638607,-0.0027976296251763667,-0.010523332255970616,-0.007220287587673963,0.01990581550638607,-0.02213209595300606,0.00013570176300591578,0.05718813824976203,0.29612046627603417
global_compatible,32,6,0,0,certified_reset,0,1,0.07603675288968079,0.07204287837129425,0.003993874518386541,0.05990811777579813,0.0,0.0,0,0,-0.0027976296251763667,-0.010523332255970616,-0.01307729535934773,0.00930890439682442,-0.0027976296251763667,-0.010523332255970616,0.018288546340167133,3.6121798619094767e-05,0.05718813824976203,0.29612046627603417
global_compatible,32,7,0,0,certified_reset,0,1,0.07204287837129425,0.06804900385290771,0.003993874518386541,0.05591424325741159,0.0,0.0,0,0,-0.01307729535934773,0.00930890439682442,-0.0014130036465386494,0.007674059769916144,-0.01307729535934773,0.00930890439682442,-0.0006894090973131073,0.00018662556223066317,0.05718813824976203,0.29612046627603417
global_compatible,32,8,0,0,certified_reset,0,1,0.06804900385290771,0.06405512933452118,0.003993874518386541,0.051920368739025044,0.0,0.0,0,0,-0.0014130036465386494,0.007674059769916144,0.0006526620447345453,-0.0020595723848074636,-0.0014130036465386494,0.007674059769916144,-0.009896047989887921,1.5045288253989816e-05,0.05718813824976203,0.29612046627603417
global_compatible,32,9,0,0,certified_reset,0,1,0.06405512933452118,0.060061254816134634,0.003993874518386541,0.0479264942206385,0.0,0.0,0,0,0.0006526620447345453,-0.0020595723848074636,-0.0010363855048113654,-0.007826236426144977,0.0006526620447345453,-0.0020595723848074636,0.002383696097556058,1.3315488352617477e-06,0.05718813824976203,0.29612046627603417
global_compatible,32,10,0,0,certified_reset,0,1,0.060061254816134634,0.05606738029774809,0.003993874518386541,0.04393261970225196,0.0,0.0,0,0,-0.0010363855048113654,-0.007826236426144977,-0.007593502095648863,0.011189941456992664,-0.0010363855048113654,-0.007826236426144977,0.012558990631222282,1.6042296844086665e-05,0.05718813824976203,0.29612046627603417
global_compatible,32,11,0,0,certified_reset,0,1,0.05606738029774809,0.05207350577936155,0.003993874518386541,0.039938745183865414,0.0,0.0,0,0,-0.007593502095648863,0.011189941456992664,-0.0015033100260757777,0.008366470281844073,-0.007593502095648863,0.011189941456992664,-0.008920388165711102,8.21892693682638e-05,0.05718813824976203,0.29612046627603417
global_compatible,32,12,0,0,certified_reset,0,1,0.05207350577936155,0.048079631260975,0.003993874518386541,0.03594487066547887,0.0,0.0,0,0,-0.0015033100260757777,0.008366470281844073,0.00976308954922182,0.006584144036246539,-0.0015033100260757777,0.008366470281844073,-0.010824107598192205,1.778858216278742e-05,0.05718813824976203,0.29612046627603417
global_compatible,32,13,0,0,certified_reset,0,1,0.048079631260975,0.04408575674258846,0.003993874518386541,0.03195099614709233,0.0,0.0,0,0,0.00976308954922182,0.006584144036246539,0.006947474027800885,-0.0148402655936954,0.00976308954922182,0.006584144036246539,-0.019419217850313447,0.00011254873957827999,0.05718813824976203,0.29612046627603417
global_compatible,32,14,0,0,certified_reset,0,1,0.04408575674258846,0.040091882224201916,0.003993874518386541,0.027957121628705783,0.0,0.0,0,0,0.006947474027800885,-0.0148402655936954,-0.004658458610108288,0.0007242814439531116,0.006947474027800885,-0.0148402655936954,0.014946320812707043,9.349423493333236e-05,0.05718813824976203,0.29612046627603417
global_compatible,32,15,0,0,certified_reset,0,1,0.040091882224201916,0.03609800770581537,0.003993874518386541,0.023963247110319243,0.0,0.0,0,0,-0.004658458610108288,0.0007242814439531116,-0.01386820357818519,-0.008003627745800913,-0.004658458610108288,0.0007242814439531116,0.0035688615483528024,2.211408099068469e-05,0.05718813824976203,0.29612046627603417
global_compatible,32,16,0,0,certified_reset,0,1,0.03609800770581537,0.03210413318742883,0.003993874518386541,0.019969372591932703,0.0,0.0,0,0,-0.01386820357818519,-0.008003627745800913,-0.003630464372178054,0.0207174438856178,-0.01386820357818519,-0.008003627745800913,0.025599914984663928,0.00022024141194334278,0.05718813824976203,0.29612046627603417
global_compatible,32,17,0,0,certified_reset,0,1,0.03210413318742883,0.02811025866904229,0.003993874518386541,0.015975498073546163,0.0,0.0,0,0,-0.003630464372178054,0.0207174438856178,0.011667953531887097,0.005619528749710112,-0.003630464372178054,0.0207174438856178,-0.026906669421492543,0.00010853773964926125,0.05718813824976203,0.29612046627603417
global_compatible,32,18,0,0,certified_reset,0,1,0.02811025866904229,0.02411638415065575,0.003993874518386541,0.011981623555159623,0.0,0.0,0,0,0.011667953531887097,0.005619528749710112,0.012418604991020007,-0.018103039823820836,0.011667953531887097,0.005619528749710112,-0.019893998324033418,0.00015171965746158,0.05718813824976203,0.29612046627603417
global_compatible,32,19,0,0,certified_reset,0,1,0.02411638415065575,0.02012250963226921,0.003993874518386541,0.007987749036773082,0.0,0.0,0,0,0.012418604991020007,-0.018103039823820836,-0.004859114669515993,-0.010609778122981665,0.012418604991020007,-0.018103039823820836,0.014301399975598313,0.0002183246101098499,0.05718813824976203,0.29612046627603417
global_compatible,32,20,0,0,certified_reset,0,1,0.02012250963226921,0.01612863511388267,0.003993874518386541,0.003993874518386541,0.0,0.0,0,0,-0.004859114669515993,-0.010609778122981665,-0.016290200112835662,0.004654520250581712,-0.004859114669515993,-0.010609778122981665,0.020468050713768147,5.43466533994422e-05,0.05718813824976203,0.29612046627603417
global_compatible,32,21,0,0,certified_reset,0,1,0.01612863511388267,0.01213476059549613,0.003993874518386541,0.0,0.0,0.0,0,0,-0.016290200112835662,0.004654520250581712,-0.013390110934187491,0.012083508479947516,-0.016290200112835662,0.004654520250581712,0.0093617502282414,0.00027146129947698403,0.05718813824976203,0.29612046627603417
global_compatible,33,0,0,0,certified_reset,0,1,0.1,0.09600612548161347,0.003993874518386541,0.08387136488611735,0.0,0.0,0,0,-2.5144761788249883,-0.08640948911656743,-1.8213037321846088,1.4656481593950792,-2.5144761788249883,-0.08640948911656743,1.55,6.3839969418440035,0.05718813824976203,0.29612046627603417
global_compatible,33,1,0,0,certified_reset,0,1,0.09600612548161347,0.09201225096322693,0.003993874518386541,0.07987749036773081,0.0,0.0,0,0,-1.8213037321846088,1.4656481593950792,-0.519530696853513,1.1162194885012073,-1.8213037321846088,1.4656481593950792,-0.34544634890452264,3.706793029253745,0.05718813824976203,0.29612046627603417
global_compatible,33,2,0,0,certified_reset,0,1,0.09201225096322693,0.0880183764448404,0.003993874518386541,0.07588361584934428,0.0,0.0,0,0,-0.519530696853513,1.1162194885012073,0.036129985964118295,-0.006650059213413196,-0.519530696853513,1.1162194885012073,-1.1269657685390857,0.5259337114313506,0.05718813824976203,0.29612046627603417
global_compatible,33,3,0,0,certified_reset,0,1,0.0880183764448404,0.08402450192645386,0.003993874518386541,0.07188974133095774,0.0,0.0,0,0,0.036129985964118295,-0.006650059213413196,0.012532072386419516,-0.03219010221208068,0.036129985964118295,-0.006650059213413196,-0.026179729846455335,0.001330470533895762,0.05718813824976203,0.29612046627603417
global_compatible,33,4,0,0,certified_reset,0,1,0.08402450192645386,0.08003062740806732,0.003993874518386541,0.0678958668125712,0.0,0.0,0,0,0.012532072386419516,-0.03219010221208068,-0.012581014289668294,-0.0033305815385740074,0.012532072386419516,-0.03219010221208068,0.03494324935070732,0.00037409508765445744,0.05718813824976203,0.29612046627603417
global_compatible,33,5,0,0,certified_reset,0,1,0.08003062740806732,0.07603675288968079,0.003993874518386541,0.06390199229418467,0.0,0.0,0,0,-0.012581014289668294,-0.0033305815385740074,-0.017031173362072966,0.004491956148926482,-0.012581014289668294,-0.0033305815385740074,0.01743614848666216,0.00016787910161737728,0.05718813824976203,0.29612046627603417
global_compatible,33,6,0,0,certified_reset,0,1,0.07603675288968079,0.07204287837129425,0.003993874518386541,0.05990811777579813,0.0,0.0,0,0,-0.017031173362072966,0.004491956148926482,-0.008308914133545899,0.007307871851566012,-0.017031173362072966,0.004491956148926482,0.010342219087354826,0.00029636688408815306,0.05718813824976203,0.29612046627603417
global_compatible,33,7,0,0,certified_reset,0,1,0.07204287837129425,0.06804900385290771,0.003993874518386541,0.05591424325741159,0.0,0.0,0,0,-0.008308914133545899,0.007307871851566012,-0.0034741996706650863,-0.004974180617444318,-0.008308914133545899,0.007307871851566012,-0.0024892511228443164,7.880586173725729e-05,0.05718813824976203,0.29612046627603417
global_compatible,33,8,0,0,certified_reset,0,1,0.06804900385290771,0.06405512933452118,0.003993874518386541,0.051920368739025044,0.0,0.0,0,0,-0.0034741996706650863,-0.004974180617444318,-0.0005303920078554383,0.003566870090925877,-0.0034741996706650863,-0.004974180617444318,0.010784073784637648,1.943111464315469e-05,0.05718813824976203,0.29612046627603417
global_compatible,33,9,0,0,certified_reset,0,1,0.06405512933452118,0.060061254816134634,0.003993874518386541,0.0479264942206385,0.0,0.0,0,0,-0.0005303920078554383,0.003566870090925877,0.0029376049927747087,-0.011499855795837524,-0.0005303920078554383,0.003566870090925877,-0.0047246633194969155,3.1294379732593967e-06,0.05718813824976203,0.29612046627603417
global_compatible,33,10,0,0,certified_reset,0,1,0.060061254816134634,0.05606738029774809,0.003993874518386541,0.04393261970225196,0.0,0.0,0,0,0.0029376049927747087,-0.011499855795837524,-0.0004806095678322171,0.008489109224471426,0.0029376049927747087,-0.011499855795837524,0.014014197829199703,3.7343869611983956e-05,0.05718813824976203,0.29612046627603417
global_compatible,33,11,0,0,certified_reset,0,1,0.05606738029774809,0.05207350577936155,0.003993874518386541,0.039938745183865414,0.0,0.0,0,0,-0.0004806095678322171,0.008489109224471426,-0.00250461554772042,-0.002566661071829682,-0.0004806095678322171,0.008489109224471426,-0.012027477662720547,1.6819186606373965e-05,0.05718813824976203,0.29612046627603417
global_compatible,33,12,0,0,certified_reset,0,1,0.05207350577936155,0.048079631260975,0.003993874518386541,0.03594487066547887,0.0,0.0,0,0,-0.00250461554772042,-0.002566661071829682,-0.0022760126977938687,0.014482419305636549,-0.00250461554772042,-0.002566661071829682,0.006274790480189788,8.44321876151613e-06,0.05718813824976203,0.29612046627603417
global_compatible,33,13,0,0,certified_reset,0,1,0.048079631260975,0.04408575674258846,0.003993874518386541,0.03195099614709233,0.0,0.0,0,0,-0.0022760126977938687,0.014482419305636549,0.005200073240736807,-0.006752638837042134,-0.0022760126977938687,0.014482419305636549,-0.019067811611899067,5.20230542021601e-05,0.05718813824976203,0.29612046627603417
global_compatible,33,14,0,0,certified_reset,0,1,0.04408575674258846,0.040091882224201916,0.003993874518386541,0.027957121628705783,0.0,0.0,0,0,0.005200073240736807,-0.006752638837042134,0.0021289013597820005,0.007633738948177147,0.005200073240736807,-0.006752638837042134,0.00476952659791195,3.581713493566709e-05,0.05718813824976203,0.29612046627603417
global_compatible,33,15,0,0,certified_reset,0,1,0.040091882224201916,0.03609800770581537,0.003993874518386541,0.023963247110319243,0.0,0.0,0,0,0.0021289013597820005,0.007633738948177147,0.0025390662646854953,-0.009695254168494687,0.0021289013597820005,0.007633738948177147,-0.013365420277051914,1.9487397138442423e-05,0.05718813824976203,0.29612046627603417
global_compatible,33,16,0,0,certified_reset,0,1,0.03609800770581537,0.03210413318742883,0.003993874518386541,0.019969372591932703,0.0,0.0,0,0,0.0025390662646854953,-0.009695254168494687,-0.0016984575248393569,0.00442303945186777,0.0025390662646854953,-0.009695254168494687,0.011752818312901718,2.6819707564374355e-05,0.05718813824976203,0.29612046627603417
global_compatible,33,17,0,0,certified_reset,0,1,0.03210413318742883,0.02811025866904229,0.003993874518386541,0.015975498073546163,0.0,0.0,0,0,-0.0016984575248393569,0.00442303945186777,-0.005021703126701445,-0.0001806531970058858,-0.0016984575248393569,0.00442303945186777,-0.004824481472238995,6.988038539283041e-06,0.05718813824976203,0.29612046627603417
global_compatible,33,18,0,0,certified_reset,0,1,0.02811025866904229,0.02411638415065575,0.003993874518386541,0.011981623555159623,0.0,0.0,0,0,-0.005021703126701445,-0.0001806531970058858,-0.004950232573204949,0.015907603847108903,-0.005021703126701445,-0.0001806531970058858,0.00526526217344465,2.5916451340566667e-05,0.05718813824976203,0.29612046627603417
global_compatible,33,19,1,1,certified_reset,0,1,0.02411638415065575,0.02012250963226921,0.003993874518386541,0.007987749036773082,0.0,0.0,0,0,-0.004950232573204949,0.015907603847108903,0.04058762038939614,0.023088551071477812,-0.004950232573204949,0.015907603847108903,-0.018504195501475335,7.86142686359195e-05,0.05718813824976203,0.29612046627603417
global_compatible,33,20,2,2,certified_reset,0,1,0.02012250963226921,0.01612863511388267,0.003993874518386541,0.003993874518386541,0.0,0.0,0,0,0.04058762038939614,0.023088551071477812,-0.004891161748463227,-0.139408911032389,0.04058762038939614,0.023088551071477812,-0.07442983561449222,0.0018818045539181765,0.05718813824976203,0.29612046627603417
global_compatible,33,21,2,2,certified_reset,0,1,0.01612863511388267,0.01213476059549613,0.003993874518386541,0.0,0.0,0.0,0,0,-0.004891161748463227,-0.139408911032389,-0.05032665303820106,0.13254758460502997,-0.004891161748463227,-0.139408911032389,0.2102333389430182,0.0046271468888704585,0.05718813824976203,0.29612046627603417
global_compatible,34,0,0,0,certified_reset,0,1,0.1,0.09600612548161347,0.003993874518386541,0.08387136488611735,0.0,0.0,0,0,-1.1108868980170286,0.2796091832907499,-0.4832524145140452,0.9796770653554031,-1.1108868980170286,0.2796091832907499,0.6942903321555377,1.260193309987506,0.05718813824976203,0.29612046627603417
global_compatible,34,1,0,0,certified_reset,0,1,0.09600612548161347,0.09201225096322693,0.003993874518386541,0.07987749036773081,0.0,0.0,0,0,-0.4832524145140452,0.9796770653554031,0.019363510435636895,0.01071282230983819,-0.4832524145140452,0.9796770653554031,-0.9619536569093425,0.42942485451369344,0.05718813824976203,0.29612046627603417
global_compatible,34,2,0,0,certified_reset,0,1,0.09201225096322693,0.0880183764448404,0.003993874518386541,0.07588361584934428,0.0,0.0,0,0,0.019363510435636895,0.01071282230983819,0.0042880262737452785,-0.02533662716487795,0.019363510435636895,0.01071282230983819,-0.0350626836671722,0.0004263379521712136,0.05718813824976203,0.29612046627603417
global_compatible,34,3,0,0,certified_reset,0,1,0.0880183764448404,0.08402450192645386,0.003993874518386541,0.07188974133095774,0.0,0.0,0,0,0.0042880262737452785,-0.02533662716487795,-0.00293747753404929,0.019127145469262207,0.0042880262737452785,-0.02533662716487795,0.03305475030276028,0.0001612526239603412,0.05718813824976203,0.29612046627603417
global_compatible,34,4,0,0,certified_reset,0,1,0.08402450192645386,0.08003062740806732,0.003993874518386541,0.0678958668125712,0.0,0.0,0,0,-0.00293747753404929,0.019127145469262207,0.002644678285901334,-0.0042578464261967715,-0.00293747753404929,0.019127145469262207,-0.025249173094316534,9.041937769613045e-05,0.05718813824976203,0.29612046627603417
global_compatible,34,5,0,0,certified_reset,0,1,0.08003062740806732,0.07603675288968079,0.003993874518386541,0.06390199229418467,0.0,0.0,0,0,0.002644678285901334,-0.0042578464261967715,-0.005673227116178592,-0.006433236042720674,0.002644678285901334,-0.0042578464261967715,0.003638752115179266,1.0588602273844848e-05,0.05718813824976203,0.29612046627603417
global_compatible,34,6,0,0,certified_reset,0,1,0.07603675288968079,0.07204287837129425,0.003993874518386541,0.05990811777579813,0.0,0.0,0,0,-0.005673227116178592,-0.006433236042720674,-0.011689604504574272,0.006967391694152895,-0.005673227116178592,-0.006433236042720674,0.015124597091682412,4.5353916518032133e-05,0.05718813824976203,0.29612046627603417
global_compatible,34,7,0,0,certified_reset,0,1,0.07204287837129425,0.06804900385290771,0.003993874518386541,0.05591424325741159,0.0,0.0,0,0,-0.011689604504574272,0.006967391694152895,-0.005719569320835021,0.00785183285379887,-0.011689604504574272,0.006967391694152895,0.0013781808388784978,0.00014543235649753456,0.05718813824976203,0.29612046627603417
global_compatible,34,8,0,0,certified_reset,0,1,0.06804900385290771,0.06405512933452118,0.003993874518386541,0.051920368739025044,0.0,0.0,0,0,-0.005719569320835021,0.00785183285379887,0.0027216561251672353,0.010988597560908524,-0.005719569320835021,0.00785183285379887,-0.005869889159140641,4.467209343387126e-05,0.05718813824976203,0.29612046627603417
global_compatible,34,9,0,0,certified_reset,0,1,0.06405512933452118,0.060061254816134634,0.003993874518386541,0.0479264942206385,0.0,0.0,0,0,0.0027216561251672353,0.010988597560908524,-0.0045993781664123365,-0.00615647216573284,0.0027216561251672353,0.010988597560908524,-0.01889684339675433,3.8069549066705626e-05,0.05718813824976203,0.29612046627603417
global_compatible,34,10,0,0,certified_reset,0,1,0.060061254816134634,0.05606738029774809,0.003993874518386541,0.04393261970225196,0.0,0.0,0,0,-0.0045993781664123365,-0.00615647216573284,-0.001754186977359195,0.007885563849149301,-0.0045993781664123365,-0.00615647216573284,0.013650959150059688,3.263538357552524e-05,0.05718813824976203,0.29612046627603417
global_compatible,34,11,0,0,certified_reset,0,1,0.05606738029774809,0.05207350577936155,0.003993874518386541,0.039938745183865414,0.0,0.0,0,0,-0.001754186977359195,0.007885563849149301,-0.0024395576960685606,-0.002536627672719452,-0.001754186977359195,0.007885563849149301,-0.009867763504805347,1.670427196562766e-05,0.05718813824976203,0.29612046627603417
global_compatible,34,12,0,0,certified_reset,0,1,0.05207350577936155,0.048079631260975,0.003993874518386541,0.03594487066547887,0.0,0.0,0,0,-0.0024395576960685606,-0.002536627672719452,-0.001204507437010583,-0.004310760179823527,-0.0024395576960685606,-0.002536627672719452,0.006163824408760699,8.059466426999297e-06,0.05718813824976203,0.29612046627603417
global_compatible,34,13,0,0,certified_reset,0,1,0.048079631260975,0.04408575674258846,0.003993874518386541,0.03195099614709233,0.0,0.0,0,0,-0.001204507437010583,-0.004310760179823527,-0.005999339125607531,0.006524858433097868,-0.001204507437010583,-0.004310760179823527,0.00754944333025719,6.220568129764313e-06,0.05718813824976203,0.29612046627603417
global_compatible,34,14,0,0,certified_reset,0,1,0.04408575674258846,0.040091882224201916,0.003993874518386541,0.027957121628705783,0.0,0.0,0,0,-0.005999339125607531,0.006524858433097868,-0.008558966932698968,0.0027804133698759964,-0.005999339125607531,0.006524858433097868,-0.003634045889043154,4.3985507145091425e-05,0.05718813824976203,0.29612046627603417
global_compatible,34,15,0,0,certified_reset,0,1,0.040091882224201916,0.03609800770581537,0.003993874518386541,0.023963247110319243,0.0,0.0,0,0,-0.008558966932698968,0.0027804133698759964,-0.006229894558414125,0.010564648189761053,-0.008558966932698968,0.0027804133698759964,0.004423367004951421,7.513659507787603e-05,0.05718813824976203,0.29612046627603417
global_compatible,34,16,0,0,certified_reset,0,1,0.03609800770581537,0.03210413318742883,0.003993874518386541,0.019969372591932703,0.0,0.0,0,0,-0.006229894558414125,0.010564648189761053,0.0012582039728101927,0.006160935751579575,-0.006229894558414125,0.010564648189761053,-0.009357988787542362,6.109100750986801e-05,0.05718813824976203,0.29612046627603417
global_compatible,34,17,0,0,certified_reset,0,1,0.03210413318742883,0.02811025866904229,0.003993874518386541,0.015975498073546163,0.0,0.0,0,0,0.0012582039728101927,0.006160935751579575,0.009124779441883508,0.010950651937505319,0.0012582039728101927,0.006160935751579575,-0.010326197273886022,1.108111927099208e-05,0.05718813824976203,0.29612046627603417
global_compatible,34,18,0,0,certified_reset,0,1,0.02811025866904229,0.02411638415065575,0.003993874518386541,0.011981623555159623,0.0,0.0,0,0,0.009124779441883508,0.010950651937505319,0.0040180199332953736,-0.0229444682478447,0.009124779441883508,0.010950651937505319,-0.025215727611921382,0.0001207424428521353,0.05718813824976203,0.29612046627603417
global_compatible,34,19,0,0,certified_reset,0,1,0.02411638415065575,0.02012250963226921,0.003993874518386541,0.007987749036773082,0.0,0.0,0,0,0.0040180199332953736,-0.0229444682478447,-0.01230718449428812,0.011439963438611579,0.0040180199332953736,-0.0229444682478447,0.029801587070133063,0.00013310860115357064,0.05718813824976203,0.29612046627603417
global_compatible,34,20,0,0,certified_reset,0,1,0.02012250963226921,0.01612863511388267,0.003993874518386541,0.003993874518386541,0.0,0.0,0,0,-0.01230718449428812,0.011439963438611579,0.0005713432056301784,-0.0009237655355982021,-0.01230718449428812,0.011439963438611579,-0.004591864823884149,0.00017555101816628507,0.05718813824976203,0.29612046627603417
global_compatible,34,21,0,0,certified_reset,0,1,0.01612863511388267,0.01213476059549613,0.003993874518386541,0.0,0.0,0.0,0,0,0.0005713432056301784,-0.0009237655355982021,0.0022560542356630186,0.00018199614044625648,0.0005713432056301784,-0.0009237655355982021,0.0007941990435288328,4.958035592949471e-07,0.05718813824976203,0.29612046627603417
global_compatible,35,0,0,0,certified_reset,0,1,0.1,0.09600612548161347,0.003993874518386541,0.08387136488611735,0.0,0.0,0,0,-0.7551803090518412,-0.5074511257465267,-0.5137581646529978,1.0104639206303587,-0.7551803090518412,-0.5074511257465267,1.4995038836802188,0.6728612927127909,0.05718813824976203,0.29612046627603417
global_compatible,35,1,0,0,certified_reset,0,1,0.09600612548161347,0.09201225096322693,0.003993874518386541,0.07987749036773081,0.0,0.0,0,0,-0.5137581646529978,1.0104639206303587,0.005470899025320358,0.033229539705728534,-0.5137581646529978,1.0104639206303587,-0.9769250925169836,0.47159373793857146,0.05718813824976203,0.29612046627603417
global_compatible,35,2,0,0,certified_reset,0,1,0.09201225096322693,0.0880183764448404,0.003993874518386541,0.07588361584934428,0.0,0.0,0,0,0.005470899025320358,0.033229539705728534,0.00931980028681348,-0.01350037805784442,0.005470899025320358,0.033229539705728534,-0.05439827706872506,0.00030266646547622174,0.05718813824976203,0.29612046627603417
global_compatible,35,3,1,1,certified_reset,0,1,0.0880183764448404,0.08402450192645386,0.003993874518386541,0.07188974133095774,0.0,0.0,0,0,0.00931980028681348,-0.01350037805784442,0.010176659572241571,-0.0005793100646976621,0.00931980028681348,-0.01350037805784442,0.010607035665262146,0.00012247824491304308,0.05718813824976203,0.29612046627603417
global_compatible,35,4,1,1,certified_reset,0,1,0.08402450192645386,0.08003062740806732,0.003993874518386541,0.0678958668125712,0.0,0.0,0,0,0.010176659572241571,-0.0005793100646976621,0.0016148738946753748,-0.018518380355719496,0.010176659572241571,-0.0005793100646976621,-0.009278963977056366,0.00010577728738867456,0.05718813824976203,0.29612046627603417
global_compatible,35,5,1,1,certified_reset,0,1,0.08003062740806732,0.07603675288968079,0.003993874518386541,0.06390199229418467,0.0,0.0,0,0,0.0016148738946753748,-0.018518380355719496,0.05058687492313497,-0.002251577893044093,0.0016148738946753748,-0.018518380355719496,0.02567402740826482,8.081418375954994e-05,0.05718813824976203,0.29612046627603417
global_compatible,35,6,0,0,certified_reset,0,1,0.07603675288968079,0.07204287837129425,0.003993874518386541,0.05990811777579813,0.0,0.0,0,0,0.05058687492313497,-0.002251577893044093,0.024558979261811192,-0.04866901055158209,0.05058687492313497,-0.002251577893044093,-0.04705403912361767,0.0026152965079765953,0.05718813824976203,0.29612046627603417
global_compatible,35,7,0,0,certified_reset,0,1,0.07204287837129425,0.06804900385290771,0.003993874518386541,0.05591424325741159,0.0,0.0,0,0,0.024558979261811192,-0.04866901055158209,-0.001000148681985986,0.006348310864700808,0.024558979261811192,-0.04866901055158209,0.0472402543058609,0.001085295568906734,0.05718813824976203,0.29612046627603417
global_compatible,35,8,0,0,certified_reset,0,1,0.06804900385290771,0.06405512933452118,0.003993874518386541,0.051920368739025044,0.0,0.0,0,0,-0.001000148681985986,0.006348310864700808,0.0016563259771399076,-0.0028886183865653716,-0.001000148681985986,0.006348310864700808,-0.008353363472889777,9.998953569111632e-06,0.05718813824976203,0.29612046627603417
global_compatible,35,9,0,0,certified_reset,0,1,0.06405512933452118,0.060061254816134634,0.003993874518386541,0.0479264942206385,0.0,0.0,0,0,0.0016563259771399076,-0.0028886183865653716,-0.008266332063317764,-0.013915062353087485,0.0016563259771399076,-0.0028886183865653716,0.002601970582651377,4.4146129283496835e-06,0.05718813824976203,0.29612046627603417
global_compatible,35,10,0,0,certified_reset,0,1,0.060061254816134634,0.05606738029774809,0.003993874518386541,0.04393261970225196,0.0,0.0,0,0,-0.008266332063317764,-0.013915062353087485,-0.006578012119461526,0.0208212493539284,-0.008266332063317764,-0.013915062353087485,0.02873276895483972,0.00012382475892859662,0.05718813824976203,0.29612046627603417
global_compatible,35,11,0,0,certified_reset,0,1,0.05606738029774809,0.05207350577936155,0.003993874518386541,0.039938745183865414,0.0,0.0,0,0,-0.006578012119461526,0.0208212493539284,0.006707955701567371,-0.0016553412434959372,-0.006578012119461526,0.0208212493539284,-0.024123755798201887,0.00013585352972758817,0.05718813824976203,0.29612046627603417
global_compatible,35,12,0,0,certified_reset,0,1,0.05207350577936155,0.048079631260975,0.003993874518386541,0.03594487066547887,0.0,0.0,0,0,0.006707955701567371,-0.0016553412434959372,0.0023330133830523595,-0.019269936645099555,0.006707955701567371,-0.0016553412434959372,-0.0042428021703406205,4.5939931784441734e-05,0.05718813824976203,0.29612046627603417
global_compatible,35,13,0,0,certified_reset,0,1,0.048079631260975,0.04408575674258846,0.003993874518386541,0.03195099614709233,0.0,0.0,0,0,0.0023330133830523595,-0.019269936645099555,-0.004388089535610244,0.015502356020296681,0.0023330133830523595,-0.019269936645099555,0.026066027591798137,8.926837880101809e-05,0.05718813824976203,0.29612046627603417
global_compatible,35,14,0,0,certified_reset,0,1,0.04408575674258846,0.040091882224201916,0.003993874518386541,0.027957121628705783,0.0,0.0,0,0,-0.004388089535610244,0.015502356020296681,0.01636406702733477,-0.007355260896918826,-0.004388089535610244,0.015502356020296681,-0.018467136379945265,7.103935551682474e-05,0.05718813824976203,0.29612046627603417
global_compatible,35,15,0,0,certified_reset,0,1,0.040091882224201916,0.03609800770581537,0.003993874518386541,0.023963247110319243,0.0,0.0,0,0,0.01636406702733477,-0.007355260896918826,0.012894146096597003,-0.020525945282602667,0.01636406702733477,-0.007355260896918826,-0.005457628854055028,0.0002782653078079341,0.05718813824976203,0.29612046627603417
global_compatible,35,16,0,0,certified_reset,0,1,0.03609800770581537,0.03210413318742883,0.003993874518386541,0.019969372591932703,0.0,0.0,0,0,0.012894146096597003,-0.020525945282602667,0.0008257500826522762,-0.006538605366563388,0.012894146096597003,-0.020525945282602667,0.017398115486968423,0.00024966296147682675,0.05718813824976203,0.29612046627603417
global_compatible,35,17,0,0,certified_reset,0,1,0.03210413318742883,0.02811025866904229,0.003993874518386541,0.015975498073546163,0.0,0.0,0,0,0.0008257500826522762,-0.006538605366563388,0.0005901601599650407,0.00856382658928065,0.0008257500826522762,-0.006538605366563388,0.008811990624261462,1.0318747493189315e-05,0.05718813824976203,0.29612046627603417
global_compatible,35,18,0,0,certified_reset,0,1,0.02811025866904229,0.02411638415065575,0.003993874518386541,0.011981623555159623,0.0,0.0,0,0,0.0005901601599650407,0.00856382658928065,0.007987391913661854,0.0047608363623822345,0.0005901601599650407,0.00856382658928065,-0.013203079987301485,1.7907364696415635e-05,0.05718813824976203,0.29612046627603417
global_compatible,35,19,0,0,certified_reset,0,1,0.02411638415065575,0.02012250963226921,0.003993874518386541,0.007987749036773082,0.0,0.0,0,0,0.007987391913661854,0.0047608363623822345,0.009211498385753254,-0.012177984367555395,0.007987391913661854,0.0047608363623822345,-0.01496476140830056,7.347683299910338e-05,0.05718813824976203,0.29612046627603417
global_compatible,35,20,0,0,certified_reset,0,1,0.02012250963226921,0.01612863511388267,0.003993874518386541,0.003993874518386541,0.0,0.0,0,0,0.009211498385753254,-0.012177984367555395,-0.0009733441475722605,-0.021248795971036363,0.009211498385753254,-0.012177984367555395,0.008767093634623337,0.00011346784536684738,0.05718813824976203,0.29612046627603417
global_compatible,35,21,0,0,certified_reset,0,1,0.01612863511388267,0.01213476059549613,0.003993874518386541,0.0,0.0,0.0,0,0,-0.0009733441475722605,-0.021248795971036363,-0.0025017359582334294,0.01923329537435814,-0.0009733441475722605,-0.021248795971036363,0.03227317063294603,0.00010825837683656604,0.05718813824976203,0.29612046627603417
global_compatible,36,0,0,0,certified_reset,0,1,0.1,0.09600612548161347,0.003993874518386541,0.08387136488611735,0.0,0.0,0,0,2.4542447590849203,0.20790219930969533,1.8935849818153037,-1.3516058075979445,2.4542447590849203,0.20790219930969533,-1.549999999999983,6.091160035901804,0.05718813824976203,0.29612046627603417
global_compatible,36,1,0,0,certified_reset,0,1,0.09600612548161347,0.09201225096322693,0.003993874518386541,0.07987749036773081,0.0,0.0,0,0,1.8935849818153037,-1.3516058075979445,0.600755344272894,-1.242983416886724,1.8935849818153037,-1.3516058075979445,0.10547935686229382,3.9147731173684144,0.05718813824976203,0.29612046627603417
global_compatible,36,2,0,0,certified_reset,0,1,0.09201225096322693,0.0880183764448404,0.003993874518386541,0.07588361584934428,0.0,0.0,0,0,0.600755344272894,-1.242983416886724,-0.023635061164756478,-0.0219179445971715,0.600755344272894,-1.242983416886724,1.2328199304739635,0.6770045076347603,0.05718813824976203,0.29612046627603417
global_compatible,36,3,0,0,certified_reset,0,1,0.0880183764448404,0.08402450192645386,0.003993874518386541,0.07188974133095774,0.0,0.0,0,0,-0.023635061164756478,-0.0219179445971715,-0.010581956143568199,0.045179651386458596,-0.023635061164756478,-0.0219179445971715,0.055822010924709946,0.0007229898720193831,0.05718813824976203,0.29612046627603417
global_compatible,36,4,0,0,certified_reset,0,1,0.08402450192645386,0.08003062740806732,0.003993874518386541,0.0678958668125712,0.0,0.0,0,0,-0.010581956143568199,0.045179651386458596,0.008790760358899603,-0.012620272339305273,-0.010581956143568199,0.045179651386458596,-0.056017301632142746,0.0005578424097704098,0.05718813824976203,0.29612046627603417
global_compatible,36,5,0,0,certified_reset,0,1,0.08003062740806732,0.07603675288968079,0.003993874518386541,0.06390199229418467,0.0,0.0,0,0,0.008790760358899603,-0.012620272339305273,0.004836988342255419,0.01252278013960738,0.008790760358899603,-0.012620272339305273,0.009830406262294781,0.00010836221917492687,0.05718813824976203,0.29612046627603417
global_compatible,36,6,0,0,certified_reset,0,1,0.07603675288968079,0.07204287837129425,0.003993874518386541,0.05990811777579813,0.0,0.0,0,0,0.004836988342255419,0.01252278013960738,0.0012072726009940069,-0.011745409136337039,0.004836988342255419,0.01252278013960738,-0.023263516246353966,6.51538399632143e-05,0.05718813824976203,0.29612046627603417
global_compatible,36,7,2,2,certified_reset,0,1,0.07204287837129425,0.06804900385290771,0.003993874518386541,0.05591424325741159,0.0,0.0,0,0,0.0012072726009940069,-0.011745409136337039,0.038534184913512695,0.06135803712647339,0.0012072726009940069,-0.011745409136337039,0.016099290543859602,3.276902047389194e-05,0.05718813824976203,0.29612046627603417
global_compatible,36,8,2,2,certified_reset,0,1,0.06804900385290771,0.06405512933452118,0.003993874518386541,0.051920368739025044,0.0,0.0,0,0,0.038534184913512695,0.06135803712647339,0.002205748935897145,-0.030650514710193838,0.038534184913512695,0.06135803712647339,-0.12875790903093975,0.002577013955001747,0.05718813824976203,0.29612046627603417
global_compatible,36,9,2,2,certified_reset,0,1,0.06405512933452118,0.060061254816134634,0.003993874518386541,0.0479264942206385,0.0,0.0,0,0,0.002205748935897145,-0.030650514710193838,-0.058036637503160585,0.05245468858020704,0.002205748935897145,-0.030650514710193838,0.04295534486032259,0.00022009609902990803,0.05718813824976203,0.29612046627603417
global_compatible,36,10,2,2,certified_reset,0,1,0.060061254816134634,0.05606738029774809,0.003993874518386541,0.04393261970225196,0.0,0.0,0,0,-0.058036637503160585,0.05245468858020704,0.011694113296656953,0.051010309160239575,-0.058036637503160585,0.05245468858020704,-0.01948003018298738,0.0038730070657998885,0.05718813824976203,0.29612046627603417
global_compatible,36,11,0,0,certified_reset,0,1,0.05606738029774809,0.05207350577936155,0.003993874518386541,0.039938745183865414,0.0,0.0,0,0,0.011694113296656953,0.051010309160239575,0.02459541224696828,-0.028400378530179484,0.011694113296656953,0.051010309160239575,-0.08678997170445402,0.000793434060818727,0.05718813824976203,0.29612046627603417
global_compatible,36,12,0,0,certified_reset,0,1,0.05207350577936155,0.048079631260975,0.003993874518386541,0.03594487066547887,0.0,0.0,0,0,0.02459541224696828,-0.028400378530179484,0.0038021612089027914,-0.0033955035834356377,0.02459541224696828,-0.028400378530179484,0.017346103103685364,0.0007576411560387557,0.05718813824976203,0.29612046627603417
global_compatible,36,13,0,0,certified_reset,0,1,0.048079631260975,0.04408575674258846,0.003993874518386541,0.03195099614709233,0.0,0.0,0,0,0.0038021612089027914,-0.0033955035834356377,0.0004660944642323689,-0.006772081728779456,0.0038021612089027914,-0.0033955035834356377,0.0012155357180089427,1.656866806085139e-05,0.05718813824976203,0.29612046627603417
global_compatible,36,14,0,0,certified_reset,0,1,0.04408575674258846,0.040091882224201916,0.003993874518386541,0.027957121628705783,0.0,0.0,0,0,0.0004660944642323689,-0.006772081728779456,-0.004888955613752433,-0.003519656688435128,0.0004660944642323689,-0.006772081728779456,0.009507729450103437,1.0732163401425503e-05,0.05718813824976203,0.29612046627603417
global_compatible,36,15,0,0,certified_reset,0,1,0.040091882224201916,0.03609800770581537,0.003993874518386541,0.023963247110319243,0.0,0.0,0,0,-0.004888955613752433,-0.003519656688435128,-0.0005231498075594513,7.437962263995637e-05,-0.004888955613752433,-0.003519656688435128,0.01005019543296488,2.8656884676061437e-05,0.05718813824976203,0.29612046627603417
global_compatible,36,16,0,0,certified_reset,0,1,0.03609800770581537,0.03210413318742883,0.003993874518386541,0.019969372591932703,0.0,0.0,0,0,-0.0005231498075594513,7.437962263995637e-05,-0.004136315480711719,0.007913422422998013,-0.0005231498075594513,7.437962263995637e-05,0.00041602078304239836,2.7900837253510235e-07,0.05718813824976203,0.29612046627603417
global_compatible,36,17,0,0,certified_reset,0,1,0.03210413318742883,0.02811025866904229,0.003993874518386541,0.015975498073546163,0.0,0.0,0,0,-0.004136315480711719,0.007913422422998013,-6.650711784041129e-05,-0.00021183192798373196,-0.004136315480711719,0.007913422422998013,-0.00753628603440937,2.9801001735851658e-05,0.05718813824976203,0.29612046627603417
global_compatible,36,18,0,0,certified_reset,0,1,0.02811025866904229,0.02411638415065575,0.003993874518386541,0.011981623555159623,0.0,0.0,0,0,-6.650711784041129e-05,-0.00021183192798373196,0.004920915883622027,-0.0025147804035852176,-6.650711784041129e-05,-0.00021183192798373196,0.0003744273789742237,1.600519110497093e-08,0.05718813824976203,0.29612046627603417
global_compatible,36,19,0,0,certified_reset,0,1,0.02411638415065575,0.02012250963226921,0.003993874518386541,0.007987749036773082,0.0,0.0,0,0,0.004920915883622027,-0.0025147804035852176,0.010331704274850898,-0.0011251185531331448,0.004920915883622027,-0.0025147804035852176,-0.001193992476941232,2.538939527064448e-05,0.05718813824976203,0.29612046627603417
global_compatible,36,20,0,0,certified_reset,0,1,0.02012250963226921,0.01612863511388267,0.003993874518386541,0.003993874518386541,0.0,0.0,0,0,0.010331704274850898,-0.0011251185531331448,0.0055971113872616135,-0.006986517684340633,0.010331704274850898,-0.0011251185531331448,-0.008629064495527293,0.00010883349259122036,0.05718813824976203,0.29612046627603417
global_compatible,36,21,0,0,certified_reset,0,1,0.01612863511388267,0.01213476059549613,0.003993874518386541,0.0,0.0,0.0,0,0,0.0055971113872616135,-0.006986517684340633,0.006077994116148395,0.011935460063088113,0.0055971113872616135,-0.006986517684340633,0.004715977440283795,4.066972424549406e-05,0.05718813824976203,0.29612046627603417
global_compatible,37,0,0,0,certified_reset,0,1,0.1,0.09600612548161347,0.003993874518386541,0.08387136488611735,0.0,0.0,0,0,5.177974488164164,0.16148342015995176,4.563546403366585,-1.3858562778660597,5.177974488164164,0.16148342015995176,-1.5499999999989242,26.876176141176433,0.05718813824976203,0.29612046627603417
global_compatible,37,1,0,0,certified_reset,0,1,0.09600612548161347,0.09201225096322693,0.003993874518386541,0.07987749036773081,0.0,0.0,0,0,4.563546403366585,-1.3858562778660597,2.5354959744771057,-2.686932819635256,4.563546403366585,-1.3858562778660597,-1.2927524657593072,21.213443571245403,0.05718813824976203,0.29612046627603417
global_compatible,37,2,0,0,certified_reset,0,1,0.09201225096322693,0.0880183764448404,0.003993874518386541,0.07588361584934428,0.0,0.0,0,0,2.5354959744771057,-2.686932819635256,0.5537987094642671,-1.262962875589088,2.5354959744771057,-2.686932819635256,1.4333501665825572,7.779631589992616,0.05718813824976203,0.29612046627603417
global_compatible,37,3,0,0,certified_reset,0,1,0.0880183764448404,0.08402450192645386,0.003993874518386541,0.07188974133095774,0.0,0.0,0,0,0.5537987094642671,-1.262962875589088,-0.048899769695915564,0.046160465825915736,0.5537987094642671,-1.262962875589088,1.3090092957814128,0.636644184536268,0.05718813824976203,0.29612046627603417
global_compatible,37,4,0,0,certified_reset,0,1,0.08402450192645386,0.08003062740806732,0.003993874518386541,0.0678958668125712,0.0,0.0,0,0,-0.048899769695915564,0.046160465825915736,-0.01901646172834151,0.02201346461305215,-0.048899769695915564,0.046160465825915736,-0.019306795804712815,0.0027840482343675,0.05718813824976203,0.29612046627603417
global_compatible,37,5,0,0,certified_reset,0,1,0.08003062740806732,0.07603675288968079,0.003993874518386541,0.06390199229418467,0.0,0.0,0,0,-0.01901646172834151,0.02201346461305215,-0.007241585677100015,0.003199192229818946,-0.01901646172834151,0.02201346461305215,-0.013494150544551355,0.00045340479150707063,0.05718813824976203,0.29612046627603417
global_compatible,37,6,0,0,certified_reset,0,1,0.07603675288968079,0.07204287837129425,0.003993874518386541,0.05990811777579813,0.0,0.0,0,0,-0.007241585677100015,0.003199192229818946,-0.0049901983434763875,0.005152915084615951,-0.007241585677100015,0.003199192229818946,0.0024950377622416976,5.4438463020855485e-05,0.05718813824976203,0.29612046627603417
global_compatible,37,7,0,0,certified_reset,0,1,0.07204287837129425,0.06804900385290771,0.003993874518386541,0.05591424325741159,0.0,0.0,0,0,-0.0049901983434763875,0.005152915084615951,-0.004404379225449241,0.003519508031810675,-0.0049901983434763875,0.005152915084615951,-0.0026208721695810543,2.9853259876933863e-05,0.05718813824976203,0.29612046627603417
global_compatible,37,8,0,0,certified_reset,0,1,0.06804900385290771,0.06405512933452118,0.003993874518386541,0.051920368739025044,0.0,0.0,0,0,-0.004404379225449241,0.003519508031810675,-0.0025155353656864258,0.013520993733505435,-0.004404379225449241,0.003519508031810675,-0.0007989803403939152,2.1644164222653625e-05,0.05718813824976203,0.29612046627603417
global_compatible,37,9,0,0,certified_reset,0,1,0.06405512933452118,0.060061254816134634,0.003993874518386541,0.0479264942206385,0.0,0.0,0,0,-0.0025155353656864258,0.013520993733505435,-0.0034402376980331327,-0.009096797114512604,-0.0025155353656864258,0.013520993733505435,-0.017410675931995283,4.6813317963711927e-05,0.05718813824976203,0.29612046627603417
global_compatible,37,10,0,0,certified_reset,0,1,0.060061254816134634,0.05606738029774809,0.003993874518386541,0.04393261970225196,0.0,0.0,0,0,-0.0034402376980331327,-0.009096797114512604,-0.004542205802014075,0.006669620426686104,-0.0034402376980331327,-0.009096797114512604,0.016828705375034524,3.3810677727630076e-05,0.05718813824976203,0.29612046627603417
global_compatible,37,11,0,0,certified_reset,0,1,0.05606738029774809,0.05207350577936155,0.003993874518386541,0.039938745183865414,0.0,0.0,0,0,-0.004542205802014075,0.006669620426686104,0.005387694724827277,0.003560991296612516,-0.004542205802014075,0.006669620426686104,-0.005299673906822674,2.9340887730309086e-05,0.05718813824976203,0.29612046627603417
global_compatible,37,12,0,0,certified_reset,0,1,0.05207350577936155,0.048079631260975,0.003993874518386541,0.03594487066547887,0.0,0.0,0,0,0.005387694724827277,0.003560991296612516,0.004561512207495149,-0.006024182741777199,0.005387694724827277,0.003560991296612516,-0.010608751971256838,3.412341353024184e-05,0.05718813824976203,0.29612046627603417
global_compatible,37,13,0,0,certified_reset,0,1,0.048079631260975,0.04408575674258846,0.003993874518386541,0.03195099614709233,0.0,0.0,0,0,0.004561512207495149,-0.006024182741777199,0.0028636035380914643,-0.0041624818004846655,0.004561512207495149,-0.006024182741777199,0.004330851481436,2.7808640470122398e-05,0.05718813824976203,0.29612046627603417
global_compatible,37,14,0,0,certified_reset,0,1,0.04408575674258846,0.040091882224201916,0.003993874518386541,0.027957121628705783,0.0,0.0,0,0,0.0028636035380914643,-0.0041624818004846655,-0.007263036298362545,0.017067797226235526,0.0028636035380914643,-0.0041624818004846655,0.0032805023966859716,1.1587993475822404e-05,0.05718813824976203,0.29612046627603417
global_compatible,37,15,0,0,certified_reset,0,1,0.040091882224201916,0.03609800770581537,0.003993874518386541,0.023963247110319243,0.0,0.0,0,0,-0.007263036298362545,0.017067797226235526,0.007040568057285764,-0.0004220648824822204,-0.007263036298362545,0.017067797226235526,-0.017907550468154104,0.00011320445175362981,0.05718813824976203,0.29612046627603417
global_compatible,37,16,0,0,certified_reset,0,1,0.03609800770581537,0.03210413318742883,0.003993874518386541,0.019969372591932703,0.0,0.0,0,0,0.007040568057285764,-0.0004220648824822204,0.007643356094523299,-0.004533337476620738,0.007040568057285764,-0.0004220648824822204,-0.0063896196621235435,5.062234453264199e-05,0.05718813824976203,0.29612046627603417
global_compatible,37,17,1,1,certified_reset,0,1,0.03210413318742883,0.02811025866904229,0.003993874518386541,0.015975498073546163,0.0,0.0,0,0,0.007643356094523299,-0.004533337476620738,0.016508034860856904,0.018987926936108408,0.007643356094523299,-0.004533337476620738,-0.0009340185887406189,6.214190891763742e-05,0.05718813824976203,0.29612046627603417
global_compatible,37,18,1,1,certified_reset,0,1,0.02811025866904229,0.02411638415065575,0.003993874518386541,0.011981623555159623,0.0,0.0,0,0,0.016508034860856904,0.018987926936108408,-0.005313528529667232,-0.029165234815617433,0.016508034860856904,0.018987926936108408,-0.04441307313031956,0.0003867256880688231,0.05718813824976203,0.29612046627603417
global_compatible,37,19,0,0,certified_reset,0,1,0.02411638415065575,0.02012250963226921,0.003993874518386541,0.007987749036773082,0.0,0.0,0,0,-0.005313528529667232,-0.029165234815617433,-0.015916561004060865,0.009986162931744067,-0.005313528529667232,-0.029165234815617433,0.04825723853421109,0.00023956257814229987,0.05718813824976203,0.29612046627603417
global_compatible,37,20,0,0,certified_reset,0,1,0.02012250963226921,0.01612863511388267,0.003993874518386541,0.003993874518386541,0.0,0.0,0,0,-0.015916561004060865,0.009986162931744067,-0.005636338172517444,-0.001401155527061321,-0.015916561004060865,0.009986162931744067,0.0011410608337275386,0.00027131968570952877,0.05718813824976203,0.29612046627603417
global_compatible,37,21,0,0,certified_reset,0,1,0.01612863511388267,0.01213476059549613,0.003993874518386541,0.0,0.0,0.0,0,0,-0.005636338172517444,-0.001401155527061321,-0.008560668782281556,0.009858061664497113,-0.005636338172517444,-0.001401155527061321,0.007678295572306792,3.3595596193352546e-05,0.05718813824976203,0.29612046627603417
global_compatible,38,0,0,0,certified_reset,0,1,0.1,0.09600612548161347,0.003993874518386541,0.08387136488611735,0.0,0.0,0,0,-1.3865900115608625,-0.07875965816765662,-0.7297541959121878,1.3886138345074996,-1.3865900115608625,-0.07875965816765662,1.4774877127477124,1.9783226637692077,0.05718813824976203,0.29612046627603417
global_compatible,38,1,0,0,certified_reset,0,1,0.09600612548161347,0.09201225096322693,0.003993874518386541,0.07987749036773081,0.0,0.0,0,0,-0.7297541959121878,1.3886138345074996,-0.011965002148915183,0.07238305316283938,-0.7297541959121878,1.3886138345074996,-1.318895368649425,0.9231130199369783,0.05718813824976203,0.29612046627603417
global_compatible,38,2,0,0,certified_reset,0,1,0.09201225096322693,0.0880183764448404,0.003993874518386541,0.07588361584934428,0.0,0.0,0,0,-0.011965002148915183,0.07238305316283938,0.008111846158919401,-0.018655224561017876,-0.011965002148915183,0.07238305316283938,-0.09471090017824217,0.0013104902910692667,0.05718813824976203,0.29612046627603417
global_compatible,38,3,0,0,certified_reset,0,1,0.0880183764448404,0.08402450192645386,0.003993874518386541,0.07188974133095774,0.0,0.0,0,0,0.008111846158919401,-0.018655224561017876,-0.004580266390385129,0.012347666324433562,0.008111846158919401,-0.018655224561017876,0.019406791475793033,0.00013786076960655908,0.05718813824976203,0.29612046627603417
global_compatible,38,4,0,0,certified_reset,0,1,0.08402450192645386,0.08003062740806732,0.003993874518386541,0.0678958668125712,0.0,0.0,0,0,-0.004580266390385129,0.012347666324433562,-0.0036533225578520914,-0.006037853666055495,-0.004580266390385129,0.012347666324433562,-0.013628574930108392,5.30659670312502e-05,0.05718813824976203,0.29612046627603417
global_compatible,38,5,0,0,certified_reset,0,1,0.08003062740806732,0.07603675288968079,0.003993874518386541,0.06390199229418467,0.0,0.0,0,0,-0.0036533225578520914,-0.006037853666055495,0.006029455861838025,5.81238479070538e-05,-0.0036533225578520914,-0.006037853666055495,0.012532124678718856,2.3835141276470765e-05,0.05718813824976203,0.29612046627603417
global_compatible,38,6,0,0,certified_reset,0,1,0.07603675288968079,0.07204287837129425,0.003993874518386541,0.05990811777579813,0.0,0.0,0,0,0.006029455861838025,5.81238479070538e-05,0.005026693398649056,-0.013666847558970503,0.006029455861838025,5.81238479070538e-05,-0.006087333228300229,3.728133674436732e-05,0.05718813824976203,0.29612046627603417
global_compatible,38,7,0,0,certified_reset,0,1,0.07204287837129425,0.06804900385290771,0.003993874518386541,0.05591424325741159,0.0,0.0,0,0,0.005026693398649056,-0.013666847558970503,-0.0030839569510736553,0.010831854534505095,0.005026693398649056,-0.013666847558970503,0.015126205973441163,6.460858919882101e-05,0.05718813824976203,0.29612046627603417
global_compatible,38,8,0,0,certified_reset,0,1,0.06804900385290771,0.06405512933452118,0.003993874518386541,0.051920368739025044,0.0,0.0,0,0,-0.0030839569510736553,0.010831854534505095,0.0016489473437149844,0.0028082589636970476,-0.0030839569510736553,0.010831854534505095,-0.012885429261658865,3.478088073570802e-05,0.05718813824976203,0.29612046627603417
global_compatible,38,9,0,0,certified_reset,0,1,0.06405512933452118,0.060061254816134634,0.003993874518386541,0.0479264942206385,0.0,0.0,0,0,0.0016489473437149844,0.0028082589636970476,0.002259519828236623,0.0033213015537098926,0.0016489473437149844,0.0028082589636970476,-0.005779196769141505,4.973542538049361e-06,0.05718813824976203,0.29612046627603417
global_compatible,38,10,0,0,certified_reset,0,1,0.060061254816134634,0.05606738029774809,0.003993874518386541,0.04393261970225196,0.0,0.0,0,0,0.002259519828236623,0.0033213015537098926,-0.0032345616974935286,-0.02006292028105091,0.002259519828236623,0.0033213015537098926,-0.007143603813685714,8.36679466228872e-06,0.05718813824976203,0.29612046627603417
global_compatible,38,11,0,0,certified_reset,0,1,0.05606738029774809,0.05207350577936155,0.003993874518386541,0.039938745183865414,0.0,0.0,0,0,-0.0032345616974935286,-0.02006292028105091,-0.003953200107640437,0.025052222546036673,-0.0032345616974935286,-0.02006292028105091,0.032779006685255914,0.00010977770999337822,0.05718813824976203,0.29612046627603417
global_compatible,38,12,0,0,certified_reset,0,1,0.05207350577936155,0.048079631260975,0.003993874518386541,0.03594487066547887,0.0,0.0,0,0,-0.003953200107640437,0.025052222546036673,0.015616227889301552,-0.008144863540852582,-0.003953200107640437,0.025052222546036673,-0.032966282903683954,0.00015576768011249815,0.05718813824976203,0.29612046627603417
global_compatible,38,13,0,0,certified_reset,0,1,0.048079631260975,0.04408575674258846,0.003993874518386541,0.03195099614709233,0.0,0.0,0,0,0.015616227889301552,-0.008144863540852582,0.005389706603097334,-0.01406631083076714,0.015616227889301552,-0.008144863540852582,-0.00355670140498426,0.00025612381099054477,0.05718813824976203,0.29612046627603417
global_compatible,38,14,0,0,certified_reset,0,1,0.04408575674258846,0.040091882224201916,0.003993874518386541,0.027957121628705783,0.0,0.0,0,0,0.005389706603097334,-0.01406631083076714,0.00022082360170532856,-0.0014525732538320877,0.005389706603097334,-0.01406631083076714,0.015351962436351332,7.055600410344581e-05,0.05718813824976203,0.29612046627603417
global_compatible,38,15,0,0,certified_reset,0,1,0.040091882224201916,0.03609800770581537,0.003993874518386541,0.023963247110319243,0.0,0.0,0,0,0.00022082360170532856,-0.0014525732538320877,-0.0044972004850528146,-0.005540492843625972,0.00022082360170532856,-0.0014525732538320877,0.0019230676340763202,5.210122215956119e-07,0.05718813824976203,0.29612046627603417
global_compatible,38,16,0,0,certified_reset,0,1,0.03609800770581537,0.03210413318742883,0.003993874518386541,0.019969372591932703,0.0,0.0,0,0,-0.0044972004850528146,-0.005540492843625972,-0.0018883329114932211,0.00887996544368705,-0.0044972004850528146,-0.005540492843625972,0.012638342647078044,2.974347579543177e-05,0.05718813824976203,0.29612046627603417
global_compatible,38,17,0,0,certified_reset,0,1,0.03210413318742883,0.02811025866904229,0.003993874518386541,0.015975498073546163,0.0,0.0,0,0,-0.0018883329114932211,0.00887996544368705,0.0015174361113235951,-0.0036409139831199734,-0.0018883329114932211,0.00887996544368705,-0.011199795650759679,2.089536828069156e-05,0.05718813824976203,0.29612046627603417
global_compatible,38,18,0,0,certified_reset,0,1,0.02811025866904229,0.02411638415065575,0.003993874518386541,0.011981623555159623,0.0,0.0,0,0,0.0015174361113235951,-0.0036409139831199734,0.0007363299627412562,-0.01679810359808,0.0015174361113235951,-0.0036409139831199734,0.0038521184419323495,5.059708598061895e-06,0.05718813824976203,0.29612046627603417
global_compatible,38,19,0,0,certified_reset,0,1,0.02411638415065575,0.02012250963226921,0.003993874518386541,0.007987749036773082,0.0,0.0,0,0,0.0007363299627412562,-0.01679810359808,-0.0057049695596316004,0.020080906064582158,0.0007363299627412562,-0.01679810359808,0.024010828292292785,6.574690990460882e-05,0.05718813824976203,0.29612046627603417
global_compatible,38,20,0,0,certified_reset,0,1,0.02012250963226921,0.01612863511388267,0.003993874518386541,0.003993874518386541,0.0,0.0,0,0,-0.0057049695596316004,0.020080906064582158,-0.005302525733881079,-0.0025768435232022126,-0.0057049695596316004,0.020080906064582158,-0.02389922795668367,0.00011940970700688448,0.05718813824976203,0.29612046627603417
global_compatible,38,21,0,0,certified_reset,0,1,0.01612863511388267,0.01213476059549613,0.003993874518386541,0.0,0.0,0.0,0,0,-0.005302525733881079,-0.0025768435232022126,-0.010634124303561612,-0.003166890323834331,-0.005302525733881079,-0.0025768435232022126,0.00907629968841834,3.13714816170731e-05,0.05718813824976203,0.29612046627603417
global_compatible,39,0,0,0,certified_reset,0,1,0.1,0.09600612548161347,0.003993874518386541,0.08387136488611735,0.0,0.0,0,0,-2.92259587779457,0.2510592318995347,-1.9104377553632075,1.8100623812447958,-2.92259587779457,0.2510592318995347,1.55,8.612974697727774,0.05718813824976203,0.29612046627603417
global_compatible,39,1,0,0,certified_reset,0,1,0.09600612548161347,0.09201225096322693,0.003993874518386541,0.07987749036773081,0.0,0.0,0,0,-1.9104377553632075,1.8100623812447958,-0.4908475225215092,1.043482906000261,-1.9104377553632075,1.8100623812447958,-0.7640516794887323,4.254105439660014,0.05718813824976203,0.29612046627603417
global_compatible,39,2,0,0,certified_reset,0,1,0.09201225096322693,0.0880183764448404,0.003993874518386541,0.07588361584934428,0.0,0.0,0,0,-0.4908475225215092,1.043482906000261,0.03333739841737238,-0.016729494536253275,-0.4908475225215092,1.043482906000261,-1.0483784843062696,0.4644029100450662,0.05718813824976203,0.29612046627603417
global_compatible,39,3,0,0,certified_reset,0,1,0.0880183764448404,0.08402450192645386,0.003993874518386541,0.07188974133095774,0.0,0.0,0,0,0.03333739841737238,-0.016729494536253275,0.00965529633086143,-0.020210386119390127,0.03333739841737238,-0.016729494536253275,-0.00855229107069551,0.001163588353041505,0.05718813824976203,0.29612046627603417
global_compatible,39,4,0,0,certified_reset,0,1,0.08402450192645386,0.08003062740806732,0.003993874518386541,0.0678958668125712,0.0,0.0,0,0,0.00965529633086143,-0.020210386119390127,-0.002534632700169492,-0.002481612214569977,0.00965529633086143,-0.020210386119390127,0.02015843964338905,0.00017690656173522084,0.05718813824976203,0.29612046627603417
global_compatible,39,5,0,0,certified_reset,0,1,0.08003062740806732,0.07603675288968079,0.003993874518386541,0.06390199229418467,0.0,0.0,0,0,-0.002534632700169492,-0.002481612214569977,-0.002585305277940904,-0.010105787169886719,-0.002534632700169492,-0.002481612214569977,0.006181278075305508,8.488079743905327e-06,0.05718813824976203,0.29612046627603417
global_compatible,39,6,0,0,certified_reset,0,1,0.07603675288968079,0.07204287837129425,0.003993874518386541,0.05990811777579813,0.0,0.0,0,0,-0.002585305277940904,-0.010105787169886719,-0.0011756014683743988,0.004373472856959349,-0.002585305277940904,-0.010105787169886719,0.017460253871655982,3.2688163189864504e-05,0.05718813824976203,0.29612046627603417
global_compatible,39,7,0,0,certified_reset,0,1,0.07204287837129425,0.06804900385290771,0.003993874518386541,0.05591424325741159,0.0,0.0,0,0,-0.0011756014683743988,0.004373472856959349,0.004146883180895135,-0.0025932852419738497,-0.0011756014683743988,0.004373472856959349,-0.0052717220823859726,5.51972282479277e-06,0.05718813824976203,0.29612046627603417
global_compatible,39,8,0,0,certified_reset,0,1,0.06804900385290771,0.06405512933452118,0.003993874518386541,0.051920368739025044,0.0,0.0,0,0,0.004146883180895135,-0.0025932852419738497,-0.0050546538992498335,-0.0029190517081039286,0.004146883180895135,-0.0025932852419738497,-0.00030378646613720274,1.8409470373739246e-05,0.05718813824976203,0.29612046627603417
global_compatible,39,9,0,0,certified_reset,0,1,0.06405512933452118,0.060061254816134634,0.003993874518386541,0.0479264942206385,0.0,0.0,0,0,-0.0050546538992498335,-0.0029190517081039286,-0.00823033210722373,0.015754943009674185,-0.0050546538992498335,-0.0029190517081039286,0.009331479434028664,2.9260194069319247e-05,0.05718813824976203,0.29612046627603417
global_compatible,39,10,0,0,certified_reset,0,1,0.060061254816134634,0.05606738029774809,0.003993874518386541,0.04393261970225196,0.0,0.0,0,0,-0.00823033210722373,0.015754943009674185,-0.0037762781313938165,0.01768124442886109,-0.00823033210722373,0.015754943009674185,-0.015013209650806493,0.00011805255945852919,0.05718813824976203,0.29612046627603417
global_compatible,39,11,0,0,certified_reset,0,1,0.05606738029774809,0.05207350577936155,0.003993874518386541,0.039938745183865414,0.0,0.0,0,0,-0.0037762781313938165,0.01768124442886109,-0.002353653019803179,-0.001570999703146174,-0.0037762781313938165,0.01768124442886109,-0.02228261891441867,8.294590698733703e-05,0.05718813824976203,0.29612046627603417
global_compatible,39,12,0,0,certified_reset,0,1,0.05207350577936155,0.048079631260975,0.003993874518386541,0.03594487066547887,0.0,0.0,0,0,-0.002353653019803179,-0.001570999703146174,-0.003040922690683628,0.007879973000334746,-0.002353653019803179,-0.001570999703146174,0.004657927036202182,6.52633685660457e-06,0.05718813824976203,0.29612046627603417
global_compatible,39,13,0,0,certified_reset,0,1,0.048079631260975,0.04408575674258846,0.003993874518386541,0.03195099614709233,0.0,0.0,0,0,-0.003040922690683628,0.007879973000334746,0.004035878589016991,0.010299573190479017,-0.003040922690683628,0.007879973000334746,-0.008579345421875073,2.22642554148916e-05,0.05718813824976203,0.29612046627603417
global_compatible,39,14,0,0,certified_reset,0,1,0.04408575674258846,0.040091882224201916,0.003993874518386541,0.027957121628705783,0.0,0.0,0,0,0.004035878589016991,0.010299573190479017,0.0042595755207242856,-0.018416148840243597,0.004035878589016991,0.010299573190479017,-0.019189515120593085,4.4588870672458685e-05,0.05718813824976203,0.29612046627603417
global_compatible,39,15,0,0,certified_reset,0,1,0.040091882224201916,0.03609800770581537,0.003993874518386541,0.023963247110319243,0.0,0.0,0,0,0.0042595755207242856,-0.018416148840243597,-0.003937515971364592,0.006051215361065567,0.0042595755207242856,-0.018416148840243597,0.022887746164836853,9.228802358848466e-05,0.05718813824976203,0.29612046627603417
global_compatible,39,16,0,0,certified_reset,0,1,0.03609800770581537,0.03210413318742883,0.003993874518386541,0.019969372591932703,0.0,0.0,0,0,-0.003937515971364592,0.006051215361065567,-0.0021448436754709335,-0.009791518013255222,-0.003937515971364592,0.006051215361065567,-0.004993167302509647,2.2718422339801794e-05,0.05718813824976203,0.29612046627603417
global_compatible,39,17,2,2,certified_reset,0,1,0.03210413318742883,0.02811025866904229,0.003993874518386541,0.015975498073546163,0.0,0.0,0,0,-0.0021448436754709335,-0.009791518013255222,0.0023094053646966926,0.0211795252949775,-0.0021448436754709335,-0.009791518013255222,0.016555132833013835,2.870945347087825e-05,0.05718813824976203,0.29612046627603417
global_compatible,39,18,0,0,certified_reset,0,1,0.02811025866904229,0.02411638415065575,0.003993874518386541,0.011981623555159623,0.0,0.0,0,0,0.0023094053646966926,0.0211795252949775,0.009977571763784965,-0.01352182100792789,0.0023094053646966926,0.0211795252949775,-0.03350202313546946,0.00011413600450243465,0.05718813824976203,0.29612046627603417
global_compatible,39,19,0,0,certified_reset,0,1,0.02411638415065575,0.02012250963226921,0.003993874518386541,0.007987749036773082,0.0,0.0,0,0,0.009977571763784965,-0.01352182100792789,-0.009508861288770508,0.00029586792607421775,0.009977571763784965,-0.01352182100792789,0.009983620063341607,0.00013495489084738716,0.05718813824976203,0.29612046627603417
global_compatible,39,20,0,0,certified_reset,0,1,0.02012250963226921,0.01612863511388267,0.003993874518386541,0.003993874518386541,0.0,0.0,0,0,-0.009508861288770508,0.00029586792607421775,0.0038095122876905703,-0.0019751486702831948,-0.009508861288770508,0.00029586792607421775,0.009032177095719476,9.247370539563162e-05,0.05718813824976203,0.29612046627603417
global_compatible,39,21,0,0,certified_reset,0,1,0.01612863511388267,0.01213476059549613,0.003993874518386541,0.0,0.0,0.0,0,0,0.0038095122876905703,-0.0019751486702831948,0.008794980066410557,0.0076470271393968975,0.0038095122876905703,-0.0019751486702831948,-0.0008838797239195268,1.5234133162774209e-05,0.05718813824976203,0.29612046627603417
global_compatible,40,0,0,0,certified_reset,0,1,0.1,0.09600612548161347,0.003993874518386541,0.08387136488611735,0.0,0.0,0,0,2.779147676750977,-0.10321232033692035,1.8999059032829893,-1.6492143785816862,2.779147676750977,-0.10321232033692035,-1.5499999999985923,7.785641810142724,0.05718813824976203,0.29612046627603417
global_compatible,40,1,0,0,certified_reset,0,1,0.09600612548161347,0.09201225096322693,0.003993874518386541,0.07987749036773081,0.0,0.0,0,0,1.8999059032829893,-1.6492143785816862,0.5095735232129425,-1.1099868732088103,1.8999059032829893,-1.6492143785816862,0.5375930992369826,4.106451051811936,0.05718813824976203,0.29612046627603417
global_compatible,40,2,0,0,certified_reset,0,1,0.09201225096322693,0.0880183764448404,0.003993874518386541,0.07588361584934428,0.0,0.0,0,0,0.5095735232129425,-1.1099868732088103,-0.044309909601238116,0.03376560886004476,0.5095735232129425,-1.1099868732088103,1.1277003337598286,0.5132306311939588,0.05718813824976203,0.29612046627603417
global_compatible,40,3,0,0,certified_reset,0,1,0.0880183764448404,0.08402450192645386,0.003993874518386541,0.07188974133095774,0.0,0.0,0,0,-0.044309909601238116,0.03376560886004476,-0.008657039583673528,0.024770446899158305,-0.044309909601238116,0.03376560886004476,-0.005619260413358643,0.002169378432563838,0.05718813824976203,0.29612046627603417
global_compatible,40,4,0,0,certified_reset,0,1,0.08402450192645386,0.08003062740806732,0.003993874518386541,0.0678958668125712,0.0,0.0,0,0,-0.008657039583673528,0.024770446899158305,0.005962370426932731,-0.0052736576601884605,-0.008657039583673528,0.024770446899158305,-0.02787157247335214,0.00020480845528184717,0.05718813824976203,0.29612046627603417
global_compatible,40,5,0,0,certified_reset,0,1,0.08003062740806732,0.07603675288968079,0.003993874518386541,0.06390199229418467,0.0,0.0,0,0,0.005962370426932731,-0.0052736576601884605,0.008373371402238542,-0.004183652724121278,0.005962370426932731,-0.0052736576601884605,0.0018317742256211559,4.063980974933884e-05,0.05718813824976203,0.29612046627603417
global_compatible,40,6,0,0,certified_reset,0,1,0.07603675288968079,0.07204287837129425,0.003993874518386541,0.05990811777579813,0.0,0.0,0,0,0.008373371402238542,-0.004183652724121278,0.01071851478846892,-0.005204422766942373,0.008373371402238542,-0.004183652724121278,-0.0021743910503098443,7.338207907170647e-05,0.05718813824976203,0.29612046627603417
global_compatible,40,7,0,0,certified_reset,0,1,0.07204287837129425,0.06804900385290771,0.003993874518386541,0.05591424325741159,0.0,0.0,0,0,0.01071851478846892,-0.005204422766942373,0.006353202705944933,-0.0222303268679874,0.01071851478846892,-0.005204422766942373,-0.0030050862014709724,0.00011998780578825599,0.05718813824976203,0.29612046627603417
global_compatible,40,8,0,0,certified_reset,0,1,0.06804900385290771,0.06405512933452118,0.003993874518386541,0.051920368739025044,0.0,0.0,0,0,0.006353202705944933,-0.0222303268679874,0.0013160211453464377,0.013785824894511337,0.006353202705944933,-0.0222303268679874,0.026423679973756248,0.0001467721940850744,0.05718813824976203,0.29612046627603417
global_compatible,40,9,0,0,certified_reset,0,1,0.06405512933452118,0.060061254816134634,0.003993874518386541,0.0479264942206385,0.0,0.0,0,0,0.0013160211453464377,0.013785824894511337,0.0001574157609632986,-0.006276622677279694,0.0013160211453464377,0.013785824894511337,-0.021618213223509677,4.7624404473410294e-05,0.05718813824976203,0.29612046627603417
global_compatible,40,10,1,1,certified_reset,0,1,0.060061254816134634,0.05606738029774809,0.003993874518386541,0.04393261970225196,0.0,0.0,0,0,0.0001574157609632986,-0.006276622677279694,0.005122021433911637,-0.00268114051060482,0.0001574157609632986,-0.006276622677279694,0.009093851702218584,9.18351179327776e-06,0.05718813824976203,0.29612046627603417
global_compatible,40,11,1,1,certified_reset,0,1,0.05606738029774809,0.05207350577936155,0.003993874518386541,0.039938745183865414,0.0,0.0,0,0,0.005122021433911637,-0.00268114051060482,0.0070536961252505685,0.01910055944699843,0.005122021433911637,-0.00268114051060482,-0.0011499634875667241,2.7562096568787765e-05,0.05718813824976203,0.29612046627603417
global_compatible,40,12,1,1,certified_reset,0,1,0.05207350577936155,0.048079631260975,0.003993874518386541,0.03594487066547887,0.0,0.0,0,0,0.0070536961252505685,0.01910055944699843,0.024602048763464418,-0.05709233743216087,0.0070536961252505685,0.01910055944699843,-0.035163708989838505,0.0001463364365893239,0.05718813824976203,0.29612046627603417
global_compatible,40,13,0,0,certified_reset,0,1,0.048079631260975,0.04408575674258846,0.003993874518386541,0.03195099614709233,0.0,0.0,0,0,0.024602048763464418,-0.05709233743216087,0.00027011525464804833,-0.012128310894125405,0.024602048763464418,-0.05709233743216087,0.05960456734865473,0.001280794713404578,0.05718813824976203,0.29612046627603417
global_compatible,40,14,0,0,certified_reset,0,1,0.04408575674258846,0.040091882224201916,0.003993874518386541,0.027957121628705783,0.0,0.0,0,0,0.00027011525464804833,-0.012128310894125405,0.0033225194067216628,-0.014539600446941192,0.00027011525464804833,-0.012128310894125405,0.0176033400365944,3.429716828791374e-05,0.05718813824976203,0.29612046627603417
global_compatible,40,15,0,0,certified_reset,0,1,0.040091882224201916,0.03609800770581537,0.003993874518386541,0.023963247110319243,0.0,0.0,0,0,0.0033225194067216628,-0.014539600446941192,0.0008281828189287159,0.004451088577338909,0.0033225194067216628,-0.014539600446941192,0.018111539649039436,5.7291828527714905e-05,0.05718813824976203,0.29612046627603417
global_compatible,40,16,0,0,certified_reset,0,1,0.03609800770581537,0.03210413318742883,0.003993874518386541,0.019969372591932703,0.0,0.0,0,0,0.0008281828189287159,0.004451088577338909,0.005061266505935705,0.0021602369215879677,0.0008281828189287159,0.004451088577338909,-0.007381687132918773,5.614313518973223e-06,0.05718813824976203,0.29612046627603417
global_compatible,40,17,0,0,certified_reset,0,1,0.03210413318742883,0.02811025866904229,0.003993874518386541,0.015975498073546163,0.0,0.0,0,0,0.005061266505935705,0.0021602369215879677,-0.0025803739802821744,-0.008931977404026152,0.005061266505935705,0.0021602369215879677,-0.008225454533059529,2.8147863441322893e-05,0.05718813824976203,0.29612046627603417
global_compatible,40,18,0,0,certified_reset,0,1,0.02811025866904229,0.02411638415065575,0.003993874518386541,0.011981623555159623,0.0,0.0,0,0,-0.0025803739802821744,-0.008931977404026152,-0.010304325369713053,-0.0018420727470760817,-0.0025803739802821744,-0.008931977404026152,0.015728693322426587,2.7203564381177013e-05,0.05718813824976203,0.29612046627603417
global_compatible,40,19,0,0,certified_reset,0,1,0.02411638415065575,0.02012250963226921,0.003993874518386541,0.007987749036773082,0.0,0.0,0,0,-0.010304325369713053,-0.0018420727470760817,-0.002328152149796628,0.00038924467480763204,-0.010304325369713053,-0.0018420727470760817,0.012973356609559446,0.00011099760262887572,0.05718813824976203,0.29612046627603417
global_compatible,40,20,0,0,certified_reset,0,1,0.02012250963226921,0.01612863511388267,0.003993874518386541,0.003993874518386541,0.0,0.0,0,0,-0.002328152149796628,0.00038924467480763204,-0.003420006974590536,0.012466542954702137,-0.002328152149796628,0.00038924467480763204,0.0017462458152998725,5.523798848824866e-06,0.05718813824976203,0.29612046627603417
global_compatible,40,21,0,0,certified_reset,0,1,0.01612863511388267,0.01213476059549613,0.003993874518386541,0.0,0.0,0.0,0,0,-0.003420006974590536,0.012466542954702137,0.0009027615432847194,0.006828086833675874,-0.003420006974590536,0.012466542954702137,-0.014958477307137296,4.526499357340947e-05,0.05718813824976203,0.29612046627603417
global_compatible,41,0,0,0,certified_reset,0,1,0.1,0.09600612548161347,0.003993874518386541,0.08387136488611735,0.0,0.0,0,0,-4.361733542905653,0.26725881162764253,-3.3158670118145506,1.808640164391087,-4.361733542905653,0.26725881162764253,1.55,19.097638908338972,0.05718813824976203,0.29612046627603417
global_compatible,41,1,0,0,certified_reset,0,1,0.09600612548161347,0.09201225096322693,0.003993874518386541,0.07987749036773081,0.0,0.0,0,0,-3.3158670118145506,1.808640164391087,-1.4106981964881933,2.0188386106437086,-3.3158670118145506,1.808640164391087,0.19656862813612497,11.58475228464389,0.05718813824976203,0.29612046627603417
global_compatible,41,2,0,0,certified_reset,0,1,0.09201225096322693,0.0880183764448404,0.003993874518386541,0.07588361584934428,0.0,0.0,0,0,-1.4106981964881933,2.0188386106437086,-0.15980077068825602,0.45423789612732846,-1.4106981964881933,2.0188386106437086,-1.55,2.7837595820236887,0.05718813824976203,0.29612046627603417
global_compatible,41,3,0,0,certified_reset,0,1,0.0880183764448404,0.08402450192645386,0.003993874518386541,0.07188974133095774,0.0,0.0,0,0,-0.15980077068825602,0.45423789612732846,0.03430368047459042,-0.05831390992354966,-0.15980077068825602,0.45423789612732846,-0.5100107407697325,0.06917883213514556,0.05718813824976203,0.29612046627603417
global_compatible,41,4,0,0,certified_reset,0,1,0.08402450192645386,0.08003062740806732,0.003993874518386541,0.0678958668125712,0.0,0.0,0,0,0.03430368047459042,-0.05831390992354966,0.004288085164066164,-0.00016233864561715928,0.03430368047459042,-0.05831390992354966,0.05174435308899268,0.00185577162232069,0.05718813824976203,0.29612046627603417
global_compatible,41,5,0,0,certified_reset,0,1,0.08003062740806732,0.07603675288968079,0.003993874518386541,0.06390199229418467,0.0,0.0,0,0,0.004288085164066164,-0.00016233864561715928,0.007702240943979784,0.0009394918227676246,0.004288085164066164,-0.00016233864561715928,-0.0040265451076798645,1.8797744702343804e-05,0.05718813824976203,0.29612046627603417
global_compatible,41,6,0,0,certified_reset,0,1,0.07603675288968079,0.07204287837129425,0.003993874518386541,0.05990811777579813,0.0,0.0,0,0,0.007702240943979784,0.0009394918227676246,0.0078114796703355055,-0.0020294417334887523,0.007702240943979784,0.0009394918227676246,-0.009052784319440519,6.15322142367848e-05,0.05718813824976203,0.29612046627603417
global_compatible,41,7,0,0,certified_reset,0,1,0.07204287837129425,0.06804900385290771,0.003993874518386541,0.05591424325741159,0.0,0.0,0,0,0.0078114796703355055,-0.0020294417334887523,0.013100401249860831,-0.019522794884929303,0.0078114796703355055,-0.0020294417334887523,-0.004792042387971649,6.233466047120047e-05,0.05718813824976203,0.29612046627603417
global_compatible,41,8,0,0,certified_reset,0,1,0.06804900385290771,0.06405512933452118,0.003993874518386541,0.051920368739025044,0.0,0.0,0,0,0.013100401249860831,-0.019522794884929303,-0.006515458709069947,0.0009162455640579397,0.013100401249860831,-0.019522794884929303,0.0157124987855588,0.0002463976919809338,0.05718813824976203,0.29612046627603417
global_compatible,41,9,0,0,certified_reset,0,1,0.06405512933452118,0.060061254816134634,0.003993874518386541,0.0479264942206385,0.0,0.0,0,0,-0.006515458709069947,0.0009162455640579397,-0.007910054614676885,0.005497843115782481,-0.006515458709069947,0.0009162455640579397,0.005135076479098542,4.326153851880825e-05,0.05718813824976203,0.29612046627603417
global_compatible,41,10,0,0,certified_reset,0,1,0.060061254816134634,0.05606738029774809,0.003993874518386541,0.04393261970225196,0.0,0.0,0,0,-0.007910054614676885,0.005497843115782481,-0.0061288578379970465,-0.0006983258217129673,-0.007910054614676885,0.005497843115782481,-0.00021911847071825593,6.801089453641256e-05,0.05718813824976203,0.29612046627603417
global_compatible,41,11,0,0,certified_reset,0,1,0.05606738029774809,0.05207350577936155,0.003993874518386541,0.039938745183865414,0.0,0.0,0,0,-0.0061288578379970465,-0.0006983258217129673,-0.005449968638997005,0.004036110291907804,-0.0061288578379970465,-0.0006983258217129673,0.007128874316222848,3.892119823537917e-05,0.05718813824976203,0.29612046627603417
global_compatible,41,12,0,0,certified_reset,0,1,0.05207350577936155,0.048079631260975,0.003993874518386541,0.03594487066547887,0.0,0.0,0,0,-0.005449968638997005,0.004036110291907804,-0.012801796652601932,-0.01809777043102866,-0.005449968638997005,0.004036110291907804,-0.0005148245258821731,3.264101780528205e-05,0.05718813824976203,0.29612046627603417
global_compatible,41,13,0,0,certified_reset,0,1,0.048079631260975,0.04408575674258846,0.003993874518386541,0.03195099614709233,0.0,0.0,0,0,-0.012801796652601932,-0.01809777043102866,-0.014545801885970253,0.0261416247082613,-0.012801796652601932,-0.01809777043102866,0.03940936823059534,0.0002616687281662952,0.05718813824976203,0.29612046627603417
global_compatible,41,14,1,1,certified_reset,0,1,0.04408575674258846,0.040091882224201916,0.003993874518386541,0.027957121628705783,0.0,0.0,0,0,-0.014545801885970253,0.0261416247082613,-0.0023719339390764352,0.011095825393422317,-0.014545801885970253,0.0261416247082613,-0.02402352163937262,0.0003490178099345949,0.05718813824976203,0.29612046627603417
global_compatible,41,15,0,0,certified_reset,0,1,0.040091882224201916,0.03609800770581537,0.003993874518386541,0.023963247110319243,0.0,0.0,0,0,-0.0023719339390764352,0.011095825393422317,0.001066705356922658,0.012506708388794687,-0.0023719339390764352,0.011095825393422317,-0.013986290494189459,3.267760006507581e-05,0.05718813824976203,0.29612046627603417
global_compatible,41,16,0,0,certified_reset,0,1,0.03609800770581537,0.03210413318742883,0.003993874518386541,0.019969372591932703,0.0,0.0,0,0,0.001066705356922658,0.012506708388794687,-0.0017958716911837232,-0.004628848739882594,0.001066705356922658,0.012506708388794687,-0.01948490691303796,3.878459610375389e-05,0.05718813824976203,0.29612046627603417
global_compatible,41,17,0,0,certified_reset,0,1,0.03210413318742883,0.02811025866904229,0.003993874518386541,0.015975498073546163,0.0,0.0,0,0,-0.0017958716911837232,-0.004628848739882594,-0.002879302873853742,-0.004046907802988518,-0.0017958716911837232,-0.004628848739882594,0.008608308653754447,8.93445289636096e-06,0.05718813824976203,0.29612046627603417
global_compatible,41,18,0,0,certified_reset,0,1,0.02811025866904229,0.02411638415065575,0.003993874518386541,0.011981623555159623,0.0,0.0,0,0,-0.002879302873853742,-0.004046907802988518,-0.007393201506362285,0.005088278508612895,-0.002879302873853742,-0.004046907802988518,0.008829603383360253,1.318737573492867e-05,0.05718813824976203,0.29612046627603417
global_compatible,41,19,0,0,certified_reset,0,1,0.02411638415065575,0.02012250963226921,0.003993874518386541,0.007987749036773082,0.0,0.0,0,0,-0.007393201506362285,0.005088278508612895,-0.001854458359820658,-0.003705982755317817,-0.007393201506362285,0.005088278508612895,-0.00013154644431139948,5.932016519797097e-05,0.05718813824976203,0.29612046627603417
global_compatible,41,20,0,0,certified_reset,0,1,0.02012250963226921,0.01612863511388267,0.003993874518386541,0.003993874518386541,0.0,0.0,0,0,-0.001854458359820658,-0.003705982755317817,-0.0067954504241231695,-0.0007957889004307425,-0.001854458359820658,-0.003705982755317817,0.0073083781008291306,7.246501042814043e-06,0.05718813824976203,0.29612046627603417
global_compatible,41,21,0,0,certified_reset,0,1,0.01612863511388267,0.01213476059549613,0.003993874518386541,0.0,0.0,0.0,0,0,-0.0067954504241231695,-0.0007957889004307425,0.0033389644646154267,0.0052543774659952885,-0.0067954504241231695,-0.0007957889004307425,0.007934681926643782,4.786611629396973e-05,0.05718813824976203,0.29612046627603417
global_compatible,42,0,0,0,certified_reset,0,1,0.1,0.09600612548161347,0.003993874518386541,0.08387136488611735,0.0,0.0,0,0,-5.315913509354196,-0.40674485293329354,-4.942656055289189,1.1386359223249676,-5.315913509354196,-0.40674485293329354,1.55,28.34877838650424,0.05718813824976203,0.29612046627603417
global_compatible,42,1,0,0,certified_reset,0,1,0.09600612548161347,0.09201225096322693,0.003993874518386541,0.07987749036773081,0.0,0.0,0,0,-4.942656055289189,1.1386359223249676,-3.034255349975987,2.6824001230748125,-4.942656055289189,1.1386359223249676,1.549999999999999,24.72327989833647,0.05718813824976203,0.29612046627603417
global_compatible,42,2,0,0,certified_reset,0,1,0.09201225096322693,0.0880183764448404,0.003993874518386541,0.07588361584934428,0.0,0.0,0,0,-3.034255349975987,2.6824001230748125,-0.8987411636159829,1.579551539922365,-3.034255349975987,2.6824001230748125,-1.107902985800859,10.532540430155478,0.05718813824976203,0.29612046627603417
global_compatible,42,3,0,0,certified_reset,0,1,0.0880183764448404,0.08402450192645386,0.003993874518386541,0.07188974133095774,0.0,0.0,0,0,-0.8987411636159829,1.579551539922365,-0.03625936291880693,0.16204575649013092,-0.8987411636159829,1.579551539922365,-1.4318936050603608,1.3080906136919306,0.05718813824976203,0.29612046627603417
global_compatible,42,4,0,0,certified_reset,0,1,0.08402450192645386,0.08003062740806732,0.003993874518386541,0.0678958668125712,0.0,0.0,0,0,-0.03625936291880693,0.16204575649013092,0.03483319114624517,-0.03805627372993269,-0.03625936291880693,0.16204575649013092,-0.20260143143794973,0.007067513795157992,0.05718813824976203,0.29612046627603417
global_compatible,42,5,0,0,certified_reset,0,1,0.08003062740806732,0.07603675288968079,0.003993874518386541,0.06390199229418467,0.0,0.0,0,0,0.03483319114624517,-0.03805627372993269,0.015000004504245972,-0.020489014023090817,0.03483319114624517,-0.03805627372993269,0.021377675874637896,0.0014854667257132414,0.05718813824976203,0.29612046627603417
global_compatible,42,6,0,0,certified_reset,0,1,0.07603675288968079,0.07204287837129425,0.003993874518386541,0.05990811777579813,0.0,0.0,0,0,0.015000004504245972,-0.020489014023090817,-0.00298165775000189,-0.0063785312489409215,0.015000004504245972,-0.020489014023090817,0.015243927802125102,0.0003063735137132237,0.05718813824976203,0.29612046627603417
global_compatible,42,7,0,0,certified_reset,0,1,0.07204287837129425,0.06804900385290771,0.003993874518386541,0.05591424325741159,0.0,0.0,0,0,-0.00298165775000189,-0.0063785312489409215,-0.002446096770122078,-0.00129530916549578,-0.00298165775000189,-0.0063785312489409215,0.012361025181459293,2.0033575487431953e-05,0.05718813824976203,0.29612046627603417
global_compatible,42,8,1,1,certified_reset,0,1,0.06804900385290771,0.06405512933452118,0.003993874518386541,0.051920368739025044,0.0,0.0,0,0,-0.002446096770122078,-0.00129530916549578,0.030511480418837555,0.02322996680194298,-0.002446096770122078,-0.00129530916549578,0.004340860638210198,6.756474835969856e-06,0.05718813824976203,0.29612046627603417
global_compatible,42,9,1,1,certified_reset,0,1,0.06405512933452118,0.060061254816134634,0.003993874518386541,0.0479264942206385,0.0,0.0,0,0,0.030511480418837555,0.02322996680194298,0.018358517939292322,-0.03589714025756664,0.030511480418837555,0.02322996680194298,-0.064604822399744,0.0011324286586531563,0.05718813824976203,0.29612046627603417
global_compatible,42,10,0,0,certified_reset,0,1,0.060061254816134634,0.05606738029774809,0.003993874518386541,0.04393261970225196,0.0,0.0,0,0,0.018358517939292322,-0.03589714025756664,-0.005583893842018641,0.000846540728135376,0.018358517939292322,-0.03589714025756664,0.034604681544403076,0.0005989211227079109,0.05718813824976203,0.29612046627603417
global_compatible,42,11,0,0,certified_reset,0,1,0.05606738029774809,0.05207350577936155,0.003993874518386541,0.039938745183865414,0.0,0.0,0,0,-0.005583893842018641,0.000846540728135376,0.00029785673616945134,0.008620751282745762,-0.005583893842018641,0.000846540728135376,0.004317469332903541,3.177487759173832e-05,0.05718813824976203,0.29612046627603417
global_compatible,42,12,0,0,certified_reset,0,1,0.05207350577936155,0.048079631260975,0.003993874518386541,0.03594487066547887,0.0,0.0,0,0,0.00029785673616945134,0.008620751282745762,0.004075386790959118,-0.003564130803181972,0.00029785673616945134,0.008620751282745762,-0.012993995352247822,1.7686939997850753e-05,0.05718813824976203,0.29612046627603417
global_compatible,42,13,0,0,certified_reset,0,1,0.048079631260975,0.04408575674258846,0.003993874518386541,0.03195099614709233,0.0,0.0,0,0,0.004075386790959118,-0.003564130803181972,0.002305969564750666,-0.005847893599388683,0.004075386790959118,-0.003564130803181972,0.001188491061074616,1.8930635379774717e-05,0.05718813824976203,0.29612046627603417
global_compatible,42,14,0,0,certified_reset,0,1,0.04408575674258846,0.040091882224201916,0.003993874518386541,0.027957121628705783,0.0,0.0,0,0,0.002305969564750666,-0.005847893599388683,-0.00014185367025239165,-0.009905178528042747,0.002305969564750666,-0.005847893599388683,0.006317139100438398,1.2470766512872369e-05,0.05718813824976203,0.29612046627603417
global_compatible,42,15,0,0,certified_reset,0,1,0.040091882224201916,0.03609800770581537,0.003993874518386541,0.023963247110319243,0.0,0.0,0,0,-0.00014185367025239165,-0.009905178528042747,-0.006030726945778128,-0.0001151922341977897,-0.00014185367025239165,-0.009905178528042747,0.014727771808755133,2.310306512606497e-05,0.05718813824976203,0.29612046627603417
global_compatible,42,16,1,1,certified_reset,0,1,0.03609800770581537,0.03210413318742883,0.003993874518386541,0.019969372591932703,0.0,0.0,0,0,-0.006030726945778128,-0.0001151922341977897,0.007547851974209215,-0.0057286256608766305,-0.006030726945778128,-0.0001151922341977897,0.0061775243885952,3.7326101148974106e-05,0.05718813824976203,0.29612046627603417
global_compatible,42,17,0,0,certified_reset,0,1,0.03210413318742883,0.02811025866904229,0.003993874518386541,0.015975498073546163,0.0,0.0,0,0,0.007547851974209215,-0.0057286256608766305,-0.0009391680163151278,-0.0003557276767145014,0.007547851974209215,-0.0057286256608766305,0.0009244862839737031,6.289852365004709e-05,0.05718813824976203,0.29612046627603417
global_compatible,42,18,0,0,certified_reset,0,1,0.02811025866904229,0.02411638415065575,0.003993874518386541,0.011981623555159623,0.0,0.0,0,0,-0.0009391680163151278,-0.0003557276767145014,0.0006763598127477692,0.004343699386987157,-0.0009391680163151278,-0.0003557276767145014,0.0014566400330896813,9.578591599158054e-07,0.05718813824976203,0.29612046627603417
global_compatible,42,19,0,0,certified_reset,0,1,0.02411638415065575,0.02012250963226921,0.003993874518386541,0.007987749036773082,0.0,0.0,0,0,0.0006763598127477692,0.004343699386987157,0.0007478693484507284,-0.01050436141515236,0.0006763598127477692,0.004343699386987157,-0.0070673598353470585,5.1023423579693865e-06,0.05718813824976203,0.29612046627603417
global_compatible,42,20,0,0,certified_reset,0,1,0.02012250963226921,0.01612863511388267,0.003993874518386541,0.003993874518386541,0.0,0.0,0,0,0.0007478693484507284,-0.01050436141515236,0.005848505634726663,-0.0009464775657739679,0.0007478693484507284,-0.01050436141515236,0.014730801944522405,2.5845711283796253e-05,0.05718813824976203,0.29612046627603417
global_compatible,42,21,0,0,certified_reset,0,1,0.01612863511388267,0.01213476059549613,0.003993874518386541,0.0,0.0,0.0,0,0,0.005848505634726663,-0.0009464775657739679,0.0012532306655578238,-0.0007377809816120412,0.005848505634726663,-0.0009464775657739679,-0.0044299621235243,3.485687983067844e-05,0.05718813824976203,0.29612046627603417
global_compatible,43,0,2,2,certified_reset,0,1,0.1,0.09600612548161347,0.003993874518386541,0.08387136488611735,0.0,0.0,0,0,-0.3423762718531336,-0.23089831600051308,-0.2418988442556403,0.4227419601028161,-0.3423762718531336,-0.23089831600051308,0.6810598257692883,0.13841409950471026,0.05718813824976203,0.29612046627603417
global_compatible,43,1,2,2,certified_reset,0,1,0.09600612548161347,0.09201225096322693,0.003993874518386541,0.07987749036773081,0.0,0.0,0,0,-0.2418988442556403,0.4227419601028161,-0.04828738302858223,0.027780727617980904,-0.2418988442556403,0.4227419601028161,-0.3818641677202244,0.09432849458661377,0.05718813824976203,0.29612046627603417
global_compatible,43,2,2,2,certified_reset,0,1,0.09201225096322693,0.0880183764448404,0.003993874518386541,0.07588361584934428,0.0,0.0,0,0,-0.04828738302858223,0.027780727617980904,-0.07618922985243247,-0.012549549916922871,-0.04828738302858223,0.027780727617980904,0.007159574169766979,0.002471871236163521,0.05718813824976203,0.29612046627603417
global_compatible,43,3,2,2,certified_reset,0,1,0.0880183764448404,0.08402450192645386,0.003993874518386541,0.07188974133095774,0.0,0.0,0,0,-0.07618922985243247,-0.012549549916922871,-0.01784140821813326,0.05930320657019593,-0.07618922985243247,-0.012549549916922871,0.09435389043036572,0.006055713578051545,0.05718813824976203,0.29612046627603417
global_compatible,43,4,2,2,certified_reset,0,1,0.08402450192645386,0.08003062740806732,0.003993874518386541,0.0678958668125712,0.0,0.0,0,0,-0.01784140821813326,0.05930320657019593,0.016708426303061196,-0.01944223358927722,-0.01784140821813326,0.05930320657019593,-0.06959489985407413,0.0010724387550598575,0.05718813824976203,0.29612046627603417
global_compatible,43,5,2,2,certified_reset,0,1,0.08003062740806732,0.07603675288968079,0.003993874518386541,0.06390199229418467,0.0,0.0,0,0,0.016708426303061196,-0.01944223358927722,-0.03812344048498957,-0.11242760228347942,0.016708426303061196,-0.01944223358927722,0.01200482553620207,0.00035081448587789696,0.05718813824976203,0.29612046627603417
global_compatible,43,6,1,1,certified_reset,0,1,0.07603675288968079,0.07204287837129425,0.003993874518386541,0.05990811777579813,0.0,0.0,0,0,-0.03812344048498957,-0.11242760228347942,-0.046215095983361425,0.11314570658513318,-0.03812344048498957,-0.11242760228347942,0.203578953455602,0.004764700307602697,0.05718813824976203,0.29612046627603417
global_compatible,43,7,1,1,certified_reset,0,1,0.07204287837129425,0.06804900385290771,0.003993874518386541,0.05591424325741159,0.0,0.0,0,0,-0.046215095983361425,0.11314570658513318,0.006005139618552458,-0.030249590420233445,-0.046215095983361425,0.11314570658513318,-0.12065868902983407,0.004804149243068092,0.05718813824976203,0.29612046627603417
global_compatible,43,8,1,1,certified_reset,0,1,0.06804900385290771,0.06405512933452118,0.003993874518386541,0.051920368739025044,0.0,0.0,0,0,0.006005139618552458,-0.030249590420233445,-0.011757385895847827,0.02195204565400652,0.006005139618552458,-0.030249590420233445,0.0385820180196608,0.00023798279440658234,0.05718813824976203,0.29612046627603417
global_compatible,43,9,1,1,certified_reset,0,1,0.06405512933452118,0.060061254816134634,0.003993874518386541,0.0479264942206385,0.0,0.0,0,0,-0.011757385895847827,0.02195204565400652,0.03359808058860858,0.04214803151125178,-0.011757385895847827,0.02195204565400652,-0.020624130504374876,0.00023561060759162412,0.05718813824976203,0.29612046627603417
global_compatible,43,10,1,1,certified_reset,0,1,0.060061254816134634,0.05606738029774809,0.003993874518386541,0.04393261970225196,0.0,0.0,0,0,0.03359808058860858,0.04214803151125178,7.460830255131765e-05,-0.07985324972434601,0.03359808058860858,0.04214803151125178,-0.09554512888778868,0.0016768149914424657,0.05718813824976203,0.29612046627603417
global_compatible,43,11,1,1,certified_reset,0,1,0.05606738029774809,0.05207350577936155,0.003993874518386541,0.039938745183865414,0.0,0.0,0,0,7.460830255131765e-05,-0.07985324972434601,-0.01475091692345488,0.02160668470212116,7.460830255131765e-05,-0.07985324972434601,0.11755708829938981,0.0014932747601115507,0.05718813824976203,0.29612046627603417
global_compatible,43,12,1,1,certified_reset,0,1,0.05207350577936155,0.048079631260975,0.003993874518386541,0.03594487066547887,0.0,0.0,0,0,-0.01475091692345488,0.02160668470212116,-0.009081347883638423,-0.02569687678948899,-0.01475091692345488,0.02160668470212116,-0.017142587810260693,0.0003089690462905178,0.05718813824976203,0.29612046627603417
global_compatible,43,13,0,0,certified_reset,0,1,0.048079631260975,0.04408575674258846,0.003993874518386541,0.03195099614709233,0.0,0.0,0,0,-0.009081347883638423,-0.02569687678948899,-0.009797100450579424,0.02661357514640387,-0.009081347883638423,-0.02569687678948899,0.04690092996907081,0.0002563226159949082,0.05718813824976203,0.29612046627603417
global_compatible,43,14,0,0,certified_reset,0,1,0.04408575674258846,0.040091882224201916,0.003993874518386541,0.027957121628705783,0.0,0.0,0,0,-0.009797100450579424,0.02661357514640387,0.0034647949927418464,-0.00048244424153889593,-0.009797100450579424,0.02661357514640387,-0.029449406683419478,0.00024515569486207076,0.05718813824976203,0.29612046627603417
global_compatible,43,15,0,0,certified_reset,0,1,0.040091882224201916,0.03609800770581537,0.003993874518386541,0.023963247110319243,0.0,0.0,0,0,0.0034647949927418464,-0.00048244424153889593,0.004988058604999818,-0.0031304485657643938,0.0034647949927418464,-0.00048244424153889593,-0.002738846079902926,1.223423172827889e-05,0.05718813824976203,0.29612046627603417
global_compatible,43,16,0,0,certified_reset,0,1,0.03609800770581537,0.03210413318742883,0.003993874518386541,0.019969372591932703,0.0,0.0,0,0,0.004988058604999818,-0.0031304485657643938,-0.0009168673383596069,-0.00578411786900004,0.004988058604999818,-0.0031304485657643938,-0.0003556432756335239,2.664783818052165e-05,0.05718813824976203,0.29612046627603417
global_compatible,43,17,0,0,certified_reset,0,1,0.03210413318742883,0.02811025866904229,0.003993874518386541,0.015975498073546163,0.0,0.0,0,0,-0.0009168673383596069,-0.00578411786900004,9.087577674956292e-05,0.004541674222654501,-0.0009168673383596069,-0.00578411786900004,0.009431827366175222,9.086713416831328e-06,0.05718813824976203,0.29612046627603417
global_compatible,43,18,0,0,certified_reset,0,1,0.02811025866904229,0.02411638415065575,0.003993874518386541,0.011981623555159623,0.0,0.0,0,0,9.087577674956292e-05,0.004541674222654501,0.007033212796381069,0.005779701541411379,9.087577674956292e-05,0.004541674222654501,-0.006778681163906419,4.8698462188977136e-06,0.05718813824976203,0.29612046627603417
global_compatible,43,19,0,0,certified_reset,0,1,0.02411638415065575,0.02012250963226921,0.003993874518386541,0.007987749036773082,0.0,0.0,0,0,0.007033212796381069,0.005779701541411379,0.0031876410629648843,-0.011606890050238253,0.007033212796381069,0.005779701541411379,-0.015515600845005088,6.149731996211924e-05,0.05718813824976203,0.29612046627603417
global_compatible,43,20,0,0,certified_reset,0,1,0.02012250963226921,0.01612863511388267,0.003993874518386541,0.003993874518386541,0.0,0.0,0,0,0.0031876410629648843,-0.011606890050238253,0.00013565258307069307,0.006584791573761708,0.0031876410629648843,-0.011606890050238253,0.013926519084928054,3.925933528676909e-05,0.05718813824976203,0.29612046627603417
global_compatible,43,21,0,0,certified_reset,0,1,0.01612863511388267,0.01213476059549613,0.003993874518386541,0.0,0.0,0.0,0,0,0.00013565258307069307,0.006584791573761708,-0.008507107204529504,-0.00763231778774506,0.00013565258307069307,0.006584791573761708,-0.009835244999198155,1.0241409140729033e-05,0.05718813824976203,0.29612046627603417
global_compatible,44,0,0,0,certified_reset,0,1,0.1,0.09600612548161347,0.003993874518386541,0.08387136488611735,0.0,0.0,0,0,4.319705450229975,-0.11443212758390797,3.4244175807135617,-1.6552155620010554,4.319705450229975,-0.11443212758390797,-1.5499999999998275,18.722274724874744,0.05718813824976203,0.29612046627603417
global_compatible,44,1,0,0,certified_reset,0,1,0.09600612548161347,0.09201225096322693,0.003993874518386541,0.07987749036773081,0.0,0.0,0,0,3.4244175807135617,-1.6552155620010554,1.538480097748139,-2.1208213542125787,3.4244175807135617,-1.6552155620010554,-0.461417151278255,12.225111351991751,0.05718813824976203,0.29612046627603417
global_compatible,44,2,0,0,certified_reset,0,1,0.09201225096322693,0.0880183764448404,0.003993874518386541,0.07588361584934428,0.0,0.0,0,0,1.538480097748139,-2.1208213542125787,0.19139076978964503,-0.5764307675079219,1.538480097748139,-2.1208213542125787,1.55,3.2366024901342567,0.05718813824976203,0.29612046627603417
global_compatible,44,3,0,0,certified_reset,0,1,0.0880183764448404,0.08402450192645386,0.003993874518386541,0.07188974133095774,0.0,0.0,0,0,0.19139076978964503,-0.5764307675079219,-0.06300667347137583,0.08483270043434382,0.19139076978964503,-0.5764307675079219,0.6585573020605551,0.10728190711446378,0.05718813824976203,0.29612046627603417
global_compatible,44,4,0,0,certified_reset,0,1,0.08402450192645386,0.08003062740806732,0.003993874518386541,0.0678958668125712,0.0,0.0,0,0,-0.06300667347137583,0.08483270043434382,-0.00526468634706019,0.02201135404212343,-0.06300667347137583,0.08483270043434382,-0.062228229344091016,0.005362035386448055,0.05718813824976203,0.29612046627603417
global_compatible,44,5,0,0,certified_reset,0,1,0.08003062740806732,0.07603675288968079,0.003993874518386541,0.06390199229418467,0.0,0.0,0,0,-0.00526468634706019,0.02201135404212343,-0.0032749373015423956,-0.0036351535754971286,-0.00526468634706019,0.02201135404212343,-0.027185941426792388,0.00013340375483263323,0.05718813824976203,0.29612046627603417
global_compatible,44,6,0,0,certified_reset,0,1,0.07603675288968079,0.07204287837129425,0.003993874518386541,0.05990811777579813,0.0,0.0,0,0,-0.0032749373015423956,-0.0036351535754971286,0.002931777397460684,0.011298020391804674,-0.0032749373015423956,-0.0036351535754971286,0.008614075938659435,1.4958853409099495e-05,0.05718813824976203,0.29612046627603417
global_compatible,44,7,0,0,certified_reset,0,1,0.07204287837129425,0.06804900385290771,0.003993874518386541,0.05591424325741159,0.0,0.0,0,0,0.002931777397460684,0.011298020391804674,0.0015699720075769076,-0.009090289287492021,0.002931777397460684,0.011298020391804674,-0.019565207438293982,4.114139992010236e-05,0.05718813824976203,0.29612046627603417
global_compatible,44,8,0,0,certified_reset,0,1,0.06804900385290771,0.06405512933452118,0.003993874518386541,0.051920368739025044,0.0,0.0,0,0,0.0015699720075769076,-0.009090289287492021,-0.0010032684014441504,0.01595423098946583,0.0015699720075769076,-0.009090289287492021,0.011830137069141532,2.083762036089458e-05,0.05718813824976203,0.29612046627603417
global_compatible,44,9,0,0,certified_reset,0,1,0.06405512933452118,0.060061254816134634,0.003993874518386541,0.0479264942206385,0.0,0.0,0,0,-0.0010032684014441504,0.01595423098946583,0.0034620431511851006,-0.002524160550820371,-0.0010032684014441504,0.01595423098946583,-0.022502785853180413,5.948267932793043e-05,0.05718813824976203,0.29612046627603417
global_compatible,44,10,0,0,certified_reset,0,1,0.060061254816134634,0.05606738029774809,0.003993874518386541,0.04393261970225196,0.0,0.0,0,0,0.0034620431511851006,-0.002524160550820371,0.00036327753834171903,0.013228878188546324,0.0034620431511851006,-0.002524160550820371,0.0002692448580738805,1.3134404668044847e-05,0.05718813824976203,0.29612046627603417
global_compatible,44,11,0,0,certified_reset,0,1,0.05606738029774809,0.05207350577936155,0.003993874518386541,0.039938745183865414,0.0,0.0,0,0,0.00036327753834171903,0.013228878188546324,-0.0003944766168402329,-0.022296789373912485,0.00036327753834171903,0.013228878188546324,-0.01984652726968913,4.147966594945788e-05,0.05718813824976203,0.29612046627603417
global_compatible,44,12,0,0,certified_reset,0,1,0.05207350577936155,0.048079631260975,0.003993874518386541,0.03594487066547887,0.0,0.0,0,0,-0.0003944766168402329,-0.022296789373912485,-0.005521801117930726,0.0038686347864260373,-0.0003944766168402329,-0.022296789373912485,0.03323971863508307,0.00011726401112395193,0.05718813824976203,0.29612046627603417
global_compatible,44,13,0,0,certified_reset,0,1,0.048079631260975,0.04408575674258846,0.003993874518386541,0.03195099614709233,0.0,0.0,0,0,-0.005521801117930726,0.0038686347864260373,-0.0016964262440259325,-0.002277285924079899,-0.005521801117930726,0.0038686347864260373,-0.00019799507130656595,3.3185207957121766e-05,0.05718813824976203,0.29612046627603417
global_compatible,44,14,0,0,certified_reset,0,1,0.04408575674258846,0.040091882224201916,0.003993874518386541,0.027957121628705783,0.0,0.0,0,0,-0.0016964262440259325,-0.002277285924079899,-0.006211091471414916,0.006980927634660215,-0.0016964262440259325,-0.002277285924079899,0.005043745977238132,4.447331950894818e-06,0.05718813824976203,0.29612046627603417
global_compatible,44,15,0,0,certified_reset,0,1,0.040091882224201916,0.03609800770581537,0.003993874518386541,0.023963247110319243,0.0,0.0,0,0,-0.006211091471414916,0.006980927634660215,-0.0027568408859392863,0.003141717289766353,-0.006211091471414916,0.006980927634660215,-0.004096624924532079,4.776921877585582e-05,0.05718813824976203,0.29612046627603417
global_compatible,44,16,0,0,certified_reset,0,1,0.03609800770581537,0.03210413318742883,0.003993874518386541,0.019969372591932703,0.0,0.0,0,0,-0.0027568408859392863,0.003141717289766353,-0.00825293188051339,-0.0007009929307122589,-0.0027568408859392863,0.003141717289766353,-0.001881915860750064,9.465381608247106e-06,0.05718813824976203,0.29612046627603417
global_compatible,44,17,0,0,certified_reset,0,1,0.03210413318742883,0.02811025866904229,0.003993874518386541,0.015975498073546163,0.0,0.0,0,0,-0.00825293188051339,-0.0007009929307122589,-0.010927471702119922,0.009918970645144827,-0.00825293188051339,-0.0007009929307122589,0.009249207628318924,7.033803106419163e-05,0.05718813824976203,0.29612046627603417
global_compatible,44,18,0,0,certified_reset,0,1,0.02811025866904229,0.02411638415065575,0.003993874518386541,0.011981623555159623,0.0,0.0,0,0,-0.010927471702119922,0.009918970645144827,-0.005419570635856465,0.001959148249709712,-0.010927471702119922,0.009918970645144827,-0.0037297544335049815,0.00013746689066265196,0.05718813824976203,0.29612046627603417
global_compatible,44,19,0,0,certified_reset,0,1,0.02411638415065575,0.02012250963226921,0.003993874518386541,0.007987749036773082,0.0,0.0,0,0,-0.005419570635856465,0.001959148249709712,-0.002925722731321064,-0.0026982131593022195,-0.005419570635856465,0.001959148249709712,0.0025139087434434197,3.0220626441877994e-05,0.05718813824976203,0.29612046627603417
global_compatible,44,20,0,0,certified_reset,0,1,0.02012250963226921,0.01612863511388267,0.003993874518386541,0.003993874518386541,0.0,0.0,0,0,-0.002925722731321064,-0.0026982131593022195,-0.010182974678034865,-0.002934453177678077,-0.002925722731321064,-0.0026982131593022195,0.006888113342635384,1.1056469901639276e-05,0.05718813824976203,0.29612046627603417
global_compatible,44,21,0,0,certified_reset,0,1,0.01612863511388267,0.01213476059549613,0.003993874518386541,0.0,0.0,0.0,0,0,-0.010182974678034865,-0.002934453177678077,-0.01427680327087607,0.007297784801185341,-0.010182974678034865,-0.002934453177678077,0.014461207126260853,0.00011047111886357201,0.05718813824976203,0.29612046627603417
global_compatible,45,0,0,0,certified_reset,0,1,0.1,0.09600612548161347,0.003993874518386541,0.08387136488611735,0.0,0.0,0,0,-1.5876020345620612,-0.4349123824709814,-1.2471834731385365,1.1098274231504628,-1.5876020345620612,-0.4349123824709814,1.5499999999999998,2.6145895006223814,0.05718813824976203,0.29612046627603417
global_compatible,45,1,0,0,certified_reset,0,1,0.09600612548161347,0.09201225096322693,0.003993874518386541,0.07987749036773081,0.0,0.0,0,0,-1.2471834731385365,1.1098274231504628,-0.3347690951322859,0.7179950200566784,-1.2471834731385365,1.1098274231504628,-0.3929803515177967,1.7810364982387024,0.05718813824976203,0.29612046627603417
global_compatible,45,2,0,0,certified_reset,0,1,0.09201225096322693,0.0880183764448404,0.003993874518386541,0.07588361584934428,0.0,0.0,0,0,-0.3347690951322859,0.7179950200566784,0.022281805061042742,-0.01116196362683251,-0.3347690951322859,0.7179950200566784,-0.7243232175100441,0.21797948293000627,0.05718813824976203,0.29612046627603417
global_compatible,45,3,0,0,certified_reset,0,1,0.0880183764448404,0.08402450192645386,0.003993874518386541,0.07188974133095774,0.0,0.0,0,0,0.022281805061042742,-0.01116196362683251,0.0014280809321127862,-0.018185855767541673,0.022281805061042742,-0.01116196362683251,-0.005745385817241834,0.0005197301709942457,0.05718813824976203,0.29612046627603417
global_compatible,45,4,0,0,certified_reset,0,1,0.08402450192645386,0.08003062740806732,0.003993874518386541,0.0678958668125712,0.0,0.0,0,0,0.0014280809321127862,-0.018185855767541673,-0.007094612243490462,0.00023269644315424953,0.0014280809321127862,-0.018185855767541673,0.02537149577978753,7.76627981008677e-05,0.05718813824976203,0.29612046627603417
global_compatible,45,5,0,0,certified_reset,0,1,0.08003062740806732,0.07603675288968079,0.003993874518386541,0.06390199229418467,0.0,0.0,0,0,-0.007094612243490462,0.00023269644315424953,-0.0047699469829632635,0.008197818700926634,-0.007094612243490462,0.00023269644315424953,0.0067231987645941,5.1473304500428954e-05,0.05718813824976203,0.29612046627603417
global_compatible,45,6,0,0,certified_reset,0,1,0.07603675288968079,0.07204287837129425,0.003993874518386541,0.05990811777579813,0.0,0.0,0,0,-0.0047699469829632635,0.008197818700926634,0.01268175173508302,-0.0014253583215678763,-0.0047699469829632635,0.008197818700926634,-0.007325203190652204,3.6190620926476107e-05,0.05718813824976203,0.29612046627603417
global_compatible,45,7,0,0,certified_reset,0,1,0.07204287837129425,0.06804900385290771,0.003993874518386541,0.05591424325741159,0.0,0.0,0,0,0.01268175173508302,-0.0014253583215678763,0.005731196449516689,-0.013530580030358962,0.01268175173508302,-0.0014253583215678763,-0.010526537041866795,0.00016396272296470134,0.05718813824976203,0.29612046627603417
global_compatible,45,8,0,0,certified_reset,0,1,0.06804900385290771,0.06405512933452118,0.003993874518386541,0.051920368739025044,0.0,0.0,0,0,0.005731196449516689,-0.013530580030358962,0.003039387796266773,-0.004588698515881103,0.005731196449516689,-0.013530580030358962,0.014225919338564067,7.085981954106676e-05,0.05718813824976203,0.29612046627603417
global_compatible,45,9,0,0,certified_reset,0,1,0.06405512933452118,0.060061254816134634,0.003993874518386541,0.0479264942206385,0.0,0.0,0,0,0.003039387796266773,-0.004588698515881103,0.01056279037221678,-0.004928861197039794,0.003039387796266773,-0.004588698515881103,0.003736806435440848,1.3377078967031094e-05,0.05718813824976203,0.29612046627603417
global_compatible,45,10,0,0,certified_reset,0,1,0.060061254816134634,0.05606738029774809,0.003993874518386541,0.04393261970225196,0.0,0.0,0,0,0.01056279037221678,-0.004928861197039794,0.0013847231786718785,-0.004052317955140955,0.01056279037221678,-0.004928861197039794,-0.003256128932634975,0.0001162104609239873,0.05718813824976203,0.29612046627603417
global_compatible,45,11,0,0,certified_reset,0,1,0.05606738029774809,0.05207350577936155,0.003993874518386541,0.039938745183865414,0.0,0.0,0,0,0.0013847231786718785,-0.004052317955140955,-0.008042770872927802,-0.013335960475306169,0.0013847231786718785,-0.004052317955140955,0.004589188856136972,5.399805186203844e-06,0.05718813824976203,0.29612046627603417
global_compatible,45,12,0,0,certified_reset,0,1,0.05207350577936155,0.048079631260975,0.003993874518386541,0.03594487066547887,0.0,0.0,0,0,-0.008042770872927802,-0.013335960475306169,-0.009248616822826766,0.01765590554064218,-0.008042770872927802,-0.013335960475306169,0.027656194975774383,0.00011582040285167415,0.05718813824976203,0.29612046627603417
global_compatible,45,13,0,0,certified_reset,0,1,0.048079631260975,0.04408575674258846,0.003993874518386541,0.03195099614709233,0.0,0.0,0,0,-0.009248616822826766,0.01765590554064218,-0.006610004589990233,-0.0012806513014202159,-0.009248616822826766,0.01765590554064218,-0.016801118752443837,0.00014870543300163152,0.05718813824976203,0.29612046627603417
global_compatible,45,14,0,0,certified_reset,0,1,0.04408575674258846,0.040091882224201916,0.003993874518386541,0.027957121628705783,0.0,0.0,0,0,-0.006610004589990233,-0.0012806513014202159,-0.006008910595471142,0.0072645846510311415,-0.006610004589990233,-0.0012806513014202159,0.008468637777411985,4.5780318520866453e-05,0.05718813824976203,0.29612046627603417
global_compatible,45,15,0,0,certified_reset,0,1,0.040091882224201916,0.03609800770581537,0.003993874518386541,0.023963247110319243,0.0,0.0,0,0,-0.006008910595471142,0.0072645846510311415,-0.0018637658931527567,0.009254896733791457,-0.006008910595471142,0.0072645846510311415,-0.004716977877260835,4.616260777908906e-05,0.05718813824976203,0.29612046627603417
global_compatible,45,16,0,0,certified_reset,0,1,0.03609800770581537,0.03210413318742883,0.003993874518386541,0.019969372591932703,0.0,0.0,0,0,-0.0018637658931527567,0.009254896733791457,-0.004747525908530072,0.005071700023405171,-0.0018637658931527567,0.009254896733791457,-0.01177418676770957,2.235697059506805e-05,0.05718813824976203,0.29612046627603417
global_compatible,45,17,0,0,certified_reset,0,1,0.03210413318742883,0.02811025866904229,0.003993874518386541,0.015975498073546163,0.0,0.0,0,0,-0.004747525908530072,0.005071700023405171,0.004630246059704932,-0.010489791999742272,-0.004747525908530072,0.005071700023405171,-0.0027447775461188627,2.7357332749539686e-05,0.05718813824976203,0.29612046627603417
global_compatible,45,18,0,0,certified_reset,0,1,0.02811025866904229,0.02411638415065575,0.003993874518386541,0.011981623555159623,0.0,0.0,0,0,0.004630246059704932,-0.010489791999742272,0.004639475175982602,-0.005793304316600563,0.004630246059704932,-0.010489791999742272,0.010839852451751033,4.418317111842063e-05,0.05718813824976203,0.29612046627603417
global_compatible,45,19,0,0,certified_reset,0,1,0.02411638415065575,0.02012250963226921,0.003993874518386541,0.007987749036773082,0.0,0.0,0,0,0.004639475175982602,-0.005793304316600563,0.0022904045461232926,-0.0009700883667315938,0.004639475175982602,-0.005793304316600563,0.0039173828085363235,2.794960459312788e-05,0.05718813824976203,0.29612046627603417
global_compatible,45,20,0,0,certified_reset,0,1,0.02012250963226921,0.01612863511388267,0.003993874518386541,0.003993874518386541,0.0,0.0,0,0,0.0022904045461232926,-0.0009700883667315938,0.007970968708200035,-0.012274088923774299,0.0022904045461232926,-0.0009700883667315938,-0.0008526039383847226,5.4335191808642085e-06,0.05718813824976203,0.29612046627603417
global_compatible,45,21,0,0,certified_reset,0,1,0.01612863511388267,0.01213476059549613,0.003993874518386541,0.0,0.0,0.0,0,0,0.007970968708200035,-0.012274088923774299,-0.0012389045634971533,0.007533284363067489,0.007970968708200035,-0.012274088923774299,0.010140309310485466,9.322457557348151e-05,0.05718813824976203,0.29612046627603417
global_compatible,46,0,0,0,certified_reset,0,1,0.1,0.09600612548161347,0.003993874518386541,0.08387136488611735,0.0,0.0,0,0,-1.0535843591418699,0.5936826106539786,-0.37021024562390625,0.7729643160971863,-1.0535843591418699,0.5936826106539786,0.1745692359935804,1.1742444898769955,0.05718813824976203,0.29612046627603417
global_compatible,46,1,0,0,certified_reset,0,1,0.09600612548161347,0.09201225096322693,0.003993874518386541,0.07987749036773081,0.0,0.0,0,0,-0.37021024562390625,0.7729643160971863,0.017494111261336237,-0.005419178400522312,-0.37021024562390625,0.7729643160971863,-0.7700065949640189,0.25942366998484145,0.05718813824976203,0.29612046627603417
global_compatible,46,2,1,1,certified_reset,0,1,0.09201225096322693,0.0880183764448404,0.003993874518386541,0.07588361584934428,0.0,0.0,0,0,0.017494111261336237,-0.005419178400522312,0.031736464104413095,-0.014046296088909142,0.017494111261336237,-0.005419178400522312,-0.009438799822335692,0.0003135573513927682,0.05718813824976203,0.29612046627603417
global_compatible,46,3,0,0,certified_reset,0,1,0.0880183764448404,0.08402450192645386,0.003993874518386541,0.07188974133095774,0.0,0.0,0,0,0.031736464104413095,-0.014046296088909142,0.01401263082281923,-0.023529881239182125,0.031736464104413095,-0.014046296088909142,-0.010910059806629489,0.0010456926070624216,0.05718813824976203,0.29612046627603417
global_compatible,46,4,0,0,certified_reset,0,1,0.08402450192645386,0.08003062740806732,0.003993874518386541,0.0678958668125712,0.0,0.0,0,0,0.01401263082281923,-0.023529881239182125,0.0015649011424835003,-0.004938689250482595,0.01401263082281923,-0.023529881239182125,0.02071058061652154,0.00030673498231686215,0.05718813824976203,0.29612046627603417
global_compatible,46,5,0,0,certified_reset,0,1,0.08003062740806732,0.07603675288968079,0.003993874518386541,0.06390199229418467,0.0,0.0,0,0,0.0015649011424835003,-0.004938689250482595,-0.005211503418242055,-0.0034975934391217427,0.0015649011424835003,-0.004938689250482595,0.005719175616618603,7.656957101399106e-06,0.05718813824976203,0.29612046627603417
global_compatible,46,6,0,0,certified_reset,0,1,0.07603675288968079,0.07204287837129425,0.003993874518386541,0.05990811777579813,0.0,0.0,0,0,-0.005211503418242055,-0.0034975934391217427,-0.0024303286483612664,0.018194783954280855,-0.005211503418242055,-0.0034975934391217427,0.010339735609731013,3.2034489966096855e-05,0.05718813824976203,0.29612046627603417
global_compatible,46,7,0,0,certified_reset,0,1,0.07204287837129425,0.06804900385290771,0.003993874518386541,0.05591424325741159,0.0,0.0,0,0,-0.0024303286483612664,0.018194783954280855,-0.0017402567345923808,0.0003233273322165659,-0.0024303286483612664,0.018194783954280855,-0.024385794989736195,8.036220163681366e-05,0.05718813824976203,0.29612046627603417
global_compatible,46,8,0,0,certified_reset,0,1,0.06804900385290771,0.06405512933452118,0.003993874518386541,0.051920368739025044,0.0,0.0,0,0,-0.0017402567345923808,0.0003233273322165659,-0.018748409487210075,-0.0035849230309771556,-0.0017402567345923808,0.0003233273322165659,0.0012563691900994108,3.086772392316403e-06,0.05718813824976203,0.29612046627603417
global_compatible,46,9,0,0,certified_reset,0,1,0.06405512933452118,0.060061254816134634,0.003993874518386541,0.0479264942206385,0.0,0.0,0,0,-0.018748409487210075,-0.0035849230309771556,-0.0074809435789504365,0.024105791962404328,-0.018748409487210075,-0.0035849230309771556,0.023951610726330733,0.0003681581508745963,0.05718813824976203,0.29612046627603417
global_compatible,46,10,0,0,certified_reset,0,1,0.060061254816134634,0.05606738029774809,0.003993874518386541,0.04393261970225196,0.0,0.0,0,0,-0.0074809435789504365,0.024105791962404328,0.001150329397204626,-0.0029733060491478626,-0.0074809435789504365,0.024105791962404328,-0.028063962818941416,0.000180250224163262,0.05718813824976203,0.29612046627603417
global_compatible,46,11,0,0,certified_reset,0,1,0.05606738029774809,0.05207350577936155,0.003993874518386541,0.039938745183865414,0.0,0.0,0,0,0.001150329397204626,-0.0029733060491478626,0.011323478949806452,0.005061663834132078,0.001150329397204626,-0.0029733060491478626,0.0032296817213577325,3.1753276177468332e-06,0.05718813824976203,0.29612046627603417
global_compatible,46,12,0,0,certified_reset,0,1,0.05207350577936155,0.048079631260975,0.003993874518386541,0.03594487066547887,0.0,0.0,0,0,0.011323478949806452,0.005061663834132078,0.005811246381002553,-0.010500429198073126,0.011323478949806452,0.005061663834132078,-0.018731846433194973,0.00014160490663518672,0.05718813824976203,0.29612046627603417
global_compatible,46,13,0,0,certified_reset,0,1,0.048079631260975,0.04408575674258846,0.003993874518386541,0.03195099614709233,0.0,0.0,0,0,0.005811246381002553,-0.010500429198073126,0.004413292782499555,0.006257225083507886,0.005811246381002553,-0.010500429198073126,0.009682982015543923,5.596121042042335e-05,0.05718813824976203,0.29612046627603417
global_compatible,46,14,0,0,certified_reset,0,1,0.04408575674258846,0.040091882224201916,0.003993874518386541,0.027957121628705783,0.0,0.0,0,0,0.004413292782499555,0.006257225083507886,0.007789262358140371,-0.004851616168769839,0.004413292782499555,0.006257225083507886,-0.013612389173009994,3.115709749322211e-05,0.05718813824976203,0.29612046627603417
global_compatible,46,15,0,0,certified_reset,0,1,0.040091882224201916,0.03609800770581537,0.003993874518386541,0.023963247110319243,0.0,0.0,0,0,0.007789262358140371,-0.004851616168769839,0.002440210123258923,-0.011135680385584512,0.007789262358140371,-0.004851616168769839,-0.0006101482823274476,6.491878740793556e-05,0.05718813824976203,0.29612046627603417
global_compatible,46,16,0,0,certified_reset,0,1,0.03609800770581537,0.03210413318742883,0.003993874518386541,0.019969372591932703,0.0,0.0,0,0,0.002440210123258923,-0.011135680385584512,-0.007203161792398896,0.00522657680069261,0.002440210123258923,-0.011135680385584512,0.013972310927987844,3.315587023934504e-05,0.05718813824976203,0.29612046627603417
global_compatible,46,17,0,0,certified_reset,0,1,0.03210413318742883,0.02811025866904229,0.003993874518386541,0.015975498073546163,0.0,0.0,0,0,-0.007203161792398896,0.00522657680069261,-0.016499655453877847,8.678467215483994e-06,-0.007203161792398896,0.00522657680069261,-0.0005243227584860074,5.6809491575988815e-05,0.05718813824976203,0.29612046627603417
global_compatible,46,18,0,0,certified_reset,0,1,0.02811025866904229,0.02411638415065575,0.003993874518386541,0.011981623555159623,0.0,0.0,0,0,-0.016499655453877847,8.678467215483994e-06,-0.008187869370677923,0.009738245577044106,-0.016499655453877847,8.678467215483994e-06,0.016416147963179265,0.00027897589150224864,0.05718813824976203,0.29612046627603417
global_compatible,46,19,0,0,certified_reset,0,1,0.02411638415065575,0.02012250963226921,0.003993874518386541,0.007987749036773082,0.0,0.0,0,0,-0.008187869370677923,0.009738245577044106,-0.0044806661929681635,-0.0011028109943587838,-0.008187869370677923,0.009738245577044106,-0.00619210157430215,8.5069774724335e-05,0.05718813824976203,0.29612046627603417
global_compatible,46,20,0,0,certified_reset,0,1,0.02012250963226921,0.01612863511388267,0.003993874518386541,0.003993874518386541,0.0,0.0,0,0,-0.0044806661929681635,-0.0011028109943587838,-0.003862618408898624,-0.0016211092225475038,-0.0044806661929681635,-0.0011028109943587838,0.006085679713523754,2.122117154826783e-05,0.05718813824976203,0.29612046627603417
global_compatible,46,21,0,0,certified_reset,0,1,0.01612863511388267,0.01213476059549613,0.003993874518386541,0.0,0.0,0.0,0,0,-0.003862618408898624,-0.0016211092225475038,-0.005541755796249985,-0.0021661138653384588,-0.003862618408898624,-0.0016211092225475038,0.00623408510473415,1.6364455520146388e-05,0.05718813824976203,0.29612046627603417
global_compatible,47,0,0,0,certified_reset,0,1,0.1,0.09600612548161347,0.003993874518386541,0.08387136488611735,0.0,0.0,0,0,0.5292419007470706,0.16100199971412132,0.30142858362778485,-0.5939545930164839,0.5292419007470706,0.16100199971412132,-0.7641697047805385,0.29936176885313176,0.05718813824976203,0.29612046627603417
global_compatible,47,1,0,0,certified_reset,0,1,0.09600612548161347,0.09201225096322693,0.003993874518386541,0.07987749036773081,0.0,0.0,0,0,0.30142858362778485,-0.5939545930164839,-0.00815308389420162,-0.032225858417517766,0.30142858362778485,-0.5939545930164839,0.5747990477465753,0.16261981020187957,0.05718813824976203,0.29612046627603417
global_compatible,47,2,0,0,certified_reset,0,1,0.09201225096322693,0.0880183764448404,0.003993874518386541,0.07588361584934428,0.0,0.0,0,0,-0.00815308389420162,-0.032225858417517766,-0.01167214411240858,0.01756681407668634,-0.00815308389420162,-0.032225858417517766,0.05558901031382093,0.0003306572998119042,0.05718813824976203,0.29612046627603417
global_compatible,47,3,0,0,certified_reset,0,1,0.0880183764448404,0.08402450192645386,0.003993874518386541,0.07188974133095774,0.0,0.0,0,0,-0.01167214411240858,0.01756681407668634,-0.0015400078989695524,0.004037042431335663,-0.01167214411240858,0.01756681407668634,-0.014256388278219257,0.0001968667955741937,0.05718813824976203,0.29612046627603417
global_compatible,47,4,0,0,certified_reset,0,1,0.08402450192645386,0.08003062740806732,0.003993874518386541,0.0678958668125712,0.0,0.0,0,0,-0.0015400078989695524,0.004037042431335663,0.008848320144078558,0.0005707844542362026,-0.0015400078989695524,0.004037042431335663,-0.004411028316724713,5.791641685795117e-06,0.05718813824976203,0.29612046627603417
global_compatible,47,5,0,0,certified_reset,0,1,0.08003062740806732,0.07603675288968079,0.003993874518386541,0.06390199229418467,0.0,0.0,0,0,0.008848320144078558,0.0005707844542362026,-0.0016112575601540226,0.004904227067938546,0.008848320144078558,0.0005707844542362026,-0.009649571525571872,8.067926821856017e-05,0.05718813824976203,0.29612046627603417
global_compatible,47,6,0,0,certified_reset,0,1,0.07603675288968079,0.07204287837129425,0.003993874518386541,0.05990811777579813,0.0,0.0,0,0,-0.0016112575601540226,0.004904227067938546,0.005711095260402007,-0.0018004671197152896,-0.0016112575601540226,0.004904227067938546,-0.005620523074219935,7.715167679951661e-06,0.05718813824976203,0.29612046627603417
global_compatible,47,7,0,0,certified_reset,0,1,0.07204287837129425,0.06804900385290771,0.003993874518386541,0.05591424325741159,0.0,0.0,0,0,0.005711095260402007,-0.0018004671197152896,0.00468819261683808,-0.0025073537197830677,0.005711095260402007,-0.0018004671197152896,-0.003033825066128259,3.343021416953462e-05,0.05718813824976203,0.29612046627603417
global_compatible,47,8,0,0,certified_reset,0,1,0.06804900385290771,0.06405512933452118,0.003993874518386541,0.051920368739025044,0.0,0.0,0,0,0.00468819261683808,-0.0025073537197830677,0.006014908511518424,-0.010710727130819364,0.00468819261683808,-0.0025073537197830677,-0.0009764982878238699,2.313461681692795e-05,0.05718813824976203,0.29612046627603417
global_compatible,47,9,0,0,certified_reset,0,1,0.06405512933452118,0.060061254816134634,0.003993874518386541,0.0479264942206385,0.0,0.0,0,0,0.006014908511518424,-0.010710727130819364,-0.0071737305328252446,-0.004572190917321197,0.006014908511518424,-0.010710727130819364,0.00978391053607705,5.922178865714237e-05,0.05718813824976203,0.29612046627603417
global_compatible,47,10,0,0,certified_reset,0,1,0.060061254816134634,0.05606738029774809,0.003993874518386541,0.04393261970225196,0.0,0.0,0,0,-0.0071737305328252446,-0.004572190917321197,-0.006037982914522457,0.012123518997698705,-0.0071737305328252446,-0.004572190917321197,0.013877377552109849,6.003983731188243e-05,0.05718813824976203,0.29612046627603417
global_compatible,47,11,0,0,certified_reset,0,1,0.05606738029774809,0.05207350577936155,0.003993874518386541,0.039938745183865414,0.0,0.0,0,0,-0.006037982914522457,0.012123518997698705,0.0080965015005009,0.007935621078088909,-0.006037982914522457,0.012123518997698705,-0.01184541932759321,6.642143497198913e-05,0.05718813824976203,0.29612046627603417
global_compatible,47,12,0,0,certified_reset,0,1,0.05207350577936155,0.048079631260975,0.003993874518386541,0.03594487066547887,0.0,0.0,0,0,0.0080965015005009,0.007935621078088909,-0.004082536842929935,-0.00944873022259378,0.0080965015005009,0.007935621078088909,-0.019750549763436005,8.6640776687664e-05,0.05718813824976203,0.29612046627603417
global_compatible,47,13,0,0,certified_reset,0,1,0.048079631260975,0.04408575674258846,0.003993874518386541,0.03195099614709233,0.0,0.0,0,0,-0.004082536842929935,-0.00944873022259378,-0.0025135448153602662,0.008757475899216159,-0.004082536842929935,-0.00944873022259378,0.017986506948297343,4.0825098386393314e-05,0.05718813824976203,0.29612046627603417
global_compatible,47,14,0,0,certified_reset,0,1,0.04408575674258846,0.040091882224201916,0.003993874518386541,0.027957121628705783,0.0,0.0,0,0,-0.0025135448153602662,0.008757475899216159,-0.00021492653253193483,0.005829067878230474,-0.0025135448153602662,0.008757475899216159,-0.010396825881148958,2.282506639146103e-05,0.05718813824976203,0.29612046627603417
global_compatible,47,15,0,0,certified_reset,0,1,0.040091882224201916,0.03609800770581537,0.003993874518386541,0.023963247110319243,0.0,0.0,0,0,-0.00021492653253193483,0.005829067878230474,0.0014392066539327987,0.0034750568243363056,-0.00021492653253193483,0.005829067878230474,-0.008369692879356022,7.91353320597807e-06,0.05718813824976203,0.29612046627603417
global_compatible,47,16,0,0,certified_reset,0,1,0.03609800770581537,0.03210413318742883,0.003993874518386541,0.019969372591932703,0.0,0.0,0,0,0.0014392066539327987,0.0034750568243363056,-0.005180099732421771,0.01457120298546315,0.0014392066539327987,0.0034750568243363056,-0.006551277960247696,5.317980453361062e-06,0.05718813824976203,0.29612046627603417
global_compatible,47,17,1,1,certified_reset,0,1,0.03210413318742883,0.02811025866904229,0.003993874518386541,0.015975498073546163,0.0,0.0,0,0,-0.005180099732421771,0.01457120298546315,0.020677181137889696,0.03672928764116533,-0.005180099732421771,0.01457120298546315,-0.01630874493162653,7.17004044288001e-05,0.05718813824976203,0.29612046627603417
global_compatible,47,18,1,1,certified_reset,0,1,0.02811025866904229,0.02411638415065575,0.003993874518386541,0.011981623555159623,0.0,0.0,0,0,0.020677181137889696,0.03672928764116533,-0.00040833639647958747,-0.05116982382570926,0.020677181137889696,0.03672928764116533,-0.07469611894438787,0.0008098608771558977,0.05718813824976203,0.29612046627603417
global_compatible,47,19,1,1,certified_reset,0,1,0.02411638415065575,0.02012250963226921,0.003993874518386541,0.007987749036773082,0.0,0.0,0,0,-0.00040833639647958747,-0.05116982382570926,0.0019407238021036596,0.027375699670384054,-0.00040833639647958747,-0.05116982382570926,0.07578508625789278,0.0006150543777543383,0.05718813824976203,0.29612046627603417
global_compatible,47,20,0,0,certified_reset,0,1,0.02012250963226921,0.01612863511388267,0.003993874518386541,0.003993874518386541,0.0,0.0,0,0,0.0019407238021036596,0.027375699670384054,0.008112739316119518,-0.012626086543498557,0.0019407238021036596,0.027375699670384054,-0.04226190994304676,0.00018331534251665835,0.05718813824976203,0.29612046627603417
global_compatible,47,21,0,0,certified_reset,0,1,0.01612863511388267,0.01213476059549613,0.003993874518386541,0.0,0.0,0.0,0,0,0.008112739316119518,-0.012626086543498557,-0.0009995203596968717,-0.012688938577735778,0.008112739316119518,-0.012626086543498557,0.010517676569508696,9.727732827453596e-05,0.05718813824976203,0.29612046627603417
global_compatible,48,0,0,0,certified_reset,0,1,0.1,0.09600612548161347,0.003993874518386541,0.08387136488611735,0.0,0.0,0,0,2.7031630771484405,0.5536595009005664,2.4941294411777393,-0.9939565881652982,2.7031630771484405,0.5536595009005664,-1.55,7.422330113387369,0.05718813824976203,0.29612046627603417
global_compatible,48,1,0,0,certified_reset,0,1,0.09600612548161347,0.09201225096322693,0.003993874518386541,0.07987749036773081,0.0,0.0,0,0,2.4941294411777393,-0.9939565881652982,1.1223477490177507,-1.760061939499965,2.4941294411777393,-0.9939565881652982,-0.7561443197441226,6.41280647100491,0.05718813824976203,0.29612046627603417
global_compatible,48,2,0,0,certified_reset,0,1,0.09201225096322693,0.0880183764448404,0.003993874518386541,0.07588361584934428,0.0,0.0,0,0,1.1223477490177507,-1.760061939499965,0.09943208132755678,-0.2889734819865725,1.1223477490177507,-1.760061939499965,1.4751434305741367,1.8716729188021108,0.05718813824976203,0.29612046627603417
global_compatible,48,3,0,0,certified_reset,0,1,0.0880183764448404,0.08402450192645386,0.003993874518386541,0.07188974133095774,0.0,0.0,0,0,0.09943208132755678,-0.2889734819865725,-0.022130074952494794,0.047158843814519,0.09943208132755678,-0.2889734819865725,0.32667223489288477,0.027585628715837578,0.05718813824976203,0.29612046627603417
global_compatible,48,4,0,0,certified_reset,0,1,0.08402450192645386,0.08003062740806732,0.003993874518386541,0.0678958668125712,0.0,0.0,0,0,-0.022130074952494794,0.047158843814519,-0.0031179494437377116,0.002599693706570534,-0.022130074952494794,0.047158843814519,-0.047433380685587404,0.0009463005364706294,0.05718813824976203,0.29612046627603417
global_compatible,48,5,0,0,certified_reset,0,1,0.08003062740806732,0.07603675288968079,0.003993874518386541,0.06390199229418467,0.0,0.0,0,0,-0.0031179494437377116,0.002599693706570534,-0.00032093216905214816,0.005518135129418825,-0.0031179494437377116,0.002599693706570534,-0.0007313524655254577,1.09514939706619e-05,0.05718813824976203,0.29612046627603417
global_compatible,48,6,0,0,certified_reset,0,1,0.07603675288968079,0.07204287837129425,0.003993874518386541,0.05990811777579813,0.0,0.0,0,0,-0.00032093216905214816,0.005518135129418825,-0.0011622973906467455,-0.00963386455935793,-0.00032093216905214816,0.005518135129418825,-0.007808281401223349,7.108195673324479e-06,0.05718813824976203,0.29612046627603417
global_compatible,48,7,0,0,certified_reset,0,1,0.07204287837129425,0.06804900385290771,0.003993874518386541,0.05591424325741159,0.0,0.0,0,0,-0.0011622973906467455,-0.00963386455935793,-0.001689275242128565,0.008587109198307463,-0.0011622973906467455,-0.00963386455935793,0.01535170355553722,2.3948847618381084e-05,0.05718813824976203,0.29612046627603417
global_compatible,48,8,0,0,certified_reset,0,1,0.06804900385290771,0.06405512933452118,0.003993874518386541,0.051920368739025044,0.0,0.0,0,0,-0.001689275242128565,0.008587109198307463,-0.0007040247380410928,0.006538358218296944,-0.001689275242128565,0.008587109198307463,-0.010967583606576648,1.9133768086907937e-05,0.05718813824976203,0.29612046627603417
global_compatible,48,9,0,0,certified_reset,0,1,0.06405512933452118,0.060061254816134634,0.003993874518386541,0.0479264942206385,0.0,0.0,0,0,-0.0007040247380410928,0.006538358218296944,-0.0023994400869796623,-0.004650573716527825,-0.0007040247380410928,0.006538358218296944,-0.008930598714284975,1.0184563741002355e-05,0.05718813824976203,0.29612046627603417
global_compatible,48,10,0,0,certified_reset,0,1,0.060061254816134634,0.05606738029774809,0.003993874518386541,0.04393261970225196,0.0,0.0,0,0,-0.0023994400869796623,-0.004650573716527825,0.0063525315880283775,0.014957666509303422,-0.0023994400869796623,-0.004650573716527825,0.00923979872444151,1.178467020342444e-05,0.05718813824976203,0.29612046627603417
global_compatible,48,11,0,0,certified_reset,0,1,0.05606738029774809,0.05207350577936155,0.003993874518386541,0.039938745183865414,0.0,0.0,0,0,0.0063525315880283775,0.014957666509303422,0.005768959435411741,-0.004896821573507012,0.0063525315880283775,0.014957666509303422,-0.02836151124022513,0.00010073576230527044,0.05718813824976203,0.29612046627603417
global_compatible,48,12,0,0,certified_reset,0,1,0.05207350577936155,0.048079631260975,0.003993874518386541,0.03594487066547887,0.0,0.0,0,0,0.005768959435411741,-0.004896821573507012,0.009495084208219472,0.006854036371684172,0.005768959435411741,-0.004896821573507012,0.0014713835124773916,3.765121227754337e-05,0.05718813824976203,0.29612046627603417
global_compatible,48,13,0,0,certified_reset,0,1,0.048079631260975,0.04408575674258846,0.003993874518386541,0.03195099614709233,0.0,0.0,0,0,0.009495084208219472,0.006854036371684172,-0.0001937399367886788,-0.020103434239166145,0.009495084208219472,0.006854036371684172,-0.019550092568270686,0.00010816778373206412,0.05718813824976203,0.29612046627603417
global_compatible,48,14,0,0,certified_reset,0,1,0.04408575674258846,0.040091882224201916,0.003993874518386541,0.027957121628705783,0.0,0.0,0,0,-0.0001937399367886788,-0.020103434239166145,-0.001641924951103697,0.01228966979837274,-0.0001937399367886788,-0.020103434239166145,0.029810840861099853,9.500134326177838e-05,0.05718813824976203,0.29612046627603417
global_compatible,48,15,0,0,certified_reset,0,1,0.040091882224201916,0.03609800770581537,0.003993874518386541,0.023963247110319243,0.0,0.0,0,0,-0.001641924951103697,0.01228966979837274,-0.00017239373811461746,0.009250544257599462,-0.001641924951103697,0.01228966979837274,-0.016470853554895356,3.666462004127342e-05,0.05718813824976203,0.29612046627603417
global_compatible,48,16,0,0,certified_reset,0,1,0.03609800770581537,0.03210413318742883,0.003993874518386541,0.019969372591932703,0.0,0.0,0,0,-0.00017239373811461746,0.009250544257599462,0.0044617313640327285,-0.00862748475978203,-0.00017239373811461746,0.009250544257599462,-0.013454355537233896,1.9958274105123688e-05,0.05718813824976203,0.29612046627603417
global_compatible,48,17,0,0,certified_reset,0,1,0.03210413318742883,0.02811025866904229,0.003993874518386541,0.015975498073546163,0.0,0.0,0,0,0.0044617313640327285,-0.00862748475978203,0.0027660987146406555,0.006212299321141397,0.0044617313640327285,-0.00862748475978203,0.008266579817797532,3.501348410234261e-05,0.05718813824976203,0.29612046627603417
global_compatible,48,18,0,0,certified_reset,0,1,0.02811025866904229,0.02411638415065575,0.003993874518386541,0.011981623555159623,0.0,0.0,0,0,0.0027660987146406555,0.006212299321141397,-0.0006511294226247267,-0.006992512919007475,0.0027660987146406555,0.006212299321141397,-0.011905276369632286,1.8141371549051503e-05,0.05718813824976203,0.29612046627603417
global_compatible,48,19,0,0,certified_reset,0,1,0.02411638415065575,0.02012250963226921,0.003993874518386541,0.007987749036773082,0.0,0.0,0,0,-0.0006511294226247267,-0.006992512919007475,-0.003893426216891367,-0.007116468876113216,-0.0006511294226247267,-0.006992512919007475,0.010949987548847153,1.2222667854052862e-05,0.05718813824976203,0.29612046627603417
global_compatible,48,20,0,0,certified_reset,0,1,0.02012250963226921,0.01612863511388267,0.003993874518386541,0.003993874518386541,0.0,0.0,0,0,-0.003893426216891367,-0.007116468876113216,-0.00555630234822781,0.0010325648730498647,-0.003893426216891367,-0.007116468876113216,0.0143595677498167,2.9429640623060275e-05,0.05718813824976203,0.29612046627603417
global_compatible,48,21,1,1,certified_reset,0,1,0.01612863511388267,0.01213476059549613,0.003993874518386541,0.0,0.0,0.0,0,0,-0.00555630234822781,0.0010325648730498647,-0.02516486752957969,0.0004092221255637468,-0.00555630234822781,0.0010325648730498647,0.0040124936469617106,3.1466912655664746e-05,0.05718813824976203,0.29612046627603417
global_compatible,49,0,2,2,certified_reset,0,1,0.1,0.09600612548161347,0.003993874518386541,0.08387136488611735,0.0,0.0,0,0,2.856978444641747,0.09315819515840718,2.1715621226991635,-1.4493667718970145,2.856978444641747,0.09315819515840718,-1.549999999999979,8.223950454026106,0.05718813824976203,0.29612046627603417
global_compatible,49,1,2,2,certified_reset,0,1,0.09600612548161347,0.09201225096322693,0.003993874518386541,0.07987749036773081,0.0,0.0,0,0,2.1715621226991635,-1.4493667718970145,0.7743557049238106,-1.3189461347326168,2.1715621226991635,-1.4493667718970145,0.030222203372281358,5.093824414387364,0.05718813824976203,0.29612046627603417
global_compatible,49,2,2,2,certified_reset,0,1,0.09201225096322693,0.0880183764448404,0.003993874518386541,0.07588361584934428,0.0,0.0,0,0,0.7743557049238106,-1.3189461347326168,0.07350597965214004,-0.05592323564021663,0.7743557049238106,-1.3189461347326168,1.1718539471733869,0.9470892027243974,0.05718813824976203,0.29612046627603417
global_compatible,49,3,2,2,certified_reset,0,1,0.0880183764448404,0.08402450192645386,0.003993874518386541,0.07188974133095774,0.0,0.0,0,0,0.07350597965214004,-0.05592323564021663,0.0052936000607696695,-0.0811708421316815,0.07350597965214004,-0.05592323564021663,0.009184996184010686,0.005968171639698147,0.05718813824976203,0.29612046627603417
global_compatible,49,4,2,2,certified_reset,0,1,0.08402450192645386,0.08003062740806732,0.003993874518386541,0.0678958668125712,0.0,0.0,0,0,0.0052936000607696695,-0.0811708421316815,0.032621237643037745,0.08822910250288006,0.0052936000607696695,-0.0811708421316815,0.11430541306734784,0.001540632398241751,0.05718813824976203,0.29612046627603417
global_compatible,49,5,2,2,certified_reset,0,1,0.08003062740806732,0.07603675288968079,0.003993874518386541,0.06390199229418467,0.0,0.0,0,0,0.032621237643037745,0.08822910250288006,0.05457518434855327,-0.02568536152274821,0.032621237643037745,0.08822910250288006,-0.16245493834262398,0.0031251227352846554,0.05718813824976203,0.29612046627603417
global_compatible,49,6,2,2,certified_reset,0,1,0.07603675288968079,0.07204287837129425,0.003993874518386541,0.05990811777579813,0.0,0.0,0,0,0.05457518434855327,-0.02568536152274821,0.026588660011342937,0.019292863079814163,0.05457518434855327,-0.02568536152274821,-0.01650258670963778,0.0031040119342610707,0.05718813824976203,0.29612046627603417
global_compatible,49,7,2,2,certified_reset,0,1,0.07204287837129425,0.06804900385290771,0.003993874518386541,0.05591424325741159,0.0,0.0,0,0,0.026588660011342937,0.019292863079814163,-0.0400389157544046,-0.023063245707277708,0.026588660011342937,0.019292863079814163,-0.05489120367651364,0.0008492815690721617,0.05718813824976203,0.29612046627603417
global_compatible,49,8,2,2,certified_reset,0,1,0.06804900385290771,0.06405512933452118,0.003993874518386541,0.051920368739025044,0.0,0.0,0,0,-0.0400389157544046,-0.023063245707277708,-0.029320958052310202,0.00566577741960618,-0.0400389157544046,-0.023063245707277708,0.07384638443711541,0.0018351913816089325,0.05718813824976203,0.29612046627603417
global_compatible,49,9,0,0,certified_reset,0,1,0.06405512933452118,0.060061254816134634,0.003993874518386541,0.0479264942206385,0.0,0.0,0,0,-0.029320958052310202,0.00566577741960618,-0.0043451656406704574,0.01794578378870503,-0.029320958052310202,0.00566577741960618,0.020851970076885912,0.0008763668835858516,0.05718813824976203,0.29612046627603417
global_compatible,49,10,0,0,certified_reset,0,1,0.060061254816134634,0.05606738029774809,0.003993874518386541,0.04393261970225196,0.0,0.0,0,0,-0.0043451656406704574,0.01794578378870503,0.0006287577315821611,0.008837260278086064,-0.0043451656406704574,0.01794578378870503,-0.022110719524707556,8.90717704347409e-05,0.05718813824976203,0.29612046627603417
global_compatible,49,11,0,0,certified_reset,0,1,0.05606738029774809,0.05207350577936155,0.003993874518386541,0.039938745183865414,0.0,0.0,0,0,0.0006287577315821611,0.008837260278086064,0.0022396982119242247,-0.010278766688710934,0.0006287577315821611,0.008837260278086064,-0.01364775562185312,1.910935758294473e-05,0.05718813824976203,0.29612046627603417
global_compatible,49,12,0,0,certified_reset,0,1,0.05207350577936155,0.048079631260975,0.003993874518386541,0.03594487066547887,0.0,0.0,0,0,0.0022396982119242247,-0.010278766688710934,-0.009955314190880617,0.002562274193414259,0.0022396982119242247,-0.010278766688710934,0.012911431680020522,2.8201422816564143e-05,0.05718813824976203,0.29612046627603417
global_compatible,49,13,0,0,certified_reset,0,1,0.048079631260975,0.04408575674258846,0.003993874518386541,0.03195099614709233,0.0,0.0,0,0,-0.009955314190880617,0.002562274193414259,-0.0014233332574080304,0.0068394664187201425,-0.009955314190880617,0.002562274193414259,0.006135238722922429,0.00010123105432143276,0.05718813824976203,0.29612046627603417
global_compatible,49,14,0,0,certified_reset,0,1,0.04408575674258846,0.040091882224201916,0.003993874518386541,0.027957121628705783,0.0,0.0,0,0,-0.0014233332574080304,0.0068394664187201425,-0.011688824210466003,-0.014028139061970746,-0.0014233332574080304,0.0068394664187201425,-0.00865637991648997,1.2319294553813122e-05,0.05718813824976203,0.29612046627603417
global_compatible,49,15,0,0,certified_reset,0,1,0.040091882224201916,0.03609800770581537,0.003993874518386541,0.023963247110319243,0.0,0.0,0,0,-0.011688824210466003,-0.014028139061970746,-0.0018733461806075564,0.022956032718717212,-0.011688824210466003,-0.014028139061970746,0.03230636748176966,0.00019814310931741286,0.05718813824976203,0.29612046627603417
global_compatible,49,16,0,0,certified_reset,0,1,0.03609800770581537,0.03210413318742883,0.003993874518386541,0.019969372591932703,0.0,0.0,0,0,-0.0018733461806075564,0.022956032718717212,0.018155645182370027,-0.0020015463874349885,-0.0018733461806075564,0.022956032718717212,-0.03195461939255765,0.00012389316729838419,0.05718813824976203,0.29612046627603417
global_compatible,49,17,0,0,certified_reset,0,1,0.03210413318742883,0.02811025866904229,0.003993874518386541,0.015975498073546163,0.0,0.0,0,0,0.018155645182370027,-0.0020015463874349885,0.0035791112142453388,-0.009939409365049978,0.018155645182370027,-0.0020015463874349885,-0.015126652606338026,0.0003360689562943265,0.05718813824976203,0.29612046627603417
global_compatible,49,18,0,0,certified_reset,0,1,0.02811025866904229,0.02411638415065575,0.003993874518386541,0.011981623555159623,0.0,0.0,0,0,0.0035791112142453388,-0.009939409365049978,-0.0012995991264668331,0.013401675448590451,0.0035791112142453388,-0.009939409365049978,0.011080904877533382,3.3662232941248095e-05,0.05718813824976203,0.29612046627603417
global_compatible,49,19,0,0,certified_reset,0,1,0.02411638415065575,0.02012250963226921,0.003993874518386541,0.007987749036773082,0.0,0.0,0,0,-0.0012995991264668331,0.013401675448590451,0.002852388988058779,-0.009275757280486723,-0.0012995991264668331,0.013401675448590451,-0.01844780899677753,4.2525882178336386e-05,0.05718813824976203,0.29612046627603417
global_compatible,49,20,0,0,certified_reset,0,1,0.02012250963226921,0.01612863511388267,0.003993874518386541,0.003993874518386541,0.0,0.0,0,0,0.002852388988058779,-0.009275757280486723,-0.0031127000499664597,-0.005911792062588355,0.002852388988058779,-0.009275757280486723,0.01082385331625118,2.655215911726247e-05,0.05718813824976203,0.29612046627603417
global_compatible,49,21,0,0,certified_reset,0,1,0.01612863511388267,0.01213476059549613,0.003993874518386541,0.0,0.0,0.0,0,0,-0.0031127000499664597,-0.005911792062588355,-0.004247333438139443,-0.0016887900111828957,-0.0031127000499664597,-0.005911792062588355,0.011805953375382322,1.9464286349034614e-05,0.05718813824976203,0.29612046627603417
global_compatible,50,0,1,1,certified_reset,0,1,0.1,0.09600612548161347,0.003993874518386541,0.08387136488611735,0.0,0.0,0,0,5.617179332470881,-0.265697220884277,4.573750183252393,-1.7987360811640931,5.617179332470881,-0.265697220884277,-1.549999999999447,31.625473255511384,0.05718813824976203,0.29612046627603417
global_compatible,50,1,1,1,certified_reset,0,1,0.09600612548161347,0.09201225096322693,0.003993874518386541,0.07987749036773081,0.0,0.0,0,0,4.573750183252393,-1.7987360811640931,2.37860620522716,-2.551447641280154,4.573750183252393,-1.7987360811640931,-0.7958451290753987,21.517406243680806,0.05718813824976203,0.29612046627603417
global_compatible,50,2,0,0,certified_reset,0,1,0.09201225096322693,0.0880183764448404,0.003993874518386541,0.07588361584934428,0.0,0.0,0,0,2.37860620522716,-2.551447641280154,0.5192492321971465,-1.1623556396143346,2.37860620522716,-2.551447641280154,1.3899924733463351,6.877848768359069,0.05718813824976203,0.29612046627603417
global_compatible,50,3,0,0,certified_reset,0,1,0.0880183764448404,0.08402450192645386,0.003993874518386541,0.07188974133095774,0.0,0.0,0,0,0.5192492321971465,-1.1623556396143346,-0.03927520104225293,0.026014612726712016,0.5192492321971465,-1.1623556396143346,1.1952088091586752,0.5485255815043734,0.05718813824976203,0.29612046627603417
global_compatible,50,4,0,0,certified_reset,0,1,0.08402450192645386,0.08003062740806732,0.003993874518386541,0.0678958668125712,0.0,0.0,0,0,-0.03927520104225293,0.026014612726712016,-0.014625880752754939,0.0336120712874275,-0.03927520104225293,0.026014612726712016,0.0007869286555096159,0.0016643737118848525,0.05718813824976203,0.29612046627603417
global_compatible,50,5,0,0,certified_reset,0,1,0.08003062740806732,0.07603675288968079,0.003993874518386541,0.06390199229418467,0.0,0.0,0,0,-0.014625880752754939,0.0336120712874275,0.0019286703498412158,-0.01736955054661658,-0.014625880752754939,0.0336120712874275,-0.03495164473585411,0.0004478156650589408,0.05718813824976203,0.29612046627603417
global_compatible,50,6,0,0,certified_reset,0,1,0.07603675288968079,0.07204287837129425,0.003993874518386541,0.05990811777579813,0.0,0.0,0,0,0.0019286703498412158,-0.01736955054661658,-0.006810528794623133,0.012441092317440615,0.0019286703498412158,-0.01736955054661658,0.023660391535244702,7.202135402284791e-05,0.05718813824976203,0.29612046627603417
global_compatible,50,7,0,0,certified_reset,0,1,0.07204287837129425,0.06804900385290771,0.003993874518386541,0.05591424325741159,0.0,0.0,0,0,-0.006810528794623133,0.012441092317440615,-0.005518180494112851,0.004718053516190698,-0.006810528794623133,0.012441092317440615,-0.011545336536417327,7.757621240506351e-05,0.05718813824976203,0.29612046627603417
global_compatible,50,8,0,0,certified_reset,0,1,0.06804900385290771,0.06405512933452118,0.003993874518386541,0.051920368739025044,0.0,0.0,0,0,-0.005518180494112851,0.004718053516190698,-0.00271591618584669,0.0008814699364082862,-0.005518180494112851,0.004718053516190698,-0.0014596037572520693,3.4510382260507244e-05,0.05718813824976203,0.29612046627603417
global_compatible,50,9,0,0,certified_reset,0,1,0.06405512933452118,0.060061254816134634,0.003993874518386541,0.0479264942206385,0.0,0.0,0,0,-0.00271591618584669,0.0008814699364082862,-0.0021375956422592995,0.0034198082464957542,-0.00271591618584669,0.0008814699364082862,0.001410890584456033,7.565824099359193e-06,0.05718813824976203,0.29612046627603417
global_compatible,50,10,0,0,certified_reset,0,1,0.060061254816134634,0.05606738029774809,0.003993874518386541,0.04393261970225196,0.0,0.0,0,0,-0.0021375956422592995,0.0034198082464957542,0.003009526234886049,-0.008936988735110023,-0.0021375956422592995,0.0034198082464957542,-0.002906697344174895,6.885653285775848e-06,0.05718813824976203,0.29612046627603417
global_compatible,50,11,0,0,certified_reset,0,1,0.05606738029774809,0.05207350577936155,0.003993874518386541,0.039938745183865414,0.0,0.0,0,0,0.003009526234886049,-0.008936988735110023,0.001139766510971028,0.005296714403755169,0.003009526234886049,-0.008936988735110023,0.010165509269600775,2.60172458034929e-05,0.05718813824976203,0.29612046627603417
global_compatible,50,12,0,0,certified_reset,0,1,0.05207350577936155,0.048079631260975,0.003993874518386541,0.03594487066547887,0.0,0.0,0,0,0.001139766510971028,0.005296714403755169,0.0036160187421776023,0.0005256249671532712,0.001139766510971028,0.005296714403755169,-0.00893824562938381,8.346306598301587e-06,0.05718813824976203,0.29612046627603417
global_compatible,50,13,0,0,certified_reset,0,1,0.048079631260975,0.04408575674258846,0.003993874518386541,0.03195099614709233,0.0,0.0,0,0,0.0036160187421776023,0.0005256249671532712,-0.00302121601450457,-0.0018220904263893038,0.0036160187421776023,0.0005256249671532712,-0.004374438441175329,1.3603715024767578e-05,0.05718813824976203,0.29612046627603417
global_compatible,50,14,0,0,certified_reset,0,1,0.04408575674258846,0.040091882224201916,0.003993874518386541,0.027957121628705783,0.0,0.0,0,0,-0.00302121601450457,-0.0018220904263893038,-0.0016149538924442944,-0.006365741814040923,-0.00302121601450457,-0.0018220904263893038,0.0056911913015392866,1.053509010101591e-05,0.05718813824976203,0.29612046627603417
global_compatible,50,15,0,0,certified_reset,0,1,0.040091882224201916,0.03609800770581537,0.003993874518386541,0.023963247110319243,0.0,0.0,0,0,-0.0016149538924442944,-0.006365741814040923,-0.009436565937556252,0.00677915378199715,-0.0016149538924442944,-0.006365741814040923,0.010982279536326137,1.2917418061816397e-05,0.05718813824976203,0.29612046627603417
global_compatible,50,16,0,0,certified_reset,0,1,0.03609800770581537,0.03210413318742883,0.003993874518386541,0.019969372591932703,0.0,0.0,0,0,-0.009436565937556252,0.00677915378199715,-0.002988333770769836,0.0012529567987232919,-0.009436565937556252,0.00677915378199715,-0.0005865594317847892,9.732962467301622e-05,0.05718813824976203,0.29612046627603417
global_compatible,50,17,0,0,certified_reset,0,1,0.03210413318742883,0.02811025866904229,0.003993874518386541,0.015975498073546163,0.0,0.0,0,0,-0.002988333770769836,0.0012529567987232919,0.004302771046820737,0.017781573942885036,-0.002988333770769836,0.0012529567987232919,0.0011332735170634675,9.244828580239448e-06,0.05718813824976203,0.29612046627603417
global_compatible,50,18,0,0,certified_reset,0,1,0.02811025866904229,0.02411638415065575,0.003993874518386541,0.011981623555159623,0.0,0.0,0,0,0.004302771046820737,0.017781573942885036,0.005243727128516524,-0.004322382422387926,0.004302771046820737,0.017781573942885036,-0.030475953052702055,9.864661848265317e-05,0.05718813824976203,0.29612046627603417
global_compatible,50,19,0,0,certified_reset,0,1,0.02411638415065575,0.02012250963226921,0.003993874518386541,0.007987749036773082,0.0,0.0,0,0,0.005243727128516524,-0.004322382422387926,0.003372177378906622,0.0015127353012022535,0.005243727128516524,-0.004322382422387926,0.001146238767494482,3.089245894610909e-05,0.05718813824976203,0.29612046627603417
global_compatible,50,20,0,0,certified_reset,0,1,0.02012250963226921,0.01612863511388267,0.003993874518386541,0.003993874518386541,0.0,0.0,0,0,0.003372177378906622,0.0015127353012022535,-0.0058123013323230135,0.009256687120543436,0.003372177378906622,0.0015127353012022535,-0.005583493836605936,1.2562871616865571e-05,0.05718813824976203,0.29612046627603417
global_compatible,50,21,0,0,certified_reset,0,1,0.01612863511388267,0.01213476059549613,0.003993874518386541,0.0,0.0,0.0,0,0,-0.0058123013323230135,0.009256687120543436,0.007047028329175948,0.004613684938236228,-0.0058123013323230135,0.009256687120543436,-0.007849329328445717,5.074667221095808e-05,0.05718813824976203,0.29612046627603417
global_compatible,51,0,0,0,certified_reset,0,1,0.1,0.09600612548161347,0.003993874518386541,0.08387136488611735,0.0,0.0,0,0,-2.3902297761388644,0.25439363832121464,-1.3641729646922363,1.803103807787144,-2.3902297761388644,0.25439363832121464,1.55,5.784909784920141,0.05718813824976203,0.29612046627603417
global_compatible,51,1,0,0,certified_reset,0,1,0.09600612548161347,0.09201225096322693,0.003993874518386541,0.07987749036773081,0.0,0.0,0,0,-1.3641729646922363,1.803103807787144,-0.20934314248756555,0.5040704910030386,-1.3641729646922363,1.803103807787144,-1.2977475400680998,2.488284596039195,0.05718813824976203,0.29612046627603417
global_compatible,51,2,0,0,certified_reset,0,1,0.09201225096322693,0.0880183764448404,0.003993874518386541,0.07588361584934428,0.0,0.0,0,0,-0.20934314248756555,0.5040704910030386,0.030923703881074103,-0.02468123328375979,-0.20934314248756555,0.5040704910030386,-0.5340864871113926,0.09669143148145186,0.05718813824976203,0.29612046627603417
global_compatible,51,3,0,0,certified_reset,0,1,0.0880183764448404,0.08402450192645386,0.003993874518386541,0.07188974133095774,0.0,0.0,0,0,0.030923703881074103,-0.02468123328375979,0.014621811396583565,-0.03116484854950648,0.030923703881074103,-0.02468123328375979,0.005566691273313598,0.0010666995527709943,0.05718813824976203,0.29612046627603417
global_compatible,51,4,0,0,certified_reset,0,1,0.08402450192645386,0.08003062740806732,0.003993874518386541,0.0678958668125712,0.0,0.0,0,0,0.014621811396583565,-0.03116484854950648,0.00044287043386136474,-0.002960678627319611,0.014621811396583565,-0.03116484854950648,0.031352589272546985,0.00041319659119004836,0.05718813824976203,0.29612046627603417
global_compatible,51,5,0,0,certified_reset,0,1,0.08003062740806732,0.07603675288968079,0.003993874518386541,0.06390199229418467,0.0,0.0,0,0,0.00044287043386136474,-0.002960678627319611,0.0015994093325940799,0.0003170181294691862,0.00044287043386136474,-0.002960678627319611,0.003921860516046798,2.1584701970398097e-06,0.05718813824976203,0.29612046627603417
global_compatible,51,6,0,0,certified_reset,0,1,0.07603675288968079,0.07204287837129425,0.003993874518386541,0.05990811777579813,0.0,0.0,0,0,0.0015994093325940799,0.0003170181294691862,-0.006562670878386178,0.0054292271866745075,0.0015994093325940799,0.0003170181294691862,-0.0020577172554889596,2.682055309771651e-06,0.05718813824976203,0.29612046627603417
global_compatible,51,7,0,0,certified_reset,0,1,0.07204287837129425,0.06804900385290771,0.003993874518386541,0.05591424325741159,0.0,0.0,0,0,-0.006562670878386178,0.0054292271866745075,0.0031833369271443003,0.0017554643739547695,-0.006562670878386178,0.0054292271866745075,-0.0014662684357708942,4.842816904817606e-05,0.05718813824976203,0.29612046627603417
global_compatible,51,8,0,0,certified_reset,0,1,0.06804900385290771,0.06405512933452118,0.003993874518386541,0.051920368739025044,0.0,0.0,0,0,0.0031833369271443003,0.0017554643739547695,-0.0003351531989026265,-0.01772689786676547,0.0031833369271443003,0.0017554643739547695,-0.005754883527708996,1.1516299032438318e-05,0.05718813824976203,0.29612046627603417
global_compatible,51,9,0,0,certified_reset,0,1,0.06405512933452118,0.060061254816134634,0.003993874518386541,0.0479264942206385,0.0,0.0,0,0,-0.0003351531989026265,-0.01772689786676547,-0.0037066461647196347,0.004621641789123736,-0.0003351531989026265,-0.01772689786676547,0.026449900140458033,7.416598153891185e-05,0.05718813824976203,0.29612046627603417
global_compatible,51,10,0,0,certified_reset,0,1,0.060061254816134634,0.05606738029774809,0.003993874518386541,0.04393261970225196,0.0,0.0,0,0,-0.0037066461647196347,0.004621641789123736,-0.0034749429594520204,0.0032689546973398748,-0.0037066461647196347,0.004621641789123736,-0.003117374758253253,1.7826899533871115e-05,0.05718813824976203,0.29612046627603417
global_compatible,51,11,0,0,certified_reset,0,1,0.05606738029774809,0.05207350577936155,0.003993874518386541,0.039938745183865414,0.0,0.0,0,0,-0.0034749429594520204,0.0032689546973398748,-0.004233359409842334,-0.006046901021542956,-0.0034749429594520204,0.0032689546973398748,-0.0013550988566631004,1.4044627560615285e-05,0.05718813824976203,0.29612046627603417
global_compatible,51,12,0,0,certified_reset,0,1,0.05207350577936155,0.048079631260975,0.003993874518386541,0.03594487066547887,0.0,0.0,0,0,-0.004233359409842334,-0.006046901021542956,-0.007955093062337415,0.00957922818417193,-0.004233359409842334,-0.006046901021542956,0.013122136943135927,2.8807795995341652e-05,0.05718813824976203,0.29612046627603417
global_compatible,51,13,0,0,certified_reset,0,1,0.048079631260975,0.04408575674258846,0.003993874518386541,0.03195099614709233,0.0,0.0,0,0,-0.007955093062337415,0.00957922818417193,0.0019786678635969604,0.004674265871573649,-0.007955093062337415,0.00957922818417193,-0.006187330654287868,8.075767241488423e-05,0.05718813824976203,0.29612046627603417
global_compatible,51,14,0,0,certified_reset,0,1,0.04408575674258846,0.040091882224201916,0.003993874518386541,0.027957121628705783,0.0,0.0,0,0,0.0019786678635969604,0.004674265871573649,-0.002030788512291294,-0.0053384655240482515,0.0019786678635969604,0.004674265871573649,-0.008853290106162646,9.807422215896764e-06,0.05718813824976203,0.29612046627603417
global_compatible,51,15,0,0,certified_reset,0,1,0.040091882224201916,0.03609800770581537,0.003993874518386541,0.023963247110319243,0.0,0.0,0,0,-0.002030788512291294,-0.0053384655240482515,-0.00692721181147966,0.010795291900140683,-0.002030788512291294,-0.0053384655240482515,0.0098866558027468,1.1697609602965282e-05,0.05718813824976203,0.29612046627603417
global_compatible,51,16,0,0,certified_reset,0,1,0.03609800770581537,0.03210413318742883,0.003993874518386541,0.019969372591932703,0.0,0.0,0,0,-0.00692721181147966,0.010795291900140683,0.0017588487794411175,0.004807277857827184,-0.00692721181147966,0.010795291900140683,-0.009004378375124937,7.099013312682751e-05,0.05718813824976203,0.29612046627603417
global_compatible,51,17,0,0,certified_reset,0,1,0.03210413318742883,0.02811025866904229,0.003993874518386541,0.015975498073546163,0.0,0.0,0,0,0.0017588487794411175,0.004807277857827184,-0.008006170447884143,0.0027788942450760936,0.0017588487794411175,0.004807277857827184,-0.00882986770707324,9.202498794475872e-06,0.05718813824976203,0.29612046627603417
global_compatible,51,18,0,0,certified_reset,0,1,0.02811025866904229,0.02411638415065575,0.003993874518386541,0.011981623555159623,0.0,0.0,0,0,-0.008006170447884143,0.0027788942450760936,-0.009815970992075965,0.004041344991991796,-0.008006170447884143,0.0027788942450760936,0.0038770340068725625,6.58645556383916e-05,0.05718813824976203,0.29612046627603417
global_compatible,51,19,0,0,certified_reset,0,1,0.02411638415065575,0.02012250963226921,0.003993874518386541,0.007987749036773082,0.0,0.0,0,0,-0.009815970992075965,0.004041344991991796,-0.0016659899575287994,0.015755354507502036,-0.009815970992075965,0.004041344991991796,0.0038212376364091835,9.965817742609804e-05,0.05718813824976203,0.29612046627603417
global_compatible,51,20,0,0,certified_reset,0,1,0.02012250963226921,0.01612863511388267,0.003993874518386541,0.003993874518386541,0.0,0.0,0,0,-0.0016659899575287994,0.015755354507502036,-0.006325352448790254,0.0014559197692398437,-0.0016659899575287994,0.015755354507502036,-0.02155130763538732,5.9068609276736055e-05,0.05718813824976203,0.29612046627603417
global_compatible,51,21,0,0,certified_reset,0,1,0.01612863511388267,0.01213476059549613,0.003993874518386541,0.0,0.0,0.0,0,0,-0.006325352448790254,0.0014559197692398437,0.001288923249717854,0.016902964863138824,-0.006325352448790254,0.0014559197692398437,0.004155021106522969,4.082323503871156e-05,0.05718813824976203,0.29612046627603417
global_compatible,52,0,1,1,certified_reset,0,1,0.1,0.09600612548161347,0.003993874518386541,0.08387136488611735,0.0,0.0,0,0,1.0853328572306502,-0.09463539908713448,0.5253646388289086,-1.003716515376798,1.0853328572306502,-0.09463539908713448,-0.9413258482432343,1.2017118243755867,0.05718813824976203,0.29612046627603417
global_compatible,52,1,1,1,certified_reset,0,1,0.09600612548161347,0.09201225096322693,0.003993874518386541,0.07987749036773081,0.0,0.0,0,0,0.5253646388289086,-1.003716515376798,0.0062638495234449915,-0.020551568064594673,0.5253646388289086,-1.003716515376798,0.9554288531774195,0.4801695428521531,0.05718813824976203,0.29612046627603417
global_compatible,52,2,1,1,certified_reset,0,1,0.09201225096322693,0.0880183764448404,0.003993874518386541,0.07588361584934428,0.0,0.0,0,0,0.0062638495234449915,-0.020551568064594673,-0.006804094431929909,0.030275083182923768,0.0062638495234449915,-0.020551568064594673,0.02403771634252121,0.00012970715701090998,0.05718813824976203,0.29612046627603417
global_compatible,52,3,1,1,certified_reset,0,1,0.0880183764448404,0.08402450192645386,0.003993874518386541,0.07188974133095774,0.0,0.0,0,0,-0.006804094431929909,0.030275083182923768,0.009275810020738517,-0.009023367120426248,-0.006804094431929909,0.030275083182923768,-0.03781801387459766,0.00024703527448603275,0.05718813824976203,0.29612046627603417
global_compatible,52,4,0,0,certified_reset,0,1,0.08402450192645386,0.08003062740806732,0.003993874518386541,0.0678958668125712,0.0,0.0,0,0,0.009275810020738517,-0.009023367120426248,0.004155383266010371,-0.0043110233215470604,0.009275810020738517,-0.009023367120426248,0.004057519588538793,0.0001011080459253156,0.05718813824976203,0.29612046627603417
global_compatible,52,5,0,0,certified_reset,0,1,0.08003062740806732,0.07603675288968079,0.003993874518386541,0.06390199229418467,0.0,0.0,0,0,0.004155383266010371,-0.0043110233215470604,0.0008059304963188903,0.0012465225242126164,0.004155383266010371,-0.0043110233215470604,0.0022110951474046776,2.0734719605417008e-05,0.05718813824976203,0.29612046627603417
global_compatible,52,6,0,0,certified_reset,0,1,0.07603675288968079,0.07204287837129425,0.003993874518386541,0.05990811777579813,0.0,0.0,0,0,0.0008059304963188903,0.0012465225242126164,-0.004244900353698767,-0.0015426612140830933,0.0008059304963188903,0.0012465225242126164,-0.0026385707410529263,1.1032626663918184e-06,0.05718813824976203,0.29612046627603417
global_compatible,52,7,0,0,certified_reset,0,1,0.07204287837129425,0.06804900385290771,0.003993874518386541,0.05591424325741159,0.0,0.0,0,0,-0.004244900353698767,-0.0015426612140830933,-0.005245593706951466,-0.001097145292128187,-0.004244900353698767,-0.0015426612140830933,0.006497753584723383,1.950306370588509e-05,0.05718813824976203,0.29612046627603417
global_compatible,52,8,0,0,certified_reset,0,1,0.06804900385290771,0.06405512933452118,0.003993874518386541,0.051920368739025044,0.0,0.0,0,0,-0.005245593706951466,-0.001097145292128187,0.0008211577826092034,0.00526538407097709,-0.005245593706951466,-0.001097145292128187,0.006841465344820831,2.890306554258546e-05,0.05718813824976203,0.29612046627603417
global_compatible,52,9,0,0,certified_reset,0,1,0.06405512933452118,0.060061254816134634,0.003993874518386541,0.0479264942206385,0.0,0.0,0,0,0.0008211577826092034,0.00526538407097709,0.009672057242647077,-0.012702958288734514,0.0008211577826092034,0.00526538407097709,-0.00857224987341295,7.501755295927242e-06,0.05718813824976203,0.29612046627603417
global_compatible,52,10,0,0,certified_reset,0,1,0.060061254816134634,0.05606738029774809,0.003993874518386541,0.04393261970225196,0.0,0.0,0,0,0.009672057242647077,-0.012702958288734514,0.005401832186993134,-0.004000320944717847,0.009672057242647077,-0.012702958288734514,0.00908039592201111,0.0001246557579289129,0.05718813824976203,0.29612046627603417
global_compatible,52,11,0,0,certified_reset,0,1,0.05606738029774809,0.05207350577936155,0.003993874518386541,0.039938745183865414,0.0,0.0,0,0,0.005401832186993134,-0.004000320944717847,-0.0037238401111755123,-0.014338330295957066,0.005401832186993134,-0.004000320944717847,0.0005159484281794402,3.2066908224883234e-05,0.05718813824976203,0.29612046627603417
global_compatible,52,12,0,0,certified_reset,0,1,0.05207350577936155,0.048079631260975,0.003993874518386541,0.03594487066547887,0.0,0.0,0,0,-0.0037238401111755123,-0.014338330295957066,-0.004154861975303855,0.0027382328831651046,-0.0037238401111755123,-0.014338330295957066,0.024831803918524225,6.628823614147337e-05,0.05718813824976203,0.29612046627603417
global_compatible,52,13,0,0,certified_reset,0,1,0.048079631260975,0.04408575674258846,0.003993874518386541,0.03195099614709233,0.0,0.0,0,0,-0.004154861975303855,0.0027382328831651046,0.003559590844579154,0.002800935509513835,-0.004154861975303855,0.0027382328831651046,0.00010329889374590979,1.8612770278402485e-05,0.05718813824976203,0.29612046627603417
global_compatible,52,14,0,0,certified_reset,0,1,0.04408575674258846,0.040091882224201916,0.003993874518386541,0.027957121628705783,0.0,0.0,0,0,0.003559590844579154,0.002800935509513835,0.00044076706959017163,-0.004834226935685457,0.003559590844579154,0.002800935509513835,-0.007669223096669018,1.5553254704595768e-05,0.05718813824976203,0.29612046627603417
global_compatible,52,15,0,0,certified_reset,0,1,0.040091882224201916,0.03609800770581537,0.003993874518386541,0.023963247110319243,0.0,0.0,0,0,0.00044076706959017163,-0.004834226935685457,-5.0103287958006525e-05,-0.009648400023792223,0.00044076706959017163,-0.004834226935685457,0.0066810069143406385,5.516726956199016e-06,0.05718813824976203,0.29612046627603417
global_compatible,52,16,0,0,certified_reset,0,1,0.03609800770581537,0.03210413318742883,0.003993874518386541,0.019969372591932703,0.0,0.0,0,0,-5.0103287958006525e-05,-0.009648400023792223,-0.006628060584422894,-0.0025718865113858016,-5.0103287958006525e-05,-0.009648400023792223,0.0142590645523166,2.1842025530582977e-05,0.05718813824976203,0.29612046627603417
global_compatible,52,17,0,0,certified_reset,0,1,0.03210413318742883,0.02811025866904229,0.003993874518386541,0.015975498073546163,0.0,0.0,0,0,-0.006628060584422894,-0.0025718865113858016,-1.1533380654278266e-05,0.009505798084078395,-0.006628060584422894,-0.0025718865113858016,0.010385831213059787,4.78184524013752e-05,0.05718813824976203,0.29612046627603417
global_compatible,52,18,0,0,certified_reset,0,1,0.02811025866904229,0.02411638415065575,0.003993874518386541,0.011981623555159623,0.0,0.0,0,0,-1.1533380654278266e-05,0.009505798084078395,0.0045309863616862876,-0.018865031778941853,-1.1533380654278266e-05,0.009505798084078395,-0.01399249367503347,2.1159715498763934e-05,0.05718813824976203,0.29612046627603417
global_compatible,52,19,0,0,certified_reset,0,1,0.02411638415065575,0.02012250963226921,0.003993874518386541,0.007987749036773082,0.0,0.0,0,0,0.0045309863616862876,-0.018865031778941853,-0.005728663067497879,-0.00842139845761296,0.0045309863616862876,-0.018865031778941853,0.02327861837329514,9.813728556771246e-05,0.05718813824976203,0.29612046627603417
global_compatible,52,20,0,0,certified_reset,0,1,0.02012250963226921,0.01612863511388267,0.003993874518386541,0.003993874518386541,0.0,0.0,0,0,-0.005728663067497879,-0.00842139845761296,-0.0018160957852102655,-0.004958205245872359,-0.005728663067497879,-0.00842139845761296,0.018108153925027425,5.378080286196583e-05,0.05718813824976203,0.29612046627603417
global_compatible,52,21,0,0,certified_reset,0,1,0.01612863511388267,0.01213476059549613,0.003993874518386541,0.0,0.0,0.0,0,0,-0.0018160957852102655,-0.004958205245872359,0.0038951357374307563,0.015293267218539054,-0.0018160957852102655,-0.004958205245872359,0.009116319008071513,9.800969574316953e-06,0.05718813824976203,0.29612046627603417
global_compatible,53,0,0,0,certified_reset,0,1,0.1,0.09600612548161347,0.003993874518386541,0.08387136488611735,0.0,0.0,0,0,-0.12667965019854677,0.5043269420537017,0.07298066236553456,-0.1255098895497339,-0.12667965019854677,0.5043269420537017,-0.6167807873391375,0.07134041687181612,0.05718813824976203,0.29612046627603417
global_compatible,53,1,0,0,certified_reset,0,1,0.09600612548161347,0.09201225096322693,0.003993874518386541,0.07987749036773081,0.0,0.0,0,0,0.07298066236553456,-0.1255098895497339,0.0111370086366513,-0.01671616404990123,0.07298066236553456,-0.1255098895497339,0.11221852463611948,0.008476493838561389,0.05718813824976203,0.29612046627603417
global_compatible,53,2,0,0,certified_reset,0,1,0.09201225096322693,0.0880183764448404,0.003993874518386541,0.07588361584934428,0.0,0.0,0,0,0.0111370086366513,-0.01671616404990123,0.0004066348877341117,-0.0037824803109404105,0.0111370086366513,-0.01671616404990123,0.013537113893699408,0.00017891172298489824,0.05718813824976203,0.29612046627603417
global_compatible,53,3,0,0,certified_reset,0,1,0.0880183764448404,0.08402450192645386,0.003993874518386541,0.07188974133095774,0.0,0.0,0,0,0.0004066348877341117,-0.0037824803109404105,0.007567743221773387,0.008999429849514143,0.0004066348877341117,-0.0037824803109404105,0.005168365219546384,3.4084402224652877e-06,0.05718813824976203,0.29612046627603417
global_compatible,53,4,0,0,certified_reset,0,1,0.08402450192645386,0.08003062740806732,0.003993874518386541,0.0678958668125712,0.0,0.0,0,0,0.007567743221773387,0.008999429849514143,-0.003753633101505876,-0.0019070118644801074,0.007567743221773387,0.008999429849514143,-0.02079370181080844,8.26583411165562e-05,0.05718813824976203,0.29612046627603417
global_compatible,53,5,0,0,certified_reset,0,1,0.08003062740806732,0.07603675288968079,0.003993874518386541,0.06390199229418467,0.0,0.0,0,0,-0.003753633101505876,-0.0019070118644801074,-0.0065494503695158746,0.004409705691872997,-0.003753633101505876,-0.0019070118644801074,0.006550405473264867,1.58170617225533e-05,0.05718813824976203,0.29612046627603417
global_compatible,53,6,0,0,certified_reset,0,1,0.07603675288968079,0.07204287837129425,0.003993874518386541,0.05990811777579813,0.0,0.0,0,0,-0.0065494503695158746,0.004409705691872997,-0.0035288597965415936,0.006732121030261519,-0.0065494503695158746,0.004409705691872997,2.9195019067588936e-05,4.639551222348876e-05,0.05718813824976203,0.29612046627603417
global_compatible,53,7,1,1,certified_reset,0,1,0.07204287837129425,0.06804900385290771,0.003993874518386541,0.05591424325741159,0.0,0.0,0,0,-0.0035288597965415936,0.006732121030261519,0.018374706000345013,-0.01624894265384937,-0.0035288597965415936,0.006732121030261519,-0.0064031718329160305,2.1635728343589903e-05,0.05718813824976203,0.29612046627603417
global_compatible,53,8,1,1,certified_reset,0,1,0.06804900385290771,0.06405512933452118,0.003993874518386541,0.051920368739025044,0.0,0.0,0,0,0.018374706000345013,-0.01624894265384937,0.006085520925847004,0.00685425781641426,0.018374706000345013,-0.01624894265384937,0.005642993737101769,0.0003859509697832946,0.05718813824976203,0.29612046627603417
global_compatible,53,9,1,1,certified_reset,0,1,0.06405512933452118,0.060061254816134634,0.003993874518386541,0.0479264942206385,0.0,0.0,0,0,0.006085520925847004,0.00685425781641426,0.017019098052647286,0.03776166568989869,0.006085520925847004,0.00685425781641426,-0.016154072376279194,5.201396933587111e-05,0.05718813824976203,0.29612046627603417
global_compatible,53,10,1,1,certified_reset,0,1,0.060061254816134634,0.05606738029774809,0.003993874518386541,0.04393261970225196,0.0,0.0,0,0,0.017019098052647286,0.03776166568989869,0.024538360985134018,-0.0491705921604518,0.017019098052647286,0.03776166568989869,-0.07257605908515731,0.0006780016185555497,0.05718813824976203,0.29612046627603417
global_compatible,53,11,1,1,certified_reset,0,1,0.05606738029774809,0.05207350577936155,0.003993874518386541,0.039938745183865414,0.0,0.0,0,0,0.024538360985134018,-0.0491705921604518,0.013507109093845582,-0.017196081586677,0.024538360985134018,-0.0491705921604518,0.048001150260184956,0.0010949284045079757,0.05718813824976203,0.29612046627603417
global_compatible,53,12,1,1,certified_reset,0,1,0.05207350577936155,0.048079631260975,0.003993874518386541,0.03594487066547887,0.0,0.0,0,0,0.013507109093845582,-0.017196081586677,-0.013220080261071835,-0.02494074599327357,0.013507109093845582,-0.017196081586677,0.01188139159277738,0.00023919812267598638,0.05718813824976203,0.29612046627603417
global_compatible,53,13,1,1,certified_reset,0,1,0.048079631260975,0.04408575674258846,0.003993874518386541,0.03195099614709233,0.0,0.0,0,0,-0.013220080261071835,-0.02494074599327357,-0.0037079748768236425,0.03442472977095784,-0.013220080261071835,-0.02494074599327357,0.049905958488328434,0.0003490029853513287,0.05718813824976203,0.29612046627603417
global_compatible,53,14,1,1,certified_reset,0,1,0.04408575674258846,0.040091882224201916,0.003993874518386541,0.027957121628705783,0.0,0.0,0,0,-0.0037079748768236425,0.03442472977095784,0.023262100812465453,-0.02594250830703994,-0.0037079748768236425,0.03442472977095784,-0.04701874988114219,0.0002823293122614153,0.05718813824976203,0.29612046627603417
global_compatible,53,15,0,0,certified_reset,0,1,0.040091882224201916,0.03609800770581537,0.003993874518386541,0.023963247110319243,0.0,0.0,0,0,0.023262100812465453,-0.02594250830703994,-0.004957672700753386,-0.026441871381982583,0.023262100812465453,-0.02594250830703994,0.015051815611028932,0.0006679317357459668,0.05718813824976203,0.29612046627603417
global_compatible,53,16,0,0,certified_reset,0,1,0.03609800770581537,0.03210413318742883,0.003993874518386541,0.019969372591932703,0.0,0.0,0,0,-0.004957672700753386,-0.026441871381982583,-0.003761179519050732,0.013395858569444927,-0.004957672700753386,-0.026441871381982583,0.04389029585432525,0.0001985885315549361,0.05718813824976203,0.29612046627603417
global_compatible,53,17,0,0,certified_reset,0,1,0.03210413318742883,0.02811025866904229,0.003993874518386541,0.015975498073546163,0.0,0.0,0,0,-0.003761179519050732,0.013395858569444927,-0.003408917597090862,-0.012712008358480775,-0.003761179519050732,0.013395858569444927,-0.01598847184138584,5.283807699635919e-05,0.05718813824976203,0.29612046627603417
global_compatible,53,18,0,0,certified_reset,0,1,0.02811025866904229,0.02411638415065575,0.003993874518386541,0.011981623555159623,0.0,0.0,0,0,-0.003408917597090862,-0.012712008358480775,6.263797399725692e-05,0.0010544311404155505,-0.003408917597090862,-0.012712008358480775,0.022118101871059535,5.293810811431523e-05,0.05718813824976203,0.29612046627603417
global_compatible,53,19,0,0,certified_reset,0,1,0.02411638415065575,0.02012250963226921,0.003993874518386541,0.007987749036773082,0.0,0.0,0,0,6.263797399725692e-05,0.0010544311404155505,-0.0030233158168865874,2.6105089493146843e-05,6.263797399725692e-05,0.0010544311404155505,-0.0016167344413442815,2.693977775102481e-07,0.05718813824976203,0.29612046627603417
global_compatible,53,20,0,0,certified_reset,0,1,0.02012250963226921,0.01612863511388267,0.003993874518386541,0.003993874518386541,0.0,0.0,0,0,-0.0030233158168865874,2.6105089493146843e-05,-0.010637347026513146,-0.0011693526838490636,-0.0030233158168865874,2.6105089493146843e-05,0.00297132634636137,9.361280700676684e-06,0.05718813824976203,0.29612046627603417
global_compatible,53,21,0,0,certified_reset,0,1,0.01612863511388267,0.01213476059549613,0.003993874518386541,0.0,0.0,0.0,0,0,-0.010637347026513146,-0.0011693526838490636,-0.0014101587235069244,0.016928198080309674,-0.010637347026513146,-0.0011693526838490636,0.012312769353806654,0.00011718938841732957,0.05718813824976203,0.29612046627603417
global_compatible,54,0,0,0,certified_reset,0,1,0.1,0.09600612548161347,0.003993874518386541,0.08387136488611735,0.0,0.0,0,0,1.5720888115319962,0.37087919635356326,1.1772149992142442,-1.1785578111588662,1.5720888115319962,0.37087919635356326,-1.5499999999999998,2.5562849794358997,0.05718813824976203,0.29612046627603417
global_compatible,54,1,0,0,certified_reset,0,1,0.09600612548161347,0.09201225096322693,0.003993874518386541,0.07987749036773081,0.0,0.0,0,0,1.1772149992142442,-1.1785578111588662,0.2752678823843391,-0.6085378752217847,1.1772149992142442,-1.1785578111588662,0.5638986072663515,1.6438044279207602,0.05718813824976203,0.29612046627603417
global_compatible,54,2,0,0,certified_reset,0,1,0.09201225096322693,0.0880183764448404,0.003993874518386541,0.07588361584934428,0.0,0.0,0,0,0.2752678823843391,-0.6085378752217847,-0.027133929663661606,-0.0021666737030174264,0.2752678823843391,-0.6085378752217847,0.6223313622952484,0.15211211738906483,0.05718813824976203,0.29612046627603417
global_compatible,54,3,0,0,certified_reset,0,1,0.0880183764448404,0.08402450192645386,0.003993874518386541,0.07188974133095774,0.0,0.0,0,0,-0.027133929663661606,-0.0021666737030174264,-0.00244978019875175,0.03442447494578592,-0.027133929663661606,-0.0021666737030174264,0.030208287623661772,0.0007599086605097447,0.05718813824976203,0.29612046627603417
global_compatible,54,4,0,0,certified_reset,0,1,0.08402450192645386,0.08003062740806732,0.003993874518386541,0.0678958668125712,0.0,0.0,0,0,-0.00244978019875175,0.03442447494578592,0.008912516834309464,-0.014261617589164104,-0.00244978019875175,0.03442447494578592,-0.04827177197352658,0.00027756352781154744,0.05718813824976203,0.29612046627603417
global_compatible,54,5,0,0,certified_reset,0,1,0.08003062740806732,0.07603675288968079,0.003993874518386541,0.06390199229418467,0.0,0.0,0,0,0.008912516834309464,-0.014261617589164104,-0.003560534788555372,-0.005109528578357392,0.008912516834309464,-0.014261617589164104,0.012129797217604814,0.00011972212836207481,0.05718813824976203,0.29612046627603417
global_compatible,54,6,0,0,certified_reset,0,1,0.07603675288968079,0.07204287837129425,0.003993874518386541,0.05990811777579813,0.0,0.0,0,0,-0.003560534788555372,-0.005109528578357392,1.797949749441155e-05,0.011490238118578376,-0.003560534788555372,-0.005109528578357392,0.011070775548128298,2.0440770574188094e-05,0.05718813824976203,0.29612046627603417
global_compatible,54,7,0,0,certified_reset,0,1,0.07204287837129425,0.06804900385290771,0.003993874518386541,0.05591424325741159,0.0,0.0,0,0,1.797949749441155e-05,0.011490238118578376,-0.010791088762990913,-0.010227785641601043,1.797949749441155e-05,0.011490238118578376,-0.016945420164647663,3.094360784013502e-05,0.05718813824976203,0.29612046627603417
global_compatible,54,8,0,0,certified_reset,0,1,0.06804900385290771,0.06405512933452118,0.003993874518386541,0.051920368739025044,0.0,0.0,0,0,-0.010791088762990913,-0.010227785641601043,-0.00879548557979227,0.018837377365575555,-0.010791088762990913,-0.010227785641601043,0.025814294341891156,0.00015193640934349086,0.05718813824976203,0.29612046627603417
global_compatible,54,9,0,0,certified_reset,0,1,0.06405512933452118,0.060061254816134634,0.003993874518386541,0.0479264942206385,0.0,0.0,0,0,-0.00879548557979227,0.018837377365575555,-0.007006356318777907,-0.010571714515741628,-0.00879548557979227,0.018837377365575555,-0.018993682258468137,0.00015025198721008262,0.05718813824976203,0.29612046627603417
global_compatible,54,10,0,0,certified_reset,0,1,0.060061254816134634,0.05606738029774809,0.003993874518386541,0.04393261970225196,0.0,0.0,0,0,-0.007006356318777907,-0.010571714515741628,-0.007205784358779175,0.023086934846764204,-0.007006356318777907,-0.010571714515741628,0.022550561524906584,8.191923109731564e-05,0.05718813824976203,0.29612046627603417
global_compatible,54,11,0,0,certified_reset,0,1,0.05606738029774809,0.05207350577936155,0.003993874518386541,0.039938745183865414,0.0,0.0,0,0,-0.007205784358779175,0.023086934846764204,-0.0017584821897661815,-0.00321376684758984,-0.007205784358779175,0.023086934846764204,-0.026836124299048282,0.0001658689483214482,0.05718813824976203,0.29612046627603417
global_compatible,54,12,0,0,certified_reset,0,1,0.05207350577936155,0.048079631260975,0.003993874518386541,0.03594487066547887,0.0,0.0,0,0,-0.0017584821897661815,-0.00321376684758984,-0.005864982351665495,-0.0031450577235366687,-0.0017584821897661815,-0.00321376684758984,0.006482766982759275,6.002009828663866e-06,0.05718813824976203,0.29612046627603417
global_compatible,54,13,0,0,certified_reset,0,1,0.048079631260975,0.04408575674258846,0.003993874518386541,0.03195099614709233,0.0,0.0,0,0,-0.005864982351665495,-0.0031450577235366687,0.004176404508936143,0.008507782420867424,-0.005864982351665495,-0.0031450577235366687,0.010472417154086675,3.892025586676592e-05,0.05718813824976203,0.29612046627603417
global_compatible,54,14,0,0,certified_reset,0,1,0.04408575674258846,0.040091882224201916,0.003993874518386541,0.027957121628705783,0.0,0.0,0,0,0.004176404508936143,0.008507782420867424,-0.00151974842044174,0.0006247351943352974,0.004176404508936143,0.008507782420867424,-0.016694433260175365,3.743878227897112e-05,0.05718813824976203,0.29612046627603417
global_compatible,54,15,0,0,certified_reset,0,1,0.040091882224201916,0.03609800770581537,0.003993874518386541,0.023963247110319243,0.0,0.0,0,0,-0.00151974842044174,0.0006247351943352974,0.006630592939998851,0.009326330059044244,-0.00151974842044174,0.0006247351943352974,0.0005912633982599417,2.3886280029356203e-06,0.05718813824976203,0.29612046627603417
global_compatible,54,16,0,0,certified_reset,0,1,0.03609800770581537,0.03210413318742883,0.003993874518386541,0.019969372591932703,0.0,0.0,0,0,0.006630592939998851,0.009326330059044244,0.00811259649747353,-0.005223130965926758,0.006630592939998851,0.009326330059044244,-0.02034143673650178,6.9965591775232e-05,0.05718813824976203,0.29612046627603417
global_compatible,54,17,0,0,certified_reset,0,1,0.03210413318742883,0.02811025866904229,0.003993874518386541,0.015975498073546163,0.0,0.0,0,0,0.00811259649747353,-0.005223130965926758,0.00864043080032374,-0.0013450232558006496,0.00811259649747353,-0.005223130965926758,-0.0003828497402518506,7.07284837546102e-05,0.05718813824976203,0.29612046627603417
global_compatible,54,18,0,0,certified_reset,0,1,0.02811025866904229,0.02411638415065575,0.003993874518386541,0.011981623555159623,0.0,0.0,0,0,0.00864043080032374,-0.0013450232558006496,0.0076719400623601495,-0.016179452440783667,0.00864043080032374,-0.0013450232558006496,-0.0066202466702481345,7.607837182511247e-05,0.05718813824976203,0.29612046627603417
global_compatible,54,19,0,0,certified_reset,0,1,0.02411638415065575,0.02012250963226921,0.003993874518386541,0.007987749036773082,0.0,0.0,0,0,0.0076719400623601495,-0.016179452440783667,0.004602210296582461,-0.007908141952970547,0.0076719400623601495,-0.016179452440783667,0.016195046281790176,0.0001125350950532243,0.05718813824976203,0.29612046627603417
global_compatible,54,20,0,0,certified_reset,0,1,0.02012250963226921,0.01612863511388267,0.003993874518386541,0.003993874518386541,0.0,0.0,0,0,0.004602210296582461,-0.007908141952970547,0.007306828503495689,-0.013329779039371579,0.004602210296582461,-0.007908141952970547,0.00706967207493553,3.368681384184761e-05,0.05718813824976203,0.29612046627603417
global_compatible,54,21,0,0,certified_reset,0,1,0.01612863511388267,0.01213476059549613,0.003993874518386541,0.0,0.0,0.0,0,0,0.007306828503495689,-0.013329779039371579,-0.004762375454772804,-0.014070746551347161,0.007306828503495689,-0.013329779039371579,0.012359133666585836,8.919138906713503e-05,0.05718813824976203,0.29612046627603417
global_compatible,55,0,0,0,certified_reset,0,1,0.1,0.09600612548161347,0.003993874518386541,0.08387136488611735,0.0,0.0,0,0,1.6598775911263104,0.520204068294074,1.4127009824424646,-1.0374484441203073,1.6598775911263104,0.520204068294074,-1.5499999999999998,2.8639663266038298,0.05718813824976203,0.29612046627603417
global_compatible,55,1,0,0,certified_reset,0,1,0.09600612548161347,0.09201225096322693,0.003993874518386541,0.07987749036773081,0.0,0.0,0,0,1.4127009824424646,-1.0374484441203073,0.4336502746322346,-0.9088442937217541,1.4127009824424646,-1.0374484441203073,0.12154576419401387,2.1898272694711185,0.05718813824976203,0.29612046627603417
global_compatible,55,2,0,0,certified_reset,0,1,0.09201225096322693,0.0880183764448404,0.003993874518386541,0.07588361584934428,0.0,0.0,0,0,0.4336502746322346,-0.9088442937217541,-0.03295976521693287,0.006110379827197978,0.4336502746322346,-0.9088442937217541,0.9069992381501526,0.35729838218024335,0.05718813824976203,0.29612046627603417
global_compatible,55,3,0,0,certified_reset,0,1,0.0880183764448404,0.08402450192645386,0.003993874518386541,0.07188974133095774,0.0,0.0,0,0,-0.03295976521693287,0.006110379827197978,-0.01694633961399034,0.03713681210886145,-0.03295976521693287,0.006110379827197978,0.02381960387611226,0.0011072510748695835,0.05718813824976203,0.29612046627603417
global_compatible,55,4,0,0,certified_reset,0,1,0.08402450192645386,0.08003062740806732,0.003993874518386541,0.0678958668125712,0.0,0.0,0,0,-0.01694633961399034,0.03713681210886145,0.006387276227990553,0.0069442546655140045,-0.01694633961399034,0.03713681210886145,-0.037834205868772224,0.0005712098111053123,0.05718813824976203,0.29612046627603417
global_compatible,55,5,0,0,certified_reset,0,1,0.08003062740806732,0.07603675288968079,0.003993874518386541,0.06390199229418467,0.0,0.0,0,0,0.006387276227990553,0.0069442546655140045,-0.006954357052554804,-0.010008774367675681,0.006387276227990553,0.0069442546655140045,-0.016590593270544775,5.635857335408172e-05,0.05718813824976203,0.29612046627603417
global_compatible,55,6,0,0,certified_reset,0,1,0.07603675288968079,0.07204287837129425,0.003993874518386541,0.05990811777579813,0.0,0.0,0,0,-0.006954357052554804,-0.010008774367675681,-0.0022901165102453447,0.02532170822874432,-0.006954357052554804,-0.010008774367675681,0.02167183225486114,7.813639142823723e-05,0.05718813824976203,0.29612046627603417
global_compatible,55,7,0,0,certified_reset,0,1,0.07204287837129425,0.06804900385290771,0.003993874518386541,0.05591424325741159,0.0,0.0,0,0,-0.0022901165102453447,0.02532170822874432,-0.0006951850671865064,-0.005702858869932985,-0.0022901165102453447,0.02532170822874432,-0.03502358112888079,0.0001513249178796791,0.05718813824976203,0.29612046627603417
global_compatible,55,8,0,0,certified_reset,0,1,0.06804900385290771,0.06405512933452118,0.003993874518386541,0.051920368739025044,0.0,0.0,0,0,-0.0006951850671865064,-0.005702858869932985,-0.0025589563008118514,0.004595130074045245,-0.0006951850671865064,-0.005702858869932985,0.009094775549334314,8.405223707225538e-06,0.05718813824976203,0.29612046627603417
global_compatible,55,9,0,0,certified_reset,0,1,0.06405512933452118,0.060061254816134634,0.003993874518386541,0.0479264942206385,0.0,0.0,0,0,-0.0025589563008118514,0.004595130074045245,-0.0016931617319464333,0.0035205861884186713,-0.0025589563008118514,0.004595130074045245,-0.0042202677784998555,1.0794263524051888e-05,0.05718813824976203,0.29612046627603417
global_compatible,55,10,0,0,certified_reset,0,1,0.060061254816134634,0.05606738029774809,0.003993874518386541,0.04393261970225196,0.0,0.0,0,0,-0.0016931617319464333,0.0035205861884186713,0.0029206221847436417,0.0009296674614167197,-0.0016931617319464333,0.0035205861884186713,-0.0034968112007559863,5.403503744686334e-06,0.05718813824976203,0.29612046627603417
global_compatible,55,11,0,0,certified_reset,0,1,0.05606738029774809,0.05207350577936155,0.003993874518386541,0.039938745183865414,0.0,0.0,0,0,0.0029206221847436417,0.0009296674614167197,-0.002618919077447935,-0.0010276301202993099,0.0029206221847436417,0.0009296674614167197,-0.004275596026403529,9.142622666528725e-06,0.05718813824976203,0.29612046627603417
global_compatible,55,12,0,0,certified_reset,0,1,0.05207350577936155,0.048079631260975,0.003993874518386541,0.03594487066547887,0.0,0.0,0,0,-0.002618919077447935,-0.0010276301202993099,-0.006222897465074374,-0.00011202939132527647,-0.002618919077447935,-0.0010276301202993099,0.004120287706148368,7.473240663303026e-06,0.05718813824976203,0.29612046627603417
global_compatible,55,13,0,0,certified_reset,0,1,0.048079631260975,0.04408575674258846,0.003993874518386541,0.03195099614709233,0.0,0.0,0,0,-0.006222897465074374,-0.00011202939132527647,-0.005037609448894008,0.011672303314352827,-0.006222897465074374,-0.00011202939132527647,0.006359309043054684,3.9737732253669723e-05,0.05718813824976203,0.29612046627603417
global_compatible,55,14,0,0,certified_reset,0,1,0.04408575674258846,0.040091882224201916,0.003993874518386541,0.027957121628705783,0.0,0.0,0,0,-0.005037609448894008,0.011672303314352827,0.007533330251386006,0.007105451610340076,-0.005037609448894008,0.011672303314352827,-0.012177481476122477,5.36084649763242e-05,0.05718813824976203,0.29612046627603417
global_compatible,55,15,0,0,certified_reset,0,1,0.040091882224201916,0.03609800770581537,0.003993874518386541,0.023963247110319243,0.0,0.0,0,0,0.007533330251386006,0.007105451610340076,0.012456741852846915,-0.020059105721574624,0.007533330251386006,0.007105451610340076,-0.017967132260746813,7.390925038396596e-05,0.05718813824976203,0.29612046627603417
global_compatible,55,16,0,0,certified_reset,0,1,0.03609800770581537,0.03210413318742883,0.003993874518386541,0.019969372591932703,0.0,0.0,0,0,0.012456741852846915,-0.020059105721574624,0.008200727355390163,0.00010685022012990293,0.012456741852846915,-0.020059105721574624,0.017143697686593403,0.0002349442668705761,0.05718813824976203,0.29612046627603417
global_compatible,55,17,0,0,certified_reset,0,1,0.03210413318742883,0.02811025866904229,0.003993874518386541,0.015975498073546163,0.0,0.0,0,0,0.008200727355390163,0.00010685022012990293,0.007372987472882376,-0.006678312633391235,0.008200727355390163,0.00010685022012990293,-0.008324042108469792,6.898622613755152e-05,0.05718813824976203,0.29612046627603417
global_compatible,55,18,0,0,certified_reset,0,1,0.02811025866904229,0.02411638415065575,0.003993874518386541,0.011981623555159623,0.0,0.0,0,0,0.007372987472882376,-0.006678312633391235,0.0020497660984521967,-0.0015480989243242564,0.007372987472882376,-0.006678312633391235,0.002495082763813732,6.254455495851377e-05,0.05718813824976203,0.29612046627603417
global_compatible,55,19,0,0,certified_reset,0,1,0.02411638415065575,0.02012250963226921,0.003993874518386541,0.007987749036773082,0.0,0.0,0,0,0.0020497660984521967,-0.0015480989243242564,0.00056235670201993,0.009548685880254378,0.0020497660984521967,-0.0015480989243242564,0.0002371677531231702,4.634337122250883e-06,0.05718813824976203,0.29612046627603417
global_compatible,55,20,0,0,certified_reset,0,1,0.02012250963226921,0.01612863511388267,0.003993874518386541,0.003993874518386541,0.0,0.0,0,0,0.00056235670201993,0.009548685880254378,-0.002079185243958689,-0.0009758032967831301,0.00056235670201993,0.009548685880254378,-0.01462419713614721,2.2074855974387615e-05,0.05718813824976203,0.29612046627603417
global_compatible,55,21,0,0,certified_reset,0,1,0.01612863511388267,0.01213476059549613,0.003993874518386541,0.0,0.0,0.0,0,0,-0.002079185243958689,-0.0009758032967831301,-0.0028723082360605627,2.7838165235191496e-05,-0.002079185243958689,-0.0009758032967831301,0.003508097783681631,4.802074603514661e-06,0.05718813824976203,0.29612046627603417
global_compatible,56,0,0,0,certified_reset,0,1,0.1,0.09600612548161347,0.003993874518386541,0.08387136488611735,0.0,0.0,0,0,-0.9834173262169301,0.26034357385776263,-0.4294204288889387,0.8492077396024639,-0.9834173262169301,0.26034357385776263,0.5957393498357693,0.9881824515880504,0.05718813824976203,0.29612046627603417
global_compatible,56,1,0,0,certified_reset,0,1,0.09600612548161347,0.09201225096322693,0.003993874518386541,0.07987749036773081,0.0,0.0,0,0,-0.4294204288889387,0.8492077396024639,0.012430883545132766,0.033700920638614906,-0.4294204288889387,0.8492077396024639,-0.8233616092419731,0.3311576945366291,0.05718813824976203,0.29612046627603417
global_compatible,56,2,0,0,certified_reset,0,1,0.09201225096322693,0.0880183764448404,0.003993874518386541,0.07588361584934428,0.0,0.0,0,0,0.012430883545132766,0.033700920638614906,0.01489729877081661,-0.020275058037580562,0.012430883545132766,0.033700920638614906,-0.06202220057026096,0.00045513106914233417,0.05718813824976203,0.29612046627603417
global_compatible,56,3,0,0,certified_reset,0,1,0.0880183764448404,0.08402450192645386,0.003993874518386541,0.07188974133095774,0.0,0.0,0,0,0.01489729877081661,-0.020275058037580562,-0.0054881428526144015,-0.007569961814576653,0.01489729877081661,-0.020275058037580562,0.015037932681136363,0.00030157703226694067,0.05718813824976203,0.29612046627603417
global_compatible,56,4,0,0,certified_reset,0,1,0.08402450192645386,0.08003062740806732,0.003993874518386541,0.0678958668125712,0.0,0.0,0,0,-0.0054881428526144015,-0.007569961814576653,-0.0030891796625419584,-0.002604144895658139,-0.0054881428526144015,-0.007569961814576653,0.016616219609302072,4.733695876066316e-05,0.05718813824976203,0.29612046627603417
global_compatible,56,5,0,0,certified_reset,0,1,0.08003062740806732,0.07603675288968079,0.003993874518386541,0.06390199229418467,0.0,0.0,0,0,-0.0030891796625419584,-0.002604144895658139,-0.002384941493091425,0.0006603502387884427,-0.0030891796625419584,-0.002604144895658139,0.006913356039015725,1.195857599528255e-05,0.05718813824976203,0.29612046627603417
global_compatible,56,6,0,0,certified_reset,0,1,0.07603675288968079,0.07204287837129425,0.003993874518386541,0.05990811777579813,0.0,0.0,0,0,-0.002384941493091425,0.0006603502387884427,-0.01104560277734153,0.004761516794170664,-0.002384941493091425,0.0006603502387884427,0.0014033524904497729,5.815672119596677e-06,0.05718813824976203,0.29612046627603417
global_compatible,56,7,0,0,certified_reset,0,1,0.07204287837129425,0.06804900385290771,0.003993874518386541,0.05591424325741159,0.0,0.0,0,0,-0.01104560277734153,0.004761516794170664,-0.005493878783921924,-0.004099329428599545,-0.01104560277734153,0.004761516794170664,0.003982310819996325,0.00012648277829410188,0.05718813824976203,0.29612046627603417
global_compatible,56,8,0,0,certified_reset,0,1,0.06804900385290771,0.06405512933452118,0.003993874518386541,0.051920368739025044,0.0,0.0,0,0,-0.005493878783921924,-0.004099329428599545,-0.005885121260764932,0.008975563659832904,-0.005493878783921924,-0.004099329428599545,0.011509305664572518,3.651911733199427e-05,0.05718813824976203,0.29612046627603417
global_compatible,56,9,0,0,certified_reset,0,1,0.06405512933452118,0.060061254816134634,0.003993874518386541,0.0479264942206385,0.0,0.0,0,0,-0.005885121260764932,0.008975563659832904,-0.004008674617989687,-0.009577795157430336,-0.005885121260764932,0.008975563659832904,-0.007360923360859334,5.049016581412689e-05,0.05718813824976203,0.29612046627603417
global_compatible,56,10,0,0,certified_reset,0,1,0.060061254816134634,0.05606738029774809,0.003993874518386541,0.04393261970225196,0.0,0.0,0,0,-0.004008674617989687,-0.009577795157430336,-0.0025243228428689134,0.013165067273061045,-0.004008674617989687,-0.009577795157430336,0.01810071526838743,4.077251833758088e-05,0.05718813824976203,0.29612046627603417
global_compatible,56,11,2,2,certified_reset,0,1,0.05606738029774809,0.05207350577936155,0.003993874518386541,0.039938745183865414,0.0,0.0,0,0,-0.0025243228428689134,0.013165067273061045,-0.011842569864624626,0.0515618496401596,-0.0025243228428689134,0.013165067273061045,-0.01688079213874743,4.4693653730579856e-05,0.05718813824976203,0.29612046627603417
global_compatible,56,12,2,2,certified_reset,0,1,0.05207350577936155,0.048079631260975,0.003993874518386541,0.03594487066547887,0.0,0.0,0,0,-0.011842569864624626,0.0515618496401596,0.05994317037000183,-0.025239283771258864,-0.011842569864624626,0.0515618496401596,-0.0641579069678472,0.0007217047675574854,0.05718813824976203,0.29612046627603417
global_compatible,56,13,2,2,certified_reset,0,1,0.048079631260975,0.04408575674258846,0.003993874518386541,0.03195099614709233,0.0,0.0,0,0,0.05994317037000183,-0.025239283771258864,0.011003180627178637,-0.04425579178003125,0.05994317037000183,-0.025239283771258864,-0.022508451676418424,0.003720513294080311,0.05718813824976203,0.29612046627603417
global_compatible,56,14,2,2,certified_reset,0,1,0.04408575674258846,0.040091882224201916,0.003993874518386541,0.027957121628705783,0.0,0.0,0,0,0.011003180627178637,-0.04425579178003125,-0.005091923501303418,0.03324891468700105,0.011003180627178637,-0.04425579178003125,0.054237890874709746,0.000547157223171689,0.05718813824976203,0.29612046627603417
global_compatible,56,15,2,2,certified_reset,0,1,0.040091882224201916,0.03609800770581537,0.003993874518386541,0.023963247110319243,0.0,0.0,0,0,-0.005091923501303418,0.03324891468700105,0.026652907036411228,-0.022531093195111325,-0.005091923501303418,0.03324891468700105,-0.043910317178275565,0.00027311884282597046,0.05718813824976203,0.29612046627603417
global_compatible,56,16,2,2,certified_reset,0,1,0.03609800770581537,0.03210413318742883,0.003993874518386541,0.019969372591932703,0.0,0.0,0,0,0.026652907036411228,-0.022531093195111325,-0.0026138468957496814,0.00771840332286693,0.026652907036411228,-0.022531093195111325,0.006647213310029787,0.0008028591185133276,0.05718813824976203,0.29612046627603417
global_compatible,56,17,2,2,certified_reset,0,1,0.03210413318742883,0.02811025866904229,0.003993874518386541,0.015975498073546163,0.0,0.0,0,0,-0.0026138468957496814,0.00771840332286693,0.0404009152590585,0.0031448369529998707,-0.0026138468957496814,0.00771840332286693,-0.00876671884376283,1.947685455035969e-05,0.05718813824976203,0.29612046627603417
global_compatible,56,18,0,0,certified_reset,0,1,0.02811025866904229,0.02411638415065575,0.003993874518386541,0.011981623555159623,0.0,0.0,0,0,0.0404009152590585,0.0031448369529998707,0.02638396318708679,-0.03859247537350588,0.0404009152590585,0.0031448369529998707,-0.04486476894311418,0.0016843353409805731,0.05718813824976203,0.29612046627603417
global_compatible,56,19,0,0,certified_reset,0,1,0.02411638415065575,0.02012250963226921,0.003993874518386541,0.007987749036773082,0.0,0.0,0,0,0.02638396318708679,-0.03859247537350588,0.013725212166448949,-0.012779552322662733,0.02638396318708679,-0.03859247537350588,0.030582157628771773,0.0009875834705701655,0.05718813824976203,0.29612046627603417
global_compatible,56,20,0,0,certified_reset,0,1,0.02012250963226921,0.01612863511388267,0.003993874518386541,0.003993874518386541,0.0,0.0,0,0,0.013725212166448949,-0.012779552322662733,-0.0010337323764737392,-0.015693990243903902,0.013725212166448949,-0.012779552322662733,0.005158310194074103,0.00021844370547767687,0.05718813824976203,0.29612046627603417
global_compatible,56,21,0,0,certified_reset,0,1,0.01612863511388267,0.01213476059549613,0.003993874518386541,0.0,0.0,0.0,0,0,-0.0010337323764737392,-0.015693990243903902,-0.01002507103411463,0.0015462703391832134,-0.0010337323764737392,-0.015693990243903902,0.02414922953254711,5.998247416119633e-05,0.05718813824976203,0.29612046627603417
global_compatible,57,0,0,0,certified_reset,0,1,0.1,0.09600612548161347,0.003993874518386541,0.08387136488611735,0.0,0.0,0,0,3.178609042392825,0.18187985129315254,2.5889827035629414,-1.3760733299610106,3.178609042392825,0.18187985129315254,-1.55,10.169572394836589,0.05718813824976203,0.29612046627603417
global_compatible,57,1,0,0,certified_reset,0,1,0.09600612548161347,0.09201225096322693,0.003993874518386541,0.07987749036773081,0.0,0.0,0,0,2.5889827035629414,-1.3760733299610106,1.0518177841676841,-1.6956938361430351,2.5889827035629414,-1.3760733299610106,-0.3177011348519867,7.0461987953226295,0.05718813824976203,0.29612046627603417
global_compatible,57,2,0,0,certified_reset,0,1,0.09201225096322693,0.0880183764448404,0.003993874518386541,0.07588361584934428,0.0,0.0,0,0,1.0518177841676841,-1.6956938361430351,0.08207099964619609,-0.24719699086396926,1.0518177841676841,-1.6956938361430351,1.4505550476243418,1.676491365214155,0.05718813824976203,0.29612046627603417
global_compatible,57,3,0,0,certified_reset,0,1,0.0880183764448404,0.08402450192645386,0.003993874518386541,0.07188974133095774,0.0,0.0,0,0,0.08207099964619609,-0.24719699086396926,-0.021939330941032287,0.03791328777053758,0.08207099964619609,-0.24719699086396926,0.2824183471234741,0.019728795465321032,0.05718813824976203,0.29612046627603417
global_compatible,57,4,0,0,certified_reset,0,1,0.08402450192645386,0.08003062740806732,0.003993874518386541,0.0678958668125712,0.0,0.0,0,0,-0.021939330941032287,0.03791328777053758,-0.0071317277177026794,0.012948171131846608,-0.021939330941032287,0.03791328777053758,-0.034004534241295944,0.0007689770809872104,0.05718813824976203,0.29612046627603417
global_compatible,57,5,0,0,certified_reset,0,1,0.08003062740806732,0.07603675288968079,0.003993874518386541,0.06390199229418467,0.0,0.0,0,0,-0.0071317277177026794,0.012948171131846608,0.0024145252644901826,-0.003267307976279151,-0.0071317277177026794,0.012948171131846608,-0.011974630937628966,8.462425931048465e-05,0.05718813824976203,0.29612046627603417
global_compatible,57,6,0,0,certified_reset,0,1,0.07603675288968079,0.07204287837129425,0.003993874518386541,0.05990811777579813,0.0,0.0,0,0,0.0024145252644901826,-0.003267307976279151,0.0007545670207638937,0.007492248963066207,0.0024145252644901826,-0.003267307976279151,0.0024064775253497153,7.896264858996043e-06,0.05718813824976203,0.29612046627603417
global_compatible,57,7,0,0,certified_reset,0,1,0.07204287837129425,0.06804900385290771,0.003993874518386541,0.05591424325741159,0.0,0.0,0,0,0.0007545670207638937,0.007492248963066207,0.005426438772558884,0.001385274485857348,0.0007545670207638937,0.007492248963066207,-0.01178698901106797,1.4146782151922422e-05,0.05718813824976203,0.29612046627603417
global_compatible,57,8,0,0,certified_reset,0,1,0.06804900385290771,0.06405512933452118,0.003993874518386541,0.051920368739025044,0.0,0.0,0,0,0.005426438772558884,0.001385274485857348,0.003826167235851833,0.002736141755987337,0.005426438772558884,0.001385274485857348,-0.007439772915562893,3.1175410650419064e-05,0.05718813824976203,0.29612046627603417
global_compatible,57,9,0,0,certified_reset,0,1,0.06405512933452118,0.060061254816134634,0.003993874518386541,0.0479264942206385,0.0,0.0,0,0,0.003826167235851833,0.002736141755987337,0.007364230510030572,-0.01717714887550759,0.003826167235851833,0.002736141755987337,-0.00784044284590096,1.7523934224796388e-05,0.05718813824976203,0.29612046627603417
global_compatible,57,10,0,0,certified_reset,0,1,0.060061254816134634,0.05606738029774809,0.003993874518386541,0.04393261970225196,0.0,0.0,0,0,0.007364230510030572,-0.01717714887550759,-0.0014040818905337736,0.0008171989412096372,0.007364230510030572,-0.01717714887550759,0.0179713363133488,0.00011541591405549566,0.05718813824976203,0.29612046627603417
global_compatible,57,11,0,0,certified_reset,0,1,0.05606738029774809,0.05207350577936155,0.003993874518386541,0.039938745183865414,0.0,0.0,0,0,-0.0014040818905337736,0.0008171989412096372,-0.0013701105591222102,0.005207312061852987,-0.0014040818905337736,0.0008171989412096372,0.0001955221786068733,2.0926082180956224e-06,0.05718813824976203,0.29612046627603417
global_compatible,57,12,0,0,certified_reset,0,1,0.05207350577936155,0.048079631260975,0.003993874518386541,0.03594487066547887,0.0,0.0,0,0,-0.0013701105591222102,0.005207312061852987,0.01226372299224192,-0.01636989860523554,-0.0013701105591222102,0.005207312061852987,-0.006303734029340455,7.751527315748325e-06,0.05718813824976203,0.29612046627603417
global_compatible,57,13,0,0,certified_reset,0,1,0.048079631260975,0.04408575674258846,0.003993874518386541,0.03195099614709233,0.0,0.0,0,0,0.01226372299224192,-0.01636989860523554,0.007785899840696145,-0.013606275718930052,0.01226372299224192,-0.01636989860523554,0.011898783661487942,0.00020217367240824008,0.05718813824976203,0.29612046627603417
global_compatible,57,14,1,1,certified_reset,0,1,0.04408575674258846,0.040091882224201916,0.003993874518386541,0.027957121628705783,0.0,0.0,0,0,0.007785899840696145,-0.013606275718930052,0.017769162122939133,0.037942464814475045,0.007785899840696145,-0.013606275718930052,0.012286170113331505,9.771751873981345e-05,0.05718813824976203,0.29612046627603417
global_compatible,57,15,1,1,certified_reset,0,1,0.040091882224201916,0.03609800770581537,0.003993874518386541,0.023963247110319243,0.0,0.0,0,0,0.017769162122939133,0.037942464814475045,0.023069606843611604,-0.022257449922637305,0.017769162122939133,0.037942464814475045,-0.0735892448851509,0.0007102610611360443,0.05718813824976203,0.29612046627603417
global_compatible,57,16,1,1,certified_reset,0,1,0.03609800770581537,0.03210413318742883,0.003993874518386541,0.019969372591932703,0.0,0.0,0,0,0.023069606843611604,-0.022257449922637305,0.041799077748947366,-0.009159815180862578,0.023069606843611604,-0.022257449922637305,0.009819033409061078,0.0006237880292165851,0.05718813824976203,0.29612046627603417
global_compatible,57,17,1,1,certified_reset,0,1,0.03210413318742883,0.02811025866904229,0.003993874518386541,0.015975498073546163,0.0,0.0,0,0,0.041799077748947366,-0.009159815180862578,0.004216326305502595,-0.0779882226545176,0.041799077748947366,-0.009159815180862578,-0.02813192769198943,0.0017820504331007908,0.05718813824976203,0.29612046627603417
global_compatible,57,18,1,1,certified_reset,0,1,0.02811025866904229,0.02411638415065575,0.003993874518386541,0.011981623555159623,0.0,0.0,0,0,0.004216326305502595,-0.0779882226545176,-0.01920316243559863,0.015611757351513655,0.004216326305502595,-0.0779882226545176,0.11068587810466399,0.0014188508149153968,0.05718813824976203,0.29612046627603417
global_compatible,57,19,0,0,certified_reset,0,1,0.02411638415065575,0.02012250963226921,0.003993874518386541,0.007987749036773082,0.0,0.0,0,0,-0.01920316243559863,0.015611757351513655,-0.014809076106081473,0.008402944885466446,-0.01920316243559863,0.015611757351513655,-0.0038742889580052624,0.00041300755456969665,0.05718813824976203,0.29612046627603417
global_compatible,57,20,0,0,certified_reset,0,1,0.02012250963226921,0.01612863511388267,0.003993874518386541,0.003993874518386541,0.0,0.0,0,0,-0.014809076106081473,0.008402944885466446,-0.0043185230137160495,0.02547250416169196,-0.014809076106081473,0.008402944885466446,0.0023679683937199002,0.00023215862386822818,0.05718813824976203,0.29612046627603417
global_compatible,57,21,0,0,certified_reset,0,1,0.01612863511388267,0.01213476059549613,0.003993874518386541,0.0,0.0,0.0,0,0,-0.0043185230137160495,0.02547250416169196,-0.002931596255210781,-0.005902069028838769,-0.0043185230137160495,0.02547250416169196,-0.03322224838972993,0.00016303531000985252,0.05718813824976203,0.29612046627603417
global_compatible,58,0,0,0,certified_reset,0,1,0.1,0.09600612548161347,0.003993874518386541,0.08387136488611735,0.0,0.0,0,0,2.652487417531482,0.038037047222237774,1.9144555675143036,-1.5013827252886567,2.652487417531482,0.038037047222237774,-1.55,7.09601242721588,0.05718813824976203,0.29612046627603417
global_compatible,58,1,0,0,certified_reset,0,1,0.09600612548161347,0.09201225096322693,0.003993874518386541,0.07987749036773081,0.0,0.0,0,0,1.9144555675143036,-1.5013827252886567,0.5598700866279621,-1.1976288573717955,1.9144555675143036,-1.5013827252886567,0.30533389360937824,4.073217855454315,0.05718813824976203,0.29612046627603417
global_compatible,58,2,0,0,certified_reset,0,1,0.09201225096322693,0.0880183764448404,0.003993874518386541,0.07588361584934428,0.0,0.0,0,0,0.5598700866279621,-1.1976288573717955,-0.03696079261496244,0.010617572092346015,0.5598700866279621,-1.1976288573717955,1.2067207197382812,0.6080355646886848,0.05718813824976203,0.29612046627603417
global_compatible,58,3,0,0,certified_reset,0,1,0.0880183764448404,0.08402450192645386,0.003993874518386541,0.07188974133095774,0.0,0.0,0,0,-0.03696079261496244,0.010617572092346015,-0.014818083584676237,0.023120307296492823,-0.03696079261496244,0.010617572092346015,0.021163523736538084,0.0013975894698344473,0.05718813824976203,0.29612046627603417
global_compatible,58,4,1,1,certified_reset,0,1,0.08402450192645386,0.08003062740806732,0.003993874518386541,0.0678958668125712,0.0,0.0,0,0,-0.014818083584676237,0.023120307296492823,-0.0037754538912927026,0.004665603166398521,-0.014818083584676237,0.023120307296492823,-0.01930576071120472,0.0003251121607455754,0.05718813824976203,0.29612046627603417
global_compatible,58,5,1,1,certified_reset,0,1,0.08003062740806732,0.07603675288968079,0.003993874518386541,0.06390199229418467,0.0,0.0,0,0,-0.0037754538912927026,0.004665603166398521,0.0005111470693746204,0.026367844822631496,-0.0037754538912927026,0.004665603166398521,-0.003117289529631443,1.8415202958701378e-05,0.05718813824976203,0.29612046627603417
global_compatible,58,6,1,1,certified_reset,0,1,0.07603675288968079,0.07204287837129425,0.003993874518386541,0.05990811777579813,0.0,0.0,0,0,0.0005111470693746204,0.026367844822631496,0.0002201261273185092,-0.013022762317028359,0.0005111470693746204,0.026367844822631496,-0.03935404036126567,0.00016412716695170086,0.05718813824976203,0.29612046627603417
global_compatible,58,7,1,1,certified_reset,0,1,0.07204287837129425,0.06804900385290771,0.003993874518386541,0.05591424325741159,0.0,0.0,0,0,0.0002201261273185092,-0.013022762317028359,-0.012954902307307576,0.01831341771001236,0.0002201261273185092,-0.013022762317028359,0.01896311541195339,3.956507007095134e-05,0.05718813824976203,0.29612046627603417
global_compatible,58,8,1,1,certified_reset,0,1,0.06804900385290771,0.06405512933452118,0.003993874518386541,0.051920368739025044,0.0,0.0,0,0,-0.012954902307307576,0.01831341771001236,0.009914742230716075,0.01947388682541227,-0.012954902307307576,0.01831341771001236,-0.014077416461397986,0.0002331524634274251,0.05718813824976203,0.29612046627603417
global_compatible,58,9,1,1,certified_reset,0,1,0.06405512933452118,0.060061254816134634,0.003993874518386541,0.0479264942206385,0.0,0.0,0,0,0.009914742230716075,0.01947388682541227,0.042559735737600995,-0.004575382287428464,0.009914742230716075,0.01947388682541227,-0.03856055951332923,0.0002037368405070837,0.05718813824976203,0.29612046627603417
global_compatible,58,10,1,1,certified_reset,0,1,0.060061254816134634,0.05606738029774809,0.003993874518386541,0.04393261970225196,0.0,0.0,0,0,0.042559735737600995,-0.004575382287428464,-0.015335789633060398,-0.05215176540005178,0.042559735737600995,-0.004575382287428464,-0.035640930587101036,0.0018468561465359958,0.05718813824976203,0.29612046627603417
global_compatible,58,11,1,1,certified_reset,0,1,0.05606738029774809,0.05207350577936155,0.003993874518386541,0.039938745183865414,0.0,0.0,0,0,-0.015335789633060398,-0.05215176540005178,-0.025151883964813777,0.0058256290868414495,-0.015335789633060398,-0.05215176540005178,0.09209557411829061,0.0009367915071554886,0.05718813824976203,0.29612046627603417
global_compatible,58,12,1,1,certified_reset,0,1,0.05207350577936155,0.048079631260975,0.003993874518386541,0.03594487066547887,0.0,0.0,0,0,-0.025151883964813777,0.0058256290868414495,-0.03555823431426554,-0.012372232135700916,-0.025151883964813777,0.0058256290868414495,0.01646119313019757,0.0006455003707275395,0.05718813824976203,0.29612046627603417
global_compatible,58,13,0,0,certified_reset,0,1,0.048079631260975,0.04408575674258846,0.003993874518386541,0.03195099614709233,0.0,0.0,0,0,-0.03555823431426554,-0.012372232135700916,-0.016530802236968636,0.04879446824855132,-0.03555823431426554,-0.012372232135700916,0.053633100465948186,0.0013638537472315142,0.05718813824976203,0.29612046627603417
global_compatible,58,14,0,0,certified_reset,0,1,0.04408575674258846,0.040091882224201916,0.003993874518386541,0.027957121628705783,0.0,0.0,0,0,-0.016530802236968636,0.04879446824855132,0.0059321478506123276,-0.004369435946093181,-0.016530802236968636,0.04879446824855132,-0.05541860852147287,0.0007786100005577729,0.05718813824976203,0.29612046627603417
global_compatible,58,15,0,0,certified_reset,0,1,0.040091882224201916,0.03609800770581537,0.003993874518386541,0.023963247110319243,0.0,0.0,0,0,0.0059321478506123276,-0.004369435946093181,-0.002955252282117362,-0.019679490252528017,0.0059321478506123276,-0.004369435946093181,0.0005274621684071371,3.863388821766399e-05,0.05718813824976203,0.29612046627603417
global_compatible,58,16,0,0,certified_reset,0,1,0.03609800770581537,0.03210413318742883,0.003993874518386541,0.019969372591932703,0.0,0.0,0,0,-0.002955252282117362,-0.019679490252528017,-0.013784068668689104,0.017915466169536536,-0.002955252282117362,-0.019679490252528017,0.031935424872248486,0.00010394112068311769,0.05718813824976203,0.29612046627603417
global_compatible,58,17,0,0,certified_reset,0,1,0.03210413318742883,0.02811025866904229,0.003993874518386541,0.015975498073546163,0.0,0.0,0,0,-0.013784068668689104,0.017915466169536536,0.0012657472960182288,-0.0006467396038117622,-0.013784068668689104,0.017915466169536536,-0.012662846614045967,0.00025178274822533345,0.05718813824976203,0.29612046627603417
global_compatible,58,18,0,0,certified_reset,0,1,0.02811025866904229,0.02411638415065575,0.003993874518386541,0.011981623555159623,0.0,0.0,0,0,0.0012657472960182288,-0.0006467396038117622,0.008069988622116097,-0.006518527743800642,0.0012657472960182288,-0.0006467396038117622,-0.00030706610329400935,1.679762437897209e-06,0.05718813824976203,0.29612046627603417
global_compatible,58,19,0,0,certified_reset,0,1,0.02411638415065575,0.02012250963226921,0.003993874518386541,0.007987749036773082,0.0,0.0,0,0,0.008069988622116097,-0.006518527743800642,0.000471980576353735,0.0034024557743597764,0.008069988622116097,-0.006518527743800642,0.0015697895565194942,7.283473905278295e-05,0.05718813824976203,0.29612046627603417
global_compatible,58,20,0,0,certified_reset,0,1,0.02012250963226921,0.01612863511388267,0.003993874518386541,0.003993874518386541,0.0,0.0,0,0,0.000471980576353735,0.0034024557743597764,0.00853705240587077,0.0022658299134060075,0.000471980576353735,0.0034024557743597764,-0.00548553400354136,3.0588497004207697e-06,0.05718813824976203,0.29612046627603417
global_compatible,58,21,0,0,certified_reset,0,1,0.01612863511388267,0.01213476059549613,0.003993874518386541,0.0,0.0,0.0,0,0,0.00853705240587077,0.0022658299134060075,0.0021213415489018555,-0.004028905703189897,0.00853705240587077,0.0022658299134060075,-0.01183575755228718,7.730751003686437e-05,0.05718813824976203,0.29612046627603417
global_compatible,59,0,0,0,certified_reset,0,1,0.1,0.09600612548161347,0.003993874518386541,0.08387136488611735,0.0,0.0,0,0,-0.609966826808928,0.15766492011087752,-0.2713687641665221,0.5292712121066397,-0.609966826808928,0.15766492011087752,0.3751268880477103,0.3800520152268042,0.05718813824976203,0.29612046627603417
global_compatible,59,1,0,0,certified_reset,0,1,0.09600612548161347,0.09201225096322693,0.003993874518386541,0.07987749036773081,0.0,0.0,0,0,-0.2713687641665221,0.5292712121066397,0.0062810205367891305,0.025297206564674664,-0.2713687641665221,0.5292712121066397,-0.5094472634481466,0.13055246189480532,0.05718813824976203,0.29612046627603417
global_compatible,59,2,0,0,certified_reset,0,1,0.09201225096322693,0.0880183764448404,0.003993874518386541,0.07588361584934428,0.0,0.0,0,0,0.0062810205367891305,0.025297206564674664,0.00667923417709601,-0.01252043265297552,0.0062810205367891305,0.025297206564674664,-0.043517195609944846,0.0002019856356230693,0.05718813824976203,0.29612046627603417
global_compatible,59,3,0,0,certified_reset,0,1,0.0880183764448404,0.08402450192645386,0.003993874518386541,0.07188974133095774,0.0,0.0,0,0,0.00667923417709601,-0.01252043265297552,-0.002225639653738552,-0.002115929235516704,0.00667923417709601,-0.01252043265297552,0.011793436866415052,7.630632010772556e-05,0.05718813824976203,0.29612046627603417
global_compatible,59,4,0,0,certified_reset,0,1,0.08402450192645386,0.08003062740806732,0.003993874518386541,0.0678958668125712,0.0,0.0,0,0,-0.002225639653738552,-0.002115929235516704,-0.00047646697884671987,0.0025054847404602457,-0.002225639653738552,-0.002115929235516704,0.0053353557923011725,6.471010579403078e-06,0.05718813824976203,0.29612046627603417
global_compatible,59,5,0,0,certified_reset,0,1,0.08003062740806732,0.07603675288968079,0.003993874518386541,0.06390199229418467,0.0,0.0,0,0,-0.00047646697884671987,0.0025054847404602457,-6.327970215421163e-05,-0.007987511722804118,-0.00047646697884671987,0.0025054847404602457,-0.0032115454476422693,1.614813067230361e-06,0.05718813824976203,0.29612046627603417
global_compatible,59,6,0,0,certified_reset,0,1,0.07603675288968079,0.07204287837129425,0.003993874518386541,0.05990811777579813,0.0,0.0,0,0,-6.327970215421163e-05,-0.007987511722804118,0.009046207453334315,-0.005609365256015757,-6.327970215421163e-05,-0.007987511722804118,0.011827880230132117,1.4985534923111456e-05,0.05718813824976203,0.29612046627603417
global_compatible,59,7,0,0,certified_reset,0,1,0.07204287837129425,0.06804900385290771,0.003993874518386541,0.05591424325741159,0.0,0.0,0,0,0.009046207453334315,-0.005609365256015757,0.00497207395860588,-0.0063563765670615535,0.009046207453334315,-0.005609365256015757,-0.0007425649389020995,8.751135049954488e-05,0.05718813824976203,0.29612046627603417
global_compatible,59,8,0,0,certified_reset,0,1,0.06804900385290771,0.06405512933452118,0.003993874518386541,0.051920368739025044,0.0,0.0,0,0,0.00497207395860588,-0.0063563765670615535,0.00432546156841437,0.0004025014254010113,0.00497207395860588,-0.0063563765670615535,0.004411677132480865,3.248072597909017e-05,0.05718813824976203,0.29612046627603417
global_compatible,59,9,0,0,certified_reset,0,1,0.06405512933452118,0.060061254816134634,0.003993874518386541,0.0479264942206385,0.0,0.0,0,0,0.00432546156841437,0.0004025014254010113,-0.002346718060823882,-0.006951817093035386,0.00432546156841437,0.0004025014254010113,-0.004895854539261081,1.933801390311076e-05,0.05718813824976203,0.29612046627603417
global_compatible,59,10,0,0,certified_reset,0,1,0.060061254816134634,0.05606738029774809,0.003993874518386541,0.04393261970225196,0.0,0.0,0,0,-0.002346718060823882,-0.006951817093035386,-0.0006173923911514671,0.0036136759470816863,-0.002346718060823882,-0.006951817093035386,0.01257554107606555,1.8159688451995712e-05,0.05718813824976203,0.29612046627603417
global_compatible,59,11,0,0,certified_reset,0,1,0.05606738029774809,0.05207350577936155,0.003993874518386541,0.039938745183865414,0.0,0.0,0,0,-0.0006173923911514671,0.0036136759470816863,0.0019912529414869975,0.01556144834171048,-0.0006173923911514671,0.0036136759470816863,-0.004705116801191321,3.2851841605660573e-06,0.05718813824976203,0.29612046627603417
global_compatible,59,12,0,0,certified_reset,0,1,0.05207350577936155,0.048079631260975,0.003993874518386541,0.03594487066547887,0.0,0.0,0,0,0.0019912529414869975,0.01556144834171048,-0.00811554988548604,-0.0008816845749532263,0.0019912529414869975,0.01556144834171048,-0.02490509317740762,6.30602413398748e-05,0.05718813824976203,0.29612046627603417
global_compatible,59,13,0,0,certified_reset,0,1,0.048079631260975,0.04408575674258846,0.003993874518386541,0.03195099614709233,0.0,0.0,0,0,-0.00811554988548604,-0.0008816845749532263,-0.016375976822729933,0.013281418222819783,-0.00811554988548604,-0.0008816845749532263,0.009382259979057835,6.820274618582612e-05,0.05718813824976203,0.29612046627603417
global_compatible,59,14,0,0,certified_reset,0,1,0.04408575674258846,0.040091882224201916,0.003993874518386541,0.027957121628705783,0.0,0.0,0,0,-0.016375976822729933,0.013281418222819783,-0.0055311419593340235,0.01813831811175485,-0.016375976822729933,0.013281418222819783,-0.0032540640673837233,0.0003001886328241548,0.05718813824976203,0.29612046627603417
global_compatible,59,15,0,0,certified_reset,0,1,0.040091882224201916,0.03609800770581537,0.003993874518386541,0.023963247110319243,0.0,0.0,0,0,-0.0055311419593340235,0.01813831811175485,-0.0020097662658543113,-0.006683701676808561,-0.0055311419593340235,0.01813831811175485,-0.021210419629361574,0.00010106032400182411,0.05718813824976203,0.29612046627603417
global_compatible,59,16,1,1,certified_reset,0,1,0.03609800770581537,0.03210413318742883,0.003993874518386541,0.019969372591932703,0.0,0.0,0,0,-0.0020097662658543113,-0.006683701676808561,0.004410718488776302,0.014953008206311366,-0.0020097662658543113,-0.006683701676808561,0.011845393480975451,1.5587930370167617e-05,0.05718813824976203,0.29612046627603417
global_compatible,59,17,1,1,certified_reset,0,1,0.03210413318742883,0.02811025866904229,0.003993874518386541,0.015975498073546163,0.0,0.0,0,0,0.004410718488776302,0.014953008206311366,0.016492546755306633,-0.050758647543102074,0.004410718488776302,0.014953008206311366,-0.02642119188226096,7.715306389445712e-05,0.05718813824976203,0.29612046627603417
global_compatible,59,18,1,1,certified_reset,0,1,0.02811025866904229,0.02411638415065575,0.003993874518386541,0.011981623555159623,0.0,0.0,0,0,0.016492546755306633,-0.050758647543102074,0.014446397292470523,-0.010345018446639927,0.016492546755306633,-0.050758647543102074,0.058351107771158844,0.0008208846470018854,0.05718813824976203,0.29612046627603417
global_compatible,59,19,1,1,certified_reset,0,1,0.02411638415065575,0.02012250963226921,0.003993874518386541,0.007987749036773082,0.0,0.0,0,0,0.014446397292470523,-0.010345018446639927,0.001560475119909005,-0.029212949497739133,0.014446397292470523,-0.010345018446639927,0.0008573084017933592,0.000227980262373332,0.05718813824976203,0.29612046627603417
global_compatible,59,20,1,1,certified_reset,0,1,0.02012250963226921,0.01612863511388267,0.003993874518386541,0.003993874518386541,0.0,0.0,0,0,0.001560475119909005,-0.029212949497739133,0.013843562078139603,0.044249578476720466,0.001560475119909005,-0.029212949497739133,0.04148292406212168,0.00019906726262279115,0.05718813824976203,0.29612046627603417
global_compatible,59,21,1,1,certified_reset,0,1,0.01612863511388267,0.01213476059549613,0.003993874518386541,0.0,0.0,0.0,0,0,0.013843562078139603,0.044249578476720466,0.026922218253660805,-0.01703128302083123,0.013843562078139603,0.044249578476720466,-0.07897044807050374,0.0006999970378888479,0.05718813824976203,0.29612046627603417
global_compatible,60,0,2,2,certified_reset,0,1,0.1,0.09600612548161347,0.003993874518386541,0.08387136488611735,0.0,0.0,0,0,-5.738738703899594,0.5050653670547905,-4.496218474786492,2.034099614539982,-5.738738703899594,0.5050653670547905,1.5499999999991207,33.039100796134804,0.05718813824976203,0.29612046627603417
global_compatible,60,1,2,2,certified_reset,0,1,0.09600612548161347,0.09201225096322693,0.003993874518386541,0.07987749036773081,0.0,0.0,0,0,-4.496218474786492,2.034099614539982,-2.1645799618913673,2.5354792178337706,-4.496218474786492,2.034099614539982,0.4765746479493555,20.966419681424973,0.05718813824976203,0.29612046627603417
global_compatible,60,2,2,2,certified_reset,0,1,0.09201225096322693,0.0880183764448404,0.003993874518386541,0.07588361584934428,0.0,0.0,0,0,-2.1645799618913673,2.5354792178337706,-0.4032240545235626,0.9846158534182613,-2.1645799618913673,2.5354792178337706,-1.55,5.902626786953684,0.05718813824976203,0.29612046627603417
global_compatible,60,3,0,0,certified_reset,0,1,0.0880183764448404,0.08402450192645386,0.003993874518386541,0.07188974133095774,0.0,0.0,0,0,-0.4032240545235626,0.9846158534182613,0.054455782101603366,-0.07114759849684997,-0.4032240545235626,0.9846158534182613,-1.0489156934436679,0.364599549629694,0.05718813824976203,0.29612046627603417
global_compatible,60,4,0,0,certified_reset,0,1,0.08402450192645386,0.08003062740806732,0.003993874518386541,0.0678958668125712,0.0,0.0,0,0,0.054455782101603366,-0.07114759849684997,0.008331134237750781,-0.021051722497638144,0.054455782101603366,-0.07114759849684997,0.05058347518892117,0.003940555942288425,0.05718813824976203,0.29612046627603417
global_compatible,60,5,0,0,certified_reset,0,1,0.08003062740806732,0.07603675288968079,0.003993874518386541,0.06390199229418467,0.0,0.0,0,0,0.008331134237750781,-0.021051722497638144,-0.0024486759074507456,-0.00024515262269713604,0.008331134237750781,-0.021051722497638144,0.022719662429553554,0.0001620838778314065,0.05718813824976203,0.29612046627603417
global_compatible,60,6,0,0,certified_reset,0,1,0.07603675288968079,0.07204287837129425,0.003993874518386541,0.05990811777579813,0.0,0.0,0,0,-0.0024486759074507456,-0.00024515262269713604,0.005378718532571079,0.008056998336567364,-0.0024486759074507456,-0.00024515262269713604,0.002801409471197309,6.203029040877333e-06,0.05718813824976203,0.29612046627603417
global_compatible,60,7,0,0,certified_reset,0,1,0.07204287837129425,0.06804900385290771,0.003993874518386541,0.05591424325741159,0.0,0.0,0,0,0.005378718532571079,0.008056998336567364,0.012855609143017886,-0.0016887882332051749,0.005378718532571079,0.008056998336567364,-0.017224931584585348,4.8032809750145595e-05,0.05718813824976203,0.29612046627603417
global_compatible,60,8,0,0,certified_reset,0,1,0.06804900385290771,0.06405512933452118,0.003993874518386541,0.051920368739025044,0.0,0.0,0,0,0.012855609143017886,-0.0016887882332051749,0.006446264746252062,0.006424729535428487,0.012855609143017886,-0.0016887882332051749,-0.01031021773323024,0.00016843756220610064,0.05718813824976203,0.29612046627603417
global_compatible,60,9,1,1,certified_reset,0,1,0.06405512933452118,0.060061254816134634,0.003993874518386541,0.0479264942206385,0.0,0.0,0,0,0.006446264746252062,0.006424729535428487,-0.0035333607527711607,0.02749124997700114,0.006446264746252062,0.006424729535428487,-0.015880278917895466,5.5288797570139324e-05,0.05718813824976203,0.29612046627603417
global_compatible,60,10,1,1,certified_reset,0,1,0.060061254816134634,0.05606738029774809,0.003993874518386541,0.04393261970225196,0.0,0.0,0,0,-0.0035333607527711607,0.02749124997700114,-0.0044031231132002045,-0.03342834830413832,-0.0035333607527711607,0.02749124997700114,-0.03697619292568011,0.0001827039978447852,0.05718813824976203,0.29612046627603417
global_compatible,60,11,1,1,certified_reset,0,1,0.05606738029774809,0.05207350577936155,0.003993874518386541,0.039938745183865414,0.0,0.0,0,0,-0.0044031231132002045,-0.03342834830413832,0.015401476687106782,0.026650008715864072,-0.0044031231132002045,-0.03342834830413832,0.05362857708158879,0.00029242990480659735,0.05718813824976203,0.29612046627603417
global_compatible,60,12,1,1,certified_reset,0,1,0.05207350577936155,0.048079631260975,0.003993874518386541,0.03594487066547887,0.0,0.0,0,0,0.015401476687106782,0.026650008715864072,0.01410638943911247,-0.07148627399897092,0.015401476687106782,0.026650008715864072,-0.05459628091484835,0.0004395644650068331,0.05718813824976203,0.29612046627603417
global_compatible,60,13,0,0,certified_reset,0,1,0.048079631260975,0.04408575674258846,0.003993874518386541,0.03195099614709233,0.0,0.0,0,0,0.01410638943911247,-0.07148627399897092,-0.01014449767948334,0.020787934842116364,0.01410638943911247,-0.07148627399897092,0.09125952193983385,0.0013270494582711496,0.05718813824976203,0.29612046627603417
global_compatible,60,14,0,0,certified_reset,0,1,0.04408575674258846,0.040091882224201916,0.003993874518386541,0.027957121628705783,0.0,0.0,0,0,-0.01014449767948334,0.020787934842116364,-0.0010843591153231718,-0.0019605420565200686,-0.01014449767948334,0.020787934842116364,-0.020525370808127573,0.00019122798663933485,0.05718813824976203,0.29612046627603417
global_compatible,60,15,0,0,certified_reset,0,1,0.040091882224201916,0.03609800770581537,0.003993874518386541,0.023963247110319243,0.0,0.0,0,0,-0.0010843591153231718,-0.0019605420565200686,-0.0031540730298688794,-0.008039704920037067,-0.0010843591153231718,-0.0019605420565200686,0.003967988481535684,2.2613285336935577e-06,0.05718813824976203,0.29612046627603417
global_compatible,60,16,0,0,certified_reset,0,1,0.03609800770581537,0.03210413318742883,0.003993874518386541,0.019969372591932703,0.0,0.0,0,0,-0.0031540730298688794,-0.008039704920037067,-0.004585483001787325,0.002991248785972291,-0.0031540730298688794,-0.008039704920037067,0.01498285037505044,2.719495574800326e-05,0.05718813824976203,0.29612046627603417
global_compatible,60,17,0,0,certified_reset,0,1,0.03210413318742883,0.02811025866904229,0.003993874518386541,0.015975498073546163,0.0,0.0,0,0,-0.004585483001787325,0.002991248785972291,0.004796776569756321,0.0017286442342710853,-0.004585483001787325,0.002991248785972291,0.00016143325877858154,2.263786835103102e-05,0.05718813824976203,0.29612046627603417
global_compatible,60,18,0,0,certified_reset,0,1,0.02811025866904229,0.02411638415065575,0.003993874518386541,0.011981623555159623,0.0,0.0,0,0,0.004796776569756321,0.0017286442342710853,-0.003949978399397099,-0.0030867538154094845,0.004796776569756321,0.0017286442342710853,-0.0073216325917728475,2.488710101534814e-05,0.05718813824976203,0.29612046627603417
global_compatible,60,19,0,0,certified_reset,0,1,0.02411638415065575,0.02012250963226921,0.003993874518386541,0.007987749036773082,0.0,0.0,0,0,-0.003949978399397099,-0.0030867538154094845,-0.003921405672719197,-0.0009335333759512019,-0.003949978399397099,-0.0030867538154094845,0.008478662260791069,1.911457104006784e-05,0.05718813824976203,0.29612046627603417
global_compatible,60,20,0,0,certified_reset,0,1,0.02012250963226921,0.01612863511388267,0.003993874518386541,0.003993874518386541,0.0,0.0,0,0,-0.003921405672719197,-0.0009335333759512019,-0.0016427418403468159,0.005006728860759897,-0.003921405672719197,-0.0009335333759512019,0.005281659247055696,1.6231687781607194e-05,0.05718813824976203,0.29612046627603417
global_compatible,60,21,0,0,certified_reset,0,1,0.01612863511388267,0.01213476059549613,0.003993874518386541,0.0,0.0,0.0,0,0,-0.0016427418403468159,0.005006728860759897,-0.004471584991314634,-0.014504022209312135,-0.0016427418403468159,0.005006728860759897,-0.005738208386121397,8.033896740419789e-06,0.05718813824976203,0.29612046627603417
global_compatible,61,0,1,1,certified_reset,0,1,0.1,0.09600612548161347,0.003993874518386541,0.08387136488611735,0.0,0.0,0,0,-0.07110679690450716,-0.09890342748763559,-0.04893270569681089,0.16815945332818724,-0.07110679690450716,-0.09890342748763559,0.21650038070961822,0.007988726771588428,0.05718813824976203,0.29612046627603417
global_compatible,61,1,1,1,certified_reset,0,1,0.09600612548161347,0.09201225096322693,0.003993874518386541,0.07987749036773081,0.0,0.0,0,0,-0.04893270569681089,0.16815945332818724,0.02932946005793063,-0.041411849104872146,-0.04893270569681089,0.16815945332818724,-0.19899440334186735,0.008474347314699614,0.05718813824976203,0.29612046627603417
global_compatible,61,2,1,1,certified_reset,0,1,0.09201225096322693,0.0880183764448404,0.003993874518386541,0.07588361584934428,0.0,0.0,0,0,0.02932946005793063,-0.041411849104872146,0.0007148605319316596,-0.0246377639234143,0.02932946005793063,-0.041411849104872146,0.031801178734584566,0.001194189525843719,0.05718813824976203,0.29612046627603417
global_compatible,61,3,0,0,certified_reset,0,1,0.0880183764448404,0.08402450192645386,0.003993874518386541,0.07188974133095774,0.0,0.0,0,0,0.0007148605319316596,-0.0246377639234143,-0.007689612096351407,0.022643188319795726,0.0007148605319316596,-0.0246377639234143,0.03558271578350499,0.00014142776114961712,0.05718813824976203,0.29612046627603417
global_compatible,61,4,0,0,certified_reset,0,1,0.08402450192645386,0.08003062740806732,0.003993874518386541,0.0678958668125712,0.0,0.0,0,0,-0.007689612096351407,0.022643188319795726,-0.003708780148005209,-0.001312094921995818,-0.007689612096351407,0.022643188319795726,-0.025696802431248614,0.00016792679148355157,0.05718813824976203,0.29612046627603417
global_compatible,61,5,0,0,certified_reset,0,1,0.08003062740806732,0.07603675288968079,0.003993874518386541,0.06390199229418467,0.0,0.0,0,0,-0.003708780148005209,-0.001312094921995818,-0.010243247247810505,0.0062628177681891785,-0.003708780148005209,-0.001312094921995818,0.005625804731756393,1.4856178913412751e-05,0.05718813824976203,0.29612046627603417
global_compatible,61,6,0,0,certified_reset,0,1,0.07603675288968079,0.07204287837129425,0.003993874518386541,0.05990811777579813,0.0,0.0,0,0,-0.010243247247810505,0.0062628177681891785,-0.0007767539533378759,0.0023296931247635535,-0.010243247247810505,0.0062628177681891785,0.0009755706500734018,0.0001120080271836679,0.05718813824976203,0.29612046627603417
global_compatible,61,7,0,0,certified_reset,0,1,0.07204287837129425,0.06804900385290771,0.003993874518386541,0.05591424325741159,0.0,0.0,0,0,-0.0007767539533378759,0.0023296931247635535,-0.0006911496703686712,-0.0034918333526348395,-0.0007767539533378759,0.0023296931247635535,-0.0026558913277077816,1.7566352826435567e-06,0.05718813824976203,0.29612046627603417
global_compatible,61,8,0,0,certified_reset,0,1,0.06804900385290771,0.06405512933452118,0.003993874518386541,0.051920368739025044,0.0,0.0,0,0,-0.0006911496703686712,-0.0034918333526348395,0.0027236200656303327,-0.0029122911161375007,-0.0006911496703686712,-0.0034918333526348395,0.005830972394500307,3.5224158727494902e-06,0.05718813824976203,0.29612046627603417
global_compatible,61,9,0,0,certified_reset,0,1,0.06405512933452118,0.060061254816134634,0.003993874518386541,0.0479264942206385,0.0,0.0,0,0,0.0027236200656303327,-0.0029122911161375007,0.00794065149907502,-0.006349035217269771,0.0027236200656303327,-0.0029122911161375007,0.0015786821770136885,9.007071315428708e-06,0.05718813824976203,0.29612046627603417
global_compatible,61,10,0,0,certified_reset,0,1,0.060061254816134634,0.05606738029774809,0.003993874518386541,0.04393261970225196,0.0,0.0,0,0,0.00794065149907502,-0.006349035217269771,-0.0005473315794248513,-0.003423943448875931,0.00794065149907502,-0.006349035217269771,0.0014472784658009301,7.036215627792538e-05,0.05718813824976203,0.29612046627603417
global_compatible,61,11,0,0,certified_reset,0,1,0.05606738029774809,0.05207350577936155,0.003993874518386541,0.039938745183865414,0.0,0.0,0,0,-0.0005473315794248513,-0.003423943448875931,-0.006170798011016217,-0.009782514665997262,-0.0005473315794248513,-0.003423943448875931,0.005587883612447899,3.19039291289037e-06,0.05718813824976203,0.29612046627603417
global_compatible,61,12,0,0,certified_reset,0,1,0.05207350577936155,0.048079631260975,0.003993874518386541,0.03594487066547887,0.0,0.0,0,0,-0.006170798011016217,-0.009782514665997262,-0.00893944766965337,0.01605029585691678,-0.006170798011016217,-0.009782514665997262,0.02055344715410099,6.586541961495354e-05,0.05718813824976203,0.29612046627603417
global_compatible,61,13,0,0,certified_reset,0,1,0.048079631260975,0.04408575674258846,0.003993874518386541,0.03195099614709233,0.0,0.0,0,0,-0.00893944766965337,0.01605029585691678,0.008248084457508834,-0.009813313768543878,-0.00893944766965337,0.01605029585691678,-0.014739730860219027,0.0001317153757612842,0.05718813824976203,0.29612046627603417
global_compatible,61,14,0,0,certified_reset,0,1,0.04408575674258846,0.040091882224201916,0.003993874518386541,0.027957121628705783,0.0,0.0,0,0,0.008248084457508834,-0.009813313768543878,0.0101517744930409,0.002584677941476602,0.008248084457508834,-0.009813313768543878,0.006239405480589335,8.633835461855971e-05,0.05718813824976203,0.29612046627603417
global_compatible,61,15,0,0,certified_reset,0,1,0.040091882224201916,0.03609800770581537,0.003993874518386541,0.023963247110319243,0.0,0.0,0,0,0.0101517744930409,0.002584677941476602,0.0007616130642162976,0.005739699920941709,0.0101517744930409,0.002584677941476602,-0.013914827904930559,0.0001091015870591597,0.05718813824976203,0.29612046627603417
global_compatible,61,16,0,0,certified_reset,0,1,0.03609800770581537,0.03210413318742883,0.003993874518386541,0.019969372591932703,0.0,0.0,0,0,0.0007616130642162976,0.005739699920941709,0.00484756791442165,0.0004853562487172605,0.0007616130642162976,0.005739699920941709,-0.00921453709683164,8.632694740149586e-06,0.05718813824976203,0.29612046627603417
global_compatible,61,17,0,0,certified_reset,0,1,0.03210413318742883,0.02811025866904229,0.003993874518386541,0.015975498073546163,0.0,0.0,0,0,0.00484756791442165,0.0004853562487172605,-0.0031115864571949524,-0.0038125831501655515,0.00484756791442165,0.0004853562487172605,-0.00554191941291313,2.4309139178281253e-05,0.05718813824976203,0.29612046627603417
global_compatible,61,18,0,0,certified_reset,0,1,0.02811025866904229,0.02411638415065575,0.003993874518386541,0.011981623555159623,0.0,0.0,0,0,-0.0031115864571949524,-0.0038125831501655515,-0.008011885151757561,-0.0063136729367070064,-0.0031115864571949524,-0.0038125831501655515,0.0087131254660327,1.4196376415116454e-05,0.05718813824976203,0.29612046627603417
global_compatible,61,19,0,0,certified_reset,0,1,0.02411638415065575,0.02012250963226921,0.003993874518386541,0.007987749036773082,0.0,0.0,0,0,-0.008011885151757561,-0.0063136729367070064,-0.0024101532112530497,0.011573572097188302,-0.008011885151757561,-0.0063136729367070064,0.01727724855448565,7.882813049659736e-05,0.05718813824976203,0.29612046627603417
global_compatible,61,20,0,0,certified_reset,0,1,0.02012250963226921,0.01612863511388267,0.003993874518386541,0.003993874518386541,0.0,0.0,0,0,-0.0024101532112530497,0.011573572097188302,0.007884509028380242,-0.018666719076718873,-0.0024101532112530497,0.011573572097188302,-0.01465195954931537,3.528639926356955e-05,0.05718813824976203,0.29612046627603417
global_compatible,61,21,0,0,certified_reset,0,1,0.01612863511388267,0.01213476059549613,0.003993874518386541,0.0,0.0,0.0,0,0,0.007884509028380242,-0.018666719076718873,0.0029492523773291587,0.0019839021508578168,0.007884509028380242,-0.018666719076718873,0.01964693092071178,0.00013453588217973532,0.05718813824976203,0.29612046627603417
global_compatible,62,0,2,2,certified_reset,0,1,0.1,0.09600612548161347,0.003993874518386541,0.08387136488611735,0.0,0.0,0,0,1.2557715115573949,-0.20914671552936964,0.5245928873720993,-1.2005324144985325,1.2557715115573949,-0.20914671552936964,-0.9423580378233364,1.6070366787764105,0.05718813824976203,0.29612046627603417
global_compatible,62,1,2,2,certified_reset,0,1,0.09600612548161347,0.09201225096322693,0.003993874518386541,0.07987749036773081,0.0,0.0,0,0,0.5245928873720993,-1.2005324144985325,-0.031157117360230864,0.07851458339428463,0.5245928873720993,-1.2005324144985325,1.2461255318308961,0.5734484725955187,0.05718813824976203,0.29612046627603417
global_compatible,62,2,2,2,certified_reset,0,1,0.09201225096322693,0.0880183764448404,0.003993874518386541,0.07588361584934428,0.0,0.0,0,0,-0.031157117360230864,0.07851458339428463,-0.027297034823030836,-0.044782391070851066,-0.031157117360230864,0.07851458339428463,-0.08463456265576377,0.002259458357101563,0.05718813824976203,0.29612046627603417
global_compatible,62,3,2,2,certified_reset,0,1,0.0880183764448404,0.08402450192645386,0.003993874518386541,0.07188974133095774,0.0,0.0,0,0,-0.027297034823030836,-0.044782391070851066,-0.08045618926451634,0.019886371215465628,-0.027297034823030836,-0.044782391070851066,0.0931539938146959,0.0013230530332245436,0.05718813824976203,0.29612046627603417
global_compatible,62,4,2,2,certified_reset,0,1,0.08402450192645386,0.08003062740806732,0.003993874518386541,0.0678958668125712,0.0,0.0,0,0,-0.08045618926451634,0.019886371215465628,-0.028616175020595592,0.01401427224101108,-0.08045618926451634,0.019886371215465628,0.05082626277285033,0.006608965312475518,0.05718813824976203,0.29612046627603417
global_compatible,62,5,1,1,certified_reset,0,1,0.08003062740806732,0.07603675288968079,0.003993874518386541,0.06390199229418467,0.0,0.0,0,0,-0.028616175020595592,0.01401427224101108,0.006811311709752778,0.01345061754096974,-0.028616175020595592,0.01401427224101108,0.007851374718963794,0.00085577854369393,0.05718813824976203,0.29612046627603417
global_compatible,62,6,1,1,certified_reset,0,1,0.07603675288968079,0.07204287837129425,0.003993874518386541,0.05990811777579813,0.0,0.0,0,0,0.006811311709752778,0.01345061754096974,0.014282333531590984,0.006008104940300466,0.006811311709752778,0.01345061754096974,-0.02659835998634498,9.664622625851497e-05,0.05718813824976203,0.29612046627603417
global_compatible,62,7,1,1,certified_reset,0,1,0.07204287837129425,0.06804900385290771,0.003993874518386541,0.05591424325741159,0.0,0.0,0,0,0.014282333531590984,0.006008104940300466,0.02526163664438099,-0.009377649408295677,0.014282333531590984,0.006008104940300466,-0.02306985776230655,0.0002237880280321939,0.05718813824976203,0.29612046627603417
global_compatible,62,8,1,1,certified_reset,0,1,0.06804900385290771,0.06405512933452118,0.003993874518386541,0.051920368739025044,0.0,0.0,0,0,0.02526163664438099,-0.009377649408295677,0.018406863787936434,-0.00890008156753224,0.02526163664438099,-0.009377649408295677,-0.011338609628474643,0.0006571936431768893,0.05718813824976203,0.29612046627603417
global_compatible,62,9,1,1,certified_reset,0,1,0.06405512933452118,0.060061254816134634,0.003993874518386541,0.0479264942206385,0.0,0.0,0,0,0.018406863787936434,-0.00890008156753224,0.006951117174018039,-0.031139477050001113,0.018406863787936434,-0.00890008156753224,-0.005219285996649959,0.00035375171950908715,0.05718813824976203,0.29612046627603417
global_compatible,62,10,1,1,certified_reset,0,1,0.060061254816134634,0.05606738029774809,0.003993874518386541,0.04393261970225196,0.0,0.0,0,0,0.006951117174018039,-0.031139477050001113,-0.008192239496375965,0.0105928703875137,0.006951117174018039,-0.031139477050001113,0.03895225198863578,0.0002607900439121413,0.05718813824976203,0.29612046627603417
global_compatible,62,11,1,1,certified_reset,0,1,0.05606738029774809,0.05207350577936155,0.003993874518386541,0.039938745183865414,0.0,0.0,0,0,-0.008192239496375965,0.0105928703875137,-0.0015004513751088072,-0.018892408254462284,-0.008192239496375965,0.0105928703875137,-0.0074407504977239665,8.869450971361645e-05,0.05718813824976203,0.29612046627603417
global_compatible,62,12,0,0,certified_reset,0,1,0.05207350577936155,0.048079631260975,0.003993874518386541,0.03594487066547887,0.0,0.0,0,0,-0.0015004513751088072,-0.018892408254462284,0.0030362359956470665,0.0016794485134166547,-0.0015004513751088072,-0.018892408254462284,0.029322594076802034,8.7992873551478e-05,0.05718813824976203,0.29612046627603417
global_compatible,62,13,0,0,certified_reset,0,1,0.048079631260975,0.04408575674258846,0.003993874518386541,0.03195099614709233,0.0,0.0,0,0,0.0030362359956470665,0.0016794485134166547,0.00939823196362278,-0.0007857778715317835,0.0030362359956470665,0.0016794485134166547,-0.0054990690399908775,1.0482421544586724e-05,0.05718813824976203,0.29612046627603417
global_compatible,62,14,0,0,certified_reset,0,1,0.04408575674258846,0.040091882224201916,0.003993874518386541,0.027957121628705783,0.0,0.0,0,0,0.00939823196362278,-0.0007857778715317835,0.004623879295163723,-0.014926984595336763,0.00939823196362278,-0.0007857778715317835,-0.008199196578637411,9.011857509084942e-05,0.05718813824976203,0.29612046627603417
global_compatible,62,15,0,0,certified_reset,0,1,0.040091882224201916,0.03609800770581537,0.003993874518386541,0.023963247110319243,0.0,0.0,0,0,0.004623879295163723,-0.014926984595336763,-0.004592462328182053,0.01157932288097422,0.004623879295163723,-0.014926984595336763,0.017385675707233695,6.904347917086696e-05,0.05718813824976203,0.29612046627603417
global_compatible,62,16,0,0,certified_reset,0,1,0.03609800770581537,0.03210413318742883,0.003993874518386541,0.019969372591932703,0.0,0.0,0,0,-0.004592462328182053,0.01157932288097422,-0.0005149446082693384,0.00545127214518115,-0.004592462328182053,0.01157932288097422,-0.012482140863618759,4.912033555798542e-05,0.05718813824976203,0.29612046627603417
global_compatible,62,17,0,0,certified_reset,0,1,0.03210413318742883,0.02811025866904229,0.003993874518386541,0.015975498073546163,0.0,0.0,0,0,-0.0005149446082693384,0.00545127214518115,0.006264112825890367,0.0024103897508770625,-0.0005149446082693384,0.00545127214518115,-0.007516601014133344,7.026596459876444e-06,0.05718813824976203,0.29612046627603417
global_compatible,62,18,0,0,certified_reset,0,1,0.02811025866904229,0.02411638415065575,0.003993874518386541,0.011981623555159623,0.0,0.0,0,0,0.006264112825890367,0.0024103897508770625,-0.00017120195191416918,-0.0009699964155488539,0.006264112825890367,0.0024103897508770625,-0.009787619728129021,4.267984316924969e-05,0.05718813824976203,0.29612046627603417
global_compatible,62,19,0,0,certified_reset,0,1,0.02411638415065575,0.02012250963226921,0.003993874518386541,0.007987749036773082,0.0,0.0,0,0,-0.00017120195191416918,-0.0009699964155488539,0.0014234192396399342,-0.003791862299830171,-0.00017120195191416918,-0.0009699964155488539,0.0015987174268797509,2.6256829192641925e-07,0.05718813824976203,0.29612046627603417
global_compatible,62,20,0,0,certified_reset,0,1,0.02012250963226921,0.01612863511388267,0.003993874518386541,0.003993874518386541,0.0,0.0,0,0,0.0014234192396399342,-0.003791862299830171,-0.0020532064901172932,0.006946143238627282,0.0014234192396399342,-0.003791862299830171,0.004169758111266651,5.048873945596183e-06,0.05718813824976203,0.29612046627603417
global_compatible,62,21,0,0,certified_reset,0,1,0.01612863511388267,0.01213476059549613,0.003993874518386541,0.0,0.0,0.0,0,0,-0.0020532064901172932,0.006946143238627282,0.00011577977528472335,-0.002008676372763033,-0.0020532064901172932,0.006946143238627282,-0.008187306513604482,1.4576259650227486e-05,0.05718813824976203,0.29612046627603417
global_compatible,63,0,0,0,certified_reset,0,1,0.1,0.09600612548161347,0.003993874518386541,0.08387136488611735,0.0,0.0,0,0,5.962875381777,0.5794978801525285,5.762815214414855,-0.9730647605481014,5.962875381777,0.5794978801525285,-1.55,35.67639252136043,0.05718813824976203,0.29612046627603417
global_compatible,63,1,0,0,certified_reset,0,1,0.09600612548161347,0.09201225096322693,0.003993874518386541,0.07987749036773081,0.0,0.0,0,0,5.762815214414855,-0.9730647605481014,4.017090169907208,-2.5254049373796015,5.762815214414855,-0.9730647605481014,-1.5499999999999883,33.440535600571025,0.05718813824976203,0.29612046627603417
global_compatible,63,2,0,0,certified_reset,0,1,0.09201225096322693,0.0880183764448404,0.003993874518386541,0.07588361584934428,0.0,0.0,0,0,4.017090169907208,-2.5254049373796015,1.6549010744637667,-2.196272777802321,4.017090169907208,-2.5254049373796015,0.32695032995174955,17.287666463714938,0.05718813824976203,0.29612046627603417
global_compatible,63,3,0,0,certified_reset,0,1,0.0880183764448404,0.08402450192645386,0.003993874518386541,0.07188974133095774,0.0,0.0,0,0,1.6549010744637667,-2.196272777802321,0.23508714113236728,-0.6481047384257641,1.6549010744637667,-2.196272777802321,1.55,3.6670106068741237,0.05718813824976203,0.29612046627603417
global_compatible,63,4,0,0,certified_reset,0,1,0.08402450192645386,0.08003062740806732,0.003993874518386541,0.0678958668125712,0.0,0.0,0,0,0.23508714113236728,-0.6481047384257641,-0.05500436779353259,0.07482986428790865,0.23508714113236728,-0.6481047384257641,0.7206273449584526,0.14385571353792334,0.05718813824976203,0.29612046627603417
global_compatible,63,5,0,0,certified_reset,0,1,0.08003062740806732,0.07603675288968079,0.003993874518386541,0.06390199229418467,0.0,0.0,0,0,-0.05500436779353259,0.07482986428790865,-0.008417525350797064,0.016076546199136302,-0.05500436779353259,0.07482986428790865,-0.05545940482865795,0.004110285662047359,0.05718813824976203,0.29612046627603417
global_compatible,63,6,0,0,certified_reset,0,1,0.07603675288968079,0.07204287837129425,0.003993874518386541,0.05990811777579813,0.0,0.0,0,0,-0.008417525350797064,0.016076546199136302,-0.001785495123485049,0.012911838767037545,-0.008417525350797064,0.016076546199136302,-0.015302683365628194,0.00012323099677076158,0.05718813824976203,0.29612046627603417
global_compatible,63,7,0,0,certified_reset,0,1,0.07204287837129425,0.06804900385290771,0.003993874518386541,0.05591424325741159,0.0,0.0,0,0,-0.001785495123485049,0.012911838767037545,0.002266403581206936,-0.004129820747505827,-0.001785495123485049,0.012911838767037545,-0.01724149084136531,4.062852245908624e-05,0.05718813824976203,0.29612046627603417
global_compatible,63,8,0,0,certified_reset,0,1,0.06804900385290771,0.06405512933452118,0.003993874518386541,0.051920368739025044,0.0,0.0,0,0,0.002266403581206936,-0.004129820747505827,-0.004224039779834493,0.008868253602733632,0.002266403581206936,-0.004129820747505827,0.003826430075631769,8.572599864175434e-06,0.05718813824976203,0.29612046627603417
global_compatible,63,9,0,0,certified_reset,0,1,0.06405512933452118,0.060061254816134634,0.003993874518386541,0.0479264942206385,0.0,0.0,0,0,-0.004224039779834493,0.008868253602733632,0.002731101769356431,-0.004253784088863347,-0.004224039779834493,0.008868253602733632,-0.008855035779498928,3.3959069481261034e-05,0.05718813824976203,0.29612046627603417
global_compatible,63,10,0,0,certified_reset,0,1,0.060061254816134634,0.05606738029774809,0.003993874518386541,0.04393261970225196,0.0,0.0,0,0,0.002731101769356431,-0.004253784088863347,-0.006317618371371804,0.011639743947724022,0.002731101769356431,-0.004253784088863347,0.0035450641435133025,1.1030146102562477e-05,0.05718813824976203,0.29612046627603417
global_compatible,63,11,0,0,certified_reset,0,1,0.05606738029774809,0.05207350577936155,0.003993874518386541,0.039938745183865414,0.0,0.0,0,0,-0.006317618371371804,0.011639743947724022,0.0062104566336997685,0.013284653733531182,-0.006317618371371804,0.011639743947724022,-0.010853245623209686,6.724418045058157e-05,0.05718813824976203,0.29612046627603417
global_compatible,63,12,0,0,certified_reset,0,1,0.05207350577936155,0.048079631260975,0.003993874518386541,0.03594487066547887,0.0,0.0,0,0,0.0062104566336997685,0.013284653733531182,0.006822508759200218,-0.016507819436795024,0.0062104566336997685,0.013284653733531182,-0.02575108022877768,8.69144893903574e-05,0.05718813824976203,0.29612046627603417
global_compatible,63,13,0,0,certified_reset,0,1,0.048079631260975,0.04408575674258846,0.003993874518386541,0.03195099614709233,0.0,0.0,0,0,0.006822508759200218,-0.016507819436795024,-0.0012410483787209782,0.0017172447297814806,0.006822508759200218,-0.016507819436795024,0.0175252214223664,0.00010327641887734692,0.05718813824976203,0.29612046627603417
global_compatible,63,14,0,0,certified_reset,0,1,0.04408575674258846,0.040091882224201916,0.003993874518386541,0.027957121628705783,0.0,0.0,0,0,-0.0012410483787209782,0.0017172447297814806,-0.006368568835368645,0.01201697381126465,-0.0012410483787209782,0.0017172447297814806,-0.0012924333476676912,2.1127679804332648e-06,0.05718813824976203,0.29612046627603417
global_compatible,63,15,0,0,certified_reset,0,1,0.040091882224201916,0.03609800770581537,0.003993874518386541,0.023963247110319243,0.0,0.0,0,0,-0.006368568835368645,0.01201697381126465,-0.0001305915842929067,0.005339531382291407,-0.006368568835368645,0.01201697381126465,-0.01135741738930355,6.977682097921178e-05,0.05718813824976203,0.29612046627603417
global_compatible,63,16,0,0,certified_reset,0,1,0.03609800770581537,0.03210413318742883,0.003993874518386541,0.019969372591932703,0.0,0.0,0,0,-0.0001305915842929067,0.005339531382291407,0.00018859136983493318,-0.007420040309918317,-0.0001305915842929067,0.005339531382291407,-0.00773272382805757,6.6438367757588245e-06,0.05718813824976203,0.29612046627603417
global_compatible,63,17,0,0,certified_reset,0,1,0.03210413318742883,0.02811025866904229,0.003993874518386541,0.015975498073546163,0.0,0.0,0,0,0.00018859136983493318,-0.007420040309918317,0.002762403979490193,0.0015646819954228638,0.00018859136983493318,-0.007420040309918317,0.010741866405958334,1.2830518728008909e-05,0.05718813824976203,0.29612046627603417
global_compatible,63,18,0,0,certified_reset,0,1,0.02811025866904229,0.02411638415065575,0.003993874518386541,0.011981623555159623,0.0,0.0,0,0,0.002762403979490193,0.0015646819954228638,0.0046654581172010864,-0.0014801283249165332,0.002762403979490193,0.0015646819954228638,-0.00505406620558733,8.710146730588837e-06,0.05718813824976203,0.29612046627603417
global_compatible,63,19,1,1,certified_reset,0,1,0.02411638415065575,0.02012250963226921,0.003993874518386541,0.007987749036773082,0.0,0.0,0,0,0.0046654581172010864,-0.0014801283249165332,0.019064752628443215,-0.004062930360676567,0.0046654581172010864,-0.0014801283249165332,-0.0024628504558666165,2.2312480627036206e-05,0.05718813824976203,0.29612046627603417
global_compatible,63,20,1,1,certified_reset,0,1,0.02012250963226921,0.01612863511388267,0.003993874518386541,0.003993874518386541,0.0,0.0,0,0,0.019064752628443215,-0.004062930360676567,0.006945002927753002,-0.03458428316436189,0.019064752628443215,-0.004062930360676567,-0.012998989393470311,0.00037066046847584864,0.05718813824976203,0.29612046627603417
global_compatible,63,21,1,1,certified_reset,0,1,0.01612863511388267,0.01213476059549613,0.003993874518386541,0.0,0.0,0.0,0,0,0.006945002927753002,-0.03458428316436189,-0.009543333070368996,0.0035704777716302994,0.006945002927753002,-0.03458428316436189,0.044033092033254236,0.0003119989710754215,0.05718813824976203,0.29612046627603417
global_compatible,64,0,0,0,certified_reset,0,1,0.1,0.09600612548161347,0.003993874518386541,0.08387136488611735,0.0,0.0,0,0,4.568608578437942,-0.23650136636461655,3.5505953085843847,-1.7819613500027636,4.568608578437942,-0.23650136636461655,-1.5499999999999636,20.942314764309373,0.05718813824976203,0.29612046627603417
global_compatible,64,1,0,0,certified_reset,0,1,0.09600612548161347,0.09201225096322693,0.003993874518386541,0.07987749036773081,0.0,0.0,0,0,3.5505953085843847,-1.7819613500027636,1.5888649610869487,-2.159041083099676,3.5505953085843847,-1.7819613500027636,-0.3733515492020021,13.181781355346391,0.05718813824976203,0.29612046627603417
global_compatible,64,2,0,0,certified_reset,0,1,0.09201225096322693,0.0880183764448404,0.003993874518386541,0.07588361584934428,0.0,0.0,0,0,1.5888649610869487,-2.159041083099676,0.20552355827749152,-0.6095028904046432,1.5888649610869487,-2.159041083099676,1.55,3.423616876302031,0.05718813824976203,0.29612046627603417
global_compatible,64,3,0,0,certified_reset,0,1,0.0880183764448404,0.08402450192645386,0.003993874518386541,0.07188974133095774,0.0,0.0,0,0,0.20552355827749152,-0.6095028904046432,-0.056631778494613844,0.09223131293282671,0.20552355827749152,-0.6095028904046432,0.6932017892041614,0.12112203023502834,0.05718813824976203,0.29612046627603417
global_compatible,64,4,0,0,certified_reset,0,1,0.08402450192645386,0.08003062740806732,0.003993874518386541,0.0678958668125712,0.0,0.0,0,0,-0.056631778494613844,0.09223131293282671,0.0010753142198452886,-0.0046421274199753,-0.056631778494613844,0.09223131293282671,-0.07947292877815972,0.004896247711033809,0.05718813824976203,0.29612046627603417
global_compatible,64,5,0,0,certified_reset,0,1,0.08003062740806732,0.07603675288968079,0.003993874518386541,0.06390199229418467,0.0,0.0,0,0,0.0010753142198452886,-0.0046421274199753,-0.004008047916398092,-0.005777002054307443,0.0010753142198452886,-0.0046421274199753,0.0057684009941378605,5.867044379122325e-06,0.05718813824976203,0.29612046627603417
global_compatible,64,6,0,0,certified_reset,0,1,0.07603675288968079,0.07204287837129425,0.003993874518386541,0.05990811777579813,0.0,0.0,0,0,-0.004008047916398092,-0.005777002054307443,-0.006480916459745925,0.012885318684195828,-0.004008047916398092,-0.005777002054307443,0.01249998040118643,2.5977961343279242e-05,0.05718813824976203,0.29612046627603417
global_compatible,64,7,0,0,certified_reset,0,1,0.07204287837129425,0.06804900385290771,0.003993874518386541,0.05591424325741159,0.0,0.0,0,0,-0.006480916459745925,0.012885318684195828,-0.0030099931988692113,-0.007291453718587671,-0.006480916459745925,0.012885318684195828,-0.012527935250272548,7.581166596587271e-05,0.05718813824976203,0.29612046627603417
global_compatible,64,8,0,0,certified_reset,0,1,0.06804900385290771,0.06405512933452118,0.003993874518386541,0.051920368739025044,0.0,0.0,0,0,-0.0030099931988692113,-0.007291453718587671,-0.007943917411098286,0.0101342013167265,-0.0030099931988692113,-0.007291453718587671,0.01373897462783234,2.3348798172299502e-05,0.05718813824976203,0.29612046627603417
global_compatible,64,9,0,0,certified_reset,0,1,0.06405512933452118,0.060061254816134634,0.003993874518386541,0.0479264942206385,0.0,0.0,0,0,-0.007943917411098286,0.0101342013167265,-0.005200774489023072,0.002171250376292768,-0.007943917411098286,0.0101342013167265,-0.007018052851387497,8.282351701900159e-05,0.05718813824976203,0.29612046627603417
global_compatible,64,10,0,0,certified_reset,0,1,0.060061254816134634,0.05606738029774809,0.003993874518386541,0.04393261970225196,0.0,0.0,0,0,-0.005200774489023072,0.002171250376292768,-0.010735317477079544,0.018203955293269326,-0.005200774489023072,0.002171250376292768,0.001977226827429472,2.7994370009230137e-05,0.05718813824976203,0.29612046627603417
global_compatible,64,11,0,0,certified_reset,0,1,0.05606738029774809,0.05207350577936155,0.003993874518386541,0.039938745183865414,0.0,0.0,0,0,-0.010735317477079544,0.018203955293269326,-0.003202035447258421,-0.010451468285467608,-0.010735317477079544,0.018203955293269326,-0.016126083857254236,0.0001813974237454521,0.05718813824976203,0.29612046627603417
global_compatible,64,12,0,0,certified_reset,0,1,0.05207350577936155,0.048079631260975,0.003993874518386541,0.03594487066547887,0.0,0.0,0,0,-0.003202035447258421,-0.010451468285467608,-0.0024833209969402515,0.016756069513594193,-0.003202035447258421,-0.010451468285467608,0.018581815165963137,3.8547101455034216e-05,0.05718813824976203,0.29612046627603417
global_compatible,64,13,0,0,certified_reset,0,1,0.048079631260975,0.04408575674258846,0.003993874518386541,0.03195099614709233,0.0,0.0,0,0,-0.0024833209969402515,0.016756069513594193,0.0012312130299677387,-0.007707884774785834,-0.0024833209969402515,0.016756069513594193,-0.022210019738265814,6.903686339119039e-05,0.05718813824976203,0.29612046627603417
global_compatible,64,14,0,0,certified_reset,0,1,0.04408575674258846,0.040091882224201916,0.003993874518386541,0.027957121628705783,0.0,0.0,0,0,0.0012312130299677387,-0.007707884774785834,0.00321810074906549,-0.0033961250835560144,0.0012312130299677387,-0.007707884774785834,0.010128247923200452,1.4774488461255245e-05,0.05718813824976203,0.29612046627603417
global_compatible,64,15,0,0,certified_reset,0,1,0.040091882224201916,0.03609800770581537,0.003993874518386541,0.023963247110319243,0.0,0.0,0,0,0.00321810074906549,-0.0033961250835560144,0.001545677964755115,-0.0003908871607706014,0.00321810074906549,-0.0033961250835560144,0.0018030652690625142,1.2513508345216856e-05,0.05718813824976203,0.29612046627603417
global_compatible,64,16,0,0,certified_reset,0,1,0.03609800770581537,0.03210413318742883,0.003993874518386541,0.019969372591932703,0.0,0.0,0,0,0.001545677964755115,-0.0003908871607706014,0.0015492824795519853,0.002579673277870391,0.001545677964755115,-0.0003908871607706014,-0.0009650329566380368,2.439905284956408e-06,0.05718813824976203,0.29612046627603417
global_compatible,64,17,0,0,certified_reset,0,1,0.03210413318742883,0.02811025866904229,0.003993874518386541,0.015975498073546163,0.0,0.0,0,0,0.0015492824795519853,0.002579673277870391,-0.005590660089851207,0.005850664287432596,0.0015492824795519853,0.002579673277870391,-0.0053393941675811156,4.310853013067271e-06,0.05718813824976203,0.29612046627603417
global_compatible,64,18,0,0,certified_reset,0,1,0.02811025866904229,0.02411638415065575,0.003993874518386541,0.011981623555159623,0.0,0.0,0,0,-0.005590660089851207,0.005850664287432596,-0.0014925510412410995,-0.007474391907631141,-0.005590660089851207,0.005850664287432596,-0.0030532232439862664,3.7649983613458605e-05,0.05718813824976203,0.29612046627603417
global_compatible,64,19,0,0,certified_reset,0,1,0.02411638415065575,0.02012250963226921,0.003993874518386541,0.007987749036773082,0.0,0.0,0,0,-0.0014925510412410995,-0.007474391907631141,-0.004930263139266542,-0.006302781377138172,-0.0014925510412410995,-0.007474391907631141,0.012493483215160176,1.6185862871892256e-05,0.05718813824976203,0.29612046627603417
global_compatible,64,20,1,1,certified_reset,0,1,0.02012250963226921,0.01612863511388267,0.003993874518386541,0.003993874518386541,0.0,0.0,0,0,-0.004930263139266542,-0.006302781377138172,0.01332677025681235,0.036653857558748934,-0.004930263139266542,-0.006302781377138172,0.014196263523694548,3.649635162910484e-05,0.05718813824976203,0.29612046627603417
global_compatible,64,21,0,0,certified_reset,0,1,0.01612863511388267,0.01213476059549613,0.003993874518386541,0.0,0.0,0.0,0,0,0.01332677025681235,0.036653857558748934,0.016667739618967378,-0.030789984703434477,0.01332677025681235,0.036653857558748934,-0.06726938414922966,0.0005325630058819442,0.05718813824976203,0.29612046627603417
global_compatible,65,0,1,1,certified_reset,0,1,0.1,0.09600612548161347,0.003993874518386541,0.08387136488611735,0.0,0.0,0,0,4.975533059019732,0.017394154765165037,4.240068371348832,-1.5484558805785127,4.975533059019732,0.017394154765165037,-1.5499999999999876,24.81604618158985,0.05718813824976203,0.29612046627603417
global_compatible,65,1,1,1,certified_reset,0,1,0.09600612548161347,0.09201225096322693,0.003993874518386541,0.07987749036773081,0.0,0.0,0,0,4.240068371348832,-1.5484558805785127,2.1630187629800237,-2.5228178411854687,4.240068371348832,-1.5484558805785127,-0.955580834040557,18.432596972510048,0.05718813824976203,0.29612046627603417
global_compatible,65,2,1,1,certified_reset,0,1,0.09201225096322693,0.0880183764448404,0.003993874518386541,0.07588361584934428,0.0,0.0,0,0,2.1630187629800237,-2.5228178411854687,0.4120441605534662,-0.9528486478135347,2.1630187629800237,-2.5228178411854687,1.55,5.884342443768299,0.05718813824976203,0.29612046627603417
global_compatible,65,3,1,1,certified_reset,0,1,0.0880183764448404,0.08402450192645386,0.003993874518386541,0.07188974133095774,0.0,0.0,0,0,0.4120441605534662,-0.9528486478135347,-0.051625272644312735,0.025556119247780486,0.4120441605534662,-0.9528486478135347,0.9933364549165271,0.35787402127807866,0.05718813824976203,0.29612046627603417
global_compatible,65,4,1,1,certified_reset,0,1,0.08402450192645386,0.08003062740806732,0.003993874518386541,0.0678958668125712,0.0,0.0,0,0,-0.051625272644312735,0.025556119247780486,-0.0011319925493392148,0.04455744659414766,-0.051625272644312735,0.025556119247780486,0.013760256478748399,0.002787463133639868,0.05718813824976203,0.29612046627603417
global_compatible,65,5,0,0,certified_reset,0,1,0.08003062740806732,0.07603675288968079,0.003993874518386541,0.06390199229418467,0.0,0.0,0,0,-0.0011319925493392148,0.04455744659414766,0.015577641516265239,-0.020127353716422314,-0.0011319925493392148,0.04455744659414766,-0.06451149829779237,0.00046269063090566905,0.05718813824976203,0.29612046627603417
global_compatible,65,6,0,0,certified_reset,0,1,0.07603675288968079,0.07204287837129425,0.003993874518386541,0.05990811777579813,0.0,0.0,0,0,0.015577641516265239,-0.020127353716422314,0.008316265942331997,-0.003542589344651216,0.015577641516265239,-0.020127353716422314,0.014142077853732473,0.0003205827405324724,0.05718813824976203,0.29612046627603417
global_compatible,65,7,0,0,certified_reset,0,1,0.07204287837129425,0.06804900385290771,0.003993874518386541,0.05591424325741159,0.0,0.0,0,0,0.008316265942331997,-0.003542589344651216,0.005392495807565494,-0.004137491054633345,0.008316265942331997,-0.003542589344651216,-0.0030621614259537396,7.165368910622662e-05,0.05718813824976203,0.29612046627603417
global_compatible,65,8,0,0,certified_reset,0,1,0.06804900385290771,0.06405512933452118,0.003993874518386541,0.051920368739025044,0.0,0.0,0,0,0.005392495807565494,-0.004137491054633345,0.005436275309835562,-0.00767032346993785,0.005392495807565494,-0.004137491054633345,0.0007246681475756293,3.2173529433604974e-05,0.05718813824976203,0.29612046627603417
global_compatible,65,9,0,0,certified_reset,0,1,0.06405512933452118,0.060061254816134634,0.003993874518386541,0.0479264942206385,0.0,0.0,0,0,0.005436275309835562,-0.00767032346993785,-0.010469918348828343,0.014693883096128495,0.005436275309835562,-0.00767032346993785,0.005882988929967487,4.1008423397107025e-05,0.05718813824976203,0.29612046627603417
global_compatible,65,10,0,0,certified_reset,0,1,0.060061254816134634,0.05606738029774809,0.003993874518386541,0.04393261970225196,0.0,0.0,0,0,-0.010469918348828343,0.014693883096128495,-0.006910723285393629,0.011848131157336012,-0.010469918348828343,0.014693883096128495,-0.011218570198452965,0.00015162943424325715,0.05718813824976203,0.29612046627603417
global_compatible,65,11,0,0,certified_reset,0,1,0.05606738029774809,0.05207350577936155,0.003993874518386541,0.039938745183865414,0.0,0.0,0,0,-0.006910723285393629,0.011848131157336012,0.0016618387318781728,0.018928963935422507,-0.006910723285393629,0.011848131157336012,-0.01056983685159255,7.581921074987236e-05,0.05718813824976203,0.29612046627603417
global_compatible,65,12,0,0,certified_reset,0,1,0.05207350577936155,0.048079631260975,0.003993874518386541,0.03594487066547887,0.0,0.0,0,0,0.0016618387318781728,0.018928963935422507,0.015154233760132862,-0.01062432668122145,0.0016618387318781728,0.018928963935422507,-0.02953677458725618,8.906725591656468e-05,0.05718813824976203,0.29612046627603417
global_compatible,65,13,0,0,certified_reset,0,1,0.048079631260975,0.04408575674258846,0.003993874518386541,0.03195099614709233,0.0,0.0,0,0,0.015154233760132862,-0.01062432668122145,0.002977500682068448,-0.016173680364365884,0.015154233760132862,-0.01062432668122145,0.0005606723188783202,0.00024997639683025605,0.05718813824976203,0.29612046627603417
global_compatible,65,14,0,0,certified_reset,0,1,0.04408575674258846,0.040091882224201916,0.003993874518386541,0.027957121628705783,0.0,0.0,0,0,0.002977500682068448,-0.016173680364365884,-0.011375933362239526,0.0034154877902313535,0.002977500682068448,-0.016173680364365884,0.020859931870619765,6.682975782805195e-05,0.05718813824976203,0.29612046627603417
global_compatible,65,15,0,0,certified_reset,0,1,0.040091882224201916,0.03609800770581537,0.003993874518386541,0.023963247110319243,0.0,0.0,0,0,-0.011375933362239526,0.0034154877902313535,-0.00571598327518855,0.018464805255198682,-0.011375933362239526,0.0034154877902313535,0.006292940543129522,0.0001325016876112379,0.05718813824976203,0.29612046627603417
global_compatible,65,16,0,0,certified_reset,0,1,0.03609800770581537,0.03210413318742883,0.003993874518386541,0.019969372591932703,0.0,0.0,0,0,-0.00571598327518855,0.018464805255198682,0.0047500215170369585,-0.0007266499988517962,-0.00571598327518855,0.018464805255198682,-0.02151155228024788,0.00010561196280011549,0.05718813824976203,0.29612046627603417
global_compatible,65,17,0,0,certified_reset,0,1,0.03210413318742883,0.02811025866904229,0.003993874518386541,0.015975498073546163,0.0,0.0,0,0,0.0047500215170369585,-0.0007266499988517962,0.0023329268281263187,-0.00669221658659112,0.0047500215170369585,-0.0007266499988517962,-0.0036606922650359963,2.299276474854608e-05,0.05718813824976203,0.29612046627603417
global_compatible,65,18,0,0,certified_reset,0,1,0.02811025866904229,0.02411638415065575,0.003993874518386541,0.011981623555159623,0.0,0.0,0,0,0.0023329268281263187,-0.00669221658659112,-0.00525657887363175,-0.006376430015928729,0.0023329268281263187,-0.00669221658659112,0.007533863140540988,1.4922962242433735e-05,0.05718813824976203,0.29612046627603417
global_compatible,65,19,0,0,certified_reset,0,1,0.02411638415065575,0.02012250963226921,0.003993874518386541,0.007987749036773082,0.0,0.0,0,0,-0.00525657887363175,-0.006376430015928729,0.0005515913838018433,0.015209903808763038,-0.00525657887363175,-0.006376430015928729,0.014626139421405943,4.0298315068718395e-05,0.05718813824976203,0.29612046627603417
global_compatible,65,20,0,0,certified_reset,0,1,0.02012250963226921,0.01612863511388267,0.003993874518386541,0.003993874518386541,0.0,0.0,0,0,0.0005515913838018433,0.015209903808763038,0.001449321083064317,-0.015302492286299882,0.0005515913838018433,0.015209903808763038,-0.022956781109187717,5.512100932399177e-05,0.05718813824976203,0.29612046627603417
global_compatible,65,21,0,0,certified_reset,0,1,0.01612863511388267,0.01213476059549613,0.003993874518386541,0.0,0.0,0.0,0,0,0.001449321083064317,-0.015302492286299882,0.005410026348393443,0.006861683153196121,0.001449321083064317,-0.015302492286299882,0.021100423929998592,5.538115748346429e-05,0.05718813824976203,0.29612046627603417
global_compatible,66,0,0,0,certified_reset,0,1,0.1,0.09600612548161347,0.003993874518386541,0.08387136488611735,0.0,0.0,0,0,-5.545954945355048,0.20176642359848995,-4.572355340942723,1.7535283956849694,-5.545954945355048,0.20176642359848995,1.55,30.82500650005262,0.05718813824976203,0.29612046627603417
global_compatible,66,1,0,0,certified_reset,0,1,0.09600612548161347,0.09201225096322693,0.003993874518386541,0.07987749036773081,0.0,0.0,0,0,-4.572355340942723,1.7535283956849694,-2.3964481523540115,2.6089122865498755,-4.572355340942723,1.7535283956849694,0.8501332370267781,21.477976657070116,0.05718813824976203,0.29612046627603417
global_compatible,66,2,0,0,certified_reset,0,1,0.09201225096322693,0.0880183764448404,0.003993874518386541,0.07588361584934428,0.0,0.0,0,0,-2.3964481523540115,2.6089122865498755,-0.5225985868707831,1.1602064311973457,-2.3964481523540115,2.6089122865498755,-1.456875229455367,7.021182080179933,0.05718813824976203,0.29612046627603417
global_compatible,66,3,0,0,certified_reset,0,1,0.0880183764448404,0.08402450192645386,0.003993874518386541,0.07188974133095774,0.0,0.0,0,0,-0.5225985868707831,1.1602064311973457,0.04478222852413651,-0.023137425283438737,-0.5225985868707831,1.1602064311973457,-1.1887076636850578,0.5507291440804317,0.05718813824976203,0.29612046627603417
global_compatible,66,4,0,0,certified_reset,0,1,0.08402450192645386,0.08003062740806732,0.003993874518386541,0.0678958668125712,0.0,0.0,0,0,0.04478222852413651,-0.023137425283438737,0.022829329148711504,-0.03533716210239272,0.04478222852413651,-0.023137425283438737,-0.010508983074659757,0.0021045702404939807,0.05718813824976203,0.29612046627603417
global_compatible,66,5,0,0,certified_reset,0,1,0.08003062740806732,0.07603675288968079,0.003993874518386541,0.06390199229418467,0.0,0.0,0,0,0.022829329148711504,-0.03533716210239272,0.007024751042470097,0.004609476371418664,0.022829329148711504,-0.03533716210239272,0.02932377806264191,0.0007674440729580261,0.05718813824976203,0.29612046627603417
global_compatible,66,6,0,0,certified_reset,0,1,0.07603675288968079,0.07204287837129425,0.003993874518386541,0.05990811777579813,0.0,0.0,0,0,0.007024751042470097,0.004609476371418664,0.006110424901265673,-0.025894486455934222,0.007024751042470097,0.004609476371418664,-0.01378246690742203,5.792054609539936e-05,0.05718813824976203,0.29612046627603417
global_compatible,66,7,0,0,certified_reset,0,1,0.07204287837129425,0.06804900385290771,0.003993874518386541,0.05591424325741159,0.0,0.0,0,0,0.006110424901265673,-0.025894486455934222,-0.0092285501353543,0.02026017854347751,0.006110424901265673,-0.025894486455934222,0.03206241944173335,0.0001837316581724296,0.05718813824976203,0.29612046627603417
global_compatible,66,8,0,0,certified_reset,0,1,0.06804900385290771,0.06405512933452118,0.003993874518386541,0.051920368739025044,0.0,0.0,0,0,-0.0092285501353543,0.02026017854347751,0.00824003796686578,0.014511712285198972,-0.0092285501353543,0.02026017854347751,-0.0206497323538341,0.000169711893988318,0.05718813824976203,0.29612046627603417
global_compatible,66,9,0,0,certified_reset,0,1,0.06405512933452118,0.060061254816134634,0.003993874518386541,0.0479264942206385,0.0,0.0,0,0,0.00824003796686578,0.014511712285198972,-0.0006062089664490879,-0.011714225844164155,0.00824003796686578,0.014511712285198972,-0.029582643473525263,0.00012768270838814329,0.05718813824976203,0.29612046627603417
global_compatible,66,10,0,0,certified_reset,0,1,0.060061254816134634,0.05606738029774809,0.003993874518386541,0.04393261970225196,0.0,0.0,0,0,-0.0006062089664490879,-0.011714225844164155,-0.00885128787117401,0.0020179920947516047,-0.0006062089664490879,-0.011714225844164155,0.017863418286276304,3.304518781582005e-05,0.05718813824976203,0.29612046627603417
global_compatible,66,11,0,0,certified_reset,0,1,0.05606738029774809,0.05207350577936155,0.003993874518386541,0.039938745183865414,0.0,0.0,0,0,-0.00885128787117401,0.0020179920947516047,-0.012376966176016808,0.0002173517650802927,-0.00885128787117401,0.0020179920947516047,0.005843620496377063,7.99320070680405e-05,0.05718813824976203,0.29612046627603417
global_compatible,66,12,0,0,certified_reset,0,1,0.05207350577936155,0.048079631260975,0.003993874518386541,0.03594487066547887,0.0,0.0,0,0,-0.012376966176016808,0.0002173517650802927,-0.014725273013432847,0.008695874815840953,-0.012376966176016808,0.0002173517650802927,0.012003019125502772,0.00015679960694760478,0.05718813824976203,0.29612046627603417
global_compatible,66,13,0,0,certified_reset,0,1,0.048079631260975,0.04408575674258846,0.003993874518386541,0.03195099614709233,0.0,0.0,0,0,-0.014725273013432847,0.008695874815840953,-0.0034037081012033834,0.02347422615698893,-0.014725273013432847,0.008695874815840953,0.0018568079436882983,0.00023053114169992715,0.05718813824976203,0.29612046627603417
global_compatible,66,14,0,0,certified_reset,0,1,0.04408575674258846,0.040091882224201916,0.003993874518386541,0.027957121628705783,0.0,0.0,0,0,-0.0034037081012033834,0.02347422615698893,0.0007411910364472883,-0.011641780673461222,-0.0034037081012033834,0.02347422615698893,-0.031193471960078337,0.00013509811902180576,0.05718813824976203,0.29612046627603417
global_compatible,66,15,0,0,certified_reset,0,1,0.040091882224201916,0.03609800770581537,0.003993874518386541,0.023963247110319243,0.0,0.0,0,0,0.0007411910364472883,-0.011641780673461222,-0.0028241345338890717,0.0020500383076856696,0.0007411910364472883,-0.011641780673461222,0.016412079845894437,3.1678863579025703e-05,0.05718813824976203,0.29612046627603417
global_compatible,66,16,0,0,certified_reset,0,1,0.03609800770581537,0.03210413318742883,0.003993874518386541,0.019969372591932703,0.0,0.0,0,0,-0.0028241345338890717,0.0020500383076856696,0.00337499498834133,-0.01182436186094228,-0.0028241345338890717,0.0020500383076856696,-0.0002054334185391339,8.733269209077332e-06,0.05718813824976203,0.29612046627603417
global_compatible,66,17,0,0,certified_reset,0,1,0.03210413318742883,0.02811025866904229,0.003993874518386541,0.015975498073546163,0.0,0.0,0,0,0.00337499498834133,-0.01182436186094228,-0.0027565538330945587,0.0044770102157595144,0.00337499498834133,-0.01182436186094228,0.014053958004116619,4.149523057619708e-05,0.05718813824976203,0.29612046627603417
global_compatible,66,18,2,2,certified_reset,0,1,0.02811025866904229,0.02411638415065575,0.003993874518386541,0.011981623555159623,0.0,0.0,0,0,-0.0027565538330945587,0.0044770102157595144,0.02881690897891851,0.027547715257414576,-0.0027565538330945587,0.0044770102157595144,-0.0038551825022448295,1.1578001522851383e-05,0.05718813824976203,0.29612046627603417
global_compatible,66,19,1,1,certified_reset,0,1,0.02411638415065575,0.02012250963226921,0.003993874518386541,0.007987749036773082,0.0,0.0,0,0,0.02881690897891851,0.027547715257414576,-0.010654778051307275,-0.09222509948592134,0.02881690897891851,0.027547715257414576,-0.06927624591606149,0.0010869919901674865,0.05718813824976203,0.29612046627603417
global_compatible,66,20,0,0,certified_reset,0,1,0.02012250963226921,0.01612863511388267,0.003993874518386541,0.003993874518386541,0.0,0.0,0,0,-0.010654778051307275,-0.09222509948592134,-0.031356996863645764,0.04498414503365989,-0.010654778051307275,-0.09222509948592134,0.14646904752426507,0.0021808382579231104,0.05718813824976203,0.29612046627603417
global_compatible,66,21,0,0,certified_reset,0,1,0.01612863511388267,0.01213476059549613,0.003993874518386541,0.0,0.0,0.0,0,0,-0.031356996863645764,0.04498414503365989,-0.002678944639415819,0.024315260222875203,-0.031356996863645764,0.04498414503365989,-0.03504298903890975,0.0013782047241199015,0.05718813824976203,0.29612046627603417
global_compatible,67,0,0,0,certified_reset,0,1,0.1,0.09600612548161347,0.003993874518386541,0.08387136488611735,0.0,0.0,0,0,-3.8691698058334785,0.2094201656440896,-2.8785570832630345,1.7604491540754308,-3.8691698058334785,0.2094201656440896,1.55,15.03843171141359,0.05718813824976203,0.29612046627603417
global_compatible,67,1,0,0,certified_reset,0,1,0.09600612548161347,0.09201225096322693,0.003993874518386541,0.07987749036773081,0.0,0.0,0,0,-2.8785570832630345,1.7604491540754308,-1.117654049082656,1.7510216192502819,-2.8785570832630345,1.7604491540754308,-0.00574474312724122,8.843944326990911,0.05718813824976203,0.29612046627603417
global_compatible,67,2,0,0,certified_reset,0,1,0.09201225096322693,0.0880183764448404,0.003993874518386541,0.07588361584934428,0.0,0.0,0,0,-1.117654049082656,1.7510216192502819,-0.10318562474713452,0.2825534906545984,-1.117654049082656,1.7510216192502819,-1.466500081630745,1.854809943661169,0.05718813824976203,0.29612046627603417
global_compatible,67,3,0,0,certified_reset,0,1,0.0880183764448404,0.08402450192645386,0.003993874518386541,0.07188974133095774,0.0,0.0,0,0,-0.10318562474713452,0.2825534906545984,0.025993173287126532,-0.03536690226388968,-0.10318562474713452,0.2825534906545984,-0.3134808685033088,0.027474595041993857,0.05718813824976203,0.29612046627603417
global_compatible,67,4,0,0,certified_reset,0,1,0.08402450192645386,0.08003062740806732,0.003993874518386541,0.0678958668125712,0.0,0.0,0,0,0.025993173287126532,-0.03536690226388968,0.002893702766485252,-0.011934285558832507,0.025993173287126532,-0.03536690226388968,0.026216452786121294,0.000917974817085596,0.05718813824976203,0.29612046627603417
global_compatible,67,5,0,0,certified_reset,0,1,0.08003062740806732,0.07603675288968079,0.003993874518386541,0.06390199229418467,0.0,0.0,0,0,0.002893702766485252,-0.011934285558832507,0.006830331453080769,0.007253078761405247,0.002893702766485252,-0.011934285558832507,0.014694756921090433,3.9408803648969244e-05,0.05718813824976203,0.29612046627603417
global_compatible,67,6,0,0,certified_reset,0,1,0.07603675288968079,0.07204287837129425,0.003993874518386541,0.05990811777579813,0.0,0.0,0,0,0.006830331453080769,0.007253078761405247,-0.005673202147278468,-0.022326860117844634,0.006830331453080769,0.007253078761405247,-0.017488656946842037,6.376904307749923e-05,0.05718813824976203,0.29612046627603417
global_compatible,67,7,0,0,certified_reset,0,1,0.07204287837129425,0.06804900385290771,0.003993874518386541,0.05591424325741159,0.0,0.0,0,0,-0.005673202147278468,-0.022326860117844634,-0.005583535202514114,0.00801323696583168,-0.005673202147278468,-0.022326860117844634,0.03854171646664743,0.0001590497831986953,0.05718813824976203,0.29612046627603417
global_compatible,67,8,0,0,certified_reset,0,1,0.06804900385290771,0.06405512933452118,0.003993874518386541,0.051920368739025044,0.0,0.0,0,0,-0.005583535202514114,0.00801323696583168,0.002423369064223899,0.006528673836022214,-0.005583535202514114,0.00801323696583168,-0.006246097054484552,4.370936256876817e-05,0.05718813824976203,0.29612046627603417
global_compatible,67,9,2,2,certified_reset,0,1,0.06405512933452118,0.060061254816134634,0.003993874518386541,0.0479264942206385,0.0,0.0,0,0,0.002423369064223899,0.006528673836022214,0.01964364779027846,-0.03333892265645921,0.002423369064223899,0.006528673836022214,-0.01202781822037463,1.7161672670285796e-05,0.05718813824976203,0.29612046627603417
global_compatible,67,10,2,2,certified_reset,0,1,0.060061254816134634,0.05606738029774809,0.003993874518386541,0.04393261970225196,0.0,0.0,0,0,0.01964364779027846,-0.03333892265645921,-0.027578871759052027,-0.04935242914440696,0.01964364779027846,-0.03333892265645921,0.029546126977305732,0.0006077643164932952,0.05718813824976203,0.29612046627603417
global_compatible,67,11,2,2,certified_reset,0,1,0.05606738029774809,0.05207350577936155,0.003993874518386541,0.039938745183865414,0.0,0.0,0,0,-0.027578871759052027,-0.04935242914440696,-0.05543361724077881,-0.029721858566611734,-0.027578871759052027,-0.04935242914440696,0.10016567713344271,0.0014498424466339323,0.05718813824976203,0.29612046627603417
global_compatible,67,12,2,2,certified_reset,0,1,0.05207350577936155,0.048079631260975,0.003993874518386541,0.03594487066547887,0.0,0.0,0,0,-0.05543361724077881,-0.029721858566611734,-0.00995663255207812,0.051887049085567405,-0.05543361724077881,-0.029721858566611734,0.09898293262650067,0.00347683644197839,0.05718813824976203,0.29612046627603417
global_compatible,67,13,2,2,certified_reset,0,1,0.048079631260975,0.04408575674258846,0.003993874518386541,0.03195099614709233,0.0,0.0,0,0,-0.00995663255207812,0.051887049085567405,-0.02760545355384915,-0.03966943703891261,-0.00995663255207812,0.051887049085567405,-0.06652107265397243,0.0006943687147584332,0.05718813824976203,0.29612046627603417
global_compatible,67,14,1,1,certified_reset,0,1,0.04408575674258846,0.040091882224201916,0.003993874518386541,0.027957121628705783,0.0,0.0,0,0,-0.02760545355384915,-0.03966943703891261,-0.02334022879689982,0.041545023240382346,-0.02760545355384915,-0.03966943703891261,0.08592899331312397,0.0012299154255060603,0.05718813824976203,0.29612046627603417
global_compatible,67,15,0,0,certified_reset,0,1,0.040091882224201916,0.03609800770581537,0.003993874518386541,0.023963247110319243,0.0,0.0,0,0,-0.02334022879689982,0.041545023240382346,-0.007196631065552171,0.006401841795217691,-0.02334022879689982,0.041545023240382346,-0.037953101820838574,0.000891455240825109,0.05718813824976203,0.29612046627603417
global_compatible,67,16,0,0,certified_reset,0,1,0.03609800770581537,0.03210413318742883,0.003993874518386541,0.019969372591932703,0.0,0.0,0,0,-0.007196631065552171,0.006401841795217691,-0.0035318264463268887,0.007410320245605477,-0.007196631065552171,0.006401841795217691,-0.0022698489878579813,5.929734816114186e-05,0.05718813824976203,0.29612046627603417
global_compatible,67,17,0,0,certified_reset,0,1,0.03210413318742883,0.02811025866904229,0.003993874518386541,0.015975498073546163,0.0,0.0,0,0,-0.0035318264463268887,0.007410320245605477,-0.0060531162200317245,0.0004025890754888339,-0.0035318264463268887,0.007410320245605477,-0.007398449128577473,2.3726536590315214e-05,0.05718813824976203,0.29612046627603417
global_compatible,67,18,0,0,certified_reset,0,1,0.02811025866904229,0.02411638415065575,0.003993874518386541,0.011981623555159623,0.0,0.0,0,0,-0.0060531162200317245,0.0004025890754888339,-0.004916305892337547,0.012237653903901646,-0.0060531162200317245,0.0004025890754888339,0.005433168098289562,3.740737289628447e-05,0.05718813824976203,0.29612046627603417
global_compatible,67,19,0,0,certified_reset,0,1,0.02411638415065575,0.02012250963226921,0.003993874518386541,0.007987749036773082,0.0,0.0,0,0,-0.004916305892337547,0.012237653903901646,0.0063454784197653534,0.0045157924398420675,-0.004916305892337547,0.012237653903901646,-0.01313105790435614,5.543751182212398e-05,0.05718813824976203,0.29612046627603417
global_compatible,67,20,0,0,certified_reset,0,1,0.02012250963226921,0.01612863511388267,0.003993874518386541,0.003993874518386541,0.0,0.0,0,0,0.0063454784197653534,0.0045157924398420675,0.00799065015757269,-0.015285724209882764,0.0063454784197653534,0.0045157924398420675,-0.012969613635157166,4.814099696659143e-05,0.05718813824976203,0.29612046627603417
global_compatible,67,21,0,0,certified_reset,0,1,0.01612863511388267,0.01213476059549613,0.003993874518386541,0.0,0.0,0.0,0,0,0.00799065015757269,-0.015285724209882764,0.005975705862710631,-0.0004471343004491008,0.00799065015757269,-0.015285724209882764,0.01456160258046758,0.00011120910231521075,0.05718813824976203,0.29612046627603417
global_compatible,68,0,0,0,certified_reset,0,1,0.1,0.09600612548161347,0.003993874518386541,0.08387136488611735,0.0,0.0,0,0,1.2309067104406735,-0.3078837404185653,0.5420111684831282,-1.0843454927945453,1.2309067104406735,-0.3078837404185653,-0.7721489928403449,1.5470993130570316,0.05718813824976203,0.29612046627603417
global_compatible,68,1,0,0,certified_reset,0,1,0.09600612548161347,0.09201225096322693,0.003993874518386541,0.07987749036773081,0.0,0.0,0,0,0.5420111684831282,-1.0843454927945453,-0.01695750646524265,-0.02013058957996406,0.5420111684831282,-1.0843454927945453,1.0576271842088512,0.5333854148737768,0.05718813824976203,0.29612046627603417
global_compatible,68,2,0,0,certified_reset,0,1,0.09201225096322693,0.0880183764448404,0.003993874518386541,0.07588361584934428,0.0,0.0,0,0,-0.01695750646524265,-0.02013058957996406,-0.008904702060169887,0.02570323774034313,-0.01695750646524265,-0.02013058957996406,0.04654363401088395,0.0004146580868228765,0.05718813824976203,0.29612046627603417
global_compatible,68,3,0,0,certified_reset,0,1,0.0880183764448404,0.08402450192645386,0.003993874518386541,0.07188974133095774,0.0,0.0,0,0,-0.008904702060169887,0.02570323774034313,0.0005625111951516248,-0.006972886566100239,-0.008904702060169887,0.02570323774034313,-0.02899851137316946,0.00021923471778747768,0.05718813824976203,0.29612046627603417
global_compatible,68,4,0,0,certified_reset,0,1,0.08402450192645386,0.08003062740806732,0.003993874518386541,0.0678958668125712,0.0,0.0,0,0,0.0005625111951516248,-0.006972886566100239,0.0056649242730673986,0.004659538714657671,0.0005625111951516248,-0.006972886566100239,0.009711911362165168,1.1426255873800943e-05,0.05718813824976203,0.29612046627603417
global_compatible,68,5,0,0,certified_reset,0,1,0.08003062740806732,0.07603675288968079,0.003993874518386541,0.06390199229418467,0.0,0.0,0,0,0.0056649242730673986,0.004659538714657671,-0.00900068026333161,-0.006314679151184809,0.0056649242730673986,0.004659538714657671,-0.01250304701075345,3.9907555819426816e-05,0.05718813824976203,0.29612046627603417
global_compatible,68,6,0,0,certified_reset,0,1,0.07603675288968079,0.07204287837129425,0.003993874518386541,0.05990811777579813,0.0,0.0,0,0,-0.00900068026333161,-0.006314679151184809,-0.006729995602638989,0.010466427723020146,-0.00900068026333161,-0.006314679151184809,0.01826762128842091,9.653242599198986e-05,0.05718813824976203,0.29612046627603417
global_compatible,68,7,0,0,certified_reset,0,1,0.07204287837129425,0.06804900385290771,0.003993874518386541,0.05591424325741159,0.0,0.0,0,0,-0.006729995602638989,0.010466427723020146,-0.003289200880979242,0.004129971422901905,-0.006729995602638989,0.010466427723020146,-0.008717706719030799,6.691110074313284e-05,0.05718813824976203,0.29612046627603417
global_compatible,68,8,0,0,certified_reset,0,1,0.06804900385290771,0.06405512933452118,0.003993874518386541,0.051920368739025044,0.0,0.0,0,0,-0.003289200880979242,0.004129971422901905,-0.0018456776731257565,0.008720689383386077,-0.003289200880979242,0.004129971422901905,-0.0028080428616225708,1.4086169564969908e-05,0.05718813824976203,0.29612046627603417
global_compatible,68,9,0,0,certified_reset,0,1,0.06405512933452118,0.060061254816134634,0.003993874518386541,0.0479264942206385,0.0,0.0,0,0,-0.0018456776731257565,0.008720689383386077,0.0017184261336713833,0.005802246564263239,-0.0018456776731257565,0.008720689383386077,-0.011004102546711915,2.012285909240917e-05,0.05718813824976203,0.29612046627603417
global_compatible,68,10,0,0,certified_reset,0,1,0.060061254816134634,0.05606738029774809,0.003993874518386541,0.04393261970225196,0.0,0.0,0,0,0.0017184261336713833,0.005802246564263239,0.004187852474939274,-0.017872920952434784,0.0017184261336713833,0.005802246564263239,-0.010256339938850787,1.1642692835067244e-05,0.05718813824976203,0.29612046627603417
global_compatible,68,11,0,0,certified_reset,0,1,0.05606738029774809,0.05207350577936155,0.003993874518386541,0.039938745183865414,0.0,0.0,0,0,0.004187852474939274,-0.017872920952434784,0.0069595565799604586,0.013757080462951465,0.004187852474939274,-0.017872920952434784,0.022158281439185253,8.731227886726536e-05,0.05718813824976203,0.29612046627603417
global_compatible,68,12,0,0,certified_reset,0,1,0.05207350577936155,0.048079631260975,0.003993874518386541,0.03594487066547887,0.0,0.0,0,0,0.0069595565799604586,0.013757080462951465,0.003519071485181191,-0.016721197013628033,0.0069595565799604586,0.013757080462951465,-0.027198275488524912,0.00010099538984395506,0.05718813824976203,0.29612046627603417
global_compatible,68,13,1,1,certified_reset,0,1,0.048079631260975,0.04408575674258846,0.003993874518386541,0.03195099614709233,0.0,0.0,0,0,0.003519071485181191,-0.016721197013628033,0.020139160328716273,0.02013150759333908,0.003519071485181191,-0.016721197013628033,0.02112377552591287,7.386692875188559e-05,0.05718813824976203,0.29612046627603417
global_compatible,68,14,0,0,certified_reset,0,1,0.04408575674258846,0.040091882224201916,0.003993874518386541,0.027957121628705783,0.0,0.0,0,0,0.020139160328716273,0.02013150759333908,0.01059456702213921,-0.010814357167439767,0.020139160328716273,0.02013150759333908,-0.04971096332262577,0.0005403152432438458,0.05718813824976203,0.29612046627603417
global_compatible,68,15,0,0,certified_reset,0,1,0.040091882224201916,0.03609800770581537,0.003993874518386541,0.023963247110319243,0.0,0.0,0,0,0.01059456702213921,-0.010814357167439767,-0.0017324725584265109,-0.009031294549747588,0.01059456702213921,-0.010814357167439767,0.00538348363304094,0.00013402045555737223,0.05718813824976203,0.29612046627603417
global_compatible,68,16,0,0,certified_reset,0,1,0.03609800770581537,0.03210413318742883,0.003993874518386541,0.019969372591932703,0.0,0.0,0,0,-0.0017324725584265109,-0.009031294549747588,0.00018511925339577493,0.004394125307102716,-0.0017324725584265109,-0.009031294549747588,0.015027454283241573,2.3328641345547875e-05,0.05718813824976203,0.29612046627603417
global_compatible,68,17,0,0,certified_reset,0,1,0.03210413318742883,0.02811025866904229,0.003993874518386541,0.015975498073546163,0.0,0.0,0,0,0.00018511925339577493,0.004394125307102716,-0.00038799127509794255,0.00306792295906885,0.00018511925339577493,0.004394125307102716,-0.006655669418478195,4.617218221793153e-06,0.05718813824976203,0.29612046627603417
global_compatible,68,18,0,0,certified_reset,0,1,0.02811025866904229,0.02411638415065575,0.003993874518386541,0.011981623555159623,0.0,0.0,0,0,-0.00038799127509794255,0.00306792295906885,-0.007116472039280652,-0.00020147248501752567,-0.00038799127509794255,0.00306792295906885,-0.004134083166984537,2.271990551241468e-06,0.05718813824976203,0.29612046627603417
global_compatible,68,19,0,0,certified_reset,0,1,0.02411638415065575,0.02012250963226921,0.003993874518386541,0.007987749036773082,0.0,0.0,0,0,-0.007116472039280652,-0.00020147248501752567,-0.000682234568256682,0.010480775753311487,-0.007116472039280652,-0.00020147248501752567,0.007382526389298353,5.201402309227993e-05,0.05718813824976203,0.29612046627603417
global_compatible,68,20,0,0,certified_reset,0,1,0.02012250963226921,0.01612863511388267,0.003993874518386541,0.003993874518386541,0.0,0.0,0,0,-0.000682234568256682,0.010480775753311487,0.00648581381601343,-0.016231634186749992,-0.000682234568256682,0.010480775753311487,-0.014759073192583742,2.5683598914141837e-05,0.05718813824976203,0.29612046627603417
global_compatible,68,21,0,0,certified_reset,0,1,0.01612863511388267,0.01213476059549613,0.003993874518386541,0.0,0.0,0.0,0,0,0.00648581381601343,-0.016231634186749992,-0.007633261509109373,0.001590065490685621,0.00648581381601343,-0.016231634186749992,0.017450264049363312,9.710244444784804e-05,0.05718813824976203,0.29612046627603417
global_compatible,69,0,0,0,certified_reset,0,1,0.1,0.09600612548161347,0.003993874518386541,0.08387136488611735,0.0,0.0,0,0,1.1334023512796563,-0.25740953842334585,0.5013240515285093,-1.0100163084922003,1.1334023512796563,-0.25740953842334585,-0.7494106585427801,1.310568038949529,0.05718813824976203,0.29612046627603417
global_compatible,69,1,0,0,certified_reset,0,1,0.09600612548161347,0.09201225096322693,0.003993874518386541,0.07987749036773081,0.0,0.0,0,0,0.5013240515285093,-1.0100163084922003,-0.004719388292682487,-0.019199860705787594,0.5013240515285093,-1.0100163084922003,0.9886481354950376,0.4593853628520429,0.05718813824976203,0.29612046627603417
global_compatible,69,2,0,0,certified_reset,0,1,0.09201225096322693,0.0880183764448404,0.003993874518386541,0.07588361584934428,0.0,0.0,0,0,-0.004719388292682487,-0.019199860705787594,-0.006675447418856535,0.00658450109931174,-0.004719388292682487,-0.019199860705787594,0.032983221343134625,0.00011582418531326017,0.05718813824976203,0.29612046627603417
global_compatible,69,3,0,0,certified_reset,0,1,0.0880183764448404,0.08402450192645386,0.003993874518386541,0.07188974133095774,0.0,0.0,0,0,-0.006675447418856535,0.00658450109931174,-0.0006742968921621261,0.013320892427680659,-0.006675447418856535,0.00658450109931174,-0.003050181046093488,5.259820620309782e-05,0.05718813824976203,0.29612046627603417
global_compatible,69,4,0,0,certified_reset,0,1,0.08402450192645386,0.08003062740806732,0.003993874518386541,0.0678958668125712,0.0,0.0,0,0,-0.0006742968921621261,0.013320892427680659,0.0037093851394550217,-0.019510227613348433,-0.0006742968921621261,0.013320892427680659,-0.01894967189468883,4.137223943425968e-05,0.05718813824976203,0.29612046627603417
global_compatible,69,5,0,0,certified_reset,0,1,0.08003062740806732,0.07603675288968079,0.003993874518386541,0.06390199229418467,0.0,0.0,0,0,0.0037093851394550217,-0.019510227613348433,0.0003038326670472798,-0.009312991618622748,0.0037093851394550217,-0.019510227613348433,0.02504808323859988,9.796151663544492e-05,0.05718813824976203,0.29612046627603417
global_compatible,69,6,0,0,certified_reset,0,1,0.07603675288968079,0.07204287837129425,0.003993874518386541,0.05990811777579813,0.0,0.0,0,0,0.0003038326670472798,-0.009312991618622748,-0.010533293356123144,0.010464408618073597,0.0003038326670472798,-0.009312991618622748,0.01342042638324095,2.0206736717201566e-05,0.05718813824976203,0.29612046627603417
global_compatible,69,7,0,0,certified_reset,0,1,0.07204287837129425,0.06804900385290771,0.003993874518386541,0.05591424325741159,0.0,0.0,0,0,-0.010533293356123144,0.010464408618073597,-0.0027422486244227965,0.012316982115738333,-0.010533293356123144,0.010464408618073597,-0.004924998054640597,0.00013126735166278563,0.05718813824976203,0.29612046627603417
global_compatible,69,8,0,0,certified_reset,0,1,0.06804900385290771,0.06405512933452118,0.003993874518386541,0.051920368739025044,0.0,0.0,0,0,-0.0027422486244227965,0.012316982115738333,0.0016315549004095962,-0.006889869268058292,-0.0027422486244227965,0.012316982115738333,-0.015412052461897512,4.0765660264450976e-05,0.05718813824976203,0.29612046627603417
global_compatible,69,9,0,0,certified_reset,0,1,0.06405512933452118,0.060061254816134634,0.003993874518386541,0.0479264942206385,0.0,0.0,0,0,0.0016315549004095962,-0.006889869268058292,-0.0024371400035164033,-0.003377263197342716,0.0016315549004095962,-0.006889869268058292,0.00852253995130717,1.3022467309159378e-05,0.05718813824976203,0.29612046627603417
global_compatible,69,10,0,0,certified_reset,0,1,0.060061254816134634,0.05606738029774809,0.003993874518386541,0.04393261970225196,0.0,0.0,0,0,-0.0024371400035164033,-0.003377263197342716,0.001175916951901862,-0.0028522267627963255,-0.0024371400035164033,-0.003377263197342716,0.007399092344949432,9.361378791709764e-06,0.05718813824976203,0.29612046627603417
global_compatible,69,11,0,0,certified_reset,0,1,0.05606738029774809,0.05207350577936155,0.003993874518386541,0.039938745183865414,0.0,0.0,0,0,0.001175916951901862,-0.0028522267627963255,-0.0002798321359581517,0.011748490952578372,0.001175916951901862,-0.0028522267627963255,0.0030313623465785216,3.076845170830606e-06,0.05718813824976203,0.29612046627603417
global_compatible,69,12,0,0,certified_reset,0,1,0.05207350577936155,0.048079631260975,0.003993874518386541,0.03594487066547887,0.0,0.0,0,0,-0.0002798321359581517,0.011748490952578372,-0.00015724158091296077,-0.005655597579630743,-0.0002798321359581517,0.011748490952578372,-0.017029293909551026,3.217309444006855e-05,0.05718813824976203,0.29612046627603417
global_compatible,69,13,0,0,certified_reset,0,1,0.048079631260975,0.04408575674258846,0.003993874518386541,0.03195099614709233,0.0,0.0,0,0,-0.00015724158091296077,-0.005655597579630743,-0.00430359810394992,0.008296801981486981,-0.00015724158091296077,-0.005655597579630743,0.008486781723297863,7.582802632131094e-06,0.05718813824976203,0.29612046627603417
global_compatible,69,14,0,0,certified_reset,0,1,0.04408575674258846,0.040091882224201916,0.003993874518386541,0.027957121628705783,0.0,0.0,0,0,-0.00430359810394992,0.008296801981486981,0.0017467763223685746,0.007540804076927666,-0.00430359810394992,0.008296801981486981,-0.007937093269973041,3.2486539041328765e-05,0.05718813824976203,0.29612046627603417
global_compatible,69,15,0,0,certified_reset,0,1,0.040091882224201916,0.03609800770581537,0.003993874518386541,0.023963247110319243,0.0,0.0,0,0,0.0017467763223685746,0.007540804076927666,0.0013034460046954177,-0.012298771725715849,0.0017467763223685746,0.007540804076927666,-0.012846300688831797,1.7412384257874094e-05,0.05718813824976203,0.29612046627603417
global_compatible,69,16,0,0,certified_reset,0,1,0.03609800770581537,0.03210413318742883,0.003993874518386541,0.019969372591932703,0.0,0.0,0,0,0.0013034460046954177,-0.012298771725715849,0.0020830079996537352,0.008044965549968672,0.0013034460046954177,-0.012298771725715849,0.016821699225116494,3.599997208069174e-05,0.05718813824976203,0.29612046627603417
global_compatible,69,17,0,0,certified_reset,0,1,0.03210413318742883,0.02811025866904229,0.003993874518386541,0.015975498073546163,0.0,0.0,0,0,0.0020830079996537352,0.008044965549968672,0.01119483192598459,-0.013849686044318323,0.0020830079996537352,0.008044965549968672,-0.01392768068271853,2.0838294282648623e-05,0.05718813824976203,0.29612046627603417
global_compatible,69,18,0,0,certified_reset,0,1,0.02811025866904229,0.02411638415065575,0.003993874518386541,0.011981623555159623,0.0,0.0,0,0,0.01119483192598459,-0.013849686044318323,0.005570274280881766,0.0009125263046732418,0.01119483192598459,-0.013849686044318323,0.00925075887365831,0.00016199015997922148,0.05718813824976203,0.29612046627603417
global_compatible,69,19,1,1,certified_reset,0,1,0.02411638415065575,0.02012250963226921,0.003993874518386541,0.007987749036773082,0.0,0.0,0,0,0.005570274280881766,0.0009125263046732418,-0.003496219877856372,-0.03518125807829003,0.005570274280881766,0.0009125263046732418,-0.006891194687219817,3.2365056435891746e-05,0.05718813824976203,0.29612046627603417
global_compatible,69,20,0,0,certified_reset,0,1,0.02012250963226921,0.01612863511388267,0.003993874518386541,0.003993874518386541,0.0,0.0,0,0,-0.003496219877856372,-0.03518125807829003,-0.015420658678388481,0.01861557801084777,-0.003496219877856372,-0.03518125807829003,0.05530948813525388,0.0003114918059737373,0.05718813824976203,0.29612046627603417
global_compatible,69,21,0,0,certified_reset,0,1,0.01612863511388267,0.01213476059549613,0.003993874518386541,0.0,0.0,0.0,0,0,-0.015420658678388481,0.01861557801084777,-0.0067367459409878,0.004489016822378528,-0.015420658678388481,0.01861557801084777,-0.012062743673595635,0.0003038116127407624,0.05718813824976203,0.29612046627603417
global_compatible,70,0,0,0,certified_reset,0,1,0.1,0.09600612548161347,0.003993874518386541,0.08387136488611735,0.0,0.0,0,0,-3.3936841858934543,0.5479121438309901,-2.0801892736423717,2.1079110522919287,-3.3936841858934543,0.5479121438309901,1.55,11.631192242707662,0.05718813824976203,0.29612046627603417
global_compatible,70,1,0,0,certified_reset,0,1,0.09600612548161347,0.09201225096322693,0.003993874518386541,0.07987749036773081,0.0,0.0,0,0,-2.0801892736423717,2.1079110522919287,-0.4992481546341448,1.0732692341726313,-2.0801892736423717,2.1079110522919287,-1.033775118491318,5.153696709854475,0.05718813824976203,0.29612046627603417
global_compatible,70,2,0,0,certified_reset,0,1,0.09201225096322693,0.0880183764448404,0.003993874518386541,0.07588361584934428,0.0,0.0,0,0,-0.4992481546341448,1.0732692341726313,0.03532414625373835,-0.010385150094159213,-0.4992481546341448,1.0732692341726313,-1.0838961390241395,0.48596272373425603,0.05718813824976203,0.29612046627603417
global_compatible,70,3,0,0,certified_reset,0,1,0.0880183764448404,0.08402450192645386,0.003993874518386541,0.07188974133095774,0.0,0.0,0,0,0.03532414625373835,-0.010385150094159213,0.01242630820402642,-0.021985158657818277,0.03532414625373835,-0.010385150094159213,-0.01987477502871306,0.001277083717262625,0.05718813824976203,0.29612046627603417
global_compatible,70,4,0,0,certified_reset,0,1,0.08402450192645386,0.08003062740806732,0.003993874518386541,0.0678958668125712,0.0,0.0,0,0,0.01242630820402642,-0.021985158657818277,-0.008662104384947682,0.007613934866891469,0.01242630820402642,-0.021985158657818277,0.020016003721178517,0.00025143164192330963,0.05718813824976203,0.29612046627603417
global_compatible,70,5,0,0,certified_reset,0,1,0.08003062740806732,0.07603675288968079,0.003993874518386541,0.06390199229418467,0.0,0.0,0,0,-0.008662104384947682,0.007613934866891469,-0.007937744115862844,0.016768541168738882,-0.008662104384947682,0.007613934866891469,-0.0025916204558008955,8.563492553871082e-05,0.05718813824976203,0.29612046627603417
global_compatible,70,6,0,0,certified_reset,0,1,0.07603675288968079,0.07204287837129425,0.003993874518386541,0.05990811777579813,0.0,0.0,0,0,-0.007937744115862844,0.016768541168738882,0.004299716535794946,0.00028379037916618447,-0.007937744115862844,0.016768541168738882,-0.01679670512470722,0.00012067412935205866,0.05718813824976203,0.29612046627603417
global_compatible,70,7,0,0,certified_reset,0,1,0.07204287837129425,0.06804900385290771,0.003993874518386541,0.05591424325741159,0.0,0.0,0,0,0.004299716535794946,0.00028379037916618447,-1.290464209355649e-05,-0.00610471448618983,0.004299716535794946,0.00028379037916618447,-0.004695634595499999,1.9053283550825213e-05,0.05718813824976203,0.29612046627603417
global_compatible,70,8,0,0,certified_reset,0,1,0.06804900385290771,0.06405512933452118,0.003993874518386541,0.051920368739025044,0.0,0.0,0,0,-1.290464209355649e-05,-0.00610471448618983,0.0005592496267306365,0.001877571283250361,-1.290464209355649e-05,-0.00610471448618983,0.009004115338992738,8.735175868155944e-06,0.05718813824976203,0.29612046627603417
global_compatible,70,9,0,0,certified_reset,0,1,0.06405512933452118,0.060061254816134634,0.003993874518386541,0.0479264942206385,0.0,0.0,0,0,0.0005592496267306365,0.001877571283250361,-0.00047312553321759423,-0.0008012627513721638,0.0005592496267306365,0.001877571283250361,-0.0033217575118793005,1.2231612754550738e-06,0.05718813824976203,0.29612046627603417
global_compatible,70,10,0,0,certified_reset,0,1,0.060061254816134634,0.05606738029774809,0.003993874518386541,0.04393261970225196,0.0,0.0,0,0,-0.00047312553321759423,-0.0008012627513721638,-0.005950241902854521,0.008563532885300667,-0.00047312553321759423,-0.0008012627513721638,0.0016494946730976697,4.074325465094408e-07,0.05718813824976203,0.29612046627603417
global_compatible,70,11,0,0,certified_reset,0,1,0.05606738029774809,0.05207350577936155,0.003993874518386541,0.039938745183865414,0.0,0.0,0,0,-0.005950241902854521,0.008563532885300667,0.006270594438443118,0.0017976248255943768,-0.005950241902854521,0.008563532885300667,-0.006689233404502126,4.972416197695615e-05,0.05718813824976203,0.29612046627603417
global_compatible,70,12,0,0,certified_reset,0,1,0.05207350577936155,0.048079631260975,0.003993874518386541,0.03594487066547887,0.0,0.0,0,0,0.006270594438443118,0.0017976248255943768,0.009297160469268553,-0.0005098930125653498,0.006270594438443118,0.0017976248255943768,-0.008890942702365116,4.187823806729903e-05,0.05718813824976203,0.29612046627603417
global_compatible,70,13,0,0,certified_reset,0,1,0.048079631260975,0.04408575674258846,0.003993874518386541,0.03195099614709233,0.0,0.0,0,0,0.009297160469268553,-0.0005098930125653498,-0.0005030468958054464,-0.01808138640492622,0.009297160469268553,-0.0005098930125653498,-0.008504732350294078,8.829225295925066e-05,0.05718813824976203,0.29612046627603417
global_compatible,70,14,0,0,certified_reset,0,1,0.04408575674258846,0.040091882224201916,0.003993874518386541,0.027957121628705783,0.0,0.0,0,0,-0.0005030468958054464,-0.01808138640492622,-0.008777774845717155,0.022208826433763672,-0.0005030468958054464,-0.01808138640492622,0.0271385788203969,7.7514193867517e-05,0.05718813824976203,0.29612046627603417
global_compatible,70,15,0,0,certified_reset,0,1,0.040091882224201916,0.03609800770581537,0.003993874518386541,0.023963247110319243,0.0,0.0,0,0,-0.008777774845717155,0.022208826433763672,0.0031373865867491265,0.0066739871093804935,-0.008777774845717155,0.022208826433763672,-0.023971009860796772,0.00018019631896747242,0.05718813824976203,0.29612046627603417
global_compatible,70,16,0,0,certified_reset,0,1,0.03609800770581537,0.03210413318742883,0.003993874518386541,0.019969372591932703,0.0,0.0,0,0,0.0031373865867491265,0.0066739871093804935,0.007393114229927947,0.0029366067066369152,0.0031373865867491265,0.0066739871093804935,-0.012952577354110557,2.2055004806080635e-05,0.05718813824976203,0.29612046627603417
global_compatible,70,17,0,0,certified_reset,0,1,0.03210413318742883,0.02811025866904229,0.003993874518386541,0.015975498073546163,0.0,0.0,0,0,0.007393114229927947,0.0029366067066369152,-0.0005243690278992847,-0.01193548137987461,0.007393114229927947,0.0029366067066369152,-0.011684922642513133,5.962383205670468e-05,0.05718813824976203,0.29612046627603417
global_compatible,70,18,0,0,certified_reset,0,1,0.02811025866904229,0.02411638415065575,0.003993874518386541,0.011981623555159623,0.0,0.0,0,0,-0.0005243690278992847,-0.01193548137987461,0.0035930453325008476,-0.004343887231066887,-0.0005243690278992847,-0.01193548137987461,0.018107695097467413,3.411420725947121e-05,0.05718813824976203,0.29612046627603417
global_compatible,70,19,1,1,certified_reset,0,1,0.02411638415065575,0.02012250963226921,0.003993874518386541,0.007987749036773082,0.0,0.0,0,0,0.0035930453325008476,-0.004343887231066887,0.025953511010422304,0.03065469173401089,0.0035930453325008476,-0.004343887231066887,0.002816226663241031,1.650473720659554e-05,0.05718813824976203,0.29612046627603417
global_compatible,70,20,0,0,certified_reset,0,1,0.02012250963226921,0.01612863511388267,0.003993874518386541,0.003993874518386541,0.0,0.0,0,0,0.025953511010422304,0.03065469173401089,0.02137192167012422,-0.04480239067664506,0.025953511010422304,0.03065469173401089,-0.07100399664883224,0.0009687717448260987,0.05718813824976203,0.29612046627603417
global_compatible,70,21,0,0,certified_reset,0,1,0.01612863511388267,0.01213476059549613,0.003993874518386541,0.0,0.0,0.0,0,0,0.02137192167012422,-0.04480239067664506,0.000534946201936763,-0.00515747124792553,0.02137192167012422,-0.04480239067664506,0.04471820655163809,0.0008680577436654912,0.05718813824976203,0.29612046627603417
global_compatible,71,0,0,0,certified_reset,0,1,0.1,0.09600612548161347,0.003993874518386541,0.08387136488611735,0.0,0.0,0,0,-4.3090761165051985,-0.1811327350795216,-3.7100059696108967,1.3654985326105356,-4.3090761165051985,-0.1811327350795216,1.5499999999999083,18.634105110024645,0.05718813824976203,0.29612046627603417
global_compatible,71,1,1,1,certified_reset,0,1,0.09600612548161347,0.09201225096322693,0.003993874518386541,0.07987749036773081,0.0,0.0,0,0,-3.7100059696108967,1.3654985326105356,-1.8612366563501626,2.305383307113693,-3.7100059696108967,1.3654985326105356,0.9487365207372018,14.122272342854078,0.05718813824976203,0.29612046627603417
global_compatible,71,2,0,0,certified_reset,0,1,0.09201225096322693,0.0880183764448404,0.003993874518386541,0.07588361584934428,0.0,0.0,0,0,-1.8612366563501626,2.305383307113693,-0.3334426902804921,0.7787462213331443,-1.8612366563501626,2.305383307113693,-1.5426965186420822,4.480362299346617,0.05718813824976203,0.29612046627603417
global_compatible,71,3,0,0,certified_reset,0,1,0.0880183764448404,0.08402450192645386,0.003993874518386541,0.07188974133095774,0.0,0.0,0,0,-0.3334426902804921,0.7787462213331443,0.035165059739561785,-0.02713931832721695,-0.3334426902804921,0.7787462213331443,-0.8151361355447473,0.23695542259157992,0.05718813824976203,0.29612046627603417
global_compatible,71,4,0,0,certified_reset,0,1,0.08402450192645386,0.08003062740806732,0.003993874518386541,0.0678958668125712,0.0,0.0,0,0,0.035165059739561785,-0.02713931832721695,0.008621594184170259,-0.014304888061474829,0.035165059739561785,-0.02713931832721695,0.004962770259796279,0.0013697748215711195,0.05718813824976203,0.29612046627603417
global_compatible,71,5,0,0,certified_reset,0,1,0.08003062740806732,0.07603675288968079,0.003993874518386541,0.06390199229418467,0.0,0.0,0,0,0.008621594184170259,-0.014304888061474829,0.003002823691716899,-0.012994770292044967,0.008621594184170259,-0.014304888061474829,0.01248895148495491,0.00011506460204759588,0.05718813824976203,0.29612046627603417
global_compatible,71,6,0,0,certified_reset,0,1,0.07603675288968079,0.07204287837129425,0.003993874518386541,0.05990811777579813,0.0,0.0,0,0,0.003002823691716899,-0.012994770292044967,-0.0034522256270162434,0.00560562668414766,0.003002823691716899,-0.012994770292044967,0.01615172173330614,4.593443288703275e-05,0.05718813824976203,0.29612046627603417
global_compatible,71,7,0,0,certified_reset,0,1,0.07204287837129425,0.06804900385290771,0.003993874518386541,0.05591424325741159,0.0,0.0,0,0,-0.0034522256270162434,0.00560562668414766,0.0017434990463832578,-0.002331967179635816,-0.0034522256270162434,0.00560562668414766,-0.004818176752113092,1.8154381554157863e-05,0.05718813824976203,0.29612046627603417
global_compatible,71,8,0,0,certified_reset,0,1,0.06804900385290771,0.06405512933452118,0.003993874518386541,0.051920368739025044,0.0,0.0,0,0,0.0017434990463832578,-0.002331967179635816,-0.00371110843838348,-0.010211409267800797,0.0017434990463832578,-0.002331967179635816,0.0017012835136163767,4.091000831423653e-06,0.05718813824976203,0.29612046627603417
global_compatible,71,9,0,0,certified_reset,0,1,0.06405512933452118,0.060061254816134634,0.003993874518386541,0.0479264942206385,0.0,0.0,0,0,-0.00371110843838348,-0.010211409267800797,-0.014568749701765027,0.0013173741127767893,-0.00371110843838348,-0.010211409267800797,0.018736039024545015,4.1317423061887956e-05,0.05718813824976203,0.29612046627603417
global_compatible,71,10,0,0,certified_reset,0,1,0.060061254816134634,0.05606738029774809,0.003993874518386541,0.04393261970225196,0.0,0.0,0,0,-0.014568749701765027,0.0013173741127767893,-0.0035119884399623254,0.013884208631923932,-0.014568749701765027,0.0013173741127767893,0.012563845411249103,0.0002165071085801653,0.05718813824976203,0.29612046627603417
global_compatible,71,11,0,0,certified_reset,0,1,0.05606738029774809,0.05207350577936155,0.003993874518386541,0.039938745183865414,0.0,0.0,0,0,-0.0035119884399623254,0.013884208631923932,-0.0019064991029270955,0.006316791974599785,-0.0035119884399623254,0.013884208631923932,-0.01695782528770482,5.422208364489942e-05,0.05718813824976203,0.29612046627603417
global_compatible,71,12,0,0,certified_reset,0,1,0.05207350577936155,0.048079631260975,0.003993874518386541,0.03594487066547887,0.0,0.0,0,0,-0.0019064991029270955,0.006316791974599785,-0.0016197888344081954,0.004686739836541249,-0.0019064991029270955,0.006316791974599785,-0.0074106707142597185,1.2190024793407772e-05,0.05718813824976203,0.29612046627603417
global_compatible,71,13,0,0,certified_reset,0,1,0.048079631260975,0.04408575674258846,0.003993874518386541,0.03195099614709233,0.0,0.0,0,0,-0.0016197888344081954,0.004686739836541249,-0.004207220809062744,-3.3226518409210874e-05,-0.0016197888344081954,0.004686739836541249,-0.005291394344169756,7.277482673887338e-06,0.05718813824976203,0.29612046627603417
global_compatible,71,14,0,0,certified_reset,0,1,0.04408575674258846,0.040091882224201916,0.003993874518386541,0.027957121628705783,0.0,0.0,0,0,-0.004207220809062744,-3.3226518409210874e-05,0.0022637233252414037,0.011414234632638489,-0.004207220809062744,-3.3226518409210874e-05,0.004237205884998102,1.8149753499281743e-05,0.05718813824976203,0.29612046627603417
global_compatible,71,15,0,0,certified_reset,0,1,0.040091882224201916,0.03609800770581537,0.003993874518386541,0.023963247110319243,0.0,0.0,0,0,0.0022637233252414037,0.011414234632638489,-0.006390295950929532,-0.014883237225794058,0.0022637233252414037,0.011414234632638489,-0.019069737112242212,3.7667070536298994e-05,0.05718813824976203,0.29612046627603417
global_compatible,71,16,0,0,certified_reset,0,1,0.03609800770581537,0.03210413318742883,0.003993874518386541,0.019969372591932703,0.0,0.0,0,0,-0.006390295950929532,-0.014883237225794058,-0.005934127081794476,0.01508082149395976,-0.006390295950929532,-0.014883237225794058,0.02829121481437075,0.00010071763828975531,0.05718813824976203,0.29612046627603417
global_compatible,71,17,0,0,certified_reset,0,1,0.03210413318742883,0.02811025866904229,0.003993874518386541,0.015975498073546163,0.0,0.0,0,0,-0.005934127081794476,0.01508082149395976,0.0020518613982301493,0.007671769284321376,-0.005934127081794476,0.01508082149395976,-0.016308065216823178,8.280030084867274e-05,0.05718813824976203,0.29612046627603417
global_compatible,71,18,0,0,certified_reset,0,1,0.02811025866904229,0.02411638415065575,0.003993874518386541,0.011981623555159623,0.0,0.0,0,0,0.0020518613982301493,0.007671769284321376,0.0003715734681011833,-0.008196985470035998,0.0020518613982301493,0.007671769284321376,-0.013343676059948135,1.925556537870205e-05,0.05718813824976203,0.29612046627603417
global_compatible,71,19,0,0,certified_reset,0,1,0.02411638415065575,0.02012250963226921,0.003993874518386541,0.007987749036773082,0.0,0.0,0,0,0.0003715734681011833,-0.008196985470035998,-0.0007541811750010298,0.016031300017685466,0.0003715734681011833,-0.008196985470035998,0.011703313235010185,1.5656558102392484e-05,0.05718813824976203,0.29612046627603417
global_compatible,71,20,0,0,certified_reset,0,1,0.02012250963226921,0.01612863511388267,0.003993874518386541,0.003993874518386541,0.0,0.0,0,0,-0.0007541811750010298,0.016031300017685466,0.006141008563080581,-0.01002624032417993,-0.0007541811750010298,0.016031300017685466,-0.022864393111113587,5.989876549948196e-05,0.05718813824976203,0.29612046627603417
global_compatible,71,21,0,0,certified_reset,0,1,0.01612863511388267,0.01213476059549613,0.003993874518386541,0.0,0.0,0.0,0,0,0.006141008563080581,-0.01002624032417993,-0.0006683096552485906,-0.006889299319842216,0.006141008563080581,-0.01002624032417993,0.008652226844385979,5.767810101287496e-05,0.05718813824976203,0.29612046627603417
global_compatible,72,0,2,2,certified_reset,0,1,0.1,0.09600612548161347,0.003993874518386541,0.08387136488611735,0.0,0.0,0,0,4.6263728798085175,0.3693632232228786,4.2112895958408325,-1.1928968435135292,4.6263728798085175,0.3693632232228786,-1.549999999999624,21.487945777348255,0.05718813824976203,0.29612046627603417
global_compatible,72,1,2,2,certified_reset,0,1,0.09600612548161347,0.09201225096322693,0.003993874518386541,0.07987749036773081,0.0,0.0,0,0,4.2112895958408325,-1.1928968435135292,2.319094646809833,-2.607372780908285,4.2112895958408325,-1.1928968435135292,-1.3748655098331957,18.038356957558083,0.05718813824976203,0.29612046627603417
global_compatible,72,2,2,2,certified_reset,0,1,0.09201225096322693,0.0880183764448404,0.003993874518386541,0.07588361584934428,0.0,0.0,0,0,2.319094646809833,-2.607372780908285,0.4369789650872605,-1.0664135292485064,2.319094646809833,-2.607372780908285,1.5316346211186576,6.6605583035291085,0.05718813824976203,0.29612046627603417
global_compatible,72,3,2,2,certified_reset,0,1,0.0880183764448404,0.08402450192645386,0.003993874518386541,0.07188974133095774,0.0,0.0,0,0,0.4369789650872605,-1.0664135292485064,-0.08403715503562328,0.08962395023699354,0.4369789650872605,-1.0664135292485064,1.1358017090044945,0.4279045607487374,0.05718813824976203,0.29612046627603417
global_compatible,72,4,0,0,certified_reset,0,1,0.08402450192645386,0.08003062740806732,0.003993874518386541,0.0678958668125712,0.0,0.0,0,0,-0.08403715503562328,0.08962395023699354,-0.01796817510846689,0.050772778499616776,-0.08403715503562328,0.08962395023699354,-0.048340589558899465,0.008566505183548892,0.05718813824976203,0.29612046627603417
global_compatible,72,5,0,0,certified_reset,0,1,0.08003062740806732,0.07603675288968079,0.003993874518386541,0.06390199229418467,0.0,0.0,0,0,-0.01796817510846689,0.050772778499616776,0.0034402824597867484,-0.017279932320741178,-0.01796817510846689,0.050772778499616776,-0.056902508002756605,0.0008678202087364302,0.05718813824976203,0.29612046627603417
global_compatible,72,6,0,0,certified_reset,0,1,0.07603675288968079,0.07204287837129425,0.003993874518386541,0.05990811777579813,0.0,0.0,0,0,0.0034402824597867484,-0.017279932320741178,-0.002654222329476243,-0.0034594587207347413,0.0034402824597867484,-0.017279932320741178,0.02202905394290147,7.771481482528913e-05,0.05718813824976203,0.29612046627603417
global_compatible,72,7,0,0,certified_reset,0,1,0.07204287837129425,0.06804900385290771,0.003993874518386541,0.05591424325741159,0.0,0.0,0,0,-0.002654222329476243,-0.0034594587207347413,-0.0027479199638215245,0.010217125456607296,-0.002654222329476243,-0.0034594587207347413,0.007742399361823974,1.0697728706523779e-05,0.05718813824976203,0.29612046627603417
global_compatible,72,8,0,0,certified_reset,0,1,0.06804900385290771,0.06405512933452118,0.003993874518386541,0.051920368739025044,0.0,0.0,0,0,-0.0027479199638215245,0.010217125456607296,0.0024460502402731633,-0.0005215185330599962,-0.0027479199638215245,0.010217125456607296,-0.012314002201116872,3.0132067850086178e-05,0.05718813824976203,0.29612046627603417
global_compatible,72,9,0,0,certified_reset,0,1,0.06405512933452118,0.060061254816134634,0.003993874518386541,0.0479264942206385,0.0,0.0,0,0,0.0024460502402731633,-0.0005215185330599962,-0.0025705763718320306,0.003908592430575052,0.0024460502402731633,-0.0005215185330599962,-0.0016708688741810598,6.101913532266586e-06,0.05718813824976203,0.29612046627603417
global_compatible,72,10,0,0,certified_reset,0,1,0.060061254816134634,0.05606738029774809,0.003993874518386541,0.04393261970225196,0.0,0.0,0,0,-0.0025705763718320306,0.003908592430575052,-0.0031916419140785284,0.0012472217971569522,-0.0025705763718320306,0.003908592430575052,-0.0032001030734228656,9.613756437337133e-06,0.05718813824976203,0.29612046627603417
global_compatible,72,11,0,0,certified_reset,0,1,0.05606738029774809,0.05207350577936155,0.003993874518386541,0.039938745183865414,0.0,0.0,0,0,-0.0031916419140785284,0.0012472217971569522,0.0073018036882984486,0.002662858143066752,-0.0031916419140785284,0.0012472217971569522,0.0013367968936958284,1.051125495411234e-05,0.05718813824976203,0.29612046627603417
global_compatible,72,12,0,0,certified_reset,0,1,0.05207350577936155,0.048079631260975,0.003993874518386541,0.03594487066547887,0.0,0.0,0,0,0.0073018036882984486,0.002662858143066752,0.0031701241418572194,-0.011959774752547475,0.0073018036882984486,0.002662858143066752,-0.011192903301651588,5.772471063866935e-05,0.05718813824976203,0.29612046627603417
global_compatible,72,13,0,0,certified_reset,0,1,0.048079631260975,0.04408575674258846,0.003993874518386541,0.03195099614709233,0.0,0.0,0,0,0.0031701241418572194,-0.011959774752547475,-0.004787493294236283,-0.0007419601753364574,0.0031701241418572194,-0.011959774752547475,0.014462611520624977,4.10253835583998e-05,0.05718813824976203,0.29612046627603417
global_compatible,72,14,1,1,certified_reset,0,1,0.04408575674258846,0.040091882224201916,0.003993874518386541,0.027957121628705783,0.0,0.0,0,0,-0.004787493294236283,-0.0007419601753364574,-0.017245889514644636,0.04953114297582609,-0.004787493294236283,-0.0007419601753364574,0.005860357674575447,2.3877777726527617e-05,0.05718813824976203,0.29612046627603417
global_compatible,72,15,1,1,certified_reset,0,1,0.040091882224201916,0.03609800770581537,0.003993874518386541,0.023963247110319243,0.0,0.0,0,0,-0.017245889514644636,0.04953114297582609,0.02086708889574696,-0.02154604527349451,-0.017245889514644636,0.04953114297582609,-0.05578701623459501,0.0008168256270688146,0.05718813824976203,0.29612046627603417
global_compatible,72,16,1,1,certified_reset,0,1,0.03609800770581537,0.03210413318742883,0.003993874518386541,0.019969372591932703,0.0,0.0,0,0,0.02086708889574696,-0.02154604527349451,0.02768706166535266,0.028297027341381446,0.02086708889574696,-0.02154604527349451,0.01095438233072124,0.0005219971333361421,0.05718813824976203,0.29612046627603417
global_compatible,72,17,1,1,certified_reset,0,1,0.03210413318742883,0.02811025866904229,0.003993874518386541,0.015975498073546163,0.0,0.0,0,0,0.02768706166535266,0.028297027341381446,-0.020485443158428422,-0.10826836172166801,0.02768706166535266,0.028297027341381446,-0.06925817755457864,0.0010306206787601795,0.05718813824976203,0.29612046627603417
global_compatible,72,18,1,1,certified_reset,0,1,0.02811025866904229,0.02411638415065575,0.003993874518386541,0.011981623555159623,0.0,0.0,0,0,-0.020485443158428422,-0.10826836172166801,-0.025201735395821847,0.07408517262089005,-0.020485443158428422,-0.10826836172166801,0.17988744243242993,0.003338607547000132,0.05718813824976203,0.29612046627603417
global_compatible,72,19,0,0,certified_reset,0,1,0.02411638415065575,0.02012250963226921,0.003993874518386541,0.007987749036773082,0.0,0.0,0,0,-0.025201735395821847,0.07408517262089005,0.011988708400609222,-0.00785205368920451,-0.025201735395821847,0.07408517262089005,-0.08404112722312312,0.001799650547992423,0.05718813824976203,0.29612046627603417
global_compatible,72,20,0,0,certified_reset,0,1,0.02012250963226921,0.01612863511388267,0.003993874518386541,0.003993874518386541,0.0,0.0,0,0,0.011988708400609222,-0.00785205368920451,-0.008129504105089625,-0.004667895126911237,0.011988708400609222,-0.00785205368920451,-0.0003710884339915597,0.0001548304262653512,0.05718813824976203,0.29612046627603417
global_compatible,72,21,0,0,certified_reset,0,1,0.01612863511388267,0.01213476059549613,0.003993874518386541,0.0,0.0,0.0,0,0,-0.008129504105089625,-0.004667895126911237,-0.009216548157049271,0.020074716449567445,-0.008129504105089625,-0.004667895126911237,0.014972841127532348,7.561555036527867e-05,0.05718813824976203,0.29612046627603417
global_compatible,73,0,0,0,certified_reset,0,1,0.1,0.09600612548161347,0.003993874518386541,0.08387136488611735,0.0,0.0,0,0,5.954175586657021,0.4866195256387674,5.667498115238913,-1.065713169821303,5.954175586657021,0.4866195256387674,-1.55,35.5548931580344,0.05718813824976203,0.29612046627603417
global_compatible,73,1,1,1,certified_reset,0,1,0.09600612548161347,0.09201225096322693,0.003993874518386541,0.07987749036773081,0.0,0.0,0,0,5.667498115238913,-1.065713169821303,3.7986791674275358,-2.6581242594929684,5.667498115238913,-1.065713169821303,-1.55,32.38503140709613,0.05718813824976203,0.29612046627603417
global_compatible,73,2,1,1,certified_reset,0,1,0.09201225096322693,0.0880183764448404,0.003993874518386541,0.07588361584934428,0.0,0.0,0,0,3.7986791674275358,-2.6581242594929684,1.474169181245096,-2.0550512247931874,3.7986791674275358,-2.6581242594929684,0.6134353883784358,15.71118341564374,0.05718813824976203,0.29612046627603417
global_compatible,73,3,1,1,certified_reset,0,1,0.0880183764448404,0.08402450192645386,0.003993874518386541,0.07188974133095774,0.0,0.0,0,0,1.474169181245096,-2.0550512247931874,0.20643609834650567,-0.5763147864872059,1.474169181245096,-2.0550512247931874,1.55,2.9934196715071533,0.05718813824976203,0.29612046627603417
global_compatible,73,4,1,1,certified_reset,0,1,0.08402450192645386,0.08003062740806732,0.003993874518386541,0.0678958668125712,0.0,0.0,0,0,0.20643609834650567,-0.5763147864872059,-0.08418977927228002,0.03729036521013841,0.20643609834650567,-0.5763147864872059,0.6434035944497807,0.11275003929658349,0.05718813824976203,0.29612046627603417
global_compatible,73,5,1,1,certified_reset,0,1,0.08003062740806732,0.07603675288968079,0.003993874518386541,0.06390199229418467,0.0,0.0,0,0,-0.08418977927228002,0.03729036521013841,-0.02265440940243081,0.0861836017246399,-0.08418977927228002,0.03729036521013841,0.028898504133644844,0.007359099863195279,0.05718813824976203,0.29612046627603417
global_compatible,73,6,1,1,certified_reset,0,1,0.07603675288968079,0.07204287837129425,0.003993874518386541,0.05990811777579813,0.0,0.0,0,0,-0.02265440940243081,0.0861836017246399,0.03526110431269003,0.031145132673758444,-0.02265440940243081,0.0861836017246399,-0.10439832515188521,0.002122667899857558,0.05718813824976203,0.29612046627603417
global_compatible,73,7,2,2,certified_reset,0,1,0.07204287837129425,0.06804900385290771,0.003993874518386541,0.05591424325741159,0.0,0.0,0,0,0.03526110431269003,0.031145132673758444,-0.043123698787974125,-0.09077425737503278,0.03526110431269003,0.031145132673758444,-0.08099251596130673,0.0015819436404618532,0.05718813824976203,0.29612046627603417
global_compatible,73,8,2,2,certified_reset,0,1,0.06804900385290771,0.06405512933452118,0.003993874518386541,0.051920368739025044,0.0,0.0,0,0,-0.043123698787974125,-0.09077425737503278,-0.07580198105108568,0.11349748802286372,-0.043123698787974125,-0.09077425737503278,0.1766600639460455,0.004123066696349408,0.05718813824976203,0.29612046627603417
global_compatible,73,9,2,2,certified_reset,0,1,0.06405512933452118,0.060061254816134634,0.003993874518386541,0.0479264942206385,0.0,0.0,0,0,-0.07580198105108568,0.11349748802286372,-0.05041820759258008,-0.008588722871873105,-0.07580198105108568,0.11349748802286372,-0.09171462397416369,0.008274931999287225,0.05718813824976203,0.29612046627603417
global_compatible,73,10,2,2,certified_reset,0,1,0.060061254816134634,0.05606738029774809,0.003993874518386541,0.04393261970225196,0.0,0.0,0,0,-0.05041820759258008,-0.008588722871873105,-0.025913529292497073,0.1115107988767433,-0.05041820759258008,-0.008588722871873105,0.0628620067556967,0.0026540643630849014,0.05718813824976203,0.29612046627603417
global_compatible,73,11,0,0,certified_reset,0,1,0.05606738029774809,0.05207350577936155,0.003993874518386541,0.039938745183865414,0.0,0.0,0,0,-0.025913529292497073,0.1115107988767433,0.016362550802115988,-0.02639095632173202,-0.025913529292497073,0.1115107988767433,-0.1384628597796979,0.0033890485767557195,0.05718813824976203,0.29612046627603417
global_compatible,73,12,0,0,certified_reset,0,1,0.05207350577936155,0.048079631260975,0.003993874518386541,0.03594487066547887,0.0,0.0,0,0,0.016362550802115988,-0.02639095632173202,-0.00220444066936661,-0.014744983504653924,0.016362550802115988,-0.02639095632173202,0.02258435532703041,0.0004058512599938679,0.05718813824976203,0.29612046627603417
global_compatible,73,13,0,0,certified_reset,0,1,0.048079631260975,0.04408575674258846,0.003993874518386541,0.03195099614709233,0.0,0.0,0,0,-0.00220444066936661,-0.014744983504653924,-0.00826659852991999,0.012705885263163843,-0.00220444066936661,-0.014744983504653924,0.02391587542694292,5.829340304013675e-05,0.05718813824976203,0.29612046627603417
global_compatible,73,14,0,0,certified_reset,0,1,0.04408575674258846,0.040091882224201916,0.003993874518386541,0.027957121628705783,0.0,0.0,0,0,-0.00826659852991999,0.012705885263163843,0.000301960443451895,-0.005874542930669427,-0.00826659852991999,0.012705885263163843,-0.010484401106475338,0.00010014383157663502,0.05718813824976203,0.29612046627603417
global_compatible,73,15,0,0,certified_reset,0,1,0.040091882224201916,0.03609800770581537,0.003993874518386541,0.023963247110319243,0.0,0.0,0,0,0.000301960443451895,-0.005874542930669427,-0.011254952942267051,-0.006405338782132321,0.000301960443451895,-0.005874542930669427,0.008351578642173847,8.046747590790089e-06,0.05718813824976203,0.29612046627603417
global_compatible,73,16,0,0,certified_reset,0,1,0.03609800770581537,0.03210413318742883,0.003993874518386541,0.019969372591932703,0.0,0.0,0,0,-0.011254952942267051,-0.006405338782132321,-0.0042553373657576755,0.020364373321464832,-0.011254952942267051,-0.006405338782132321,0.020642736014171912,0.00014471213517091541,0.05718813824976203,0.29612046627603417
global_compatible,73,17,0,0,certified_reset,0,1,0.03210413318742883,0.02811025866904229,0.003993874518386541,0.015975498073546163,0.0,0.0,0,0,-0.0042553373657576755,0.020364373321464832,0.00525085321374596,-0.0117804762558102,-0.0042553373657576755,0.020364373321464832,-0.0257641066429863,0.0001093500120138707,0.05718813824976203,0.29612046627603417
global_compatible,73,18,0,0,certified_reset,0,1,0.02811025866904229,0.02411638415065575,0.003993874518386541,0.011981623555159623,0.0,0.0,0,0,0.00525085321374596,-0.0117804762558102,-0.005902625479437911,0.013806462462447022,0.00525085321374596,-0.0117804762558102,0.012125548828062452,5.622751457831686e-05,0.05718813824976203,0.29612046627603417
global_compatible,73,19,0,0,certified_reset,0,1,0.02411638415065575,0.02012250963226921,0.003993874518386541,0.007987749036773082,0.0,0.0,0,0,-0.005902625479437911,0.013806462462447022,0.007346135572575644,-0.015134938685652155,-0.005902625479437911,0.013806462462447022,-0.014460675253374394,7.438007880095105e-05,0.05718813824976203,0.29612046627603417
global_compatible,73,20,0,0,certified_reset,0,1,0.02012250963226921,0.01612863511388267,0.003993874518386541,0.003993874518386541,0.0,0.0,0,0,0.007346135572575644,-0.015134938685652155,-0.006527208503736627,0.006358378899596793,0.007346135572575644,-0.015134938685652155,0.014978942408164948,0.00010080687216566038,0.05718813824976203,0.29612046627603417
global_compatible,73,21,0,0,certified_reset,0,1,0.01612863511388267,0.01213476059549613,0.003993874518386541,0.0,0.0,0.0,0,0,-0.006527208503736627,0.006358378899596793,0.0034761741753702793,-0.0016979490407254766,-0.006527208503736627,0.006358378899596793,-0.002863632836268887,5.008667747832646e-05,0.05718813824976203,0.29612046627603417
global_compatible,74,0,0,0,certified_reset,0,1,0.1,0.09600612548161347,0.003993874518386541,0.08387136488611735,0.0,0.0,0,0,0.7125872455197069,0.02155599082601123,0.36402972581644866,-0.7116825719457246,0.7125872455197069,0.02155599082601123,-0.7413211546307522,0.5216031477682282,0.05718813824976203,0.29612046627603417
global_compatible,74,1,0,0,certified_reset,0,1,0.09600612548161347,0.09201225096322693,0.003993874518386541,0.07987749036773081,0.0,0.0,0,0,0.36402972581644866,-0.7116825719457246,-0.01188366856010699,-0.02832005043268146,0.36402972581644866,-0.7116825719457246,0.6858878323628398,0.23544726922061432,0.05718813824976203,0.29612046627603417
global_compatible,74,2,0,0,certified_reset,0,1,0.09201225096322693,0.0880183764448404,0.003993874518386541,0.07588361584934428,0.0,0.0,0,0,-0.01188366856010699,-0.02832005043268146,-0.018186937054012007,0.03371724956329826,-0.01188366856010699,-0.02832005043268146,0.05355022159068233,0.0003572767804284867,0.05718813824976203,0.29612046627603417
global_compatible,74,3,0,0,certified_reset,0,1,0.0880183764448404,0.08402450192645386,0.003993874518386541,0.07188974133095774,0.0,0.0,0,0,-0.018186937054012007,0.03371724956329826,0.0015672364995533723,0.0016092785905955408,-0.018186937054012007,0.03371724956329826,-0.031560388373167846,0.0005602996575236973,0.05718813824976203,0.29612046627603417
global_compatible,74,4,1,1,certified_reset,0,1,0.08402450192645386,0.08003062740806732,0.003993874518386541,0.0678958668125712,0.0,0.0,0,0,0.0015672364995533723,0.0016092785905955408,0.0027855507346481218,0.016743722319739317,0.0015672364995533723,0.0016092785905955408,-0.003928291591163286,3.308177080949263e-06,0.05718813824976203,0.29612046627603417
global_compatible,74,5,0,0,certified_reset,0,1,0.08003062740806732,0.07603675288968079,0.003993874518386541,0.06390199229418467,0.0,0.0,0,0,0.0027855507346481218,0.016743722319739317,0.005309205398281008,-0.010033810312218953,0.0027855507346481218,0.016743722319739317,-0.027438164954359513,7.704401797856134e-05,0.05718813824976203,0.29612046627603417
global_compatible,74,6,0,0,certified_reset,0,1,0.07603675288968079,0.07204287837129425,0.003993874518386541,0.05990811777579813,0.0,0.0,0,0,0.005309205398281008,-0.010033810312218953,0.0039059459517869536,0.00015890516485964903,0.005309205398281008,-0.010033810312218953,0.009492435369387195,4.8562243080872475e-05,0.05718813824976203,0.29612046627603417
global_compatible,74,7,0,0,certified_reset,0,1,0.07204287837129425,0.06804900385290771,0.003993874518386541,0.05591424325741159,0.0,0.0,0,0,0.0039059459517869536,0.00015890516485964903,-0.0052447996344397035,-0.0014157069880575157,0.0039059459517869536,0.00015890516485964903,-0.004122721398797795,1.5685879724838955e-05,0.05718813824976203,0.29612046627603417
global_compatible,74,8,0,0,certified_reset,0,1,0.06804900385290771,0.06405512933452118,0.003993874518386541,0.051920368739025044,0.0,0.0,0,0,-0.0052447996344397035,-0.0014157069880575157,-0.014972801308346665,0.012982465135032026,-0.0052447996344397035,-0.0014157069880575157,0.007307307908775078,2.9203602656946297e-05,0.05718813824976203,0.29612046627603417
global_compatible,74,9,0,0,certified_reset,0,1,0.06405512933452118,0.060061254816134634,0.003993874518386541,0.0479264942206385,0.0,0.0,0,0,-0.014972801308346665,0.012982465135032026,-0.006800556996416206,-0.0006646273108655235,-0.014972801308346665,0.012982465135032026,-0.004218451654232384,0.00025496765455502296,0.05718813824976203,0.29612046627603417
global_compatible,74,10,0,0,certified_reset,0,1,0.060061254816134634,0.05606738029774809,0.003993874518386541,0.04393261970225196,0.0,0.0,0,0,-0.006800556996416206,-0.0006646273108655235,-0.004297305972728161,0.009761612259629387,-0.006800556996416206,-0.0006646273108655235,0.007748146481404255,4.782793111216053e-05,0.05718813824976203,0.29612046627603417
global_compatible,74,11,0,0,certified_reset,0,1,0.05606738029774809,0.05207350577936155,0.003993874518386541,0.039938745183865414,0.0,0.0,0,0,-0.004297305972728161,0.009761612259629387,0.0058041055745234596,0.006466426645697041,-0.004297305972728161,0.009761612259629387,-0.010101016850791159,3.816963546206671e-05,0.05718813824976203,0.29612046627603417
global_compatible,74,12,0,0,certified_reset,0,1,0.05207350577936155,0.048079631260975,0.003993874518386541,0.03594487066547887,0.0,0.0,0,0,0.0058041055745234596,0.006466426645697041,-0.0036048232923234806,0.0012561112569430977,0.0058041055745234596,0.006466426645697041,-0.01530451628054356,4.70699882263024e-05,0.05718813824976203,0.29612046627603417
global_compatible,74,13,0,0,certified_reset,0,1,0.048079631260975,0.04408575674258846,0.003993874518386541,0.03195099614709233,0.0,0.0,0,0,-0.0036048232923234806,0.0012561112569430977,-0.0009132063659428954,-0.000253151730532049,-0.0036048232923234806,0.0012561112569430977,0.0017383621804495193,1.3354305333805778e-05,0.05718813824976203,0.29612046627603417
global_compatible,74,14,0,0,certified_reset,0,1,0.04408575674258846,0.040091882224201916,0.003993874518386541,0.027957121628705783,0.0,0.0,0,0,-0.0009132063659428954,-0.000253151730532049,0.0042601593857279196,0.0020060531570394863,-0.0009132063659428954,-0.000253151730532049,0.0012842169507253061,8.867116399727313e-07,0.05718813824976203,0.29612046627603417
global_compatible,74,15,0,0,certified_reset,0,1,0.040091882224201916,0.03609800770581537,0.003993874518386541,0.023963247110319243,0.0,0.0,0,0,0.0042601593857279196,0.0020060531570394863,0.004631400953134331,-0.009882556571802415,0.0042601593857279196,0.0020060531570394863,-0.00719591761034372,2.0167853616573316e-05,0.05718813824976203,0.29612046627603417
global_compatible,74,16,0,0,certified_reset,0,1,0.03609800770581537,0.03210413318742883,0.003993874518386541,0.019969372591932703,0.0,0.0,0,0,0.004631400953134331,-0.009882556571802415,0.00834306400712925,0.000892951293872573,0.004631400953134331,-0.009882556571802415,0.009945722369464087,4.1502496016032565e-05,0.05718813824976203,0.29612046627603417
global_compatible,74,17,0,0,certified_reset,0,1,0.03210413318742883,0.02811025866904229,0.003993874518386541,0.015975498073546163,0.0,0.0,0,0,0.00834306400712925,0.000892951293872573,0.0070816568772369875,-0.006471092073110477,0.00834306400712925,0.000892951293872573,-0.009622890755237973,7.206524285161784e-05,0.05718813824976203,0.29612046627603417
global_compatible,74,18,0,0,certified_reset,0,1,0.02811025866904229,0.02411638415065575,0.003993874518386541,0.011981623555159623,0.0,0.0,0,0,0.0070816568772369875,-0.006471092073110477,0.004055283868107382,0.005703344013209793,0.0070816568772369875,-0.006471092073110477,0.0024798223398879464,5.784110796921429e-05,0.05718813824976203,0.29612046627603417
global_compatible,74,19,0,0,certified_reset,0,1,0.02411638415065575,0.02012250963226921,0.003993874518386541,0.007987749036773082,0.0,0.0,0,0,0.004055283868107382,0.005703344013209793,0.00432863025089774,-0.02025857636360102,0.004055283868107382,0.005703344013209793,-0.012435151215705778,2.6166215822811567e-05,0.05718813824976203,0.29612046627603417
global_compatible,74,20,0,0,certified_reset,0,1,0.02012250963226921,0.01612863511388267,0.003993874518386541,0.003993874518386541,0.0,0.0,0,0,0.00432863025089774,-0.02025857636360102,-0.010383653678987144,0.005025080800273259,0.00432863025089774,-0.02025857636360102,0.025530054136641275,0.0001089054163848566,0.05718813824976203,0.29612046627603417
global_compatible,74,21,0,0,certified_reset,0,1,0.01612863511388267,0.01213476059549613,0.003993874518386541,0.0,0.0,0.0,0,0,-0.010383653678987144,0.005025080800273259,-0.009647110136146766,0.011939075109177744,-0.010383653678987144,0.005025080800273259,0.002939660077835679,0.00011258156242834326,0.05718813824976203,0.29612046627603417
global_compatible,75,0,0,0,certified_reset,0,1,0.1,0.09600612548161347,0.003993874518386541,0.08387136488611735,0.0,0.0,0,0,-2.6510134627112922,0.20671163443353258,-1.665042187610287,1.7691160774038577,-2.6510134627112922,0.20671163443353258,1.55,7.095626225442349,0.05718813824976203,0.29612046627603417
global_compatible,75,1,0,0,certified_reset,0,1,0.09600612548161347,0.09201225096322693,0.003993874518386541,0.07987749036773081,0.0,0.0,0,0,-1.665042187610287,1.7691160774038577,-0.36494648323222134,0.8286932390598298,-1.665042187610287,1.7691160774038577,-0.9480854218145838,3.3581960408576697,0.05718813824976203,0.29612046627603417
global_compatible,75,2,0,0,certified_reset,0,1,0.09201225096322693,0.0880183764448404,0.003993874518386541,0.07588361584934428,0.0,0.0,0,0,-0.36494648323222134,0.8286932390598298,0.03341229542400317,-0.028245831218165818,-0.36494648323222134,0.8286932390598298,-0.8573439321533739,0.27517374827699626,0.05718813824976203,0.29612046627603417
global_compatible,75,3,0,0,certified_reset,0,1,0.0880183764448404,0.08402450192645386,0.003993874518386541,0.07188974133095774,0.0,0.0,0,0,0.03341229542400317,-0.028245831218165818,0.013984150568937509,-0.028737510108664897,0.03341229542400317,-0.028245831218165818,0.008337426371366917,0.0012617281590802322,0.05718813824976203,0.29612046627603417
global_compatible,75,4,0,0,certified_reset,0,1,0.08402450192645386,0.08003062740806732,0.003993874518386541,0.0678958668125712,0.0,0.0,0,0,0.013984150568937509,-0.028737510108664897,0.0012683206750453296,-0.003039431407925411,0.013984150568937509,-0.028737510108664897,0.02840953763678408,0.0003643860205573226,0.05718813824976203,0.29612046627603417
global_compatible,75,5,0,0,certified_reset,0,1,0.08003062740806732,0.07603675288968079,0.003993874518386541,0.06390199229418467,0.0,0.0,0,0,0.0012683206750453296,-0.003039431407925411,-0.01087097659450125,0.008202162274239486,0.0012683206750453296,-0.003039431407925411,0.0032183768005877417,3.5304518565384954e-06,0.05718813824976203,0.29612046627603417
global_compatible,75,6,1,1,certified_reset,0,1,0.07603675288968079,0.07204287837129425,0.003993874518386541,0.05990811777579813,0.0,0.0,0,0,-0.01087097659450125,0.008202162274239486,0.00037465784323648067,-0.008949790810199039,-0.01087097659450125,0.008202162274239486,-0.0012587892141952364,0.00013032732975047068,0.05718813824976203,0.29612046627603417
global_compatible,75,7,1,1,certified_reset,0,1,0.07204287837129425,0.06804900385290771,0.003993874518386541,0.05591424325741159,0.0,0.0,0,0,0.00037465784323648067,-0.008949790810199039,-0.003998556976897158,-0.007166764720387549,0.00037465784323648067,-0.008949790810199039,0.012808142148647686,1.8659357130335916e-05,0.05718813824976203,0.29612046627603417
global_compatible,75,8,1,1,certified_reset,0,1,0.06804900385290771,0.06405512933452118,0.003993874518386541,0.051920368739025044,0.0,0.0,0,0,-0.003998556976897158,-0.007166764720387549,0.024678956620155502,0.02722881585637528,-0.003998556976897158,-0.007166764720387549,0.014537519047377058,3.05171973791447e-05,0.05718813824976203,0.29612046627603417
global_compatible,75,9,1,1,certified_reset,0,1,0.06405512933452118,0.060061254816134634,0.003993874518386541,0.0479264942206385,0.0,0.0,0,0,0.024678956620155502,0.02722881585637528,0.033672321371666106,-0.0017624810298122531,0.024678956620155502,0.02722881585637528,-0.06468785360595687,0.0008471173742924306,0.05718813824976203,0.29612046627603417
global_compatible,75,10,0,0,certified_reset,0,1,0.060061254816134634,0.05606738029774809,0.003993874518386541,0.04393261970225196,0.0,0.0,0,0,0.033672321371666106,-0.0017624810298122531,0.015529061200469742,-0.0263381012875897,0.033672321371666106,-0.0017624810298122531,-0.030934810183078486,0.00115830842967182,0.05718813824976203,0.29612046627603417
global_compatible,75,11,0,0,certified_reset,0,1,0.05606738029774809,0.05207350577936155,0.003993874518386541,0.039938745183865414,0.0,0.0,0,0,0.015529061200469742,-0.0263381012875897,0.009181262900781162,0.007421946266096057,0.015529061200469742,-0.0263381012875897,0.023339729796604695,0.0003796355207407578,0.05718813824976203,0.29612046627603417
global_compatible,75,12,0,0,certified_reset,0,1,0.05207350577936155,0.048079631260975,0.003993874518386541,0.03594487066547887,0.0,0.0,0,0,0.009181262900781162,0.007421946266096057,0.00797413608282339,-0.018684584479685948,0.009181262900781162,0.007421946266096057,-0.020076293192510492,0.00010428737870987868,0.05718813824976203,0.29612046627603417
global_compatible,75,13,0,0,certified_reset,0,1,0.048079631260975,0.04408575674258846,0.003993874518386541,0.03195099614709233,0.0,0.0,0,0,0.00797413608282339,-0.018684584479685948,0.0021139113630858864,0.005864826403462181,0.00797413608282339,-0.018684584479685948,0.01958164048983552,0.00013601332786634888,0.05718813824976203,0.29612046627603417
global_compatible,75,14,0,0,certified_reset,0,1,0.04408575674258846,0.040091882224201916,0.003993874518386541,0.027957121628705783,0.0,0.0,0,0,0.0021139113630858864,0.005864826403462181,0.0027211491410281375,-0.006187961189200903,0.0021139113630858864,0.005864826403462181,-0.010744271860645412,1.3545919670064536e-05,0.05718813824976203,0.29612046627603417
global_compatible,75,15,0,0,certified_reset,0,1,0.040091882224201916,0.03609800770581537,0.003993874518386541,0.023963247110319243,0.0,0.0,0,0,0.0027211491410281375,-0.006187961189200903,0.0009281909208808474,-0.0026789993761595216,0.0027211491410281375,-0.006187961189200903,0.006405345291770002,1.532271931761837e-05,0.05718813824976203,0.29612046627603417
global_compatible,75,16,0,0,certified_reset,0,1,0.03609800770581537,0.03210413318742883,0.003993874518386541,0.019969372591932703,0.0,0.0,0,0,0.0009281909208808474,-0.0026789993761595216,-0.00515051486861153,0.004282755555682394,0.0009281909208808474,-0.0026789993761595216,0.003021710462048695,2.381673516860358e-06,0.05718813824976203,0.29612046627603417
global_compatible,75,17,0,0,certified_reset,0,1,0.03210413318742883,0.02811025866904229,0.003993874518386541,0.015975498073546163,0.0,0.0,0,0,-0.00515051486861153,0.004282755555682394,-0.007422980747240656,-0.0001641219910748738,-0.00515051486861153,0.004282755555682394,-0.0011800297046029294,2.986417429133319e-05,0.05718813824976203,0.29612046627603417
global_compatible,75,18,0,0,certified_reset,0,1,0.02811025866904229,0.02411638415065575,0.003993874518386541,0.011981623555159623,0.0,0.0,0,0,-0.007422980747240656,-0.0001641219910748738,-0.009331028924164838,0.005121499259844359,-0.007422980747240656,-0.0001641219910748738,0.00763230815448141,5.6561794853061316e-05,0.05718813824976203,0.29612046627603417
global_compatible,75,19,0,0,certified_reset,0,1,0.02411638415065575,0.02012250963226921,0.003993874518386541,0.007987749036773082,0.0,0.0,0,0,-0.009331028924164838,0.005121499259844359,-0.011565639921551575,0.011712771268865106,-0.009331028924164838,0.005121499259844359,0.001750171531968412,9.186603413372917e-05,0.05718813824976203,0.29612046627603417
global_compatible,75,20,0,0,certified_reset,0,1,0.02012250963226921,0.01612863511388267,0.003993874518386541,0.003993874518386541,0.0,0.0,0,0,-0.011565639921551575,0.011712771268865106,-0.0037394838346511087,0.004834855827625004,-0.011565639921551575,0.011712771268865106,-0.00573477325992702,0.00015928023934697223,0.05718813824976203,0.29612046627603417
global_compatible,75,21,0,0,certified_reset,0,1,0.01612863511388267,0.01213476059549613,0.003993874518386541,0.0,0.0,0.0,0,0,-0.0037394838346511087,0.004834855827625004,0.0038603446343402114,0.01241181278988999,-0.0037394838346511087,0.004834855827625004,-0.003397732635196014,1.8480003583429363e-05,0.05718813824976203,0.29612046627603417
global_compatible,76,0,0,0,certified_reset,0,1,0.1,0.09600612548161347,0.003993874518386541,0.08387136488611735,0.0,0.0,0,0,-0.9530839033391665,0.14194310038117963,-0.44992554992048883,0.879878168185965,-0.9530839033391665,0.14194310038117963,0.7399494406422088,0.9256836680461374,0.05718813824976203,0.29612046627603417
global_compatible,76,1,0,0,certified_reset,0,1,0.09600612548161347,0.09201225096322693,0.003993874518386541,0.07987749036773081,0.0,0.0,0,0,-0.44992554992048883,0.879878168185965,0.005973894201990981,0.037169826472057126,-0.44992554992048883,0.879878168185965,-0.8481251352088377,0.35976931294863157,0.05718813824976203,0.29612046627603417
global_compatible,76,2,0,0,certified_reset,0,1,0.09201225096322693,0.0880183764448404,0.003993874518386541,0.07588361584934428,0.0,0.0,0,0,0.005973894201990981,0.037169826472057126,0.009554715008486439,-0.025480113660647966,0.005973894201990981,0.037169826472057126,-0.06070324048859814,0.0003764967770753069,0.05718813824976203,0.29612046627603417
global_compatible,76,3,0,0,certified_reset,0,1,0.0880183764448404,0.08402450192645386,0.003993874518386541,0.07188974133095774,0.0,0.0,0,0,0.009554715008486439,-0.025480113660647966,-0.0005442474459774987,0.0038053465475942445,0.009554715008486439,-0.025480113660647966,0.028023612643207532,0.00022778816512152657,0.05718813824976203,0.29612046627603417
global_compatible,76,4,0,0,certified_reset,0,1,0.08402450192645386,0.08003062740806732,0.003993874518386541,0.0678958668125712,0.0,0.0,0,0,-0.0005442474459774987,0.0038053465475942445,-0.0031593521122254193,-0.0027025366846175074,-0.0005442474459774987,0.0038053465475942445,-0.005063480725694906,3.5436954314518642e-06,0.05718813824976203,0.29612046627603417
global_compatible,76,5,0,0,certified_reset,0,1,0.08003062740806732,0.07603675288968079,0.003993874518386541,0.06390199229418467,0.0,0.0,0,0,-0.0031593521122254193,-0.0027025366846175074,0.0039404205996724714,0.006139188750325025,-0.0031593521122254193,-0.0027025366846175074,0.007125796322017466,1.256559691530177e-05,0.05718813824976203,0.29612046627603417
global_compatible,76,6,0,0,certified_reset,0,1,0.07603675288968079,0.07204287837129425,0.003993874518386541,0.05990811777579813,0.0,0.0,0,0,0.0039404205996724714,0.006139188750325025,0.0057718697721131215,0.0025443684833608426,0.0039404205996724714,0.006139188750325025,-0.012967773277997429,2.6515128029242887e-05,0.05718813824976203,0.29612046627603417
global_compatible,76,7,0,0,certified_reset,0,1,0.07204287837129425,0.06804900385290771,0.003993874518386541,0.05591424325741159,0.0,0.0,0,0,0.0057718697721131215,0.0025443684833608426,0.0020453754871277543,-0.006192748928924359,0.0057718697721131215,0.0025443684833608426,-0.009494921047501081,3.673360478493174e-05,0.05718813824976203,0.29612046627603417
global_compatible,76,8,0,0,certified_reset,0,1,0.06804900385290771,0.06405512933452118,0.003993874518386541,0.051920368739025044,0.0,0.0,0,0,0.0020453754871277543,-0.006192748928924359,-0.007882830668355677,-0.008286320649715025,0.0020453754871277543,-0.006192748928924359,0.007083716323149599,1.2341061880419382e-05,0.05718813824976203,0.29612046627603417
global_compatible,76,9,0,0,certified_reset,0,1,0.06405512933452118,0.060061254816134634,0.003993874518386541,0.0479264942206385,0.0,0.0,0,0,-0.007882830668355677,-0.008286320649715025,-0.009414963254213133,0.011672459939483704,-0.007882830668355677,-0.008286320649715025,0.020054121660358616,8.455257401896127e-05,0.05718813824976203,0.29612046627603417
global_compatible,76,10,0,0,certified_reset,0,1,0.060061254816134634,0.05606738029774809,0.003993874518386541,0.04393261970225196,0.0,0.0,0,0,-0.009414963254213133,0.011672459939483704,0.0002058913846981769,0.00346018459617771,-0.009414963254213133,0.011672459939483704,-0.007820636161629722,0.00011469492961449166,0.05718813824976203,0.29612046627603417
global_compatible,76,11,0,0,certified_reset,0,1,0.05606738029774809,0.05207350577936155,0.003993874518386541,0.039938745183865414,0.0,0.0,0,0,0.0002058913846981769,0.00346018459617771,-0.007759107023690271,0.009013623333151128,0.0002058913846981769,0.00346018459617771,-0.005301061057768823,2.9000404098803503e-06,0.05718813824976203,0.29612046627603417
global_compatible,76,12,0,0,certified_reset,0,1,0.05207350577936155,0.048079631260975,0.003993874518386541,0.03594487066547887,0.0,0.0,0,0,-0.007759107023690271,0.009013623333151128,-0.004861236820560321,0.013868888088969463,-0.007759107023690271,0.009013623333151128,-0.005554225931747197,7.559915045414879e-05,0.05718813824976203,0.29612046627603417
global_compatible,76,13,0,0,certified_reset,0,1,0.048079631260975,0.04408575674258846,0.003993874518386541,0.03195099614709233,0.0,0.0,0,0,-0.004861236820560321,0.013868888088969463,0.001021325653535117,-0.0028932799191000104,-0.004861236820560321,0.013868888088969463,-0.015588290841583672,6.432878393800107e-05,0.05718813824976203,0.29612046627603417
global_compatible,76,14,0,0,certified_reset,0,1,0.04408575674258846,0.040091882224201916,0.003993874518386541,0.027957121628705783,0.0,0.0,0,0,0.001021325653535117,-0.0028932799191000104,-0.007461737523419642,-0.010139479838482105,0.001021325653535117,-0.0028932799191000104,0.003244730544798311,2.813105362525738e-06,0.05718813824976203,0.29612046627603417
global_compatible,76,15,0,0,certified_reset,0,1,0.040091882224201916,0.03609800770581537,0.003993874518386541,0.023963247110319243,0.0,0.0,0,0,-0.007461737523419642,-0.010139479838482105,0.0021867294294726034,0.024843986133725203,-0.007461737523419642,-0.010139479838482105,0.02236439336545625,8.66873083846276e-05,0.05718813824976203,0.29612046627603417
global_compatible,76,16,0,0,certified_reset,0,1,0.03609800770581537,0.03210413318742883,0.003993874518386541,0.019969372591932703,0.0,0.0,0,0,0.0021867294294726034,0.024843986133725203,0.0009504166326646003,-0.022986921638495396,0.0021867294294726034,0.024843986133725203,-0.03877902559764922,0.00015347736271759135,0.05718813824976203,0.29612046627603417
global_compatible,76,17,0,0,certified_reset,0,1,0.03210413318742883,0.02811025866904229,0.003993874518386541,0.015975498073546163,0.0,0.0,0,0,0.0009504166326646003,-0.022986921638495396,-0.0029917437745593145,0.019368833344325105,0.0009504166326646003,-0.022986921638495396,0.03291617478731986,0.00012310189779595932,0.05718813824976203,0.29612046627603417
global_compatible,76,18,0,0,certified_reset,0,1,0.02811025866904229,0.02411638415065575,0.003993874518386541,0.011981623555159623,0.0,0.0,0,0,-0.0029917437745593145,0.019368833344325105,0.009968747210135864,-0.002792609317894496,-0.0029917437745593145,0.019368833344325105,-0.025549536135968453,9.279730765333658e-05,0.05718813824976203,0.29612046627603417
global_compatible,76,19,0,0,certified_reset,0,1,0.02411638415065575,0.02012250963226921,0.003993874518386541,0.007987749036773082,0.0,0.0,0,0,0.009968747210135864,-0.002792609317894496,0.0068480071783091154,-0.016813076464070282,0.009968747210135864,-0.002792609317894496,-0.005814497559621387,0.00010162489051079304,0.05718813824976203,0.29612046627603417
global_compatible,76,20,0,0,certified_reset,0,1,0.02012250963226921,0.01612863511388267,0.003993874518386541,0.003993874518386541,0.0,0.0,0,0,0.0068480071783091154,-0.016813076464070282,-0.003997012581654795,0.0014398759184483588,0.0068480071783091154,-0.016813076464070282,0.0179463711212303,0.00010582932545829771,0.05718813824976203,0.29612046627603417
global_compatible,76,21,0,0,certified_reset,0,1,0.01612863511388267,0.01213476059549613,0.003993874518386541,0.0,0.0,0.0,0,0,-0.003997012581654795,0.0014398759184483588,-0.007388964376122667,0.002994935389867834,-0.003997012581654795,0.0014398759184483588,0.0018628288113863565,1.643604653631496e-05,0.05718813824976203,0.29612046627603417
global_compatible,77,0,0,0,certified_reset,0,1,0.1,0.09600612548161347,0.003993874518386541,0.08387136488611735,0.0,0.0,0,0,1.0698230935559376,0.46427758921815754,0.7705093794811566,-1.0946698063483484,1.0698230935559376,0.46427758921815754,-1.55,1.243383613878637,0.05718813824976203,0.29612046627603417
global_compatible,77,1,0,0,certified_reset,0,1,0.09600612548161347,0.09201225096322693,0.003993874518386541,0.07987749036773081,0.0,0.0,0,0,0.7705093794811566,-1.0946698063483484,0.1003757044953971,-0.23970163250905444,0.7705093794811566,-1.0946698063483484,0.8453055612681366,0.8272425984537395,0.05718813824976203,0.29612046627603417
global_compatible,77,2,0,0,certified_reset,0,1,0.09201225096322693,0.0880183764448404,0.003993874518386541,0.07588361584934428,0.0,0.0,0,0,0.1003757044953971,-0.23970163250905444,-0.012078688399186969,0.009036596466141408,0.1003757044953971,-0.23970163250905444,0.2531527974012017,0.02201967759669967,0.05718813824976203,0.29612046627603417
global_compatible,77,3,0,0,certified_reset,0,1,0.0880183764448404,0.08402450192645386,0.003993874518386541,0.07188974133095774,0.0,0.0,0,0,-0.012078688399186969,0.009036596466141408,-0.0012964975344118574,0.0030661626906919063,-0.012078688399186969,0.009036596466141408,-0.0012864308852748678,0.0001606348996797569,0.05718813824976203,0.29612046627603417
global_compatible,77,4,0,0,certified_reset,0,1,0.08402450192645386,0.08003062740806732,0.003993874518386541,0.0678958668125712,0.0,0.0,0,0,-0.0012964975344118574,0.0030661626906919063,0.0027160824060471675,-0.004205249567246256,-0.0012964975344118574,0.0030661626906919063,-0.003224777460118459,3.6331292546606125e-06,0.05718813824976203,0.29612046627603417
global_compatible,77,5,0,0,certified_reset,0,1,0.08003062740806732,0.07603675288968079,0.003993874518386541,0.06390199229418467,0.0,0.0,0,0,0.0027160824060471675,-0.004205249567246256,0.002376378716795262,-0.0102071882263077,0.0027160824060471675,-0.004205249567246256,0.003490150800551738,1.0864774757812238e-05,0.05718813824976203,0.29612046627603417
global_compatible,77,6,0,0,certified_reset,0,1,0.07603675288968079,0.07204287837129425,0.003993874518386541,0.05990811777579813,0.0,0.0,0,0,0.002376378716795262,-0.0102071882263077,0.0029303090951614853,0.022695803043330878,0.002376378716795262,-0.0102071882263077,0.012668978894598008,2.8413355929141158e-05,0.05718813824976203,0.29612046627603417
global_compatible,77,7,0,0,certified_reset,0,1,0.07204287837129425,0.06804900385290771,0.003993874518386541,0.05591424325741159,0.0,0.0,0,0,0.0029303090951614853,0.022695803043330878,0.006164128611554655,-0.012582319907832222,0.0029303090951614853,0.022695803043330878,-0.03635332703256231,0.00013434372669229682,0.05718813824976203,0.29612046627603417
global_compatible,77,8,0,0,certified_reset,0,1,0.06804900385290771,0.06405512933452118,0.003993874518386541,0.051920368739025044,0.0,0.0,0,0,0.006164128611554655,-0.012582319907832222,-0.002191546226350035,0.0029540668047609298,0.006164128611554655,-0.012582319907832222,0.012397793537216387,7.033577302191842e-05,0.05718813824976203,0.29612046627603417
global_compatible,77,9,0,0,certified_reset,0,1,0.06405512933452118,0.060061254816134634,0.003993874518386541,0.0479264942206385,0.0,0.0,0,0,-0.002191546226350035,0.0029540668047609298,0.0018898241849509168,0.004911093329559371,-0.002191546226350035,0.0029540668047609298,-0.002167018513604036,6.491046016844927e-06,0.05718813824976203,0.29612046627603417
global_compatible,77,10,0,0,certified_reset,0,1,0.060061254816134634,0.05606738029774809,0.003993874518386541,0.04393261970225196,0.0,0.0,0,0,0.0018898241849509168,0.004911093329559371,0.004326985384622914,-0.014316744136630425,0.0018898241849509168,0.004911093329559371,-0.009113488934592517,9.989218248544563e-06,0.05718813824976203,0.29612046627603417
global_compatible,77,11,0,0,certified_reset,0,1,0.05606738029774809,0.05207350577936155,0.003993874518386541,0.039938745183865414,0.0,0.0,0,0,0.004326985384622914,-0.014316744136630425,-0.0018753068371634902,0.01193666610050509,0.004326985384622914,-0.014316744136630425,0.016781362507641687,6.265760499033584e-05,0.05718813824976203,0.29612046627603417
global_compatible,77,12,0,0,certified_reset,0,1,0.05207350577936155,0.048079631260975,0.003993874518386541,0.03594487066547887,0.0,0.0,0,0,-0.0018753068371634902,0.01193666610050509,0.0003068943146050053,-0.010371906332043896,-0.0018753068371634902,0.01193666610050509,-0.0157140003620256,3.533714048504618e-05,0.05718813824976203,0.29612046627603417
global_compatible,77,13,1,1,certified_reset,0,1,0.048079631260975,0.04408575674258846,0.003993874518386541,0.03195099614709233,0.0,0.0,0,0,0.0003068943146050053,-0.010371906332043896,0.006179886331284488,0.005923210278644347,0.0003068943146050053,-0.010371906332043896,0.014974053258199815,2.5063500267746598e-05,0.05718813824976203,0.29612046627603417
global_compatible,77,14,0,0,certified_reset,0,1,0.04408575674258846,0.040091882224201916,0.003993874518386541,0.027957121628705783,0.0,0.0,0,0,0.006179886331284488,0.005923210278644347,0.012570296055883178,-0.007021940650033932,0.006179886331284488,0.005923210278644347,-0.014876658758354127,5.003906506381655e-05,0.05718813824976203,0.29612046627603417
global_compatible,77,15,0,0,certified_reset,0,1,0.040091882224201916,0.03609800770581537,0.003993874518386541,0.023963247110319243,0.0,0.0,0,0,0.012570296055883178,-0.007021940650033932,0.006826862414169551,-0.02707377741656019,0.012570296055883178,-0.007021940650033932,-0.0021757405288759146,0.00016700606619244484,0.05718813824976203,0.29612046627603417
global_compatible,77,16,0,0,certified_reset,0,1,0.03609800770581537,0.03210413318742883,0.003993874518386541,0.019969372591932703,0.0,0.0,0,0,0.006826862414169551,-0.02707377741656019,-0.0013245340431011507,0.007217890002697423,0.006826862414169551,-0.02707377741656019,0.03308605174945249,0.00020591131717944712,0.05718813824976203,0.29612046627603417
global_compatible,77,17,0,0,certified_reset,0,1,0.03210413318742883,0.02811025866904229,0.003993874518386541,0.015975498073546163,0.0,0.0,0,0,-0.0013245340431011507,0.007217890002697423,-0.0021890351998310503,-0.004444219197600446,-0.0013245340431011507,0.007217890002697423,-0.009313765646096182,1.330067469048101e-05,0.05718813824976203,0.29612046627603417
global_compatible,77,18,0,0,certified_reset,0,1,0.02811025866904229,0.02411638415065575,0.003993874518386541,0.011981623555159623,0.0,0.0,0,0,-0.0021890351998310503,-0.004444219197600446,-0.00510919640096074,0.006876388408289354,-0.0021890351998310503,-0.004444219197600446,0.008726022799881309,1.025065712343824e-05,0.05718813824976203,0.29612046627603417
global_compatible,77,19,0,0,certified_reset,0,1,0.02411638415065575,0.02012250963226921,0.003993874518386541,0.007987749036773082,0.0,0.0,0,0,-0.00510919640096074,0.006876388408289354,0.0016549913751151093,0.010322493162643762,-0.00510919640096074,0.006876388408289354,-0.0050407280961852164,3.525036051458007e-05,0.05718813824976203,0.29612046627603417
global_compatible,77,20,0,0,certified_reset,0,1,0.02012250963226921,0.01612863511388267,0.003993874518386541,0.003993874518386541,0.0,0.0,0,0,0.0016549913751151093,0.010322493162643762,0.006805265669333214,-0.025151592197863015,0.0016549913751151093,0.010322493162643762,-0.01685316222619942,2.9019419093979177e-05,0.05718813824976203,0.29612046627603417
global_compatible,77,21,0,0,certified_reset,0,1,0.01612863511388267,0.01213476059549613,0.003993874518386541,0.0,0.0,0.0,0,0,0.006805265669333214,-0.025151592197863015,0.010576551839575687,0.01416730885511121,0.006805265669333214,-0.025151592197863015,0.030274467224504303,0.00018309369118916355,0.05718813824976203,0.29612046627603417
global_compatible,78,0,0,0,certified_reset,0,1,0.1,0.09600612548161347,0.003993874518386541,0.08387136488611735,0.0,0.0,0,0,-0.8592073745442699,-0.015301560373073175,-0.4395335532522562,0.8613059074079771,-0.8592073745442699,-0.015301560373073175,0.8781072542058138,0.7575562660134522,0.05718813824976203,0.29612046627603417
global_compatible,78,1,0,0,certified_reset,0,1,0.09600612548161347,0.09201225096322693,0.003993874518386541,0.07987749036773081,0.0,0.0,0,0,-0.4395335532522562,0.8613059074079771,0.006818185494323378,0.034171904380505304,-0.4395335532522562,0.8613059074079771,-0.831112815123433,0.34399107312557203,0.05718813824976203,0.29612046627603417
global_compatible,78,2,0,0,certified_reset,0,1,0.09201225096322693,0.0880183764448404,0.003993874518386541,0.07588361584934428,0.0,0.0,0,0,0.006818185494323378,0.034171904380505304,0.01565555669228604,-0.02149712661732996,0.006818185494323378,0.034171904380505304,-0.057127199255623186,0.00033826500462306514,0.05718813824976203,0.29612046627603417
global_compatible,78,3,0,0,certified_reset,0,1,0.0880183764448404,0.08402450192645386,0.003993874518386541,0.07188974133095774,0.0,0.0,0,0,0.01565555669228604,-0.02149712661732996,0.005847330782187302,0.0055246359523645,0.01565555669228604,-0.02149712661732996,0.016079692808885656,0.0003347431298703583,0.05718813824976203,0.29612046627603417
global_compatible,78,4,0,0,certified_reset,0,1,0.08402450192645386,0.08003062740806732,0.003993874518386541,0.0678958668125712,0.0,0.0,0,0,0.005847330782187302,0.0055246359523645,0.006469808348438723,-0.010107532312932228,0.005847330782187302,0.0055246359523645,-0.013956544767951417,4.455479425591948e-05,0.05718813824976203,0.29612046627603417
global_compatible,78,5,0,0,certified_reset,0,1,0.08003062740806732,0.07603675288968079,0.003993874518386541,0.06390199229418467,0.0,0.0,0,0,0.006469808348438723,-0.010107532312932228,0.001537933420615844,0.00915770338172638,0.006469808348438723,-0.010107532312932228,0.008445075096000138,6.203060010220888e-05,0.05718813824976203,0.29612046627603417
global_compatible,78,6,0,0,certified_reset,0,1,0.07603675288968079,0.07204287837129425,0.003993874518386541,0.05990811777579813,0.0,0.0,0,0,0.001537933420615844,0.00915770338172638,0.0030516194259512597,-0.013803542230700398,0.001537933420615844,0.00915770338172638,-0.015019209137165337,2.3100090904877815e-05,0.05718813824976203,0.29612046627603417
global_compatible,78,7,0,0,certified_reset,0,1,0.07204287837129425,0.06804900385290771,0.003993874518386541,0.05591424325741159,0.0,0.0,0,0,0.0030516194259512597,-0.013803542230700398,-0.0057053665708091846,0.005600840231415686,0.0030516194259512597,-0.013803542230700398,0.01729532270133562,5.108738586507776e-05,0.05718813824976203,0.29612046627603417
global_compatible,78,8,0,0,certified_reset,0,1,0.06804900385290771,0.06405512933452118,0.003993874518386541,0.051920368739025044,0.0,0.0,0,0,-0.0057053665708091846,0.005600840231415686,0.0020753806318222793,-0.0002950325462940306,-0.0057053665708091846,0.005600840231415686,-0.002567449699928777,3.836249668996058e-05,0.05718813824976203,0.29612046627603417
global_compatible,78,9,0,0,certified_reset,0,1,0.06405512933452118,0.060061254816134634,0.003993874518386541,0.0479264942206385,0.0,0.0,0,0,0.0020753806318222793,-0.0002950325462940306,0.00040754542406236925,-0.011804277589810227,0.0020753806318222793,-0.0002950325462940306,-0.001629699645586353,4.3892707469207435e-06,0.05718813824976203,0.29612046627603417
global_compatible,78,10,0,0,certified_reset,0,1,0.060061254816134634,0.05606738029774809,0.003993874518386541,0.04393261970225196,0.0,0.0,0,0,0.00040754542406236925,-0.011804277589810227,0.002790843653840861,0.01847267976312067,0.00040754542406236925,-0.011804277589810227,0.016982443162927994,3.2457552162339436e-05,0.05718813824976203,0.29612046627603417
global_compatible,78,11,0,0,certified_reset,0,1,0.05606738029774809,0.05207350577936155,0.003993874518386541,0.039938745183865414,0.0,0.0,0,0,0.002790843653840861,0.01847267976312067,0.0031195171092554663,-0.0029058768436798846,0.002790843653840861,0.01847267976312067,-0.029994050106113838,9.170306591793092e-05,0.05718813824976203,0.29612046627603417
global_compatible,78,12,0,0,certified_reset,0,1,0.05207350577936155,0.048079631260975,0.003993874518386541,0.03594487066547887,0.0,0.0,0,0,0.0031195171092554663,-0.0029058768436798846,-0.0073329618842448464,-0.001235716362653645,0.0031195171092554663,-0.0029058768436798846,0.001175163618174595,1.1285853874688906e-05,0.05718813824976203,0.29612046627603417
global_compatible,78,13,0,0,certified_reset,0,1,0.048079631260975,0.04408575674258846,0.003993874518386541,0.03195099614709233,0.0,0.0,0,0,-0.0073329618842448464,-0.001235716362653645,-0.00014452029813937515,-0.0035259299059969586,-0.0073329618842448464,-0.001235716362653645,0.009120817682204803,5.612692196279561e-05,0.05718813824976203,0.29612046627603417
global_compatible,78,14,1,1,certified_reset,0,1,0.04408575674258846,0.040091882224201916,0.003993874518386541,0.027957121628705783,0.0,0.0,0,0,-0.00014452029813937515,-0.0035259299059969586,-0.009503860854840052,-0.046544531570517626,-0.00014452029813937515,-0.0035259299059969586,0.005342379719614595,2.9722043496486965e-06,0.05718813824976203,0.29612046627603417
global_compatible,78,15,1,1,certified_reset,0,1,0.040091882224201916,0.03609800770581537,0.003993874518386541,0.023963247110319243,0.0,0.0,0,0,-0.009503860854840052,-0.046544531570517626,-0.02610418939512923,0.003483772633065218,-0.009503860854840052,-0.046544531570517626,0.07802975209261236,0.0006324902418804288,0.05718813824976203,0.29612046627603417
global_compatible,78,16,0,0,certified_reset,0,1,0.03609800770581537,0.03210413318742883,0.003993874518386541,0.019969372591932703,0.0,0.0,0,0,-0.02610418939512923,0.003483772633065218,-0.012547427620972981,0.030913044817887564,-0.02610418939512923,0.003483772633065218,0.020863492098376523,0.000694495437456854,0.05718813824976203,0.29612046627603417
global_compatible,78,17,0,0,certified_reset,0,1,0.03210413318742883,0.02811025866904229,0.003993874518386541,0.015975498073546163,0.0,0.0,0,0,-0.012547427620972981,0.030913044817887564,0.006200732130179803,-0.0011046191157053614,-0.012547427620972981,0.030913044817887564,-0.03304678903859069,0.0003567511377318742,0.05718813824976203,0.29612046627603417
global_compatible,78,18,0,0,certified_reset,0,1,0.02811025866904229,0.02411638415065575,0.003993874518386541,0.011981623555159623,0.0,0.0,0,0,0.006200732130179803,-0.0011046191157053614,0.0009184694312530807,-0.00682101183795414,0.006200732130179803,-0.0011046191157053614,-0.0045498168889188915,3.918623280365216e-05,0.05718813824976203,0.29612046627603417
global_compatible,78,19,0,0,certified_reset,0,1,0.02411638415065575,0.02012250963226921,0.003993874518386541,0.007987749036773082,0.0,0.0,0,0,0.0009184694312530807,-0.00682101183795414,0.005976894106558746,-0.008053329614812168,0.0009184694312530807,-0.00682101183795414,0.009130198788777204,1.1302315793042968e-05,0.05718813824976203,0.29612046627603417
global_compatible,78,20,0,0,certified_reset,0,1,0.02012250963226921,0.01612863511388267,0.003993874518386541,0.003993874518386541,0.0,0.0,0,0,0.005976894106558746,-0.008053329614812168,-0.01415002701855422,-0.00019902929696893347,0.005976894106558746,-0.008053329614812168,0.005912393612834507,4.827127433610975e-05,0.05718813824976203,0.29612046627603417
global_compatible,78,21,0,0,certified_reset,0,1,0.01612863511388267,0.01213476059549613,0.003993874518386541,0.0,0.0,0.0,0,0,-0.01415002701855422,-0.00019902929696893347,0.000849814050934863,0.01527392606726343,-0.01415002701855422,-0.00019902929696893347,0.014384810485843717,0.00020540346422264475,0.05718813824976203,0.29612046627603417
global_compatible,79,0,0,0,certified_reset,0,1,0.1,0.09600612548161347,0.003993874518386541,0.08387136488611735,0.0,0.0,0,0,-0.18482681624299513,0.5951512576315051,0.058079685951186746,-0.09755786218869035,-0.18482681624299513,0.5951512576315051,-0.6926692381352361,0.10991262234185828,0.05718813824976203,0.29612046627603417
global_compatible,79,1,0,0,certified_reset,0,1,0.09600612548161347,0.09201225096322693,0.003993874518386541,0.07987749036773081,0.0,0.0,0,0,0.058079685951186746,-0.09755786218869035,0.00265244673491148,-0.011322122130957473,0.058079685951186746,-0.09755786218869035,0.08587781105596852,0.0052707814464515446,0.05718813824976203,0.29612046627603417
global_compatible,79,2,0,0,certified_reset,0,1,0.09201225096322693,0.0880183764448404,0.003993874518386541,0.07588361584934428,0.0,0.0,0,0,0.00265244673491148,-0.011322122130957473,-0.003232663748372681,0.004727592176032465,0.00265244673491148,-0.011322122130957473,0.01403456501887614,3.5033979981966176e-05,0.05718813824976203,0.29612046627603417
global_compatible,79,3,0,0,certified_reset,0,1,0.0880183764448404,0.08402450192645386,0.003993874518386541,0.07188974133095774,0.0,0.0,0,0,-0.003232663748372681,0.004727592176032465,0.005772660979878846,-0.0013930547827594518,-0.003232663748372681,0.004727592176032465,-0.0037449937332891116,1.4823762362521287e-05,0.05718813824976203,0.29612046627603417
global_compatible,79,4,1,1,certified_reset,0,1,0.08402450192645386,0.08003062740806732,0.003993874518386541,0.0678958668125712,0.0,0.0,0,0,0.005772660979878846,-0.0013930547827594518,-0.037133819250554395,-0.04624254579879022,0.005772660979878846,-0.0013930547827594518,-0.0037008287019742315,3.401532640864812e-05,0.05718813824976203,0.29612046627603417
global_compatible,79,5,0,0,certified_reset,0,1,0.08003062740806732,0.07603675288968079,0.003993874518386541,0.06390199229418467,0.0,0.0,0,0,-0.037133819250554395,-0.04624254579879022,-0.029791471000631443,0.062031151382118156,-0.037133819250554395,-0.04624254579879022,0.10509855932645704,0.002039970358996842,0.05718813824976203,0.29612046627603417
global_compatible,79,6,0,0,certified_reset,0,1,0.07603675288968079,0.07204287837129425,0.003993874518386541,0.05990811777579813,0.0,0.0,0,0,-0.029791471000631443,0.062031151382118156,-0.0013391114401097252,-0.005965780854301643,-0.029791471000631443,0.062031151382118156,-0.0617132052605834,0.0016753602104922635,0.05718813824976203,0.29612046627603417
global_compatible,79,7,0,0,certified_reset,0,1,0.07204287837129425,0.06804900385290771,0.003993874518386541,0.05591424325741159,0.0,0.0,0,0,-0.0013391114401097252,-0.005965780854301643,0.001914244511461544,-0.0001272820136730161,-0.0013391114401097252,-0.005965780854301643,0.010119779101522276,1.0759765091902283e-05,0.05718813824976203,0.29612046627603417
global_compatible,79,8,0,0,certified_reset,0,1,0.06804900385290771,0.06405512933452118,0.003993874518386541,0.051920368739025044,0.0,0.0,0,0,0.001914244511461544,-0.0001272820136730161,-0.008232828262569812,-0.0020507312932286385,0.001914244511461544,-0.0001272820136730161,-0.001716700813042936,3.7409247196790405e-06,0.05718813824976203,0.29612046627603417
global_compatible,79,9,0,0,certified_reset,0,1,0.06405512933452118,0.060061254816134634,0.003993874518386541,0.0479264942206385,0.0,0.0,0,0,-0.008232828262569812,-0.0020507312932286385,-0.002935468327678623,0.01781151552899902,-0.008232828262569812,-0.0020507312932286385,0.011217190895373905,7.168208528121465e-05,0.05718813824976203,0.29612046627603417
global_compatible,79,10,0,0,certified_reset,0,1,0.060061254816134634,0.05606738029774809,0.003993874518386541,0.04393261970225196,0.0,0.0,0,0,-0.002935468327678623,0.01781151552899902,0.003445607136053808,-0.007129984103804935,-0.002935468327678623,0.01781151552899902,-0.023316722005577203,7.931372780909773e-05,0.05718813824976203,0.29612046627603417
global_compatible,79,11,0,0,certified_reset,0,1,0.05606738029774809,0.05207350577936155,0.003993874518386541,0.039938745183865414,0.0,0.0,0,0,0.003445607136053808,-0.007129984103804935,-0.0017303017961076683,-0.0049007895412100135,0.003445607136053808,-0.007129984103804935,0.007072029175108014,2.2273149650056387e-05,0.05718813824976203,0.29612046627603417
global_compatible,79,12,0,0,certified_reset,0,1,0.05207350577936155,0.048079631260975,0.003993874518386541,0.03594487066547887,0.0,0.0,0,0,-0.0017303017961076683,-0.0049007895412100135,-0.00948424538564401,0.011383382916409055,-0.0017303017961076683,-0.0049007895412100135,0.008940275281218692,9.315350221114694e-06,0.05718813824976203,0.29612046627603417
global_compatible,79,13,0,0,certified_reset,0,1,0.048079631260975,0.04408575674258846,0.003993874518386541,0.03195099614709233,0.0,0.0,0,0,-0.00948424538564401,0.011383382916409055,0.002350112183895822,0.004598852621993095,-0.00948424538564401,0.011383382916409055,-0.00732446234125738,0.00011461675744170898,0.05718813824976203,0.29612046627603417
global_compatible,79,14,0,0,certified_reset,0,1,0.04408575674258846,0.040091882224201916,0.003993874518386541,0.027957121628705783,0.0,0.0,0,0,0.002350112183895822,0.004598852621993095,0.00016851357880705948,0.0018274781186628855,0.002350112183895822,0.004598852621993095,-0.00911358664866229,1.1406363995948775e-05,0.05718813824976203,0.29612046627603417
global_compatible,79,15,0,0,certified_reset,0,1,0.040091882224201916,0.03609800770581537,0.003993874518386541,0.023963247110319243,0.0,0.0,0,0,0.00016851357880705948,0.0018274781186628855,-0.0032586552078860513,0.0013729254545509365,0.00016851357880705948,0.0018274781186628855,-0.0028619189679451244,8.343030600739603e-07,0.05718813824976203,0.29612046627603417
global_compatible,79,16,0,0,certified_reset,0,1,0.03609800770581537,0.03210413318742883,0.003993874518386541,0.019969372591932703,0.0,0.0,0,0,-0.0032586552078860513,0.0013729254545509365,0.005116107271790235,0.005208924152588845,-0.0032586552078860513,0.0013729254545509365,0.0012217795666257456,1.099543877129419e-05,0.05718813824976203,0.29612046627603417
global_compatible,79,17,0,0,certified_reset,0,1,0.03210413318742883,0.02811025866904229,0.003993874518386541,0.015975498073546163,0.0,0.0,0,0,0.005116107271790235,0.005208924152588845,0.005620062789856918,-0.002525861098735028,0.005116107271790235,0.005208924152588845,-0.012766308759512254,3.5132939948981125e-05,0.05718813824976203,0.29612046627603417
global_compatible,79,18,0,0,certified_reset,0,1,0.02811025866904229,0.02411638415065575,0.003993874518386541,0.011981623555159623,0.0,0.0,0,0,0.005620062789856918,-0.002525861098735028,-0.003483719397890353,-0.005164740536295074,0.005620062789856918,-0.002525861098735028,-0.0018804318585459634,3.2821901733518716e-05,0.05718813824976203,0.29612046627603417
global_compatible,79,19,0,0,certified_reset,0,1,0.02411638415065575,0.02012250963226921,0.003993874518386541,0.007987749036773082,0.0,0.0,0,0,-0.003483719397890353,-0.005164740536295074,0.0017715332716398283,0.0204784059787513,-0.003483719397890353,-0.005164740536295074,0.011074128422176277,2.0003626916313748e-05,0.05718813824976203,0.29612046627603417
global_compatible,79,20,0,0,certified_reset,0,1,0.02012250963226921,0.01612863511388267,0.003993874518386541,0.003993874518386541,0.0,0.0,0,0,0.0017715332716398283,0.0204784059787513,0.0011814361701922224,-0.022934260119897167,0.0017715332716398283,0.0204784059787513,-0.031932199740224834,0.00010411568469626754,0.05718813824976203,0.29612046627603417
global_compatible,79,21,0,0,certified_reset,0,1,0.01612863511388267,0.01213476059549613,0.003993874518386541,0.0,0.0,0.0,0,0,0.0011814361701922224,-0.022934260119897167,-0.003610087664294916,0.016445246702842885,0.0011814361701922224,-0.022934260119897167,0.03260517263755268,0.0001226496751968328,0.05718813824976203,0.29612046627603417
global_compatible,80,0,0,0,certified_reset,0,1,0.1,0.09600612548161347,0.003993874518386541,0.08387136488611735,0.0,0.0,0,0,-5.246134602868305,-0.19415777883544366,-4.658792807185755,1.358405846370703,-5.246134602868305,-0.19415777883544366,1.55,27.588776275167007,0.05718813824976203,0.29612046627603417
global_compatible,80,1,0,0,certified_reset,0,1,0.09600612548161347,0.09201225096322693,0.003993874518386541,0.07987749036773081,0.0,0.0,0,0,-4.658792807185755,1.358405846370703,-2.611729199106667,2.7281693918526924,-4.658792807185755,1.358405846370703,1.3672294719663807,22.0832312908328,0.05718813824976203,0.29612046627603417
global_compatible,80,2,0,0,certified_reset,0,1,0.09201225096322693,0.0880183764448404,0.003993874518386541,0.07588361584934428,0.0,0.0,0,0,-2.611729199106667,2.7281693918526924,-0.5971889297634667,1.2970860638611657,-2.611729199106667,2.7281693918526924,-1.4231977299363485,8.211490185444292,0.05718813824976203,0.29612046627603417
global_compatible,80,3,0,0,certified_reset,0,1,0.0880183764448404,0.08402450192645386,0.003993874518386541,0.07188974133095774,0.0,0.0,0,0,-0.5971889297634667,1.2970860638611657,0.034757305059993866,-0.019505648890427444,-0.5971889297634667,1.2970860638611657,-1.3160678217794675,0.7027732868914318,0.05718813824976203,0.29612046627603417
global_compatible,80,4,0,0,certified_reset,0,1,0.08402450192645386,0.08003062740806732,0.003993874518386541,0.0678958668125712,0.0,0.0,0,0,0.034757305059993866,-0.019505648890427444,0.009017490317086497,-0.01058128549032078,0.034757305059993866,-0.019505648890427444,-0.005875508031650225,0.0012774179558538187,0.05718813824976203,0.29612046627603417
global_compatible,80,5,0,0,certified_reset,0,1,0.08003062740806732,0.07603675288968079,0.003993874518386541,0.06390199229418467,0.0,0.0,0,0,0.009017490317086497,-0.01058128549032078,0.002673207846127333,-0.009996840768297478,0.009017490317086497,-0.01058128549032078,0.006609519757216727,0.00010256072387725585,0.05718813824976203,0.29612046627603417
global_compatible,80,6,0,0,certified_reset,0,1,0.07603675288968079,0.07204287837129425,0.003993874518386541,0.05990811777579813,0.0,0.0,0,0,0.002673207846127333,-0.009996840768297478,0.0009803463275607034,0.004110772082447414,0.002673207846127333,-0.009996840768297478,0.012063431327397752,2.8772828135772785e-05,0.05718813824976203,0.29612046627603417
global_compatible,80,7,0,0,certified_reset,0,1,0.07204287837129425,0.06804900385290771,0.003993874518386541,0.05591424325741159,0.0,0.0,0,0,0.0009803463275607034,0.004110772082447414,-0.003394701848782978,-0.0018308541221442017,0.0009803463275607034,0.004110772082447414,-0.00703192837277028,5.238999818445278e-06,0.05718813824976203,0.29612046627603417
global_compatible,80,8,0,0,certified_reset,0,1,0.06804900385290771,0.06405512933452118,0.003993874518386541,0.051920368739025044,0.0,0.0,0,0,-0.003394701848782978,-0.0018308541221442017,0.003918486014045909,0.016315034680108753,-0.003394701848782978,-0.0018308541221442017,0.0060752127252530945,1.3050070710540532e-05,0.05718813824976203,0.29612046627603417
global_compatible,80,9,0,0,certified_reset,0,1,0.06405512933452118,0.060061254816134634,0.003993874518386541,0.0479264942206385,0.0,0.0,0,0,0.003918486014045909,0.016315034680108753,0.0018263465081661562,-0.0008589027049501884,0.003918486014045909,0.016315034680108753,-0.0279377596928109,8.277995724897186e-05,0.05718813824976203,0.29612046627603417
global_compatible,80,10,0,0,certified_reset,0,1,0.060061254816134634,0.05606738029774809,0.003993874518386541,0.04393261970225196,0.0,0.0,0,0,0.0018263465081661562,-0.0008589027049501884,0.006738769956193108,-0.0064426370112588465,0.0018263465081661562,-0.0008589027049501884,-0.0005539018281744247,3.476000242954821e-06,0.05718813824976203,0.29612046627603417
global_compatible,80,11,0,0,certified_reset,0,1,0.05606738029774809,0.05207350577936155,0.003993874518386541,0.039938745183865414,0.0,0.0,0,0,0.006738769956193108,-0.0064426370112588465,0.004526828209980804,0.0022188640144107253,0.006738769956193108,-0.0064426370112588465,0.002781054484634722,5.307574002224515e-05,0.05718813824976203,0.29612046627603417
global_compatible,80,12,0,0,certified_reset,0,1,0.05207350577936155,0.048079631260975,0.003993874518386541,0.03594487066547887,0.0,0.0,0,0,0.004526828209980804,0.0022188640144107253,-0.005795302733236794,-0.013053864495767776,0.004526828209980804,0.0022188640144107253,-0.007772213865094238,2.2888560704397526e-05,0.05718813824976203,0.29612046627603417
global_compatible,80,13,0,0,certified_reset,0,1,0.048079631260975,0.04408575674258846,0.003993874518386541,0.03195099614709233,0.0,0.0,0,0,-0.005795302733236794,-0.013053864495767776,-0.004620221341685244,0.01417119450385986,-0.005795302733236794,-0.013053864495767776,0.025003593142841413,7.988763361047648e-05,0.05718813824976203,0.29612046627603417
global_compatible,80,14,0,0,certified_reset,0,1,0.04408575674258846,0.040091882224201916,0.003993874518386541,0.027957121628705783,0.0,0.0,0,0,-0.004620221341685244,0.01417119450385986,0.009785725296599062,0.010425700565623345,-0.004620221341685244,0.01417119450385986,-0.016274515092090654,6.411603694315198e-05,0.05718813824976203,0.29612046627603417
global_compatible,80,15,0,0,certified_reset,0,1,0.040091882224201916,0.03609800770581537,0.003993874518386541,0.023963247110319243,0.0,0.0,0,0,0.009785725296599062,0.010425700565623345,0.009459897359023622,-0.018910879948482773,0.009785725296599062,0.010425700565623345,-0.02510253719521876,0.00013107899573255933,0.05718813824976203,0.29612046627603417
global_compatible,80,16,0,0,certified_reset,0,1,0.03609800770581537,0.03210413318742883,0.003993874518386541,0.019969372591932703,0.0,0.0,0,0,0.009459897359023622,-0.018910879948482773,-0.007579458083764431,0.0053836907781789605,0.009459897359023622,-0.018910879948482773,0.018438831645561145,0.00016236126933126278,0.05718813824976203,0.29612046627603417
global_compatible,80,17,0,0,certified_reset,0,1,0.03210413318742883,0.02811025866904229,0.003993874518386541,0.015975498073546163,0.0,0.0,0,0,-0.007579458083764431,0.0053836907781789605,0.004848049205544713,-0.00814484215017983,-0.007579458083764431,0.0053836907781789605,-0.0003812580161325433,6.266896153652246e-05,0.05718813824976203,0.29612046627603417
global_compatible,80,18,0,0,certified_reset,0,1,0.02811025866904229,0.02411638415065575,0.003993874518386541,0.011981623555159623,0.0,0.0,0,0,0.004848049205544713,-0.00814484215017983,0.001767664907589232,0.0008528051141916027,0.004848049205544713,-0.00814484215017983,0.007172677419432766,3.673068529070602e-05,0.05718813824976203,0.29612046627603417
global_compatible,80,19,0,0,certified_reset,0,1,0.02411638415065575,0.02012250963226921,0.003993874518386541,0.007987749036773082,0.0,0.0,0,0,0.001767664907589232,0.0008528051141916027,0.008131887343830378,0.0115661113465907,0.001767664907589232,0.0008528051141916027,-0.0030130238462803592,3.482506824281244e-06,0.05718813824976203,0.29612046627603417
global_compatible,80,20,0,0,certified_reset,0,1,0.02012250963226921,0.01612863511388267,0.003993874518386541,0.003993874518386541,0.0,0.0,0,0,0.008131887343830378,0.0115661113465907,0.010743216157140002,-0.014880246375423562,0.008131887343830378,0.0115661113465907,-0.025134643465711065,0.00010600083702917113,0.05718813824976203,0.29612046627603417
global_compatible,80,21,0,0,certified_reset,0,1,0.01612863511388267,0.01213476059549613,0.003993874518386541,0.0,0.0,0.0,0,0,0.010743216157140002,-0.014880246375423562,-0.002287770300200648,-0.010785145666831124,0.010743216157140002,-0.014880246375423562,0.01122014810814879,0.00015841989828304894,0.05718813824976203,0.29612046627603417
global_compatible,81,0,0,0,certified_reset,0,1,0.1,0.09600612548161347,0.003993874518386541,0.08387136488611735,0.0,0.0,0,0,-2.1024604063721926,0.1937236854658042,-1.1279603594319219,1.7316344092160285,-2.1024604063721926,0.1937236854658042,1.5499999999999987,4.487157456298607,0.05718813824976203,0.29612046627603417
global_compatible,81,1,0,0,certified_reset,0,1,0.09600612548161347,0.09201225096322693,0.003993874518386541,0.07987749036773081,0.0,0.0,0,0,-1.1279603594319219,1.7316344092160285,-0.11683361552395441,0.2998637486329052,-1.1279603594319219,1.7316344092160285,-1.4276761270667304,1.8629914414372668,0.05718813824976203,0.29612046627603417
global_compatible,81,2,0,0,certified_reset,0,1,0.09201225096322693,0.0880183764448404,0.003993874518386541,0.07588361584934428,0.0,0.0,0,0,-0.11683361552395441,0.2998637486329052,0.02489923698317481,-0.01843072320050301,-0.11683361552395441,0.2998637486329052,-0.3253882708127677,0.03248232007991435,0.05718813824976203,0.29612046627603417
global_compatible,81,3,0,0,certified_reset,0,1,0.0880183764448404,0.08402450192645386,0.003993874518386541,0.07188974133095774,0.0,0.0,0,0,0.02489923698317481,-0.01843072320050301,0.010177944406888568,-0.026889259738476324,0.02489923698317481,-0.01843072320050301,0.002357319750735888,0.0006812554066393213,0.05718813824976203,0.29612046627603417
global_compatible,81,4,0,0,certified_reset,0,1,0.08402450192645386,0.08003062740806732,0.003993874518386541,0.0678958668125712,0.0,0.0,0,0,0.010177944406888568,-0.026889259738476324,-0.006431224554049628,0.0011755839358175246,0.010177944406888568,-0.026889259738476324,0.029479006362300008,0.00025546165982341125,0.05718813824976203,0.29612046627603417
global_compatible,81,5,0,0,certified_reset,0,1,0.08003062740806732,0.07603675288968079,0.003993874518386541,0.06390199229418467,0.0,0.0,0,0,-0.006431224554049628,0.0011755839358175246,-0.0076093058480462454,0.0061425774234148325,-0.006431224554049628,0.0011755839358175246,0.004676536916652509,4.215615876915859e-05,0.05718813824976203,0.29612046627603417
global_compatible,81,6,0,0,certified_reset,0,1,0.07603675288968079,0.07204287837129425,0.003993874518386541,0.05990811777579813,0.0,0.0,0,0,-0.0076093058480462454,0.0061425774234148325,-0.00497561634721423,0.003945585531365628,-0.0076093058480462454,0.0061425774234148325,-0.0014692595156872584,6.474712990969794e-05,0.05718813824976203,0.29612046627603417
global_compatible,81,7,0,0,certified_reset,0,1,0.07204287837129425,0.06804900385290771,0.003993874518386541,0.05591424325741159,0.0,0.0,0,0,-0.00497561634721423,0.003945585531365628,0.0011041507903384244,-0.0014499285496253449,-0.00497561634721423,0.003945585531365628,-0.0008562895104436018,2.757726496116579e-05,0.05718813824976203,0.29612046627603417
global_compatible,81,8,0,0,certified_reset,0,1,0.06804900385290771,0.06405512933452118,0.003993874518386541,0.051920368739025044,0.0,0.0,0,0,0.0011041507903384244,-0.0014499285496253449,0.0031698371939030447,-0.0007043798698637916,0.0011041507903384244,-0.0014499285496253449,0.0010389555788937247,1.6245473890011851e-06,0.05718813824976203,0.29612046627603417
global_compatible,81,9,0,0,certified_reset,0,1,0.06405512933452118,0.060061254816134634,0.003993874518386541,0.0479264942206385,0.0,0.0,0,0,0.0031698371939030447,-0.0007043798698637916,-0.0004345328588111184,-0.0002952893691174703,0.0031698371939030447,-0.0007043798698637916,-0.0021168159894834255,1.0249197764376926e-05,0.05718813824976203,0.29612046627603417
global_compatible,81,10,0,0,certified_reset,0,1,0.060061254816134634,0.05606738029774809,0.003993874518386541,0.04393261970225196,0.0,0.0,0,0,-0.0004345328588111184,-0.0002952893691174703,0.004980347213277815,-0.003423677691414692,-0.0004345328588111184,-0.0002952893691174703,0.0008655428048618239,2.2324316013524806e-07,0.05718813824976203,0.29612046627603417
global_compatible,81,11,0,0,certified_reset,0,1,0.05606738029774809,0.05207350577936155,0.003993874518386541,0.039938745183865414,0.0,0.0,0,0,0.004980347213277815,-0.003423677691414692,0.0009445574403358391,-0.005598513137846312,0.004980347213277815,-0.003423677691414692,8.841602112394056e-05,2.69139362078682e-05,0.05718813824976203,0.29612046627603417
global_compatible,81,12,0,0,certified_reset,0,1,0.05207350577936155,0.048079631260975,0.003993874518386541,0.03594487066547887,0.0,0.0,0,0,0.0009445574403358391,-0.005598513137846312,-0.0007246412474528768,0.007422952130711385,0.0009445574403358391,-0.005598513137846312,0.007303891003975628,7.86766223687749e-06,0.05718813824976203,0.29612046627603417
global_compatible,81,13,0,0,certified_reset,0,1,0.048079631260975,0.04408575674258846,0.003993874518386541,0.03195099614709233,0.0,0.0,0,0,-0.0007246412474528768,0.007422952130711385,0.0028083831982838796,0.00029804465447276886,-0.0007246412474528768,0.007422952130711385,-0.01021270007885251,1.3050625310294798e-05,0.05718813824976203,0.29612046627603417
global_compatible,81,14,0,0,certified_reset,0,1,0.04408575674258846,0.040091882224201916,0.003993874518386541,0.027957121628705783,0.0,0.0,0,0,0.0028083831982838796,0.00029804465447276886,0.0001788797652365155,0.002586433662962433,0.0028083831982838796,0.00029804465447276886,-0.003238827487290373,8.165255786604646e-06,0.05718813824976203,0.29612046627603417
global_compatible,81,15,0,0,certified_reset,0,1,0.040091882224201916,0.03609800770581537,0.003993874518386541,0.023963247110319243,0.0,0.0,0,0,0.0001788797652365155,0.002586433662962433,-0.0006860399857585994,-0.006532396673313092,0.0001788797652365155,0.002586433662962433,-0.003989439429543937,1.6340236811840158e-06,0.05718813824976203,0.29612046627603417
global_compatible,81,16,0,0,certified_reset,0,1,0.03609800770581537,0.03210413318742883,0.003993874518386541,0.019969372591932703,0.0,0.0,0,0,-0.0006860399857585994,-0.006532396673313092,-0.0014701174322569249,-0.006613430905310361,-0.0006860399857585994,-0.006532396673313092,0.010305113397124657,1.0806532048801762e-05,0.05718813824976203,0.29612046627603417
global_compatible,81,17,0,0,certified_reset,0,1,0.03210413318742883,0.02811025866904229,0.003993874518386541,0.015975498073546163,0.0,0.0,0,0,-0.0014701174322569249,-0.006613430905310361,0.0071169840936670375,-0.002852334633811334,-0.0014701174322569249,-0.006613430905310361,0.011206774461645395,1.317378441155694e-05,0.05718813824976203,0.29612046627603417
global_compatible,81,18,0,0,certified_reset,0,1,0.02811025866904229,0.02411638415065575,0.003993874518386541,0.011981623555159623,0.0,0.0,0,0,0.0071169840936670375,-0.002852334633811334,-0.0008930934237027515,-0.013035864700656815,0.0071169840936670375,-0.002852334633811334,-0.0028838044374057035,5.232381710572278e-05,0.05718813824976203,0.29612046627603417
global_compatible,81,19,0,0,certified_reset,0,1,0.02411638415065575,0.02012250963226921,0.003993874518386541,0.007987749036773082,0.0,0.0,0,0,-0.0008930934237027515,-0.013035864700656815,-0.0023302639004994198,0.01788842783550976,-0.0008930934237027515,-0.013035864700656815,0.020091834410764123,4.14777394420897e-05,0.05718813824976203,0.29612046627603417
global_compatible,81,20,0,0,certified_reset,0,1,0.02012250963226921,0.01612863511388267,0.003993874518386541,0.003993874518386541,0.0,0.0,0,0,-0.0023302639004994198,0.01788842783550976,-0.005110333457543453,0.0008705161927730909,-0.0023302639004994198,0.01788842783550976,-0.02403260671954034,7.746853756609643e-05,0.05718813824976203,0.29612046627603417
global_compatible,81,21,0,0,certified_reset,0,1,0.01612863511388267,0.01213476059549613,0.003993874518386541,0.0,0.0,0.0,0,0,-0.005110333457543453,0.0008705161927730909,0.003498488676114092,0.0041181398361630935,-0.005110333457543453,0.0008705161927730909,0.0038075512108663306,2.661434792241069e-05,0.05718813824976203,0.29612046627603417
global_compatible,82,0,0,0,certified_reset,0,1,0.1,0.09600612548161347,0.003993874518386541,0.08387136488611735,0.0,0.0,0,0,-5.011130608219622,0.08547407953403219,-4.159065221077565,1.63639209248984,-5.011130608219622,0.08547407953403219,1.5499999999992842,25.172807519924497,0.05718813824976203,0.29612046627603417
global_compatible,82,1,0,0,certified_reset,0,1,0.09600612548161347,0.09201225096322693,0.003993874518386541,0.07987749036773081,0.0,0.0,0,0,-4.159065221077565,1.63639209248984,-2.115054554602324,2.438667304859409,-4.159065221077565,1.63639209248984,0.813815739420534,17.79638114908558,0.05718813824976203,0.29612046627603417
global_compatible,82,2,0,0,certified_reset,0,1,0.09201225096322693,0.0880183764448404,0.003993874518386541,0.07588361584934428,0.0,0.0,0,0,-2.115054554602324,2.438667304859409,-0.42999246503038097,0.9489636616763922,-2.115054554602324,2.438667304859409,-1.4862898610338762,5.599159888001583,0.05718813824976203,0.29612046627603417
global_compatible,82,3,0,0,certified_reset,0,1,0.0880183764448404,0.08402450192645386,0.003993874518386541,0.07188974133095774,0.0,0.0,0,0,-0.42999246503038097,0.9489636616763922,0.03374754802078102,-0.023876254545992858,-0.42999246503038097,0.9489636616763922,-0.9697411951731023,0.3704992352361053,0.05718813824976203,0.29612046627603417
global_compatible,82,4,0,0,certified_reset,0,1,0.08402450192645386,0.08003062740806732,0.003993874518386541,0.0678958668125712,0.0,0.0,0,0,0.03374754802078102,-0.023876254545992858,0.004775876329025312,-0.03134924263926303,0.03374754802078102,-0.023876254545992858,0.0015667471531421102,0.0012415719604370757,0.05718813824976203,0.29612046627603417
global_compatible,82,5,0,0,certified_reset,0,1,0.08003062740806732,0.07603675288968079,0.003993874518386541,0.06390199229418467,0.0,0.0,0,0,0.004775876329025312,-0.03134924263926303,-0.0070440207359962394,0.019188862546186916,0.004775876329025312,-0.03134924263926303,0.04142684847643013,0.00024261309160734153,0.05718813824976203,0.29612046627603417
global_compatible,82,6,0,0,certified_reset,0,1,0.07603675288968079,0.07204287837129425,0.003993874518386541,0.05990811777579813,0.0,0.0,0,0,-0.0070440207359962394,0.019188862546186916,0.002651077951854938,0.01759981315334853,-0.0070440207359962394,0.019188862546186916,-0.021248775801197443,0.00012718423020234576,0.05718813824976203,0.29612046627603417
global_compatible,82,7,1,1,certified_reset,0,1,0.07204287837129425,0.06804900385290771,0.003993874518386541,0.05591424325741159,0.0,0.0,0,0,0.002651077951854938,0.01759981315334853,0.02814702156298977,0.044723254593324185,0.002651077951854938,0.01759981315334853,-0.028564206524878365,8.318167781260936e-05,0.05718813824976203,0.29612046627603417
global_compatible,82,8,1,1,certified_reset,0,1,0.06804900385290771,0.06405512933452118,0.003993874518386541,0.051920368739025044,0.0,0.0,0,0,0.02814702156298977,0.044723254593324185,0.029205672232149635,-0.0681038625805464,0.02814702156298977,0.044723254593324185,-0.09391227345684713,0.0013727732107687246,0.05718813824976203,0.29612046627603417
global_compatible,82,9,1,1,certified_reset,0,1,0.06405512933452118,0.060061254816134634,0.003993874518386541,0.0479264942206385,0.0,0.0,0,0,0.029205672232149635,-0.0681038625805464,0.0004217374264342158,0.03784575903921708,0.029205672232149635,-0.0681038625805464,0.07124408375009782,0.0018147287749767206,0.05718813824976203,0.29612046627603417
global_compatible,82,10,2,2,certified_reset,0,1,0.060061254816134634,0.05606738029774809,0.003993874518386541,0.04393261970225196,0.0,0.0,0,0,0.0004217374264342158,0.03784575903921708,-0.03526618918808684,0.008654459556865744,0.0004217374264342158,0.03784575903921708,-0.056171638845095295,0.00033687345362625745,0.05718813824976203,0.29612046627603417
global_compatible,82,11,2,2,certified_reset,0,1,0.05606738029774809,0.05207350577936155,0.003993874518386541,0.039938745183865414,0.0,0.0,0,0,-0.03526618918808684,0.008654459556865744,-0.041732679147734555,0.13013652468369652,-0.03526618918808684,0.008654459556865744,0.02236981498932678,0.0012696962560562073,0.05718813824976203,0.29612046627603417
global_compatible,82,12,2,2,certified_reset,0,1,0.05207350577936155,0.048079631260975,0.003993874518386541,0.03594487066547887,0.0,0.0,0,0,-0.041732679147734555,0.13013652468369652,0.020394396969947874,0.038513986949725826,-0.041732679147734555,0.13013652468369652,-0.15015088407500518,0.005353641418775463,0.05718813824976203,0.29612046627603417
global_compatible,82,13,0,0,certified_reset,0,1,0.048079631260975,0.04408575674258846,0.003993874518386541,0.03195099614709233,0.0,0.0,0,0,0.020394396969947874,0.038513986949725826,0.02239464558532885,-0.03471514867384329,0.020394396969947874,0.038513986949725826,-0.07704694950472858,0.0008313361328048811,0.05718813824976203,0.29612046627603417
global_compatible,82,14,0,0,certified_reset,0,1,0.04408575674258846,0.040091882224201916,0.003993874518386541,0.027957121628705783,0.0,0.0,0,0,0.02239464558532885,-0.03471514867384329,-0.0015160344734966905,-0.014155065154868827,0.02239464558532885,-0.03471514867384329,0.028841921838759804,0.0007392420408167849,0.05718813824976203,0.29612046627603417
global_compatible,82,15,0,0,certified_reset,0,1,0.040091882224201916,0.03609800770581537,0.003993874518386541,0.023963247110319243,0.0,0.0,0,0,-0.0015160344734966905,-0.014155065154868827,0.00042201638925485393,0.019421821504634493,-0.0015160344734966905,-0.014155065154868827,0.022361009639376716,5.086458584408255e-05,0.05718813824976203,0.29612046627603417
global_compatible,82,16,0,0,certified_reset,0,1,0.03609800770581537,0.03210413318742883,0.003993874518386541,0.019969372591932703,0.0,0.0,0,0,0.00042201638925485393,0.019421821504634493,0.00508032987432849,-0.019163155849525867,0.00042201638925485393,0.019421821504634493,-0.029033014047634528,8.914828255047219e-05,0.05718813824976203,0.29612046627603417
global_compatible,82,17,0,0,certified_reset,0,1,0.03210413318742883,0.02811025866904229,0.003993874518386541,0.015975498073546163,0.0,0.0,0,0,0.00508032987432849,-0.019163155849525867,-0.004560058657825235,0.011687056403364388,0.00508032987432849,-0.019163155849525867,0.02316913770928114,0.00010533075276716452,0.05718813824976203,0.29612046627603417
global_compatible,82,18,0,0,certified_reset,0,1,0.02811025866904229,0.02411638415065575,0.003993874518386541,0.011981623555159623,0.0,0.0,0,0,-0.004560058657825235,0.011687056403364388,0.00921749863132764,0.009061300344832688,-0.004560058657825235,0.011687056403364388,-0.012675768040510082,4.9396724075803004e-05,0.05718813824976203,0.29612046627603417
global_compatible,82,19,0,0,certified_reset,0,1,0.02411638415065575,0.02012250963226921,0.003993874518386541,0.007987749036773082,0.0,0.0,0,0,0.00921749863132764,0.009061300344832688,0.012106875143098541,-0.021794514516801474,0.00921749863132764,0.009061300344832688,-0.022525058500833348,0.00011242602703924374,0.05718813824976203,0.29612046627603417
global_compatible,82,20,0,0,certified_reset,0,1,0.02012250963226921,0.01612863511388267,0.003993874518386541,0.003993874518386541,0.0,0.0,0,0,0.012106875143098541,-0.021794514516801474,-0.009998469512017926,-0.009610208899562343,0.012106875143098541,-0.021794514516801474,0.02005115424571562,0.00024212780073936692,0.05718813824976203,0.29612046627603417
global_compatible,82,21,0,0,certified_reset,0,1,0.01612863511388267,0.01213476059549613,0.003993874518386541,0.0,0.0,0.0,0,0,-0.009998469512017926,-0.009610208899562343,-0.006390989950476752,0.016668204607793297,-0.009998469512017926,-0.009610208899562343,0.02411429047632177,0.00013113096842894346,0.05718813824976203,0.29612046627603417
global_compatible,83,0,0,0,certified_reset,0,1,0.1,0.09600612548161347,0.003993874518386541,0.08387136488611735,0.0,0.0,0,0,3.8876454052754106,-0.2703085573984081,2.8384438804730228,-1.8196332909256463,3.8876454052754106,-0.2703085573984081,-1.55,15.187001306075517,0.05718813824976203,0.29612046627603417
global_compatible,83,1,0,0,certified_reset,0,1,0.09600612548161347,0.09201225096322693,0.003993874518386541,0.07987749036773081,0.0,0.0,0,0,2.8384438804730228,-1.8196332909256463,1.06934662529661,-1.7263974250494112,2.8384438804730228,-1.8196332909256463,0.1068432935189252,8.653040806249082,0.05718813824976203,0.29612046627603417
global_compatible,83,2,0,0,certified_reset,0,1,0.09201225096322693,0.0880183764448404,0.003993874518386541,0.07588361584934428,0.0,0.0,0,0,1.06934662529661,-1.7263974250494112,0.08056502390646149,-0.2541175536267461,1.06934662529661,-1.7263974250494112,1.47832672044382,1.7346191048018056,0.05718813824976203,0.29612046627603417
global_compatible,83,3,0,0,certified_reset,0,1,0.0880183764448404,0.08402450192645386,0.003993874518386541,0.07188974133095774,0.0,0.0,0,0,0.08056502390646149,-0.2541175536267461,-0.02202189079571561,0.04088998191867522,0.08056502390646149,-0.2541175536267461,0.2941135502454185,0.02027692417902141,0.05718813824976203,0.29612046627603417
global_compatible,83,4,0,0,certified_reset,0,1,0.08402450192645386,0.08003062740806732,0.003993874518386541,0.0678958668125712,0.0,0.0,0,0,-0.02202189079571561,0.04088998191867522,-0.0023786022483977386,-0.005989723939212753,-0.02202189079571561,0.04088998191867522,-0.03830761541154748,0.0008226088210171252,0.05718813824976203,0.29612046627603417
global_compatible,83,5,0,0,certified_reset,0,1,0.08003062740806732,0.07603675288968079,0.003993874518386541,0.06390199229418467,0.0,0.0,0,0,-0.0023786022483977386,-0.005989723939212753,-0.00128175457543103,0.0030452730968958054,-0.0023786022483977386,-0.005989723939212753,0.011187534438777345,1.5244594542789607e-05,0.05718813824976203,0.29612046627603417
global_compatible,83,6,0,0,certified_reset,0,1,0.07603675288968079,0.07204287837129425,0.003993874518386541,0.05990811777579813,0.0,0.0,0,0,-0.00128175457543103,0.0030452730968958054,0.002655093413317172,0.0021277459005562397,-0.00128175457543103,0.0030452730968958054,-0.0032087613802012226,3.569562413757078e-06,0.05718813824976203,0.29612046627603417
global_compatible,83,7,0,0,certified_reset,0,1,0.07204287837129425,0.06804900385290771,0.003993874518386541,0.05591424325741159,0.0,0.0,0,0,0.002655093413317172,0.0021277459005562397,-0.0010982212414552038,-0.009975212223726443,0.002655093413317172,0.0021277459005562397,-0.00577577176479343,8.698423991534955e-06,0.05718813824976203,0.29612046627603417
global_compatible,83,8,0,0,certified_reset,0,1,0.06804900385290771,0.06405512933452118,0.003993874518386541,0.051920368739025044,0.0,0.0,0,0,-0.0010982212414552038,-0.009975212223726443,-0.0030778021345205676,-0.0009628133252768695,-0.0010982212414552038,-0.009975212223726443,0.01578602843966094,2.5346931846136665e-05,0.05718813824976203,0.29612046627603417
global_compatible,83,9,0,0,certified_reset,0,1,0.06405512933452118,0.060061254816134634,0.003993874518386541,0.0479264942206385,0.0,0.0,0,0,-0.0030778021345205676,-0.0009628133252768695,-0.004578260090308537,0.0147609728992554,-0.0030778021345205676,-0.0009628133252768695,0.004487504132248045,1.014317002256247e-05,0.05718813824976203,0.29612046627603417
global_compatible,83,10,0,0,certified_reset,0,1,0.060061254816134634,0.05606738029774809,0.003993874518386541,0.04393261970225196,0.0,0.0,0,0,-0.004578260090308537,0.0147609728992554,0.005396053058857473,-0.004043270555439947,-0.004578260090308537,0.0147609728992554,-0.017183163768698516,6.75615311499192e-05,0.05718813824976203,0.29612046627603417
global_compatible,83,11,0,0,certified_reset,0,1,0.05606738029774809,0.05207350577936155,0.003993874518386541,0.039938745183865414,0.0,0.0,0,0,0.005396053058857473,-0.004043270555439947,0.004547718819466399,-0.0003903908815561497,0.005396053058857473,-0.004043270555439947,0.0005817504352419384,3.206849607443548e-05,0.05718813824976203,0.29612046627603417
global_compatible,83,12,0,0,certified_reset,0,1,0.05207350577936155,0.048079631260975,0.003993874518386541,0.03594487066547887,0.0,0.0,0,0,0.004547718819466399,-0.0003903908815561497,0.003083457286382074,-0.014821373660967828,0.004547718819466399,-0.0003903908815561497,-0.003951461057796161,2.109953048048324e-05,0.05718813824976203,0.29612046627603417
global_compatible,83,13,0,0,certified_reset,0,1,0.048079631260975,0.04408575674258846,0.003993874518386541,0.03195099614709233,0.0,0.0,0,0,0.003083457286382074,-0.014821373660967828,-0.005318400751472457,0.0011035604397605973,0.003083457286382074,-0.014821373660967828,0.01876258376585508,5.784973367185647e-05,0.05718813824976203,0.29612046627603417
global_compatible,83,14,0,0,certified_reset,0,1,0.04408575674258846,0.040091882224201916,0.003993874518386541,0.027957121628705783,0.0,0.0,0,0,-0.005318400751472457,0.0011035604397605973,0.0013347128148089344,-0.0013887757630223173,-0.005318400751472457,0.0011035604397605973,0.0036728803671403835,2.884185002400276e-05,0.05718813824976203,0.29612046627603417
global_compatible,83,15,0,0,certified_reset,0,1,0.040091882224201916,0.03609800770581537,0.003993874518386541,0.023963247110319243,0.0,0.0,0,0,0.0013347128148089344,-0.0013887757630223173,0.0006404176502010271,0.005447789022315857,0.0013347128148089344,-0.0013887757630223173,0.0007178257741490724,2.1415058056584863e-06,0.05718813824976203,0.29612046627603417
global_compatible,83,16,0,0,certified_reset,0,1,0.03609800770581537,0.03210413318742883,0.003993874518386541,0.019969372591932703,0.0,0.0,0,0,0.0006404176502010271,0.005447789022315857,-0.002331509204290607,-0.013423035117560997,0.0006404176502010271,0.005447789022315857,-0.008658585815826405,7.626525416639488e-06,0.05718813824976203,0.29612046627603417
global_compatible,83,17,0,0,certified_reset,0,1,0.03210413318742883,0.02811025866904229,0.003993874518386541,0.015975498073546163,0.0,0.0,0,0,-0.002331509204290607,-0.013423035117560997,-0.0060551805068064625,0.012170090305429735,-0.002331509204290607,-0.013423035117560997,0.022097625755955433,5.007557868905808e-05,0.05718813824976203,0.29612046627603417
global_compatible,83,18,0,0,certified_reset,0,1,0.02811025866904229,0.02411638415065575,0.003993874518386541,0.011981623555159623,0.0,0.0,0,0,-0.0060551805068064625,0.012170090305429735,0.0011512742404700372,0.00631918145186923,-0.0060551805068064625,0.012170090305429735,-0.011896655011984496,6.686346862948003e-05,0.05718813824976203,0.29612046627603417
global_compatible,83,19,0,0,certified_reset,0,1,0.02411638415065575,0.02012250963226921,0.003993874518386541,0.007987749036773082,0.0,0.0,0,0,0.0011512742404700372,0.00631918145186923,-0.002235663619262136,-0.004173939455860153,0.0011512742404700372,0.00631918145186923,-0.01045363377535927,1.1245163614399821e-05,0.05718813824976203,0.29612046627603417
global_compatible,83,20,0,0,certified_reset,0,1,0.02012250963226921,0.01612863511388267,0.003993874518386541,0.003993874518386541,0.0,0.0,0,0,-0.002235663619262136,-0.004173939455860153,-0.006066230106846565,0.008463562670965132,-0.002235663619262136,-0.004173939455860153,0.008374965227777205,9.887611587267712e-06,0.05718813824976203,0.29612046627603417
global_compatible,83,21,0,0,certified_reset,0,1,0.01612863511388267,0.01213476059549613,0.003993874518386541,0.0,0.0,0.0,0,0,-0.006066230106846565,0.008463562670965132,-0.006061518836906218,0.00534821671860684,-0.006066230106846565,0.008463562670965132,-0.006422761338826725,5.072418504496367e-05,0.05718813824976203,0.29612046627603417
global_compatible,84,0,0,0,certified_reset,0,1,0.1,0.09600612548161347,0.003993874518386541,0.08387136488611735,0.0,0.0,0,0,5.138762671230872,0.3971405284523769,4.768565675825037,-1.1563527318511158,5.138762671230872,0.3971405284523769,-1.5499999999992755,26.495333999116884,0.05718813824976203,0.29612046627603417
global_compatible,84,1,0,0,certified_reset,0,1,0.09600612548161347,0.09201225096322693,0.003993874518386541,0.07987749036773081,0.0,0.0,0,0,4.768565675825037,-1.1563527318511158,2.8386698331632174,-2.6944829147479727,4.768565675825037,-1.1563527318511158,-1.55,23.039968399939415,0.05718813824976203,0.29612046627603417
global_compatible,84,2,0,0,certified_reset,0,1,0.09201225096322693,0.0880183764448404,0.003993874518386541,0.07588361584934428,0.0,0.0,0,0,2.8386698331632174,-2.6944829147479727,0.7681223380034755,-1.4385750034775595,2.8386698331632174,-2.6944829147479727,1.2420379394143344,9.403455749800877,0.05718813824976203,0.29612046627603417
global_compatible,84,3,0,0,certified_reset,0,1,0.0880183764448404,0.08402450192645386,0.003993874518386541,0.07188974133095774,0.0,0.0,0,0,0.7681223380034755,-1.4385750034775595,0.002250969141653341,-0.08333358805017627,0.7681223380034755,-1.4385750034775595,1.354290023187976,1.0083741101260706,0.05718813824976203,0.29612046627603417
global_compatible,84,4,0,0,certified_reset,0,1,0.08402450192645386,0.08003062740806732,0.003993874518386541,0.0678958668125712,0.0,0.0,0,0,0.002250969141653341,-0.08333358805017627,-0.017947366879577865,0.04040323625761169,0.002250969141653341,-0.08333358805017627,0.12051392535614452,0.0016181646587123013,0.05718813824976203,0.29612046627603417
global_compatible,84,5,0,0,certified_reset,0,1,0.08003062740806732,0.07603675288968079,0.003993874518386541,0.06390199229418467,0.0,0.0,0,0,-0.017947366879577865,0.04040323625761169,-0.0031597914367733236,-0.0055258045146245665,-0.017947366879577865,0.04040323625761169,-0.04164716030361345,0.0006593059969599501,0.05718813824976203,0.29612046627603417
global_compatible,84,6,0,0,certified_reset,0,1,0.07603675288968079,0.07204287837129425,0.003993874518386541,0.05990811777579813,0.0,0.0,0,0,-0.0031597914367733236,-0.0055258045146245665,0.0009749536553740057,0.012857113061414753,-0.0031597914367733236,-0.0055258045146245665,0.011280671721748896,1.8661833582344796e-05,0.05718813824976203,0.29612046627603417
global_compatible,84,7,0,0,certified_reset,0,1,0.07204287837129425,0.06804900385290771,0.003993874518386541,0.05591424325741159,0.0,0.0,0,0,0.0009749536553740057,0.012857113061414753,0.008303803685769988,-0.014541547225316401,0.0009749536553740057,0.012857113061414753,-0.019913087190866163,4.061877479622342e-05,0.05718813824976203,0.29612046627603417
global_compatible,84,8,0,0,certified_reset,0,1,0.06804900385290771,0.06405512933452118,0.003993874518386541,0.051920368739025044,0.0,0.0,0,0,0.008303803685769988,-0.014541547225316401,0.008112073581150635,0.006281511420185203,0.008303803685769988,-0.014541547225316401,0.01315121450027305,0.00011133920394971133,0.05718813824976203,0.29612046627603417
global_compatible,84,9,0,0,certified_reset,0,1,0.06405512933452118,0.060061254816134634,0.003993874518386541,0.0479264942206385,0.0,0.0,0,0,0.008112073581150635,0.006281511420185203,0.0055316792705386725,-0.010108094204914918,0.008112073581150635,0.006281511420185203,-0.017332011361480788,8.041803266180965e-05,0.05718813824976203,0.29612046627603417
global_compatible,84,10,0,0,certified_reset,0,1,0.060061254816134634,0.05606738029774809,0.003993874518386541,0.04393261970225196,0.0,0.0,0,0,0.0055316792705386725,-0.010108094204914918,-0.002738346864903979,-0.013481607594818066,0.0055316792705386725,-0.010108094204914918,0.009383192411914815,5.119182537006087e-05,0.05718813824976203,0.29612046627603417
global_compatible,84,11,0,0,certified_reset,0,1,0.05606738029774809,0.05207350577936155,0.003993874518386541,0.039938745183865414,0.0,0.0,0,0,-0.002738346864903979,-0.013481607594818066,-0.0035091960290153726,0.005451760332073683,-0.002738346864903979,-0.013481607594818066,0.02258560048308566,5.296695108338654e-05,0.05718813824976203,0.29612046627603417
global_compatible,84,12,0,0,certified_reset,0,1,0.05207350577936155,0.048079631260975,0.003993874518386541,0.03594487066547887,0.0,0.0,0,0,-0.0035091960290153726,0.005451760332073683,-0.002110193085729916,-0.015204813030197618,-0.0035091960290153726,0.005451760332073683,-0.004536563740491169,1.8178871363652725e-05,0.05718813824976203,0.29612046627603417
global_compatible,84,13,0,0,certified_reset,0,1,0.048079631260975,0.04408575674258846,0.003993874518386541,0.03195099614709233,0.0,0.0,0,0,-0.002110193085729916,-0.015204813030197618,-0.0020047167167123923,-0.006036101345700982,-0.002110193085729916,-0.015204813030197618,0.024500259811112722,6.107302420035109e-05,0.05718813824976203,0.29612046627603417
global_compatible,84,14,0,0,certified_reset,0,1,0.04408575674258846,0.040091882224201916,0.003993874518386541,0.027957121628705783,0.0,0.0,0,0,-0.0020047167167123923,-0.006036101345700982,0.010049061873017616,0.008792055873223728,-0.0020047167167123923,-0.006036101345700982,0.010888599415429856,1.3541142547011776e-05,0.05718813824976203,0.29612046627603417
global_compatible,84,15,0,0,certified_reset,0,1,0.040091882224201916,0.03609800770581537,0.003993874518386541,0.023963247110319243,0.0,0.0,0,0,0.010049061873017616,0.008792055873223728,0.010474217927599042,-0.005901978024290145,0.010049061873017616,0.008792055873223728,-0.02296096890016438,0.00012807784121461404,0.05718813824976203,0.29612046627603417
global_compatible,84,16,0,0,certified_reset,0,1,0.03609800770581537,0.03210413318742883,0.003993874518386541,0.019969372591932703,0.0,0.0,0,0,0.010474217927599042,-0.005901978024290145,0.001231650419342588,-0.005495527951450829,0.010474217927599042,-0.005901978024290145,-0.0017353140314326644,0.00011605452609238603,0.05718813824976203,0.29612046627603417
global_compatible,84,17,0,0,certified_reset,0,1,0.03210413318742883,0.02811025866904229,0.003993874518386541,0.015975498073546163,0.0,0.0,0,0,0.001231650419342588,-0.005495527951450829,-0.003058052985467373,-0.015595501023716377,0.001231650419342588,-0.005495527951450829,0.006867498143392981,8.132174967936345e-06,0.05718813824976203,0.29612046627603417
global_compatible,84,18,0,0,certified_reset,0,1,0.02811025866904229,0.02411638415065575,0.003993874518386541,0.011981623555159623,0.0,0.0,0,0,-0.003058052985467373,-0.015595501023716377,-0.005540980936010414,0.0134901069870158,-0.003058052985467373,-0.015595501023716377,0.02601908659846279,7.00560471399165e-05,0.05718813824976203,0.29612046627603417
global_compatible,84,19,0,0,certified_reset,0,1,0.02411638415065575,0.02012250963226921,0.003993874518386541,0.007987749036773082,0.0,0.0,0,0,-0.005540980936010414,0.0134901069870158,-0.0025734840689233063,-0.002804456356651464,-0.005540980936010414,0.0134901069870158,-0.014355091867781456,6.861112387034584e-05,0.05718813824976203,0.29612046627603417
global_compatible,84,20,0,0,certified_reset,0,1,0.02012250963226921,0.01612863511388267,0.003993874518386541,0.003993874518386541,0.0,0.0,0,0,-0.0025734840689233063,-0.002804456356651464,-0.013160759933379887,-0.004847816912950979,-0.0025734840689233063,-0.002804456356651464,0.006693752049322213,9.158673747592494e-06,0.05718813824976203,0.29612046627603417
global_compatible,84,21,0,0,certified_reset,0,1,0.01612863511388267,0.01213476059549613,0.003993874518386541,0.0,0.0,0.0,0,0,-0.013160759933379887,-0.004847816912950979,-0.010171894932802223,0.024915680222415797,-0.013160759933379887,-0.004847816912950979,0.020244167376032185,0.00018768149903064635,0.05718813824976203,0.29612046627603417
global_compatible,85,0,0,0,certified_reset,0,1,0.1,0.09600612548161347,0.003993874518386541,0.08387136488611735,0.0,0.0,0,0,-2.668996470371443,-0.31217673974885735,-2.209563062246968,1.2445005740838972,-2.668996470371443,-0.31217673974885735,1.55,7.201146435886462,0.05718813824976203,0.29612046627603417
global_compatible,85,1,0,0,certified_reset,0,1,0.09600612548161347,0.09201225096322693,0.003993874518386541,0.07987749036773081,0.0,0.0,0,0,-2.209563062246968,1.2445005740838972,-0.8341968991790155,1.507686219520955,-2.209563062246968,1.2445005740838972,0.2586568666990533,5.162622212614591,0.05718813824976203,0.29612046627603417
global_compatible,85,2,0,0,certified_reset,0,1,0.09201225096322693,0.0880183764448404,0.003993874518386541,0.07588361584934428,0.0,0.0,0,0,-0.8341968991790155,1.507686219520955,-0.020266517497691178,0.11069033442515848,-0.8341968991790155,1.507686219520955,-1.3903003889723808,1.1533690384653135,0.05718813824976203,0.29612046627603417
global_compatible,85,3,0,0,certified_reset,0,1,0.0880183764448404,0.08402450192645386,0.003993874518386541,0.07188974133095774,0.0,0.0,0,0,-0.020266517497691178,0.11069033442515848,0.01744029079845845,-0.03923232102005545,-0.020266517497691178,0.11069033442515848,-0.14287423253841508,0.0031264809138978663,0.05718813824976203,0.29612046627603417
global_compatible,85,4,0,0,certified_reset,0,1,0.08402450192645386,0.08003062740806732,0.003993874518386541,0.0678958668125712,0.0,0.0,0,0,0.01744029079845845,-0.03923232102005545,-0.007507552352777271,0.0033578834272079607,0.01744029079845845,-0.03923232102005545,0.04042799259633693,0.0006220758100407545,0.05718813824976203,0.29612046627603417
global_compatible,85,5,0,0,certified_reset,0,1,0.08003062740806732,0.07603675288968079,0.003993874518386541,0.06390199229418467,0.0,0.0,0,0,-0.007507552352777271,0.0033578834272079607,0.00023490426652405345,0.0157475781262399,-0.007507552352777271,0.0033578834272079607,0.002532139277281885,5.855320416260959e-05,0.05718813824976203,0.29612046627603417
global_compatible,85,6,0,0,certified_reset,0,1,0.07603675288968079,0.07204287837129425,0.003993874518386541,0.05990811777579813,0.0,0.0,0,0,0.00023490426652405345,0.0157475781262399,0.008713176485867124,-0.009208395813184722,0.00023490426652405345,0.0157475781262399,-0.02343261798716419,5.841988868930575e-05,0.05718813824976203,0.29612046627603417
global_compatible,85,7,0,0,certified_reset,0,1,0.07204287837129425,0.06804900385290771,0.003993874518386541,0.05591424325741159,0.0,0.0,0,0,0.008713176485867124,-0.009208395813184722,0.00965107249970558,-0.003468549098157299,0.008713176485867124,-0.009208395813184722,0.004888551823849503,9.177991256863935e-05,0.05718813824976203,0.29612046627603417
global_compatible,85,8,0,0,certified_reset,0,1,0.06804900385290771,0.06405512933452118,0.003993874518386541,0.051920368739025044,0.0,0.0,0,0,0.00965107249970558,-0.003468549098157299,0.00706024701709616,-0.008765570158290503,0.00965107249970558,-0.003468549098157299,-0.004499035051896026,9.581478321686705e-05,0.05718813824976203,0.29612046627603417
global_compatible,85,9,2,2,certified_reset,0,1,0.06405512933452118,0.060061254816134634,0.003993874518386541,0.0479264942206385,0.0,0.0,0,0,0.00706024701709616,-0.008765570158290503,0.002530354386629391,0.03416747318939622,0.00706024701709616,-0.008765570158290503,0.005883381255154476,6.454278195323714e-05,0.05718813824976203,0.29612046627603417
global_compatible,85,10,2,2,certified_reset,0,1,0.060061254816134634,0.05606738029774809,0.003993874518386541,0.04393261970225196,0.0,0.0,0,0,0.002530354386629391,0.03416747318939622,0.024138892539876524,-0.005005357130527762,0.002530354386629391,0.03416747318939622,-0.05284837846307703,0.00028636139132300986,0.05718813824976203,0.29612046627603417
global_compatible,85,11,2,2,certified_reset,0,1,0.05606738029774809,0.05207350577936155,0.003993874518386541,0.039938745183865414,0.0,0.0,0,0,0.024138892539876524,-0.005005357130527762,-0.029208932159340305,-0.10780124084471804,0.024138892539876524,-0.005005357130527762,-0.016662059205645983,0.0005941363864767603,0.05718813824976203,0.29612046627603417
global_compatible,85,12,2,2,certified_reset,0,1,0.05207350577936155,0.048079631260975,0.003993874518386541,0.03594487066547887,0.0,0.0,0,0,-0.029208932159340305,-0.10780124084471804,-0.06688398647929464,0.07822413674022734,-0.029208932159340305,-0.10780124084471804,0.18788702467044655,0.0038274994238557316,0.05718813824976203,0.29612046627603417
global_compatible,85,13,2,2,certified_reset,0,1,0.048079631260975,0.04408575674258846,0.003993874518386541,0.03195099614709233,0.0,0.0,0,0,-0.06688398647929464,0.07822413674022734,-0.03241043302537272,-0.011806242704335786,-0.06688398647929464,0.07822413674022734,-0.04863501536353234,0.005634024567723425,0.05718813824976203,0.29612046627603417
global_compatible,85,14,0,0,certified_reset,0,1,0.04408575674258846,0.040091882224201916,0.003993874518386541,0.027957121628705783,0.0,0.0,0,0,-0.03241043302537272,-0.011806242704335786,-0.021649615279702654,0.043049650601822295,-0.03241043302537272,-0.011806242704335786,0.049666452512895774,0.0011371948075454268,0.05718813824976203,0.29612046627603417
global_compatible,85,15,0,0,certified_reset,0,1,0.040091882224201916,0.03609800770581537,0.003993874518386541,0.023963247110319243,0.0,0.0,0,0,-0.021649615279702654,0.043049650601822295,0.004284382878257838,0.012349180450369288,-0.021649615279702654,0.043049650601822295,-0.041859801319004075,0.0008461009509698131,0.05718813824976203,0.29612046627603417
global_compatible,85,16,0,0,certified_reset,0,1,0.03609800770581537,0.03210413318742883,0.003993874518386541,0.019969372591932703,0.0,0.0,0,0,0.004284382878257838,0.012349180450369288,-0.001287582170356378,-0.015170137731146716,0.004284382878257838,0.012349180450369288,-0.02245934328815603,5.841689557413084e-05,0.05718813824976203,0.29612046627603417
global_compatible,85,17,0,0,certified_reset,0,1,0.03210413318742883,0.02811025866904229,0.003993874518386541,0.015975498073546163,0.0,0.0,0,0,-0.001287582170356378,-0.015170137731146716,-0.004131826639685221,0.0025022854296824527,-0.001287582170356378,-0.015170137731146716,0.023631827536060333,5.704340384352515e-05,0.05718813824976203,0.29612046627603417
global_compatible,85,18,0,0,certified_reset,0,1,0.02811025866904229,0.02411638415065575,0.003993874518386541,0.011981623555159623,0.0,0.0,0,0,-0.004131826639685221,0.0025022854296824527,-0.0035252473557878987,0.006480722725245129,-0.004131826639685221,0.0025022854296824527,0.00042841971502048654,1.820363779360612e-05,0.05718813824976203,0.29612046627603417
global_compatible,85,19,0,0,certified_reset,0,1,0.02411638415065575,0.02012250963226921,0.003993874518386541,0.007987749036773082,0.0,0.0,0,0,-0.0035252473557878987,0.006480722725245129,0.006573079818405819,-0.0017083717601040788,-0.0035252473557878987,0.006480722725245129,-0.006033990627003683,2.0897553059130336e-05,0.05718813824976203,0.29612046627603417
global_compatible,85,20,0,0,certified_reset,0,1,0.02012250963226921,0.01612863511388267,0.003993874518386541,0.003993874518386541,0.0,0.0,0,0,0.006573079818405819,-0.0017083717601040788,-0.004296662276271923,0.010256664424714452,0.006573079818405819,-0.0017083717601040788,-0.004027463107389138,4.413622590889818e-05,0.05718813824976203,0.29612046627603417
global_compatible,85,21,0,0,certified_reset,0,1,0.01612863511388267,0.01213476059549613,0.003993874518386541,0.0,0.0,0.0,0,0,-0.004296662276271923,0.010256664424714452,-0.002437983802490229,0.00048181157072183715,-0.004296662276271923,0.010256664424714452,-0.010832671594961854,4.03308257852621e-05,0.05718813824976203,0.29612046627603417
global_compatible,86,0,1,1,certified_reset,0,1,0.1,0.09600612548161347,0.003993874518386541,0.08387136488611735,0.0,0.0,0,0,4.950441864001181,0.0003016073952424314,4.163670826506973,-1.5803129334218242,4.950441864001181,0.0003016073952424314,-1.55,24.566937165229554,0.05718813824976203,0.29612046627603417
global_compatible,86,1,0,0,certified_reset,0,1,0.09600612548161347,0.09201225096322693,0.003993874518386541,0.07987749036773081,0.0,0.0,0,0,4.163670826506973,-1.5803129334218242,2.1328507891048853,-2.457707164763439,4.163670826506973,-1.5803129334218242,-0.8838961374510771,17.80521657520753,0.05718813824976203,0.29612046627603417
global_compatible,86,2,0,0,certified_reset,0,1,0.09201225096322693,0.0880183764448404,0.003993874518386541,0.07588361584934428,0.0,0.0,0,0,2.1328507891048853,-2.457707164763439,0.42416116665147413,-0.9629826703633758,2.1328507891048853,-2.457707164763439,1.4966171730582378,5.692307474043971,0.05718813824976203,0.29612046627603417
global_compatible,86,3,0,0,certified_reset,0,1,0.0880183764448404,0.08402450192645386,0.003993874518386541,0.07188974133095774,0.0,0.0,0,0,0.42416116665147413,-0.9629826703633758,-0.04613304566776189,0.032296609859103015,0.42416116665147413,-0.9629826703633758,0.9961991560502101,0.37164342647365045,0.05718813824976203,0.29612046627603417
global_compatible,86,4,0,0,certified_reset,0,1,0.08402450192645386,0.08003062740806732,0.003993874518386541,0.0678958668125712,0.0,0.0,0,0,-0.04613304566776189,0.032296609859103015,-0.018580442036149898,0.01953814157136359,-0.04613304566776189,0.032296609859103015,-0.0016377001850030179,0.002316077735641603,0.05718813824976203,0.29612046627603417
global_compatible,86,5,0,0,certified_reset,0,1,0.08003062740806732,0.07603675288968079,0.003993874518386541,0.06390199229418467,0.0,0.0,0,0,-0.018580442036149898,0.01953814157136359,-0.006528618066003241,0.0197910629917892,-0.018580442036149898,0.01953814157136359,-0.010281460135542741,0.0004165885525129713,0.05718813824976203,0.29612046627603417
global_compatible,86,6,0,0,certified_reset,0,1,0.07603675288968079,0.07204287837129425,0.003993874518386541,0.05990811777579813,0.0,0.0,0,0,-0.006528618066003241,0.0197910629917892,0.007292215797370327,0.0057773837525655625,-0.006528618066003241,0.0197910629917892,-0.022653018292345808,0.000125955346177672,0.05718813824976203,0.29612046627603417
global_compatible,86,7,0,0,certified_reset,0,1,0.07204287837129425,0.06804900385290771,0.003993874518386541,0.05591424325741159,0.0,0.0,0,0,0.007292215797370327,0.0057773837525655625,0.0020448386587516424,-0.01473906592231106,0.007292215797370327,0.0057773837525655625,-0.015769438750235013,6.540136054224624e-05,0.05718813824976203,0.29612046627603417
global_compatible,86,8,0,0,certified_reset,0,1,0.06804900385290771,0.06405512933452118,0.003993874518386541,0.051920368739025044,0.0,0.0,0,0,0.0020448386587516424,-0.01473906592231106,-0.010005594695471038,0.009301723764987637,0.0020448386587516424,-0.01473906592231106,0.019677620873211597,5.2964795788273145e-05,0.05718813824976203,0.29612046627603417
global_compatible,86,9,0,0,certified_reset,0,1,0.06405512933452118,0.060061254816134634,0.003993874518386541,0.0479264942206385,0.0,0.0,0,0,-0.010005594695471038,0.009301723764987637,-0.0026045276657479066,-0.0034282965535277566,-0.010005594695471038,0.009301723764987637,-0.0037357438263505805,0.00011603479145846552,0.05718813824976203,0.29612046627603417
global_compatible,86,10,0,0,certified_reset,0,1,0.060061254816134634,0.05606738029774809,0.003993874518386541,0.04393261970225196,0.0,0.0,0,0,-0.0026045276657479066,-0.0034282965535277566,-0.007690824437713356,0.0016294398960553132,-0.0026045276657479066,-0.0034282965535277566,0.007640122867749676,1.035843040411148e-05,0.05718813824976203,0.29612046627603417
global_compatible,86,11,0,0,certified_reset,0,1,0.05606738029774809,0.05207350577936155,0.003993874518386541,0.039938745183865414,0.0,0.0,0,0,-0.007690824437713356,0.0016294398960553132,-0.01254502155101768,0.002908021352834485,-0.007690824437713356,0.0016294398960553132,0.005256011818293426,6.031733542505417e-05,0.05718813824976203,0.29612046627603417
global_compatible,86,12,0,0,certified_reset,0,1,0.05207350577936155,0.048079631260975,0.003993874518386541,0.03594487066547887,0.0,0.0,0,0,-0.01254502155101768,0.002908021352834485,0.004517885931245854,0.02855950589596212,-0.01254502155101768,0.002908021352834485,0.00820745035239925,0.00016058380762161293,0.05718813824976203,0.29612046627603417
global_compatible,86,13,0,0,certified_reset,0,1,0.048079631260975,0.04408575674258846,0.003993874518386541,0.03195099614709233,0.0,0.0,0,0,0.004517885931245854,0.02855950589596212,0.010677566567728523,-0.009244225328004662,0.004517885931245854,0.02855950589596212,-0.04657422379616145,0.0002214564192069916,0.05718813824976203,0.29612046627603417
global_compatible,86,14,0,0,certified_reset,0,1,0.04408575674258846,0.040091882224201916,0.003993874518386541,0.027957121628705783,0.0,0.0,0,0,0.010677566567728523,-0.009244225328004662,-0.0005830018737636509,-0.007232872571995234,0.010677566567728523,-0.009244225328004662,0.0029817831646006634,0.0001296147299239774,0.05718813824976203,0.29612046627603417
global_compatible,86,15,0,0,certified_reset,0,1,0.040091882224201916,0.03609800770581537,0.003993874518386541,0.023963247110319243,0.0,0.0,0,0,-0.0005830018737636509,-0.007232872571995234,0.0003949446917336425,0.006139831306481558,-0.0005830018737636509,-0.007232872571995234,0.011233600187593857,1.2911335729869417e-05,0.05718813824976203,0.29612046627603417
global_compatible,86,16,0,0,certified_reset,0,1,0.03609800770581537,0.03210413318742883,0.003993874518386541,0.019969372591932703,0.0,0.0,0,0,0.0003949446917336425,0.006139831306481558,-0.0046637525409216635,-0.007453662161009454,0.0003949446917336425,0.006139831306481558,-0.00943663839468817,9.16779003930034e-06,0.05718813824976203,0.29612046627603417
global_compatible,86,17,0,0,certified_reset,0,1,0.03210413318742883,0.02811025866904229,0.003993874518386541,0.015975498073546163,0.0,0.0,0,0,-0.0046637525409216635,-0.007453662161009454,-0.0020865890952099253,0.003418541087865973,-0.0046637525409216635,-0.007453662161009454,0.015624925181000423,3.785431926563334e-05,0.05718813824976203,0.29612046627603417
global_compatible,86,18,0,0,certified_reset,0,1,0.02811025866904229,0.02411638415065575,0.003993874518386541,0.011981623555159623,0.0,0.0,0,0,-0.0020865890952099253,0.003418541087865973,0.004292235431021167,0.008032667608076093,-0.0020865890952099253,0.003418541087865973,-0.002958015928782332,6.6761566786192415e-06,0.05718813824976203,0.29612046627603417
global_compatible,86,19,0,0,certified_reset,0,1,0.02411638415065575,0.02012250963226921,0.003993874518386541,0.007987749036773082,0.0,0.0,0,0,0.004292235431021167,0.008032667608076093,0.006634410360329626,-0.013618161303618528,0.004292235431021167,0.008032667608076093,-0.016105218788213874,3.652201160304967e-05,0.05718813824976203,0.29612046627603417
global_compatible,86,20,0,0,certified_reset,0,1,0.02012250963226921,0.01612863511388267,0.003993874518386541,0.003993874518386541,0.0,0.0,0,0,0.006634410360329626,-0.013618161303618528,-0.002895992700815601,0.0051931047309716205,0.006634410360329626,-0.013618161303618528,0.013455003654438588,8.192310602522012e-05,0.05718813824976203,0.29612046627603417
global_compatible,86,21,0,0,certified_reset,0,1,0.01612863511388267,0.01213476059549613,0.003993874518386541,0.0,0.0,0.0,0,0,-0.002895992700815601,0.0051931047309716205,0.015765619877985398,0.005510928848159845,-0.002895992700815601,0.0051931047309716205,-0.004764878121242592,1.3808675925365816e-05,0.05718813824976203,0.29612046627603417
global_compatible,87,0,1,1,certified_reset,0,1,0.1,0.09600612548161347,0.003993874518386541,0.08387136488611735,0.0,0.0,0,0,3.5109833007989533,0.1422959453454382,2.8969288372086566,-1.4280267842361782,3.5109833007989533,0.1422959453454382,-1.55,12.39071090298023,0.05718813824976203,0.29612046627603417
global_compatible,87,1,1,1,certified_reset,0,1,0.09600612548161347,0.09201225096322693,0.003993874518386541,0.07987749036773081,0.0,0.0,0,0,2.8969288372086566,-1.4280267842361782,1.2661289904786825,-1.8676580817949706,2.8969288372086566,-1.4280267842361782,-0.436782519747719,8.764033051459293,0.05718813824976203,0.29612046627603417
global_compatible,87,2,1,1,certified_reset,0,1,0.09201225096322693,0.0880183764448404,0.003993874518386541,0.07588361584934428,0.0,0.0,0,0,1.2661289904786825,-1.8676580817949706,0.15590629525319605,-0.42769873866952945,1.2661289904786825,-1.8676580817949706,1.4904734126934196,2.28648680326815,0.05718813824976203,0.29612046627603417
global_compatible,87,3,1,1,certified_reset,0,1,0.0880183764448404,0.08402450192645386,0.003993874518386541,0.07188974133095774,0.0,0.0,0,0,0.15590629525319605,-0.42769873866952945,-0.030175054765450505,0.06634120227265493,0.15590629525319605,-0.42769873866952945,0.4747942518508033,0.062869230430052,0.05718813824976203,0.29612046627603417
global_compatible,87,4,0,0,certified_reset,0,1,0.08402450192645386,0.08003062740806732,0.003993874518386541,0.0678958668125712,0.0,0.0,0,0,-0.030175054765450505,0.06634120227265493,-0.007594142654793775,-0.0041342952319497,-0.030175054765450505,0.06634120227265493,-0.06767618573617257,0.001817243504409497,0.05718813824976203,0.29612046627603417
global_compatible,87,5,0,0,certified_reset,0,1,0.08003062740806732,0.07603675288968079,0.003993874518386541,0.06390199229418467,0.0,0.0,0,0,-0.007594142654793775,-0.0041342952319497,-0.006003805943515165,0.011261509902942396,-0.007594142654793775,-0.0041342952319497,0.01365284472763803,6.540763836196904e-05,0.05718813824976203,0.29612046627603417
global_compatible,87,6,0,0,certified_reset,0,1,0.07603675288968079,0.07204287837129425,0.003993874518386541,0.05990811777579813,0.0,0.0,0,0,-0.006003805943515165,0.011261509902942396,-0.0008628137475362881,0.008419318223126991,-0.006003805943515165,0.011261509902942396,-0.01061206676077515,6.168897378369928e-05,0.05718813824976203,0.29612046627603417
global_compatible,87,7,0,0,certified_reset,0,1,0.07204287837129425,0.06804900385290771,0.003993874518386541,0.05591424325741159,0.0,0.0,0,0,-0.0008628137475362881,0.008419318223126991,-0.0005559060733103982,-0.007228320605981541,-0.0008628137475362881,0.008419318223126991,-0.0115408977195232,1.683354104886009e-05,0.05718813824976203,0.29612046627603417
global_compatible,87,8,0,0,certified_reset,0,1,0.06804900385290771,0.06405512933452118,0.003993874518386541,0.051920368739025044,0.0,0.0,0,0,-0.0005559060733103982,-0.007228320605981541,0.006327937986339388,0.005019953843566276,-0.0005559060733103982,-0.007228320605981541,0.011199755417702148,1.2849645978666424e-05,0.05718813824976203,0.29612046627603417
global_compatible,87,9,0,0,certified_reset,0,1,0.06405512933452118,0.060061254816134634,0.003993874518386541,0.0479264942206385,0.0,0.0,0,0,0.006327937986339388,0.005019953843566276,0.0013398872241132233,-0.004922072665224248,0.006327937986339388,0.005019953843566276,-0.01369699588725614,4.9268980153821235e-05,0.05718813824976203,0.29612046627603417
global_compatible,87,10,0,0,certified_reset,0,1,0.060061254816134634,0.05606738029774809,0.003993874518386541,0.04393261970225196,0.0,0.0,0,0,0.0013398872241132233,-0.004922072665224248,0.0007953418568178014,-0.00682814151343767,0.0013398872241132233,-0.004922072665224248,0.00591679305142218,7.031332651590375e-06,0.05718813824976203,0.29612046627603417
global_compatible,87,11,0,0,certified_reset,0,1,0.05606738029774809,0.05207350577936155,0.003993874518386541,0.039938745183865414,0.0,0.0,0,0,0.0007953418568178014,-0.00682814151343767,-0.003660601607540213,0.009730594829572465,0.0007953418568178014,-0.00682814151343767,0.009265130085409452,1.117086753165093e-05,0.05718813824976203,0.29612046627603417
global_compatible,87,12,0,0,certified_reset,0,1,0.05207350577936155,0.048079631260975,0.003993874518386541,0.03594487066547887,0.0,0.0,0,0,-0.003660601607540213,0.009730594829572465,-0.009379485393364497,0.012725271014115223,-0.003660601607540213,0.009730594829572465,-0.010688605092572238,3.329936673246445e-05,0.05718813824976203,0.29612046627603417
global_compatible,87,13,0,0,certified_reset,0,1,0.048079631260975,0.04408575674258846,0.003993874518386541,0.03195099614709233,0.0,0.0,0,0,-0.009379485393364497,0.012725271014115223,-0.005720960388390035,0.0017158890960423136,-0.009379485393364497,0.012725271014115223,-0.00940626470107155,0.00011933454566388617,0.05718813824976203,0.29612046627603417
global_compatible,87,14,0,0,certified_reset,0,1,0.04408575674258846,0.040091882224201916,0.003993874518386541,0.027957121628705783,0.0,0.0,0,0,-0.005720960388390035,0.0017158890960423136,-8.038230211951467e-05,-0.0039649053039640956,-0.005720960388390035,0.0017158890960423136,0.003168471160615102,3.351033757310415e-05,0.05718813824976203,0.29612046627603417
global_compatible,87,15,0,0,certified_reset,0,1,0.040091882224201916,0.03609800770581537,0.003993874518386541,0.023963247110319243,0.0,0.0,0,0,-8.038230211951467e-05,-0.0039649053039640956,0.0010698657284799106,-0.007338829183173179,-8.038230211951467e-05,-0.0039649053039640956,0.0059230293579145225,3.713203566354437e-06,0.05718813824976203,0.29612046627603417
global_compatible,87,16,0,0,certified_reset,0,1,0.03609800770581537,0.03210413318742883,0.003993874518386541,0.019969372591932703,0.0,0.0,0,0,0.0010698657284799106,-0.007338829183173179,-0.007521856573638389,0.010375002082716273,0.0010698657284799106,-0.007338829183173179,0.009746366074902195,1.3213918448988934e-05,0.05718813824976203,0.29612046627603417
global_compatible,87,17,0,0,certified_reset,0,1,0.03210413318742883,0.02811025866904229,0.003993874518386541,0.015975498073546163,0.0,0.0,0,0,-0.007521856573638389,0.010375002082716273,-0.0010873202151925885,-0.012118797727146144,-0.007521856573638389,0.010375002082716273,-0.0077921608453261695,7.747159085931895e-05,0.05718813824976203,0.29612046627603417
global_compatible,87,18,0,0,certified_reset,0,1,0.02811025866904229,0.02411638415065575,0.003993874518386541,0.011981623555159623,0.0,0.0,0,0,-0.0010873202151925885,-0.012118797727146144,-0.007055267874529874,0.00024235841887284334,-0.0010873202151925885,-0.012118797727146144,0.018934967278754346,3.658133639982076e-05,0.05718813824976203,0.29612046627603417
global_compatible,87,19,0,0,certified_reset,0,1,0.02411638415065575,0.02012250963226921,0.003993874518386541,0.007987749036773082,0.0,0.0,0,0,-0.007055267874529874,0.00024235841887284334,-0.0014163118337606794,0.004543545217010299,-0.007055267874529874,0.00024235841887284334,0.006670176841165634,5.089965902725959e-05,0.05718813824976203,0.29612046627603417
global_compatible,87,20,0,0,certified_reset,0,1,0.02012250963226921,0.01612863511388267,0.003993874518386541,0.003993874518386541,0.0,0.0,0,0,-0.0014163118337606794,0.004543545217010299,-0.00044754307898272336,-0.00803841661750692,-0.0014163118337606794,0.004543545217010299,-0.005281146715215788,6.419086541164491e-06,0.05718813824976203,0.29612046627603417
global_compatible,87,21,0,0,certified_reset,0,1,0.01612863511388267,0.01213476059549613,0.003993874518386541,0.0,0.0,0.0,0,0,-0.00044754307898272336,-0.00803841661750692,-0.002624322814504365,0.008831248158668922,-0.00044754307898272336,-0.00803841661750692,0.012286407256051972,1.5605095398074552e-05,0.05718813824976203,0.29612046627603417
global_compatible,88,0,0,0,certified_reset,0,1,0.1,0.09600612548161347,0.003993874518386541,0.08387136488611735,0.0,0.0,0,0,0.8186409262244609,0.22571747268125975,0.4711536308080373,-0.9232773616011706,0.8186409262244609,0.22571747268125975,-1.147674418466297,0.7122725883049429,0.05718813824976203,0.29612046627603417
global_compatible,88,1,1,1,certified_reset,0,1,0.09600612548161347,0.09201225096322693,0.003993874518386541,0.07987749036773081,0.0,0.0,0,0,0.4711536308080373,-0.9232773616011706,-0.018114825511105468,-0.04606817284583593,0.4711536308080373,-0.9232773616011706,0.8909209316423915,0.39526864204469936,0.05718813824976203,0.29612046627603417
global_compatible,88,2,1,1,certified_reset,0,1,0.09201225096322693,0.0880183764448404,0.003993874518386541,0.07588361584934428,0.0,0.0,0,0,-0.018114825511105468,-0.04606817284583593,-0.01602651753154584,0.016254887805673624,-0.018114825511105468,-0.04606817284583593,0.08590133654514244,0.0008946326726875297,0.05718813824976203,0.29612046627603417
global_compatible,88,3,0,0,certified_reset,0,1,0.0880183764448404,0.08402450192645386,0.003993874518386541,0.07188974133095774,0.0,0.0,0,0,-0.01602651753154584,0.016254887805673624,-0.008365584832347917,0.015076603628814321,-0.01602651753154584,0.016254887805673624,-0.007986276303906708,0.00030600362738251134,0.05718813824976203,0.29612046627603417
global_compatible,88,4,0,0,certified_reset,0,1,0.08402450192645386,0.08003062740806732,0.003993874518386541,0.0678958668125712,0.0,0.0,0,0,-0.008365584832347917,0.015076603628814321,-0.0018475766987295957,-0.0031986954914936545,-0.008365584832347917,0.015076603628814321,-0.013878031161037037,0.00011571271916634528,0.05718813824976203,0.29612046627603417
global_compatible,88,5,0,0,certified_reset,0,1,0.08003062740806732,0.07603675288968079,0.003993874518386541,0.06390199229418467,0.0,0.0,0,0,-0.0018475766987295957,-0.0031986954914936545,0.0039002572000393794,0.0030697655615669573,-0.0018475766987295957,-0.0031986954914936545,0.0065500593755238425,6.3278191157750764e-06,0.05718813824976203,0.29612046627603417
global_compatible,88,6,0,0,certified_reset,0,1,0.07603675288968079,0.07204287837129425,0.003993874518386541,0.05990811777579813,0.0,0.0,0,0,0.0039002572000393794,0.0030697655615669573,0.0038371338049424525,-0.01420604572486044,0.0039002572000393794,0.0030697655615669573,-0.008403990486750801,1.867390553753082e-05,0.05718813824976203,0.29612046627603417
global_compatible,88,7,0,0,certified_reset,0,1,0.07204287837129425,0.06804900385290771,0.003993874518386541,0.05591424325741159,0.0,0.0,0,0,0.0038371338049424525,-0.01420604572486044,-0.01137667940331639,0.010599756895372065,0.0038371338049424525,-0.01420604572486044,0.017106103384361335,5.836517748657221e-05,0.05718813824976203,0.29612046627603417
global_compatible,88,8,0,0,certified_reset,0,1,0.06804900385290771,0.06405512933452118,0.003993874518386541,0.051920368739025044,0.0,0.0,0,0,-0.01137667940331639,0.010599756895372065,-0.007329864040471879,0.009407709736529744,-0.01137667940331639,0.010599756895372065,-0.004283935479818923,0.0001501115091491024,0.05718813824976203,0.29612046627603417
global_compatible,88,9,0,0,certified_reset,0,1,0.06405512933452118,0.060061254816134634,0.003993874518386541,0.0479264942206385,0.0,0.0,0,0,-0.007329864040471879,0.009407709736529744,-0.0008323448195318622,0.0011571809230227742,-0.007329864040471879,0.009407709736529744,-0.006557141377193874,7.073270987543881e-05,0.05718813824976203,0.29612046627603417
global_compatible,88,10,0,0,certified_reset,0,1,0.060061254816134634,0.05606738029774809,0.003993874518386541,0.04393261970225196,0.0,0.0,0,0,-0.0008323448195318622,0.0011571809230227742,-0.0025300430633726145,0.0025792351411034935,-0.0008323448195318622,0.0011571809230227742,-0.0008763745294860383,9.530308904492364e-07,0.05718813824976203,0.29612046627603417
global_compatible,88,11,0,0,certified_reset,0,1,0.05606738029774809,0.05207350577936155,0.003993874518386541,0.039938745183865414,0.0,0.0,0,0,-0.0025300430633726145,0.0025792351411034935,-0.0017625554101433774,-0.0008777269192366791,-0.0025300430633726145,0.0025792351411034935,-0.0012798636057175677,7.639510878109462e-06,0.05718813824976203,0.29612046627603417
global_compatible,88,12,0,0,certified_reset,0,1,0.05207350577936155,0.048079631260975,0.003993874518386541,0.03594487066547887,0.0,0.0,0,0,-0.0017625554101433774,-0.0008777269192366791,-0.0019762031104761826,0.0008540281751187719,-0.0017625554101433774,-0.0008777269192366791,0.003045833767449824,3.4772019753546175e-06,0.05718813824976203,0.29612046627603417
global_compatible,88,13,0,0,certified_reset,0,1,0.048079631260975,0.04408575674258846,0.003993874518386541,0.03195099614709233,0.0,0.0,0,0,-0.0019762031104761826,0.0008540281751187719,-0.008549691056721483,-0.010074674955130225,-0.0019762031104761826,0.0008540281751187719,0.000710304214313184,4.0492775780789216e-06,0.05718813824976203,0.29612046627603417
global_compatible,88,14,0,0,certified_reset,0,1,0.04408575674258846,0.040091882224201916,0.003993874518386541,0.027957121628705783,0.0,0.0,0,0,-0.008549691056721483,-0.010074674955130225,-0.00803073797329308,0.011137123022692555,-0.008549691056721483,-0.010074674955130225,0.023353340821046325,0.00010500151393425711,0.05718813824976203,0.29612046627603417
global_compatible,88,15,0,0,certified_reset,0,1,0.040091882224201916,0.03609800770581537,0.003993874518386541,0.023963247110319243,0.0,0.0,0,0,-0.00803073797329308,0.011137123022692555,-0.0017711698387804717,0.0005163489995537369,-0.00803073797329308,0.011137123022692555,-0.008410338637312423,8.858748895561413e-05,0.05718813824976203,0.29612046627603417
global_compatible,88,16,0,0,certified_reset,0,1,0.03609800770581537,0.03210413318742883,0.003993874518386541,0.019969372591932703,0.0,0.0,0,0,-0.0017711698387804717,0.0005163489995537369,-0.00060566442978784,0.0006479264706644622,-0.0017711698387804717,0.0005163489995537369,0.0010001116905725845,3.2100391147273667e-06,0.05718813824976203,0.29612046627603417
global_compatible,88,17,0,0,certified_reset,0,1,0.03210413318742883,0.02811025866904229,0.003993874518386541,0.015975498073546163,0.0,0.0,0,0,-0.00060566442978784,0.0006479264706644622,-0.00031545109825663933,-0.005654321050562658,-0.00060566442978784,0.0006479264706644622,-0.0003496861180469395,4.454519790888849e-07,0.05718813824976203,0.29612046627603417
global_compatible,88,18,0,0,certified_reset,0,1,0.02811025866904229,0.02411638415065575,0.003993874518386541,0.011981623555159623,0.0,0.0,0,0,-0.00031545109825663933,-0.005654321050562658,-0.003007145512200802,0.00586691452149183,-0.00031545109825663933,-0.005654321050562658,0.008639264753826967,7.720274160269723e-06,0.05718813824976203,0.29612046627603417
global_compatible,88,19,0,0,certified_reset,0,1,0.02411638415065575,0.02012250963226921,0.003993874518386541,0.007987749036773082,0.0,0.0,0,0,-0.003007145512200802,0.00586691452149183,0.0027319426657889294,0.0025844806705751264,-0.003007145512200802,0.00586691452149183,-0.00564608224728539,1.603560373057571e-05,0.05718813824976203,0.29612046627603417
global_compatible,88,20,0,0,certified_reset,0,1,0.02012250963226921,0.01612863511388267,0.003993874518386541,0.003993874518386541,0.0,0.0,0,0,0.0027319426657889294,0.0025844806705751264,-0.0073715571655009506,-0.0034218733845920255,0.0027319426657889294,0.0025844806705751264,-0.00652422417160161,9.729965515774451e-06,0.05718813824976203,0.29612046627603417
global_compatible,88,21,0,0,certified_reset,0,1,0.01612863511388267,0.01213476059549613,0.003993874518386541,0.0,0.0,0.0,0,0,-0.0073715571655009506,-0.0034218733845920255,-0.00911636285720777,0.00849660822584133,-0.0073715571655009506,-0.0034218733845920255,0.01237888606546632,6.0278434692625585e-05,0.05718813824976203,0.29612046627603417
global_compatible,89,0,0,0,certified_reset,0,1,0.1,0.09600612548161347,0.003993874518386541,0.08387136488611735,0.0,0.0,0,0,5.196240338072229,0.5017196737007809,4.91460119099182,-1.033240032924768,5.196240338072229,0.5017196737007809,-1.55,27.106286224585112,0.05718813824976203,0.29612046627603417
global_compatible,89,1,0,0,certified_reset,0,1,0.09600612548161347,0.09201225096322693,0.003993874518386541,0.07987749036773081,0.0,0.0,0,0,4.91460119099182,-1.033240032924768,3.1023362285740155,-2.597891594522377,4.91460119099182,-1.033240032924768,-1.55,24.40553266031312,0.05718813824976203,0.29612046627603417
global_compatible,89,2,0,0,certified_reset,0,1,0.09201225096322693,0.0880183764448404,0.003993874518386541,0.07588361584934428,0.0,0.0,0,0,3.1023362285740155,-2.597891594522377,0.9796165006945065,-1.638466863867927,3.1023362285740155,-2.597891594522377,0.9570005495516034,10.862213659059101,0.05718813824976203,0.29612046627603417
global_compatible,89,3,0,0,certified_reset,0,1,0.0880183764448404,0.08402450192645386,0.003993874518386541,0.07188974133095774,0.0,0.0,0,0,0.9796165006945065,-1.638466863867927,0.05911016828760454,-0.1931774575510758,0.9796165006945065,-1.638466863867927,1.438147871803604,1.494578480481057,0.05718813824976203,0.29612046627603417
global_compatible,89,4,0,0,certified_reset,0,1,0.08402450192645386,0.08003062740806732,0.003993874518386541,0.0678958668125712,0.0,0.0,0,0,0.05911016828760454,-0.1931774575510758,-0.017285541673492867,0.03694084630466596,0.05911016828760454,-0.1931774575510758,0.2257086535218758,0.011484777320916968,0.05718813824976203,0.29612046627603417
global_compatible,89,5,0,0,certified_reset,0,1,0.08003062740806732,0.07603675288968079,0.003993874518386541,0.06390199229418467,0.0,0.0,0,0,-0.017285541673492867,0.03694084630466596,0.005262823143209637,-0.002429682066299888,-0.017285541673492867,0.03694084630466596,-0.03720810285005698,0.0005790337265154605,0.05718813824976203,0.29612046627603417
global_compatible,89,6,0,0,certified_reset,0,1,0.07603675288968079,0.07204287837129425,0.003993874518386541,0.05990811777579813,0.0,0.0,0,0,0.005262823143209637,-0.002429682066299888,-0.0029017162203298775,0.0056898637340977816,0.005262823143209637,-0.002429682066299888,-0.0016624646646904728,2.882900604553044e-05,0.05718813824976203,0.29612046627603417
global_compatible,89,7,0,0,certified_reset,0,1,0.07204287837129425,0.06804900385290771,0.003993874518386541,0.05591424325741159,0.0,0.0,0,0,-0.0029017162203298775,0.0056898637340977816,0.001957718595938187,-0.0030849313997758595,-0.0029017162203298775,0.0056898637340977816,-0.005494090014060987,1.5002001526658833e-05,0.05718813824976203,0.29612046627603417
global_compatible,89,8,1,1,certified_reset,0,1,0.06804900385290771,0.06405512933452118,0.003993874518386541,0.051920368739025044,0.0,0.0,0,0,0.001957718595938187,-0.0030849313997758595,-0.009157807969586717,0.020784811495904516,0.001957718595938187,-0.0030849313997758595,0.002591635416323701,5.713600767598917e-06,0.05718813824976203,0.29612046627603417
global_compatible,89,9,0,0,certified_reset,0,1,0.06405512933452118,0.060061254816134634,0.003993874518386541,0.0479264942206385,0.0,0.0,0,0,-0.009157807969586717,0.020784811495904516,0.001119634067949405,-0.01014019840883331,-0.009157807969586717,0.020784811495904516,-0.021497561296203855,0.00017318058535557824,0.05718813824976203,0.29612046627603417
global_compatible,89,10,0,0,certified_reset,0,1,0.060061254816134634,0.05606738029774809,0.003993874518386541,0.04393261970225196,0.0,0.0,0,0,0.001119634067949405,-0.01014019840883331,0.007320399053640317,0.002432395762552159,0.001119634067949405,-0.01014019840883331,0.013822902349996813,2.4538648459242626e-05,0.05718813824976203,0.29612046627603417
global_compatible,89,11,0,0,certified_reset,0,1,0.05606738029774809,0.05207350577936155,0.003993874518386541,0.039938745183865414,0.0,0.0,0,0,0.007320399053640317,0.002432395762552159,0.005782515116598629,-0.001693478092508762,0.007320399053640317,0.002432395762552159,-0.010873522803317022,5.760905860461714e-05,0.05718813824976203,0.29612046627603417
global_compatible,89,12,0,0,certified_reset,0,1,0.05207350577936155,0.048079631260975,0.003993874518386541,0.03594487066547887,0.0,0.0,0,0,0.005782515116598629,-0.001693478092508762,0.0028763605642425365,-0.013332623532336366,0.005782515116598629,-0.001693478092508762,-0.003267223124384651,3.4220565996269785e-05,0.05718813824976203,0.29612046627603417
global_compatible,89,13,0,0,certified_reset,0,1,0.048079631260975,0.04408575674258846,0.003993874518386541,0.03195099614709233,0.0,0.0,0,0,0.0028763605642425365,-0.013332623532336366,-0.0030204891877509367,0.004871214039049006,0.0028763605642425365,-0.013332623532336366,0.016775107072681254,4.730514857392935e-05,0.05718813824976203,0.29612046627603417
global_compatible,89,14,0,0,certified_reset,0,1,0.04408575674258846,0.040091882224201916,0.003993874518386541,0.027957121628705783,0.0,0.0,0,0,-0.0030204891877509367,0.004871214039049006,-0.004980679746000367,-0.005490504527005057,-0.0030204891877509367,0.004871214039049006,-0.004166403439747011,1.382849859244977e-05,0.05718813824976203,0.29612046627603417
global_compatible,89,15,0,0,certified_reset,0,1,0.040091882224201916,0.03609800770581537,0.003993874518386541,0.023963247110319243,0.0,0.0,0,0,-0.004980679746000367,-0.005490504527005057,-0.0014908491663278693,0.0018322166855194028,-0.004980679746000367,-0.005490504527005057,0.013044632535476445,3.448744687484989e-05,0.05718813824976203,0.29612046627603417
global_compatible,89,16,0,0,certified_reset,0,1,0.03609800770581537,0.03210413318742883,0.003993874518386541,0.019969372591932703,0.0,0.0,0,0,-0.0014908491663278693,0.0018322166855194028,-0.008537788089118597,0.012608373061465148,-0.0014908491663278693,0.0018322166855194028,-0.0012130757543953805,2.8636832932732783e-06,0.05718813824976203,0.29612046627603417
global_compatible,89,17,0,0,certified_reset,0,1,0.03210413318742883,0.02811025866904229,0.003993874518386541,0.015975498073546163,0.0,0.0,0,0,-0.008537788089118597,0.012608373061465148,0.011372157756529323,0.009549055718848447,-0.008537788089118597,0.012608373061465148,-0.010073311910416256,0.00010404540860208314,0.05718813824976203,0.29612046627603417
global_compatible,89,18,0,0,certified_reset,0,1,0.02811025866904229,0.02411638415065575,0.003993874518386541,0.011981623555159623,0.0,0.0,0,0,0.011372157756529323,0.009549055718848447,0.01106305381279489,-0.021101586556561157,0.011372157756529323,0.009549055718848447,-0.025392046661065537,0.0001618580766022343,0.05718813824976203,0.29612046627603417
global_compatible,89,19,0,0,certified_reset,0,1,0.02411638415065575,0.02012250963226921,0.003993874518386541,0.007987749036773082,0.0,0.0,0,0,0.01106305381279489,-0.021101586556561157,-0.004096148049453429,0.0004683735803299861,0.01106305381279489,-0.021101586556561157,0.020070341424937157,0.00021261147672436192,0.05718813824976203,0.29612046627603417
global_compatible,89,20,0,0,certified_reset,0,1,0.02012250963226921,0.01612863511388267,0.003993874518386541,0.003993874518386541,0.0,0.0,0,0,-0.004096148049453429,0.0004683735803299861,-0.005684828185987999,0.013395358210097796,-0.004096148049453429,0.0004683735803299861,0.0033906683249871994,1.7105331921228122e-05,0.05718813824976203,0.29612046627603417
global_compatible,89,21,0,0,certified_reset,0,1,0.01612863511388267,0.01213476059549613,0.003993874518386541,0.0,0.0,0.0,0,0,-0.005684828185987999,0.013395358210097796,0.007919578547833556,-0.0017381247779950616,-0.005684828185987999,0.013395358210097796,-0.014071421393448804,6.956580588883402e-05,0.05718813824976203,0.29612046627603417
global_compatible,90,0,0,0,certified_reset,0,1,0.1,0.09600612548161347,0.003993874518386541,0.08387136488611735,0.0,0.0,0,0,-0.3655864646514786,0.2785147702639035,-0.11534024158272635,0.22823102413540988,-0.3655864646514786,0.2785147702639035,-0.04624076880689411,0.147669604259791,0.05718813824976203,0.29612046627603417
global_compatible,90,1,0,0,certified_reset,0,1,0.09600612548161347,0.09201225096322693,0.003993874518386541,0.07987749036773081,0.0,0.0,0,0,-0.11534024158272635,0.22823102413540988,-0.000888177437808434,0.006296182180856205,-0.11534024158272635,0.22823102413540988,-0.2213550505529959,0.02390441485651631,0.05718813824976203,0.29612046627603417
global_compatible,90,2,0,0,certified_reset,0,1,0.09201225096322693,0.0880183764448404,0.003993874518386541,0.07588361584934428,0.0,0.0,0,0,-0.000888177437808434,0.006296182180856205,-0.0007211345108855207,-0.012138696625795028,-0.000888177437808434,0.006296182180856205,-0.008387530503973633,9.683169669724775e-06,0.05718813824976203,0.29612046627603417
global_compatible,90,3,0,0,certified_reset,0,1,0.0880183764448404,0.08402450192645386,0.003993874518386541,0.07188974133095774,0.0,0.0,0,0,-0.0007211345108855207,-0.012138696625795028,-0.008895911467396987,0.002847789872296751,-0.0007211345108855207,-0.012138696625795028,0.01860106508977946,3.569265758380117e-05,0.05718813824976203,0.29612046627603417
global_compatible,90,4,0,0,certified_reset,0,1,0.08402450192645386,0.08003062740806732,0.003993874518386541,0.0678958668125712,0.0,0.0,0,0,-0.008895911467396987,0.002847789872296751,-0.011923119264414618,-0.001243120457852135,-0.008895911467396987,0.002847789872296751,0.004664810526172062,8.114103555510842e-05,0.05718813824976203,0.29612046627603417
global_compatible,90,5,0,0,certified_reset,0,1,0.08003062740806732,0.07603675288968079,0.003993874518386541,0.06390199229418467,0.0,0.0,0,0,-0.011923119264414618,-0.001243120457852135,-0.005551635426292365,0.0161591359850861,-0.011923119264414618,-0.001243120457852135,0.013702738838520669,0.00014713306201046404,0.05718813824976203,0.29612046627603417
global_compatible,90,6,0,0,certified_reset,0,1,0.07603675288968079,0.07204287837129425,0.003993874518386541,0.05990811777579813,0.0,0.0,0,0,-0.005551635426292365,0.0161591359850861,1.0990967556836302e-05,-0.004773328756081754,-0.005551635426292365,0.0161591359850861,-0.018278723910864842,8.617463124291579e-05,0.05718813824976203,0.29612046627603417
global_compatible,90,7,0,0,certified_reset,0,1,0.07204287837129425,0.06804900385290771,0.003993874518386541,0.05591424325741159,0.0,0.0,0,0,1.0990967556836302e-05,-0.004773328756081754,0.002217266720874326,0.0001312182432984029,1.0990967556836302e-05,-0.004773328756081754,0.00702102128446266,5.333729432744435e-06,0.05718813824976203,0.29612046627603417
global_compatible,90,8,0,0,certified_reset,0,1,0.06804900385290771,0.06405512933452118,0.003993874518386541,0.051920368739025044,0.0,0.0,0,0,0.002217266720874326,0.0001312182432984029,0.0063854637080912905,0.007055454581511308,0.002217266720874326,0.0001312182432984029,-0.0024000807992900436,5.063380688502181e-06,0.05718813824976203,0.29612046627603417
global_compatible,90,9,0,0,certified_reset,0,1,0.06405512933452118,0.060061254816134634,0.003993874518386541,0.0479264942206385,0.0,0.0,0,0,0.0063854637080912905,0.007055454581511308,0.0028143215600090125,-0.01708120268452143,0.0063854637080912905,0.007055454581511308,-0.016750230775531956,5.6748701626508824e-05,0.05718813824976203,0.29612046627603417
global_compatible,90,10,0,0,certified_reset,0,1,0.060061254816134634,0.05606738029774809,0.003993874518386541,0.04393261970225196,0.0,0.0,0,0,0.0028143215600090125,-0.01708120268452143,-0.0006890230537495135,0.012543558929025544,0.0028143215600090125,-0.01708120268452143,0.022363345000410935,7.294153316026305e-05,0.05718813824976203,0.29612046627603417
global_compatible,90,11,0,0,certified_reset,0,1,0.05606738029774809,0.05207350577936155,0.003993874518386541,0.039938745183865414,0.0,0.0,0,0,-0.0006890230537495135,0.012543558929025544,-0.0022128071454467213,-0.012251710236435358,-0.0006890230537495135,0.012543558929025544,-0.01779234677760108,3.671029957402716e-05,0.05718813824976203,0.29612046627603417
global_compatible,90,12,0,0,certified_reset,0,1,0.05207350577936155,0.048079631260975,0.003993874518386541,0.03594487066547887,0.0,0.0,0,0,-0.0022128071454467213,-0.012251710236435358,0.0020668560855308885,0.003652794918925251,-0.0022128071454467213,-0.012251710236435358,0.0202546528454866,4.217158217938302e-05,0.05718813824976203,0.29612046627603417
global_compatible,90,13,0,0,certified_reset,0,1,0.048079631260975,0.04408575674258846,0.003993874518386541,0.03195099614709233,0.0,0.0,0,0,0.0020668560855308885,0.003652794918925251,0.006020693659558057,-0.0009304219784186164,0.0020668560855308885,0.003652794918925251,-0.007439049950682326,8.057104612065439e-06,0.05718813824976203,0.29612046627603417
global_compatible,90,14,0,0,certified_reset,0,1,0.04408575674258846,0.040091882224201916,0.003993874518386541,0.027957121628705783,0.0,0.0,0,0,0.006020693659558057,-0.0009304219784186164,0.0005851891184158512,-0.0145469389870104,0.006020693659558057,-0.0009304219784186164,-0.00462412199072741,3.69391380572972e-05,0.05718813824976203,0.29612046627603417
global_compatible,90,15,0,0,certified_reset,0,1,0.040091882224201916,0.03609800770581537,0.003993874518386541,0.023963247110319243,0.0,0.0,0,0,0.0005851891184158512,-0.0145469389870104,-0.0007771638090878076,0.014657235525539094,0.0005851891184158512,-0.0145469389870104,0.020847299908176815,4.9298112241373606e-05,0.05718813824976203,0.29612046627603417
global_compatible,90,16,0,0,certified_reset,0,1,0.03609800770581537,0.03210413318742883,0.003993874518386541,0.019969372591932703,0.0,0.0,0,0,-0.0007771638090878076,0.014657235525539094,0.003932407773569558,0.008591831911929948,-0.0007771638090878076,0.014657235525539094,-0.020818311899938515,5.010925593043646e-05,0.05718813824976203,0.29612046627603417
global_compatible,90,17,0,0,certified_reset,0,1,0.03210413318742883,0.02811025866904229,0.003993874518386541,0.015975498073546163,0.0,0.0,0,0,0.003932407773569558,0.008591831911929948,0.005754390834625775,-0.012323156610543515,0.003932407773569558,0.008591831911929948,-0.01657044545311676,3.5615846069012644e-05,0.05718813824976203,0.29612046627603417
global_compatible,90,18,0,0,certified_reset,0,1,0.02811025866904229,0.02411638415065575,0.003993874518386541,0.011981623555159623,0.0,0.0,0,0,0.005754390834625775,-0.012323156610543515,-0.0004457703888415961,-0.0019608760637339724,0.005754390834625775,-0.012323156610543515,0.012423943124113065,6.430670693904184e-05,0.05718813824976203,0.29612046627603417
global_compatible,90,19,0,0,certified_reset,0,1,0.02411638415065575,0.02012250963226921,0.003993874518386541,0.007987749036773082,0.0,0.0,0,0,-0.0004457703888415961,-0.0019608760637339724,-0.0006941173048466801,0.007715959733080292,-0.0004457703888415961,-0.0019608760637339724,0.0033338373903064743,1.1686793219115957e-06,0.05718813824976203,0.29612046627603417
global_compatible,90,20,0,0,certified_reset,0,1,0.02012250963226921,0.01612863511388267,0.003993874518386541,0.003993874518386541,0.0,0.0,0,0,-0.0006941173048466801,0.007715959733080292,-0.005857121269556921,0.002697886450877849,-0.0006941173048466801,0.007715959733080292,-0.010674390996250267,1.4046850639861307e-05,0.05718813824976203,0.29612046627603417
global_compatible,90,21,0,0,certified_reset,0,1,0.01612863511388267,0.01213476059549613,0.003993874518386541,0.0,0.0,0.0,0,0,-0.005857121269556921,0.002697886450877849,0.0027815151478322777,0.004854677114359993,-0.005857121269556921,0.002697886450877849,0.001856555309872505,3.570218594109092e-05,0.05718813824976203,0.29612046627603417
global_compatible,91,0,1,1,certified_reset,0,1,0.1,0.09600612548161347,0.003993874518386541,0.08387136488611735,0.0,0.0,0,0,-1.2140018712754674,0.31221903037760124,-0.5339457334395645,1.036085126284526,-1.2140018712754674,0.31221903037760124,0.7489312416097758,1.5053695237042028,0.05718813824976203,0.29612046627603417
global_compatible,91,1,0,0,certified_reset,0,1,0.09600612548161347,0.09201225096322693,0.003993874518386541,0.07987749036773081,0.0,0.0,0,0,-0.5339457334395645,1.036085126284526,0.005334384552227774,0.053299619764060696,-0.5339457334395645,1.036085126284526,-0.9945669089682168,0.5030521596721234,0.05718813824976203,0.29612046627603417
global_compatible,91,2,0,0,certified_reset,0,1,0.09201225096322693,0.0880183764448404,0.003993874518386541,0.07588361584934428,0.0,0.0,0,0,0.005334384552227774,0.053299619764060696,0.017017459755039484,-0.03131563603545885,0.005334384552227774,0.053299619764060696,-0.0838275395596691,0.0007154849723255643,0.05718813824976203,0.29612046627603417
global_compatible,91,3,0,0,certified_reset,0,1,0.0880183764448404,0.08402450192645386,0.003993874518386541,0.07188974133095774,0.0,0.0,0,0,0.017017459755039484,-0.03131563603545885,0.002301911731144774,-0.003296640073930229,0.017017459755039484,-0.03131563603545885,0.029187751707478563,0.00048741248861278316,0.05718813824976203,0.29612046627603417
global_compatible,91,4,0,0,certified_reset,0,1,0.08402450192645386,0.08003062740806732,0.003993874518386541,0.0678958668125712,0.0,0.0,0,0,0.002301911731144774,-0.003296640073930229,-0.002859250598720901,-0.0048188927743729355,0.002301911731144774,-0.003296640073930229,0.002563026477570753,7.419235675967836e-06,0.05718813824976203,0.29612046627603417
global_compatible,91,5,0,0,certified_reset,0,1,0.08003062740806732,0.07603675288968079,0.003993874518386541,0.06390199229418467,0.0,0.0,0,0,-0.002859250598720901,-0.0048188927743729355,-0.008337512713974902,0.0032966789503819658,-0.002859250598720901,-0.0048188927743729355,0.00994416674497448,1.4827386255344902e-05,0.05718813824976203,0.29612046627603417
global_compatible,91,6,0,0,certified_reset,0,1,0.07603675288968079,0.07204287837129425,0.003993874518386541,0.05990811777579813,0.0,0.0,0,0,-0.008337512713974902,0.0032966789503819658,-0.006579185354723757,0.011959687914660014,-0.008337512713974902,0.0032966789503819658,0.0034430170125297334,7.176673398774784e-05,0.05718813824976203,0.29612046627603417
global_compatible,91,7,0,0,certified_reset,0,1,0.07204287837129425,0.06804900385290771,0.003993874518386541,0.05591424325741159,0.0,0.0,0,0,-0.006579185354723757,0.011959687914660014,-0.004385709978731621,-0.007261817327090728,-0.006579185354723757,0.011959687914660014,-0.011065439500202242,7.209292301801914e-05,0.05718813824976203,0.29612046627603417
global_compatible,91,8,0,0,certified_reset,0,1,0.06804900385290771,0.06405512933452118,0.003993874518386541,0.051920368739025044,0.0,0.0,0,0,-0.004385709978731621,-0.007261817327090728,-0.0011871619230089617,0.00773459050193105,-0.004385709978731621,-0.007261817327090728,0.01506454203772494,3.4400081048271985e-05,0.05718813824976203,0.29612046627603417
global_compatible,91,9,1,1,certified_reset,0,1,0.06405512933452118,0.060061254816134634,0.003993874518386541,0.0479264942206385,0.0,0.0,0,0,-0.0011871619230089617,0.00773459050193105,0.018273151367162156,0.009041301886371287,-0.0011871619230089617,0.00773459050193105,-0.01021172469427405,1.478463670409466e-05,0.05718813824976203,0.29612046627603417
global_compatible,91,10,2,2,certified_reset,0,1,0.060061254816134634,0.05606738029774809,0.003993874518386541,0.04393261970225196,0.0,0.0,0,0,0.018273151367162156,0.009041301886371287,0.007615205840179813,-0.02106318410492071,0.018273151367162156,0.009041301886371287,-0.031511940697349666,0.0003734472462141424,0.05718813824976203,0.29612046627603417
global_compatible,91,11,2,2,certified_reset,0,1,0.05606738029774809,0.05207350577936155,0.003993874518386541,0.039938745183865414,0.0,0.0,0,0,0.007615205840179813,-0.02106318410492071,0.033668327244661525,0.02290208888117048,0.007615205840179813,-0.02106318410492071,0.02344793384121027,0.00015159489045865428,0.05718813824976203,0.29612046627603417
global_compatible,91,12,2,2,certified_reset,0,1,0.05207350577936155,0.048079631260975,0.003993874518386541,0.03594487066547887,0.0,0.0,0,0,0.033668327244661525,0.02290208888117048,0.02225239598060373,-0.08498089995354659,0.033668327244661525,0.02290208888117048,-0.06726519556417192,0.0013410824443325607,0.05718813824976203,0.29612046627603417
global_compatible,91,13,2,2,certified_reset,0,1,0.048079631260975,0.04408575674258846,0.003993874518386541,0.03195099614709233,0.0,0.0,0,0,0.02225239598060373,-0.08498089995354659,-0.00932248536475901,0.06127075814379643,0.02225239598060373,-0.08498089995354659,0.103027049288651,0.002060449053250387,0.05718813824976203,0.29612046627603417
global_compatible,91,14,2,2,certified_reset,0,1,0.04408575674258846,0.040091882224201916,0.003993874518386541,0.027957121628705783,0.0,0.0,0,0,-0.00932248536475901,0.06127075814379643,0.05126723555609732,-0.06533562890168125,-0.00932248536475901,0.06127075814379643,-0.08097600129208646,0.0009265755976403529,0.05718813824976203,0.29612046627603417
global_compatible,91,15,0,0,certified_reset,0,1,0.040091882224201916,0.03609800770581537,0.003993874518386541,0.023963247110319243,0.0,0.0,0,0,0.05126723555609732,-0.06533562890168125,0.005099380048251138,-0.006673141532369564,0.05126723555609732,-0.06533562890168125,0.04519210252817806,0.0034477615875533807,0.05718813824976203,0.29612046627603417
global_compatible,91,16,0,0,certified_reset,0,1,0.03609800770581537,0.03210413318742883,0.003993874518386541,0.019969372591932703,0.0,0.0,0,0,0.005099380048251138,-0.006673141532369564,0.0004623344812654078,-0.003320896616622295,0.005099380048251138,-0.006673141532369564,0.004754658143885403,3.458439345211858e-05,0.05718813824976203,0.29612046627603417
global_compatible,91,17,0,0,certified_reset,0,1,0.03210413318742883,0.02811025866904229,0.003993874518386541,0.015975498073546163,0.0,0.0,0,0,0.0004623344812654078,-0.003320896616622295,-0.0075886642877093105,0.0057300628215549865,0.0004623344812654078,-0.003320896616622295,0.004427661869491773,2.6889616942235512e-06,0.05718813824976203,0.29612046627603417
global_compatible,91,18,0,0,certified_reset,0,1,0.02811025866904229,0.02411638415065575,0.003993874518386541,0.011981623555159623,0.0,0.0,0,0,-0.0075886642877093105,0.0057300628215549865,-0.008986690372407173,0.015219317496082492,-0.0075886642877093105,0.0057300628215549865,-0.0008855208542539219,6.351748094015163e-05,0.05718813824976203,0.29612046627603417
global_compatible,91,19,0,0,certified_reset,0,1,0.02411638415065575,0.02012250963226921,0.003993874518386541,0.007987749036773082,0.0,0.0,0,0,-0.008986690372407173,0.015219317496082492,-0.000508506546941132,0.008569920757367538,-0.008986690372407173,0.015219317496082492,-0.013470500953378052,0.00012698993625627104,0.05718813824976203,0.29612046627603417
global_compatible,91,20,0,0,certified_reset,0,1,0.02012250963226921,0.01612863511388267,0.003993874518386541,0.003993874518386541,0.0,0.0,0,0,-0.000508506546941132,0.008569920757367538,-0.0039554137215048035,-0.006522557819477292,-0.000508506546941132,0.008569920757367538,-0.012117087364274238,1.7149011584878972e-05,0.05718813824976203,0.29612046627603417
global_compatible,91,21,0,0,certified_reset,0,1,0.01612863511388267,0.01213476059549613,0.003993874518386541,0.0,0.0,0.0,0,0,-0.0039554137215048035,-0.006522557819477292,-0.0041257038084586955,0.0012478659659646233,-0.0039554137215048035,-0.006522557819477292,0.013547940366956864,2.7891841804450346e-05,0.05718813824976203,0.29612046627603417
global_compatible,92,0,0,0,certified_reset,0,1,0.1,0.09600612548161347,0.003993874518386541,0.08387136488611735,0.0,0.0,0,0,1.9688920029341386,-0.40219191160688117,0.9649908094572376,-1.6036198247271318,1.9688920029341386,-0.40219191160688117,-1.2060012920015681,3.9420131972028996,0.05718813824976203,0.29612046627603417
global_compatible,92,1,0,0,certified_reset,0,1,0.09600612548161347,0.09201225096322693,0.003993874518386541,0.07987749036773081,0.0,0.0,0,0,0.9649908094572376,-1.6036198247271318,0.06476012786621503,-0.19172451635946605,0.9649908094572376,-1.6036198247271318,1.4013789629012732,1.4431912148849086,0.05718813824976203,0.29612046627603417
global_compatible,92,2,0,0,certified_reset,0,1,0.09201225096322693,0.0880183764448404,0.003993874518386541,0.07588361584934428,0.0,0.0,0,0,0.06476012786621503,-0.19172451635946605,-0.013526564613083488,0.02855867730263209,0.06476012786621503,-0.19172451635946605,0.21794171394924408,0.011997831159415684,0.05718813824976203,0.29612046627603417
global_compatible,92,3,0,0,certified_reset,0,1,0.0880183764448404,0.08402450192645386,0.003993874518386541,0.07188974133095774,0.0,0.0,0,0,-0.013526564613083488,0.02855867730263209,-0.0065237234755016,0.004073304582737341,-0.013526564613083488,0.02855867730263209,-0.028603373686305812,0.0003502294237575409,0.05718813824976203,0.29612046627603417
global_compatible,92,4,0,0,certified_reset,0,1,0.08402450192645386,0.08003062740806732,0.003993874518386541,0.0678958668125712,0.0,0.0,0,0,-0.0065237234755016,0.004073304582737341,-0.005576094565584123,-0.00746643390885317,-0.0065237234755016,0.004073304582737341,0.0004956837782565383,4.555163638528616e-05,0.05718813824976203,0.29612046627603417
global_compatible,92,5,0,0,certified_reset,0,1,0.08003062740806732,0.07603675288968079,0.003993874518386541,0.06390199229418467,0.0,0.0,0,0,-0.005576094565584123,-0.00746643390885317,-0.0037959898614588245,0.014576237859542159,-0.005576094565584123,-0.00746643390885317,0.016551251051781297,4.797600274556311e-05,0.05718813824976203,0.29612046627603417
global_compatible,92,6,0,0,certified_reset,0,1,0.07603675288968079,0.07204287837129425,0.003993874518386541,0.05990811777579813,0.0,0.0,0,0,-0.0037959898614588245,0.014576237859542159,0.0070344180510591246,-0.004332758384240158,-0.0037959898614588245,0.014576237859542159,-0.017695157829330864,6.048151211825245e-05,0.05718813824976203,0.29612046627603417
global_compatible,92,7,0,0,certified_reset,0,1,0.07204287837129425,0.06804900385290771,0.003993874518386541,0.05591424325741159,0.0,0.0,0,0,0.0070344180510591246,-0.004332758384240158,-0.0014697851647336108,-0.0009291692326248184,0.0070344180510591246,-0.004332758384240158,-0.0006268406154008833,5.287196368491096e-05,0.05718813824976203,0.29612046627603417
global_compatible,92,8,0,0,certified_reset,0,1,0.06804900385290771,0.06405512933452118,0.003993874518386541,0.051920368739025044,0.0,0.0,0,0,-0.0014697851647336108,-0.0009291692326248184,0.002513740637490088,-0.0004932839196066957,-0.0014697851647336108,-0.0009291692326248184,0.0028314655196079457,2.5161023385034117e-06,0.05718813824976203,0.29612046627603417
global_compatible,92,9,0,0,certified_reset,0,1,0.06405512933452118,0.060061254816134634,0.003993874518386541,0.0479264942206385,0.0,0.0,0,0,0.002513740637490088,-0.0004932839196066957,-0.008124828126158123,-0.018256640765265893,0.002513740637490088,-0.0004932839196066957,-0.0017756737390809828,6.441516647822278e-06,0.05718813824976203,0.29612046627603417
global_compatible,92,10,0,0,certified_reset,0,1,0.060061254816134634,0.05606738029774809,0.003993874518386541,0.04393261970225196,0.0,0.0,0,0,-0.008124828126158123,-0.018256640765265893,0.0003756761784347567,0.019963946469408557,-0.008124828126158123,-0.018256640765265893,0.03498637959251439,0.0001566088887701521,0.05718813824976203,0.29612046627603417
global_compatible,92,11,0,0,certified_reset,0,1,0.05606738029774809,0.05207350577936155,0.003993874518386541,0.039938745183865414,0.0,0.0,0,0,0.0003756761784347567,0.019963946469408557,0.007596441994677004,-0.018002656511236205,0.0003756761784347567,0.019963946469408557,-0.02978587700449238,9.406174286822591e-05,0.05718813824976203,0.29612046627603417
global_compatible,92,12,0,0,certified_reset,0,1,0.05207350577936155,0.048079631260975,0.003993874518386541,0.03594487066547887,0.0,0.0,0,0,0.007596441994677004,-0.018002656511236205,-0.0018588519155762918,-0.006692548329212496,0.007596441994677004,-0.018002656511236205,0.018951407031527173,0.00012502204215343772,0.05718813824976203,0.29612046627603417
global_compatible,92,13,0,0,certified_reset,0,1,0.048079631260975,0.04408575674258846,0.003993874518386541,0.03195099614709233,0.0,0.0,0,0,-0.0018588519155762918,-0.006692548329212496,0.00941964524055678,-0.004931020303606226,-0.0018588519155762918,-0.006692548329212496,0.011711493121002104,1.4946543787115735e-05,0.05718813824976203,0.29612046627603417
global_compatible,92,14,0,0,certified_reset,0,1,0.04408575674258846,0.040091882224201916,0.003993874518386541,0.027957121628705783,0.0,0.0,0,0,0.00941964524055678,-0.004931020303606226,0.0058854472947917,-0.022273478299606513,0.00941964524055678,-0.004931020303606226,-0.00211387862348188,9.321812155103817e-05,0.05718813824976203,0.29612046627603417
global_compatible,92,15,0,0,certified_reset,0,1,0.040091882224201916,0.03609800770581537,0.003993874518386541,0.023963247110319243,0.0,0.0,0,0,0.0058854472947917,-0.022273478299606513,-0.0033783996665474546,0.0013292472007209255,0.0058854472947917,-0.022273478299606513,0.02695297357015011,0.0001420994698679488,0.05718813824976203,0.29612046627603417
global_compatible,92,16,0,0,certified_reset,0,1,0.03609800770581537,0.03210413318742883,0.003993874518386541,0.019969372591932703,0.0,0.0,0,0,-0.0033783996665474546,0.0013292472007209255,0.005986487835215557,-0.00914667925448742,-0.0033783996665474546,0.0013292472007209255,0.0014058738186389494,1.178103799848871e-05,0.05718813824976203,0.29612046627603417
global_compatible,92,17,0,0,certified_reset,0,1,0.03210413318742883,0.02811025866904229,0.003993874518386541,0.015975498073546163,0.0,0.0,0,0,0.005986487835215557,-0.00914667925448742,0.0063021540274637525,-0.002126069567299671,0.005986487835215557,-0.00914667925448742,0.007514052027159284,5.230867449705996e-05,0.05718813824976203,0.29612046627603417
global_compatible,92,18,0,0,certified_reset,0,1,0.02811025866904229,0.02411638415065575,0.003993874518386541,0.011981623555159623,0.0,0.0,0,0,0.0063021540274637525,-0.002126069567299671,-0.0015113081723959337,-0.0036304704135167514,0.0063021540274637525,-0.002126069567299671,-0.0031426885837819996,4.0777688599143044e-05,0.05718813824976203,0.29612046627603417
global_compatible,92,19,0,0,certified_reset,0,1,0.02411638415065575,0.02012250963226921,0.003993874518386541,0.007987749036773082,0.0,0.0,0,0,-0.0015113081723959337,-0.0036304704135167514,0.009864520750217695,-0.0010293845522928516,-0.0015113081723959337,-0.0036304704135167514,0.006852470823077702,5.830418077694706e-06,0.05718813824976203,0.29612046627603417
global_compatible,92,20,0,0,certified_reset,0,1,0.02012250963226921,0.01612863511388267,0.003993874518386541,0.003993874518386541,0.0,0.0,0,0,0.009864520750217695,-0.0010293845522928516,0.005647086198856402,-0.010670921950889518,0.009864520750217695,-0.0010293845522928516,-0.008303729899997343,9.922330174794808e-05,0.05718813824976203,0.29612046627603417
global_compatible,92,21,0,0,certified_reset,0,1,0.01612863511388267,0.01213476059549613,0.003993874518386541,0.0,0.0,0.0,0,0,0.005647086198856402,-0.010670921950889518,-0.003795587115825129,0.008171967008293472,0.005647086198856402,-0.010670921950889518,0.010096616961269638,5.4934467939635024e-05,0.05718813824976203,0.29612046627603417
global_compatible,93,0,0,0,certified_reset,0,1,0.1,0.09600612548161347,0.003993874518386541,0.08387136488611735,0.0,0.0,0,0,-3.742553371291713,-0.5303165494616906,-3.4922782810329758,1.0117341222629894,-3.742553371291713,-0.5303165494616906,1.55,14.117390652640898,0.05718813824976203,0.29612046627603417
global_compatible,93,1,0,0,certified_reset,0,1,0.09600612548161347,0.09201225096322693,0.003993874518386541,0.07987749036773081,0.0,0.0,0,0,-3.4922782810329758,1.0117341222629894,-1.8317778741269777,2.3016425536723033,-3.4922782810329758,1.0117341222629894,1.2842143160149093,12.421486820558306,0.05718813824976203,0.29612046627603417
global_compatible,93,2,0,0,certified_reset,0,1,0.09201225096322693,0.0880183764448404,0.003993874518386541,0.07588361584934428,0.0,0.0,0,0,-1.8317778741269777,2.3016425536723033,-0.2968987526833893,0.7395161643716152,-1.8317778741269777,2.3016425536723033,-1.55,4.369033200218678,0.05718813824976203,0.29612046627603417
global_compatible,93,3,0,0,certified_reset,0,1,0.0880183764448404,0.08402450192645386,0.003993874518386541,0.07188974133095774,0.0,0.0,0,0,-0.2968987526833893,0.7395161643716152,0.04493935158714621,-0.036759102606992,-0.2968987526833893,0.7395161643716152,-0.7937358784752122,0.20233843379046582,0.05718813824976203,0.29612046627603417
global_compatible,93,4,0,0,certified_reset,0,1,0.08402450192645386,0.08003062740806732,0.003993874518386541,0.0678958668125712,0.0,0.0,0,0,0.04493935158714621,-0.036759102606992,0.012456288477817372,-0.02692193601489602,0.04493935158714621,-0.036759102606992,0.009401197365719824,0.0022649765762757165,0.05718813824976203,0.29612046627603417
global_compatible,93,5,0,0,certified_reset,0,1,0.08003062740806732,0.07603675288968079,0.003993874518386541,0.06390199229418467,0.0,0.0,0,0,0.012456288477817372,-0.02692193601489602,0.0012273847856454946,-0.00015844015936325256,0.012456288477817372,-0.02692193601489602,0.02725675244394432,0.0003041947014695954,0.05718813824976203,0.29612046627603417
global_compatible,93,6,0,0,certified_reset,0,1,0.07603675288968079,0.07204287837129425,0.003993874518386541,0.05990811777579813,0.0,0.0,0,0,0.0012273847856454946,-0.00015844015936325256,0.008344310638316338,-0.00031229703763399163,0.0012273847856454946,-0.00015844015936325256,-0.0009852284701848436,1.5352588816334356e-06,0.05718813824976203,0.29612046627603417
global_compatible,93,7,0,0,certified_reset,0,1,0.07204287837129425,0.06804900385290771,0.003993874518386541,0.05591424325741159,0.0,0.0,0,0,0.008344310638316338,-0.00031229703763399163,0.00999386842034973,7.388557612566203e-05,0.008344310638316338,-0.00031229703763399163,-0.007847088806071266,7.118449539612713e-05,0.05718813824976203,0.29612046627603417
global_compatible,93,8,0,0,certified_reset,0,1,0.06804900385290771,0.06405512933452118,0.003993874518386541,0.051920368739025044,0.0,0.0,0,0,0.00999386842034973,7.388557612566203e-05,-0.004569716960726794,-0.019298765505176032,0.00999386842034973,7.388557612566203e-05,-0.010058887091468573,0.00010240791887534113,0.05718813824976203,0.29612046627603417
global_compatible,93,9,0,0,certified_reset,0,1,0.06405512933452118,0.060061254816134634,0.003993874518386541,0.0479264942206385,0.0,0.0,0,0,-0.004569716960726794,-0.019298765505176032,-0.0060529176590261935,0.009187677262554081,-0.004569716960726794,-0.019298765505176032,0.03298274531428858,0.00011511847331711377,0.05718813824976203,0.29612046627603417
global_compatible,93,10,0,0,certified_reset,0,1,0.060061254816134634,0.05606738029774809,0.003993874518386541,0.04393261970225196,0.0,0.0,0,0,-0.0060529176590261935,0.009187677262554081,0.00023800490989575747,-0.010022309330150796,-0.0060529176590261935,0.009187677262554081,-0.00750715895866077,5.324116250426973e-05,0.05718813824976203,0.29612046627603417
global_compatible,93,11,0,0,certified_reset,0,1,0.05606738029774809,0.05207350577936155,0.003993874518386541,0.039938745183865414,0.0,0.0,0,0,0.00023800490989575747,-0.010022309330150796,0.0049283874042585244,-0.00045064334079820533,0.00023800490989575747,-0.010022309330150796,0.01452449857770474,2.3411075986139147e-05,0.05718813824976203,0.29612046627603417
global_compatible,93,12,0,0,certified_reset,0,1,0.05207350577936155,0.048079631260975,0.003993874518386541,0.03594487066547887,0.0,0.0,0,0,0.0049283874042585244,-0.00045064334079820533,0.0022139888319465647,-0.002167940203159163,0.0049283874042585244,-0.00045064334079820533,-0.004244180932616318,2.477588349688271e-05,0.05718813824976203,0.29612046627603417
global_compatible,93,13,0,0,certified_reset,0,1,0.048079631260975,0.04408575674258846,0.003993874518386541,0.03195099614709233,0.0,0.0,0,0,0.0022139888319465647,-0.002167940203159163,0.005746158016655668,-0.007874637518862047,0.0022139888319465647,-0.002167940203159163,0.0009881828661810136,5.772152832814739e-06,0.05718813824976203,0.29612046627603417
global_compatible,93,14,0,0,certified_reset,0,1,0.04408575674258846,0.040091882224201916,0.003993874518386541,0.027957121628705783,0.0,0.0,0,0,0.005746158016655668,-0.007874637518862047,0.0028629994850318773,0.014138743598111226,0.005746158016655668,-0.007874637518862047,0.005878053668200476,4.50439047151569e-05,0.05718813824976203,0.29612046627603417
global_compatible,93,15,0,0,certified_reset,0,1,0.040091882224201916,0.03609800770581537,0.003993874518386541,0.023963247110319243,0.0,0.0,0,0,0.0028629994850318773,0.014138743598111226,0.0034041086041071774,0.0016090381107431266,0.0028629994850318773,0.014138743598111226,-0.02367888108558057,5.8196733983883034e-05,0.05718813824976203,0.29612046627603417
global_compatible,93,16,0,0,certified_reset,0,1,0.03609800770581537,0.03210413318742883,0.003993874518386541,0.019969372591932703,0.0,0.0,0,0,0.0034041086041071774,0.0016090381107431266,0.00226436484413061,0.0037852418135474056,0.0034041086041071774,0.0016090381107431266,-0.005760596584598721,1.2883587869347062e-05,0.05718813824976203,0.29612046627603417
global_compatible,93,17,0,0,certified_reset,0,1,0.03210413318742883,0.02811025866904229,0.003993874518386541,0.015975498073546163,0.0,0.0,0,0,0.00226436484413061,0.0037852418135474056,-0.005538071710581644,-0.010754014878135595,0.00226436484413061,0.0037852418135474056,-0.007830657734303572,9.23937816679483e-06,0.05718813824976203,0.29612046627603417
global_compatible,93,18,0,0,certified_reset,0,1,0.02811025866904229,0.02411638415065575,0.003993874518386541,0.011981623555159623,0.0,0.0,0,0,-0.005538071710581644,-0.010754014878135595,-0.014303167417106315,0.019437912012927383,-0.005538071710581644,-0.010754014878135595,0.021359645785426637,6.289289045336615e-05,0.05718813824976203,0.29612046627603417
global_compatible,93,19,0,0,certified_reset,0,1,0.02411638415065575,0.02012250963226921,0.003993874518386541,0.007987749036773082,0.0,0.0,0,0,-0.014303167417106315,0.019437912012927383,-0.0024679055888504366,-0.0032203721235489757,-0.014303167417106315,0.019437912012927383,-0.014391575561364575,0.0002777683705562486,0.05718813824976203,0.29612046627603417
global_compatible,93,20,0,0,certified_reset,0,1,0.02012250963226921,0.01612863511388267,0.003993874518386541,0.003993874518386541,0.0,0.0,0,0,-0.0024679055888504366,-0.0032203721235489757,-0.010742595641461582,-0.0021529076332835644,-0.0024679055888504366,-0.0032203721235489757,0.007198777611280251,9.252861363439606e-06,0.05718813824976203,0.29612046627603417
global_compatible,93,21,0,0,certified_reset,0,1,0.01612863511388267,0.01213476059549613,0.003993874518386541,0.0,0.0,0.0,0,0,-0.010742595641461582,-0.0021529076332835644,-0.005531408576443317,0.01697828064328795,-0.010742595641461582,-0.0021529076332835644,0.013867349397133522,0.00012104524762844499,0.05718813824976203,0.29612046627603417
global_compatible,94,0,0,0,certified_reset,0,1,0.1,0.09600612548161347,0.003993874518386541,0.08387136488611735,0.0,0.0,0,0,5.479183632501389,-0.1043671828689296,4.603132634345047,-1.6448021914832063,5.479183632501389,-0.1043671828689296,-1.5499999999996272,30.08347643026589,0.05718813824976203,0.29612046627603417
global_compatible,94,1,0,0,certified_reset,0,1,0.09600612548161347,0.09201225096322693,0.003993874518386541,0.07987749036773081,0.0,0.0,0,0,4.603132634345047,-1.6448021914832063,2.463896836495824,-2.6447120740964913,4.603132634345047,-1.6448021914832063,-0.9954438715055606,21.700570126744758,0.05718813824976203,0.29612046627603417
global_compatible,94,2,0,0,certified_reset,0,1,0.09201225096322693,0.0880183764448404,0.003993874518386541,0.07588361584934428,0.0,0.0,0,0,2.463896836495824,-2.6447120740964913,0.5407531493620776,-1.2085500157660714,2.463896836495824,-2.6447120740964913,1.4424483452862438,7.381814403491521,0.05718813824976203,0.29612046627603417
global_compatible,94,3,0,0,certified_reset,0,1,0.0880183764448404,0.08402450192645386,0.003993874518386541,0.07188974133095774,0.0,0.0,0,0,0.5407531493620776,-1.2085500157660714,-0.040234124975879436,0.04550832014864919,0.5407531493620776,-1.2085500157660714,1.2418468910803655,0.5938753263766255,0.05718813824976203,0.29612046627603417
global_compatible,94,4,0,0,certified_reset,0,1,0.08402450192645386,0.08003062740806732,0.003993874518386541,0.0678958668125712,0.0,0.0,0,0,-0.040234124975879436,0.04550832014864919,-0.01093910322397167,0.011801995017004732,-0.040234124975879436,0.04550832014864919,-0.026974585048289833,0.0020097568150332216,0.05718813824976203,0.29612046627603417
global_compatible,94,5,0,0,certified_reset,0,1,0.08003062740806732,0.07603675288968079,0.003993874518386541,0.06390199229418467,0.0,0.0,0,0,-0.01093910322397167,0.011801995017004732,-0.0030740200913981987,0.0038786856790952685,-0.01093910322397167,0.011801995017004732,-0.006493340790231343,0.00014578974175881226,0.05718813824976203,0.29612046627603417
global_compatible,94,6,0,0,certified_reset,0,1,0.07603675288968079,0.07204287837129425,0.003993874518386541,0.05990811777579813,0.0,0.0,0,0,-0.0030740200913981987,0.0038786856790952685,-0.0020593208497573443,-0.0017867830061696777,-0.0030740200913981987,0.0038786856790952685,-0.002650255053288048,1.233315228600613e-05,0.05718813824976203,0.29612046627603417
global_compatible,94,7,0,0,certified_reset,0,1,0.07204287837129425,0.06804900385290771,0.003993874518386541,0.05591424325741159,0.0,0.0,0,0,-0.0020593208497573443,-0.0017867830061696777,0.006892247459296159,0.003208130359927197,-0.0020593208497573443,-0.0017867830061696777,0.0046783909408517205,5.362652739136012e-06,0.05718813824976203,0.29612046627603417
global_compatible,94,8,0,0,certified_reset,0,1,0.06804900385290771,0.06405512933452118,0.003993874518386541,0.051920368739025044,0.0,0.0,0,0,0.006892247459296159,0.003208130359927197,0.0019984676476600205,-0.016707418331252583,0.006892247459296159,0.003208130359927197,-0.011587478190629953,5.271239438376407e-05,0.05718813824976203,0.29612046627603417
global_compatible,94,9,0,0,certified_reset,0,1,0.06405512933452118,0.060061254816134634,0.003993874518386541,0.0479264942206385,0.0,0.0,0,0,0.0019984676476600205,-0.016707418331252583,-0.010984230131330548,0.0035542062091604345,0.0019984676476600205,-0.016707418331252583,0.02262327701987987,6.703399842988486e-05,0.05718813824976203,0.29612046627603417
global_compatible,94,10,0,0,certified_reset,0,1,0.060061254816134634,0.05606738029774809,0.003993874518386541,0.04393261970225196,0.0,0.0,0,0,-0.010984230131330548,0.0035542062091604345,-0.008148473679037059,0.00839196931090206,-0.010984230131330548,0.0035542062091604345,0.005705165737552166,0.0001237408632002556,0.05718813824976203,0.29612046627603417
global_compatible,94,11,0,0,certified_reset,0,1,0.05606738029774809,0.05207350577936155,0.003993874518386541,0.039938745183865414,0.0,0.0,0,0,-0.008148473679037059,0.00839196931090206,0.0001993376735918706,-0.00759438524418434,-0.008148473679037059,0.00839196931090206,-0.004247000256723218,7.952507538219689e-05,0.05718813824976203,0.29612046627603417
global_compatible,94,12,0,0,certified_reset,0,1,0.05207350577936155,0.048079631260975,0.003993874518386541,0.03594487066547887,0.0,0.0,0,0,0.0001993376735918706,-0.00759438524418434,-0.00687853340421324,-0.0014352159815808696,0.0001993376735918706,-0.00759438524418434,0.010985988701716595,1.3438477904644405e-05,0.05718813824976203,0.29612046627603417
global_compatible,94,13,0,0,certified_reset,0,1,0.048079631260975,0.04408575674258846,0.003993874518386541,0.03195099614709233,0.0,0.0,0,0,-0.00687853340421324,-0.0014352159815808696,-0.008929688969860999,0.02395665863214917,-0.00687853340421324,-0.0014352159815808696,0.00896291161082837,4.9693338490946766e-05,0.05718813824976203,0.29612046627603417
global_compatible,94,14,0,0,certified_reset,0,1,0.04408575674258846,0.040091882224201916,0.003993874518386541,0.027957121628705783,0.0,0.0,0,0,-0.008929688969860999,0.02395665863214917,0.005026563174834249,-0.020202871871803068,-0.008929688969860999,0.02395665863214917,-0.026400703544913782,0.00020047014249723668,0.05718813824976203,0.29612046627603417
global_compatible,94,15,0,0,certified_reset,0,1,0.040091882224201916,0.03609800770581537,0.003993874518386541,0.023963247110319243,0.0,0.0,0,0,0.005026563174834249,-0.020202871871803068,-0.0010811505531674774,0.003456845192091555,0.005026563174834249,-0.020202871871803068,0.024750317293042418,0.00011404887823958512,0.05718813824976203,0.29612046627603417
global_compatible,94,16,0,0,certified_reset,0,1,0.03609800770581537,0.03210413318742883,0.003993874518386541,0.019969372591932703,0.0,0.0,0,0,-0.0010811505531674774,0.003456845192091555,0.009057465870863163,0.012054168074942489,-0.0010811505531674774,0.003456845192091555,-0.004015679848557881,3.7229887975427585e-06,0.05718813824976203,0.29612046627603417
global_compatible,94,17,0,0,certified_reset,0,1,0.03210413318742883,0.02811025866904229,0.003993874518386541,0.015975498073546163,0.0,0.0,0,0,0.009057465870863163,0.012054168074942489,0.011422749773281452,-0.015568291289473603,0.009057465870863163,0.012054168074942489,-0.026778403356889066,0.00012611929439667048,0.05718813824976203,0.29612046627603417
global_compatible,94,18,0,0,certified_reset,0,1,0.02811025866904229,0.02411638415065575,0.003993874518386541,0.011981623555159623,0.0,0.0,0,0,0.011422749773281452,-0.015568291289473603,0.0005643112758776984,-0.004445874218455299,0.011422749773281452,-0.015568291289473603,0.011558989075726089,0.00017744637295562227,0.05718813824976203,0.29612046627603417
global_compatible,94,19,0,0,certified_reset,0,1,0.02411638415065575,0.02012250963226921,0.003993874518386541,0.007987749036773082,0.0,0.0,0,0,0.0005643112758776984,-0.004445874218455299,-0.005247474260194363,-0.0020043020457579763,0.0005643112758776984,-0.004445874218455299,0.005985812932001886,4.7720396894443345e-06,0.05718813824976203,0.29612046627603417
global_compatible,94,20,0,0,certified_reset,0,1,0.02012250963226921,0.01612863511388267,0.003993874518386541,0.003993874518386541,0.0,0.0,0,0,-0.005247474260194363,-0.0020043020457579763,-0.009631819978660285,-0.002362264336527883,-0.005247474260194363,-0.0020043020457579763,0.008175314840611469,2.992998123429376e-05,0.05718813824976203,0.29612046627603417
global_compatible,94,21,0,0,certified_reset,0,1,0.01612863511388267,0.01213476059549613,0.003993874518386541,0.0,0.0,0.0,0,0,-0.009631819978660285,-0.002362264336527883,0.0034167653519894875,0.00580872781519091,-0.009631819978660285,-0.002362264336527883,0.013070062361902257,9.804707205813343e-05,0.05718813824976203,0.29612046627603417
global_compatible,95,0,0,0,certified_reset,0,1,0.1,0.09600612548161347,0.003993874518386541,0.08387136488611735,0.0,0.0,0,0,-5.647442192647499,0.5444921787364051,-4.3286717708483895,2.097896370774288,-5.647442192647499,0.5444921787364051,1.55,32.007030731182105,0.05718813824976203,0.29612046627603417
global_compatible,95,1,0,0,certified_reset,0,1,0.09600612548161347,0.09201225096322693,0.003993874518386541,0.07987749036773081,0.0,0.0,0,0,-4.3286717708483895,2.097896370774288,-2.0643470207318373,2.4189419642267445,-4.3286717708483895,2.097896370774288,0.3267320023599944,19.532278597625314,0.05718813824976203,0.29612046627603417
global_compatible,95,2,0,0,certified_reset,0,1,0.09201225096322693,0.0880183764448404,0.003993874518386541,0.07588361584934428,0.0,0.0,0,0,-2.0643470207318373,2.4189419642267445,-0.4010348313393982,0.9182800679606531,-2.0643470207318373,2.4189419642267445,-1.5077312530492883,5.371590401023438,0.05718813824976203,0.29612046627603417
global_compatible,95,3,0,0,certified_reset,0,1,0.0880183764448404,0.08402450192645386,0.003993874518386541,0.07188974133095774,0.0,0.0,0,0,-0.4010348313393982,0.9182800679606531,0.0364268766900854,-0.03725987252422421,-0.4010348313393982,0.9182800679606531,-0.9533763672930559,0.33533498936873,0.05718813824976203,0.29612046627603417
global_compatible,95,4,0,0,certified_reset,0,1,0.08402450192645386,0.08003062740806732,0.003993874518386541,0.0678958668125712,0.0,0.0,0,0,0.0364268766900854,-0.03725987252422421,0.00029295856181892933,-0.007145113406357593,0.0364268766900854,-0.03725987252422421,0.018614651871902244,0.001585473635096349,0.05718813824976203,0.29612046627603417
global_compatible,95,5,0,0,certified_reset,0,1,0.08003062740806732,0.07603675288968079,0.003993874518386541,0.06390199229418467,0.0,0.0,0,0,0.00029295856181892933,-0.007145113406357593,0.007528272377271422,3.3315551752368094e-05,0.00029295856181892933,-0.007145113406357593,0.010234236036797734,1.1893790606513231e-05,0.05718813824976203,0.29612046627603417
global_compatible,95,6,0,0,certified_reset,0,1,0.07603675288968079,0.07204287837129425,0.003993874518386541,0.05990811777579813,0.0,0.0,0,0,0.007528272377271422,3.3315551752368094e-05,0.0063878475660313115,3.914123620725376e-05,0.007528272377271422,3.3315551752368094e-05,-0.00754344390374684,5.809767342129024e-05,0.05718813824976203,0.29612046627603417
global_compatible,95,7,0,0,certified_reset,0,1,0.07204287837129425,0.06804900385290771,0.003993874518386541,0.05591424325741159,0.0,0.0,0,0,0.0063878475660313115,3.914123620725376e-05,0.00019540900917022937,0.004567177956555939,0.0063878475660313115,3.914123620725376e-05,-0.006418717802121251,4.1834870748980785e-05,0.05718813824976203,0.29612046627603417
global_compatible,95,8,0,0,certified_reset,0,1,0.06804900385290771,0.06405512933452118,0.003993874518386541,0.051920368739025044,0.0,0.0,0,0,0.00019540900917022937,0.004567177956555939,0.0008409800673749787,-0.00835564342056656,0.00019540900917022937,0.004567177956555939,-0.006924088236515271,4.9914002361742065e-06,0.05718813824976203,0.29612046627603417
global_compatible,95,9,0,0,certified_reset,0,1,0.06405512933452118,0.060061254816134634,0.003993874518386541,0.0479264942206385,0.0,0.0,0,0,0.0008409800673749787,-0.00835564342056656,-0.006377722822871453,0.008864377530385608,0.0008409800673749787,-0.00835564342056656,0.011470564736516961,1.656361371298599e-05,0.05718813824976203,0.29612046627603417
global_compatible,95,10,0,0,certified_reset,0,1,0.060061254816134634,0.05606738029774809,0.003993874518386541,0.04393261970225196,0.0,0.0,0,0,-0.006377722822871453,0.008864377530385608,0.0070620756611566625,0.007941708825823094,-0.006377722822871453,0.008864377530385608,-0.00670598140674683,5.594349709128322e-05,0.05718813824976203,0.29612046627603417
global_compatible,95,11,0,0,certified_reset,0,1,0.05606738029774809,0.05207350577936155,0.003993874518386541,0.039938745183865414,0.0,0.0,0,0,0.0070620756611566625,0.007941708825823094,0.0057853571985832485,-0.0025103912748322098,0.0070620756611566625,0.007941708825823094,-0.01873112276810145,6.999701968109169e-05,0.05718813824976203,0.29612046627603417
global_compatible,95,12,0,0,certified_reset,0,1,0.05207350577936155,0.048079631260975,0.003993874518386541,0.03594487066547887,0.0,0.0,0,0,0.0057853571985832485,-0.0025103912748322098,0.0047092708322942255,-0.015329322538250496,0.0057853571985832485,-0.0025103912748322098,-0.0020654046780801223,3.471137691080056e-05,0.05718813824976203,0.29612046627603417
global_compatible,95,13,0,0,certified_reset,0,1,0.048079631260975,0.04408575674258846,0.003993874518386541,0.03195099614709233,0.0,0.0,0,0,0.0047092708322942255,-0.015329322538250496,-0.0015512516032539093,0.007678242932880307,0.0047092708322942255,-0.015329322538250496,0.017890963106511927,7.247725910057005e-05,0.05718813824976203,0.29612046627603417
global_compatible,95,14,0,0,certified_reset,0,1,0.04408575674258846,0.040091882224201916,0.003993874518386541,0.027957121628705783,0.0,0.0,0,0,-0.0015512516032539093,0.007678242932880307,0.0016429579154132634,0.0025138109724642454,-0.0015512516032539093,0.007678242932880307,-0.009766144173248042,1.5402795453453238e-05,0.05718813824976203,0.29612046627603417
global_compatible,95,15,0,0,certified_reset,0,1,0.040091882224201916,0.03609800770581537,0.003993874518386541,0.023963247110319243,0.0,0.0,0,0,0.0016429579154132634,0.0025138109724642454,0.00433131674738705,-0.01060001299010506,0.0016429579154132634,0.0025138109724642454,-0.0053390121310734045,4.549401184163515e-06,0.05718813824976203,0.29612046627603417
global_compatible,95,16,0,0,certified_reset,0,1,0.03609800770581537,0.03210413318742883,0.003993874518386541,0.019969372591932703,0.0,0.0,0,0,0.00433131674738705,-0.01060001299010506,0.004954293472125045,-0.011914037940274593,0.00433131674738705,-0.01060001299010506,0.011301648285795846,4.217833568586261e-05,0.05718813824976203,0.29612046627603417
global_compatible,95,17,0,0,certified_reset,0,1,0.03210413318742883,0.02811025866904229,0.003993874518386541,0.015975498073546163,0.0,0.0,0,0,0.004954293472125045,-0.011914037940274593,-0.002488199230537935,0.007993672133419564,0.004954293472125045,-0.011914037940274593,0.01261689770722598,5.407465050942038e-05,0.05718813824976203,0.29612046627603417
global_compatible,95,18,0,0,certified_reset,0,1,0.02811025866904229,0.02411638415065575,0.003993874518386541,0.011981623555159623,0.0,0.0,0,0,-0.002488199230537935,0.007993672133419564,0.001195251022005285,0.0006082981930989368,-0.002488199230537935,0.007993672133419564,-0.009295059147439316,1.9852871476498982e-05,0.05718813824976203,0.29612046627603417
global_compatible,95,19,0,0,certified_reset,0,1,0.02411638415065575,0.02012250963226921,0.003993874518386541,0.007987749036773082,0.0,0.0,0,0,0.001195251022005285,0.0006082981930989368,-0.009056675831488068,-0.011211753745800312,0.001195251022005285,0.0006082981930989368,-0.002089693270458425,1.6044002592305967e-06,0.05718813824976203,0.29612046627603417
global_compatible,95,20,0,0,certified_reset,0,1,0.02012250963226921,0.01612863511388267,0.003993874518386541,0.003993874518386541,0.0,0.0,0,0,-0.009056675831488068,-0.011211753745800312,-0.007103182955106614,0.0017843995553048116,-0.009056675831488068,-0.011211753745800312,0.025537219613598425,0.0001209537327266531,0.05718813824976203,0.29612046627603417
global_compatible,95,21,0,0,certified_reset,0,1,0.01612863511388267,0.01213476059549613,0.003993874518386541,0.0,0.0,0.0,0,0,-0.007103182955106614,0.0017843995553048116,-0.002518605250622402,0.0026607520271840907,-0.007103182955106614,0.0017843995553048116,0.004446194189443506,5.152255888210812e-05,0.05718813824976203,0.29612046627603417
global_compatible,96,0,1,1,certified_reset,0,1,0.1,0.09600612548161347,0.003993874518386541,0.08387136488611735,0.0,0.0,0,0,5.627755429188907,-0.015013713215400792,4.838123801263974,-1.5527943571013674,5.627755429188907,-0.015013713215400792,-1.5499999999991438,31.731734244850365,0.05718813824976203,0.29612046627603417
global_compatible,96,1,1,1,certified_reset,0,1,0.09600612548161347,0.09201225096322693,0.003993874518386541,0.07987749036773081,0.0,0.0,0,0,4.838123801263974,-1.5527943571013674,2.685241563961221,-2.76726289891016,4.838123801263974,-1.5527943571013674,-1.2086766746790985,23.877975055735046,0.05718813824976203,0.29612046627603417
global_compatible,96,2,0,0,certified_reset,0,1,0.09201225096322693,0.0880183764448404,0.003993874518386541,0.07588361584934428,0.0,0.0,0,0,2.685241563961221,-2.76726289891016,0.6367091652731515,-1.3348452424191817,2.685241563961221,-2.76726289891016,1.4294088861088168,8.639996412220313,0.05718813824976203,0.29612046627603417
global_compatible,96,3,0,0,certified_reset,0,1,0.0880183764448404,0.08402450192645386,0.003993874518386541,0.07188974133095774,0.0,0.0,0,0,0.6367091652731515,-1.3348452424191817,-0.03369513890691196,0.0032963844984034837,0.6367091652731515,-1.3348452424191817,1.332337438945825,0.7705027652408936,0.05718813824976203,0.29612046627603417
global_compatible,96,4,0,0,certified_reset,0,1,0.08402450192645386,0.08003062740806732,0.003993874518386541,0.0678958668125712,0.0,0.0,0,0,-0.03369513890691196,0.0032963844984034837,-0.012673008462584016,0.03254179521371507,-0.03369513890691196,0.0032963844984034837,0.028695175362969415,0.001157903620320918,0.05718813824976203,0.29612046627603417
global_compatible,96,5,0,0,certified_reset,0,1,0.08003062740806732,0.07603675288968079,0.003993874518386541,0.06390199229418467,0.0,0.0,0,0,-0.012673008462584016,0.03254179521371507,-0.0013230061760591606,-0.01081310668825759,-0.012673008462584016,0.03254179521371507,-0.03532083223436941,0.00038240849166758424,0.05718813824976203,0.29612046627603417
global_compatible,96,6,0,0,certified_reset,0,1,0.07603675288968079,0.07204287837129425,0.003993874518386541,0.05990811777579813,0.0,0.0,0,0,-0.0013230061760591606,-0.01081310668825759,-0.005824871340156498,0.0013019459165161014,-0.0013230061760591606,-0.01081310668825759,0.01724172492320303,3.022846202537108e-05,0.05718813824976203,0.29612046627603417
global_compatible,96,7,0,0,certified_reset,0,1,0.07204287837129425,0.06804900385290771,0.003993874518386541,0.05591424325741159,0.0,0.0,0,0,-0.005824871340156498,0.0013019459165161014,-0.004685137552123891,-0.002647380243771251,-0.005824871340156498,0.0013019459165161014,0.0038848077522030348,3.46115307816819e-05,0.05718813824976203,0.29612046627603417
global_compatible,96,8,0,0,certified_reset,0,1,0.06804900385290771,0.06405512933452118,0.003993874518386541,0.051920368739025044,0.0,0.0,0,0,-0.004685137552123891,-0.002647380243771251,0.0006826755465302752,0.0035838729292651914,-0.004685137552123891,-0.002647380243771251,0.008562887541136193,2.504514194629494e-05,0.05718813824976203,0.29612046627603417
global_compatible,96,9,0,0,certified_reset,0,1,0.06405512933452118,0.060061254816134634,0.003993874518386541,0.0479264942206385,0.0,0.0,0,0,0.0006826755465302752,0.0035838729292651914,0.009478604895919111,-8.610373037601718e-06,0.0006826755465302752,0.0035838729292651914,-0.005957440923133323,3.665269591807576e-06,0.05718813824976203,0.29612046627603417
global_compatible,96,10,0,0,certified_reset,0,1,0.060061254816134634,0.05606738029774809,0.003993874518386541,0.04393261970225196,0.0,0.0,0,0,0.009478604895919111,-8.610373037601718e-06,-0.004375408343807709,-0.005161509142967805,0.009478604895919111,-8.610373037601718e-06,-0.00942516056846425,9.206480541140936e-05,0.05718813824976203,0.29612046627603417
global_compatible,96,11,0,0,certified_reset,0,1,0.05606738029774809,0.05207350577936155,0.003993874518386541,0.039938745183865414,0.0,0.0,0,0,-0.004375408343807709,-0.005161509142967805,0.00384752272185226,0.004142628524963526,-0.004375408343807709,-0.005161509142967805,0.011962635110116767,2.7517225938436323e-05,0.05718813824976203,0.29612046627603417
global_compatible,96,12,0,0,certified_reset,0,1,0.05207350577936155,0.048079631260975,0.003993874518386541,0.03594487066547887,0.0,0.0,0,0,0.00384752272185226,0.004142628524963526,0.004938701903722007,0.006977788448002981,0.00384752272185226,0.004142628524963526,-0.009933992335450175,2.0359582985440463e-05,0.05718813824976203,0.29612046627603417
global_compatible,96,13,0,0,certified_reset,0,1,0.048079631260975,0.04408575674258846,0.003993874518386541,0.03195099614709233,0.0,0.0,0,0,0.004938701903722007,0.006977788448002981,0.006040194367755074,-0.010595396046388235,0.004938701903722007,0.006977788448002981,-0.015194767701858366,3.892691632417843e-05,0.05718813824976203,0.29612046627603417
global_compatible,96,14,0,0,certified_reset,0,1,0.04408575674258846,0.040091882224201916,0.003993874518386541,0.027957121628705783,0.0,0.0,0,0,0.006040194367755074,-0.010595396046388235,0.008767300708539231,0.0036345262130622214,0.006040194367755074,-0.010595396046388235,0.009592969266309202,5.899180961223644e-05,0.05718813824976203,0.29612046627603417
global_compatible,96,15,0,0,certified_reset,0,1,0.040091882224201916,0.03609800770581537,0.003993874518386541,0.023963247110319243,0.0,0.0,0,0,0.008767300708539231,0.0036345262130622214,0.00012415650378406074,-0.022115803687522233,0.008767300708539231,0.0036345262130622214,-0.01408282658303798,8.420147237096908e-05,0.05718813824976203,0.29612046627603417
global_compatible,96,16,0,0,certified_reset,0,1,0.03609800770581537,0.03210413318742883,0.003993874518386541,0.019969372591932703,0.0,0.0,0,0,0.00012415650378406074,-0.022115803687522233,-0.005359542066019742,0.0067110756147916156,0.00012415650378406074,-0.022115803687522233,0.032458564349297725,0.00011439395392197338,0.05718813824976203,0.29612046627603417
global_compatible,96,17,0,0,certified_reset,0,1,0.03210413318742883,0.02811025866904229,0.003993874518386541,0.015975498073546163,0.0,0.0,0,0,-0.005359542066019742,0.0067110756147916156,0.0026289888744638603,-0.007381375669360586,-0.005359542066019742,0.0067110756147916156,-0.004548935410262199,3.7348947954944714e-05,0.05718813824976203,0.29612046627603417
global_compatible,96,18,0,0,certified_reset,0,1,0.02811025866904229,0.02411638415065575,0.003993874518386541,0.011981623555159623,0.0,0.0,0,0,0.0026289888744638603,-0.007381375669360586,0.00035366042785420367,-0.0135881383434951,0.0026289888744638603,-0.007381375669360586,0.008251187597946442,1.8420882140468504e-05,0.05718813824976203,0.29612046627603417
global_compatible,96,19,0,0,certified_reset,0,1,0.02411638415065575,0.02012250963226921,0.003993874518386541,0.007987749036773082,0.0,0.0,0,0,0.00035366042785420367,-0.0135881383434951,-0.00613755663775209,0.004459529513268268,0.00035366042785420367,-0.0135881383434951,0.019663258863615782,4.302592008222225e-05,0.05718813824976203,0.29612046627603417
global_compatible,96,20,0,0,certified_reset,0,1,0.02012250963226921,0.01612863511388267,0.003993874518386541,0.003993874518386541,0.0,0.0,0,0,-0.00613755663775209,0.004459529513268268,-0.006457609397734994,0.0131934261308259,-0.00613755663775209,0.004459529513268268,-0.0004561791446162843,4.125453659326223e-05,0.05718813824976203,0.29612046627603417
global_compatible,96,21,0,0,certified_reset,0,1,0.01612863511388267,0.01213476059549613,0.003993874518386541,0.0,0.0,0.0,0,0,-0.006457609397734994,0.0131934261308259,-0.01201411315603023,0.0003879940130768091,-0.006457609397734994,0.0131934261308259,-0.01300407446657766,7.726033670454348e-05,0.05718813824976203,0.29612046627603417
global_compatible,97,0,0,0,certified_reset,0,1,0.1,0.09600612548161347,0.003993874518386541,0.08387136488611735,0.0,0.0,0,0,-2.5573746034248073,-0.25052281852680075,-2.0365730683677987,1.3016251486162889,-2.5573746034248073,-0.25052281852680075,1.55,6.61152446511066,0.05718813824976203,0.29612046627603417
global_compatible,97,1,0,0,certified_reset,0,1,0.09600612548161347,0.09201225096322693,0.003993874518386541,0.07987749036773081,0.0,0.0,0,0,-2.0365730683677987,1.3016251486162889,-0.6929733169527906,1.3767765152628995,-2.0365730683677987,1.3016251486162889,0.0797546086489162,4.452749927692917,0.05718813824976203,0.29612046627603417
global_compatible,97,2,0,0,certified_reset,0,1,0.09201225096322693,0.0880183764448404,0.003993874518386541,0.07588361584934428,0.0,0.0,0,0,-0.6929733169527906,1.3767765152628995,0.010504586636856826,0.03360570144590048,-0.6929733169527906,1.3767765152628995,-1.3380833349381982,0.8661661364258376,0.05718813824976203,0.29612046627603417
global_compatible,97,3,0,0,certified_reset,0,1,0.0880183764448404,0.08402450192645386,0.003993874518386541,0.07188974133095774,0.0,0.0,0,0,0.010504586636856826,0.03360570144590048,0.014692499196469682,-0.011446333354967772,0.010504586636856826,0.03360570144590048,-0.05996267868730398,0.00040351618183593203,0.05718813824976203,0.29612046627603417
global_compatible,97,4,0,0,certified_reset,0,1,0.08402450192645386,0.08003062740806732,0.003993874518386541,0.0678958668125712,0.0,0.0,0,0,0.014692499196469682,-0.011446333354967772,0.005395040928655424,-0.02086737305207014,0.014692499196469682,-0.011446333354967772,0.002229929328912339,0.00023957718576770944,0.05718813824976203,0.29612046627603417
global_compatible,97,5,0,0,certified_reset,0,1,0.08003062740806732,0.07603675288968079,0.003993874518386541,0.06390199229418467,0.0,0.0,0,0,0.005395040928655424,-0.02086737305207014,-0.0027898840688302183,0.0026373141566640385,0.005395040928655424,-0.02086737305207014,0.025367457812140483,0.0001235746709751027,0.05718813824976203,0.29612046627603417
global_compatible,97,6,0,0,certified_reset,0,1,0.07603675288968079,0.07204287837129425,0.003993874518386541,0.05990811777579813,0.0,0.0,0,0,-0.0027898840688302183,0.0026373141566640385,-0.0018719796377895384,0.00861296530417397,-0.0027898840688302183,0.0026373141566640385,-0.0011070069085782914,9.066066397872954e-06,0.05718813824976203,0.29612046627603417
global_compatible,97,7,0,0,certified_reset,0,1,0.07204287837129425,0.06804900385290771,0.003993874518386541,0.05591424325741159,0.0,0.0,0,0,-0.0018719796377895384,0.00861296530417397,0.0035573567380424694,-0.00029855989309114607,-0.0018719796377895384,0.00861296530417397,-0.010822671860301723,1.978553425875565e-05,0.05718813824976203,0.29612046627603417
global_compatible,97,8,0,0,certified_reset,0,1,0.06804900385290771,0.06405512933452118,0.003993874518386541,0.051920368739025044,0.0,0.0,0,0,0.0035573567380424694,-0.00029855989309114607,-0.00021581472014782456,-0.01616545686206644,0.0035573567380424694,-0.00029855989309114607,-0.0031028575634167617,1.2911524929924739e-05,0.05718813824976203,0.29612046627603417
global_compatible,97,9,0,0,certified_reset,0,1,0.06405512933452118,0.060061254816134634,0.003993874518386541,0.0479264942206385,0.0,0.0,0,0,-0.00021581472014782456,-0.01616545686206644,-0.005039113871833067,0.01609627346599788,-0.00021581472014782456,-0.01616545686206644,0.02402790642080811,6.151804236828984e-05,0.05718813824976203,0.29612046627603417
global_compatible,97,10,0,0,certified_reset,0,1,0.060061254816134634,0.05606738029774809,0.003993874518386541,0.04393261970225196,0.0,0.0,0,0,-0.005039113871833067,0.01609627346599788,-0.0018450702215889602,-0.005133477881979541,-0.005039113871833067,0.01609627346599788,-0.018694851070348104,8.076630853545656e-05,0.05718813824976203,0.29612046627603417
global_compatible,97,11,0,0,certified_reset,0,1,0.05606738029774809,0.05207350577936155,0.003993874518386541,0.039938745183865414,0.0,0.0,0,0,-0.0018450702215889602,-0.005133477881979541,0.002431619371909141,-0.010762107162888276,-0.0018450702215889602,-0.005133477881979541,0.009399879343821877,1.0356694544213731e-05,0.05718813824976203,0.29612046627603417
global_compatible,97,12,0,0,certified_reset,0,1,0.05207350577936155,0.048079631260975,0.003993874518386541,0.03594487066547887,0.0,0.0,0,0,0.002431619371909141,-0.010762107162888276,-0.010615053436913937,0.006146602804535958,0.002431619371909141,-0.010762107162888276,0.01343659794806076,3.127445798567797e-05,0.05718813824976203,0.29612046627603417
global_compatible,97,13,0,0,certified_reset,0,1,0.048079631260975,0.04408575674258846,0.003993874518386541,0.03195099614709233,0.0,0.0,0,0,-0.010615053436913937,0.006146602804535958,-0.007298570274508703,0.012207571436928116,-0.010615053436913937,0.006146602804535958,0.0015096861739088414,0.00011953686896374193,0.05718813824976203,0.29612046627603417
global_compatible,97,14,0,0,certified_reset,0,1,0.04408575674258846,0.040091882224201916,0.003993874518386541,0.027957121628705783,0.0,0.0,0,0,-0.007298570274508703,0.012207571436928116,-0.010329703704331433,-0.004048647271400926,-0.007298570274508703,0.012207571436928116,-0.010713719475714412,8.296318674683616e-05,0.05718813824976203,0.29612046627603417
global_compatible,97,15,0,0,certified_reset,0,1,0.040091882224201916,0.03609800770581537,0.003993874518386541,0.023963247110319243,0.0,0.0,0,0,-0.010329703704331433,-0.004048647271400926,-0.00831826207222728,0.024506571324603075,-0.010329703704331433,-0.004048647271400926,0.016251345126173277,0.00011625591213060841,0.05718813824976203,0.29612046627603417
global_compatible,97,16,2,2,certified_reset,0,1,0.03609800770581537,0.03210413318742883,0.003993874518386541,0.019969372591932703,0.0,0.0,0,0,-0.00831826207222728,0.024506571324603075,-0.08192783647872598,-0.01529170705536001,-0.00831826207222728,0.024506571324603075,-0.02781670274841197,0.000196640674552907,0.05718813824976203,0.29612046627603417
global_compatible,97,17,1,1,certified_reset,0,1,0.03210413318742883,0.02811025866904229,0.003993874518386541,0.015975498073546163,0.0,0.0,0,0,-0.08192783647872598,-0.01529170705536001,-0.013896986025133229,0.14270977972239549,-0.08192783647872598,-0.01529170705536001,0.10410494958124139,0.007025206938107735,0.05718813824976203,0.29612046627603417
global_compatible,97,18,1,1,certified_reset,0,1,0.02811025866904229,0.02411638415065575,0.003993874518386541,0.011981623555159623,0.0,0.0,0,0,-0.013896986025133229,0.14270977972239549,0.05081382908345197,-0.015306299217238452,-0.013896986025133229,0.14270977972239549,-0.19638625354598435,0.004823209856243075,0.05718813824976203,0.29612046627603417
global_compatible,97,19,0,0,certified_reset,0,1,0.02411638415065575,0.02012250963226921,0.003993874518386541,0.007987749036773082,0.0,0.0,0,0,0.05081382908345197,-0.015306299217238452,0.02896654255847752,-0.04353699320485704,0.05081382908345197,-0.015306299217238452,-0.02805503794294646,0.002643893258202748,0.05718813824976203,0.29612046627603417
global_compatible,97,20,0,0,certified_reset,0,1,0.02012250963226921,0.01612863511388267,0.003993874518386541,0.003993874518386541,0.0,0.0,0,0,0.02896654255847752,-0.04353699320485704,0.00525788976242602,-0.00813769993520354,0.02896654255847752,-0.04353699320485704,0.03529341681486848,0.0012113857794713483,0.05718813824976203,0.29612046627603417
global_compatible,97,21,0,0,certified_reset,0,1,0.01612863511388267,0.01213476059549613,0.003993874518386541,0.0,0.0,0.0,0,0,0.00525788976242602,-0.00813769993520354,-0.006263921722665697,-0.001429504313427485,0.00525788976242602,-0.00813769993520354,0.006757023413366357,4.070682773141798e-05,0.05718813824976203,0.29612046627603417
global_compatible,98,0,0,0,certified_reset,0,1,0.1,0.09600612548161347,0.003993874518386541,0.08387136488611735,0.0,0.0,0,0,0.3880754403470146,0.2029615181709411,0.24391252415832163,-0.47393289905602803,0.3880754403470146,0.2029615181709411,-0.6854134497374867,0.16976214534204093,0.05718813824976203,0.29612046627603417
global_compatible,98,1,0,0,certified_reset,0,1,0.09600612548161347,0.09201225096322693,0.003993874518386541,0.07987749036773081,0.0,0.0,0,0,0.24391252415832163,-0.47393289905602803,-0.0010077857399697701,-0.025457091514106085,0.24391252415832163,-0.47393289905602803,0.4552676598886094,0.10510526620017233,0.05718813824976203,0.29612046627603417
global_compatible,98,2,0,0,certified_reset,0,1,0.09201225096322693,0.0880183764448404,0.003993874518386541,0.07588361584934428,0.0,0.0,0,0,-0.0010077857399697701,-0.025457091514106085,-0.008706483245760595,-0.003451373838152475,-0.0010077857399697701,-0.025457091514106085,0.03850285320946088,0.0001547288062337817,0.05718813824976203,0.29612046627603417
global_compatible,98,3,0,0,certified_reset,0,1,0.0880183764448404,0.08402450192645386,0.003993874518386541,0.07188974133095774,0.0,0.0,0,0,-0.008706483245760595,-0.003451373838152475,-0.014035405589875524,0.011547614521708672,-0.008706483245760595,-0.003451373838152475,0.013753548595605288,8.267600962972485e-05,0.05718813824976203,0.29612046627603417
global_compatible,98,4,0,0,certified_reset,0,1,0.08402450192645386,0.08003062740806732,0.003993874518386541,0.0678958668125712,0.0,0.0,0,0,-0.014035405589875524,0.011547614521708672,-0.00959604228537415,0.004543287819110057,-0.014035405589875524,0.011547614521708672,-0.0030338697236081667,0.00022122525141536064,0.05718813824976203,0.29612046627603417
global_compatible,98,5,0,0,certified_reset,0,1,0.08003062740806732,0.07603675288968079,0.003993874518386541,0.06390199229418467,0.0,0.0,0,0,-0.00959604228537415,0.004543287819110057,0.007986588762853145,0.007498390249375754,-0.00959604228537415,0.004543287819110057,0.0028645132776077826,9.600462700793782e-05,0.05718813824976203,0.29612046627603417
global_compatible,98,6,0,0,certified_reset,0,1,0.07603675288968079,0.07204287837129425,0.003993874518386541,0.05990811777579813,0.0,0.0,0,0,0.007986588762853145,0.007498390249375754,-0.0009958589537342596,-0.013534781630864875,0.007986588762853145,0.007498390249375754,-0.01900013238588834,8.29313799737122e-05,0.05718813824976203,0.29612046627603417
global_compatible,98,7,0,0,certified_reset,0,1,0.07204287837129425,0.06804900385290771,0.003993874518386541,0.05591424325741159,0.0,0.0,0,0,-0.0009958589537342596,-0.013534781630864875,0.003878174230411582,0.015878788425536652,-0.0009958589537342596,-0.013534781630864875,0.02093184037169922,4.491954007252563e-05,0.05718813824976203,0.29612046627603417
global_compatible,98,8,0,0,certified_reset,0,1,0.06804900385290771,0.06405512933452118,0.003993874518386541,0.051920368739025044,0.0,0.0,0,0,0.003878174230411582,0.015878788425536652,0.007896292213291132,-0.01674997899944017,0.003878174230411582,0.015878788425536652,-0.027255286757259925,7.89959677022724e-05,0.05718813824976203,0.29612046627603417
global_compatible,98,9,0,0,certified_reset,0,1,0.06405512933452118,0.060061254816134634,0.003993874518386541,0.0479264942206385,0.0,0.0,0,0,0.007896292213291132,-0.01674997899944017,0.004321944726951179,-0.003386983542781908,0.007896292213291132,-0.01674997899944017,0.01681290646514415,0.00011991939967952793,0.05718813824976203,0.29612046627603417
global_compatible,98,10,0,0,certified_reset,0,1,0.060061254816134634,0.05606738029774809,0.003993874518386541,0.04393261970225196,0.0,0.0,0,0,0.004321944726951179,-0.003386983542781908,0.00278855100522251,-0.00706217758332427,0.004321944726951179,-0.003386983542781908,0.0006856725210885533,2.0755858246409088e-05,0.05718813824976203,0.29612046627603417
global_compatible,98,11,0,0,certified_reset,0,1,0.05606738029774809,0.05207350577936155,0.003993874518386541,0.039938745183865414,0.0,0.0,0,0,0.00278855100522251,-0.00706217758332427,-0.008627386039675647,0.00013590299533173432,0.00278855100522251,-0.00706217758332427,0.007623793256743616,1.8206455698580116e-05,0.05718813824976203,0.29612046627603417
global_compatible,98,12,0,0,certified_reset,0,1,0.05207350577936155,0.048079631260975,0.003993874518386541,0.03594487066547887,0.0,0.0,0,0,-0.008627386039675647,0.00013590299533173432,-0.004257378741321039,0.012229307406828892,-0.008627386039675647,0.00013590299533173432,0.008389527204762666,7.61947185779218e-05,0.05718813824976203,0.29612046627603417
global_compatible,98,13,0,0,certified_reset,0,1,0.048079631260975,0.04408575674258846,0.003993874518386541,0.03195099614709233,0.0,0.0,0,0,-0.004257378741321039,0.012229307406828892,0.0031451118159012896,-0.0037819061623787574,-0.004257378741321039,0.012229307406828892,-0.013773319628617005,4.978795482398307e-05,0.05718813824976203,0.29612046627603417
global_compatible,98,14,0,0,certified_reset,0,1,0.04408575674258846,0.040091882224201916,0.003993874518386541,0.027957121628705783,0.0,0.0,0,0,0.0031451118159012896,-0.0037819061623787574,-0.002199231248910088,-0.0010906814713535877,0.0031451118159012896,-0.0037819061623787574,0.002436081237194969,1.2614597189164158e-05,0.05718813824976203,0.29612046627603417
global_compatible,98,15,0,0,certified_reset,0,1,0.040091882224201916,0.03609800770581537,0.003993874518386541,0.023963247110319243,0.0,0.0,0,0,-0.002199231248910088,-0.0010906814713535877,-0.0028265650015742985,5.987796275225667e-05,-0.002199231248910088,-0.0010906814713535877,0.0038014532895307785,5.41201975694646e-06,0.05718813824976203,0.29612046627603417
global_compatible,98,16,0,0,certified_reset,0,1,0.03609800770581537,0.03210413318742883,0.003993874518386541,0.019969372591932703,0.0,0.0,0,0,-0.0028265650015742985,5.987796275225667e-05,0.0013747997441274213,0.002095764147916498,-0.0028265650015742985,5.987796275225667e-05,0.0027303712472962244,8.176488253502468e-06,0.05718813824976203,0.29612046627603417
global_compatible,98,17,0,0,certified_reset,0,1,0.03210413318742883,0.02811025866904229,0.003993874518386541,0.015975498073546163,0.0,0.0,0,0,0.0013747997441274213,0.002095764147916498,-0.0007764304742138763,0.004734890054443247,0.0013747997441274213,0.002095764147916498,-0.0044555113111325656,3.1769647880081684e-06,0.05718813824976203,0.29612046627603417
global_compatible,98,18,0,0,certified_reset,0,1,0.02811025866904229,0.02411638415065575,0.003993874518386541,0.011981623555159623,0.0,0.0,0,0,-0.0007764304742138763,0.004734890054443247,0.0026745443603290735,-0.004788722785475756,-0.0007764304742138763,0.004734890054443247,-0.00620181887515457,5.599861304273375e-06,0.05718813824976203,0.29612046627603417
global_compatible,98,19,0,0,certified_reset,0,1,0.02411638415065575,0.02012250963226921,0.003993874518386541,0.007987749036773082,0.0,0.0,0,0,0.0026745443603290735,-0.004788722785475756,-0.0031428116530036326,0.0003872997048039961,0.0026745443603290735,-0.004788722785475756,0.004387909797223398,1.1762267209986522e-05,0.05718813824976203,0.29612046627603417
global_compatible,98,20,0,0,certified_reset,0,1,0.02012250963226921,0.01612863511388267,0.003993874518386541,0.003993874518386541,0.0,0.0,0,0,-0.0031428116530036326,0.0003872997048039961,0.0018261209735872539,0.0019216155937508354,-0.0031428116530036326,0.0003872997048039961,0.002556385872444022,1.0067642995517636e-05,0.05718813824976203,0.29612046627603417
global_compatible,98,21,0,0,certified_reset,0,1,0.01612863511388267,0.01213476059549613,0.003993874518386541,0.0,0.0,0.0,0,0,0.0018261209735872539,0.0019216155937508354,-0.0003937250784395534,0.003975430915712733,0.0018261209735872539,0.0019216155937508354,-0.00464755207410881,4.539380485440435e-06,0.05718813824976203,0.29612046627603417
global_compatible,99,0,0,0,certified_reset,0,1,0.1,0.09600612548161347,0.003993874518386541,0.08387136488611735,0.0,0.0,0,0,5.127773613879926,-0.10148110117661713,4.2506328594487,-1.6408522200549618,5.127773613879926,-0.10148110117661713,-1.55,26.35597844970448,0.05718813824976203,0.29612046627603417
global_compatible,99,1,0,0,certified_reset,0,1,0.09600612548161347,0.09201225096322693,0.003993874518386541,0.07987749036773081,0.0,0.0,0,0,4.2506328594487,-1.6408522200549618,2.1722864319293,-2.4782812421241656,4.2506328594487,-1.6408522200549618,-0.8479579229362966,18.570486803252468,0.05718813824976203,0.29612046627603417
global_compatible,99,2,0,0,certified_reset,0,1,0.09201225096322693,0.0880183764448404,0.003993874518386541,0.07588361584934428,0.0,0.0,0,0,2.1722864319293,-2.4782812421241656,0.42469594002196537,-0.9957166410039137,2.1722864319293,-2.4782812421241656,1.4876553488574318,5.879694327980342,0.05718813824976203,0.29612046627603417
global_compatible,99,3,0,0,certified_reset,0,1,0.0880183764448404,0.08402450192645386,0.003993874518386541,0.07188974133095774,0.0,0.0,0,0,0.42469594002196537,-0.9957166410039137,-0.05471687837814667,0.04797100069904605,0.42469594002196537,-0.9957166410039137,1.0438869307393754,0.3860704328263337,0.05718813824976203,0.29612046627603417
global_compatible,99,4,0,0,certified_reset,0,1,0.08402450192645386,0.08003062740806732,0.003993874518386541,0.0678958668125712,0.0,0.0,0,0,-0.05471687837814667,0.04797100069904605,-0.020034244894619267,0.03791243637679619,-0.05471687837814667,0.04797100069904605,-0.016176191528549752,0.003414697552210321,0.05718813824976203,0.29612046627603417
global_compatible,99,5,0,0,certified_reset,0,1,0.08003062740806732,0.07603675288968079,0.003993874518386541,0.06390199229418467,0.0,0.0,0,0,-0.020034244894619267,0.03791243637679619,0.0024800333366981945,-0.011551401654287795,-0.020034244894619267,0.03791243637679619,-0.03590362908006004,0.0006923212427899729,0.05718813824976203,0.29612046627603417
global_compatible,99,6,0,0,certified_reset,0,1,0.07603675288968079,0.07204287837129425,0.003993874518386541,0.05990811777579813,0.0,0.0,0,0,0.0024800333366981945,-0.011551401654287795,0.002858488364229834,0.008945019597852995,0.0024800333366981945,-0.011551401654287795,0.014541388236048062,3.545514307908421e-05,0.05718813824976203,0.29612046627603417
global_compatible,99,7,0,0,certified_reset,0,1,0.07204287837129425,0.06804900385290771,0.003993874518386541,0.05591424325741159,0.0,0.0,0,0,0.002858488364229834,0.008945019597852995,0.0010105175016707386,-0.009184454523031573,0.002858488364229834,0.008945019597852995,-0.016024503820973455,2.899298140522252e-05,0.05718813824976203,0.29612046627603417
global_compatible,99,8,0,0,certified_reset,0,1,0.06804900385290771,0.06405512933452118,0.003993874518386541,0.051920368739025044,0.0,0.0,0,0,0.0010105175016707386,-0.009184454523031573,-0.008309071445384604,0.002195572535866431,0.0010105175016707386,-0.009184454523031573,0.012523157528437688,2.012563936264883e-05,0.05718813824976203,0.29612046627603417
global_compatible,99,9,0,0,certified_reset,0,1,0.06405512933452118,0.060061254816134634,0.003993874518386541,0.0479264942206385,0.0,0.0,0,0,-0.008309071445384604,0.002195572535866431,-0.01263160931591732,0.029978488817405002,-0.008309071445384604,0.002195572535866431,0.0050426167698933546,7.054406485855118e-05,0.05718813824976203,0.29612046627603417
global_compatible,99,10,0,0,certified_reset,0,1,0.060061254816134634,0.05606738029774809,0.003993874518386541,0.04393261970225196,0.0,0.0,0,0,-0.01263160931591732,0.029978488817405002,0.0026578760363088648,0.0018397246750813875,-0.01263160931591732,0.029978488817405002,-0.03158276217947848,0.00034626208810165646,0.05718813824976203,0.29612046627603417
global_compatible,99,11,0,0,certified_reset,0,1,0.05606738029774809,0.05207350577936155,0.003993874518386541,0.039938745183865414,0.0,0.0,0,0,0.0026578760363088648,0.0018397246750813875,-0.006645646416256078,0.002864918023312353,0.0026578760363088648,0.0018397246750813875,-0.005356849644959293,8.390926615771032e-06,0.05718813824976203,0.29612046627603417
global_compatible,99,12,0,0,certified_reset,0,1,0.05207350577936155,0.048079631260975,0.003993874518386541,0.03594487066547887,0.0,0.0,0,0,-0.006645646416256078,0.002864918023312353,-0.0027372399153266043,0.008014116080513738,-0.006645646416256078,0.002864918023312353,0.0023958668436945382,4.5785516688669114e-05,0.05718813824976203,0.29612046627603417
global_compatible,99,13,0,0,certified_reset,0,1,0.048079631260975,0.04408575674258846,0.003993874518386541,0.03195099614709233,0.0,0.0,0,0,-0.0027372399153266043,0.008014116080513738,-0.0016039324339542729,-0.0003523931074447984,-0.0027372399153266043,0.008014116080513738,-0.009078693450797969,2.111373940274704e-05,0.05718813824976203,0.29612046627603417
global_compatible,99,14,0,0,certified_reset,0,1,0.04408575674258846,0.040091882224201916,0.003993874518386541,0.027957121628705783,0.0,0.0,0,0,-0.0016039324339542729,-0.0003523931074447984,0.0015871618104798268,0.010111907643668995,-0.0016039324339542729,-0.0003523931074447984,0.0021114032827328397,2.7064024106402816e-06,0.05718813824976203,0.29612046627603417
global_compatible,99,15,0,0,certified_reset,0,1,0.040091882224201916,0.03609800770581537,0.003993874518386541,0.023963247110319243,0.0,0.0,0,0,0.0015871618104798268,0.010111907643668995,-0.0028818021797197045,-0.002551008783463304,0.0015871618104798268,0.010111907643668995,-0.016476446685219706,2.7711036711854246e-05,0.05718813824976203,0.29612046627603417
global_compatible,99,16,0,0,certified_reset,0,1,0.03609800770581537,0.03210413318742883,0.003993874518386541,0.019969372591932703,0.0,0.0,0,0,-0.0028818021797197045,-0.002551008783463304,0.0016584287060487255,0.014198856002643853,-0.0028818021797197045,-0.002551008783463304,0.006628438074777689,1.0574564832211551e-05,0.05718813824976203,0.29612046627603417
global_compatible,99,17,0,0,certified_reset,0,1,0.03210413318742883,0.02811025866904229,0.003993874518386541,0.015975498073546163,0.0,0.0,0,0,0.0016584287060487255,0.014198856002643853,-0.003733048979129277,-0.011299365929767217,0.0016584287060487255,0.014198856002643853,-0.02257038956501785,5.1775300022049886e-05,0.05718813824976203,0.29612046627603417
global_compatible,99,18,0,0,certified_reset,0,1,0.02811025866904229,0.02411638415065575,0.003993874518386541,0.011981623555159623,0.0,0.0,0,0,-0.003733048979129277,-0.011299365929767217,-0.01361387163825066,0.006440387284925178,-0.003733048979129277,-0.011299365929767217,0.020363783340845633,4.728436715406184e-05,0.05718813824976203,0.29612046627603417
global_compatible,99,19,0,0,certified_reset,0,1,0.02411638415065575,0.02012250963226921,0.003993874518386541,0.007987749036773082,0.0,0.0,0,0,-0.01361387163825066,0.006440387284925178,-0.005194086150941049,0.011069819256377166,-0.01361387163825066,0.006440387284925178,0.0040735766485781024,0.00019321849755893038,0.05718813824976203,0.29612046627603417
global_compatible,99,20,0,0,certified_reset,0,1,0.02012250963226921,0.01612863511388267,0.003993874518386541,0.003993874518386541,0.0,0.0,0,0,-0.005194086150941049,0.011069819256377166,0.009314347083055396,0.0037072621235577268,-0.005194086150941049,0.011069819256377166,-0.011133140339711082,5.213456299538473e-05,0.05718813824976203,0.29612046627603417
global_compatible,99,21,0,0,certified_reset,0,1,0.01612863511388267,0.01213476059549613,0.003993874518386541,0.0,0.0,0.0,0,0,0.009314347083055396,0.0037072621235577268,0.015303172730495375,-0.0031431121523121854,0.009314347083055396,0.0037072621235577268,-0.014734639055506434,9.465868392752178e-05,0.05718813824976203,0.29612046627603417
global_compatible,100,0,0,0,certified_reset,0,1,0.1,0.09600612548161347,0.003993874518386541,0.08387136488611735,0.0,0.0,0,0,-3.084567085254756,-0.31246597826125544,-2.625543152307689,1.2510720078080098,-3.084567085254756,-0.31246597826125544,1.5499999999999488,9.592190901199753,0.05718813824976203,0.29612046627603417
global_compatible,100,1,0,0,certified_reset,0,1,0.09600612548161347,0.09201225096322693,0.003993874518386541,0.07987749036773081,0.0,0.0,0,0,-2.625543152307689,1.2510720078080098,-1.1209377004567607,1.759187535980823,-2.625543152307689,1.2510720078080098,0.502063242544799,7.181511142487399,0.05718813824976203,0.29612046627603417
global_compatible,100,2,0,0,certified_reset,0,1,0.09201225096322693,0.0880183764448404,0.003993874518386541,0.07588361584934428,0.0,0.0,0,0,-1.1209377004567607,1.759187535980823,-0.10205012908280447,0.29108416421008426,-1.1209377004567607,1.759187535980823,-1.4752622488033074,1.8679646374889456,0.05718813824976203,0.29612046627603417
global_compatible,100,3,0,0,certified_reset,0,1,0.0880183764448404,0.08402450192645386,0.003993874518386541,0.07188974133095774,0.0,0.0,0,0,-0.10205012908280447,0.29108416421008426,0.02505937285141255,-0.041350080285926315,-0.10205012908280447,0.29108416421008426,-0.3271744513161731,0.02834170520336702,0.05718813824976203,0.29612046627603417
global_compatible,100,4,0,0,certified_reset,0,1,0.08402450192645386,0.08003062740806732,0.003993874518386541,0.0678958668125712,0.0,0.0,0,0,0.02505937285141255,-0.041350080285926315,0.0026302010598632077,-0.0019329249749624484,0.02505937285141255,-0.041350080285926315,0.03596059995598197,0.000968070531573426,0.05718813824976203,0.29612046627603417
global_compatible,100,5,0,0,certified_reset,0,1,0.08003062740806732,0.07603675288968079,0.003993874518386541,0.06390199229418467,0.0,0.0,0,0,0.0026302010598632077,-0.0019329249749624484,1.1892876918344038e-06,-0.002456435304212498,0.0026302010598632077,-0.0019329249749624484,0.00022940078493626615,7.5917890458988195e-06,0.05718813824976203,0.29612046627603417
global_compatible,100,6,0,0,certified_reset,0,1,0.07603675288968079,0.07204287837129425,0.003993874518386541,0.05990811777579813,0.0,0.0,0,0,1.1892876918344038e-06,-0.002456435304212498,-0.001712586842083667,0.005871935863030038,1.1892876918344038e-06,-0.002456435304212498,0.0036151029969682846,1.4128590490531194e-06,0.05718813824976203,0.29612046627603417
global_compatible,100,7,0,0,certified_reset,0,1,0.07204287837129425,0.06804900385290771,0.003993874518386541,0.05591424325741159,0.0,0.0,0,0,-0.001712586842083667,0.005871935863030038,0.01789288672208897,-0.00533864342160808,-0.001712586842083667,0.005871935863030038,-0.006940309710954118,1.0343484704094106e-05,0.05718813824976203,0.29612046627603417
global_compatible,100,8,0,0,certified_reset,0,1,0.06804900385290771,0.06405512933452118,0.003993874518386541,0.051920368739025044,0.0,0.0,0,0,0.01789288672208897,-0.00533864342160808,0.013616739057254641,-0.015388599111209746,0.01789288672208897,-0.00533864342160808,-0.009952896313973938,0.0003277620993203799,0.05718813824976203,0.29612046627603417
global_compatible,100,9,0,0,certified_reset,0,1,0.06405512933452118,0.060061254816134634,0.003993874518386541,0.0479264942206385,0.0,0.0,0,0,0.013616739057254641,-0.015388599111209746,-0.004155363053254423,0.0012129245287712366,0.013616739057254641,-0.015388599111209746,0.009110158066866905,0.0002301160739224411,0.05718813824976203,0.29612046627603417
global_compatible,100,10,1,1,certified_reset,0,1,0.060061254816134634,0.05606738029774809,0.003993874518386541,0.04393261970225196,0.0,0.0,0,0,-0.004155363053254423,0.0012129245287712366,0.0017965136080305148,0.012733897482545279,-0.004155363053254423,0.0012129245287712366,0.002352462341635584,1.7670207545321348e-05,0.05718813824976203,0.29612046627603417
global_compatible,100,11,1,1,certified_reset,0,1,0.05606738029774809,0.05207350577936155,0.003993874518386541,0.039938745183865414,0.0,0.0,0,0,0.0017965136080305148,0.012733897482545279,0.02825663972315523,0.009753459423103544,0.0017965136080305148,0.012733897482545279,-0.02054847727013837,4.297084521414879e-05,0.05718813824976203,0.29612046627603417
global_compatible,100,12,1,1,certified_reset,0,1,0.05207350577936155,0.048079631260975,0.003993874518386541,0.03594487066547887,0.0,0.0,0,0,0.02825663972315523,0.009753459423103544,0.02020503567213792,-0.03856638953556855,0.02825663972315523,0.009753459423103544,-0.04250652802698539,0.0008607312062961794,0.05718813824976203,0.29612046627603417
global_compatible,100,13,0,0,certified_reset,0,1,0.048079631260975,0.04408575674258846,0.003993874518386541,0.03195099614709233,0.0,0.0,0,0,0.02020503567213792,-0.03856638953556855,0.0032692746850636165,-0.009193440496865681,0.02020503567213792,-0.03856638953556855,0.036692531838053224,0.0007096279661551876,0.05718813824976203,0.29612046627603417
global_compatible,100,14,0,0,certified_reset,0,1,0.04408575674258846,0.040091882224201916,0.003993874518386541,0.027957121628705783,0.0,0.0,0,0,0.0032692746850636165,-0.009193440496865681,-0.003689062306096914,-0.008302544936159223,0.0032692746850636165,-0.009193440496865681,0.010282895736176348,2.8545088254918434e-05,0.05718813824976203,0.29612046627603417
global_compatible,100,15,0,0,certified_reset,0,1,0.040091882224201916,0.03609800770581537,0.003993874518386541,0.023963247110319243,0.0,0.0,0,0,-0.003689062306096914,-0.008302544936159223,-0.006848361237319252,-0.003570168010067456,-0.003689062306096914,-0.008302544936159223,0.015902756578846836,3.233942780346626e-05,0.05718813824976203,0.29612046627603417
global_compatible,100,16,0,0,certified_reset,0,1,0.03609800770581537,0.03210413318742883,0.003993874518386541,0.019969372591932703,0.0,0.0,0,0,-0.006848361237319252,-0.003570168010067456,-0.004924436573080743,0.014813781342294583,-0.006848361237319252,-0.003570168010067456,0.012081363797936253,5.2843333348888615e-05,0.05718813824976203,0.29612046627603417
global_compatible,100,17,0,0,certified_reset,0,1,0.03210413318742883,0.02811025866904229,0.003993874518386541,0.015975498073546163,0.0,0.0,0,0,-0.004924436573080743,0.014813781342294583,-0.0011780971794390503,0.00866515487695365,-0.004924436573080743,0.014813781342294583,-0.016919698731340166,7.090764186959479e-05,0.05718813824976203,0.29612046627603417
global_compatible,100,18,0,0,certified_reset,0,1,0.02811025866904229,0.02411638415065575,0.003993874518386541,0.011981623555159623,0.0,0.0,0,0,-0.0011780971794390503,0.00866515487695365,0.008893015969321339,-0.0046073863459863635,-0.0011780971794390503,0.00866515487695365,-0.011591744808281134,1.8262410284196912e-05,0.05718813824976203,0.29612046627603417
global_compatible,100,19,0,0,certified_reset,0,1,0.02411638415065575,0.02012250963226921,0.003993874518386541,0.007987749036773082,0.0,0.0,0,0,0.008893015969321339,-0.0046073863459863635,0.007506685547394291,-0.013500413298548727,0.008893015969321339,-0.0046073863459863635,-0.0020650699948972034,8.301338749211266e-05,0.05718813824976203,0.29612046627603417
global_compatible,100,20,0,0,certified_reset,0,1,0.02012250963226921,0.01612863511388267,0.003993874518386541,0.003993874518386541,0.0,0.0,0,0,0.007506685547394291,-0.013500413298548727,0.005516322270205309,-0.01114984370313772,0.007506685547394291,-0.013500413298548727,0.012411536409325739,9.300849247015241e-05,0.05718813824976203,0.29612046627603417
global_compatible,100,21,0,0,certified_reset,0,1,0.01612863511388267,0.01213476059549613,0.003993874518386541,0.0,0.0,0.0,0,0,0.005516322270205309,-0.01114984370313772,0.002810314577794303,0.009318216892826525,0.005516322270205309,-0.01114984370313772,0.010929811978149274,5.579375376449741e-05,0.05718813824976203,0.29612046627603417
global_compatible,101,0,0,0,certified_reset,0,1,0.1,0.09600612548161347,0.003993874518386541,0.08387136488611735,0.0,0.0,0,0,1.3746149611135845,-0.5208147520694453,0.5565405546476487,-1.1134969159861186,1.3746149611135845,-0.5208147520694453,-0.6015808709017033,1.9474384209983413,0.05718813824976203,0.29612046627603417
global_compatible,101,1,0,0,certified_reset,0,1,0.09600612548161347,0.09201225096322693,0.003993874518386541,0.07987749036773081,0.0,0.0,0,0,0.5565405546476487,-1.1134969159861186,-0.01881325069088325,-0.031281958846708036,0.5565405546476487,-1.1134969159861186,1.0861020514209951,0.5624053993639423,0.05718813824976203,0.29612046627603417
global_compatible,101,2,0,0,certified_reset,0,1,0.09201225096322693,0.0880183764448404,0.003993874518386541,0.07588361584934428,0.0,0.0,0,0,-0.01881325069088325,-0.031281958846708036,-0.026020609546845083,0.03415110840432032,-0.01881325069088325,-0.031281958846708036,0.06481512370089333,0.0006351043789387561,0.05718813824976203,0.29612046627603417
global_compatible,101,3,0,0,certified_reset,0,1,0.0880183764448404,0.08402450192645386,0.003993874518386541,0.07188974133095774,0.0,0.0,0,0,-0.026020609546845083,0.03415110840432032,-0.0070713806921325825,0.009274036567842281,-0.026020609546845083,0.03415110840432032,-0.024399924319568913,0.0009018897058032377,0.05718813824976203,0.29612046627603417
global_compatible,101,4,0,0,certified_reset,0,1,0.08402450192645386,0.08003062740806732,0.003993874518386541,0.0678958668125712,0.0,0.0,0,0,-0.0070713806921325825,0.009274036567842281,-0.0027658301282553156,0.002729183797041632,-0.0070713806921325825,0.009274036567842281,-0.006616229961184331,6.658018313264895e-05,0.05718813824976203,0.29612046627603417
global_compatible,101,5,0,0,certified_reset,0,1,0.08003062740806732,0.07603675288968079,0.003993874518386541,0.06390199229418467,0.0,0.0,0,0,-0.0027658301282553156,0.002729183797041632,0.0001342676011747379,-0.005462285266732271,-0.0027658301282553156,0.002729183797041632,-0.0012643016783090665,9.030497722355418e-06,0.05718813824976203,0.29612046627603417
global_compatible,101,6,0,0,certified_reset,0,1,0.07603675288968079,0.07204287837129425,0.003993874518386541,0.05990811777579813,0.0,0.0,0,0,0.0001342676011747379,-0.005462285266732271,0.0006447248110499921,0.0009561355363403256,0.0001342676011747379,-0.005462285266732271,0.007909691989453198,6.952689333254598e-06,0.05718813824976203,0.29612046627603417
global_compatible,101,7,0,0,certified_reset,0,1,0.07204287837129425,0.06804900385290771,0.003993874518386541,0.05591424325741159,0.0,0.0,0,0,0.0006447248110499921,0.0009561355363403256,0.005647528329238082,0.004070115829924152,0.0006447248110499921,0.0009561355363403256,-0.0020454142387238265,6.848181966763066e-07,0.05718813824976203,0.29612046627603417
global_compatible,101,8,0,0,certified_reset,0,1,0.06804900385290771,0.06405512933452118,0.003993874518386541,0.051920368739025044,0.0,0.0,0,0,0.005647528329238082,0.004070115829924152,0.0024070393683278297,-0.006935226122808379,0.005647528329238082,0.004070115829924152,-0.011617877183193053,3.8250804702060474e-05,0.05718813824976203,0.29612046627603417
global_compatible,101,9,0,0,certified_reset,0,1,0.06405512933452118,0.060061254816134634,0.003993874518386541,0.0479264942206385,0.0,0.0,0,0,0.0024070393683278297,-0.006935226122808379,-0.006857854339060659,0.004604280024967598,0.0024070393683278297,-0.006935226122808379,0.007819020248012086,1.5979790509057686e-05,0.05718813824976203,0.29612046627603417
global_compatible,101,10,0,0,certified_reset,0,1,0.060061254816134634,0.05606738029774809,0.003993874518386541,0.04393261970225196,0.0,0.0,0,0,-0.006857854339060659,0.004604280024967598,-0.003820479266812891,0.0027693014903923435,-0.006857854339060659,0.004604280024967598,4.7169739899673026e-05,5.084611277907898e-05,0.05718813824976203,0.29612046627603417
global_compatible,101,11,0,0,certified_reset,0,1,0.05606738029774809,0.05207350577936155,0.003993874518386541,0.039938745183865414,0.0,0.0,0,0,-0.003820479266812891,0.0027693014903923435,0.00037886309815739704,0.0062184304884628765,-0.003820479266812891,0.0027693014903923435,-0.00027359249898919574,1.597835868357881e-05,0.05718813824976203,0.29612046627603417
global_compatible,101,12,0,0,certified_reset,0,1,0.05207350577936155,0.048079631260975,0.003993874518386541,0.03594487066547887,0.0,0.0,0,0,0.00037886309815739704,0.0062184304884628765,-0.0006068120684279265,-0.005172736806150096,0.00037886309815739704,0.0062184304884628765,-0.009533400947644915,9.376078581031383e-06,0.05718813824976203,0.29612046627603417
global_compatible,101,13,0,0,certified_reset,0,1,0.048079631260975,0.04408575674258846,0.003993874518386541,0.03195099614709233,0.0,0.0,0,0,-0.0006068120684279265,-0.005172736806150096,-0.010336059520614161,0.004400427675196444,-0.0006068120684279265,-0.005172736806150096,0.008223891024770905,6.875327567898446e-06,0.05718813824976203,0.29612046627603417
global_compatible,101,14,0,0,certified_reset,0,1,0.04408575674258846,0.040091882224201916,0.003993874518386541,0.027957121628705783,0.0,0.0,0,0,-0.010336059520614161,0.004400427675196444,-0.009821176529546956,0.002379168214715204,-0.010336059520614161,0.004400427675196444,0.0038082068298655003,0.00011068216486558875,0.05718813824976203,0.29612046627603417
global_compatible,101,15,0,0,certified_reset,0,1,0.040091882224201916,0.03609800770581537,0.003993874518386541,0.023963247110319243,0.0,0.0,0,0,-0.009821176529546956,0.002379168214715204,-0.005348373171786129,0.0021618633962816377,-0.009821176529546956,0.002379168214715204,0.0062744726387288525,9.84586130477819e-05,0.05718813824976203,0.29612046627603417
global_compatible,101,16,0,0,certified_reset,0,1,0.03609800770581537,0.03210413318742883,0.003993874518386541,0.019969372591932703,0.0,0.0,0,0,-0.005348373171786129,0.0021618633962816377,-0.0029702356526994027,0.009414367369856926,-0.005348373171786129,0.0021618633962816377,0.0021417996813811735,2.9561035833513552e-05,0.05718813824976203,0.29612046627603417
global_compatible,101,17,0,0,certified_reset,0,1,0.03210413318742883,0.02811025866904229,0.003993874518386541,0.015975498073546163,0.0,0.0,0,0,-0.0029702356526994027,0.009414367369856926,0.008688003764848937,0.0011942200375968486,-0.0029702356526994027,0.009414367369856926,-0.010909380795269291,2.7751120901404233e-05,0.05718813824976203,0.29612046627603417
global_compatible,101,18,1,1,certified_reset,0,1,0.02811025866904229,0.02411638415065575,0.003993874518386541,0.011981623555159623,0.0,0.0,0,0,0.008688003764848937,0.0011942200375968486,0.029467906750518438,0.00996564263848432,0.008688003764848937,0.0011942200375968486,-0.010405991593946144,7.844523501403686e-05,0.05718813824976203,0.29612046627603417
global_compatible,101,19,1,1,certified_reset,0,1,0.02411638415065575,0.02012250963226921,0.003993874518386541,0.007987749036773082,0.0,0.0,0,0,0.029467906750518438,0.00996564263848432,0.00031440570875197055,-0.05647660130570127,0.029467906750518438,0.00996564263848432,-0.04402533132291623,0.0009346897991851995,0.05718813824976203,0.29612046627603417
global_compatible,101,20,1,1,certified_reset,0,1,0.02012250963226921,0.01612863511388267,0.003993874518386541,0.003993874518386541,0.0,0.0,0,0,0.00031440570875197055,-0.05647660130570127,-0.02450750181525341,0.0042549472509743475,0.00031440570875197055,-0.05647660130570127,0.08288547800857907,0.0007459780816752267,0.05718813824976203,0.29612046627603417
global_compatible,101,21,0,0,certified_reset,0,1,0.01612863511388267,0.01213476059549613,0.003993874518386541,0.0,0.0,0.0,0,0,-0.02450750181525341,0.0042549472509743475,-0.008353755172969596,0.019342993633924246,-0.02450750181525341,0.0042549472509743475,0.018139828186340374,0.0006121028030899413,0.05718813824976203,0.29612046627603417
global_compatible,102,0,1,1,certified_reset,0,1,0.1,0.09600612548161347,0.003993874518386541,0.08387136488611735,0.0,0.0,0,0,-4.781051679486604,-0.5350276737597844,-4.517837537438585,1.0674230712457755,-4.781051679486604,-0.5350276737597844,1.55,22.970043492025656,0.05718813824976203,0.29612046627603417
global_compatible,102,1,1,1,certified_reset,0,1,0.09600612548161347,0.09201225096322693,0.003993874518386541,0.07987749036773081,0.0,0.0,0,0,-4.517837537438585,1.0674230712457755,-2.6591877151696535,2.649938868543444,-4.517837537438585,1.0674230712457755,1.5499999999999994,20.67600907703414,0.05718813824976203,0.29612046627603417
global_compatible,102,2,0,0,certified_reset,0,1,0.09201225096322693,0.0880183764448404,0.003993874518386541,0.07588361584934428,0.0,0.0,0,0,-2.6591877151696535,2.649938868543444,-0.6520584716445466,1.3487946525081194,-2.6591877151696535,2.649938868543444,-1.292932089137221,8.377062820450337,0.05718813824976203,0.29612046627603417
global_compatible,102,3,0,0,certified_reset,0,1,0.0880183764448404,0.08402450192645386,0.003993874518386541,0.07188974133095774,0.0,0.0,0,0,-0.6520584716445466,1.3487946525081194,0.029456286817102408,0.016108408211678887,-0.6520584716445466,1.3487946525081194,-1.3376069658559928,0.7973745229552935,0.05718813824976203,0.29612046627603417
global_compatible,102,4,0,0,certified_reset,0,1,0.08402450192645386,0.08003062740806732,0.003993874518386541,0.0678958668125712,0.0,0.0,0,0,0.029456286817102408,0.016108408211678887,0.020987665819745847,-0.04720833508024258,0.029456286817102408,0.016108408211678887,-0.05305916258871893,0.0009847612481373388,0.05718813824976203,0.29612046627603417
global_compatible,102,5,0,0,certified_reset,0,1,0.08003062740806732,0.07603675288968079,0.003993874518386541,0.06390199229418467,0.0,0.0,0,0,0.020987665819745847,-0.04720833508024258,0.002713966710813076,-0.006683442116886535,0.020987665819745847,-0.04720833508024258,0.04864381598781023,0.0009007904795964498,0.05718813824976203,0.29612046627603417
global_compatible,102,6,0,0,certified_reset,0,1,0.07603675288968079,0.07204287837129425,0.003993874518386541,0.05990811777579813,0.0,0.0,0,0,0.002713966710813076,-0.006683442116886535,-0.005584617184720148,0.005073376991117526,0.002713966710813076,-0.006683442116886535,0.00714807290514928,1.6683300699193877e-05,0.05718813824976203,0.29612046627603417
global_compatible,102,7,0,0,certified_reset,0,1,0.07204287837129425,0.06804900385290771,0.003993874518386541,0.05591424325741159,0.0,0.0,0,0,-0.005584617184720148,0.005073376991117526,0.0007288981657476161,0.014590623043499411,-0.005584617184720148,0.005073376991117526,-0.0019166980353554873,3.5912840120760114e-05,0.05718813824976203,0.29612046627603417
global_compatible,102,8,0,0,certified_reset,0,1,0.06804900385290771,0.06405512933452118,0.003993874518386541,0.051920368739025044,0.0,0.0,0,0,0.0007288981657476161,0.014590623043499411,0.0016313673976754007,-0.009727685441472001,0.0007288981657476161,0.014590623043499411,-0.022219585863172967,5.1193572977852416e-05,0.05718813824976203,0.29612046627603417
global_compatible,102,9,0,0,certified_reset,0,1,0.06405512933452118,0.060061254816134634,0.003993874518386541,0.0479264942206385,0.0,0.0,0,0,0.0016313673976754007,-0.009727685441472001,-0.0036043890743267318,0.010749773969854033,0.0016313673976754007,-0.009727685441472001,0.012707567916667887,2.3731432173797122e-05,0.05718813824976203,0.29612046627603417
global_compatible,102,10,0,0,certified_reset,0,1,0.060061254816134634,0.05606738029774809,0.003993874518386541,0.04393261970225196,0.0,0.0,0,0,-0.0036043890743267318,0.010749773969854033,-0.0009787862738500188,0.0051428481668659,-0.0036043890743267318,0.010749773969854033,-0.01224681229861827,3.7541606158596846e-05,0.05718813824976203,0.29612046627603417
global_compatible,102,11,0,0,certified_reset,0,1,0.05606738029774809,0.05207350577936155,0.003993874518386541,0.039938745183865414,0.0,0.0,0,0,-0.0009787862738500188,0.0051428481668659,-0.002410034095725242,-0.00025421333297409067,-0.0009787862738500188,0.0051428481668659,-0.006604096796969238,6.8091746406091584e-06,0.05718813824976203,0.29612046627603417
global_compatible,102,12,0,0,certified_reset,0,1,0.05207350577936155,0.048079631260975,0.003993874518386541,0.03594487066547887,0.0,0.0,0,0,-0.002410034095725242,-0.00025421333297409067,0.0031455902217054953,-0.004498916979799713,-0.002410034095725242,-0.00025421333297409067,0.0027705482146986784,6.01179517316656e-06,0.05718813824976203,0.29612046627603417
global_compatible,102,13,0,0,certified_reset,0,1,0.048079631260975,0.04408575674258846,0.003993874518386541,0.03195099614709233,0.0,0.0,0,0,0.0031455902217054953,-0.004498916979799713,-0.003325552206713113,0.0008277633802347573,0.0031455902217054953,-0.004498916979799713,0.0034981723947166855,1.3843913813871604e-05,0.05718813824976203,0.29612046627603417
global_compatible,102,14,0,0,certified_reset,0,1,0.04408575674258846,0.040091882224201916,0.003993874518386541,0.027957121628705783,0.0,0.0,0,0,-0.003325552206713113,0.0008277633802347573,-0.005818880881079234,0.00576223285261243,-0.003325552206713113,0.0008277633802347573,0.0020907394475990276,1.1291911863976503e-05,0.05718813824976203,0.29612046627603417
global_compatible,102,15,0,0,certified_reset,0,1,0.040091882224201916,0.03609800770581537,0.003993874518386541,0.023963247110319243,0.0,0.0,0,0,-0.005818880881079234,0.00576223285261243,-0.008694893312736863,-0.0015219163345417757,-0.005818880881079234,0.00576223285261243,-0.0026945499226123507,4.001748863091638e-05,0.05718813824976203,0.29612046627603417
global_compatible,102,16,0,0,certified_reset,0,1,0.03609800770581537,0.03210413318742883,0.003993874518386541,0.019969372591932703,0.0,0.0,0,0,-0.008694893312736863,-0.0015219163345417757,-0.006830794098570722,-0.0017761642535632314,-0.008694893312736863,-0.0015219163345417757,0.010898669205592333,7.898761576048148e-05,0.05718813824976203,0.29612046627603417
global_compatible,102,17,0,0,certified_reset,0,1,0.03210413318742883,0.02811025866904229,0.003993874518386541,0.015975498073546163,0.0,0.0,0,0,-0.006830794098570722,-0.0017761642535632314,-0.008569514272795242,0.005034487488213902,-0.006830794098570722,-0.0017761642535632314,0.009419577476859285,4.944581571514692e-05,0.05718813824976203,0.29612046627603417
global_compatible,102,18,0,0,certified_reset,0,1,0.02811025866904229,0.02411638415065575,0.003993874518386541,0.011981623555159623,0.0,0.0,0,0,-0.008569514272795242,0.005034487488213902,-0.008780360356605725,0.0084021377818866,-0.008569514272795242,0.005034487488213902,0.0011201464968018176,7.803023464441562e-05,0.05718813824976203,0.29612046627603417
global_compatible,102,19,0,0,certified_reset,0,1,0.02411638415065575,0.02012250963226921,0.003993874518386541,0.007987749036773082,0.0,0.0,0,0,-0.008780360356605725,0.0084021377818866,0.005856723614819578,0.006999270788184252,-0.008780360356605725,0.0084021377818866,-0.0036318364973238343,9.013174937548088e-05,0.05718813824976203,0.29612046627603417
global_compatible,102,20,0,0,certified_reset,0,1,0.02012250963226921,0.01612863511388267,0.003993874518386541,0.003993874518386541,0.0,0.0,0,0,0.005856723614819578,0.006999270788184252,0.013139967076874707,-0.021440541925809548,0.005856723614819578,0.006999270788184252,-0.016142617641330383,4.9633976590179375e-05,0.05718813824976203,0.29612046627603417
global_compatible,102,21,0,0,certified_reset,0,1,0.01612863511388267,0.01213476059549613,0.003993874518386541,0.0,0.0,0.0,0,0,0.013139967076874707,-0.021440541925809548,-0.004315066596437665,-0.002361306472575859,0.013139967076874707,-0.021440541925809548,0.01849655636559558,0.000263957230569024,0.05718813824976203,0.29612046627603417
global_compatible,103,0,2,2,certified_reset,0,1,0.1,0.09600612548161347,0.003993874518386541,0.08387136488611735,0.0,0.0,0,0,5.734573874645747,-0.4102070306672899,4.542049518413657,-1.9369674247682769,5.734573874645747,-0.4102070306672899,-1.5499999999997476,32.97568858921111,0.05718813824976203,0.29612046627603417
global_compatible,103,1,0,0,certified_reset,0,1,0.09600612548161347,0.09201225096322693,0.003993874518386541,0.07987749036773081,0.0,0.0,0,0,4.542049518413657,-1.9369674247682769,2.300722898536771,-2.552834352102119,4.542049518413657,-1.9369674247682769,-0.6143110702070083,21.31497998482663,0.05718813824976203,0.29612046627603417
global_compatible,103,2,0,0,certified_reset,0,1,0.09201225096322693,0.0880183764448404,0.003993874518386541,0.07588361584934428,0.0,0.0,0,0,2.300722898536771,-2.552834352102119,0.4794529959471896,-1.0790174182091137,2.300722898536771,-2.552834352102119,1.469588555814978,6.520371500205076,0.05718813824976203,0.29612046627603417
global_compatible,103,3,0,0,certified_reset,0,1,0.0880183764448404,0.08402450192645386,0.003993874518386541,0.07188974133095774,0.0,0.0,0,0,0.4794529959471896,-1.0790174182091137,-0.051507119171968936,0.026648440229489503,0.4794529959471896,-1.0790174182091137,1.112071538672823,0.47036289898464834,0.05718813824976203,0.29612046627603417
global_compatible,103,4,0,0,certified_reset,0,1,0.08402450192645386,0.08003062740806732,0.003993874518386541,0.0678958668125712,0.0,0.0,0,0,-0.051507119171968936,0.026648440229489503,-0.024614378189904043,0.0390568356574149,-0.051507119171968936,0.026648440229489503,0.012032139507888435,0.0027844277209234836,0.05718813824976203,0.29612046627603417
global_compatible,103,5,0,0,certified_reset,0,1,0.08003062740806732,0.07603675288968079,0.003993874518386541,0.06390199229418467,0.0,0.0,0,0,-0.024614378189904043,0.0390568356574149,0.0024389423981626404,-0.003284397851798543,-0.024614378189904043,0.0390568356574149,-0.033026097271699695,0.0009077142452832749,0.05718813824976203,0.29612046627603417
global_compatible,103,6,0,0,certified_reset,0,1,0.07603675288968079,0.07204287837129425,0.003993874518386541,0.05990811777579813,0.0,0.0,0,0,0.0024389423981626404,-0.003284397851798543,-0.002328525598165104,0.01004770576865715,0.0024389423981626404,-0.003284397851798543,0.002407160858063757,8.035009071271986e-06,0.05718813824976203,0.29612046627603417
global_compatible,103,7,0,0,certified_reset,0,1,0.07204287837129425,0.06804900385290771,0.003993874518386541,0.05591424325741159,0.0,0.0,0,0,-0.002328525598165104,0.01004770576865715,-0.00585082295717914,0.009958235687265162,-0.002328525598165104,0.01004770576865715,-0.012479861685212014,2.748785557179184e-05,0.05718813824976203,0.29612046627603417
global_compatible,103,8,0,0,certified_reset,0,1,0.06804900385290771,0.06405512933452118,0.003993874518386541,0.051920368739025044,0.0,0.0,0,0,-0.00585082295717914,0.009958235687265162,0.00024295490656188424,0.005253276508867337,-0.00585082295717914,0.009958235687265162,-0.00884410383017948,5.4037546030791204e-05,0.05718813824976203,0.29612046627603417
global_compatible,103,9,0,0,certified_reset,0,1,0.06405512933452118,0.060061254816134634,0.003993874518386541,0.0479264942206385,0.0,0.0,0,0,0.00024295490656188424,0.005253276508867337,0.004108025499715639,-0.006610741445088184,0.00024295490656188424,0.005253276508867337,-0.007976710818222009,6.6171695077121256e-06,0.05718813824976203,0.29612046627603417
global_compatible,103,10,0,0,certified_reset,0,1,0.060061254816134634,0.05606738029774809,0.003993874518386541,0.04393261970225196,0.0,0.0,0,0,0.004108025499715639,-0.006610741445088184,-0.0021344624317525336,-0.007387274152452045,0.004108025499715639,-0.006610741445088184,0.005645519909588117,2.553901332423801e-05,0.05718813824976203,0.29612046627603417
global_compatible,103,11,0,0,certified_reset,0,1,0.05606738029774809,0.05207350577936155,0.003993874518386541,0.039938745183865414,0.0,0.0,0,0,-0.0021344624317525336,-0.007387274152452045,-0.015554347079009906,0.00801660084730164,-0.0021344624317525336,-0.007387274152452045,0.013006274366316942,1.860793668748826e-05,0.05718813824976203,0.29612046627603417
global_compatible,103,12,0,0,certified_reset,0,1,0.05207350577936155,0.048079631260975,0.003993874518386541,0.03594487066547887,0.0,0.0,0,0,-0.015554347079009906,0.00801660084730164,0.0011289547433858942,0.012305933240952693,-0.015554347079009906,0.00801660084730164,0.003678788938188261,0.00025384391030168973,0.05718813824976203,0.29612046627603417
global_compatible,103,13,0,0,certified_reset,0,1,0.048079631260975,0.04408575674258846,0.003993874518386541,0.03195099614709233,0.0,0.0,0,0,0.0011289547433858942,0.012305933240952693,-0.004993704314926659,-0.011407891696396534,0.0011289547433858942,0.012305933240952693,-0.019253724848732612,3.78006655539223e-05,0.05718813824976203,0.29612046627603417
global_compatible,103,14,0,0,certified_reset,0,1,0.04408575674258846,0.040091882224201916,0.003993874518386541,0.027957121628705783,0.0,0.0,0,0,-0.004993704314926659,-0.011407891696396534,0.003022337693818678,0.02281131089420803,-0.004993704314926659,-0.011407891696396534,0.02178122609809424,6.022282677553301e-05,0.05718813824976203,0.29612046627603417
global_compatible,103,15,0,0,certified_reset,0,1,0.040091882224201916,0.03609800770581537,0.003993874518386541,0.023963247110319243,0.0,0.0,0,0,0.003022337693818678,0.02281131089420803,0.0073301334278883905,-0.02090461007030031,0.003022337693818678,0.02281131089420803,-0.036616492433663196,0.00013631777593728855,0.05718813824976203,0.29612046627603417
global_compatible,103,16,0,0,certified_reset,0,1,0.03609800770581537,0.03210413318742883,0.003993874518386541,0.019969372591932703,0.0,0.0,0,0,0.0073301334278883905,-0.02090461007030031,-0.01560267082023473,0.027533113595871836,0.0073301334278883905,-0.02090461007030031,0.023492959765669737,0.00014618932502886544,0.05718813824976203,0.29612046627603417
global_compatible,103,17,0,0,certified_reset,0,1,0.03210413318742883,0.02811025866904229,0.003993874518386541,0.015975498073546163,0.0,0.0,0,0,-0.01560267082023473,0.027533113595871836,-0.0036049087353959685,0.01167850040201063,-0.01560267082023473,0.027533113595871836,-0.025017186001909216,0.00039554284858193023,0.05718813824976203,0.29612046627603417
global_compatible,103,18,0,0,certified_reset,0,1,0.02811025866904229,0.02411638415065575,0.003993874518386541,0.011981623555159623,0.0,0.0,0,0,-0.0036049087353959685,0.01167850040201063,-0.007177985739671916,0.005404121047959545,-0.0036049087353959685,0.01167850040201063,-0.01361054525137337,4.217626743668345e-05,0.05718813824976203,0.29612046627603417
global_compatible,103,19,0,0,certified_reset,0,1,0.02411638415065575,0.02012250963226921,0.003993874518386541,0.007987749036773082,0.0,0.0,0,0,-0.007177985739671916,0.005404121047959545,-0.01130293817554508,0.010067495595724035,-0.007177985739671916,0.005404121047959545,-0.000814619466008883,5.6796883774973285e-05,0.05718813824976203,0.29612046627603417
global_compatible,103,20,0,0,certified_reset,0,1,0.02012250963226921,0.01612863511388267,0.003993874518386541,0.003993874518386541,0.0,0.0,0,0,-0.01130293817554508,0.010067495595724035,-0.003353480384101913,0.0035729990102409967,-0.01130293817554508,0.010067495595724035,-0.003576352378261114,0.0001463199729711178,0.05718813824976203,0.29612046627603417
global_compatible,103,21,0,0,certified_reset,0,1,0.01612863511388267,0.01213476059549613,0.003993874518386541,0.0,0.0,0.0,0,0,-0.003353480384101913,0.0035729990102409967,-0.008015375134447274,0.015831344552953857,-0.003353480384101913,0.0035729990102409967,-0.001923293833634958,1.3636245112711735e-05,0.05718813824976203,0.29612046627603417
global_compatible,104,0,0,0,certified_reset,0,1,0.1,0.09600612548161347,0.003993874518386541,0.08387136488611735,0.0,0.0,0,0,5.348417598747977,-0.5717547146007038,4.0103305202120545,-2.1328974522883963,5.348417598747977,-0.5717547146007038,-1.5499999999999396,28.724475932257334,0.05718813824976203,0.29612046627603417
global_compatible,104,1,0,0,certified_reset,0,1,0.09600612548161347,0.09201225096322693,0.003993874518386541,0.07987749036773081,0.0,0.0,0,0,4.0103305202120545,-2.1328974522883963,1.8056520339287836,-2.280910363021114,4.0103305202120545,-2.1328974522883963,-0.14670866545430153,16.902154244713373,0.05718813824976203,0.29612046627603417
global_compatible,104,2,0,0,certified_reset,0,1,0.09201225096322693,0.0880183764448404,0.003993874518386541,0.07588361584934428,0.0,0.0,0,0,1.8056520339287836,-2.280910363021114,0.2896703566753073,-0.7410805680525387,1.8056520339287836,-2.280910363021114,1.55,4.256901142775833,0.05718813824976203,0.29612046627603417
global_compatible,104,3,0,0,certified_reset,0,1,0.0880183764448404,0.08402450192645386,0.003993874518386541,0.07188974133095774,0.0,0.0,0,0,0.2896703566753073,-0.7410805680525387,-0.05182445826415418,0.06591250834966501,0.2896703566753073,-0.7410805680525387,0.8032380935598338,0.19889477491215388,0.05718813824976203,0.29612046627603417
global_compatible,104,4,0,0,certified_reset,0,1,0.08402450192645386,0.08003062740806732,0.003993874518386541,0.0678958668125712,0.0,0.0,0,0,-0.05182445826415418,0.06591250834966501,-0.00645038446285922,0.019002028640946474,-0.05182445826415418,0.06591250834966501,-0.045490250239159986,0.0035195111222936326,0.05718813824976203,0.29612046627603417
global_compatible,104,5,0,0,certified_reset,0,1,0.08003062740806732,0.07603675288968079,0.003993874518386541,0.06390199229418467,0.0,0.0,0,0,-0.00645038446285922,0.019002028640946474,0.006735736957321666,-0.008089521471407807,-0.00645038446285922,0.019002028640946474,-0.021570783419459165,0.000118233803796769,0.05718813824976203,0.29612046627603417
global_compatible,104,6,0,0,certified_reset,0,1,0.07603675288968079,0.07204287837129425,0.003993874518386541,0.05990811777579813,0.0,0.0,0,0,0.006735736957321666,-0.008089521471407807,-0.0017228827151794103,-0.0032686994080478597,0.006735736957321666,-0.008089521471407807,0.005210040268978395,5.782802972288458e-05,0.05718813824976203,0.29612046627603417
global_compatible,104,7,0,0,certified_reset,0,1,0.07204287837129425,0.06804900385290771,0.003993874518386541,0.05591424325741159,0.0,0.0,0,0,-0.0017228827151794103,-0.0032686994080478597,-0.0016233148809039401,-0.0017812820792508064,-0.0017228827151794103,-0.0032686994080478597,0.006527143469413892,5.956606144652825e-06,0.05718813824976203,0.29612046627603417
global_compatible,104,8,0,0,certified_reset,0,1,0.06804900385290771,0.06405512933452118,0.003993874518386541,0.051920368739025044,0.0,0.0,0,0,-0.0016233148809039401,-0.0017812820792508064,0.004429643259212922,-0.006206289641538668,-0.0016233148809039401,-0.0017812820792508064,0.004241536266203028,3.656050802256875e-06,0.05718813824976203,0.29612046627603417
global_compatible,104,9,0,0,certified_reset,0,1,0.06405512933452118,0.060061254816134634,0.003993874518386541,0.0479264942206385,0.0,0.0,0,0,0.004429643259212922,-0.006206289641538668,-0.0001247427467726504,0.002951320619632627,0.004429643259212922,-0.006206289641538668,0.004734673501022953,2.7115413333563337e-05,0.05718813824976203,0.29612046627603417
global_compatible,104,10,0,0,certified_reset,0,1,0.060061254816134634,0.05606738029774809,0.003993874518386541,0.04393261970225196,0.0,0.0,0,0,-0.0001247427467726504,0.002951320619632627,0.005902982960841305,0.0022718785227811736,-0.0001247427467726504,0.002951320619632627,-0.004221285765742958,2.0288949027503565e-06,0.05718813824976203,0.29612046627603417
global_compatible,104,11,0,0,certified_reset,0,1,0.05606738029774809,0.05207350577936155,0.003993874518386541,0.039938745183865414,0.0,0.0,0,0,0.005902982960841305,0.0022718785227811736,0.010229715967007034,-0.004457595762132624,0.005902982960841305,0.0022718785227811736,-0.00922377529861059,3.790121636897364e-05,0.05718813824976203,0.29612046627603417
global_compatible,104,12,1,1,certified_reset,0,1,0.05207350577936155,0.048079631260975,0.003993874518386541,0.03594487066547887,0.0,0.0,0,0,0.010229715967007034,-0.004457595762132624,0.03520414516739074,0.02216113706551363,0.010229715967007034,-0.004457595762132624,-0.0036193643162315174,0.0001085512125131238,0.05718813824976203,0.29612046627603417
global_compatible,104,13,1,1,certified_reset,0,1,0.048079631260975,0.04408575674258846,0.003993874518386541,0.03195099614709233,0.0,0.0,0,0,0.03520414516739074,0.02216113706551363,0.01772790966196118,-0.041319646793964535,0.03520414516739074,0.02216113706551363,-0.06770348240638714,0.0014423267545020867,0.05718813824976203,0.29612046627603417
global_compatible,104,14,1,1,certified_reset,0,1,0.04408575674258846,0.040091882224201916,0.003993874518386541,0.027957121628705783,0.0,0.0,0,0,0.01772790966196118,-0.041319646793964535,0.0023519270982520248,0.02200912709913554,0.01772790966196118,-0.041319646793964535,0.04321549542980437,0.0006682846351257797,0.05718813824976203,0.29612046627603417
global_compatible,104,15,1,1,certified_reset,0,1,0.040091882224201916,0.03609800770581537,0.003993874518386541,0.023963247110319243,0.0,0.0,0,0,0.0023519270982520248,0.02200912709913554,0.03325127900226278,-0.00675281343654076,0.0023519270982520248,0.02200912709913554,-0.034765474030156604,0.00012293981730889195,0.05718813824976203,0.29612046627603417
global_compatible,104,16,1,1,certified_reset,0,1,0.03609800770581537,0.03210413318742883,0.003993874518386541,0.019969372591932703,0.0,0.0,0,0,0.03325127900226278,-0.00675281343654076,0.030112148005831806,-0.04155496907540918,0.03325127900226278,-0.00675281343654076,-0.023166228192274808,0.0011272724965783062,0.05718813824976203,0.29612046627603417
global_compatible,104,17,1,1,certified_reset,0,1,0.03210413318742883,0.02811025866904229,0.003993874518386541,0.015975498073546163,0.0,0.0,0,0,0.030112148005831806,-0.04155496907540918,0.0006362897027733195,-0.0031369425158415433,0.030112148005831806,-0.04155496907540918,0.031232337869692896,0.0012419547126197653,0.05718813824976203,0.29612046627603417
global_compatible,104,18,1,1,certified_reset,0,1,0.02811025866904229,0.02411638415065575,0.003993874518386541,0.011981623555159623,0.0,0.0,0,0,0.0006362897027733195,-0.0031369425158415433,0.0026004793946932322,0.007220173437201488,0.0006362897027733195,-0.0031369425158415433,0.003993427070082958,2.574824582542112e-06,0.05718813824976203,0.29612046627603417
global_compatible,104,19,1,1,certified_reset,0,1,0.02411638415065575,0.02012250963226921,0.003993874518386541,0.007987749036773082,0.0,0.0,0,0,0.0026004793946932322,0.007220173437201488,0.009947028730398941,-0.029844681928145246,0.0026004793946932322,0.007220173437201488,-0.013222520548121723,2.05169321267502e-05,0.05718813824976203,0.29612046627603417
global_compatible,104,20,1,1,certified_reset,0,1,0.02012250963226921,0.01612863511388267,0.003993874518386541,0.003993874518386541,0.0,0.0,0,0,0.009947028730398941,-0.029844681928145246,0.01170440495820202,0.0005237169136324722,0.009947028730398941,-0.029844681928145246,0.034057713668465446,0.00028826848416205013,0.05718813824976203,0.29612046627603417
global_compatible,104,21,1,1,certified_reset,0,1,0.01612863511388267,0.01213476059549613,0.003993874518386541,0.0,0.0,0.0,0,0,0.01170440495820202,0.0005237169136324722,-0.004976331497369997,0.009489873202111932,0.01170440495820202,0.0005237169136324722,-0.012428371815046477,0.0001409040763679225,0.05718813824976203,0.29612046627603417
global_compatible,105,0,0,0,certified_reset,0,1,0.1,0.09600612548161347,0.003993874518386541,0.08387136488611735,0.0,0.0,0,0,0.5746085537763559,-0.5169642426545343,0.15174569109456534,-0.3376715575898315,0.5746085537763559,-0.5169642426545343,0.18936208986867856,0.3791768051729488,0.05718813824976203,0.29612046627603417
global_compatible,105,1,0,0,certified_reset,0,1,0.09600612548161347,0.09201225096322693,0.003993874518386541,0.07987749036773081,0.0,0.0,0,0,0.15174569109456534,-0.3376715575898315,-0.01180719430070561,0.010711149018333053,0.15174569109456534,-0.3376715575898315,0.34631761204651745,0.04654912652103302,0.05718813824976203,0.29612046627603417
global_compatible,105,2,1,1,certified_reset,0,1,0.09201225096322693,0.0880183764448404,0.003993874518386541,0.07588361584934428,0.0,0.0,0,0,-0.01180719430070561,0.010711149018333053,0.007569260013672497,-0.016747264974588817,-0.01180719430070561,0.010711149018333053,-0.004019951672399849,0.0001604650059335545,0.05718813824976203,0.29612046627603417
global_compatible,105,3,1,1,certified_reset,0,1,0.0880183764448404,0.08402450192645386,0.003993874518386541,0.07188974133095774,0.0,0.0,0,0,0.007569260013672497,-0.016747264974588817,-0.012818023248490096,0.021532656674537406,0.007569260013672497,-0.016747264974588817,0.017136743064730328,0.00011512015536948203,0.05718813824976203,0.29612046627603417
global_compatible,105,4,0,0,certified_reset,0,1,0.08402450192645386,0.08003062740806732,0.003993874518386541,0.0678958668125712,0.0,0.0,0,0,-0.012818023248490096,0.021532656674537406,0.004090048337222183,0.004101554515549328,-0.012818023248490096,0.021532656674537406,-0.01895648664966595,0.00025674338427473674,0.05718813824976203,0.29612046627603417
global_compatible,105,5,0,0,certified_reset,0,1,0.08003062740806732,0.07603675288968079,0.003993874518386541,0.06390199229418467,0.0,0.0,0,0,0.004090048337222183,0.004101554515549328,0.0036535364951544914,-0.006952656079549792,0.004090048337222183,0.004101554515549328,-0.010111823003334056,2.2312814412006993e-05,0.05718813824976203,0.29612046627603417
global_compatible,105,6,0,0,certified_reset,0,1,0.07603675288968079,0.07204287837129425,0.003993874518386541,0.05990811777579813,0.0,0.0,0,0,0.0036535364951544914,-0.006952656079549792,-0.008122477368016271,0.009629021352450686,0.0036535364951544914,-0.006952656079549792,0.00660000210241554,2.3138426396113125e-05,0.05718813824976203,0.29612046627603417
global_compatible,105,7,0,0,certified_reset,0,1,0.07204287837129425,0.06804900385290771,0.003993874518386541,0.05591424325741159,0.0,0.0,0,0,-0.008122477368016271,0.009629021352450686,-0.0004844234048240329,0.005727629521986754,-0.008122477368016271,0.009629021352450686,-0.006097697419372961,8.359343583646345e-05,0.05718813824976203,0.29612046627603417
global_compatible,105,8,0,0,certified_reset,0,1,0.06804900385290771,0.06405512933452118,0.003993874518386541,0.051920368739025044,0.0,0.0,0,0,-0.0004844234048240329,0.005727629521986754,0.0004531142400181858,-0.004161297507841817,-0.0004844234048240329,0.005727629521986754,-0.007952878748247646,7.720906234153694e-06,0.05718813824976203,0.29612046627603417
global_compatible,105,9,0,0,certified_reset,0,1,0.06405512933452118,0.060061254816134634,0.003993874518386541,0.0479264942206385,0.0,0.0,0,0,0.0004531142400181858,-0.004161297507841817,-0.002202569470119278,0.005244889245771343,0.0004531142400181858,-0.004161297507841817,0.005678097642558888,4.1282837862467705e-06,0.05718813824976203,0.29612046627603417
global_compatible,105,10,1,1,certified_reset,0,1,0.060061254816134634,0.05606738029774809,0.003993874518386541,0.04393261970225196,0.0,0.0,0,0,-0.002202569470119278,0.005244889245771343,-0.021534193001002403,-0.021406993564141986,-0.002202569470119278,0.005244889245771343,-0.0055295738168538245,1.0567312311675821e-05,0.05718813824976203,0.29612046627603417
global_compatible,105,11,0,0,certified_reset,0,1,0.05606738029774809,0.05207350577936155,0.003993874518386541,0.039938745183865414,0.0,0.0,0,0,-0.021534193001002403,-0.021406993564141986,-0.00995729046414167,0.03360445901878352,-0.021534193001002403,-0.021406993564141986,0.05298194299132505,0.0006163853125047602,0.05718813824976203,0.29612046627603417
global_compatible,105,12,0,0,certified_reset,0,1,0.05207350577936155,0.048079631260975,0.003993874518386541,0.03594487066547887,0.0,0.0,0,0,-0.00995729046414167,0.03360445901878352,0.0006485378396494145,-0.008915131599574813,-0.00995729046414167,0.03360445901878352,-0.03958905858978102,0.0003415967122580326,0.05718813824976203,0.29612046627603417
global_compatible,105,13,1,1,certified_reset,0,1,0.048079631260975,0.04408575674258846,0.003993874518386541,0.03195099614709233,0.0,0.0,0,0,0.0006485378396494145,-0.008915131599574813,-0.0023998102008972386,0.018585207335109908,0.0006485378396494145,-0.008915131599574813,0.01248766209983782,1.8625466806243005e-05,0.05718813824976203,0.29612046627603417
global_compatible,105,14,1,1,certified_reset,0,1,0.04408575674258846,0.040091882224201916,0.003993874518386541,0.027957121628705783,0.0,0.0,0,0,-0.0023998102008972386,0.018585207335109908,-0.015758343242967654,0.0020170408757659766,-0.0023998102008972386,0.018585207335109908,-0.02498760521856781,8.354238706832954e-05,0.05718813824976203,0.29612046627603417
global_compatible,105,15,1,1,certified_reset,0,1,0.040091882224201916,0.03609800770581537,0.003993874518386541,0.023963247110319243,0.0,0.0,0,0,-0.015758343242967654,0.0020170408757659766,0.015753867707691348,0.040202675306753616,-0.015758343242967654,0.0020170408757659766,0.012724016034858317,0.00025310521806557953,0.05718813824976203,0.29612046627603417
global_compatible,105,16,1,1,certified_reset,0,1,0.03609800770581537,0.03210413318742883,0.003993874518386541,0.019969372591932703,0.0,0.0,0,0,0.015753867707691348,0.040202675306753616,0.020561346592125253,-0.028329349122156976,0.015753867707691348,0.040202675306753616,-0.07491037104656478,0.0006793993583374368,0.05718813824976203,0.29612046627603417
global_compatible,105,17,0,0,certified_reset,0,1,0.03210413318742883,0.02811025866904229,0.003993874518386541,0.015975498073546163,0.0,0.0,0,0,0.020561346592125253,-0.028329349122156976,0.012804317456737093,-0.012253035265184014,0.020561346592125253,-0.028329349122156976,0.021253822844340388,0.000578521462222276,0.05718813824976203,0.29612046627603417
global_compatible,105,18,0,0,certified_reset,0,1,0.02811025866904229,0.02411638415065575,0.003993874518386541,0.011981623555159623,0.0,0.0,0,0,0.012804317456737093,-0.012253035265184014,0.0031615485659236098,-0.014593378045980212,0.012804317456737093,-0.012253035265184014,0.005302923564607385,0.00019167820766897574,0.05718813824976203,0.29612046627603417
global_compatible,105,19,0,0,certified_reset,0,1,0.02411638415065575,0.02012250963226921,0.003993874518386541,0.007987749036773082,0.0,0.0,0,0,0.0031615485659236098,-0.014593378045980212,-0.0007031774015487235,0.004232331802675055,0.0031615485659236098,-0.014593378045980212,0.0183469155113154,5.6744624956898776e-05,0.05718813824976203,0.29612046627603417
global_compatible,105,20,0,0,certified_reset,0,1,0.02012250963226921,0.01612863511388267,0.003993874518386541,0.003993874518386541,0.0,0.0,0,0,-0.0007031774015487235,0.004232331802675055,0.007207620216861572,0.005042591910859404,-0.0007031774015487235,0.004232331802675055,-0.005532589132765348,4.483970868676887e-06,0.05718813824976203,0.29612046627603417
global_compatible,105,21,0,0,certified_reset,0,1,0.01612863511388267,0.01213476059549613,0.003993874518386541,0.0,0.0,0.0,0,0,0.007207620216861572,0.005042591910859404,0.010446861146655238,-0.01195290495262782,0.007207620216861572,0.005042591910859404,-0.01460355901290871,6.185837955890299e-05,0.05718813824976203,0.29612046627603417
global_compatible,106,0,0,0,certified_reset,0,1,0.1,0.09600612548161347,0.003993874518386541,0.08387136488611735,0.0,0.0,0,0,0.3445754273639787,-0.09420578865773988,0.15043315998646775,-0.29920632841972483,0.3445754273639787,-0.09420578865773988,-0.20434421245455564,0.12137359058315321,0.05718813824976203,0.29612046627603417
global_compatible,106,1,0,0,certified_reset,0,1,0.09600612548161347,0.09201225096322693,0.003993874518386541,0.07987749036773081,0.0,0.0,0,0,0.15043315998646775,-0.29920632841972483,-0.002176849098095194,-0.01181456003826591,0.15043315998646775,-0.29920632841972483,0.2909634330148138,0.04086102546126255,0.05718813824976203,0.29612046627603417
global_compatible,106,2,0,0,certified_reset,0,1,0.09201225096322693,0.0880183764448404,0.003993874518386541,0.07588361584934428,0.0,0.0,0,0,-0.002176849098095194,-0.01181456003826591,-0.005285651426210252,0.010850589452894382,-0.002176849098095194,-0.01181456003826591,0.01957026523701464,3.9438643233657606e-05,0.05718813824976203,0.29612046627603417
global_compatible,106,3,0,0,certified_reset,0,1,0.0880183764448404,0.08402450192645386,0.003993874518386541,0.07188974133095774,0.0,0.0,0,0,-0.005285651426210252,0.010850589452894382,-0.006315393656053273,0.0032455522281935696,-0.005285651426210252,0.010850589452894382,-0.010720822995319724,5.200386460737018e-05,0.05718813824976203,0.29612046627603417
global_compatible,106,4,0,0,certified_reset,0,1,0.08402450192645386,0.08003062740806732,0.003993874518386541,0.0678958668125712,0.0,0.0,0,0,-0.006315393656053273,0.0032455522281935696,-0.00232757153343242,0.00150095788908407,-0.006315393656053273,0.0032455522281935696,0.0015066075683199678,4.1836993357908703e-05,0.05718813824976203,0.29612046627603417
global_compatible,106,5,0,0,certified_reset,0,1,0.08003062740806732,0.07603675288968079,0.003993874518386541,0.06390199229418467,0.0,0.0,0,0,-0.00232757153343242,0.00150095788908407,-0.006621268107026523,0.008312750386835816,-0.00232757153343242,0.00150095788908407,0.00010907482700919838,5.823404101456791e-06,0.05718813824976203,0.29612046627603417
global_compatible,106,6,0,0,certified_reset,0,1,0.07603675288968079,0.07204287837129425,0.003993874518386541,0.05990811777579813,0.0,0.0,0,0,-0.006621268107026523,0.008312750386835816,-0.005262111101585776,0.010007411102439339,-0.006621268107026523,0.008312750386835816,-0.005654164311711428,5.707875811561339e-05,0.05718813824976203,0.29612046627603417
global_compatible,106,7,0,0,certified_reset,0,1,0.07204287837129425,0.06804900385290771,0.003993874518386541,0.05591424325741159,0.0,0.0,0,0,-0.005262111101585776,0.010007411102439339,-0.006604423138761716,-0.0022784269683476036,-0.005262111101585776,0.010007411102439339,-0.009500085169265503,4.797279355619543e-05,0.05718813824976203,0.29612046627603417
global_compatible,106,8,1,1,certified_reset,0,1,0.06804900385290771,0.06405512933452118,0.003993874518386541,0.051920368739025044,0.0,0.0,0,0,-0.006604423138761716,-0.0022784269683476036,0.005836705481738512,0.006125603142379645,-0.006604423138761716,-0.0022784269683476036,0.00993625601479547,4.702105588661699e-05,0.05718813824976203,0.29612046627603417
global_compatible,106,9,1,1,certified_reset,0,1,0.06405512933452118,0.060061254816134634,0.003993874518386541,0.0479264942206385,0.0,0.0,0,0,0.005836705481738512,0.006125603142379645,0.02136494449345966,0.04180128103196542,0.005836705481738512,0.006125603142379645,-0.014838468428067369,4.6325777007252845e-05,0.05718813824976203,0.29612046627603417
global_compatible,106,10,1,1,certified_reset,0,1,0.060061254816134634,0.05606738029774809,0.003993874518386541,0.04393261970225196,0.0,0.0,0,0,0.02136494449345966,0.04180128103196542,0.0021299158167791994,-0.08666416678320167,0.02136494449345966,0.04180128103196542,-0.08285512804825733,0.0009426076365703436,0.05718813824976203,0.29612046627603417
global_compatible,106,11,0,0,certified_reset,0,1,0.05606738029774809,0.05207350577936155,0.003993874518386541,0.039938745183865414,0.0,0.0,0,0,0.0021299158167791994,-0.08666416678320167,-0.02334853090817135,0.03194077122136099,0.0021299158167791994,-0.08666416678320167,0.1255469109761407,0.0017505092175386285,0.05718813824976203,0.29612046627603417
global_compatible,106,12,0,0,certified_reset,0,1,0.05207350577936155,0.048079631260975,0.003993874518386541,0.03594487066547887,0.0,0.0,0,0,-0.02334853090817135,0.03194077122136099,0.006894073747234997,-0.0007425204163093498,-0.02334853090817135,0.03194077122136099,-0.023807195235530813,0.0007429617751131579,0.05718813824976203,0.29612046627603417
global_compatible,106,13,1,1,certified_reset,0,1,0.048079631260975,0.04408575674258846,0.003993874518386541,0.03195099614709233,0.0,0.0,0,0,0.006894073747234997,-0.0007425204163093498,0.014992083923076103,-0.004164231845068896,0.006894073747234997,-0.0007425204163093498,-0.00576680713316195,4.845889502744649e-05,0.05718813824976203,0.29612046627603417
global_compatible,106,14,2,2,certified_reset,0,1,0.04408575674258846,0.040091882224201916,0.003993874518386541,0.027957121628705783,0.0,0.0,0,0,0.014992083923076103,-0.004164231845068896,-0.007972244248685628,-0.05747757364071957,0.014992083923076103,-0.004164231845068896,-0.008795781007467689,0.00022981807327954765,0.05718813824976203,0.29612046627603417
global_compatible,106,15,0,0,certified_reset,0,1,0.040091882224201916,0.03609800770581537,0.003993874518386541,0.023963247110319243,0.0,0.0,0,0,-0.007972244248685628,-0.05747757364071957,-0.011575920337773552,0.043224106530071214,-0.007972244248685628,-0.05747757364071957,0.09261090844167089,0.0008726370523128712,0.05718813824976203,0.29612046627603417
global_compatible,106,16,0,0,certified_reset,0,1,0.03609800770581537,0.03210413318742883,0.003993874518386541,0.019969372591932703,0.0,0.0,0,0,-0.011575920337773552,0.043224106530071214,0.004596361920701821,-0.010421216072540571,-0.011575920337773552,0.043224106530071214,-0.05214684972335268,0.0005382824894263577,0.05718813824976203,0.29612046627603417
global_compatible,106,17,0,0,certified_reset,0,1,0.03210413318742883,0.02811025866904229,0.003993874518386541,0.015975498073546163,0.0,0.0,0,0,0.004596361920701821,-0.010421216072540571,0.009359080976073703,-0.0016789058476073784,0.004596361920701821,-0.010421216072540571,0.010769887231407975,4.357461867801288e-05,0.05718813824976203,0.29612046627603417
global_compatible,106,18,1,1,certified_reset,0,1,0.02811025866904229,0.02411638415065575,0.003993874518386541,0.011981623555159623,0.0,0.0,0,0,0.009359080976073703,-0.0016789058476073784,0.013436775931493731,-0.008389543913704374,0.009359080976073703,-0.0016789058476073784,-0.006844829191088775,8.927105935520767e-05,0.05718813824976203,0.29612046627603417
global_compatible,106,19,1,1,certified_reset,0,1,0.02411638415065575,0.02012250963226921,0.003993874518386541,0.007987749036773082,0.0,0.0,0,0,0.013436775931493731,-0.008389543913704374,0.00533494188775128,-0.02163059887078643,0.013436775931493731,-0.008389543913704374,-0.0010212610965685007,0.00019324222226324865,0.05718813824976203,0.29612046627603417
global_compatible,106,20,1,1,certified_reset,0,1,0.02012250963226921,0.01612863511388267,0.003993874518386541,0.003993874518386541,0.0,0.0,0,0,0.00533494188775128,-0.02163059887078643,0.005900426273520913,0.016761007729648707,0.00533494188775128,-0.02163059887078643,0.026554105293676182,0.00013030852299597033,0.05718813824976203,0.29612046627603417
global_compatible,106,21,0,0,certified_reset,0,1,0.01612863511388267,0.01213476059549613,0.003993874518386541,0.0,0.0,0.0,0,0,0.005900426273520913,0.016761007729648707,-6.853604401607562e-05,-0.00046924046724185035,0.005900426273520913,0.016761007729648707,-0.030565564754298676,0.0001087390223483884,0.05718813824976203,0.29612046627603417
global_compatible,107,0,0,0,certified_reset,0,1,0.1,0.09600612548161347,0.003993874518386541,0.08387136488611735,0.0,0.0,0,0,-1.4622930764024682,-0.21647254621114292,-0.9078157212634003,1.3365399156954334,-1.4622930764024682,-0.21647254621114292,1.55,2.206798406681959,0.05718813824976203,0.29612046627603417
global_compatible,107,1,0,0,certified_reset,0,1,0.09600612548161347,0.09201225096322693,0.003993874518386541,0.07987749036773081,0.0,0.0,0,0,-0.9078157212634003,1.3365399156954334,-0.1048248149191068,0.26644253988630484,-0.9078157212634003,1.3365399156954334,-1.0648783294266349,1.1740195405095373,0.05718813824976203,0.29612046627603417
global_compatible,107,2,0,0,certified_reset,0,1,0.09201225096322693,0.0880183764448404,0.003993874518386541,0.07588361584934428,0.0,0.0,0,0,-0.1048248149191068,0.26644253988630484,0.0191679276596521,-0.019013666411247944,-0.1048248149191068,0.26644253988630484,-0.2881166831796387,0.02584201527197763,0.05718813824976203,0.29612046627603417
global_compatible,107,3,0,0,certified_reset,0,1,0.0880183764448404,0.08402450192645386,0.003993874518386541,0.07188974133095774,0.0,0.0,0,0,0.0191679276596521,-0.019013666411247944,0.012191752309189955,-0.014602337633955804,0.0191679276596521,-0.019013666411247944,0.008923500873242094,0.0004344736843332042,0.05718813824976203,0.29612046627603417
global_compatible,107,4,0,0,certified_reset,0,1,0.08402450192645386,0.08003062740806732,0.003993874518386541,0.0678958668125712,0.0,0.0,0,0,0.012191752309189955,-0.014602337633955804,0.0023184667335952713,-0.0004538195588063001,0.012191752309189955,-0.014602337633955804,0.00936781142545005,0.00018921380922889595,0.05718813824976203,0.29612046627603417
global_compatible,107,5,0,0,certified_reset,0,1,0.08003062740806732,0.07603675288968079,0.003993874518386541,0.06390199229418467,0.0,0.0,0,0,0.0023184667335952713,-0.0004538195588063001,0.00011285485946798573,-0.008055947527627859,0.0023184667335952713,-0.0004538195588063001,-0.001640281711092792,5.4796224916334896e-06,0.05718813824976203,0.29612046627603417
global_compatible,107,6,0,0,certified_reset,0,1,0.07603675288968079,0.07204287837129425,0.003993874518386541,0.05990811777579813,0.0,0.0,0,0,0.00011285485946798573,-0.008055947527627859,-0.00031852995954763223,-0.004933141369966596,0.00011285485946798573,-0.008055947527627859,0.01175358423109258,1.5148097078461057e-05,0.05718813824976203,0.29612046627603417
global_compatible,107,7,0,0,certified_reset,0,1,0.07204287837129425,0.06804900385290771,0.003993874518386541,0.05591424325741159,0.0,0.0,0,0,-0.00031852995954763223,-0.004933141369966596,0.003912669629322019,-0.0005960983018496596,-0.00031852995954763223,-0.004933141369966596,0.007586500018088292,5.92079497793442e-06,0.05718813824976203,0.29612046627603417
global_compatible,107,8,0,0,certified_reset,0,1,0.06804900385290771,0.06405512933452118,0.003993874518386541,0.051920368739025044,0.0,0.0,0,0,0.003912669629322019,-0.0005960983018496596,0.0018656653692935548,-0.011346419776189057,0.003912669629322019,-0.0005960983018496596,-0.0030165523167796195,1.5600433298599864e-05,0.05718813824976203,0.29612046627603417
global_compatible,107,9,0,0,certified_reset,0,1,0.06405512933452118,0.060061254816134634,0.003993874518386541,0.0479264942206385,0.0,0.0,0,0,0.0018656653692935548,-0.011346419776189057,-0.007529273094057095,0.011638124189088744,0.0018656653692935548,-0.011346419776189057,0.014856753370647739,3.217220880083653e-05,0.05718813824976203,0.29612046627603417
global_compatible,107,10,0,0,certified_reset,0,1,0.060061254816134634,0.05606738029774809,0.003993874518386541,0.04393261970225196,0.0,0.0,0,0,-0.007529273094057095,0.011638124189088744,0.005011827563489296,0.005407000337262664,-0.007529273094057095,0.011638124189088744,-0.009646823877585906,8.33967518333386e-05,0.05718813824976203,0.29612046627603417
global_compatible,107,11,0,0,certified_reset,0,1,0.05606738029774809,0.05207350577936155,0.003993874518386541,0.039938745183865414,0.0,0.0,0,0,0.005011827563489296,0.005407000337262664,0.009843850650637052,-0.008743420086806244,0.005011827563489296,0.005407000337262664,-0.012954461158302621,3.457628460018888e-05,0.05718813824976203,0.29612046627603417
global_compatible,107,12,0,0,certified_reset,0,1,0.05207350577936155,0.048079631260975,0.003993874518386541,0.03594487066547887,0.0,0.0,0,0,0.009843850650637052,-0.008743420086806244,0.00465219491039349,-0.00723871484104049,0.009843850650637052,-0.008743420086806244,0.0030774716075499327,0.00011089869748601546,0.05718813824976203,0.29612046627603417
global_compatible,107,13,0,0,certified_reset,0,1,0.048079631260975,0.04408575674258846,0.003993874518386541,0.03195099614709233,0.0,0.0,0,0,0.00465219491039349,-0.00723871484104049,-0.0049062962709239995,0.004534920381258797,0.00465219491039349,-0.00723871484104049,0.006030179157094536,3.19838126599395e-05,0.05718813824976203,0.29612046627603417
global_compatible,107,14,0,0,certified_reset,0,1,0.04408575674258846,0.040091882224201916,0.003993874518386541,0.027957121628705783,0.0,0.0,0,0,-0.0049062962709239995,0.004534920381258797,0.0030872318367422555,-4.894298207213342e-05,-0.0049062962709239995,0.004534920381258797,-0.0017920935096280197,2.785382359234817e-05,0.05718813824976203,0.29612046627603417
global_compatible,107,15,0,0,certified_reset,0,1,0.040091882224201916,0.03609800770581537,0.003993874518386541,0.023963247110319243,0.0,0.0,0,0,0.0030872318367422555,-4.894298207213342e-05,-0.0024796771885914172,0.0012965392300851287,0.0030872318367422555,-4.894298207213342e-05,-0.003001081083656172,9.756593780350873e-06,0.05718813824976203,0.29612046627603417
global_compatible,107,16,0,0,certified_reset,0,1,0.03609800770581537,0.03210413318742883,0.003993874518386541,0.019969372591932703,0.0,0.0,0,0,-0.0024796771885914172,0.0012965392300851287,0.00356573595624752,0.0010717082639221682,-0.0024796771885914172,0.0012965392300851287,0.0005585362648344873,6.4591805441259695e-06,0.05718813824976203,0.29612046627603417
global_compatible,107,17,0,0,certified_reset,0,1,0.03210413318742883,0.02811025866904229,0.003993874518386541,0.015975498073546163,0.0,0.0,0,0,0.00356573595624752,0.0010717082639221682,-0.0017934042582209626,0.0003581950962848095,0.00356573595624752,0.0010717082639221682,-0.0051283377059723936,1.3578709648871502e-05,0.05718813824976203,0.29612046627603417
global_compatible,107,18,0,0,certified_reset,0,1,0.02811025866904229,0.02411638415065575,0.003993874518386541,0.011981623555159623,0.0,0.0,0,0,-0.0017934042582209626,0.0003581950962848095,-0.004222447277740653,-0.0008653656563420943,-0.0017934042582209626,0.0003581950962848095,0.001257054632661105,3.278898163002897e-06,0.05718813824976203,0.29612046627603417
global_compatible,107,19,0,0,certified_reset,0,1,0.02411638415065575,0.02012250963226921,0.003993874518386541,0.007987749036773082,0.0,0.0,0,0,-0.004222447277740653,-0.0008653656563420943,-0.006735587245333088,-0.008987124659278036,-0.004222447277740653,-0.0008653656563420943,0.005478733306843981,1.871426836893924e-05,0.05718813824976203,0.29612046627603417
global_compatible,107,20,0,0,certified_reset,0,1,0.02012250963226921,0.01612863511388267,0.003993874518386541,0.003993874518386541,0.0,0.0,0,0,-0.006735587245333088,-0.008987124659278036,-0.006867948202863491,0.002077579339578259,-0.006735587245333088,-0.008987124659278036,0.019944666531784835,6.985119235154884e-05,0.05718813824976203,0.29612046627603417
global_compatible,107,21,0,0,certified_reset,0,1,0.01612863511388267,0.01213476059549613,0.003993874518386541,0.0,0.0,0.0,0,0,-0.006867948202863491,0.002077579339578259,-0.012239269818500337,-0.002283971667583134,-0.006867948202863491,0.002077579339578259,0.0037815496759436395,4.830315593021024e-05,0.05718813824976203,0.29612046627603417
global_compatible,108,0,0,0,certified_reset,0,1,0.1,0.09600612548161347,0.003993874518386541,0.08387136488611735,0.0,0.0,0,0,-3.859456243026179,0.4241643130777718,-2.658789546736755,1.958592158613621,-3.859456243026179,0.4241643130777718,1.5499999999999219,14.987849757441714,0.05718813824976203,0.29612046627603417
global_compatible,108,1,0,0,certified_reset,0,1,0.09600612548161347,0.09201225096322693,0.003993874518386541,0.07987749036773081,0.0,0.0,0,0,-2.658789546736755,1.958592158613621,-0.8955231742088239,1.5626221940683518,-2.658789546736755,1.958592158613621,-0.3959821710228359,7.7635768847117355,0.05718813824976203,0.29612046627603417
global_compatible,108,2,0,0,certified_reset,0,1,0.09201225096322693,0.0880183764448404,0.003993874518386541,0.07588361584934428,0.0,0.0,0,0,-0.8955231742088239,1.5626221940683518,-0.040170765150815455,0.15708174269416314,-0.8955231742088239,1.5626221940683518,-1.4101590039090064,1.2911973278037867,0.05718813824976203,0.29612046627603417
global_compatible,108,3,0,0,certified_reset,0,1,0.0880183764448404,0.08402450192645386,0.003993874518386541,0.07188974133095774,0.0,0.0,0,0,-0.040170765150815455,0.15708174269416314,0.01849680087632781,-0.03137766839595633,-0.040170765150815455,0.15708174269416314,-0.1913929424018968,0.006970913132643713,0.05718813824976203,0.29612046627603417
global_compatible,108,4,0,0,certified_reset,0,1,0.08402450192645386,0.08003062740806732,0.003993874518386541,0.0678958668125712,0.0,0.0,0,0,0.01849680087632781,-0.03137766839595633,0.0037311454472782678,-0.0004957761804854706,0.01849680087632781,-0.03137766839595633,0.027806761715275765,0.0005386824958997616,0.05718813824976203,0.29612046627603417
global_compatible,108,5,0,0,certified_reset,0,1,0.08003062740806732,0.07603675288968079,0.003993874518386541,0.06390199229418467,0.0,0.0,0,0,0.0037311454472782678,-0.0004957761804854706,0.003654481280225547,-0.0015121507976803483,0.0037311454472782678,-0.0004957761804854706,-0.0029851557083651354,1.4188468137629585e-05,0.05718813824976203,0.29612046627603417
global_compatible,108,6,0,0,certified_reset,0,1,0.07603675288968079,0.07204287837129425,0.003993874518386541,0.05990811777579813,0.0,0.0,0,0,0.003654481280225547,-0.0015121507976803483,0.0023770287643546197,0.00023271902333263025,0.003654481280225547,-0.0015121507976803483,-0.0014111915474928662,1.3816607973398393e-05,0.05718813824976203,0.29612046627603417
global_compatible,108,7,0,0,certified_reset,0,1,0.07204287837129425,0.06804900385290771,0.003993874518386541,0.05591424325741159,0.0,0.0,0,0,0.0023770287643546197,0.00023271902333263025,-0.0017075114728012319,-0.008249469940776279,0.0023770287643546197,0.00023271902333263025,-0.002714184519599383,5.844184152617834e-06,0.05718813824976203,0.29612046627603417
global_compatible,108,8,0,0,certified_reset,0,1,0.06804900385290771,0.06405512933452118,0.003993874518386541,0.051920368739025044,0.0,0.0,0,0,-0.0017075114728012319,-0.008249469940776279,-0.007323328486062084,0.0110782703262466,-0.0017075114728012319,-0.008249469940776279,0.013850319962028432,1.996105528069076e-05,0.05718813824976203,0.29612046627603417
global_compatible,108,9,0,0,certified_reset,0,1,0.06405512933452118,0.060061254816134634,0.003993874518386541,0.0479264942206385,0.0,0.0,0,0,-0.007323328486062084,0.0110782703262466,-0.011791729414977135,0.006907409669967232,-0.007323328486062084,0.0110782703262466,-0.009024601959235072,7.775827934368539e-05,0.05718813824976203,0.29612046627603417
global_compatible,108,10,0,0,certified_reset,0,1,0.060061254816134634,0.05606738029774809,0.003993874518386541,0.04393261970225196,0.0,0.0,0,0,-0.011791729414977135,0.006907409669967232,-0.005393214004420162,0.015422385831528811,-0.011791729414977135,0.006907409669967232,0.0015650530772906804,0.00014769433287718166,0.05718813824976203,0.29612046627603417
global_compatible,108,11,0,0,certified_reset,0,1,0.05606738029774809,0.05207350577936155,0.003993874518386541,0.039938745183865414,0.0,0.0,0,0,-0.005393214004420162,0.015422385831528811,-0.0037650191885428095,0.0014841200903634617,-0.005393214004420162,0.015422385831528811,-0.017348667073526673,7.942416078075278e-05,0.05718813824976203,0.29612046627603417
global_compatible,108,12,0,0,certified_reset,0,1,0.05207350577936155,0.048079631260975,0.003993874518386541,0.03594487066547887,0.0,0.0,0,0,-0.0037650191885428095,0.0014841200903634617,-0.0013518983950628976,-0.005597158650586649,-0.0037650191885428095,0.0014841200903634617,0.0015630841574989672,1.4632920531852843e-05,0.05718813824976203,0.29612046627603417
global_compatible,108,13,0,0,certified_reset,0,1,0.048079631260975,0.04408575674258846,0.003993874518386541,0.03195099614709233,0.0,0.0,0,0,-0.0013518983950628976,-0.005597158650586649,-0.005328055469794413,0.0059362125421599955,-0.0013518983950628976,-0.005597158650586649,0.009588527876517424,9.765199234313084e-06,0.05718813824976203,0.29612046627603417
global_compatible,108,14,0,0,certified_reset,0,1,0.04408575674258846,0.040091882224201916,0.003993874518386541,0.027957121628705783,0.0,0.0,0,0,-0.005328055469794413,0.0059362125421599955,-0.0031492022094333307,0.009119457182596486,-0.005328055469794413,0.0059362125421599955,-0.0034381591311359134,3.5026650026707075e-05,0.05718813824976203,0.29612046627603417
global_compatible,108,15,0,0,certified_reset,0,1,0.040091882224201916,0.03609800770581537,0.003993874518386541,0.023963247110319243,0.0,0.0,0,0,-0.0031492022094333307,0.009119457182596486,0.0013662796499872233,-0.0016877646463021112,-0.0031492022094333307,0.009119457182596486,-0.010294866756789995,2.753669146933918e-05,0.05718813824976203,0.29612046627603417
global_compatible,108,16,0,0,certified_reset,0,1,0.03609800770581537,0.03210413318742883,0.003993874518386541,0.019969372591932703,0.0,0.0,0,0,0.0013662796499872233,-0.0016877646463021112,0.002332016268388342,-0.0014293891174952875,0.0013662796499872233,-0.0016877646463021112,0.001121792911194439,2.410919475594674e-06,0.05718813824976203,0.29612046627603417
global_compatible,108,17,0,0,certified_reset,0,1,0.03210413318742883,0.02811025866904229,0.003993874518386541,0.015975498073546163,0.0,0.0,0,0,0.002332016268388342,-0.0014293891174952875,0.0034360672844411344,0.0001925048292585527,0.002332016268388342,-0.0014293891174952875,-0.0002149837419796326,5.807222911119289e-06,0.05718813824976203,0.29612046627603417
global_compatible,108,18,0,0,certified_reset,0,1,0.02811025866904229,0.02411638415065575,0.003993874518386541,0.011981623555159623,0.0,0.0,0,0,0.0034360672844411344,0.0001925048292585527,0.006809230220662206,-0.00903569689518403,0.0034360672844411344,0.0001925048292585527,-0.003703404488294234,1.2156108962976434e-05,0.05718813824976203,0.29612046627603417
global_compatible,108,19,0,0,certified_reset,0,1,0.02411638415065575,0.02012250963226921,0.003993874518386541,0.007987749036773082,0.0,0.0,0,0,0.006809230220662206,-0.00903569689518403,0.0031540565462377565,0.004826207027062189,0.006809230220662206,-0.00903569689518403,0.006526800252419001,6.212648154504878e-05,0.05718813824976203,0.29612046627603417
global_compatible,108,20,0,0,certified_reset,0,1,0.02012250963226921,0.01612863511388267,0.003993874518386541,0.003993874518386541,0.0,0.0,0,0,0.0031540565462377565,0.004826207027062189,0.002169467311576963,-0.007593848652287338,0.0031540565462377565,0.004826207027062189,-0.010250118912513108,1.676730550813332e-05,0.05718813824976203,0.29612046627603417
global_compatible,108,21,0,0,certified_reset,0,1,0.01612863511388267,0.01213476059549613,0.003993874518386541,0.0,0.0,0.0,0,0,0.002169467311576963,-0.007593848652287338,0.002549720100549186,0.0047271795825067405,0.002169467311576963,-0.007593848652287338,0.009025123429354753,1.7122886462570496e-05,0.05718813824976203,0.29612046627603417
global_compatible,109,0,0,0,certified_reset,0,1,0.1,0.09600612548161347,0.003993874518386541,0.08387136488611735,0.0,0.0,0,0,2.5221979381406463,-0.08314368292324326,1.6642178428976602,-1.6375213722776547,2.5221979381406463,-0.08314368292324326,-1.55,6.422789256122735,0.05718813824976203,0.29612046627603417
global_compatible,109,1,0,0,certified_reset,0,1,0.09600612548161347,0.09201225096322693,0.003993874518386541,0.07987749036773081,0.0,0.0,0,0,1.6642178428976602,-1.6375213722776547,0.40235102362624015,-0.8781373882187443,1.6642178428976602,-1.6375213722776547,0.755055612536682,3.2665394771094167,0.05718813824976203,0.29612046627603417
global_compatible,109,2,0,0,certified_reset,0,1,0.09201225096322693,0.0880183764448404,0.003993874518386541,0.07588361584934428,0.0,0.0,0,0,0.40235102362624015,-0.8781373882187443,-0.022679910104059432,0.010065921413094418,0.40235102362624015,-0.8781373882187443,0.8929306732793606,0.3206220249609364,0.05718813824976203,0.29612046627603417
global_compatible,109,3,0,0,certified_reset,0,1,0.0880183764448404,0.08402450192645386,0.003993874518386541,0.07188974133095774,0.0,0.0,0,0,-0.022679910104059432,0.010065921413094418,-0.013286136406192216,0.018578210553358142,-0.022679910104059432,0.010065921413094418,0.007756422938244279,0.0005341204740491668,0.05718813824976203,0.29612046627603417
global_compatible,109,4,0,0,certified_reset,0,1,0.08402450192645386,0.08003062740806732,0.003993874518386541,0.0678958668125712,0.0,0.0,0,0,-0.013286136406192216,0.018578210553358142,0.004145131626304626,0.004150830299222981,-0.013286136406192216,0.018578210553358142,-0.01413794340809626,0.00024364544002489292,0.05718813824976203,0.29612046627603417
global_compatible,109,5,0,0,certified_reset,0,1,0.08003062740806732,0.07603675288968079,0.003993874518386541,0.06390199229418467,0.0,0.0,0,0,0.004145131626304626,0.004150830299222981,-0.0024192995023774337,-0.0067330635741749585,0.004145131626304626,0.004150830299222981,-0.010241167289086712,2.2905444476597883e-05,0.05718813824976203,0.29612046627603417
global_compatible,109,6,0,0,certified_reset,0,1,0.07603675288968079,0.07204287837129425,0.003993874518386541,0.05990811777579813,0.0,0.0,0,0,-0.0024192995023774337,-0.0067330635741749585,-0.0025808134259192386,0.011120022026140285,-0.0024192995023774337,-0.0067330635741749585,0.012326473581704956,1.7811704973114152e-05,0.05718813824976203,0.29612046627603417
global_compatible,109,7,0,0,certified_reset,0,1,0.07204287837129425,0.06804900385290771,0.003993874518386541,0.05591424325741159,0.0,0.0,0,0,-0.0025808134259192386,0.011120022026140285,0.000998724339897364,-0.004623423974172006,-0.0025808134259192386,0.011120022026140285,-0.013810587691819842,3.368678642437326e-05,0.05718813824976203,0.29612046627603417
global_compatible,109,8,0,0,certified_reset,0,1,0.06804900385290771,0.06405512933452118,0.003993874518386541,0.051920368739025044,0.0,0.0,0,0,0.000998724339897364,-0.004623423974172006,-0.0023534571956583027,-0.00511893470817482,0.000998724339897364,-0.004623423974172006,0.005813501972341537,5.690059300754623e-06,0.05718813824976203,0.29612046627603417
global_compatible,109,9,0,0,certified_reset,0,1,0.06405512933452118,0.060061254816134634,0.003993874518386541,0.0479264942206385,0.0,0.0,0,0,-0.0023534571956583027,-0.00511893470817482,-0.001927568419248849,0.0004609234352781367,-0.0023534571956583027,-0.00511893470817482,0.009883526212032747,1.2697491689774532e-05,0.05718813824976203,0.29612046627603417
global_compatible,109,10,0,0,certified_reset,0,1,0.060061254816134634,0.05606738029774809,0.003993874518386541,0.04393261970225196,0.0,0.0,0,0,-0.001927568419248849,0.0004609234352781367,0.0018375235570684445,-0.0043668181346387435,-0.001927568419248849,0.0004609234352781367,0.0012424697358549822,3.792354361372343e-06,0.05718813824976203,0.29612046627603417
global_compatible,109,11,0,0,certified_reset,0,1,0.05606738029774809,0.05207350577936155,0.003993874518386541,0.039938745183865414,0.0,0.0,0,0,0.0018375235570684445,-0.0043668181346387435,-0.006382821895465707,0.004974120745220169,0.0018375235570684445,-0.0043668181346387435,0.00460210236860525,7.3384145898412835e-06,0.05718813824976203,0.29612046627603417
global_compatible,109,12,0,0,certified_reset,0,1,0.05207350577936155,0.048079631260975,0.003993874518386541,0.03594487066547887,0.0,0.0,0,0,-0.006382821895465707,0.004974120745220169,0.0007849281857747576,0.0001753993132406718,-0.006382821895465707,0.004974120745220169,-0.0009719453336609831,4.521757018637241e-05,0.05718813824976203,0.29612046627603417
global_compatible,109,13,0,0,certified_reset,0,1,0.048079631260975,0.04408575674258846,0.003993874518386541,0.03195099614709233,0.0,0.0,0,0,0.0007849281857747576,0.0001753993132406718,-0.004804566232129376,0.00016059770720296585,0.0007849281857747576,0.0001753993132406718,-0.001037916924156701,6.485817307952789e-07,0.05718813824976203,0.29612046627603417
global_compatible,109,14,0,0,certified_reset,0,1,0.04408575674258846,0.040091882224201916,0.003993874518386541,0.027957121628705783,0.0,0.0,0,0,-0.004804566232129376,0.00016059770720296585,8.036577661179071e-05,0.006502141592181407,-0.004804566232129376,0.00016059770720296585,0.004546662297687326,2.3605302622388745e-05,0.05718813824976203,0.29612046627603417
global_compatible,109,15,0,0,certified_reset,0,1,0.040091882224201916,0.03609800770581537,0.003993874518386541,0.023963247110319243,0.0,0.0,0,0,8.036577661179071e-05,0.006502141592181407,0.002845765112255882,-0.006200661551369933,8.036577661179071e-05,0.006502141592181407,-0.009656630004651369,9.947733385478308e-06,0.05718813824976203,0.29612046627603417
global_compatible,109,16,0,0,certified_reset,0,1,0.03609800770581537,0.03210413318742883,0.003993874518386541,0.019969372591932703,0.0,0.0,0,0,0.002845765112255882,-0.006200661551369933,0.00039677553996524844,0.0006947984285934649,0.002845765112255882,-0.006200661551369933,0.006300134613059805,1.6011348139134318e-05,0.05718813824976203,0.29612046627603417
global_compatible,109,17,0,0,certified_reset,0,1,0.03210413318742883,0.02811025866904229,0.003993874518386541,0.015975498073546163,0.0,0.0,0,0,0.00039677553996524844,0.0006947984285934649,0.001335941028419717,0.0028220659186176953,0.00039677553996524844,0.0006947984285934649,-0.001415991104878869,2.944506734897871e-07,0.05718813824976203,0.29612046627603417
global_compatible,109,18,0,0,certified_reset,0,1,0.02811025866904229,0.02411638415065575,0.003993874518386541,0.011981623555159623,0.0,0.0,0,0,0.001335941028419717,0.0028220659186176953,0.0030940110786034825,3.9544445421267876e-05,0.001335941028419717,0.0028220659186176953,-0.005485518907877063,3.970541462456287e-06,0.05718813824976203,0.29612046627603417
global_compatible,109,19,0,0,certified_reset,0,1,0.02411638415065575,0.02012250963226921,0.003993874518386541,0.007987749036773082,0.0,0.0,0,0,0.0030940110786034825,3.9544445421267876e-05,-0.0009563811936245746,-0.002405090335020317,0.0030940110786034825,3.9544445421267876e-05,-0.003139222192550472,9.819553931245581e-06,0.05718813824976203,0.29612046627603417
global_compatible,109,20,0,0,certified_reset,0,1,0.02012250963226921,0.01612863511388267,0.003993874518386541,0.003993874518386541,0.0,0.0,0,0,-0.0009563811936245746,-0.002405090335020317,0.003407590942958114,-0.0028968090704809663,-0.0009563811936245746,-0.002405090335020317,0.004494171836313715,2.460807213406116e-06,0.05718813824976203,0.29612046627603417
global_compatible,109,21,0,0,certified_reset,0,1,0.01612863511388267,0.01213476059549613,0.003993874518386541,0.0,0.0,0.0,0,0,0.003407590942958114,-0.0028968090704809663,-0.0002292647730538094,0.0007158398112775007,0.003407590942958114,-0.0028968090704809663,0.000875436062668183,1.3141306244373414e-05,0.05718813824976203,0.29612046627603417
global_compatible,110,0,0,0,certified_reset,0,1,0.1,0.09600612548161347,0.003993874518386541,0.08387136488611735,0.0,0.0,0,0,5.659707299832842,-0.4419283114479967,4.438743932691753,-2.002888625590527,5.659707299832842,-0.4419283114479967,-1.5499999999988667,32.12750333362375,0.05718813824976203,0.29612046627603417
global_compatible,110,1,0,0,certified_reset,0,1,0.09600612548161347,0.09201225096322693,0.003993874518386541,0.07987749036773081,0.0,0.0,0,0,4.438743932691753,-2.002888625590527,2.1953793726875275,-2.4929430184018604,4.438743932691753,-2.002888625590527,-0.4896414442309205,20.430522730979146,0.05718813824976203,0.29612046627603417
global_compatible,110,2,0,0,certified_reset,0,1,0.09201225096322693,0.0880183764448404,0.003993874518386541,0.07588361584934428,0.0,0.0,0,0,2.1953793726875275,-2.4929430184018604,0.4360199843944375,-1.0097484947276154,2.1953793726875275,-2.4929430184018604,1.4862592138450892,5.993572432030112,0.05718813824976203,0.29612046627603417
global_compatible,110,3,0,0,certified_reset,0,1,0.0880183764448404,0.08402450192645386,0.003993874518386541,0.07188974133095774,0.0,0.0,0,0,0.4360199843944375,-1.0097484947276154,-0.04003346196275572,0.05058802251356673,0.4360199843944375,-1.0097484947276154,1.0532811243263867,0.4013750190317253,0.05718813824976203,0.29612046627603417
global_compatible,110,4,1,1,certified_reset,0,1,0.08402450192645386,0.08003062740806732,0.003993874518386541,0.0678958668125712,0.0,0.0,0,0,-0.04003346196275572,0.05058802251356673,-0.01124917254970108,-0.027363725570366024,-0.04003346196275572,0.05058802251356673,-0.034650731107637875,0.002093341549810719,0.05718813824976203,0.29612046627603417
global_compatible,110,5,0,0,certified_reset,0,1,0.08003062740806732,0.07603675288968079,0.003993874518386541,0.06390199229418467,0.0,0.0,0,0,-0.01124917254970108,-0.027363725570366024,-0.010952599003498431,0.018437472453155447,-0.01124917254970108,-0.027363725570366024,0.051511167793451704,0.0003276581191153313,0.05718813824976203,0.29612046627603417
global_compatible,110,6,0,0,certified_reset,0,1,0.07603675288968079,0.07204287837129425,0.003993874518386541,0.05990811777579813,0.0,0.0,0,0,-0.010952599003498431,0.018437472453155447,-0.009002191815121933,-0.004601210056432449,-0.010952599003498431,0.018437472453155447,-0.016252908310616813,0.00018775262092822362,0.05718813824976203,0.29612046627603417
global_compatible,110,7,0,0,certified_reset,0,1,0.07204287837129425,0.06804900385290771,0.003993874518386541,0.05591424325741159,0.0,0.0,0,0,-0.009002191815121933,-0.004601210056432449,-0.012220123177764473,0.013627380553142884,-0.009002191815121933,-0.004601210056432449,0.0157421444969398,9.104563942732635e-05,0.05718813824976203,0.29612046627603417
global_compatible,110,8,0,0,certified_reset,0,1,0.06804900385290771,0.06405512933452118,0.003993874518386541,0.051920368739025044,0.0,0.0,0,0,-0.012220123177764473,0.013627380553142884,-0.002142130410985857,0.007327408733055784,-0.012220123177764473,0.013627380553142884,-0.007906223408987455,0.00018432110982778883,0.05718813824976203,0.29612046627603417
global_compatible,110,9,0,0,certified_reset,0,1,0.06405512933452118,0.060061254816134634,0.003993874518386541,0.0479264942206385,0.0,0.0,0,0,-0.002142130410985857,0.007327408733055784,0.0036934350064983467,-0.013218190443417186,-0.002142130410985857,0.007327408733055784,-0.00866002300721615,1.612798803323545e-05,0.05718813824976203,0.29612046627603417
global_compatible,110,10,0,0,certified_reset,0,1,0.060061254816134634,0.05606738029774809,0.003993874518386541,0.04393261970225196,0.0,0.0,0,0,0.0036934350064983467,-0.013218190443417186,-0.009139050375330224,0.014290601849058195,0.0036934350064983467,-0.013218190443417186,0.015794303507127905,5.1327663276829434e-05,0.05718813824976203,0.29612046627603417
global_compatible,110,11,0,0,certified_reset,0,1,0.05606738029774809,0.05207350577936155,0.003993874518386541,0.039938745183865414,0.0,0.0,0,0,-0.009139050375330224,0.014290601849058195,-0.001988755051328952,-0.007828239263221024,-0.009139050375330224,0.014290601849058195,-0.011948384002000842,0.00012385117298680025,0.05718813824976203,0.29612046627603417
global_compatible,110,12,0,0,certified_reset,0,1,0.05207350577936155,0.048079631260975,0.003993874518386541,0.03594487066547887,0.0,0.0,0,0,-0.001988755051328952,-0.007828239263221024,-0.00027355225018939116,0.009744502191961208,-0.001988755051328952,-0.007828239263221024,0.013512245532259043,1.9550305530490126e-05,0.05718813824976203,0.29612046627603417
global_compatible,110,13,0,0,certified_reset,0,1,0.048079631260975,0.04408575674258846,0.003993874518386541,0.03195099614709233,0.0,0.0,0,0,-0.00027355225018939116,0.009744502191961208,0.01002642696880656,0.0004101872937239612,-0.00027355225018939116,0.009744502191961208,-0.014082426460059935,2.2124657343103205e-05,0.05718813824976203,0.29612046627603417
global_compatible,110,14,0,0,certified_reset,0,1,0.04408575674258846,0.040091882224201916,0.003993874518386541,0.027957121628705783,0.0,0.0,0,0,0.01002642696880656,0.0004101872937239612,0.0060106420981591805,-0.016138756893267023,0.01002642696880656,0.0004101872937239612,-0.01058687283295891,0.00010336157032121047,0.05718813824976203,0.29612046627603417
global_compatible,110,15,0,0,certified_reset,0,1,0.040091882224201916,0.03609800770581537,0.003993874518386541,0.023963247110319243,0.0,0.0,0,0,0.0060106420981591805,-0.016138756893267023,0.0009290036361397024,0.010001492610881109,0.0060106420981591805,-0.016138756893267023,0.017791387060487628,9.092386010136086e-05,0.05718813824976203,0.29612046627603417
global_compatible,110,16,0,0,certified_reset,0,1,0.03609800770581537,0.03210413318742883,0.003993874518386541,0.019969372591932703,0.0,0.0,0,0,0.0009290036361397024,0.010001492610881109,0.0028520285175744737,-0.013319789927230537,0.0009290036361397024,0.010001492610881109,-0.015655730872407587,2.4995969284883883e-05,0.05718813824976203,0.29612046627603417
global_compatible,110,17,0,0,certified_reset,0,1,0.03210413318742883,0.02811025866904229,0.003993874518386541,0.015975498073546163,0.0,0.0,0,0,0.0028520285175744737,-0.013319789927230537,-0.0031171864491980374,-0.014756180398738009,0.0028520285175744737,-0.013319789927230537,0.016781338734184872,4.710942457484376e-05,0.05718813824976203,0.29612046627603417
global_compatible,110,18,0,0,certified_reset,0,1,0.02811025866904229,0.02411638415065575,0.003993874518386541,0.011981623555159623,0.0,0.0,0,0,-0.0031171864491980374,-0.014756180398738009,-0.003607674348292858,0.005365594182060523,-0.0031171864491980374,-0.014756180398738009,0.024839372766863443,6.433578713816177e-05,0.05718813824976203,0.29612046627603417
global_compatible,110,19,0,0,certified_reset,0,1,0.02411638415065575,0.02012250963226921,0.003993874518386541,0.007987749036773082,0.0,0.0,0,0,-0.003607674348292858,0.005365594182060523,0.0041825424236276625,0.001063977237777918,-0.003607674348292858,0.005365594182060523,-0.004312857004044161,1.866246075854473e-05,0.05718813824976203,0.29612046627603417
global_compatible,110,20,0,0,certified_reset,0,1,0.02012250963226921,0.01612863511388267,0.003993874518386541,0.003993874518386541,0.0,0.0,0,0,0.0041825424236276625,0.001063977237777918,-0.010473892878966244,-0.007569612249663571,0.0041825424236276625,0.001063977237777918,-0.00572949780114007,1.8518108313028598e-05,0.05718813824976203,0.29612046627603417
global_compatible,110,21,0,0,certified_reset,0,1,0.01612863511388267,0.01213476059549613,0.003993874518386541,0.0,0.0,0.0,0,0,-0.010473892878966244,-0.007569612249663571,-0.009745782331393785,0.008447643480653359,-0.010473892878966244,-0.007569612249663571,0.02158375226852466,0.0001316627164196321,0.05718813824976203,0.29612046627603417
global_compatible,111,0,0,0,certified_reset,0,1,0.1,0.09600612548161347,0.003993874518386541,0.08387136488611735,0.0,0.0,0,0,1.0166238146924425,0.3536123120224054,0.6032240885163234,-1.1899627396213381,1.0166238146924425,0.3536123120224054,-1.5332202033052214,1.1148005854938856,0.05718813824976203,0.29612046627603417
global_compatible,111,1,0,0,certified_reset,0,1,0.09600612548161347,0.09201225096322693,0.003993874518386541,0.07987749036773081,0.0,0.0,0,0,0.6032240885163234,-1.1899627396213381,-0.010029664456657468,-0.049731430660412836,0.6032240885163234,-1.1899627396213381,1.1522570490832176,0.6519537465490799,0.05718813824976203,0.29612046627603417
global_compatible,111,2,0,0,certified_reset,0,1,0.09201225096322693,0.0880183764448404,0.003993874518386541,0.07588361584934428,0.0,0.0,0,0,-0.010029664456657468,-0.049731430660412836,-0.012949509703294764,0.03704648227979722,-0.010029664456657468,-0.049731430660412836,0.0832451494405723,0.0007190167769433795,0.05718813824976203,0.29612046627603417
global_compatible,111,3,0,0,certified_reset,0,1,0.0880183764448404,0.08402450192645386,0.003993874518386541,0.07188974133095774,0.0,0.0,0,0,-0.012949509703294764,0.03704648227979722,0.005739153298270075,-0.012765721574472949,-0.012949509703294764,0.03704648227979722,-0.041681270702710244,0.0004581625426158598,0.05718813824976203,0.29612046627603417
global_compatible,111,4,0,0,certified_reset,0,1,0.08402450192645386,0.08003062740806732,0.003993874518386541,0.0678958668125712,0.0,0.0,0,0,0.005739153298270075,-0.012765721574472949,-0.004037841780771432,-0.00577876891110824,0.005739153298270075,-0.012765721574472949,0.013085345383759037,6.655199369340442e-05,0.05718813824976203,0.29612046627603417
global_compatible,111,5,0,0,certified_reset,0,1,0.08003062740806732,0.07603675288968079,0.003993874518386541,0.06390199229418467,0.0,0.0,0,0,-0.004037841780771432,-0.00577876891110824,-0.006659039064518471,0.00098416920646384,-0.004037841780771432,-0.00577876891110824,0.012532397183027618,2.624164134841078e-05,0.05718813824976203,0.29612046627603417
global_compatible,111,6,0,0,certified_reset,0,1,0.07603675288968079,0.07204287837129425,0.003993874518386541,0.05990811777579813,0.0,0.0,0,0,-0.006659039064518471,0.00098416920646384,0.003966355128367996,0.006866411998500503,-0.006659039064518471,0.00098416920646384,0.005183388875631803,4.518883529353492e-05,0.05718813824976203,0.29612046627603417
global_compatible,111,7,0,0,certified_reset,0,1,0.07204287837129425,0.06804900385290771,0.003993874518386541,0.05591424325741159,0.0,0.0,0,0,0.003966355128367996,0.006866411998500503,0.003797719619781994,-0.012780973472716728,0.003966355128367996,0.006866411998500503,-0.014062273899400221,2.9162232156842222e-05,0.05718813824976203,0.29612046627603417
global_compatible,111,8,0,0,certified_reset,0,1,0.06804900385290771,0.06405512933452118,0.003993874518386541,0.051920368739025044,0.0,0.0,0,0,0.003797719619781994,-0.012780973472716728,-0.006653901573741027,-0.010158441922186297,0.003797719619781994,-0.012780973472716728,0.015047631823727585,4.9487045821890535e-05,0.05718813824976203,0.29612046627603417
global_compatible,111,9,0,0,certified_reset,0,1,0.06405512933452118,0.060061254816134634,0.003993874518386541,0.0479264942206385,0.0,0.0,0,0,-0.006653901573741027,-0.010158441922186297,7.792680513542521e-05,0.004133878357126197,-0.006653901573741027,-0.010158441922186297,0.021588763310250524,7.450118329624157e-05,0.05718813824976203,0.29612046627603417
global_compatible,111,10,0,0,certified_reset,0,1,0.060061254816134634,0.05606738029774809,0.003993874518386541,0.04393261970225196,0.0,0.0,0,0,7.792680513542521e-05,0.004133878357126197,0.011479514020710093,0.0017625538634261475,7.792680513542521e-05,0.004133878357126197,-0.006169707634485221,4.033715943207195e-06,0.05718813824976203,0.29612046627603417
global_compatible,111,11,0,0,certified_reset,0,1,0.05606738029774809,0.05207350577936155,0.003993874518386541,0.039938745183865414,0.0,0.0,0,0,0.011479514020710093,0.0017625538634261475,0.010391143321975913,-0.0006277565241906511,0.011479514020710093,0.0017625538634261475,-0.014026654976801514,0.00013725710569950148,0.05718813824976203,0.29612046627603417
global_compatible,111,12,0,0,certified_reset,0,1,0.05207350577936155,0.048079631260975,0.003993874518386541,0.03594487066547887,0.0,0.0,0,0,0.010391143321975913,-0.0006277565241906511,0.005702211886197036,-0.014119550558390117,0.010391143321975913,-0.0006277565241906511,-0.009423169360414459,0.00011026669664338048,0.05718813824976203,0.29612046627603417
global_compatible,111,13,0,0,certified_reset,0,1,0.048079631260975,0.04408575674258846,0.003993874518386541,0.03195099614709233,0.0,0.0,0,0,0.005702211886197036,-0.014119550558390117,-0.010076757948098411,0.0006576132978927992,0.005702211886197036,-0.014119550558390117,0.015122381177853285,7.411748814206229e-05,0.05718813824976203,0.29612046627603417
global_compatible,111,14,0,0,certified_reset,0,1,0.04408575674258846,0.040091882224201916,0.003993874518386541,0.027957121628705783,0.0,0.0,0,0,-0.010076757948098411,0.0006576132978927992,-0.003048634915803799,0.02144082393515804,-0.010076757948098411,0.0006576132978927992,0.009061514397336247,0.00010367166876881457,0.05718813824976203,0.29612046627603417
global_compatible,111,15,0,0,certified_reset,0,1,0.040091882224201916,0.03609800770581537,0.003993874518386541,0.023963247110319243,0.0,0.0,0,0,-0.003048634915803799,0.02144082393515804,0.0011693636596960284,-0.01636906459603684,-0.003048634915803799,0.02144082393515804,-0.02855059268566688,0.00011242019100074967,0.05718813824976203,0.29612046627603417
global_compatible,111,16,0,0,certified_reset,0,1,0.03609800770581537,0.03210413318742883,0.003993874518386541,0.019969372591932703,0.0,0.0,0,0,0.0011693636596960284,-0.01636906459603684,-0.0009670172824416852,0.0037595324970926764,0.0011693636596960284,-0.01636906459603684,0.022948039569459597,6.276305400551559e-05,0.05718813824976203,0.29612046627603417
global_compatible,111,17,0,0,certified_reset,0,1,0.03210413318742883,0.02811025866904229,0.003993874518386541,0.015975498073546163,0.0,0.0,0,0,-0.0009670172824416852,0.0037595324970926764,0.0023201512371192395,0.0008049262733517213,-0.0009670172824416852,0.0037595324970926764,-0.00457619539905888,4.002796760205355e-06,0.05718813824976203,0.29612046627603417
global_compatible,111,18,0,0,certified_reset,0,1,0.02811025866904229,0.02411638415065575,0.003993874518386541,0.011981623555159623,0.0,0.0,0,0,0.0023201512371192395,0.0008049262733517213,0.007904089856444061,-0.0010026892863397641,0.0023201512371192395,0.0008049262733517213,-0.0034944403876795986,5.805002738677836e-06,0.05718813824976203,0.29612046627603417
global_compatible,111,19,0,0,certified_reset,0,1,0.02411638415065575,0.02012250963226921,0.003993874518386541,0.007987749036773082,0.0,0.0,0,0,0.007904089856444061,-0.0010026892863397641,0.0038778602231762972,-0.0013491936324492495,0.007904089856444061,-0.0010026892863397641,-0.006392884612776634,6.36773302454381e-05,0.05718813824976203,0.29612046627603417
global_compatible,111,20,0,0,certified_reset,0,1,0.02012250963226921,0.01612863511388267,0.003993874518386541,0.003993874518386541,0.0,0.0,0,0,0.0038778602231762972,-0.0013491936324492495,-0.006345202460056131,0.00025355559720393337,0.0038778602231762972,-0.0013491936324492495,-0.0018746185428421634,1.5453312999933605e-05,0.05718813824976203,0.29612046627603417
global_compatible,111,21,0,0,certified_reset,0,1,0.01612863511388267,0.01213476059549613,0.003993874518386541,0.0,0.0,0.0,0,0,-0.006345202460056131,0.00025355559720393337,0.0026721846393426337,0.006099853121036021,-0.006345202460056131,0.00025355559720393337,0.005943385222196196,4.11562622359451e-05,0.05718813824976203,0.29612046627603417
global_compatible,112,0,0,0,certified_reset,0,1,0.1,0.09600612548161347,0.003993874518386541,0.08387136488611735,0.0,0.0,0,0,0.7550882186894707,0.28432356277949067,0.44886605820176195,-0.8827223260258154,0.7550882186894707,0.28432356277949067,-1.1707242852986979,0.6189742817116338,0.05718813824976203,0.29612046627603417
global_compatible,112,1,0,0,certified_reset,0,1,0.09600612548161347,0.09201225096322693,0.003993874518386541,0.07987749036773081,0.0,0.0,0,0,0.44886605820176195,-0.8827223260258154,-0.003113139415945717,-0.03232455216027294,0.44886605820176195,-0.8827223260258154,0.8533672778497521,0.3599423978538016,0.05718813824976203,0.29612046627603417
global_compatible,112,2,0,0,certified_reset,0,1,0.09201225096322693,0.0880183764448404,0.003993874518386541,0.07588361584934428,0.0,0.0,0,0,-0.003113139415945717,-0.03232455216027294,-0.018814589204637612,0.016145105064026423,-0.003113139415945717,-0.03232455216027294,0.050717515930271864,0.0002620760986017464,0.05718813824976203,0.29612046627603417
global_compatible,112,3,0,0,certified_reset,0,1,0.0880183764448404,0.08402450192645386,0.003993874518386541,0.07188974133095774,0.0,0.0,0,0,-0.018814589204637612,0.016145105064026423,-0.007752904280405934,0.0023698274688951845,-0.018814589204637612,0.016145105064026423,-0.0050423674478188305,0.00040154399883135804,0.05718813824976203,0.29612046627603417
global_compatible,112,4,0,0,certified_reset,0,1,0.08402450192645386,0.08003062740806732,0.003993874518386541,0.0678958668125712,0.0,0.0,0,0,-0.007752904280405934,0.0023698274688951845,-0.005196389698264886,0.008291829216130815,-0.007752904280405934,0.0023698274688951845,0.004228996093041609,6.156552978183011e-05,0.05718813824976203,0.29612046627603417
global_compatible,112,5,0,0,certified_reset,0,1,0.08003062740806732,0.07603675288968079,0.003993874518386541,0.06390199229418467,0.0,0.0,0,0,-0.005196389698264886,0.008291829216130815,-0.0007362430470827151,0.006632810930322809,-0.005196389698264886,0.008291829216130815,-0.007038794291001321,4.0616879237915756e-05,0.05718813824976203,0.29612046627603417
global_compatible,112,6,0,0,certified_reset,0,1,0.07603675288968079,0.07204287837129425,0.003993874518386541,0.05990811777579813,0.0,0.0,0,0,-0.0007362430470827151,0.006632810930322809,0.000694812183414105,0.005502032956427914,-0.0007362430470827151,0.006632810930322809,-0.009037091498346196,1.0502731943848418e-05,0.05718813824976203,0.29612046627603417
global_compatible,112,7,0,0,certified_reset,0,1,0.07204287837129425,0.06804900385290771,0.003993874518386541,0.05591424325741159,0.0,0.0,0,0,0.000694812183414105,0.005502032956427914,-0.013075874786117565,0.0010968485424210422,0.000694812183414105,0.005502032956427914,-0.008797324058906932,7.866612732807645e-06,0.05718813824976203,0.29612046627603417
global_compatible,112,8,0,0,certified_reset,0,1,0.06804900385290771,0.06405512933452118,0.003993874518386541,0.051920368739025044,0.0,0.0,0,0,-0.013075874786117565,0.0010968485424210422,-0.010138514543603566,0.008982431169309132,-0.013075874786117565,0.0010968485424210422,0.011406662985646496,0.00017444785424443,0.05718813824976203,0.29612046627603417
global_compatible,112,9,0,0,certified_reset,0,1,0.06405512933452118,0.060061254816134634,0.003993874518386541,0.0479264942206385,0.0,0.0,0,0,-0.010138514543603566,0.008982431169309132,0.00598737013593053,-0.0015980068105122345,-0.010138514543603566,0.008982431169309132,-0.003135071399046748,0.00011755832651583676,0.05718813824976203,0.29612046627603417
global_compatible,112,10,0,0,certified_reset,0,1,0.060061254816134634,0.05606738029774809,0.003993874518386541,0.04393261970225196,0.0,0.0,0,0,0.00598737013593053,-0.0015980068105122345,0.00016064469277323997,0.004187116610964605,0.00598737013593053,-0.0015980068105122345,-0.0036062380216639258,3.663337759931497e-05,0.05718813824976203,0.29612046627603417
global_compatible,112,11,0,0,certified_reset,0,1,0.05606738029774809,0.05207350577936155,0.003993874518386541,0.039938745183865414,0.0,0.0,0,0,0.00016064469277323997,0.004187116610964605,0.002063830812234533,-0.0035509773952548318,0.00016064469277323997,0.004187116610964605,-0.006330371811374502,4.1833970915591605e-06,0.05718813824976203,0.29612046627603417
global_compatible,112,12,0,0,certified_reset,0,1,0.05207350577936155,0.048079631260975,0.003993874518386541,0.03594487066547887,0.0,0.0,0,0,0.002063830812234533,-0.0035509773952548318,0.0009981576258276885,0.016793460540182714,0.002063830812234533,-0.0035509773952548318,0.0031721225385890643,6.780655939614213e-06,0.05718813824976203,0.29612046627603417
global_compatible,112,13,0,0,certified_reset,0,1,0.048079631260975,0.04408575674258846,0.003993874518386541,0.03195099614709233,0.0,0.0,0,0,0.0009981576258276885,0.016793460540182714,-0.002756287696462921,0.0026997991600281254,0.0009981576258276885,0.016793460540182714,-0.02573332477219526,6.831507578642122e-05,0.05718813824976203,0.29612046627603417
global_compatible,112,14,0,0,certified_reset,0,1,0.04408575674258846,0.040091882224201916,0.003993874518386541,0.027957121628705783,0.0,0.0,0,0,-0.002756287696462921,0.0026997991600281254,-0.0037804571899123294,-0.0024526450488897497,-0.002756287696462921,0.0026997991600281254,-0.0012312668884068227,8.947027110242993e-06,0.05718813824976203,0.29612046627603417
global_compatible,112,15,0,0,certified_reset,0,1,0.040091882224201916,0.03609800770581537,0.003993874518386541,0.023963247110319243,0.0,0.0,0,0,-0.0037804571899123294,-0.0024526450488897497,-0.0020393578765834663,0.00605109284675084,-0.0037804571899123294,-0.0024526450488897497,0.007373100378605833,1.6733705987036576e-05,0.05718813824976203,0.29612046627603417
global_compatible,112,16,0,0,certified_reset,0,1,0.03609800770581537,0.03210413318742883,0.003993874518386541,0.019969372591932703,0.0,0.0,0,0,-0.0020393578765834663,0.00605109284675084,-0.00230990093742477,-0.012983868440641214,-0.0020393578765834663,0.00605109284675084,-0.0068819696294254015,1.1933848633491219e-05,0.05718813824976203,0.29612046627603417
global_compatible,112,17,0,0,certified_reset,0,1,0.03210413318742883,0.02811025866904229,0.003993874518386541,0.015975498073546163,0.0,0.0,0,0,-0.00230990093742477,-0.012983868440641214,-0.0012452862560843581,0.010001751818901856,-0.00230990093742477,-0.012983868440641214,0.02142820065845858,4.7159388070293145e-05,0.05718813824976203,0.29612046627603417
global_compatible,112,18,0,0,certified_reset,0,1,0.02811025866904229,0.02411638415065575,0.003993874518386541,0.011981623555159623,0.0,0.0,0,0,-0.0012452862560843581,0.010001751818901856,0.0039654979146506175,0.005052969805226621,-0.0012452862560843581,0.010001751818901856,-0.013496096675609137,2.411066059697048e-05,0.05718813824976203,0.29612046627603417
global_compatible,112,19,0,0,certified_reset,0,1,0.02411638415065575,0.02012250963226921,0.003993874518386541,0.007987749036773082,0.0,0.0,0,0,0.0039654979146506175,0.005052969805226621,0.010268683264703,0.0029413890358635647,0.0039654979146506175,0.005052969805226621,-0.011389648042825497,2.3564126468040115e-05,0.05718813824976203,0.29612046627603417
global_compatible,112,20,0,0,certified_reset,0,1,0.02012250963226921,0.01612863511388267,0.003993874518386541,0.003993874518386541,0.0,0.0,0,0,0.010268683264703,0.0029413890358635647,0.019799105216060594,-0.01295987726053543,0.010268683264703,0.0029413890358635647,-0.0145573314022639,0.00011230107193252864,0.05718813824976203,0.29612046627603417
global_compatible,112,21,0,0,certified_reset,0,1,0.01612863511388267,0.01213476059549613,0.003993874518386541,0.0,0.0,0.0,0,0,0.019799105216060594,-0.01295987726053543,0.006731042831765138,-0.005040048311629259,0.019799105216060594,-0.01295987726053543,-0.000626158563127719,0.000422246884569758,0.05718813824976203,0.29612046627603417
global_compatible,113,0,0,0,certified_reset,0,1,0.1,0.09600612548161347,0.003993874518386541,0.08387136488611735,0.0,0.0,0,0,2.9566674930942547,0.39033031397876317,2.5689151377420374,-1.1671636128321976,2.9566674930942547,0.39033031397876317,-1.55,8.829369560442203,0.05718813824976203,0.29612046627603417
global_compatible,113,1,0,0,certified_reset,0,1,0.09600612548161347,0.09201225096322693,0.003993874518386541,0.07987749036773081,0.0,0.0,0,0,2.5689151377420374,-1.1671636128321976,1.114685087535011,-1.7352497589949831,2.5689151377420374,-1.1671636128321976,-0.5766587020787814,6.852847128228782,0.05718813824976203,0.29612046627603417
global_compatible,113,2,0,0,certified_reset,0,1,0.09201225096322693,0.0880183764448404,0.003993874518386541,0.07588361584934428,0.0,0.0,0,0,1.114685087535011,-1.7352497589949831,0.10095131222598795,-0.28463682625526227,1.114685087535011,-1.7352497589949831,1.446225448263542,1.8368085562496486,0.05718813824976203,0.29612046627603417
global_compatible,113,3,1,1,certified_reset,0,1,0.0880183764448404,0.08402450192645386,0.003993874518386541,0.07188974133095774,0.0,0.0,0,0,0.10095131222598795,-0.28463682625526227,-0.005941995756948693,0.03120607635854083,0.10095131222598795,-0.28463682625526227,0.31877342087483024,0.027314841901475248,0.05718813824976203,0.29612046627603417
global_compatible,113,4,1,1,certified_reset,0,1,0.08402450192645386,0.08003062740806732,0.003993874518386541,0.0678958668125712,0.0,0.0,0,0,-0.005941995756948693,0.03120607635854083,-0.01906568733559645,-0.035734491921289815,-0.005941995756948693,0.03120607635854083,-0.040055178775584656,0.00025070520354931206,0.05718813824976203,0.29612046627603417
global_compatible,113,5,0,0,certified_reset,0,1,0.08003062740806732,0.07603675288968079,0.003993874518386541,0.06390199229418467,0.0,0.0,0,0,-0.01906568733559645,-0.035734491921289815,-0.02439515869402865,0.02904763147741006,-0.01906568733559645,-0.035734491921289815,0.07162602612897423,0.0007216093283715263,0.05718813824976203,0.29612046627603417
global_compatible,113,6,0,0,certified_reset,0,1,0.07603675288968079,0.07204287837129425,0.003993874518386541,0.05990811777579813,0.0,0.0,0,0,-0.02439515869402865,0.02904763147741006,-0.009193822442432945,0.019751498154790475,-0.02439515869402865,0.02904763147741006,-0.018498593117720723,0.0007555563973907526,0.05718813824976203,0.29612046627603417
global_compatible,113,7,0,0,certified_reset,0,1,0.07204287837129425,0.06804900385290771,0.003993874518386541,0.05591424325741159,0.0,0.0,0,0,-0.009193822442432945,0.019751498154790475,-0.002868193495403687,-0.015510592347545938,-0.009193822442432945,0.019751498154790475,-0.019939316836935245,0.0001646876822856404,0.05718813824976203,0.29612046627603417
global_compatible,113,8,0,0,certified_reset,0,1,0.06804900385290771,0.06405512933452118,0.003993874518386541,0.051920368739025044,0.0,0.0,0,0,-0.002868193495403687,-0.015510592347545938,0.001398753407978401,0.008191854751769027,-0.002868193495403687,-0.015510592347545938,0.02570465908471204,6.804889688852286e-05,0.05718813824976203,0.29612046627603417
global_compatible,113,9,1,1,certified_reset,0,1,0.06405512933452118,0.060061254816134634,0.003993874518386541,0.0479264942206385,0.0,0.0,0,0,0.001398753407978401,0.008191854751769027,-0.012147109582286986,-0.057365764535117124,0.001398753407978401,0.008191854751769027,-0.013460079709532393,1.8565021910339875e-05,0.05718813824976203,0.29612046627603417
global_compatible,113,10,1,1,certified_reset,0,1,0.060061254816134634,0.05606738029774809,0.003993874518386541,0.04393261970225196,0.0,0.0,0,0,-0.012147109582286986,-0.057365764535117124,-0.014926011439452708,0.016066287799055265,-0.012147109582286986,-0.057365764535117124,0.09660116503874369,0.0009731964677008834,0.05718813824976203,0.29612046627603417
global_compatible,113,11,1,1,certified_reset,0,1,0.05606738029774809,0.05207350577936155,0.003993874518386541,0.039938745183865414,0.0,0.0,0,0,-0.014926011439452708,0.016066287799055265,-0.003772627719955614,0.011866780624130949,-0.014926011439452708,0.016066287799055265,-0.00880751675315485,0.0002711877349301737,0.05718813824976203,0.29612046627603417
global_compatible,113,12,1,1,certified_reset,0,1,0.05207350577936155,0.048079631260975,0.003993874518386541,0.03594487066547887,0.0,0.0,0,0,-0.003772627719955614,0.011866780624130949,0.01770988713910045,0.01844237415230398,-0.003772627719955614,0.011866780624130949,-0.013724079581571054,4.428916575103483e-05,0.05718813824976203,0.29612046627603417
global_compatible,113,13,1,1,certified_reset,0,1,0.048079631260975,0.04408575674258846,0.003993874518386541,0.03195099614709233,0.0,0.0,0,0,0.01770988713910045,0.01844237415230398,0.014350900485856218,-0.04170010583192925,0.01770988713910045,0.01844237415230398,-0.04480621199922218,0.0004250518279098992,0.05718813824976203,0.29612046627603417
global_compatible,113,14,1,1,certified_reset,0,1,0.04408575674258846,0.040091882224201916,0.003993874518386541,0.027957121628705783,0.0,0.0,0,0,0.014350900485856218,-0.04170010583192925,0.011123418009455138,0.006347162713098842,0.014350900485856218,-0.04170010583192925,0.04713953894872792,0.0005745035368133521,0.05718813824976203,0.29612046627603417
global_compatible,113,15,1,1,certified_reset,0,1,0.040091882224201916,0.03609800770581537,0.003993874518386541,0.023963247110319243,0.0,0.0,0,0,0.011123418009455138,0.006347162713098842,0.025991062211837328,-0.023528822311285672,0.011123418009455138,0.006347162713098842,-0.02042726825780648,0.00014141382583616,0.05718813824976203,0.29612046627603417
global_compatible,113,16,1,1,certified_reset,0,1,0.03609800770581537,0.03210413318742883,0.003993874518386541,0.019969372591932703,0.0,0.0,0,0,0.025991062211837328,-0.023528822311285672,0.0157271257149362,0.0016185883334535623,0.025991062211837328,-0.023528822311285672,0.008779383900051054,0.0007771112407253,0.05718813824976203,0.29612046627603417
global_compatible,113,17,1,1,certified_reset,0,1,0.03210413318742883,0.02811025866904229,0.003993874518386541,0.015975498073546163,0.0,0.0,0,0,0.0157271257149362,0.0016185883334535623,-0.0018018061449646076,-0.030551720245872938,0.0157271257149362,0.0016185883334535623,-0.018044871066628422,0.00025595448662346307,0.05718813824976203,0.29612046627603417
global_compatible,113,18,1,1,certified_reset,0,1,0.02811025866904229,0.02411638415065575,0.003993874518386541,0.011981623555159623,0.0,0.0,0,0,-0.0018018061449646076,-0.030551720245872938,0.011405073898251558,0.03933050711488868,-0.0018018061449646076,-0.030551720245872938,0.046802135544323206,0.00022602087246853707,0.05718813824976203,0.29612046627603417
global_compatible,113,19,0,0,certified_reset,0,1,0.02411638415065575,0.02012250963226921,0.003993874518386541,0.007987749036773082,0.0,0.0,0,0,0.011405073898251558,0.03933050711488868,0.018459548849129325,-0.033725630945912584,0.011405073898251558,0.03933050711488868,-0.06929604659928536,0.0005285642446664128,0.05718813824976203,0.29612046627603417
global_compatible,113,20,0,0,certified_reset,0,1,0.02012250963226921,0.01612863511388267,0.003993874518386541,0.003993874518386541,0.0,0.0,0,0,0.018459548849129325,-0.033725630945912584,-0.0004627683281795261,-0.0023572689686626766,0.018459548849129325,-0.033725630945912584,0.031302545471005076,0.0005699864504234817,0.05718813824976203,0.29612046627603417
global_compatible,113,21,0,0,certified_reset,0,1,0.01612863511388267,0.01213476059549613,0.003993874518386541,0.0,0.0,0.0,0,0,-0.0004627683281795261,-0.0023572689686626766,-0.009484609622603158,-0.0006423081853140617,-0.0004627683281795261,-0.0023572689686626766,0.0039345395964805446,1.6013786297845055e-06,0.05718813824976203,0.29612046627603417
global_compatible,114,0,0,0,certified_reset,0,1,0.1,0.09600612548161347,0.003993874518386541,0.08387136488611735,0.0,0.0,0,0,0.2828757241337261,-0.23067974284713527,0.08402274094603661,-0.17786698338695636,0.2828757241337261,-0.23067974284713527,0.05813326985898702,0.08968152810759603,0.05718813824976203,0.29612046627603417
global_compatible,114,1,0,0,certified_reset,0,1,0.09600612548161347,0.09201225096322693,0.003993874518386541,0.07987749036773081,0.0,0.0,0,0,0.08402274094603661,-0.17786698338695636,-0.014670555428259914,-0.0018062633810116803,0.08402274094603661,-0.17786698338695636,0.1783509639302352,0.013549647134707524,0.05718813824976203,0.29612046627603417
global_compatible,114,2,0,0,certified_reset,0,1,0.09201225096322693,0.0880183764448404,0.003993874518386541,0.07588361584934428,0.0,0.0,0,0,-0.014670555428259914,-0.0018062633810116803,-1.0203082639013983e-06,0.011593107332566058,-0.014670555428259914,-0.0018062633810116803,0.017266885970581493,0.0002232660960839581,0.05718813824976203,0.29612046627603417
global_compatible,114,3,0,0,certified_reset,0,1,0.0880183764448404,0.08402450192645386,0.003993874518386541,0.07188974133095774,0.0,0.0,0,0,-1.0203082639013983e-06,0.011593107332566058,-0.0025674204616570493,-0.0059423981643942116,-1.0203082639013983e-06,0.011593107332566058,-0.01707938332065089,3.1484659178763594e-05,0.05718813824976203,0.29612046627603417
global_compatible,114,4,0,0,certified_reset,0,1,0.08402450192645386,0.08003062740806732,0.003993874518386541,0.0678958668125712,0.0,0.0,0,0,-0.0025674204616570493,-0.0059423981643942116,-0.009240723487374602,0.0008019548952647206,-0.0025674204616570493,-0.0059423981643942116,0.011310340920671319,1.6145920390435824e-05,0.05718813824976203,0.29612046627603417
global_compatible,114,5,0,0,certified_reset,0,1,0.08003062740806732,0.07603675288968079,0.003993874518386541,0.06390199229418467,0.0,0.0,0,0,-0.009240723487374602,0.0008019548952647206,-0.004301604097947097,0.006010299205544773,-0.009240723487374602,0.0008019548952647206,0.008018104661851249,8.711398432705367e-05,0.05718813824976203,0.29612046627603417
global_compatible,114,6,0,0,certified_reset,0,1,0.07603675288968079,0.07204287837129425,0.003993874518386541,0.05990811777579813,0.0,0.0,0,0,-0.004301604097947097,0.006010299205544773,-0.005565924605663717,-0.005544304421088544,-0.004301604097947097,0.006010299205544773,-0.004569203874080268,2.5528003793778995e-05,0.05718813824976203,0.29612046627603417
global_compatible,114,7,0,0,certified_reset,0,1,0.07204287837129425,0.06804900385290771,0.003993874518386541,0.05591424325741159,0.0,0.0,0,0,-0.005565924605663717,-0.005544304421088544,0.004489775294260413,-0.005296850612507811,-0.005565924605663717,-0.005544304421088544,0.013709117234701893,4.121109017226917e-05,0.05718813824976203,0.29612046627603417
global_compatible,114,8,0,0,certified_reset,0,1,0.06804900385290771,0.06405512933452118,0.003993874518386541,0.051920368739025044,0.0,0.0,0,0,0.004489775294260413,-0.005296850612507811,0.0024776265088778428,-0.008888435256112841,0.004489775294260413,-0.005296850612507811,0.0033339776709890552,2.54861601247379e-05,0.05718813824976203,0.29612046627603417
global_compatible,114,9,0,0,certified_reset,0,1,0.06405512933452118,0.060061254816134634,0.003993874518386541,0.0479264942206385,0.0,0.0,0,0,0.0024776265088778428,-0.008888435256112841,-0.006101481333833291,-0.0010399173467993354,0.0024776265088778428,-0.008888435256112841,0.010623370849361363,2.318080395695048e-05,0.05718813824976203,0.29612046627603417
global_compatible,114,10,0,0,certified_reset,0,1,0.060061254816134634,0.05606738029774809,0.003993874518386541,0.04393261970225196,0.0,0.0,0,0,-0.006101481333833291,-0.0010399173467993354,-0.0015858364643234462,0.007937194697062371,-0.006101481333833291,-0.0010399173467993354,0.007606628752174402,3.886925154732258e-05,0.05718813824976203,0.29612046627603417
global_compatible,114,11,0,0,certified_reset,0,1,0.05606738029774809,0.05207350577936155,0.003993874518386541,0.039938745183865414,0.0,0.0,0,0,-0.0015858364643234462,0.007937194697062371,0.013752286394770767,-0.01277435822552846,-0.0015858364643234462,0.007937194697062371,-0.01011041783794772,1.641022175165868e-05,0.05718813824976203,0.29612046627603417
global_compatible,114,12,0,0,certified_reset,0,1,0.05207350577936155,0.048079631260975,0.003993874518386541,0.03594487066547887,0.0,0.0,0,0,0.013752286394770767,-0.01277435822552846,0.0034602777037822594,-0.011051654244484992,0.013752286394770767,-0.01277435822552846,0.005130728336557164,0.0002191566514687287,0.05718813824976203,0.29612046627603417
global_compatible,114,13,0,0,certified_reset,0,1,0.048079631260975,0.04408575674258846,0.003993874518386541,0.03195099614709233,0.0,0.0,0,0,0.0034602777037822594,-0.011051654244484992,0.0011117324787077265,0.0018204178539201052,0.0034602777037822594,-0.011051654244484992,0.012833122722626303,3.807577883477807e-05,0.05718813824976203,0.29612046627603417
global_compatible,114,14,0,0,certified_reset,0,1,0.04408575674258846,0.040091882224201916,0.003993874518386541,0.027957121628705783,0.0,0.0,0,0,0.0011117324787077265,0.0018204178539201052,0.01111351266042542,0.0011071227237289183,0.0011117324787077265,0.0018204178539201052,-0.0037883172186596284,2.191238597260246e-06,0.05718813824976203,0.29612046627603417
global_compatible,114,15,0,0,certified_reset,0,1,0.040091882224201916,0.03609800770581537,0.003993874518386541,0.023963247110319243,0.0,0.0,0,0,0.01111351266042542,0.0011071227237289183,0.0025435595062718685,-0.006924376488686636,0.01111351266042542,0.0011071227237289183,-0.012695724056836298,0.00012776032861719084,0.05718813824976203,0.29612046627603417
global_compatible,114,16,0,0,certified_reset,0,1,0.03609800770581537,0.03210413318742883,0.003993874518386541,0.019969372591932703,0.0,0.0,0,0,0.0025435595062718685,-0.006924376488686636,0.0061685356437999935,-0.008033413248587485,0.0025435595062718685,-0.006924376488686636,0.00766755650519545,1.6569938687228844e-05,0.05718813824976203,0.29612046627603417
global_compatible,114,17,0,0,certified_reset,0,1,0.03210413318742883,0.02811025866904229,0.003993874518386541,0.015975498073546163,0.0,0.0,0,0,0.0061685356437999935,-0.008033413248587485,0.011222535967354027,0.024805095457997653,0.0061685356437999935,-0.008033413248587485,0.005693782540880571,5.0477742095466476e-05,0.05718813824976203,0.29612046627603417
global_compatible,114,18,0,0,certified_reset,0,1,0.02811025866904229,0.02411638415065575,0.003993874518386541,0.011981623555159623,0.0,0.0,0,0,0.011222535967354027,0.024805095457997653,0.010518498423722482,-0.033272232129024186,0.011222535967354027,0.024805095457997653,-0.0477185316484538,0.0002936244670281346,0.05718813824976203,0.29612046627603417
global_compatible,114,19,0,0,certified_reset,0,1,0.02411638415065575,0.02012250963226921,0.003993874518386541,0.007987749036773082,0.0,0.0,0,0,0.010518498423722482,-0.033272232129024186,-0.002793556298553961,0.0002835797526063808,0.010518498423722482,-0.033272232129024186,0.03854262924152657,0.00034704462336367727,0.05718813824976203,0.29612046627603417
global_compatible,114,20,0,0,certified_reset,0,1,0.02012250963226921,0.01612863511388267,0.003993874518386541,0.003993874518386541,0.0,0.0,0,0,-0.002793556298553961,0.0002835797526063808,-0.004417282441060345,-0.0008228861937339942,-0.002793556298553961,0.0002835797526063808,0.002364877544023734,7.958248083842095e-06,0.05718813824976203,0.29612046627603417
global_compatible,114,21,0,0,certified_reset,0,1,0.01612863511388267,0.01213476059549613,0.003993874518386541,0.0,0.0,0.0,0,0,-0.004417282441060345,-0.0008228861937339942,-0.002458482604757535,-0.005210210111431197,-0.004417282441060345,-0.0008228861937339942,0.005608936924417745,2.042077400346331e-05,0.05718813824976203,0.29612046627603417
global_compatible,115,0,0,0,certified_reset,0,1,0.1,0.09600612548161347,0.003993874518386541,0.08387136488611735,0.0,0.0,0,0,5.411706009126478,0.5531425406544624,5.1869386383246905,-1.006312627155104,5.411706009126478,0.5531425406544624,-1.55,29.401698429866332,0.05718813824976203,0.29612046627603417
global_compatible,115,1,0,0,certified_reset,0,1,0.09600612548161347,0.09201225096322693,0.003993874518386541,0.07987749036773081,0.0,0.0,0,0,5.1869386383246905,-1.006312627155104,3.3988304430046767,-2.5530055522570896,5.1869386383246905,-1.006312627155104,-1.55,27.14667465638852,0.05718813824976203,0.29612046627603417
global_compatible,115,2,0,0,certified_reset,0,1,0.09201225096322693,0.0880183764448404,0.003993874518386541,0.07588361584934428,0.0,0.0,0,0,3.3988304430046767,-2.5530055522570896,1.2123428203217448,-1.841151186357449,3.3988304430046767,-2.5530055522570896,0.7191823230412184,12.738189683613736,0.05718813824976203,0.29612046627603417
global_compatible,115,3,0,0,certified_reset,0,1,0.0880183764448404,0.08402450192645386,0.003993874518386541,0.07188974133095774,0.0,0.0,0,0,1.2123428203217448,-1.841151186357449,0.12859996399568238,-0.33086009128446064,1.2123428203217448,-1.841151186357449,1.5049802746116578,2.1365700390445164,0.05718813824976203,0.29612046627603417
global_compatible,115,4,0,0,certified_reset,0,1,0.08402450192645386,0.08003062740806732,0.003993874518386541,0.0678958668125712,0.0,0.0,0,0,0.12859996399568238,-0.33086009128446064,-0.024308677865501283,0.027115587690756858,0.12859996399568238,-0.33086009128446064,0.3593314767551615,0.039470240495224025,0.05718813824976203,0.29612046627603417
global_compatible,115,5,0,0,certified_reset,0,1,0.08003062740806732,0.07603675288968079,0.003993874518386541,0.06390199229418467,0.0,0.0,0,0,-0.024308677865501283,0.027115587690756858,-0.01001793918102642,0.0015620283037157453,-0.024308677865501283,0.027115587690756858,-0.01573923791859573,0.0007294508270718885,0.05718813824976203,0.29612046627603417
global_compatible,115,6,0,0,certified_reset,0,1,0.07603675288968079,0.07204287837129425,0.003993874518386541,0.05990811777579813,0.0,0.0,0,0,-0.01001793918102642,0.0015620283037157453,-0.010078681652169156,0.013683629602170691,-0.01001793918102642,0.0015620283037157453,0.007671641420618807,0.00010226964532279778,0.05718813824976203,0.29612046627603417
global_compatible,115,7,0,0,certified_reset,0,1,0.07204287837129425,0.06804900385290771,0.003993874518386541,0.05591424325741159,0.0,0.0,0,0,-0.010078681652169156,0.013683629602170691,0.005007503328004463,-0.0008740934033456436,-0.010078681652169156,0.013683629602170691,-0.010120709904610163,0.0001378440525061954,0.05718813824976203,0.29612046627603417
global_compatible,115,8,0,0,certified_reset,0,1,0.06804900385290771,0.06405512933452118,0.003993874518386541,0.051920368739025044,0.0,0.0,0,0,0.005007503328004463,-0.0008740934033456436,0.00401120801176599,0.0018035558732770948,0.005007503328004463,-0.0008740934033456436,-0.003695297393599922,2.5553997220653456e-05,0.05718813824976203,0.29612046627603417
global_compatible,115,9,0,0,certified_reset,0,1,0.06405512933452118,0.060061254816134634,0.003993874518386541,0.0479264942206385,0.0,0.0,0,0,0.00401120801176599,0.0018035558732770948,0.01036646550749009,-0.002766332024985201,0.00401120801176599,0.0018035558732770948,-0.006651279394651302,1.77812841351443e-05,0.05718813824976203,0.29612046627603417
global_compatible,115,10,0,0,certified_reset,0,1,0.060061254816134634,0.05606738029774809,0.003993874518386541,0.04393261970225196,0.0,0.0,0,0,0.01036646550749009,-0.002766332024985201,0.00756481379700089,-0.00480910572767172,0.01036646550749009,-0.002766332024985201,-0.006245606832538214,0.00010981626395269054,0.05718813824976203,0.29612046627603417
global_compatible,115,11,0,0,certified_reset,0,1,0.05606738029774809,0.05207350577936155,0.003993874518386541,0.039938745183865414,0.0,0.0,0,0,0.00756481379700089,-0.00480910572767172,0.0044700617608581395,-0.005874881813852201,0.00756481379700089,-0.00480910572767172,-0.0004499719577227252,6.139441927434993e-05,0.05718813824976203,0.29612046627603417
global_compatible,115,12,0,0,certified_reset,0,1,0.05207350577936155,0.048079631260975,0.003993874518386541,0.03594487066547887,0.0,0.0,0,0,0.0044700617608581395,-0.005874881813852201,-0.009121880593413206,0.0008171228067633315,0.0044700617608581395,-0.005874881813852201,0.004202437292512101,2.663552666463522e-05,0.05718813824976203,0.29612046627603417
global_compatible,115,13,0,0,certified_reset,0,1,0.048079631260975,0.04408575674258846,0.003993874518386541,0.03195099614709233,0.0,0.0,0,0,-0.009121880593413206,0.0008171228067633315,-0.005084594682291375,0.012271402509506976,-0.009121880593413206,0.0008171228067633315,0.00787825551903258,8.488056245370756e-05,0.05718813824976203,0.29612046627603417
global_compatible,115,14,0,0,certified_reset,0,1,0.04408575674258846,0.040091882224201916,0.003993874518386541,0.027957121628705783,0.0,0.0,0,0,-0.005084594682291375,0.012271402509506976,0.008669173215394402,-0.004982406355362694,-0.005084594682291375,0.012271402509506976,-0.013012806010282554,5.719214860877701e-05,0.05718813824976203,0.29612046627603417
global_compatible,115,15,0,0,certified_reset,0,1,0.040091882224201916,0.03609800770581537,0.003993874518386541,0.023963247110319243,0.0,0.0,0,0,0.008669173215394402,-0.004982406355362694,0.004293004277352999,-0.011571826143350804,0.008669173215394402,-0.004982406355362694,-0.0012905092295609213,7.966458674649383e-05,0.05718813824976203,0.29612046627603417
global_compatible,115,16,0,0,certified_reset,0,1,0.03609800770581537,0.03210413318742883,0.003993874518386541,0.019969372591932703,0.0,0.0,0,0,0.004293004277352999,-0.011571826143350804,-0.0035022947305195606,-0.005534598619353274,0.004293004277352999,-0.011571826143350804,0.012769995297534068,4.660999407539588e-05,0.05718813824976203,0.29612046627603417
global_compatible,115,17,0,0,certified_reset,0,1,0.03210413318742883,0.02811025866904229,0.003993874518386541,0.015975498073546163,0.0,0.0,0,0,-0.0035022947305195606,-0.005534598619353274,0.0025125371084467607,0.01176867693983864,-0.0035022947305195606,-0.005534598619353274,0.011638335063420015,2.1166060193558363e-05,0.05718813824976203,0.29612046627603417
global_compatible,115,18,0,0,certified_reset,0,1,0.02811025866904229,0.02411638415065575,0.003993874518386541,0.011981623555159623,0.0,0.0,0,0,0.0025125371084467607,0.01176867693983864,0.010497181075303837,-0.009825141555602369,0.0025125371084467607,0.01176867693983864,-0.01984113064471563,4.108492059741101e-05,0.05718813824976203,0.29612046627603417
global_compatible,115,19,0,0,certified_reset,0,1,0.02411638415065575,0.02012250963226921,0.003993874518386541,0.007987749036773082,0.0,0.0,0,0,0.010497181075303837,-0.009825141555602369,0.005147687318868659,0.007458994898197561,0.010497181075303837,-0.009825141555602369,0.004020903648747691,0.00012797101536730226,0.05718813824976203,0.29612046627603417
global_compatible,115,20,0,0,certified_reset,0,1,0.02012250963226921,0.01612863511388267,0.003993874518386541,0.003993874518386541,0.0,0.0,0,0,0.005147687318868659,0.007458994898197561,-0.005479715914774877,-0.017144361569177917,0.005147687318868659,0.007458994898197561,-0.016113333181813443,4.3004261268985156e-05,0.05718813824976203,0.29612046627603417
global_compatible,115,21,0,0,certified_reset,0,1,0.01612863511388267,0.01213476059549613,0.003993874518386541,0.0,0.0,0.0,0,0,-0.005479715914774877,-0.017144361569177917,-0.0068251779486419965,0.017885591306808283,-0.005479715914774877,-0.017144361569177917,0.03071526089446842,0.00010652021185266543,0.05718813824976203,0.29612046627603417
global_compatible,116,0,0,0,certified_reset,0,1,0.1,0.09600612548161347,0.003993874518386541,0.08387136488611735,0.0,0.0,0,0,-0.6676595784707668,-0.5702584874163067,-0.48620839783618763,0.9284664000917104,-0.6676595784707668,-0.5702584874163067,1.50487395552517,0.5609205069188715,0.05718813824976203,0.29612046627603417
global_compatible,116,1,0,0,certified_reset,0,1,0.09600612548161347,0.09201225096322693,0.003993874518386541,0.07987749036773081,0.0,0.0,0,0,-0.48620839783618763,0.9284664000917104,0.0020733551658878024,0.051702553811523846,-0.48620839783618763,0.9284664000917104,-0.8835688677712686,0.41108492882666436,0.05718813824976203,0.29612046627603417
global_compatible,116,2,0,0,certified_reset,0,1,0.09201225096322693,0.0880183764448404,0.003993874518386541,0.07588361584934428,0.0,0.0,0,0,0.0020733551658878024,0.051702553811523846,0.01550850813753882,-0.02350045547625087,0.0020733551658878024,0.051702553811523846,-0.07822781998701725,0.0006384563298559764,0.05718813824976203,0.29612046627603417
global_compatible,116,3,0,0,certified_reset,0,1,0.0880183764448404,0.08402450192645386,0.003993874518386541,0.07188974133095774,0.0,0.0,0,0,0.01550850813753882,-0.02350045547625087,0.002486129146417515,0.0006611289206047864,0.01550850813753882,-0.02350045547625087,0.019176983657885917,0.0003491165955739033,0.05718813824976203,0.29612046627603417
global_compatible,116,4,0,0,certified_reset,0,1,0.08402450192645386,0.08003062740806732,0.003993874518386541,0.0678958668125712,0.0,0.0,0,0,0.002486129146417515,0.0006611289206047864,0.005971396885885038,-0.004654268739024683,0.002486129146417515,0.0006611289206047864,-0.0034466969608523902,6.556507592104219e-06,0.05718813824976203,0.29612046627603417
global_compatible,116,5,0,0,certified_reset,0,1,0.08003062740806732,0.07603675288968079,0.003993874518386541,0.06390199229418467,0.0,0.0,0,0,0.005971396885885038,-0.004654268739024683,0.002852871185400784,-0.005528606588509763,0.005971396885885038,-0.004654268739024683,0.0009100549218071288,3.957748491688641e-05,0.05718813824976203,0.29612046627603417
global_compatible,116,6,0,0,certified_reset,0,1,0.07603675288968079,0.07204287837129425,0.003993874518386541,0.05990811777579813,0.0,0.0,0,0,0.002852871185400784,-0.005528606588509763,0.006540222669803218,-0.009754228003062757,0.002852871185400784,-0.005528606588509763,0.005302692247907847,1.4343625973283065e-05,0.05718813824976203,0.29612046627603417
global_compatible,116,7,0,0,certified_reset,0,1,0.07204287837129425,0.06804900385290771,0.003993874518386541,0.05591424325741159,0.0,0.0,0,0,0.006540222669803218,-0.009754228003062757,0.005315237848983426,0.004869460517631735,0.006540222669803218,-0.009754228003062757,0.007857386721178448,6.144406923119378e-05,0.05718813824976203,0.29612046627603417
global_compatible,116,8,0,0,certified_reset,0,1,0.06804900385290771,0.06405512933452118,0.003993874518386541,0.051920368739025044,0.0,0.0,0,0,0.005315237848983426,0.004869460517631735,0.002065479612054567,-0.010169617374289048,0.005315237848983426,0.004869460517631735,-0.012467312754745183,3.640569680628113e-05,0.05718813824976203,0.29612046627603417
global_compatible,116,9,0,0,certified_reset,0,1,0.06405512933452118,0.060061254816134634,0.003993874518386541,0.0479264942206385,0.0,0.0,0,0,0.002065479612054567,-0.010169617374289048,-0.006962258697102714,0.002054201682525582,0.002065479612054567,-0.010169617374289048,0.012924061297215945,2.7057791195267463e-05,0.05718813824976203,0.29612046627603417
global_compatible,116,10,0,0,certified_reset,0,1,0.060061254816134634,0.05606738029774809,0.003993874518386541,0.04393261970225196,0.0,0.0,0,0,-0.006962258697102714,0.002054201682525582,0.00036075762550256876,0.008729452126058754,-0.006962258697102714,0.002054201682525582,0.003903631672161093,4.9613558690628226e-05,0.05718813824976203,0.29612046627603417
global_compatible,116,11,0,0,certified_reset,0,1,0.05606738029774809,0.05207350577936155,0.003993874518386541,0.039938745183865414,0.0,0.0,0,0,0.00036075762550256876,0.008729452126058754,0.00055228293502575,-0.006006440609158416,0.00036075762550256876,0.008729452126058754,-0.013216521026678866,1.821365696138167e-05,0.05718813824976203,0.29612046627603417
global_compatible,116,12,0,0,certified_reset,0,1,0.05207350577936155,0.048079631260975,0.003993874518386541,0.03594487066547887,0.0,0.0,0,0,0.00055228293502575,-0.006006440609158416,-0.006995384135837283,0.0023539663447116966,0.00055228293502575,-0.006006440609158416,0.008297487027575353,8.520142897082704e-06,0.05718813824976203,0.29612046627603417
global_compatible,116,13,0,0,certified_reset,0,1,0.048079631260975,0.04408575674258846,0.003993874518386541,0.03195099614709233,0.0,0.0,0,0,-0.006995384135837283,0.0023539663447116966,-0.00647829627686042,0.007058562560114193,-0.006995384135837283,0.0023539663447116966,0.003495973047593252,5.0238353256027744e-05,0.05718813824976203,0.29612046627603417
global_compatible,116,14,0,0,certified_reset,0,1,0.04408575674258846,0.040091882224201916,0.003993874518386541,0.027957121628705783,0.0,0.0,0,0,-0.00647829627686042,0.007058562560114193,0.00030710904822770315,-0.012502380926203862,-0.00647829627686042,0.007058562560114193,-0.003943426070169158,5.1325282854764066e-05,0.05718813824976203,0.29612046627603417
global_compatible,116,15,0,0,certified_reset,0,1,0.040091882224201916,0.03609800770581537,0.003993874518386541,0.023963247110319243,0.0,0.0,0,0,0.00030710904822770315,-0.012502380926203862,-0.005904637607130129,-0.0012065497764063146,0.00030710904822770315,-0.012502380926203862,0.018108827469138302,3.6428271963481884e-05,0.05718813824976203,0.29612046627603417
global_compatible,116,16,0,0,certified_reset,0,1,0.03609800770581537,0.03210413318742883,0.003993874518386541,0.019969372591932703,0.0,0.0,0,0,-0.005904637607130129,-0.0012065497764063146,0.0011710669135246883,-0.0026164240310209723,-0.005904637607130129,-0.0012065497764063146,0.00765999109139559,3.659366908487221e-05,0.05718813824976203,0.29612046627603417
global_compatible,116,17,0,0,certified_reset,0,1,0.03210413318742883,0.02811025866904229,0.003993874518386541,0.015975498073546163,0.0,0.0,0,0,0.0011710669135246883,-0.0026164240310209723,-0.005821890070388506,0.005807649300568855,0.0011710669135246883,-0.0026164240310209723,0.002691448641310377,2.7847165584912528e-06,0.05718813824976203,0.29612046627603417
global_compatible,116,18,0,0,certified_reset,0,1,0.02811025866904229,0.02411638415065575,0.003993874518386541,0.011981623555159623,0.0,0.0,0,0,-0.005821890070388506,0.005807649300568855,0.0028459761224450993,0.0012834030673783588,-0.005821890070388506,0.005807649300568855,-0.0027563450138981768,4.0155522209290944e-05,0.05718813824976203,0.29612046627603417
global_compatible,116,19,0,0,certified_reset,0,1,0.02411638415065575,0.02012250963226921,0.003993874518386541,0.007987749036773082,0.0,0.0,0,0,0.0028459761224450993,0.0012834030673783588,0.008078109707920287,-0.00971391955003265,0.0028459761224450993,0.0012834030673783588,-0.004721760482160259,8.953437858804011e-06,0.05718813824976203,0.29612046627603417
global_compatible,116,20,0,0,certified_reset,0,1,0.02012250963226921,0.01612863511388267,0.003993874518386541,0.003993874518386541,0.0,0.0,0,0,0.008078109707920287,-0.00971391955003265,-0.0024575714346744396,-0.004560313137114639,0.008078109707920287,-0.00971391955003265,0.0062620390053816114,8.322102671023016e-05,0.05718813824976203,0.29612046627603417
global_compatible,116,21,0,0,certified_reset,0,1,0.01612863511388267,0.01213476059549613,0.003993874518386541,0.0,0.0,0.0,0,0,-0.0024575714346744396,-0.004560313137114639,-0.013111667372425844,0.011040612861441448,-0.0024575714346744396,-0.004560313137114639,0.00916407129338615,1.188252448682165e-05,0.05718813824976203,0.29612046627603417
global_compatible,117,0,0,0,certified_reset,0,1,0.1,0.09600612548161347,0.003993874518386541,0.08387136488611735,0.0,0.0,0,0,-3.6053097244969816,0.0939919661562667,-2.733679419701623,1.6499752105592773,-3.6053097244969816,0.0939919661562667,1.5499999999998197,13.059910917698835,0.05718813824976203,0.29612046627603417
global_compatible,117,1,0,0,certified_reset,0,1,0.09600612548161347,0.09201225096322693,0.003993874518386541,0.07987749036773081,0.0,0.0,0,0,-2.733679419701623,1.6499752105592773,-1.0661145892577644,1.6890405384291027,-2.733679419701623,1.6499752105592773,0.04988011881067671,7.963100645539342,0.05718813824976203,0.29612046627603417
global_compatible,117,2,0,0,certified_reset,0,1,0.09201225096322693,0.0880183764448404,0.003993874518386541,0.07588361584934428,0.0,0.0,0,0,-1.0661145892577644,1.6890405384291027,-0.09207449445835597,0.25081610584194386,-1.0661145892577644,1.6890405384291027,-1.4265182039866362,1.7009886013681201,0.05718813824976203,0.29612046627603417
global_compatible,117,3,0,0,certified_reset,0,1,0.0880183764448404,0.08402450192645386,0.003993874518386541,0.07188974133095774,0.0,0.0,0,0,-0.09207449445835597,0.25081610584194386,0.015387358405341153,-0.02993563201178318,-0.09207449445835597,0.25081610584194386,-0.2777882900693395,0.02173044029320211,0.05718813824976203,0.29612046627603417
global_compatible,117,4,0,0,certified_reset,0,1,0.08402450192645386,0.08003062740806732,0.003993874518386541,0.0678958668125712,0.0,0.0,0,0,0.015387358405341153,-0.02993563201178318,-0.0023738706776874193,0.014498343673270239,0.015387358405341153,-0.02993563201178318,0.028776800211786406,0.00041877897596523145,0.05718813824976203,0.29612046627603417
global_compatible,117,5,0,0,certified_reset,0,1,0.08003062740806732,0.07603675288968079,0.003993874518386541,0.06390199229418467,0.0,0.0,0,0,-0.0023738706776874193,0.014498343673270239,0.0038100981523685007,-0.002452241631621905,-0.0023738706776874193,0.014498343673270239,-0.018987310257990414,5.2484565233499756e-05,0.05718813824976203,0.29612046627603417
global_compatible,117,6,0,0,certified_reset,0,1,0.07603675288968079,0.07204287837129425,0.003993874518386541,0.05990811777579813,0.0,0.0,0,0,0.0038100981523685007,-0.002452241631621905,0.000618345047576191,-0.005856902654577126,0.0038100981523685007,-0.002452241631621905,-0.00018189720172726392,1.5600103119056506e-05,0.05718813824976203,0.29612046627603417
global_compatible,117,7,0,0,certified_reset,0,1,0.07204287837129425,0.06804900385290771,0.003993874518386541,0.05591424325741159,0.0,0.0,0,0,0.000618345047576191,-0.005856902654577126,-0.0013691334985438894,-0.0066858935210193145,0.000618345047576191,-0.005856902654577126,0.008008146343334374,8.16020636120316e-06,0.05718813824976203,0.29612046627603417
global_compatible,117,8,0,0,certified_reset,0,1,0.06804900385290771,0.06405512933452118,0.003993874518386541,0.051920368739025044,0.0,0.0,0,0,-0.0013691334985438894,-0.0066858935210193145,-0.0037460399385048563,0.007712992022693689,-0.0013691334985438894,-0.0066858935210193145,0.011210319842766499,1.3062519302656588e-05,0.05718813824976203,0.29612046627603417
global_compatible,117,9,0,0,certified_reset,0,1,0.06405512933452118,0.060061254816134634,0.003993874518386541,0.0479264942206385,0.0,0.0,0,0,-0.0037460399385048563,0.007712992022693689,-0.0021764428131117353,0.004924599230647439,-0.0037460399385048563,0.007712992022693689,-0.007632710693776049,2.6197516303830113e-05,0.05718813824976203,0.29612046627603417
global_compatible,117,10,2,2,certified_reset,0,1,0.060061254816134634,0.05606738029774809,0.003993874518386541,0.04393261970225196,0.0,0.0,0,0,-0.0021764428131117353,0.004924599230647439,-0.04456058261170365,0.046389542289206415,-0.0021764428131117353,0.004924599230647439,-0.005088920337344616,9.749633038590517e-06,0.05718813824976203,0.29612046627603417
global_compatible,117,11,2,2,certified_reset,0,1,0.05606738029774809,0.05207350577936155,0.003993874518386541,0.039938745183865414,0.0,0.0,0,0,-0.04456058261170365,0.046389542289206415,-0.008442842250985606,0.14728740326013642,-0.04456058261170365,0.046389542289206415,-0.023970376221408653,0.0023873681301837344,0.05718813824976203,0.29612046627603417
global_compatible,117,12,2,2,certified_reset,0,1,0.05207350577936155,0.048079631260975,0.003993874518386541,0.03594487066547887,0.0,0.0,0,0,-0.008442842250985606,0.14728740326013642,0.0480095124000459,-0.03720058620560822,-0.008442842250985606,0.14728740326013642,-0.2085613646380476,0.005063571904407671,0.05718813824976203,0.29612046627603417
global_compatible,117,13,0,0,certified_reset,0,1,0.048079631260975,0.04408575674258846,0.003993874518386541,0.03195099614709233,0.0,0.0,0,0,0.0480095124000459,-0.03720058620560822,0.01621369975310779,-0.02902784121330346,0.0480095124000459,-0.03720058620560822,0.006997339460221166,0.0025552364004055605,0.05718813824976203,0.29612046627603417
global_compatible,117,14,0,0,certified_reset,0,1,0.04408575674258846,0.040091882224201916,0.003993874518386541,0.027957121628705783,0.0,0.0,0,0,0.01621369975310779,-0.02902784121330346,0.00334511591071208,0.009319645911961326,0.01621369975310779,-0.02902784121330346,0.026619692312523906,0.00043227006194512026,0.05718813824976203,0.29612046627603417
global_compatible,117,15,0,0,certified_reset,0,1,0.040091882224201916,0.03609800770581537,0.003993874518386541,0.023963247110319243,0.0,0.0,0,0,0.00334511591071208,0.009319645911961326,0.011676879225398364,-0.007583318091059561,0.00334511591071208,0.009319645911961326,-0.017057213442304563,3.4097557702888234e-05,0.05718813824976203,0.29612046627603417
global_compatible,117,16,0,0,certified_reset,0,1,0.03609800770581537,0.03210413318742883,0.003993874518386541,0.019969372591932703,0.0,0.0,0,0,0.011676879225398364,-0.007583318091059561,-0.006341993276010628,-0.0028023923858479785,0.011676879225398364,-0.007583318091059561,-0.00045677667004645424,0.0001467059329563318,0.05718813824976203,0.29612046627603417
global_compatible,117,17,0,0,certified_reset,0,1,0.03210413318742883,0.02811025866904229,0.003993874518386541,0.015975498073546163,0.0,0.0,0,0,-0.006341993276010628,-0.0028023923858479785,-0.005051120983047023,-0.005718807191049824,-0.006341993276010628,-0.0028023923858479785,0.010441655500309,4.4360195507808926e-05,0.05718813824976203,0.29612046627603417
global_compatible,117,18,0,0,certified_reset,0,1,0.02811025866904229,0.02411638415065575,0.003993874518386541,0.011981623555159623,0.0,0.0,0,0,-0.005051120983047023,-0.005718807191049824,-0.013058345332145158,0.015489523248972237,-0.005051120983047023,-0.005718807191049824,0.01345470845216499,3.59264086976095e-05,0.05718813824976203,0.29612046627603417
global_compatible,117,19,0,0,certified_reset,0,1,0.02411638415065575,0.02012250963226921,0.003993874518386541,0.007987749036773082,0.0,0.0,0,0,-0.013058345332145158,0.015489523248972237,-0.0038079220687408538,0.016408084562494835,-0.013058345332145158,0.015489523248972237,-0.009810800655192492,0.00021611323753743662,0.05718813824976203,0.29612046627603417
global_compatible,117,20,0,0,certified_reset,0,1,0.02012250963226921,0.01612863511388267,0.003993874518386541,0.003993874518386541,0.0,0.0,0,0,-0.0038079220687408538,0.016408084562494835,0.005625263442388689,0.0010335090393393323,-0.0038079220687408538,0.016408084562494835,-0.02037867712966273,7.334307554227623e-05,0.05718813824976203,0.29612046627603417
global_compatible,117,21,0,0,certified_reset,0,1,0.01612863511388267,0.01213476059549613,0.003993874518386541,0.0,0.0,0.0,0,0,0.005625263442388689,0.0010335090393393323,0.0076578415823689,0.00570187356852835,0.005625263442388689,0.0010335090393393323,-0.007126846865929332,3.3105652820726116e-05,0.05718813824976203,0.29612046627603417
global_compatible,118,0,0,0,certified_reset,0,1,0.1,0.09600612548161347,0.003993874518386541,0.08387136488611735,0.0,0.0,0,0,-5.4941048841979345,-0.4147062497805126,-5.12825059468951,1.1396254648092508,-5.4941048841979345,-0.4147062497805126,1.5499999999993772,30.276207607816815,0.05718813824976203,0.29612046627603417
global_compatible,118,1,0,0,certified_reset,0,1,0.09600612548161347,0.09201225096322693,0.003993874518386541,0.07987749036773081,0.0,0.0,0,0,-5.12825059468951,1.1396254648092508,-3.204454321172542,2.6992083427553966,-5.12825059468951,1.1396254648092508,1.5499999999999996,26.592790977940815,0.05718813824976203,0.29612046627603417
global_compatible,118,2,0,0,certified_reset,0,1,0.09201225096322693,0.0880183764448404,0.003993874518386541,0.07588361584934428,0.0,0.0,0,0,-3.204454321172542,2.6992083427553966,-1.013719912883411,1.6717075371832326,-3.204454321172542,2.6992083427553966,-1.0266371672836885,11.606307715280645,0.05718813824976203,0.29612046627603417
global_compatible,118,3,0,0,certified_reset,0,1,0.0880183764448404,0.08402450192645386,0.003993874518386541,0.07188974133095774,0.0,0.0,0,0,-1.013719912883411,1.6717075371832326,-0.07054250817151476,0.21189584739968087,-1.013719912883411,1.6717075371832326,-1.4531580238976107,1.5834488640143416,0.05718813824976203,0.29612046627603417
global_compatible,118,4,0,0,certified_reset,0,1,0.08402450192645386,0.08003062740806732,0.003993874518386541,0.0678958668125712,0.0,0.0,0,0,-0.07054250817151476,0.21189584739968087,0.014250266012318338,-0.027310237732639835,-0.07054250817151476,0.21189584739968087,-0.24189888227453368,0.014521095216411137,0.05718813824976203,0.29612046627603417
global_compatible,118,5,0,0,certified_reset,0,1,0.08003062740806732,0.07603675288968079,0.003993874518386541,0.06390199229418467,0.0,0.0,0,0,0.014250266012318338,-0.027310237732639835,-0.011993668670716148,-0.008981081216298151,0.014250266012318338,-0.027310237732639835,0.02604295753305415,0.0003542788076509416,0.05718813824976203,0.29612046627603417
global_compatible,118,6,0,0,certified_reset,0,1,0.07603675288968079,0.07204287837129425,0.003993874518386541,0.05990811777579813,0.0,0.0,0,0,-0.011993668670716148,-0.008981081216298151,-0.004490835113460181,0.024843160485950005,-0.011993668670716148,-0.008981081216298151,0.025171914170043972,0.0001742074873239934,0.05718813824976203,0.29612046627603417
global_compatible,118,7,0,0,certified_reset,0,1,0.07204287837129425,0.06804900385290771,0.003993874518386541,0.05591424325741159,0.0,0.0,0,0,-0.004490835113460181,0.024843160485950005,0.0013028930607816378,-0.0031955984468969743,-0.004490835113460181,0.024843160485950005,-0.032128235479475034,0.00015706606001942205,0.05718813824976203,0.29612046627603417
global_compatible,118,8,0,0,certified_reset,0,1,0.06804900385290771,0.06405512933452118,0.003993874518386541,0.051920368739025044,0.0,0.0,0,0,0.0013028930607816378,-0.0031955984468969743,0.000308902636865804,0.0070259738006570645,0.0013028930607816378,-0.0031955984468969743,0.0034099141859447266,3.826351094806486e-06,0.05718813824976203,0.29612046627603417
global_compatible,118,9,0,0,certified_reset,0,1,0.06405512933452118,0.060061254816134634,0.003993874518386541,0.0479264942206385,0.0,0.0,0,0,0.000308902636865804,0.0070259738006570645,0.00314667292558318,0.012326671973635878,0.000308902636865804,0.0070259738006570645,-0.010656585758975426,1.1820066752576098e-05,0.05718813824976203,0.29612046627603417
global_compatible,118,10,0,0,certified_reset,0,1,0.060061254816134634,0.05606738029774809,0.003993874518386541,0.04393261970225196,0.0,0.0,0,0,0.00314667292558318,0.012326671973635878,0.002283070129936281,-0.014821581829865975,0.00314667292558318,0.012326671973635878,-0.02129090842805772,4.858455159310833e-05,0.05718813824976203,0.29612046627603417
global_compatible,118,11,0,0,certified_reset,0,1,0.05606738029774809,0.05207350577936155,0.003993874518386541,0.039938745183865414,0.0,0.0,0,0,0.002283070129936281,-0.014821581829865975,0.0013777132254041667,-0.008394923473866856,0.002283070129936281,-0.014821581829865975,0.01955966925899767,5.4319197585336106e-05,0.05718813824976203,0.29612046627603417
global_compatible,118,12,0,0,certified_reset,0,1,0.05207350577936155,0.048079631260975,0.003993874518386541,0.03594487066547887,0.0,0.0,0,0,0.0013777132254041667,-0.008394923473866856,-0.0073371275594908214,-0.011956710305076357,0.0013777132254041667,-0.008394923473866856,0.01099832605198562,1.760762635387273e-05,0.05718813824976203,0.29612046627603417
global_compatible,118,13,0,0,certified_reset,0,1,0.048079631260975,0.04408575674258846,0.003993874518386541,0.03195099614709233,0.0,0.0,0,0,-0.0073371275594908214,-0.011956710305076357,-0.014721557396718035,0.007318260903150134,-0.0073371275594908214,-0.011956710305076357,0.02491827572397491,9.508977828815412e-05,0.05718813824976203,0.29612046627603417
global_compatible,118,14,0,0,certified_reset,0,1,0.04408575674258846,0.040091882224201916,0.003993874518386541,0.027957121628705783,0.0,0.0,0,0,-0.014721557396718035,0.007318260903150134,-0.007251074216612711,0.010871347982343516,-0.014721557396718035,0.007318260903150134,0.003880883896271085,0.00022674103335665555,0.05718813824976203,0.29612046627603417
global_compatible,118,15,0,0,certified_reset,0,1,0.040091882224201916,0.03609800770581537,0.003993874518386541,0.023963247110319243,0.0,0.0,0,0,-0.007251074216612711,0.010871347982343516,0.0010462024911601902,0.0023919884141824,-0.007251074216612711,0.010871347982343516,-0.00879305557386705,7.57845402045303e-05,0.05718813824976203,0.29612046627603417
global_compatible,118,16,0,0,certified_reset,0,1,0.03609800770581537,0.03210413318742883,0.003993874518386541,0.019969372591932703,0.0,0.0,0,0,0.0010462024911601902,0.0023919884141824,-0.008355804714307963,-0.004810519543888631,0.0010462024911601902,0.0023919884141824,-0.004561759430482826,2.6446704232946724e-06,0.05718813824976203,0.29612046627603417
global_compatible,118,17,0,0,certified_reset,0,1,0.03210413318742883,0.02811025866904229,0.003993874518386541,0.015975498073546163,0.0,0.0,0,0,-0.008355804714307963,-0.004810519543888631,-0.006205940122446635,0.010292459591018712,-0.008355804714307963,-0.004810519543888631,0.015404521704189546,7.991735233780657e-05,0.05718813824976203,0.29612046627603417
global_compatible,118,18,0,0,certified_reset,0,1,0.02811025866904229,0.02411638415065575,0.003993874518386541,0.011981623555159623,0.0,0.0,0,0,-0.006205940122446635,0.010292459591018712,0.0039595547286753715,-0.015663940609313805,-0.006205940122446635,0.010292459591018712,-0.008983098163593833,5.959934451670758e-05,0.05718813824976203,0.29612046627603417
global_compatible,118,19,0,0,certified_reset,0,1,0.02411638415065575,0.02012250963226921,0.003993874518386541,0.007987749036773082,0.0,0.0,0,0,0.0039595547286753715,-0.015663940609313805,-0.00327077352882209,-0.01502288338613636,0.0039595547286753715,-0.015663940609313805,0.01913168459992455,6.899323391433008e-05,0.05718813824976203,0.29612046627603417
global_compatible,118,20,0,0,certified_reset,0,1,0.02012250963226921,0.01612863511388267,0.003993874518386541,0.003993874518386541,0.0,0.0,0,0,-0.00327077352882209,-0.01502288338613636,-0.0013273490283710991,0.006046040255264326,-0.00327077352882209,-0.01502288338613636,0.025385919753771163,6.743274706248737e-05,0.05718813824976203,0.29612046627603417
global_compatible,118,21,0,0,certified_reset,0,1,0.01612863511388267,0.01213476059549613,0.003993874518386541,0.0,0.0,0.0,0,0,-0.0013273490283710991,0.006046040255264326,0.0015720101721708938,0.0009554558782071112,-0.0013273490283710991,0.006046040255264326,-0.007587750726193223,9.781032968478653e-06,0.05718813824976203,0.29612046627603417
global_compatible,119,0,0,0,certified_reset,0,1,0.1,0.09600612548161347,0.003993874518386541,0.08387136488611735,0.0,0.0,0,0,-3.2580565687137755,0.42193055188796,-2.057924901351795,1.951881955523999,-3.2580565687137755,0.42193055188796,1.55,10.707039675249947,0.05718813824976203,0.29612046627603417
global_compatible,119,1,0,0,certified_reset,0,1,0.09600612548161347,0.09201225096322693,0.003993874518386541,0.07987749036773081,0.0,0.0,0,0,-2.057924901351795,1.951881955523999,-0.5266445572713222,1.1328035648332972,-2.057924901351795,1.951881955523999,-0.8261004078024008,4.937887716992111,0.05718813824976203,0.29612046627603417
global_compatible,119,2,0,0,certified_reset,0,1,0.09201225096322693,0.0880183764448404,0.003993874518386541,0.07588361584934428,0.0,0.0,0,0,-0.5266445572713222,1.1328035648332972,0.035411501988722366,-0.014681588043557599,-0.5266445572713222,1.1328035648332972,-1.1443118930645233,0.5410746373885544,0.05718813824976203,0.29612046627603417
global_compatible,119,3,0,0,certified_reset,0,1,0.0880183764448404,0.08402450192645386,0.003993874518386541,0.07188974133095774,0.0,0.0,0,0,0.035411501988722366,-0.014681588043557599,0.0076149451756775,-0.006866720304272388,0.035411501988722366,-0.014681588043557599,-0.013632689300958324,0.0012974195534832316,0.05718813824976203,0.29612046627603417
global_compatible,119,4,0,0,certified_reset,0,1,0.08402450192645386,0.08003062740806732,0.003993874518386541,0.0678958668125712,0.0,0.0,0,0,0.0076149451756775,-0.006866720304272388,0.004597827338682194,-0.001572861138981437,0.0076149451756775,-0.006866720304272388,0.0025344377092286524,6.663530698380224e-05,0.05718813824976203,0.29612046627603417
global_compatible,119,5,0,0,certified_reset,0,1,0.08003062740806732,0.07603675288968079,0.003993874518386541,0.06390199229418467,0.0,0.0,0,0,0.004597827338682194,-0.001572861138981437,0.0017763762268004012,-0.013410921357698911,0.004597827338682194,-0.001572861138981437,-0.002261716898481038,2.1713200908808487e-05,0.05718813824976203,0.29612046627603417
global_compatible,119,6,0,0,certified_reset,0,1,0.07603675288968079,0.07204287837129425,0.003993874518386541,0.05990811777579813,0.0,0.0,0,0,0.0017763762268004012,-0.013410921357698911,-0.005881075414957247,-0.004539344057097118,0.0017763762268004012,-0.013410921357698911,0.017985547244369716,4.3616016340357273e-05,0.05718813824976203,0.29612046627603417
global_compatible,119,7,0,0,certified_reset,0,1,0.07204287837129425,0.06804900385290771,0.003993874518386541,0.05591424325741159,0.0,0.0,0,0,-0.005881075414957247,-0.004539344057097118,-0.006759268903870281,0.005218007238768462,-0.005881075414957247,-0.004539344057097118,0.012545178396540969,4.2230601565807036e-05,0.05718813824976203,0.29612046627603417
global_compatible,119,8,0,0,certified_reset,0,1,0.06804900385290771,0.06405512933452118,0.003993874518386541,0.051920368739025044,0.0,0.0,0,0,-0.006759268903870281,0.005218007238768462,-0.0038797513936246752,-0.004035666618852294,-0.006759268903870281,0.005218007238768462,-0.0009553916246829995,5.061150336163183e-05,0.05718813824976203,0.29612046627603417
global_compatible,119,9,0,0,certified_reset,0,1,0.06405512933452118,0.060061254816134634,0.003993874518386541,0.0479264942206385,0.0,0.0,0,0,-0.0038797513936246752,-0.004035666618852294,-0.007410371889515642,0.0007769876571110069,-0.0038797513936246752,-0.004035666618852294,0.0098044892682437,2.0387260032143624e-05,0.05718813824976203,0.29612046627603417
global_compatible,119,10,0,0,certified_reset,0,1,0.060061254816134634,0.05606738029774809,0.003993874518386541,0.04393261970225196,0.0,0.0,0,0,-0.007410371889515642,0.0007769876571110069,-0.009751752537052877,-0.001269397675485378,-0.007410371889515642,0.0007769876571110069,0.006227298496045921,5.5991760472369545e-05,0.05718813824976203,0.29612046627603417
global_compatible,119,11,0,0,certified_reset,0,1,0.05606738029774809,0.05207350577936155,0.003993874518386541,0.039938745183865414,0.0,0.0,0,0,-0.009751752537052877,-0.001269397675485378,-0.01128995366087495,0.004321867233603839,-0.009751752537052877,-0.001269397675485378,0.01157932659945615,9.873874433887403e-05,0.05718813824976203,0.29612046627603417
global_compatible,119,12,0,0,certified_reset,0,1,0.05207350577936155,0.048079631260975,0.003993874518386541,0.03594487066547887,0.0,0.0,0,0,-0.01128995366087495,0.004321867233603839,-0.0030731272716565945,0.008899097324316343,-0.01128995366087495,0.004321867233603839,0.0048791438939136565,0.0001314203413424233,0.05718813824976203,0.29612046627603417
global_compatible,119,13,0,0,certified_reset,0,1,0.048079631260975,0.04408575674258846,0.003993874518386541,0.03195099614709233,0.0,0.0,0,0,-0.0030731272716565945,0.008899097324316343,0.0011477032523555344,-0.013693022806953668,-0.0030731272716565945,0.008899097324316343,-0.010047441131083436,2.6222796033641958e-05,0.05718813824976203,0.29612046627603417
global_compatible,119,14,0,0,certified_reset,0,1,0.04408575674258846,0.040091882224201916,0.003993874518386541,0.027957121628705783,0.0,0.0,0,0,0.0011477032523555344,-0.013693022806953668,-0.004382595442819444,0.010596011236066714,0.0011477032523555344,-0.013693022806953668,0.01902837023807915,4.411899184991848e-05,0.05718813824976203,0.29612046627603417
global_compatible,119,15,0,0,certified_reset,0,1,0.040091882224201916,0.03609800770581537,0.003993874518386541,0.023963247110319243,0.0,0.0,0,0,-0.004382595442819444,0.010596011236066714,-0.011559103042389742,-0.0004226866259983024,-0.004382595442819444,0.010596011236066714,-0.01124477994886678,4.2577851458556035e-05,0.05718813824976203,0.29612046627603417
global_compatible,119,16,0,0,certified_reset,0,1,0.03609800770581537,0.03210413318742883,0.003993874518386541,0.019969372591932703,0.0,0.0,0,0,-0.011559103042389742,-0.0004226866259983024,0.0025543145528258556,0.020594882230293383,-0.011559103042389742,-0.0004226866259983024,0.01213444438571292,0.00013732614117541642,0.05718813824976203,0.29612046627603417
global_compatible,119,17,0,0,certified_reset,0,1,0.03210413318742883,0.02811025866904229,0.003993874518386541,0.015975498073546163,0.0,0.0,0,0,0.0025543145528258556,0.020594882230293383,0.005912585426555366,-0.026418290675046807,0.0025543145528258556,0.020594882230293383,-0.03288440596952971,0.00010990597806833673,0.05718813824976203,0.29612046627603417
global_compatible,119,18,0,0,certified_reset,0,1,0.02811025866904229,0.02411638415065575,0.003993874518386541,0.011981623555159623,0.0,0.0,0,0,0.005912585426555366,-0.026418290675046807,-0.004571358078452583,0.010886904367920544,0.005912585426555366,-0.026418290675046807,0.03302929171496004,0.00018785871400054082,0.05718813824976203,0.29612046627603417
global_compatible,119,19,0,0,certified_reset,0,1,0.02411638415065575,0.02012250963226921,0.003993874518386541,0.007987749036773082,0.0,0.0,0,0,-0.004571358078452583,0.010886904367920544,0.00048615020247976275,-0.00556351497425433,-0.004571358078452583,0.010886904367920544,-0.011483054913795632,4.5528272044189376e-05,0.05718813824976203,0.29612046627603417
global_compatible,119,20,0,0,certified_reset,0,1,0.02012250963226921,0.01612863511388267,0.003993874518386541,0.003993874518386541,0.0,0.0,0,0,0.00048615020247976275,-0.00556351497425433,-0.0036438843082517796,-0.01209079309683325,0.00048615020247976275,-0.00556351497425433,0.007711148958193748,7.294373272132817e-06,0.05718813824976203,0.29612046627603417
global_compatible,119,21,0,0,certified_reset,0,1,0.01612863511388267,0.01213476059549613,0.003993874518386541,0.0,0.0,0.0,0,0,-0.0036438843082517796,-0.01209079309683325,-0.006935447644998707,0.006690987973648379,-0.0036438843082517796,-0.01209079309683325,0.02143779379985999,5.108107791493394e-05,0.05718813824976203,0.29612046627603417
